ISO-10303-21;
HEADER;
/* Generated by software containing ST-Developer
 * from STEP Tools, Inc. (www.steptools.com) 
 */

FILE_DESCRIPTION(
/* description */ (''),
/* implementation_level */ '2;1');

FILE_NAME(
/* name */ 'Gehaeuse 1.step',
/* time_stamp */ '2026-10-02T07:36:34+02:00',
/* author */ (''),
/* organization */ (''),
/* preprocessor_version */ 'ST-DEVELOPER v20.2',
/* originating_system */ 'Autodesk Translation Framework v15.15.0.0',
/* authorisation */ '');

FILE_SCHEMA (('AUTOMOTIVE_DESIGN { 1 0 10303 214 3 1 1 }'));
ENDSEC;

DATA;
#10=MECHANICAL_DESIGN_GEOMETRIC_PRESENTATION_REPRESENTATION('',(#13),#10624);
#11=SHAPE_REPRESENTATION_RELATIONSHIP('SRR','None',#10631,#12);
#12=ADVANCED_BREP_SHAPE_REPRESENTATION('',(#14),#10623);
#13=STYLED_ITEM('',(#10640),#14);
#14=MANIFOLD_SOLID_BREP('K\X\F6rper1',#6172);
#15=CONICAL_SURFACE('',#6308,3.6,0.785398163397448);
#16=CONICAL_SURFACE('',#6312,3.6,0.785398163397448);
#17=CONICAL_SURFACE('',#6316,3.6,0.785398163397448);
#18=CONICAL_SURFACE('',#6323,4.25,0.785398163397447);
#19=CONICAL_SURFACE('',#6327,4.25,0.785398163397447);
#20=(
BOUNDED_CURVE()
B_SPLINE_CURVE(2,(#10113,#10114,#10115),.UNSPECIFIED.,.F.,.F.)
B_SPLINE_CURVE_WITH_KNOTS((3,3),(2.33358528284774,2.92279919017602),
 .UNSPECIFIED.)
CURVE()
GEOMETRIC_REPRESENTATION_ITEM()
RATIONAL_B_SPLINE_CURVE((0.999834242456626,0.999832508758792,0.999840467059828))
REPRESENTATION_ITEM('')
);
#21=(
BOUNDED_CURVE()
B_SPLINE_CURVE(2,(#10183,#10184,#10185),.UNSPECIFIED.,.F.,.F.)
B_SPLINE_CURVE_WITH_KNOTS((3,3),(0.51467497499797,0.599073797084199),
 .UNSPECIFIED.)
CURVE()
GEOMETRIC_REPRESENTATION_ITEM()
RATIONAL_B_SPLINE_CURVE((1.,1.,1.))
REPRESENTATION_ITEM('')
);
#22=ELLIPSE('',#6285,5.65685424949237,4.);
#23=ELLIPSE('',#6286,5.65685424949238,4.);
#24=ELLIPSE('',#6291,5.65685424949238,4.);
#25=ELLIPSE('',#6293,5.65685424949237,4.);
#26=ELLIPSE('',#6296,5.65685424949237,4.);
#27=ELLIPSE('',#6297,5.65685424949238,4.);
#28=ELLIPSE('',#6301,5.65685424949237,4.);
#29=ELLIPSE('',#6303,5.65685424949238,4.);
#30=CYLINDRICAL_SURFACE('',#6283,4.);
#31=CYLINDRICAL_SURFACE('',#6290,4.);
#32=CYLINDRICAL_SURFACE('',#6292,4.);
#33=CYLINDRICAL_SURFACE('',#6295,4.);
#34=CYLINDRICAL_SURFACE('',#6302,4.);
#35=CYLINDRICAL_SURFACE('',#6304,4.);
#36=CYLINDRICAL_SURFACE('',#6319,3.1);
#37=CYLINDRICAL_SURFACE('',#6329,3.1);
#38=CYLINDRICAL_SURFACE('',#6332,3.1);
#39=CYLINDRICAL_SURFACE('',#6340,2.1);
#40=CYLINDRICAL_SURFACE('',#6344,2.1);
#41=CYLINDRICAL_SURFACE('',#6350,2.1);
#42=CYLINDRICAL_SURFACE('',#6355,2.1);
#43=CYLINDRICAL_SURFACE('',#6374,2.);
#44=CYLINDRICAL_SURFACE('',#6377,2.);
#45=CYLINDRICAL_SURFACE('',#6380,3.50000000000003);
#46=CYLINDRICAL_SURFACE('',#6384,1.09999999999999);
#47=CYLINDRICAL_SURFACE('',#6394,3.49999999999999);
#48=CYLINDRICAL_SURFACE('',#6397,1.09999999999999);
#49=CYLINDRICAL_SURFACE('',#6405,3.50000000000001);
#50=CYLINDRICAL_SURFACE('',#6407,1.1);
#51=CYLINDRICAL_SURFACE('',#6413,3.5);
#52=CYLINDRICAL_SURFACE('',#6416,1.1);
#53=CYLINDRICAL_SURFACE('',#6422,3.5);
#54=CYLINDRICAL_SURFACE('',#6424,1.1);
#55=CYLINDRICAL_SURFACE('',#6443,1.99999999999999);
#56=CYLINDRICAL_SURFACE('',#6444,2.);
#57=CYLINDRICAL_SURFACE('',#6445,1.99999999999999);
#58=CYLINDRICAL_SURFACE('',#6446,2.);
#59=CYLINDRICAL_SURFACE('',#6448,4.99999999999997);
#60=CYLINDRICAL_SURFACE('',#6449,4.99999999999998);
#61=CYLINDRICAL_SURFACE('',#6452,5.);
#62=CYLINDRICAL_SURFACE('',#6453,4.99999999999995);
#63=CIRCLE('',#6280,5.);
#64=CIRCLE('',#6281,5.);
#65=CIRCLE('',#6284,4.);
#66=CIRCLE('',#6288,4.1);
#67=CIRCLE('',#6289,4.1);
#68=CIRCLE('',#6294,4.);
#69=CIRCLE('',#6298,4.);
#70=CIRCLE('',#6299,4.);
#71=CIRCLE('',#6305,4.);
#72=CIRCLE('',#6306,4.);
#73=CIRCLE('',#6309,3.1);
#74=CIRCLE('',#6313,3.1);
#75=CIRCLE('',#6317,3.1);
#76=CIRCLE('',#6320,3.1);
#77=CIRCLE('',#6324,3.5);
#78=CIRCLE('',#6328,3.5);
#79=CIRCLE('',#6330,3.1);
#80=CIRCLE('',#6333,3.1);
#81=CIRCLE('',#6335,2.1);
#82=CIRCLE('',#6336,2.1);
#83=CIRCLE('',#6337,2.1);
#84=CIRCLE('',#6338,2.1);
#85=CIRCLE('',#6341,2.1);
#86=CIRCLE('',#6342,2.1);
#87=CIRCLE('',#6345,2.1);
#88=CIRCLE('',#6346,2.1);
#89=CIRCLE('',#6348,2.1);
#90=CIRCLE('',#6351,2.1);
#91=CIRCLE('',#6353,2.1);
#92=CIRCLE('',#6356,2.1);
#93=CIRCLE('',#6358,4.99999999999995);
#94=CIRCLE('',#6359,5.);
#95=CIRCLE('',#6360,4.99999999999998);
#96=CIRCLE('',#6361,4.99999999999997);
#97=CIRCLE('',#6362,1.99999999999999);
#98=CIRCLE('',#6363,2.);
#99=CIRCLE('',#6364,1.99999999999999);
#100=CIRCLE('',#6365,2.);
#101=CIRCLE('',#6371,2.);
#102=CIRCLE('',#6372,2.);
#103=CIRCLE('',#6375,2.);
#104=CIRCLE('',#6378,2.);
#105=CIRCLE('',#6381,3.50000000000003);
#106=CIRCLE('',#6382,3.50000000000003);
#107=CIRCLE('',#6385,1.09999999999999);
#108=CIRCLE('',#6386,1.09999999999999);
#109=CIRCLE('',#6390,3.5);
#110=CIRCLE('',#6391,3.49999999999999);
#111=CIRCLE('',#6392,3.50000000000001);
#112=CIRCLE('',#6393,3.5);
#113=CIRCLE('',#6395,3.49999999999999);
#114=CIRCLE('',#6398,1.09999999999999);
#115=CIRCLE('',#6399,1.09999999999999);
#116=CIRCLE('',#6406,3.50000000000001);
#117=CIRCLE('',#6408,1.1);
#118=CIRCLE('',#6409,1.1);
#119=CIRCLE('',#6414,3.5);
#120=CIRCLE('',#6417,1.1);
#121=CIRCLE('',#6418,1.1);
#122=CIRCLE('',#6423,3.5);
#123=CIRCLE('',#6425,1.1);
#124=CIRCLE('',#6426,1.1);
#125=CIRCLE('',#6432,4.99999999999995);
#126=CIRCLE('',#6433,2.);
#127=CIRCLE('',#6435,5.);
#128=CIRCLE('',#6436,1.99999999999999);
#129=CIRCLE('',#6438,4.99999999999998);
#130=CIRCLE('',#6439,1.99999999999999);
#131=CIRCLE('',#6441,4.99999999999997);
#132=CIRCLE('',#6442,2.);
#133=FACE_BOUND('',#723,.T.);
#134=FACE_BOUND('',#724,.T.);
#135=FACE_BOUND('',#789,.T.);
#136=FACE_BOUND('',#838,.T.);
#137=FACE_BOUND('',#879,.T.);
#138=FACE_BOUND('',#885,.T.);
#139=FACE_BOUND('',#886,.T.);
#140=FACE_BOUND('',#887,.T.);
#141=FACE_BOUND('',#888,.T.);
#142=FACE_BOUND('',#889,.T.);
#143=FACE_BOUND('',#890,.T.);
#144=FACE_BOUND('',#901,.T.);
#145=FACE_BOUND('',#902,.T.);
#146=FACE_BOUND('',#903,.T.);
#147=FACE_BOUND('',#904,.T.);
#148=FACE_BOUND('',#905,.T.);
#149=FACE_BOUND('',#906,.T.);
#150=FACE_BOUND('',#926,.T.);
#151=FACE_BOUND('',#927,.T.);
#152=FACE_BOUND('',#939,.T.);
#153=FACE_BOUND('',#940,.T.);
#154=FACE_BOUND('',#941,.T.);
#155=FACE_BOUND('',#942,.T.);
#156=FACE_BOUND('',#948,.T.);
#157=FACE_BOUND('',#958,.T.);
#158=FACE_BOUND('',#960,.T.);
#159=FACE_BOUND('',#967,.T.);
#160=FACE_BOUND('',#975,.T.);
#161=FACE_BOUND('',#981,.T.);
#162=FACE_BOUND('',#988,.T.);
#163=FACE_BOUND('',#992,.T.);
#164=FACE_BOUND('',#994,.T.);
#165=FACE_BOUND('',#996,.T.);
#166=FACE_BOUND('',#998,.T.);
#167=FACE_BOUND('',#1015,.T.);
#168=PLANE('',#6186);
#169=PLANE('',#6187);
#170=PLANE('',#6188);
#171=PLANE('',#6189);
#172=PLANE('',#6190);
#173=PLANE('',#6191);
#174=PLANE('',#6192);
#175=PLANE('',#6193);
#176=PLANE('',#6194);
#177=PLANE('',#6195);
#178=PLANE('',#6196);
#179=PLANE('',#6197);
#180=PLANE('',#6198);
#181=PLANE('',#6199);
#182=PLANE('',#6200);
#183=PLANE('',#6201);
#184=PLANE('',#6202);
#185=PLANE('',#6203);
#186=PLANE('',#6204);
#187=PLANE('',#6205);
#188=PLANE('',#6206);
#189=PLANE('',#6207);
#190=PLANE('',#6208);
#191=PLANE('',#6209);
#192=PLANE('',#6210);
#193=PLANE('',#6211);
#194=PLANE('',#6212);
#195=PLANE('',#6213);
#196=PLANE('',#6214);
#197=PLANE('',#6215);
#198=PLANE('',#6216);
#199=PLANE('',#6217);
#200=PLANE('',#6218);
#201=PLANE('',#6219);
#202=PLANE('',#6220);
#203=PLANE('',#6221);
#204=PLANE('',#6222);
#205=PLANE('',#6223);
#206=PLANE('',#6224);
#207=PLANE('',#6225);
#208=PLANE('',#6226);
#209=PLANE('',#6227);
#210=PLANE('',#6228);
#211=PLANE('',#6229);
#212=PLANE('',#6230);
#213=PLANE('',#6231);
#214=PLANE('',#6232);
#215=PLANE('',#6233);
#216=PLANE('',#6234);
#217=PLANE('',#6235);
#218=PLANE('',#6236);
#219=PLANE('',#6237);
#220=PLANE('',#6238);
#221=PLANE('',#6239);
#222=PLANE('',#6240);
#223=PLANE('',#6241);
#224=PLANE('',#6242);
#225=PLANE('',#6243);
#226=PLANE('',#6244);
#227=PLANE('',#6245);
#228=PLANE('',#6246);
#229=PLANE('',#6247);
#230=PLANE('',#6248);
#231=PLANE('',#6249);
#232=PLANE('',#6250);
#233=PLANE('',#6251);
#234=PLANE('',#6252);
#235=PLANE('',#6253);
#236=PLANE('',#6254);
#237=PLANE('',#6255);
#238=PLANE('',#6256);
#239=PLANE('',#6257);
#240=PLANE('',#6258);
#241=PLANE('',#6259);
#242=PLANE('',#6260);
#243=PLANE('',#6261);
#244=PLANE('',#6262);
#245=PLANE('',#6263);
#246=PLANE('',#6264);
#247=PLANE('',#6265);
#248=PLANE('',#6266);
#249=PLANE('',#6267);
#250=PLANE('',#6268);
#251=PLANE('',#6269);
#252=PLANE('',#6270);
#253=PLANE('',#6271);
#254=PLANE('',#6272);
#255=PLANE('',#6273);
#256=PLANE('',#6274);
#257=PLANE('',#6275);
#258=PLANE('',#6276);
#259=PLANE('',#6277);
#260=PLANE('',#6278);
#261=PLANE('',#6279);
#262=PLANE('',#6282);
#263=PLANE('',#6287);
#264=PLANE('',#6300);
#265=PLANE('',#6307);
#266=PLANE('',#6310);
#267=PLANE('',#6311);
#268=PLANE('',#6314);
#269=PLANE('',#6315);
#270=PLANE('',#6318);
#271=PLANE('',#6321);
#272=PLANE('',#6322);
#273=PLANE('',#6325);
#274=PLANE('',#6326);
#275=PLANE('',#6331);
#276=PLANE('',#6334);
#277=PLANE('',#6339);
#278=PLANE('',#6343);
#279=PLANE('',#6347);
#280=PLANE('',#6349);
#281=PLANE('',#6352);
#282=PLANE('',#6354);
#283=PLANE('',#6357);
#284=PLANE('',#6366);
#285=PLANE('',#6367);
#286=PLANE('',#6368);
#287=PLANE('',#6369);
#288=PLANE('',#6370);
#289=PLANE('',#6373);
#290=PLANE('',#6376);
#291=PLANE('',#6379);
#292=PLANE('',#6383);
#293=PLANE('',#6387);
#294=PLANE('',#6388);
#295=PLANE('',#6389);
#296=PLANE('',#6396);
#297=PLANE('',#6400);
#298=PLANE('',#6401);
#299=PLANE('',#6402);
#300=PLANE('',#6403);
#301=PLANE('',#6404);
#302=PLANE('',#6410);
#303=PLANE('',#6411);
#304=PLANE('',#6412);
#305=PLANE('',#6415);
#306=PLANE('',#6419);
#307=PLANE('',#6420);
#308=PLANE('',#6421);
#309=PLANE('',#6427);
#310=PLANE('',#6428);
#311=PLANE('',#6429);
#312=PLANE('',#6430);
#313=PLANE('',#6431);
#314=PLANE('',#6434);
#315=PLANE('',#6437);
#316=PLANE('',#6440);
#317=PLANE('',#6447);
#318=PLANE('',#6450);
#319=PLANE('',#6451);
#320=PLANE('',#6454);
#321=PLANE('',#6455);
#322=PLANE('',#6456);
#323=PLANE('',#6457);
#324=PLANE('',#6458);
#325=FACE_OUTER_BOUND('',#653,.T.);
#326=FACE_OUTER_BOUND('',#654,.T.);
#327=FACE_OUTER_BOUND('',#655,.T.);
#328=FACE_OUTER_BOUND('',#656,.T.);
#329=FACE_OUTER_BOUND('',#657,.T.);
#330=FACE_OUTER_BOUND('',#658,.T.);
#331=FACE_OUTER_BOUND('',#659,.T.);
#332=FACE_OUTER_BOUND('',#660,.T.);
#333=FACE_OUTER_BOUND('',#661,.T.);
#334=FACE_OUTER_BOUND('',#662,.T.);
#335=FACE_OUTER_BOUND('',#663,.T.);
#336=FACE_OUTER_BOUND('',#664,.T.);
#337=FACE_OUTER_BOUND('',#665,.T.);
#338=FACE_OUTER_BOUND('',#666,.T.);
#339=FACE_OUTER_BOUND('',#667,.T.);
#340=FACE_OUTER_BOUND('',#668,.T.);
#341=FACE_OUTER_BOUND('',#669,.T.);
#342=FACE_OUTER_BOUND('',#670,.T.);
#343=FACE_OUTER_BOUND('',#671,.T.);
#344=FACE_OUTER_BOUND('',#672,.T.);
#345=FACE_OUTER_BOUND('',#673,.T.);
#346=FACE_OUTER_BOUND('',#674,.T.);
#347=FACE_OUTER_BOUND('',#675,.T.);
#348=FACE_OUTER_BOUND('',#676,.T.);
#349=FACE_OUTER_BOUND('',#677,.T.);
#350=FACE_OUTER_BOUND('',#678,.T.);
#351=FACE_OUTER_BOUND('',#679,.T.);
#352=FACE_OUTER_BOUND('',#680,.T.);
#353=FACE_OUTER_BOUND('',#681,.T.);
#354=FACE_OUTER_BOUND('',#682,.T.);
#355=FACE_OUTER_BOUND('',#683,.T.);
#356=FACE_OUTER_BOUND('',#684,.T.);
#357=FACE_OUTER_BOUND('',#685,.T.);
#358=FACE_OUTER_BOUND('',#686,.T.);
#359=FACE_OUTER_BOUND('',#687,.T.);
#360=FACE_OUTER_BOUND('',#688,.T.);
#361=FACE_OUTER_BOUND('',#689,.T.);
#362=FACE_OUTER_BOUND('',#690,.T.);
#363=FACE_OUTER_BOUND('',#691,.T.);
#364=FACE_OUTER_BOUND('',#692,.T.);
#365=FACE_OUTER_BOUND('',#693,.T.);
#366=FACE_OUTER_BOUND('',#694,.T.);
#367=FACE_OUTER_BOUND('',#695,.T.);
#368=FACE_OUTER_BOUND('',#696,.T.);
#369=FACE_OUTER_BOUND('',#697,.T.);
#370=FACE_OUTER_BOUND('',#698,.T.);
#371=FACE_OUTER_BOUND('',#699,.T.);
#372=FACE_OUTER_BOUND('',#700,.T.);
#373=FACE_OUTER_BOUND('',#701,.T.);
#374=FACE_OUTER_BOUND('',#702,.T.);
#375=FACE_OUTER_BOUND('',#703,.T.);
#376=FACE_OUTER_BOUND('',#704,.T.);
#377=FACE_OUTER_BOUND('',#705,.T.);
#378=FACE_OUTER_BOUND('',#706,.T.);
#379=FACE_OUTER_BOUND('',#707,.T.);
#380=FACE_OUTER_BOUND('',#708,.T.);
#381=FACE_OUTER_BOUND('',#709,.T.);
#382=FACE_OUTER_BOUND('',#710,.T.);
#383=FACE_OUTER_BOUND('',#711,.T.);
#384=FACE_OUTER_BOUND('',#712,.T.);
#385=FACE_OUTER_BOUND('',#713,.T.);
#386=FACE_OUTER_BOUND('',#714,.T.);
#387=FACE_OUTER_BOUND('',#715,.T.);
#388=FACE_OUTER_BOUND('',#716,.T.);
#389=FACE_OUTER_BOUND('',#717,.T.);
#390=FACE_OUTER_BOUND('',#718,.T.);
#391=FACE_OUTER_BOUND('',#719,.T.);
#392=FACE_OUTER_BOUND('',#720,.T.);
#393=FACE_OUTER_BOUND('',#721,.T.);
#394=FACE_OUTER_BOUND('',#722,.T.);
#395=FACE_OUTER_BOUND('',#725,.T.);
#396=FACE_OUTER_BOUND('',#726,.T.);
#397=FACE_OUTER_BOUND('',#727,.T.);
#398=FACE_OUTER_BOUND('',#728,.T.);
#399=FACE_OUTER_BOUND('',#729,.T.);
#400=FACE_OUTER_BOUND('',#730,.T.);
#401=FACE_OUTER_BOUND('',#731,.T.);
#402=FACE_OUTER_BOUND('',#732,.T.);
#403=FACE_OUTER_BOUND('',#733,.T.);
#404=FACE_OUTER_BOUND('',#734,.T.);
#405=FACE_OUTER_BOUND('',#735,.T.);
#406=FACE_OUTER_BOUND('',#736,.T.);
#407=FACE_OUTER_BOUND('',#737,.T.);
#408=FACE_OUTER_BOUND('',#738,.T.);
#409=FACE_OUTER_BOUND('',#739,.T.);
#410=FACE_OUTER_BOUND('',#740,.T.);
#411=FACE_OUTER_BOUND('',#741,.T.);
#412=FACE_OUTER_BOUND('',#742,.T.);
#413=FACE_OUTER_BOUND('',#743,.T.);
#414=FACE_OUTER_BOUND('',#744,.T.);
#415=FACE_OUTER_BOUND('',#745,.T.);
#416=FACE_OUTER_BOUND('',#746,.T.);
#417=FACE_OUTER_BOUND('',#747,.T.);
#418=FACE_OUTER_BOUND('',#748,.T.);
#419=FACE_OUTER_BOUND('',#749,.T.);
#420=FACE_OUTER_BOUND('',#750,.T.);
#421=FACE_OUTER_BOUND('',#751,.T.);
#422=FACE_OUTER_BOUND('',#752,.T.);
#423=FACE_OUTER_BOUND('',#753,.T.);
#424=FACE_OUTER_BOUND('',#754,.T.);
#425=FACE_OUTER_BOUND('',#755,.T.);
#426=FACE_OUTER_BOUND('',#756,.T.);
#427=FACE_OUTER_BOUND('',#757,.T.);
#428=FACE_OUTER_BOUND('',#758,.T.);
#429=FACE_OUTER_BOUND('',#759,.T.);
#430=FACE_OUTER_BOUND('',#760,.T.);
#431=FACE_OUTER_BOUND('',#761,.T.);
#432=FACE_OUTER_BOUND('',#762,.T.);
#433=FACE_OUTER_BOUND('',#763,.T.);
#434=FACE_OUTER_BOUND('',#764,.T.);
#435=FACE_OUTER_BOUND('',#765,.T.);
#436=FACE_OUTER_BOUND('',#766,.T.);
#437=FACE_OUTER_BOUND('',#767,.T.);
#438=FACE_OUTER_BOUND('',#768,.T.);
#439=FACE_OUTER_BOUND('',#769,.T.);
#440=FACE_OUTER_BOUND('',#770,.T.);
#441=FACE_OUTER_BOUND('',#771,.T.);
#442=FACE_OUTER_BOUND('',#772,.T.);
#443=FACE_OUTER_BOUND('',#773,.T.);
#444=FACE_OUTER_BOUND('',#774,.T.);
#445=FACE_OUTER_BOUND('',#775,.T.);
#446=FACE_OUTER_BOUND('',#776,.T.);
#447=FACE_OUTER_BOUND('',#777,.T.);
#448=FACE_OUTER_BOUND('',#778,.T.);
#449=FACE_OUTER_BOUND('',#779,.T.);
#450=FACE_OUTER_BOUND('',#780,.T.);
#451=FACE_OUTER_BOUND('',#781,.T.);
#452=FACE_OUTER_BOUND('',#782,.T.);
#453=FACE_OUTER_BOUND('',#783,.T.);
#454=FACE_OUTER_BOUND('',#784,.T.);
#455=FACE_OUTER_BOUND('',#785,.T.);
#456=FACE_OUTER_BOUND('',#786,.T.);
#457=FACE_OUTER_BOUND('',#787,.T.);
#458=FACE_OUTER_BOUND('',#788,.T.);
#459=FACE_OUTER_BOUND('',#790,.T.);
#460=FACE_OUTER_BOUND('',#791,.T.);
#461=FACE_OUTER_BOUND('',#792,.T.);
#462=FACE_OUTER_BOUND('',#793,.T.);
#463=FACE_OUTER_BOUND('',#794,.T.);
#464=FACE_OUTER_BOUND('',#795,.T.);
#465=FACE_OUTER_BOUND('',#796,.T.);
#466=FACE_OUTER_BOUND('',#797,.T.);
#467=FACE_OUTER_BOUND('',#798,.T.);
#468=FACE_OUTER_BOUND('',#799,.T.);
#469=FACE_OUTER_BOUND('',#800,.T.);
#470=FACE_OUTER_BOUND('',#801,.T.);
#471=FACE_OUTER_BOUND('',#802,.T.);
#472=FACE_OUTER_BOUND('',#803,.T.);
#473=FACE_OUTER_BOUND('',#804,.T.);
#474=FACE_OUTER_BOUND('',#805,.T.);
#475=FACE_OUTER_BOUND('',#806,.T.);
#476=FACE_OUTER_BOUND('',#807,.T.);
#477=FACE_OUTER_BOUND('',#808,.T.);
#478=FACE_OUTER_BOUND('',#809,.T.);
#479=FACE_OUTER_BOUND('',#810,.T.);
#480=FACE_OUTER_BOUND('',#811,.T.);
#481=FACE_OUTER_BOUND('',#812,.T.);
#482=FACE_OUTER_BOUND('',#813,.T.);
#483=FACE_OUTER_BOUND('',#814,.T.);
#484=FACE_OUTER_BOUND('',#815,.T.);
#485=FACE_OUTER_BOUND('',#816,.T.);
#486=FACE_OUTER_BOUND('',#817,.T.);
#487=FACE_OUTER_BOUND('',#818,.T.);
#488=FACE_OUTER_BOUND('',#819,.T.);
#489=FACE_OUTER_BOUND('',#820,.T.);
#490=FACE_OUTER_BOUND('',#821,.T.);
#491=FACE_OUTER_BOUND('',#822,.T.);
#492=FACE_OUTER_BOUND('',#823,.T.);
#493=FACE_OUTER_BOUND('',#824,.T.);
#494=FACE_OUTER_BOUND('',#825,.T.);
#495=FACE_OUTER_BOUND('',#826,.T.);
#496=FACE_OUTER_BOUND('',#827,.T.);
#497=FACE_OUTER_BOUND('',#828,.T.);
#498=FACE_OUTER_BOUND('',#829,.T.);
#499=FACE_OUTER_BOUND('',#830,.T.);
#500=FACE_OUTER_BOUND('',#831,.T.);
#501=FACE_OUTER_BOUND('',#832,.T.);
#502=FACE_OUTER_BOUND('',#833,.T.);
#503=FACE_OUTER_BOUND('',#834,.T.);
#504=FACE_OUTER_BOUND('',#835,.T.);
#505=FACE_OUTER_BOUND('',#836,.T.);
#506=FACE_OUTER_BOUND('',#837,.T.);
#507=FACE_OUTER_BOUND('',#839,.T.);
#508=FACE_OUTER_BOUND('',#840,.T.);
#509=FACE_OUTER_BOUND('',#841,.T.);
#510=FACE_OUTER_BOUND('',#842,.T.);
#511=FACE_OUTER_BOUND('',#843,.T.);
#512=FACE_OUTER_BOUND('',#844,.T.);
#513=FACE_OUTER_BOUND('',#845,.T.);
#514=FACE_OUTER_BOUND('',#846,.T.);
#515=FACE_OUTER_BOUND('',#847,.T.);
#516=FACE_OUTER_BOUND('',#848,.T.);
#517=FACE_OUTER_BOUND('',#849,.T.);
#518=FACE_OUTER_BOUND('',#850,.T.);
#519=FACE_OUTER_BOUND('',#851,.T.);
#520=FACE_OUTER_BOUND('',#852,.T.);
#521=FACE_OUTER_BOUND('',#853,.T.);
#522=FACE_OUTER_BOUND('',#854,.T.);
#523=FACE_OUTER_BOUND('',#855,.T.);
#524=FACE_OUTER_BOUND('',#856,.T.);
#525=FACE_OUTER_BOUND('',#857,.T.);
#526=FACE_OUTER_BOUND('',#858,.T.);
#527=FACE_OUTER_BOUND('',#859,.T.);
#528=FACE_OUTER_BOUND('',#860,.T.);
#529=FACE_OUTER_BOUND('',#861,.T.);
#530=FACE_OUTER_BOUND('',#862,.T.);
#531=FACE_OUTER_BOUND('',#863,.T.);
#532=FACE_OUTER_BOUND('',#864,.T.);
#533=FACE_OUTER_BOUND('',#865,.T.);
#534=FACE_OUTER_BOUND('',#866,.T.);
#535=FACE_OUTER_BOUND('',#867,.T.);
#536=FACE_OUTER_BOUND('',#868,.T.);
#537=FACE_OUTER_BOUND('',#869,.T.);
#538=FACE_OUTER_BOUND('',#870,.T.);
#539=FACE_OUTER_BOUND('',#871,.T.);
#540=FACE_OUTER_BOUND('',#872,.T.);
#541=FACE_OUTER_BOUND('',#873,.T.);
#542=FACE_OUTER_BOUND('',#874,.T.);
#543=FACE_OUTER_BOUND('',#875,.T.);
#544=FACE_OUTER_BOUND('',#876,.T.);
#545=FACE_OUTER_BOUND('',#877,.T.);
#546=FACE_OUTER_BOUND('',#878,.T.);
#547=FACE_OUTER_BOUND('',#880,.T.);
#548=FACE_OUTER_BOUND('',#881,.T.);
#549=FACE_OUTER_BOUND('',#882,.T.);
#550=FACE_OUTER_BOUND('',#883,.T.);
#551=FACE_OUTER_BOUND('',#884,.T.);
#552=FACE_OUTER_BOUND('',#891,.T.);
#553=FACE_OUTER_BOUND('',#892,.T.);
#554=FACE_OUTER_BOUND('',#893,.T.);
#555=FACE_OUTER_BOUND('',#894,.T.);
#556=FACE_OUTER_BOUND('',#895,.T.);
#557=FACE_OUTER_BOUND('',#896,.T.);
#558=FACE_OUTER_BOUND('',#897,.T.);
#559=FACE_OUTER_BOUND('',#898,.T.);
#560=FACE_OUTER_BOUND('',#899,.T.);
#561=FACE_OUTER_BOUND('',#900,.T.);
#562=FACE_OUTER_BOUND('',#907,.T.);
#563=FACE_OUTER_BOUND('',#908,.T.);
#564=FACE_OUTER_BOUND('',#909,.T.);
#565=FACE_OUTER_BOUND('',#910,.T.);
#566=FACE_OUTER_BOUND('',#911,.T.);
#567=FACE_OUTER_BOUND('',#912,.T.);
#568=FACE_OUTER_BOUND('',#913,.T.);
#569=FACE_OUTER_BOUND('',#914,.T.);
#570=FACE_OUTER_BOUND('',#915,.T.);
#571=FACE_OUTER_BOUND('',#916,.T.);
#572=FACE_OUTER_BOUND('',#917,.T.);
#573=FACE_OUTER_BOUND('',#918,.T.);
#574=FACE_OUTER_BOUND('',#919,.T.);
#575=FACE_OUTER_BOUND('',#920,.T.);
#576=FACE_OUTER_BOUND('',#921,.T.);
#577=FACE_OUTER_BOUND('',#922,.T.);
#578=FACE_OUTER_BOUND('',#923,.T.);
#579=FACE_OUTER_BOUND('',#924,.T.);
#580=FACE_OUTER_BOUND('',#925,.T.);
#581=FACE_OUTER_BOUND('',#928,.T.);
#582=FACE_OUTER_BOUND('',#929,.T.);
#583=FACE_OUTER_BOUND('',#930,.T.);
#584=FACE_OUTER_BOUND('',#931,.T.);
#585=FACE_OUTER_BOUND('',#932,.T.);
#586=FACE_OUTER_BOUND('',#933,.T.);
#587=FACE_OUTER_BOUND('',#934,.T.);
#588=FACE_OUTER_BOUND('',#935,.T.);
#589=FACE_OUTER_BOUND('',#936,.T.);
#590=FACE_OUTER_BOUND('',#937,.T.);
#591=FACE_OUTER_BOUND('',#938,.T.);
#592=FACE_OUTER_BOUND('',#943,.T.);
#593=FACE_OUTER_BOUND('',#944,.T.);
#594=FACE_OUTER_BOUND('',#945,.T.);
#595=FACE_OUTER_BOUND('',#946,.T.);
#596=FACE_OUTER_BOUND('',#947,.T.);
#597=FACE_OUTER_BOUND('',#949,.T.);
#598=FACE_OUTER_BOUND('',#950,.T.);
#599=FACE_OUTER_BOUND('',#951,.T.);
#600=FACE_OUTER_BOUND('',#952,.T.);
#601=FACE_OUTER_BOUND('',#953,.T.);
#602=FACE_OUTER_BOUND('',#954,.T.);
#603=FACE_OUTER_BOUND('',#955,.T.);
#604=FACE_OUTER_BOUND('',#956,.T.);
#605=FACE_OUTER_BOUND('',#957,.T.);
#606=FACE_OUTER_BOUND('',#959,.T.);
#607=FACE_OUTER_BOUND('',#961,.T.);
#608=FACE_OUTER_BOUND('',#962,.T.);
#609=FACE_OUTER_BOUND('',#963,.T.);
#610=FACE_OUTER_BOUND('',#964,.T.);
#611=FACE_OUTER_BOUND('',#965,.T.);
#612=FACE_OUTER_BOUND('',#966,.T.);
#613=FACE_OUTER_BOUND('',#968,.T.);
#614=FACE_OUTER_BOUND('',#969,.T.);
#615=FACE_OUTER_BOUND('',#970,.T.);
#616=FACE_OUTER_BOUND('',#971,.T.);
#617=FACE_OUTER_BOUND('',#972,.T.);
#618=FACE_OUTER_BOUND('',#973,.T.);
#619=FACE_OUTER_BOUND('',#974,.T.);
#620=FACE_OUTER_BOUND('',#976,.T.);
#621=FACE_OUTER_BOUND('',#977,.T.);
#622=FACE_OUTER_BOUND('',#978,.T.);
#623=FACE_OUTER_BOUND('',#979,.T.);
#624=FACE_OUTER_BOUND('',#980,.T.);
#625=FACE_OUTER_BOUND('',#982,.T.);
#626=FACE_OUTER_BOUND('',#983,.T.);
#627=FACE_OUTER_BOUND('',#984,.T.);
#628=FACE_OUTER_BOUND('',#985,.T.);
#629=FACE_OUTER_BOUND('',#986,.T.);
#630=FACE_OUTER_BOUND('',#987,.T.);
#631=FACE_OUTER_BOUND('',#989,.T.);
#632=FACE_OUTER_BOUND('',#990,.T.);
#633=FACE_OUTER_BOUND('',#991,.T.);
#634=FACE_OUTER_BOUND('',#993,.T.);
#635=FACE_OUTER_BOUND('',#995,.T.);
#636=FACE_OUTER_BOUND('',#997,.T.);
#637=FACE_OUTER_BOUND('',#999,.T.);
#638=FACE_OUTER_BOUND('',#1000,.T.);
#639=FACE_OUTER_BOUND('',#1001,.T.);
#640=FACE_OUTER_BOUND('',#1002,.T.);
#641=FACE_OUTER_BOUND('',#1003,.T.);
#642=FACE_OUTER_BOUND('',#1004,.T.);
#643=FACE_OUTER_BOUND('',#1005,.T.);
#644=FACE_OUTER_BOUND('',#1006,.T.);
#645=FACE_OUTER_BOUND('',#1007,.T.);
#646=FACE_OUTER_BOUND('',#1008,.T.);
#647=FACE_OUTER_BOUND('',#1009,.T.);
#648=FACE_OUTER_BOUND('',#1010,.T.);
#649=FACE_OUTER_BOUND('',#1011,.T.);
#650=FACE_OUTER_BOUND('',#1012,.T.);
#651=FACE_OUTER_BOUND('',#1013,.T.);
#652=FACE_OUTER_BOUND('',#1014,.T.);
#653=EDGE_LOOP('',(#3901,#3902,#3903,#3904));
#654=EDGE_LOOP('',(#3905,#3906,#3907,#3908));
#655=EDGE_LOOP('',(#3909,#3910,#3911,#3912));
#656=EDGE_LOOP('',(#3913,#3914,#3915,#3916));
#657=EDGE_LOOP('',(#3917,#3918,#3919,#3920));
#658=EDGE_LOOP('',(#3921,#3922,#3923,#3924));
#659=EDGE_LOOP('',(#3925,#3926,#3927,#3928));
#660=EDGE_LOOP('',(#3929,#3930,#3931,#3932));
#661=EDGE_LOOP('',(#3933,#3934,#3935,#3936));
#662=EDGE_LOOP('',(#3937,#3938,#3939,#3940));
#663=EDGE_LOOP('',(#3941,#3942,#3943,#3944));
#664=EDGE_LOOP('',(#3945,#3946,#3947,#3948));
#665=EDGE_LOOP('',(#3949,#3950,#3951,#3952));
#666=EDGE_LOOP('',(#3953,#3954,#3955,#3956));
#667=EDGE_LOOP('',(#3957,#3958,#3959,#3960));
#668=EDGE_LOOP('',(#3961,#3962,#3963,#3964));
#669=EDGE_LOOP('',(#3965,#3966,#3967,#3968));
#670=EDGE_LOOP('',(#3969,#3970,#3971,#3972));
#671=EDGE_LOOP('',(#3973,#3974,#3975,#3976));
#672=EDGE_LOOP('',(#3977,#3978,#3979,#3980));
#673=EDGE_LOOP('',(#3981,#3982,#3983,#3984));
#674=EDGE_LOOP('',(#3985,#3986,#3987,#3988));
#675=EDGE_LOOP('',(#3989,#3990,#3991,#3992));
#676=EDGE_LOOP('',(#3993,#3994,#3995,#3996));
#677=EDGE_LOOP('',(#3997,#3998,#3999,#4000));
#678=EDGE_LOOP('',(#4001,#4002,#4003,#4004));
#679=EDGE_LOOP('',(#4005,#4006,#4007,#4008));
#680=EDGE_LOOP('',(#4009,#4010,#4011,#4012));
#681=EDGE_LOOP('',(#4013,#4014,#4015,#4016));
#682=EDGE_LOOP('',(#4017,#4018,#4019,#4020));
#683=EDGE_LOOP('',(#4021,#4022,#4023,#4024));
#684=EDGE_LOOP('',(#4025,#4026,#4027,#4028));
#685=EDGE_LOOP('',(#4029,#4030,#4031,#4032));
#686=EDGE_LOOP('',(#4033,#4034,#4035,#4036));
#687=EDGE_LOOP('',(#4037,#4038,#4039,#4040));
#688=EDGE_LOOP('',(#4041,#4042,#4043,#4044,#4045,#4046,#4047,#4048,#4049,
#4050,#4051,#4052,#4053,#4054,#4055,#4056,#4057,#4058,#4059,#4060,#4061,
#4062,#4063,#4064,#4065,#4066,#4067,#4068,#4069,#4070,#4071,#4072,#4073,
#4074,#4075));
#689=EDGE_LOOP('',(#4076,#4077,#4078,#4079));
#690=EDGE_LOOP('',(#4080,#4081,#4082,#4083));
#691=EDGE_LOOP('',(#4084,#4085,#4086,#4087));
#692=EDGE_LOOP('',(#4088,#4089,#4090,#4091));
#693=EDGE_LOOP('',(#4092,#4093,#4094,#4095));
#694=EDGE_LOOP('',(#4096,#4097,#4098,#4099));
#695=EDGE_LOOP('',(#4100,#4101,#4102,#4103));
#696=EDGE_LOOP('',(#4104,#4105,#4106,#4107));
#697=EDGE_LOOP('',(#4108,#4109,#4110,#4111));
#698=EDGE_LOOP('',(#4112,#4113,#4114,#4115));
#699=EDGE_LOOP('',(#4116,#4117,#4118,#4119));
#700=EDGE_LOOP('',(#4120,#4121,#4122,#4123));
#701=EDGE_LOOP('',(#4124,#4125,#4126,#4127));
#702=EDGE_LOOP('',(#4128,#4129,#4130,#4131));
#703=EDGE_LOOP('',(#4132,#4133,#4134,#4135));
#704=EDGE_LOOP('',(#4136,#4137,#4138,#4139));
#705=EDGE_LOOP('',(#4140,#4141,#4142,#4143));
#706=EDGE_LOOP('',(#4144,#4145,#4146,#4147));
#707=EDGE_LOOP('',(#4148,#4149,#4150,#4151));
#708=EDGE_LOOP('',(#4152,#4153,#4154,#4155));
#709=EDGE_LOOP('',(#4156,#4157,#4158,#4159));
#710=EDGE_LOOP('',(#4160,#4161,#4162,#4163));
#711=EDGE_LOOP('',(#4164,#4165,#4166,#4167));
#712=EDGE_LOOP('',(#4168,#4169,#4170,#4171));
#713=EDGE_LOOP('',(#4172,#4173,#4174,#4175));
#714=EDGE_LOOP('',(#4176,#4177,#4178,#4179));
#715=EDGE_LOOP('',(#4180,#4181,#4182,#4183));
#716=EDGE_LOOP('',(#4184,#4185,#4186,#4187));
#717=EDGE_LOOP('',(#4188,#4189,#4190,#4191));
#718=EDGE_LOOP('',(#4192,#4193,#4194,#4195));
#719=EDGE_LOOP('',(#4196,#4197,#4198,#4199));
#720=EDGE_LOOP('',(#4200,#4201,#4202,#4203));
#721=EDGE_LOOP('',(#4204,#4205,#4206,#4207));
#722=EDGE_LOOP('',(#4208,#4209,#4210,#4211,#4212,#4213,#4214,#4215,#4216,
#4217,#4218,#4219,#4220,#4221));
#723=EDGE_LOOP('',(#4222,#4223,#4224,#4225,#4226,#4227,#4228,#4229,#4230,
#4231));
#724=EDGE_LOOP('',(#4232,#4233,#4234,#4235,#4236,#4237,#4238,#4239,#4240));
#725=EDGE_LOOP('',(#4241,#4242,#4243,#4244));
#726=EDGE_LOOP('',(#4245,#4246,#4247,#4248));
#727=EDGE_LOOP('',(#4249,#4250,#4251,#4252));
#728=EDGE_LOOP('',(#4253,#4254,#4255,#4256));
#729=EDGE_LOOP('',(#4257,#4258,#4259,#4260));
#730=EDGE_LOOP('',(#4261,#4262,#4263,#4264));
#731=EDGE_LOOP('',(#4265,#4266,#4267,#4268));
#732=EDGE_LOOP('',(#4269,#4270,#4271,#4272));
#733=EDGE_LOOP('',(#4273,#4274,#4275,#4276));
#734=EDGE_LOOP('',(#4277,#4278,#4279,#4280));
#735=EDGE_LOOP('',(#4281,#4282,#4283,#4284));
#736=EDGE_LOOP('',(#4285,#4286,#4287,#4288));
#737=EDGE_LOOP('',(#4289,#4290,#4291,#4292));
#738=EDGE_LOOP('',(#4293,#4294,#4295,#4296));
#739=EDGE_LOOP('',(#4297,#4298,#4299,#4300));
#740=EDGE_LOOP('',(#4301,#4302,#4303,#4304,#4305,#4306,#4307,#4308,#4309,
#4310));
#741=EDGE_LOOP('',(#4311,#4312,#4313,#4314));
#742=EDGE_LOOP('',(#4315,#4316,#4317,#4318));
#743=EDGE_LOOP('',(#4319,#4320,#4321,#4322));
#744=EDGE_LOOP('',(#4323,#4324,#4325,#4326));
#745=EDGE_LOOP('',(#4327,#4328,#4329,#4330));
#746=EDGE_LOOP('',(#4331,#4332,#4333,#4334));
#747=EDGE_LOOP('',(#4335,#4336,#4337,#4338));
#748=EDGE_LOOP('',(#4339,#4340,#4341,#4342));
#749=EDGE_LOOP('',(#4343,#4344,#4345,#4346));
#750=EDGE_LOOP('',(#4347,#4348,#4349,#4350));
#751=EDGE_LOOP('',(#4351,#4352,#4353,#4354));
#752=EDGE_LOOP('',(#4355,#4356,#4357,#4358));
#753=EDGE_LOOP('',(#4359,#4360,#4361,#4362));
#754=EDGE_LOOP('',(#4363,#4364,#4365,#4366));
#755=EDGE_LOOP('',(#4367,#4368,#4369,#4370));
#756=EDGE_LOOP('',(#4371,#4372,#4373,#4374));
#757=EDGE_LOOP('',(#4375,#4376,#4377,#4378));
#758=EDGE_LOOP('',(#4379,#4380,#4381,#4382,#4383,#4384,#4385,#4386,#4387,
#4388,#4389,#4390,#4391,#4392,#4393,#4394,#4395));
#759=EDGE_LOOP('',(#4396,#4397,#4398,#4399,#4400,#4401,#4402,#4403,#4404,
#4405));
#760=EDGE_LOOP('',(#4406,#4407,#4408,#4409,#4410,#4411,#4412,#4413,#4414));
#761=EDGE_LOOP('',(#4415,#4416,#4417,#4418));
#762=EDGE_LOOP('',(#4419,#4420,#4421,#4422));
#763=EDGE_LOOP('',(#4423,#4424,#4425,#4426));
#764=EDGE_LOOP('',(#4427,#4428,#4429,#4430));
#765=EDGE_LOOP('',(#4431,#4432,#4433,#4434));
#766=EDGE_LOOP('',(#4435,#4436,#4437,#4438));
#767=EDGE_LOOP('',(#4439,#4440,#4441,#4442));
#768=EDGE_LOOP('',(#4443,#4444,#4445,#4446));
#769=EDGE_LOOP('',(#4447,#4448,#4449,#4450));
#770=EDGE_LOOP('',(#4451,#4452,#4453,#4454));
#771=EDGE_LOOP('',(#4455,#4456,#4457,#4458));
#772=EDGE_LOOP('',(#4459,#4460,#4461,#4462));
#773=EDGE_LOOP('',(#4463,#4464,#4465,#4466));
#774=EDGE_LOOP('',(#4467,#4468,#4469,#4470));
#775=EDGE_LOOP('',(#4471,#4472,#4473,#4474));
#776=EDGE_LOOP('',(#4475,#4476,#4477,#4478));
#777=EDGE_LOOP('',(#4479,#4480,#4481,#4482));
#778=EDGE_LOOP('',(#4483,#4484,#4485,#4486));
#779=EDGE_LOOP('',(#4487,#4488,#4489,#4490));
#780=EDGE_LOOP('',(#4491,#4492,#4493,#4494));
#781=EDGE_LOOP('',(#4495,#4496,#4497,#4498));
#782=EDGE_LOOP('',(#4499,#4500,#4501,#4502));
#783=EDGE_LOOP('',(#4503,#4504,#4505,#4506));
#784=EDGE_LOOP('',(#4507,#4508,#4509,#4510));
#785=EDGE_LOOP('',(#4511,#4512,#4513,#4514));
#786=EDGE_LOOP('',(#4515,#4516,#4517,#4518));
#787=EDGE_LOOP('',(#4519,#4520,#4521,#4522));
#788=EDGE_LOOP('',(#4523,#4524,#4525,#4526,#4527,#4528,#4529,#4530,#4531,
#4532,#4533,#4534,#4535,#4536,#4537,#4538,#4539,#4540,#4541));
#789=EDGE_LOOP('',(#4542,#4543,#4544,#4545,#4546,#4547,#4548,#4549));
#790=EDGE_LOOP('',(#4550,#4551,#4552,#4553));
#791=EDGE_LOOP('',(#4554,#4555,#4556,#4557));
#792=EDGE_LOOP('',(#4558,#4559,#4560,#4561));
#793=EDGE_LOOP('',(#4562,#4563,#4564,#4565));
#794=EDGE_LOOP('',(#4566,#4567,#4568,#4569));
#795=EDGE_LOOP('',(#4570,#4571,#4572,#4573));
#796=EDGE_LOOP('',(#4574,#4575,#4576,#4577));
#797=EDGE_LOOP('',(#4578,#4579,#4580,#4581));
#798=EDGE_LOOP('',(#4582,#4583,#4584,#4585));
#799=EDGE_LOOP('',(#4586,#4587,#4588,#4589));
#800=EDGE_LOOP('',(#4590,#4591,#4592,#4593));
#801=EDGE_LOOP('',(#4594,#4595,#4596,#4597));
#802=EDGE_LOOP('',(#4598,#4599,#4600,#4601));
#803=EDGE_LOOP('',(#4602,#4603,#4604,#4605));
#804=EDGE_LOOP('',(#4606,#4607,#4608,#4609,#4610,#4611,#4612,#4613,#4614,
#4615,#4616,#4617,#4618,#4619));
#805=EDGE_LOOP('',(#4620,#4621,#4622,#4623));
#806=EDGE_LOOP('',(#4624,#4625,#4626,#4627));
#807=EDGE_LOOP('',(#4628,#4629,#4630,#4631));
#808=EDGE_LOOP('',(#4632,#4633,#4634,#4635));
#809=EDGE_LOOP('',(#4636,#4637,#4638,#4639));
#810=EDGE_LOOP('',(#4640,#4641,#4642,#4643));
#811=EDGE_LOOP('',(#4644,#4645,#4646,#4647));
#812=EDGE_LOOP('',(#4648,#4649,#4650,#4651));
#813=EDGE_LOOP('',(#4652,#4653,#4654,#4655));
#814=EDGE_LOOP('',(#4656,#4657,#4658,#4659));
#815=EDGE_LOOP('',(#4660,#4661,#4662,#4663));
#816=EDGE_LOOP('',(#4664,#4665,#4666,#4667,#4668,#4669,#4670,#4671,#4672,
#4673,#4674));
#817=EDGE_LOOP('',(#4675,#4676,#4677,#4678));
#818=EDGE_LOOP('',(#4679,#4680,#4681,#4682));
#819=EDGE_LOOP('',(#4683,#4684,#4685,#4686));
#820=EDGE_LOOP('',(#4687,#4688,#4689,#4690));
#821=EDGE_LOOP('',(#4691,#4692,#4693,#4694));
#822=EDGE_LOOP('',(#4695,#4696,#4697,#4698));
#823=EDGE_LOOP('',(#4699,#4700,#4701,#4702));
#824=EDGE_LOOP('',(#4703,#4704,#4705,#4706));
#825=EDGE_LOOP('',(#4707,#4708,#4709,#4710));
#826=EDGE_LOOP('',(#4711,#4712,#4713,#4714));
#827=EDGE_LOOP('',(#4715,#4716,#4717,#4718));
#828=EDGE_LOOP('',(#4719,#4720,#4721,#4722));
#829=EDGE_LOOP('',(#4723,#4724,#4725,#4726));
#830=EDGE_LOOP('',(#4727,#4728,#4729,#4730));
#831=EDGE_LOOP('',(#4731,#4732,#4733,#4734));
#832=EDGE_LOOP('',(#4735,#4736,#4737,#4738));
#833=EDGE_LOOP('',(#4739,#4740,#4741,#4742));
#834=EDGE_LOOP('',(#4743,#4744,#4745,#4746));
#835=EDGE_LOOP('',(#4747,#4748,#4749,#4750));
#836=EDGE_LOOP('',(#4751,#4752,#4753,#4754));
#837=EDGE_LOOP('',(#4755,#4756,#4757,#4758,#4759,#4760,#4761,#4762,#4763,
#4764,#4765));
#838=EDGE_LOOP('',(#4766,#4767,#4768,#4769,#4770,#4771,#4772,#4773,#4774));
#839=EDGE_LOOP('',(#4775,#4776,#4777,#4778));
#840=EDGE_LOOP('',(#4779,#4780,#4781,#4782));
#841=EDGE_LOOP('',(#4783,#4784,#4785,#4786));
#842=EDGE_LOOP('',(#4787,#4788,#4789,#4790));
#843=EDGE_LOOP('',(#4791,#4792,#4793,#4794));
#844=EDGE_LOOP('',(#4795,#4796,#4797,#4798));
#845=EDGE_LOOP('',(#4799,#4800,#4801,#4802));
#846=EDGE_LOOP('',(#4803,#4804,#4805,#4806));
#847=EDGE_LOOP('',(#4807,#4808,#4809,#4810));
#848=EDGE_LOOP('',(#4811,#4812,#4813,#4814));
#849=EDGE_LOOP('',(#4815,#4816,#4817,#4818));
#850=EDGE_LOOP('',(#4819,#4820,#4821,#4822));
#851=EDGE_LOOP('',(#4823,#4824,#4825,#4826));
#852=EDGE_LOOP('',(#4827,#4828,#4829,#4830));
#853=EDGE_LOOP('',(#4831,#4832,#4833,#4834));
#854=EDGE_LOOP('',(#4835,#4836,#4837,#4838));
#855=EDGE_LOOP('',(#4839,#4840,#4841,#4842));
#856=EDGE_LOOP('',(#4843,#4844,#4845,#4846));
#857=EDGE_LOOP('',(#4847,#4848,#4849,#4850));
#858=EDGE_LOOP('',(#4851,#4852,#4853,#4854,#4855,#4856,#4857,#4858,#4859,
#4860,#4861,#4862,#4863,#4864,#4865,#4866,#4867,#4868,#4869));
#859=EDGE_LOOP('',(#4870,#4871,#4872,#4873));
#860=EDGE_LOOP('',(#4874,#4875,#4876,#4877));
#861=EDGE_LOOP('',(#4878,#4879,#4880,#4881));
#862=EDGE_LOOP('',(#4882,#4883,#4884,#4885));
#863=EDGE_LOOP('',(#4886,#4887,#4888,#4889));
#864=EDGE_LOOP('',(#4890,#4891,#4892,#4893));
#865=EDGE_LOOP('',(#4894,#4895,#4896,#4897));
#866=EDGE_LOOP('',(#4898,#4899,#4900,#4901));
#867=EDGE_LOOP('',(#4902,#4903,#4904,#4905));
#868=EDGE_LOOP('',(#4906,#4907,#4908,#4909));
#869=EDGE_LOOP('',(#4910,#4911,#4912,#4913));
#870=EDGE_LOOP('',(#4914,#4915,#4916,#4917));
#871=EDGE_LOOP('',(#4918,#4919,#4920,#4921));
#872=EDGE_LOOP('',(#4922,#4923,#4924,#4925));
#873=EDGE_LOOP('',(#4926,#4927,#4928,#4929));
#874=EDGE_LOOP('',(#4930,#4931,#4932,#4933));
#875=EDGE_LOOP('',(#4934,#4935,#4936,#4937));
#876=EDGE_LOOP('',(#4938,#4939,#4940,#4941));
#877=EDGE_LOOP('',(#4942,#4943,#4944,#4945));
#878=EDGE_LOOP('',(#4946,#4947,#4948,#4949,#4950,#4951,#4952,#4953,#4954,
#4955,#4956));
#879=EDGE_LOOP('',(#4957,#4958,#4959,#4960,#4961,#4962,#4963,#4964));
#880=EDGE_LOOP('',(#4965,#4966,#4967,#4968,#4969,#4970,#4971,#4972));
#881=EDGE_LOOP('',(#4973,#4974,#4975,#4976,#4977,#4978,#4979,#4980,#4981));
#882=EDGE_LOOP('',(#4982,#4983,#4984,#4985,#4986,#4987,#4988,#4989));
#883=EDGE_LOOP('',(#4990,#4991,#4992,#4993));
#884=EDGE_LOOP('',(#4994,#4995,#4996,#4997,#4998,#4999,#5000,#5001));
#885=EDGE_LOOP('',(#5002,#5003,#5004,#5005));
#886=EDGE_LOOP('',(#5006,#5007,#5008,#5009,#5010,#5011,#5012,#5013,#5014,
#5015,#5016,#5017,#5018,#5019,#5020,#5021,#5022));
#887=EDGE_LOOP('',(#5023,#5024,#5025,#5026,#5027,#5028,#5029,#5030,#5031,
#5032));
#888=EDGE_LOOP('',(#5033,#5034,#5035,#5036));
#889=EDGE_LOOP('',(#5037,#5038,#5039,#5040,#5041,#5042,#5043,#5044,#5045,
#5046,#5047,#5048,#5049,#5050));
#890=EDGE_LOOP('',(#5051,#5052,#5053,#5054,#5055,#5056,#5057,#5058,#5059,
#5060,#5061,#5062,#5063,#5064,#5065,#5066,#5067,#5068,#5069,#5070,#5071,
#5072,#5073,#5074,#5075,#5076,#5077,#5078,#5079,#5080,#5081,#5082,#5083,
#5084,#5085));
#891=EDGE_LOOP('',(#5086,#5087,#5088,#5089));
#892=EDGE_LOOP('',(#5090,#5091,#5092,#5093,#5094));
#893=EDGE_LOOP('',(#5095,#5096,#5097,#5098,#5099,#5100,#5101,#5102));
#894=EDGE_LOOP('',(#5103,#5104,#5105,#5106,#5107,#5108,#5109,#5110,#5111,
#5112,#5113));
#895=EDGE_LOOP('',(#5114,#5115,#5116,#5117,#5118));
#896=EDGE_LOOP('',(#5119,#5120,#5121,#5122,#5123,#5124,#5125));
#897=EDGE_LOOP('',(#5126,#5127,#5128,#5129,#5130,#5131));
#898=EDGE_LOOP('',(#5132,#5133,#5134,#5135));
#899=EDGE_LOOP('',(#5136,#5137,#5138,#5139,#5140,#5141,#5142));
#900=EDGE_LOOP('',(#5143,#5144,#5145,#5146,#5147,#5148,#5149,#5150));
#901=EDGE_LOOP('',(#5151,#5152,#5153,#5154,#5155,#5156,#5157,#5158,#5159,
#5160,#5161));
#902=EDGE_LOOP('',(#5162,#5163,#5164,#5165,#5166,#5167,#5168,#5169,#5170,
#5171,#5172,#5173,#5174,#5175,#5176,#5177,#5178,#5179,#5180));
#903=EDGE_LOOP('',(#5181,#5182,#5183,#5184,#5185,#5186,#5187,#5188,#5189,
#5190,#5191));
#904=EDGE_LOOP('',(#5192,#5193,#5194,#5195,#5196,#5197,#5198,#5199,#5200,
#5201,#5202));
#905=EDGE_LOOP('',(#5203,#5204,#5205,#5206,#5207,#5208,#5209,#5210,#5211,
#5212,#5213,#5214,#5215,#5216));
#906=EDGE_LOOP('',(#5217,#5218,#5219,#5220,#5221,#5222,#5223,#5224,#5225,
#5226,#5227,#5228,#5229,#5230,#5231,#5232,#5233,#5234,#5235));
#907=EDGE_LOOP('',(#5236,#5237,#5238,#5239,#5240));
#908=EDGE_LOOP('',(#5241,#5242,#5243,#5244));
#909=EDGE_LOOP('',(#5245,#5246,#5247,#5248,#5249));
#910=EDGE_LOOP('',(#5250,#5251,#5252,#5253,#5254));
#911=EDGE_LOOP('',(#5255,#5256,#5257,#5258));
#912=EDGE_LOOP('',(#5259,#5260,#5261,#5262));
#913=EDGE_LOOP('',(#5263,#5264,#5265,#5266,#5267));
#914=EDGE_LOOP('',(#5268,#5269,#5270,#5271));
#915=EDGE_LOOP('',(#5272,#5273,#5274,#5275));
#916=EDGE_LOOP('',(#5276,#5277,#5278,#5279));
#917=EDGE_LOOP('',(#5280,#5281,#5282,#5283));
#918=EDGE_LOOP('',(#5284,#5285,#5286,#5287));
#919=EDGE_LOOP('',(#5288,#5289,#5290,#5291));
#920=EDGE_LOOP('',(#5292,#5293,#5294,#5295));
#921=EDGE_LOOP('',(#5296,#5297,#5298,#5299));
#922=EDGE_LOOP('',(#5300,#5301,#5302,#5303));
#923=EDGE_LOOP('',(#5304,#5305,#5306,#5307));
#924=EDGE_LOOP('',(#5308,#5309,#5310,#5311));
#925=EDGE_LOOP('',(#5312,#5313,#5314,#5315,#5316,#5317,#5318));
#926=EDGE_LOOP('',(#5319,#5320,#5321,#5322));
#927=EDGE_LOOP('',(#5323,#5324,#5325,#5326));
#928=EDGE_LOOP('',(#5327,#5328,#5329,#5330));
#929=EDGE_LOOP('',(#5331,#5332,#5333,#5334,#5335));
#930=EDGE_LOOP('',(#5336,#5337,#5338,#5339));
#931=EDGE_LOOP('',(#5340,#5341,#5342,#5343,#5344));
#932=EDGE_LOOP('',(#5345,#5346,#5347,#5348));
#933=EDGE_LOOP('',(#5349,#5350,#5351,#5352));
#934=EDGE_LOOP('',(#5353,#5354,#5355,#5356,#5357));
#935=EDGE_LOOP('',(#5358,#5359,#5360,#5361));
#936=EDGE_LOOP('',(#5362,#5363,#5364,#5365));
#937=EDGE_LOOP('',(#5366,#5367,#5368,#5369,#5370));
#938=EDGE_LOOP('',(#5371,#5372,#5373,#5374,#5375,#5376,#5377,#5378,#5379,
#5380,#5381,#5382,#5383,#5384,#5385,#5386));
#939=EDGE_LOOP('',(#5387));
#940=EDGE_LOOP('',(#5388));
#941=EDGE_LOOP('',(#5389));
#942=EDGE_LOOP('',(#5390));
#943=EDGE_LOOP('',(#5391,#5392,#5393,#5394));
#944=EDGE_LOOP('',(#5395,#5396,#5397,#5398,#5399,#5400,#5401,#5402,#5403,
#5404,#5405,#5406));
#945=EDGE_LOOP('',(#5407,#5408,#5409,#5410,#5411,#5412,#5413,#5414));
#946=EDGE_LOOP('',(#5415,#5416,#5417,#5418,#5419,#5420));
#947=EDGE_LOOP('',(#5421,#5422,#5423,#5424));
#948=EDGE_LOOP('',(#5425,#5426,#5427,#5428));
#949=EDGE_LOOP('',(#5429,#5430,#5431,#5432));
#950=EDGE_LOOP('',(#5433,#5434,#5435,#5436));
#951=EDGE_LOOP('',(#5437,#5438,#5439,#5440));
#952=EDGE_LOOP('',(#5441,#5442,#5443,#5444));
#953=EDGE_LOOP('',(#5445,#5446,#5447,#5448));
#954=EDGE_LOOP('',(#5449,#5450,#5451,#5452));
#955=EDGE_LOOP('',(#5453,#5454,#5455,#5456));
#956=EDGE_LOOP('',(#5457,#5458,#5459,#5460));
#957=EDGE_LOOP('',(#5461,#5462,#5463,#5464,#5465));
#958=EDGE_LOOP('',(#5466));
#959=EDGE_LOOP('',(#5467,#5468,#5469,#5470,#5471,#5472,#5473,#5474));
#960=EDGE_LOOP('',(#5475,#5476,#5477,#5478));
#961=EDGE_LOOP('',(#5479,#5480,#5481,#5482,#5483,#5484,#5485,#5486,#5487,
#5488,#5489,#5490,#5491,#5492,#5493,#5494,#5495,#5496,#5497,#5498,#5499,
#5500,#5501,#5502));
#962=EDGE_LOOP('',(#5503,#5504,#5505,#5506));
#963=EDGE_LOOP('',(#5507,#5508,#5509,#5510));
#964=EDGE_LOOP('',(#5511,#5512,#5513,#5514));
#965=EDGE_LOOP('',(#5515,#5516,#5517,#5518));
#966=EDGE_LOOP('',(#5519,#5520,#5521,#5522,#5523));
#967=EDGE_LOOP('',(#5524));
#968=EDGE_LOOP('',(#5525,#5526,#5527,#5528,#5529,#5530,#5531,#5532,#5533));
#969=EDGE_LOOP('',(#5534));
#970=EDGE_LOOP('',(#5535,#5536,#5537,#5538));
#971=EDGE_LOOP('',(#5539,#5540,#5541,#5542));
#972=EDGE_LOOP('',(#5543,#5544,#5545,#5546));
#973=EDGE_LOOP('',(#5547,#5548,#5549,#5550));
#974=EDGE_LOOP('',(#5551,#5552,#5553,#5554));
#975=EDGE_LOOP('',(#5555));
#976=EDGE_LOOP('',(#5556));
#977=EDGE_LOOP('',(#5557,#5558,#5559,#5560));
#978=EDGE_LOOP('',(#5561,#5562,#5563,#5564));
#979=EDGE_LOOP('',(#5565,#5566,#5567,#5568));
#980=EDGE_LOOP('',(#5569,#5570,#5571,#5572,#5573));
#981=EDGE_LOOP('',(#5574));
#982=EDGE_LOOP('',(#5575));
#983=EDGE_LOOP('',(#5576,#5577,#5578,#5579));
#984=EDGE_LOOP('',(#5580,#5581,#5582,#5583));
#985=EDGE_LOOP('',(#5584,#5585,#5586,#5587));
#986=EDGE_LOOP('',(#5588,#5589,#5590,#5591,#5592,#5593));
#987=EDGE_LOOP('',(#5594,#5595,#5596,#5597,#5598));
#988=EDGE_LOOP('',(#5599));
#989=EDGE_LOOP('',(#5600));
#990=EDGE_LOOP('',(#5601));
#991=EDGE_LOOP('',(#5602,#5603,#5604,#5605,#5606));
#992=EDGE_LOOP('',(#5607));
#993=EDGE_LOOP('',(#5608,#5609,#5610,#5611));
#994=EDGE_LOOP('',(#5612));
#995=EDGE_LOOP('',(#5613,#5614,#5615,#5616));
#996=EDGE_LOOP('',(#5617));
#997=EDGE_LOOP('',(#5618,#5619,#5620,#5621,#5622));
#998=EDGE_LOOP('',(#5623));
#999=EDGE_LOOP('',(#5624,#5625,#5626,#5627));
#1000=EDGE_LOOP('',(#5628,#5629,#5630,#5631));
#1001=EDGE_LOOP('',(#5632,#5633,#5634,#5635));
#1002=EDGE_LOOP('',(#5636,#5637,#5638,#5639));
#1003=EDGE_LOOP('',(#5640,#5641,#5642,#5643));
#1004=EDGE_LOOP('',(#5644,#5645,#5646,#5647));
#1005=EDGE_LOOP('',(#5648,#5649,#5650,#5651));
#1006=EDGE_LOOP('',(#5652,#5653,#5654,#5655));
#1007=EDGE_LOOP('',(#5656,#5657,#5658,#5659));
#1008=EDGE_LOOP('',(#5660,#5661,#5662,#5663));
#1009=EDGE_LOOP('',(#5664,#5665,#5666,#5667));
#1010=EDGE_LOOP('',(#5668,#5669,#5670,#5671));
#1011=EDGE_LOOP('',(#5672,#5673,#5674,#5675,#5676,#5677,#5678,#5679,#5680,
#5681,#5682,#5683,#5684));
#1012=EDGE_LOOP('',(#5685,#5686,#5687,#5688,#5689,#5690,#5691,#5692,#5693));
#1013=EDGE_LOOP('',(#5694,#5695,#5696,#5697,#5698,#5699,#5700,#5701,#5702));
#1014=EDGE_LOOP('',(#5703,#5704,#5705,#5706));
#1015=EDGE_LOOP('',(#5707,#5708,#5709,#5710));
#1016=LINE('',#7575,#1571);
#1017=LINE('',#7580,#1572);
#1018=LINE('',#7592,#1573);
#1019=LINE('',#7607,#1574);
#1020=LINE('',#7622,#1575);
#1021=LINE('',#7637,#1576);
#1022=LINE('',#7652,#1577);
#1023=LINE('',#7667,#1578);
#1024=LINE('',#7682,#1579);
#1025=LINE('',#7697,#1580);
#1026=LINE('',#7712,#1581);
#1027=LINE('',#7727,#1582);
#1028=LINE('',#7742,#1583);
#1029=LINE('',#7757,#1584);
#1030=LINE('',#7772,#1585);
#1031=LINE('',#7778,#1586);
#1032=LINE('',#7780,#1587);
#1033=LINE('',#7781,#1588);
#1034=LINE('',#7793,#1589);
#1035=LINE('',#7808,#1590);
#1036=LINE('',#7823,#1591);
#1037=LINE('',#7838,#1592);
#1038=LINE('',#7853,#1593);
#1039=LINE('',#7868,#1594);
#1040=LINE('',#7883,#1595);
#1041=LINE('',#7898,#1596);
#1042=LINE('',#7913,#1597);
#1043=LINE('',#7928,#1598);
#1044=LINE('',#7943,#1599);
#1045=LINE('',#7958,#1600);
#1046=LINE('',#7973,#1601);
#1047=LINE('',#7988,#1602);
#1048=LINE('',#8003,#1603);
#1049=LINE('',#8018,#1604);
#1050=LINE('',#8033,#1605);
#1051=LINE('',#8048,#1606);
#1052=LINE('',#8054,#1607);
#1053=LINE('',#8056,#1608);
#1054=LINE('',#8057,#1609);
#1055=LINE('',#8074,#1610);
#1056=LINE('',#8076,#1611);
#1057=LINE('',#8078,#1612);
#1058=LINE('',#8079,#1613);
#1059=LINE('',#8091,#1614);
#1060=LINE('',#8106,#1615);
#1061=LINE('',#8121,#1616);
#1062=LINE('',#8136,#1617);
#1063=LINE('',#8151,#1618);
#1064=LINE('',#8166,#1619);
#1065=LINE('',#8172,#1620);
#1066=LINE('',#8174,#1621);
#1067=LINE('',#8175,#1622);
#1068=LINE('',#8177,#1623);
#1069=LINE('',#8178,#1624);
#1070=LINE('',#8182,#1625);
#1071=LINE('',#8184,#1626);
#1072=LINE('',#8186,#1627);
#1073=LINE('',#8187,#1628);
#1074=LINE('',#8199,#1629);
#1075=LINE('',#8214,#1630);
#1076=LINE('',#8229,#1631);
#1077=LINE('',#8244,#1632);
#1078=LINE('',#8259,#1633);
#1079=LINE('',#8274,#1634);
#1080=LINE('',#8289,#1635);
#1081=LINE('',#8295,#1636);
#1082=LINE('',#8297,#1637);
#1083=LINE('',#8298,#1638);
#1084=LINE('',#8300,#1639);
#1085=LINE('',#8301,#1640);
#1086=LINE('',#8314,#1641);
#1087=LINE('',#8319,#1642);
#1088=LINE('',#8331,#1643);
#1089=LINE('',#8346,#1644);
#1090=LINE('',#8361,#1645);
#1091=LINE('',#8376,#1646);
#1092=LINE('',#8391,#1647);
#1093=LINE('',#8406,#1648);
#1094=LINE('',#8421,#1649);
#1095=LINE('',#8436,#1650);
#1096=LINE('',#8451,#1651);
#1097=LINE('',#8466,#1652);
#1098=LINE('',#8472,#1653);
#1099=LINE('',#8474,#1654);
#1100=LINE('',#8475,#1655);
#1101=LINE('',#8478,#1656);
#1102=LINE('',#8480,#1657);
#1103=LINE('',#8481,#1658);
#1104=LINE('',#8483,#1659);
#1105=LINE('',#8484,#1660);
#1106=LINE('',#8489,#1661);
#1107=LINE('',#8491,#1662);
#1108=LINE('',#8493,#1663);
#1109=LINE('',#8494,#1664);
#1110=LINE('',#8497,#1665);
#1111=LINE('',#8499,#1666);
#1112=LINE('',#8500,#1667);
#1113=LINE('',#8503,#1668);
#1114=LINE('',#8505,#1669);
#1115=LINE('',#8506,#1670);
#1116=LINE('',#8508,#1671);
#1117=LINE('',#8509,#1672);
#1118=LINE('',#8514,#1673);
#1119=LINE('',#8516,#1674);
#1120=LINE('',#8518,#1675);
#1121=LINE('',#8519,#1676);
#1122=LINE('',#8522,#1677);
#1123=LINE('',#8524,#1678);
#1124=LINE('',#8525,#1679);
#1125=LINE('',#8528,#1680);
#1126=LINE('',#8530,#1681);
#1127=LINE('',#8531,#1682);
#1128=LINE('',#8534,#1683);
#1129=LINE('',#8536,#1684);
#1130=LINE('',#8537,#1685);
#1131=LINE('',#8540,#1686);
#1132=LINE('',#8542,#1687);
#1133=LINE('',#8543,#1688);
#1134=LINE('',#8546,#1689);
#1135=LINE('',#8548,#1690);
#1136=LINE('',#8549,#1691);
#1137=LINE('',#8552,#1692);
#1138=LINE('',#8554,#1693);
#1139=LINE('',#8555,#1694);
#1140=LINE('',#8558,#1695);
#1141=LINE('',#8560,#1696);
#1142=LINE('',#8561,#1697);
#1143=LINE('',#8564,#1698);
#1144=LINE('',#8566,#1699);
#1145=LINE('',#8567,#1700);
#1146=LINE('',#8569,#1701);
#1147=LINE('',#8570,#1702);
#1148=LINE('',#8584,#1703);
#1149=LINE('',#8589,#1704);
#1150=LINE('',#8601,#1705);
#1151=LINE('',#8616,#1706);
#1152=LINE('',#8631,#1707);
#1153=LINE('',#8646,#1708);
#1154=LINE('',#8652,#1709);
#1155=LINE('',#8654,#1710);
#1156=LINE('',#8655,#1711);
#1157=LINE('',#8658,#1712);
#1158=LINE('',#8660,#1713);
#1159=LINE('',#8661,#1714);
#1160=LINE('',#8664,#1715);
#1161=LINE('',#8666,#1716);
#1162=LINE('',#8667,#1717);
#1163=LINE('',#8679,#1718);
#1164=LINE('',#8694,#1719);
#1165=LINE('',#8709,#1720);
#1166=LINE('',#8724,#1721);
#1167=LINE('',#8739,#1722);
#1168=LINE('',#8754,#1723);
#1169=LINE('',#8760,#1724);
#1170=LINE('',#8762,#1725);
#1171=LINE('',#8763,#1726);
#1172=LINE('',#8766,#1727);
#1173=LINE('',#8768,#1728);
#1174=LINE('',#8769,#1729);
#1175=LINE('',#8771,#1730);
#1176=LINE('',#8772,#1731);
#1177=LINE('',#8779,#1732);
#1178=LINE('',#8781,#1733);
#1179=LINE('',#8783,#1734);
#1180=LINE('',#8784,#1735);
#1181=LINE('',#8796,#1736);
#1182=LINE('',#8811,#1737);
#1183=LINE('',#8826,#1738);
#1184=LINE('',#8841,#1739);
#1185=LINE('',#8856,#1740);
#1186=LINE('',#8862,#1741);
#1187=LINE('',#8864,#1742);
#1188=LINE('',#8865,#1743);
#1189=LINE('',#8867,#1744);
#1190=LINE('',#8868,#1745);
#1191=LINE('',#8872,#1746);
#1192=LINE('',#8874,#1747);
#1193=LINE('',#8876,#1748);
#1194=LINE('',#8877,#1749);
#1195=LINE('',#8880,#1750);
#1196=LINE('',#8882,#1751);
#1197=LINE('',#8883,#1752);
#1198=LINE('',#8895,#1753);
#1199=LINE('',#8910,#1754);
#1200=LINE('',#8925,#1755);
#1201=LINE('',#8940,#1756);
#1202=LINE('',#8946,#1757);
#1203=LINE('',#8948,#1758);
#1204=LINE('',#8949,#1759);
#1205=LINE('',#8952,#1760);
#1206=LINE('',#8954,#1761);
#1207=LINE('',#8955,#1762);
#1208=LINE('',#8958,#1763);
#1209=LINE('',#8960,#1764);
#1210=LINE('',#8961,#1765);
#1211=LINE('',#8973,#1766);
#1212=LINE('',#8988,#1767);
#1213=LINE('',#9003,#1768);
#1214=LINE('',#9018,#1769);
#1215=LINE('',#9033,#1770);
#1216=LINE('',#9048,#1771);
#1217=LINE('',#9063,#1772);
#1218=LINE('',#9069,#1773);
#1219=LINE('',#9071,#1774);
#1220=LINE('',#9072,#1775);
#1221=LINE('',#9075,#1776);
#1222=LINE('',#9077,#1777);
#1223=LINE('',#9078,#1778);
#1224=LINE('',#9080,#1779);
#1225=LINE('',#9081,#1780);
#1226=LINE('',#9095,#1781);
#1227=LINE('',#9100,#1782);
#1228=LINE('',#9112,#1783);
#1229=LINE('',#9127,#1784);
#1230=LINE('',#9142,#1785);
#1231=LINE('',#9148,#1786);
#1232=LINE('',#9150,#1787);
#1233=LINE('',#9151,#1788);
#1234=LINE('',#9154,#1789);
#1235=LINE('',#9156,#1790);
#1236=LINE('',#9157,#1791);
#1237=LINE('',#9160,#1792);
#1238=LINE('',#9162,#1793);
#1239=LINE('',#9163,#1794);
#1240=LINE('',#9175,#1795);
#1241=LINE('',#9190,#1796);
#1242=LINE('',#9205,#1797);
#1243=LINE('',#9220,#1798);
#1244=LINE('',#9235,#1799);
#1245=LINE('',#9241,#1800);
#1246=LINE('',#9243,#1801);
#1247=LINE('',#9244,#1802);
#1248=LINE('',#9261,#1803);
#1249=LINE('',#9263,#1804);
#1250=LINE('',#9265,#1805);
#1251=LINE('',#9266,#1806);
#1252=LINE('',#9269,#1807);
#1253=LINE('',#9271,#1808);
#1254=LINE('',#9272,#1809);
#1255=LINE('',#9275,#1810);
#1256=LINE('',#9277,#1811);
#1257=LINE('',#9278,#1812);
#1258=LINE('',#9281,#1813);
#1259=LINE('',#9283,#1814);
#1260=LINE('',#9284,#1815);
#1261=LINE('',#9296,#1816);
#1262=LINE('',#9311,#1817);
#1263=LINE('',#9317,#1818);
#1264=LINE('',#9319,#1819);
#1265=LINE('',#9320,#1820);
#1266=LINE('',#9323,#1821);
#1267=LINE('',#9325,#1822);
#1268=LINE('',#9326,#1823);
#1269=LINE('',#9329,#1824);
#1270=LINE('',#9331,#1825);
#1271=LINE('',#9332,#1826);
#1272=LINE('',#9335,#1827);
#1273=LINE('',#9337,#1828);
#1274=LINE('',#9338,#1829);
#1275=LINE('',#9340,#1830);
#1276=LINE('',#9341,#1831);
#1277=LINE('',#9355,#1832);
#1278=LINE('',#9360,#1833);
#1279=LINE('',#9372,#1834);
#1280=LINE('',#9387,#1835);
#1281=LINE('',#9402,#1836);
#1282=LINE('',#9417,#1837);
#1283=LINE('',#9432,#1838);
#1284=LINE('',#9447,#1839);
#1285=LINE('',#9462,#1840);
#1286=LINE('',#9490,#1841);
#1287=LINE('',#9495,#1842);
#1288=LINE('',#9507,#1843);
#1289=LINE('',#9522,#1844);
#1290=LINE('',#9537,#1845);
#1291=LINE('',#9552,#1846);
#1292=LINE('',#9567,#1847);
#1293=LINE('',#9582,#1848);
#1294=LINE('',#9597,#1849);
#1295=LINE('',#9612,#1850);
#1296=LINE('',#9627,#1851);
#1297=LINE('',#9647,#1852);
#1298=LINE('',#9649,#1853);
#1299=LINE('',#9651,#1854);
#1300=LINE('',#9652,#1855);
#1301=LINE('',#9664,#1856);
#1302=LINE('',#9679,#1857);
#1303=LINE('',#9685,#1858);
#1304=LINE('',#9687,#1859);
#1305=LINE('',#9688,#1860);
#1306=LINE('',#9691,#1861);
#1307=LINE('',#9693,#1862);
#1308=LINE('',#9694,#1863);
#1309=LINE('',#9697,#1864);
#1310=LINE('',#9699,#1865);
#1311=LINE('',#9700,#1866);
#1312=LINE('',#9703,#1867);
#1313=LINE('',#9705,#1868);
#1314=LINE('',#9706,#1869);
#1315=LINE('',#9709,#1870);
#1316=LINE('',#9711,#1871);
#1317=LINE('',#9712,#1872);
#1318=LINE('',#9724,#1873);
#1319=LINE('',#9739,#1874);
#1320=LINE('',#9745,#1875);
#1321=LINE('',#9747,#1876);
#1322=LINE('',#9748,#1877);
#1323=LINE('',#9751,#1878);
#1324=LINE('',#9753,#1879);
#1325=LINE('',#9754,#1880);
#1326=LINE('',#9757,#1881);
#1327=LINE('',#9759,#1882);
#1328=LINE('',#9760,#1883);
#1329=LINE('',#9772,#1884);
#1330=LINE('',#9787,#1885);
#1331=LINE('',#9793,#1886);
#1332=LINE('',#9795,#1887);
#1333=LINE('',#9796,#1888);
#1334=LINE('',#9799,#1889);
#1335=LINE('',#9801,#1890);
#1336=LINE('',#9802,#1891);
#1337=LINE('',#9805,#1892);
#1338=LINE('',#9807,#1893);
#1339=LINE('',#9808,#1894);
#1340=LINE('',#9810,#1895);
#1341=LINE('',#9811,#1896);
#1342=LINE('',#9816,#1897);
#1343=LINE('',#9818,#1898);
#1344=LINE('',#9820,#1899);
#1345=LINE('',#9821,#1900);
#1346=LINE('',#9833,#1901);
#1347=LINE('',#9848,#1902);
#1348=LINE('',#9863,#1903);
#1349=LINE('',#9878,#1904);
#1350=LINE('',#9893,#1905);
#1351=LINE('',#9899,#1906);
#1352=LINE('',#9901,#1907);
#1353=LINE('',#9902,#1908);
#1354=LINE('',#9904,#1909);
#1355=LINE('',#9905,#1910);
#1356=LINE('',#9909,#1911);
#1357=LINE('',#9911,#1912);
#1358=LINE('',#9913,#1913);
#1359=LINE('',#9914,#1914);
#1360=LINE('',#9917,#1915);
#1361=LINE('',#9919,#1916);
#1362=LINE('',#9920,#1917);
#1363=LINE('',#9932,#1918);
#1364=LINE('',#9947,#1919);
#1365=LINE('',#9962,#1920);
#1366=LINE('',#9977,#1921);
#1367=LINE('',#9992,#1922);
#1368=LINE('',#10007,#1923);
#1369=LINE('',#10013,#1924);
#1370=LINE('',#10015,#1925);
#1371=LINE('',#10016,#1926);
#1372=LINE('',#10019,#1927);
#1373=LINE('',#10021,#1928);
#1374=LINE('',#10022,#1929);
#1375=LINE('',#10024,#1930);
#1376=LINE('',#10025,#1931);
#1377=LINE('',#10033,#1932);
#1378=LINE('',#10035,#1933);
#1379=LINE('',#10037,#1934);
#1380=LINE('',#10038,#1935);
#1381=LINE('',#10041,#1936);
#1382=LINE('',#10043,#1937);
#1383=LINE('',#10045,#1938);
#1384=LINE('',#10047,#1939);
#1385=LINE('',#10049,#1940);
#1386=LINE('',#10051,#1941);
#1387=LINE('',#10052,#1942);
#1388=LINE('',#10057,#1943);
#1389=LINE('',#10060,#1944);
#1390=LINE('',#10064,#1945);
#1391=LINE('',#10066,#1946);
#1392=LINE('',#10068,#1947);
#1393=LINE('',#10069,#1948);
#1394=LINE('',#10075,#1949);
#1395=LINE('',#10080,#1950);
#1396=LINE('',#10083,#1951);
#1397=LINE('',#10087,#1952);
#1398=LINE('',#10091,#1953);
#1399=LINE('',#10093,#1954);
#1400=LINE('',#10094,#1955);
#1401=LINE('',#10097,#1956);
#1402=LINE('',#10111,#1957);
#1403=LINE('',#10122,#1958);
#1404=LINE('',#10137,#1959);
#1405=LINE('',#10145,#1960);
#1406=LINE('',#10149,#1961);
#1407=LINE('',#10154,#1962);
#1408=LINE('',#10158,#1963);
#1409=LINE('',#10163,#1964);
#1410=LINE('',#10166,#1965);
#1411=LINE('',#10169,#1966);
#1412=LINE('',#10171,#1967);
#1413=LINE('',#10173,#1968);
#1414=LINE('',#10175,#1969);
#1415=LINE('',#10176,#1970);
#1416=LINE('',#10181,#1971);
#1417=LINE('',#10192,#1972);
#1418=LINE('',#10194,#1973);
#1419=LINE('',#10195,#1974);
#1420=LINE('',#10197,#1975);
#1421=LINE('',#10200,#1976);
#1422=LINE('',#10204,#1977);
#1423=LINE('',#10205,#1978);
#1424=LINE('',#10208,#1979);
#1425=LINE('',#10209,#1980);
#1426=LINE('',#10214,#1981);
#1427=LINE('',#10216,#1982);
#1428=LINE('',#10217,#1983);
#1429=LINE('',#10220,#1984);
#1430=LINE('',#10224,#1985);
#1431=LINE('',#10225,#1986);
#1432=LINE('',#10228,#1987);
#1433=LINE('',#10229,#1988);
#1434=LINE('',#10232,#1989);
#1435=LINE('',#10234,#1990);
#1436=LINE('',#10238,#1991);
#1437=LINE('',#10239,#1992);
#1438=LINE('',#10242,#1993);
#1439=LINE('',#10243,#1994);
#1440=LINE('',#10248,#1995);
#1441=LINE('',#10252,#1996);
#1442=LINE('',#10253,#1997);
#1443=LINE('',#10259,#1998);
#1444=LINE('',#10263,#1999);
#1445=LINE('',#10267,#2000);
#1446=LINE('',#10271,#2001);
#1447=LINE('',#10275,#2002);
#1448=LINE('',#10277,#2003);
#1449=LINE('',#10278,#2004);
#1450=LINE('',#10281,#2005);
#1451=LINE('',#10287,#2006);
#1452=LINE('',#10289,#2007);
#1453=LINE('',#10290,#2008);
#1454=LINE('',#10293,#2009);
#1455=LINE('',#10299,#2010);
#1456=LINE('',#10303,#2011);
#1457=LINE('',#10304,#2012);
#1458=LINE('',#10309,#2013);
#1459=LINE('',#10313,#2014);
#1460=LINE('',#10314,#2015);
#1461=LINE('',#10319,#2016);
#1462=LINE('',#10323,#2017);
#1463=LINE('',#10326,#2018);
#1464=LINE('',#10328,#2019);
#1465=LINE('',#10332,#2020);
#1466=LINE('',#10335,#2021);
#1467=LINE('',#10347,#2022);
#1468=LINE('',#10349,#2023);
#1469=LINE('',#10351,#2024);
#1470=LINE('',#10352,#2025);
#1471=LINE('',#10355,#2026);
#1472=LINE('',#10356,#2027);
#1473=LINE('',#10358,#2028);
#1474=LINE('',#10359,#2029);
#1475=LINE('',#10360,#2030);
#1476=LINE('',#10363,#2031);
#1477=LINE('',#10365,#2032);
#1478=LINE('',#10367,#2033);
#1479=LINE('',#10369,#2034);
#1480=LINE('',#10371,#2035);
#1481=LINE('',#10373,#2036);
#1482=LINE('',#10374,#2037);
#1483=LINE('',#10377,#2038);
#1484=LINE('',#10379,#2039);
#1485=LINE('',#10380,#2040);
#1486=LINE('',#10386,#2041);
#1487=LINE('',#10389,#2042);
#1488=LINE('',#10392,#2043);
#1489=LINE('',#10394,#2044);
#1490=LINE('',#10395,#2045);
#1491=LINE('',#10398,#2046);
#1492=LINE('',#10402,#2047);
#1493=LINE('',#10403,#2048);
#1494=LINE('',#10409,#2049);
#1495=LINE('',#10411,#2050);
#1496=LINE('',#10413,#2051);
#1497=LINE('',#10414,#2052);
#1498=LINE('',#10419,#2053);
#1499=LINE('',#10423,#2054);
#1500=LINE('',#10425,#2055);
#1501=LINE('',#10426,#2056);
#1502=LINE('',#10431,#2057);
#1503=LINE('',#10435,#2058);
#1504=LINE('',#10436,#2059);
#1505=LINE('',#10438,#2060);
#1506=LINE('',#10440,#2061);
#1507=LINE('',#10442,#2062);
#1508=LINE('',#10444,#2063);
#1509=LINE('',#10445,#2064);
#1510=LINE('',#10448,#2065);
#1511=LINE('',#10452,#2066);
#1512=LINE('',#10454,#2067);
#1513=LINE('',#10456,#2068);
#1514=LINE('',#10459,#2069);
#1515=LINE('',#10461,#2070);
#1516=LINE('',#10463,#2071);
#1517=LINE('',#10467,#2072);
#1518=LINE('',#10469,#2073);
#1519=LINE('',#10471,#2074);
#1520=LINE('',#10475,#2075);
#1521=LINE('',#10478,#2076);
#1522=LINE('',#10481,#2077);
#1523=LINE('',#10482,#2078);
#1524=LINE('',#10487,#2079);
#1525=LINE('',#10490,#2080);
#1526=LINE('',#10492,#2081);
#1527=LINE('',#10495,#2082);
#1528=LINE('',#10496,#2083);
#1529=LINE('',#10497,#2084);
#1530=LINE('',#10501,#2085);
#1531=LINE('',#10503,#2086);
#1532=LINE('',#10504,#2087);
#1533=LINE('',#10507,#2088);
#1534=LINE('',#10513,#2089);
#1535=LINE('',#10517,#2090);
#1536=LINE('',#10518,#2091);
#1537=LINE('',#10520,#2092);
#1538=LINE('',#10524,#2093);
#1539=LINE('',#10528,#2094);
#1540=LINE('',#10529,#2095);
#1541=LINE('',#10534,#2096);
#1542=LINE('',#10537,#2097);
#1543=LINE('',#10541,#2098);
#1544=LINE('',#10542,#2099);
#1545=LINE('',#10545,#2100);
#1546=LINE('',#10551,#2101);
#1547=LINE('',#10554,#2102);
#1548=LINE('',#10560,#2103);
#1549=LINE('',#10563,#2104);
#1550=LINE('',#10568,#2105);
#1551=LINE('',#10571,#2106);
#1552=LINE('',#10576,#2107);
#1553=LINE('',#10579,#2108);
#1554=LINE('',#10584,#2109);
#1555=LINE('',#10587,#2110);
#1556=LINE('',#10591,#2111);
#1557=LINE('',#10593,#2112);
#1558=LINE('',#10595,#2113);
#1559=LINE('',#10597,#2114);
#1560=LINE('',#10599,#2115);
#1561=LINE('',#10601,#2116);
#1562=LINE('',#10603,#2117);
#1563=LINE('',#10604,#2118);
#1564=LINE('',#10607,#2119);
#1565=LINE('',#10609,#2120);
#1566=LINE('',#10611,#2121);
#1567=LINE('',#10612,#2122);
#1568=LINE('',#10615,#2123);
#1569=LINE('',#10617,#2124);
#1570=LINE('',#10619,#2125);
#1571=VECTOR('',#6461,10.);
#1572=VECTOR('',#6462,10.);
#1573=VECTOR('',#6463,10.);
#1574=VECTOR('',#6464,10.);
#1575=VECTOR('',#6465,10.);
#1576=VECTOR('',#6466,10.);
#1577=VECTOR('',#6467,10.);
#1578=VECTOR('',#6468,10.);
#1579=VECTOR('',#6469,10.);
#1580=VECTOR('',#6470,10.);
#1581=VECTOR('',#6471,10.);
#1582=VECTOR('',#6472,10.);
#1583=VECTOR('',#6473,10.);
#1584=VECTOR('',#6474,10.);
#1585=VECTOR('',#6475,10.);
#1586=VECTOR('',#6478,10.);
#1587=VECTOR('',#6479,10.);
#1588=VECTOR('',#6480,10.);
#1589=VECTOR('',#6481,10.);
#1590=VECTOR('',#6482,10.);
#1591=VECTOR('',#6483,10.);
#1592=VECTOR('',#6484,10.);
#1593=VECTOR('',#6485,10.);
#1594=VECTOR('',#6486,10.);
#1595=VECTOR('',#6487,10.);
#1596=VECTOR('',#6488,10.);
#1597=VECTOR('',#6489,10.);
#1598=VECTOR('',#6490,10.);
#1599=VECTOR('',#6491,10.);
#1600=VECTOR('',#6492,10.);
#1601=VECTOR('',#6493,10.);
#1602=VECTOR('',#6494,10.);
#1603=VECTOR('',#6495,10.);
#1604=VECTOR('',#6496,10.);
#1605=VECTOR('',#6497,10.);
#1606=VECTOR('',#6498,10.);
#1607=VECTOR('',#6501,10.);
#1608=VECTOR('',#6502,10.);
#1609=VECTOR('',#6503,10.);
#1610=VECTOR('',#6508,10.);
#1611=VECTOR('',#6509,10.);
#1612=VECTOR('',#6510,10.);
#1613=VECTOR('',#6511,10.);
#1614=VECTOR('',#6512,10.);
#1615=VECTOR('',#6513,10.);
#1616=VECTOR('',#6514,10.);
#1617=VECTOR('',#6515,10.);
#1618=VECTOR('',#6516,10.);
#1619=VECTOR('',#6517,10.);
#1620=VECTOR('',#6520,10.);
#1621=VECTOR('',#6521,10.);
#1622=VECTOR('',#6522,10.);
#1623=VECTOR('',#6525,10.);
#1624=VECTOR('',#6526,10.);
#1625=VECTOR('',#6529,10.);
#1626=VECTOR('',#6530,10.);
#1627=VECTOR('',#6531,10.);
#1628=VECTOR('',#6532,10.);
#1629=VECTOR('',#6533,10.);
#1630=VECTOR('',#6534,10.);
#1631=VECTOR('',#6535,10.);
#1632=VECTOR('',#6536,10.);
#1633=VECTOR('',#6537,10.);
#1634=VECTOR('',#6538,10.);
#1635=VECTOR('',#6539,10.);
#1636=VECTOR('',#6542,10.);
#1637=VECTOR('',#6543,10.);
#1638=VECTOR('',#6544,10.);
#1639=VECTOR('',#6547,10.);
#1640=VECTOR('',#6548,10.);
#1641=VECTOR('',#6549,10.);
#1642=VECTOR('',#6550,10.);
#1643=VECTOR('',#6551,10.);
#1644=VECTOR('',#6552,10.);
#1645=VECTOR('',#6553,10.);
#1646=VECTOR('',#6554,10.);
#1647=VECTOR('',#6555,10.);
#1648=VECTOR('',#6556,10.);
#1649=VECTOR('',#6557,10.);
#1650=VECTOR('',#6558,10.);
#1651=VECTOR('',#6559,10.);
#1652=VECTOR('',#6560,10.);
#1653=VECTOR('',#6563,10.);
#1654=VECTOR('',#6564,10.);
#1655=VECTOR('',#6565,10.);
#1656=VECTOR('',#6568,10.);
#1657=VECTOR('',#6569,10.);
#1658=VECTOR('',#6570,10.);
#1659=VECTOR('',#6573,10.);
#1660=VECTOR('',#6574,10.);
#1661=VECTOR('',#6579,10.);
#1662=VECTOR('',#6580,10.);
#1663=VECTOR('',#6581,10.);
#1664=VECTOR('',#6582,10.);
#1665=VECTOR('',#6585,10.);
#1666=VECTOR('',#6586,10.);
#1667=VECTOR('',#6587,10.);
#1668=VECTOR('',#6590,10.);
#1669=VECTOR('',#6591,10.);
#1670=VECTOR('',#6592,10.);
#1671=VECTOR('',#6595,10.);
#1672=VECTOR('',#6596,10.);
#1673=VECTOR('',#6601,10.);
#1674=VECTOR('',#6602,10.);
#1675=VECTOR('',#6603,10.);
#1676=VECTOR('',#6604,10.);
#1677=VECTOR('',#6607,10.);
#1678=VECTOR('',#6608,10.);
#1679=VECTOR('',#6609,10.);
#1680=VECTOR('',#6612,10.);
#1681=VECTOR('',#6613,10.);
#1682=VECTOR('',#6614,10.);
#1683=VECTOR('',#6617,10.);
#1684=VECTOR('',#6618,10.);
#1685=VECTOR('',#6619,10.);
#1686=VECTOR('',#6622,10.);
#1687=VECTOR('',#6623,10.);
#1688=VECTOR('',#6624,10.);
#1689=VECTOR('',#6627,10.);
#1690=VECTOR('',#6628,10.);
#1691=VECTOR('',#6629,10.);
#1692=VECTOR('',#6632,10.);
#1693=VECTOR('',#6633,10.);
#1694=VECTOR('',#6634,10.);
#1695=VECTOR('',#6637,10.);
#1696=VECTOR('',#6638,10.);
#1697=VECTOR('',#6639,10.);
#1698=VECTOR('',#6642,10.);
#1699=VECTOR('',#6643,10.);
#1700=VECTOR('',#6644,10.);
#1701=VECTOR('',#6647,10.);
#1702=VECTOR('',#6648,10.);
#1703=VECTOR('',#6651,10.);
#1704=VECTOR('',#6652,10.);
#1705=VECTOR('',#6653,10.);
#1706=VECTOR('',#6654,10.);
#1707=VECTOR('',#6655,10.);
#1708=VECTOR('',#6656,10.);
#1709=VECTOR('',#6659,10.);
#1710=VECTOR('',#6660,10.);
#1711=VECTOR('',#6661,10.);
#1712=VECTOR('',#6664,10.);
#1713=VECTOR('',#6665,10.);
#1714=VECTOR('',#6666,10.);
#1715=VECTOR('',#6669,10.);
#1716=VECTOR('',#6670,10.);
#1717=VECTOR('',#6671,10.);
#1718=VECTOR('',#6672,10.);
#1719=VECTOR('',#6673,10.);
#1720=VECTOR('',#6674,10.);
#1721=VECTOR('',#6675,10.);
#1722=VECTOR('',#6676,10.);
#1723=VECTOR('',#6677,10.);
#1724=VECTOR('',#6680,10.);
#1725=VECTOR('',#6681,10.);
#1726=VECTOR('',#6682,10.);
#1727=VECTOR('',#6685,10.);
#1728=VECTOR('',#6686,10.);
#1729=VECTOR('',#6687,10.);
#1730=VECTOR('',#6690,10.);
#1731=VECTOR('',#6691,10.);
#1732=VECTOR('',#6700,10.);
#1733=VECTOR('',#6701,10.);
#1734=VECTOR('',#6702,10.);
#1735=VECTOR('',#6703,10.);
#1736=VECTOR('',#6704,10.);
#1737=VECTOR('',#6705,10.);
#1738=VECTOR('',#6706,10.);
#1739=VECTOR('',#6707,10.);
#1740=VECTOR('',#6708,10.);
#1741=VECTOR('',#6711,10.);
#1742=VECTOR('',#6712,10.);
#1743=VECTOR('',#6713,10.);
#1744=VECTOR('',#6716,10.);
#1745=VECTOR('',#6717,10.);
#1746=VECTOR('',#6720,10.);
#1747=VECTOR('',#6721,10.);
#1748=VECTOR('',#6722,10.);
#1749=VECTOR('',#6723,10.);
#1750=VECTOR('',#6726,10.);
#1751=VECTOR('',#6727,10.);
#1752=VECTOR('',#6728,10.);
#1753=VECTOR('',#6729,10.);
#1754=VECTOR('',#6730,10.);
#1755=VECTOR('',#6731,10.);
#1756=VECTOR('',#6732,10.);
#1757=VECTOR('',#6735,10.);
#1758=VECTOR('',#6736,10.);
#1759=VECTOR('',#6737,10.);
#1760=VECTOR('',#6740,10.);
#1761=VECTOR('',#6741,10.);
#1762=VECTOR('',#6742,10.);
#1763=VECTOR('',#6745,10.);
#1764=VECTOR('',#6746,10.);
#1765=VECTOR('',#6747,10.);
#1766=VECTOR('',#6748,10.);
#1767=VECTOR('',#6749,10.);
#1768=VECTOR('',#6750,10.);
#1769=VECTOR('',#6751,10.);
#1770=VECTOR('',#6752,10.);
#1771=VECTOR('',#6753,10.);
#1772=VECTOR('',#6754,10.);
#1773=VECTOR('',#6757,10.);
#1774=VECTOR('',#6758,10.);
#1775=VECTOR('',#6759,10.);
#1776=VECTOR('',#6762,10.);
#1777=VECTOR('',#6763,10.);
#1778=VECTOR('',#6764,10.);
#1779=VECTOR('',#6767,10.);
#1780=VECTOR('',#6768,10.);
#1781=VECTOR('',#6771,10.);
#1782=VECTOR('',#6772,10.);
#1783=VECTOR('',#6773,10.);
#1784=VECTOR('',#6774,10.);
#1785=VECTOR('',#6775,10.);
#1786=VECTOR('',#6778,10.);
#1787=VECTOR('',#6779,10.);
#1788=VECTOR('',#6780,10.);
#1789=VECTOR('',#6783,10.);
#1790=VECTOR('',#6784,10.);
#1791=VECTOR('',#6785,10.);
#1792=VECTOR('',#6788,10.);
#1793=VECTOR('',#6789,10.);
#1794=VECTOR('',#6790,10.);
#1795=VECTOR('',#6791,10.);
#1796=VECTOR('',#6792,10.);
#1797=VECTOR('',#6793,10.);
#1798=VECTOR('',#6794,10.);
#1799=VECTOR('',#6795,10.);
#1800=VECTOR('',#6798,10.);
#1801=VECTOR('',#6799,10.);
#1802=VECTOR('',#6800,10.);
#1803=VECTOR('',#6805,10.);
#1804=VECTOR('',#6806,10.);
#1805=VECTOR('',#6807,10.);
#1806=VECTOR('',#6808,10.);
#1807=VECTOR('',#6811,10.);
#1808=VECTOR('',#6812,10.);
#1809=VECTOR('',#6813,10.);
#1810=VECTOR('',#6816,10.);
#1811=VECTOR('',#6817,10.);
#1812=VECTOR('',#6818,10.);
#1813=VECTOR('',#6821,10.);
#1814=VECTOR('',#6822,10.);
#1815=VECTOR('',#6823,10.);
#1816=VECTOR('',#6824,10.);
#1817=VECTOR('',#6825,10.);
#1818=VECTOR('',#6828,10.);
#1819=VECTOR('',#6829,10.);
#1820=VECTOR('',#6830,10.);
#1821=VECTOR('',#6833,10.);
#1822=VECTOR('',#6834,10.);
#1823=VECTOR('',#6835,10.);
#1824=VECTOR('',#6838,10.);
#1825=VECTOR('',#6839,10.);
#1826=VECTOR('',#6840,10.);
#1827=VECTOR('',#6843,10.);
#1828=VECTOR('',#6844,10.);
#1829=VECTOR('',#6845,10.);
#1830=VECTOR('',#6848,10.);
#1831=VECTOR('',#6849,10.);
#1832=VECTOR('',#6852,10.);
#1833=VECTOR('',#6853,10.);
#1834=VECTOR('',#6854,10.);
#1835=VECTOR('',#6855,10.);
#1836=VECTOR('',#6856,10.);
#1837=VECTOR('',#6857,10.);
#1838=VECTOR('',#6858,10.);
#1839=VECTOR('',#6859,10.);
#1840=VECTOR('',#6860,10.);
#1841=VECTOR('',#6861,10.);
#1842=VECTOR('',#6862,10.);
#1843=VECTOR('',#6863,10.);
#1844=VECTOR('',#6864,10.);
#1845=VECTOR('',#6865,10.);
#1846=VECTOR('',#6866,10.);
#1847=VECTOR('',#6867,10.);
#1848=VECTOR('',#6868,10.);
#1849=VECTOR('',#6869,10.);
#1850=VECTOR('',#6870,10.);
#1851=VECTOR('',#6871,10.);
#1852=VECTOR('',#6876,10.);
#1853=VECTOR('',#6877,10.);
#1854=VECTOR('',#6878,10.);
#1855=VECTOR('',#6879,10.);
#1856=VECTOR('',#6880,10.);
#1857=VECTOR('',#6881,10.);
#1858=VECTOR('',#6884,10.);
#1859=VECTOR('',#6885,10.);
#1860=VECTOR('',#6886,10.);
#1861=VECTOR('',#6889,10.);
#1862=VECTOR('',#6890,10.);
#1863=VECTOR('',#6891,10.);
#1864=VECTOR('',#6894,10.);
#1865=VECTOR('',#6895,10.);
#1866=VECTOR('',#6896,10.);
#1867=VECTOR('',#6899,10.);
#1868=VECTOR('',#6900,10.);
#1869=VECTOR('',#6901,10.);
#1870=VECTOR('',#6904,10.);
#1871=VECTOR('',#6905,10.);
#1872=VECTOR('',#6906,10.);
#1873=VECTOR('',#6907,10.);
#1874=VECTOR('',#6908,10.);
#1875=VECTOR('',#6911,10.);
#1876=VECTOR('',#6912,10.);
#1877=VECTOR('',#6913,10.);
#1878=VECTOR('',#6916,10.);
#1879=VECTOR('',#6917,10.);
#1880=VECTOR('',#6918,10.);
#1881=VECTOR('',#6921,10.);
#1882=VECTOR('',#6922,10.);
#1883=VECTOR('',#6923,10.);
#1884=VECTOR('',#6924,10.);
#1885=VECTOR('',#6925,10.);
#1886=VECTOR('',#6928,10.);
#1887=VECTOR('',#6929,10.);
#1888=VECTOR('',#6930,10.);
#1889=VECTOR('',#6933,10.);
#1890=VECTOR('',#6934,10.);
#1891=VECTOR('',#6935,10.);
#1892=VECTOR('',#6938,10.);
#1893=VECTOR('',#6939,10.);
#1894=VECTOR('',#6940,10.);
#1895=VECTOR('',#6943,10.);
#1896=VECTOR('',#6944,10.);
#1897=VECTOR('',#6949,10.);
#1898=VECTOR('',#6950,10.);
#1899=VECTOR('',#6951,10.);
#1900=VECTOR('',#6952,10.);
#1901=VECTOR('',#6953,10.);
#1902=VECTOR('',#6954,10.);
#1903=VECTOR('',#6955,10.);
#1904=VECTOR('',#6956,10.);
#1905=VECTOR('',#6957,10.);
#1906=VECTOR('',#6960,10.);
#1907=VECTOR('',#6961,10.);
#1908=VECTOR('',#6962,10.);
#1909=VECTOR('',#6965,10.);
#1910=VECTOR('',#6966,10.);
#1911=VECTOR('',#6969,10.);
#1912=VECTOR('',#6970,10.);
#1913=VECTOR('',#6971,10.);
#1914=VECTOR('',#6972,10.);
#1915=VECTOR('',#6975,10.);
#1916=VECTOR('',#6976,10.);
#1917=VECTOR('',#6977,10.);
#1918=VECTOR('',#6978,10.);
#1919=VECTOR('',#6979,10.);
#1920=VECTOR('',#6980,10.);
#1921=VECTOR('',#6981,10.);
#1922=VECTOR('',#6982,10.);
#1923=VECTOR('',#6983,10.);
#1924=VECTOR('',#6986,10.);
#1925=VECTOR('',#6987,10.);
#1926=VECTOR('',#6988,10.);
#1927=VECTOR('',#6991,10.);
#1928=VECTOR('',#6992,10.);
#1929=VECTOR('',#6993,10.);
#1930=VECTOR('',#6996,10.);
#1931=VECTOR('',#6997,10.);
#1932=VECTOR('',#7008,10.);
#1933=VECTOR('',#7009,10.);
#1934=VECTOR('',#7010,10.);
#1935=VECTOR('',#7011,10.);
#1936=VECTOR('',#7014,10.);
#1937=VECTOR('',#7015,10.);
#1938=VECTOR('',#7016,10.);
#1939=VECTOR('',#7017,10.);
#1940=VECTOR('',#7018,10.);
#1941=VECTOR('',#7019,10.);
#1942=VECTOR('',#7020,10.);
#1943=VECTOR('',#7023,10.);
#1944=VECTOR('',#7026,10.);
#1945=VECTOR('',#7029,10.);
#1946=VECTOR('',#7030,10.);
#1947=VECTOR('',#7031,10.);
#1948=VECTOR('',#7032,10.);
#1949=VECTOR('',#7037,4.);
#1950=VECTOR('',#7042,4.);
#1951=VECTOR('',#7045,10.);
#1952=VECTOR('',#7048,10.);
#1953=VECTOR('',#7051,10.);
#1954=VECTOR('',#7052,4.);
#1955=VECTOR('',#7053,10.);
#1956=VECTOR('',#7056,10.);
#1957=VECTOR('',#7059,10.);
#1958=VECTOR('',#7060,10.);
#1959=VECTOR('',#7065,4.);
#1960=VECTOR('',#7074,10.);
#1961=VECTOR('',#7077,10.);
#1962=VECTOR('',#7084,10.);
#1963=VECTOR('',#7089,10.);
#1964=VECTOR('',#7094,10.);
#1965=VECTOR('',#7097,10.);
#1966=VECTOR('',#7100,10.);
#1967=VECTOR('',#7101,10.);
#1968=VECTOR('',#7102,10.);
#1969=VECTOR('',#7103,10.);
#1970=VECTOR('',#7104,10.);
#1971=VECTOR('',#7109,10.);
#1972=VECTOR('',#7112,10.);
#1973=VECTOR('',#7113,10.);
#1974=VECTOR('',#7114,10.);
#1975=VECTOR('',#7117,10.);
#1976=VECTOR('',#7120,10.);
#1977=VECTOR('',#7125,10.);
#1978=VECTOR('',#7126,10.);
#1979=VECTOR('',#7129,10.);
#1980=VECTOR('',#7130,10.);
#1981=VECTOR('',#7137,10.);
#1982=VECTOR('',#7138,10.);
#1983=VECTOR('',#7139,10.);
#1984=VECTOR('',#7142,10.);
#1985=VECTOR('',#7147,10.);
#1986=VECTOR('',#7148,10.);
#1987=VECTOR('',#7151,10.);
#1988=VECTOR('',#7152,10.);
#1989=VECTOR('',#7155,10.);
#1990=VECTOR('',#7156,10.);
#1991=VECTOR('',#7161,10.);
#1992=VECTOR('',#7162,10.);
#1993=VECTOR('',#7165,10.);
#1994=VECTOR('',#7166,10.);
#1995=VECTOR('',#7173,10.);
#1996=VECTOR('',#7178,10.);
#1997=VECTOR('',#7179,10.);
#1998=VECTOR('',#7186,10.);
#1999=VECTOR('',#7189,10.);
#2000=VECTOR('',#7192,10.);
#2001=VECTOR('',#7195,10.);
#2002=VECTOR('',#7200,10.);
#2003=VECTOR('',#7201,10.);
#2004=VECTOR('',#7202,10.);
#2005=VECTOR('',#7205,10.);
#2006=VECTOR('',#7212,10.);
#2007=VECTOR('',#7213,10.);
#2008=VECTOR('',#7214,10.);
#2009=VECTOR('',#7217,10.);
#2010=VECTOR('',#7224,10.);
#2011=VECTOR('',#7229,10.);
#2012=VECTOR('',#7230,10.);
#2013=VECTOR('',#7237,10.);
#2014=VECTOR('',#7242,10.);
#2015=VECTOR('',#7243,10.);
#2016=VECTOR('',#7250,10.);
#2017=VECTOR('',#7253,10.);
#2018=VECTOR('',#7256,10.);
#2019=VECTOR('',#7257,10.);
#2020=VECTOR('',#7260,10.);
#2021=VECTOR('',#7263,10.);
#2022=VECTOR('',#7274,10.);
#2023=VECTOR('',#7275,10.);
#2024=VECTOR('',#7276,10.);
#2025=VECTOR('',#7277,10.);
#2026=VECTOR('',#7280,10.);
#2027=VECTOR('',#7281,10.);
#2028=VECTOR('',#7282,10.);
#2029=VECTOR('',#7283,10.);
#2030=VECTOR('',#7284,10.);
#2031=VECTOR('',#7287,10.);
#2032=VECTOR('',#7288,10.);
#2033=VECTOR('',#7289,10.);
#2034=VECTOR('',#7290,10.);
#2035=VECTOR('',#7291,10.);
#2036=VECTOR('',#7292,10.);
#2037=VECTOR('',#7293,10.);
#2038=VECTOR('',#7296,10.);
#2039=VECTOR('',#7297,10.);
#2040=VECTOR('',#7298,10.);
#2041=VECTOR('',#7303,10.);
#2042=VECTOR('',#7306,10.);
#2043=VECTOR('',#7309,10.);
#2044=VECTOR('',#7310,10.);
#2045=VECTOR('',#7311,10.);
#2046=VECTOR('',#7314,10.);
#2047=VECTOR('',#7319,10.);
#2048=VECTOR('',#7320,10.);
#2049=VECTOR('',#7327,10.);
#2050=VECTOR('',#7328,10.);
#2051=VECTOR('',#7329,10.);
#2052=VECTOR('',#7330,10.);
#2053=VECTOR('',#7335,10.);
#2054=VECTOR('',#7340,10.);
#2055=VECTOR('',#7341,10.);
#2056=VECTOR('',#7342,10.);
#2057=VECTOR('',#7347,1.09999999999999);
#2058=VECTOR('',#7352,10.);
#2059=VECTOR('',#7353,10.);
#2060=VECTOR('',#7356,10.);
#2061=VECTOR('',#7357,10.);
#2062=VECTOR('',#7358,10.);
#2063=VECTOR('',#7359,10.);
#2064=VECTOR('',#7360,10.);
#2065=VECTOR('',#7363,10.);
#2066=VECTOR('',#7366,10.);
#2067=VECTOR('',#7367,10.);
#2068=VECTOR('',#7368,10.);
#2069=VECTOR('',#7371,10.);
#2070=VECTOR('',#7372,10.);
#2071=VECTOR('',#7373,10.);
#2072=VECTOR('',#7376,10.);
#2073=VECTOR('',#7377,10.);
#2074=VECTOR('',#7378,10.);
#2075=VECTOR('',#7383,10.);
#2076=VECTOR('',#7386,10.);
#2077=VECTOR('',#7389,10.);
#2078=VECTOR('',#7390,10.);
#2079=VECTOR('',#7395,1.09999999999999);
#2080=VECTOR('',#7400,10.);
#2081=VECTOR('',#7403,10.);
#2082=VECTOR('',#7406,10.);
#2083=VECTOR('',#7407,10.);
#2084=VECTOR('',#7408,10.);
#2085=VECTOR('',#7413,10.);
#2086=VECTOR('',#7414,10.);
#2087=VECTOR('',#7415,10.);
#2088=VECTOR('',#7418,10.);
#2089=VECTOR('',#7425,1.1);
#2090=VECTOR('',#7430,10.);
#2091=VECTOR('',#7431,10.);
#2092=VECTOR('',#7434,10.);
#2093=VECTOR('',#7439,10.);
#2094=VECTOR('',#7444,10.);
#2095=VECTOR('',#7445,10.);
#2096=VECTOR('',#7450,1.1);
#2097=VECTOR('',#7455,10.);
#2098=VECTOR('',#7460,10.);
#2099=VECTOR('',#7461,10.);
#2100=VECTOR('',#7464,10.);
#2101=VECTOR('',#7471,1.1);
#2102=VECTOR('',#7476,10.);
#2103=VECTOR('',#7485,10.);
#2104=VECTOR('',#7488,10.);
#2105=VECTOR('',#7493,10.);
#2106=VECTOR('',#7496,10.);
#2107=VECTOR('',#7501,10.);
#2108=VECTOR('',#7504,10.);
#2109=VECTOR('',#7509,10.);
#2110=VECTOR('',#7512,10.);
#2111=VECTOR('',#7517,1.99999999999999);
#2112=VECTOR('',#7520,2.);
#2113=VECTOR('',#7523,1.99999999999999);
#2114=VECTOR('',#7526,2.);
#2115=VECTOR('',#7529,10.);
#2116=VECTOR('',#7532,10.);
#2117=VECTOR('',#7535,10.);
#2118=VECTOR('',#7536,10.);
#2119=VECTOR('',#7541,10.);
#2120=VECTOR('',#7544,10.);
#2121=VECTOR('',#7547,10.);
#2122=VECTOR('',#7548,10.);
#2123=VECTOR('',#7553,10.);
#2124=VECTOR('',#7556,10.);
#2125=VECTOR('',#7559,10.);
#2126=B_SPLINE_CURVE_WITH_KNOTS('',2,(#7571,#7572,#7573),.UNSPECIFIED.,
 .F.,.F.,(3,3),(0.,1.),.UNSPECIFIED.);
#2127=B_SPLINE_CURVE_WITH_KNOTS('',2,(#7577,#7578,#7579),.UNSPECIFIED.,
 .F.,.F.,(3,3),(0.,1.),.UNSPECIFIED.);
#2128=B_SPLINE_CURVE_WITH_KNOTS('',2,(#7588,#7589,#7590),.UNSPECIFIED.,
 .F.,.F.,(3,3),(0.,1.),.UNSPECIFIED.);
#2129=B_SPLINE_CURVE_WITH_KNOTS('',2,(#7593,#7594,#7595),.UNSPECIFIED.,
 .F.,.F.,(3,3),(0.,1.),.UNSPECIFIED.);
#2130=B_SPLINE_CURVE_WITH_KNOTS('',2,(#7603,#7604,#7605),.UNSPECIFIED.,
 .F.,.F.,(3,3),(0.,1.),.UNSPECIFIED.);
#2131=B_SPLINE_CURVE_WITH_KNOTS('',2,(#7608,#7609,#7610),.UNSPECIFIED.,
 .F.,.F.,(3,3),(0.,1.),.UNSPECIFIED.);
#2132=B_SPLINE_CURVE_WITH_KNOTS('',2,(#7618,#7619,#7620),.UNSPECIFIED.,
 .F.,.F.,(3,3),(0.,1.),.UNSPECIFIED.);
#2133=B_SPLINE_CURVE_WITH_KNOTS('',2,(#7623,#7624,#7625),.UNSPECIFIED.,
 .F.,.F.,(3,3),(0.,1.),.UNSPECIFIED.);
#2134=B_SPLINE_CURVE_WITH_KNOTS('',2,(#7633,#7634,#7635),.UNSPECIFIED.,
 .F.,.F.,(3,3),(0.,1.),.UNSPECIFIED.);
#2135=B_SPLINE_CURVE_WITH_KNOTS('',2,(#7638,#7639,#7640),.UNSPECIFIED.,
 .F.,.F.,(3,3),(0.,1.),.UNSPECIFIED.);
#2136=B_SPLINE_CURVE_WITH_KNOTS('',2,(#7648,#7649,#7650),.UNSPECIFIED.,
 .F.,.F.,(3,3),(0.,1.),.UNSPECIFIED.);
#2137=B_SPLINE_CURVE_WITH_KNOTS('',2,(#7653,#7654,#7655),.UNSPECIFIED.,
 .F.,.F.,(3,3),(0.,1.),.UNSPECIFIED.);
#2138=B_SPLINE_CURVE_WITH_KNOTS('',2,(#7663,#7664,#7665),.UNSPECIFIED.,
 .F.,.F.,(3,3),(0.,1.),.UNSPECIFIED.);
#2139=B_SPLINE_CURVE_WITH_KNOTS('',2,(#7668,#7669,#7670),.UNSPECIFIED.,
 .F.,.F.,(3,3),(0.,1.),.UNSPECIFIED.);
#2140=B_SPLINE_CURVE_WITH_KNOTS('',2,(#7678,#7679,#7680),.UNSPECIFIED.,
 .F.,.F.,(3,3),(0.,1.),.UNSPECIFIED.);
#2141=B_SPLINE_CURVE_WITH_KNOTS('',2,(#7683,#7684,#7685),.UNSPECIFIED.,
 .F.,.F.,(3,3),(0.,1.),.UNSPECIFIED.);
#2142=B_SPLINE_CURVE_WITH_KNOTS('',2,(#7693,#7694,#7695),.UNSPECIFIED.,
 .F.,.F.,(3,3),(0.,1.),.UNSPECIFIED.);
#2143=B_SPLINE_CURVE_WITH_KNOTS('',2,(#7698,#7699,#7700),.UNSPECIFIED.,
 .F.,.F.,(3,3),(0.,1.),.UNSPECIFIED.);
#2144=B_SPLINE_CURVE_WITH_KNOTS('',2,(#7708,#7709,#7710),.UNSPECIFIED.,
 .F.,.F.,(3,3),(0.,1.),.UNSPECIFIED.);
#2145=B_SPLINE_CURVE_WITH_KNOTS('',2,(#7713,#7714,#7715),.UNSPECIFIED.,
 .F.,.F.,(3,3),(0.,1.),.UNSPECIFIED.);
#2146=B_SPLINE_CURVE_WITH_KNOTS('',2,(#7723,#7724,#7725),.UNSPECIFIED.,
 .F.,.F.,(3,3),(0.,1.),.UNSPECIFIED.);
#2147=B_SPLINE_CURVE_WITH_KNOTS('',2,(#7728,#7729,#7730),.UNSPECIFIED.,
 .F.,.F.,(3,3),(0.,1.),.UNSPECIFIED.);
#2148=B_SPLINE_CURVE_WITH_KNOTS('',2,(#7738,#7739,#7740),.UNSPECIFIED.,
 .F.,.F.,(3,3),(0.,1.),.UNSPECIFIED.);
#2149=B_SPLINE_CURVE_WITH_KNOTS('',2,(#7743,#7744,#7745),.UNSPECIFIED.,
 .F.,.F.,(3,3),(0.,1.),.UNSPECIFIED.);
#2150=B_SPLINE_CURVE_WITH_KNOTS('',2,(#7753,#7754,#7755),.UNSPECIFIED.,
 .F.,.F.,(3,3),(0.,1.),.UNSPECIFIED.);
#2151=B_SPLINE_CURVE_WITH_KNOTS('',2,(#7758,#7759,#7760),.UNSPECIFIED.,
 .F.,.F.,(3,3),(0.,1.),.UNSPECIFIED.);
#2152=B_SPLINE_CURVE_WITH_KNOTS('',2,(#7768,#7769,#7770),.UNSPECIFIED.,
 .F.,.F.,(3,3),(0.,1.),.UNSPECIFIED.);
#2153=B_SPLINE_CURVE_WITH_KNOTS('',2,(#7773,#7774,#7775),.UNSPECIFIED.,
 .F.,.F.,(3,3),(0.,1.),.UNSPECIFIED.);
#2154=B_SPLINE_CURVE_WITH_KNOTS('',2,(#7789,#7790,#7791),.UNSPECIFIED.,
 .F.,.F.,(3,3),(0.,1.),.UNSPECIFIED.);
#2155=B_SPLINE_CURVE_WITH_KNOTS('',2,(#7794,#7795,#7796),.UNSPECIFIED.,
 .F.,.F.,(3,3),(0.,1.),.UNSPECIFIED.);
#2156=B_SPLINE_CURVE_WITH_KNOTS('',2,(#7804,#7805,#7806),.UNSPECIFIED.,
 .F.,.F.,(3,3),(0.,1.),.UNSPECIFIED.);
#2157=B_SPLINE_CURVE_WITH_KNOTS('',2,(#7809,#7810,#7811),.UNSPECIFIED.,
 .F.,.F.,(3,3),(0.,1.),.UNSPECIFIED.);
#2158=B_SPLINE_CURVE_WITH_KNOTS('',2,(#7819,#7820,#7821),.UNSPECIFIED.,
 .F.,.F.,(3,3),(0.,1.),.UNSPECIFIED.);
#2159=B_SPLINE_CURVE_WITH_KNOTS('',2,(#7824,#7825,#7826),.UNSPECIFIED.,
 .F.,.F.,(3,3),(0.,1.),.UNSPECIFIED.);
#2160=B_SPLINE_CURVE_WITH_KNOTS('',2,(#7834,#7835,#7836),.UNSPECIFIED.,
 .F.,.F.,(3,3),(0.,1.),.UNSPECIFIED.);
#2161=B_SPLINE_CURVE_WITH_KNOTS('',2,(#7839,#7840,#7841),.UNSPECIFIED.,
 .F.,.F.,(3,3),(0.,1.),.UNSPECIFIED.);
#2162=B_SPLINE_CURVE_WITH_KNOTS('',2,(#7849,#7850,#7851),.UNSPECIFIED.,
 .F.,.F.,(3,3),(0.,1.),.UNSPECIFIED.);
#2163=B_SPLINE_CURVE_WITH_KNOTS('',2,(#7854,#7855,#7856),.UNSPECIFIED.,
 .F.,.F.,(3,3),(0.,1.),.UNSPECIFIED.);
#2164=B_SPLINE_CURVE_WITH_KNOTS('',2,(#7864,#7865,#7866),.UNSPECIFIED.,
 .F.,.F.,(3,3),(0.,1.),.UNSPECIFIED.);
#2165=B_SPLINE_CURVE_WITH_KNOTS('',2,(#7869,#7870,#7871),.UNSPECIFIED.,
 .F.,.F.,(3,3),(0.,1.),.UNSPECIFIED.);
#2166=B_SPLINE_CURVE_WITH_KNOTS('',2,(#7879,#7880,#7881),.UNSPECIFIED.,
 .F.,.F.,(3,3),(0.,1.),.UNSPECIFIED.);
#2167=B_SPLINE_CURVE_WITH_KNOTS('',2,(#7884,#7885,#7886),.UNSPECIFIED.,
 .F.,.F.,(3,3),(0.,1.),.UNSPECIFIED.);
#2168=B_SPLINE_CURVE_WITH_KNOTS('',2,(#7894,#7895,#7896),.UNSPECIFIED.,
 .F.,.F.,(3,3),(0.,1.),.UNSPECIFIED.);
#2169=B_SPLINE_CURVE_WITH_KNOTS('',2,(#7899,#7900,#7901),.UNSPECIFIED.,
 .F.,.F.,(3,3),(0.,1.),.UNSPECIFIED.);
#2170=B_SPLINE_CURVE_WITH_KNOTS('',2,(#7909,#7910,#7911),.UNSPECIFIED.,
 .F.,.F.,(3,3),(0.,1.),.UNSPECIFIED.);
#2171=B_SPLINE_CURVE_WITH_KNOTS('',2,(#7914,#7915,#7916),.UNSPECIFIED.,
 .F.,.F.,(3,3),(0.,1.),.UNSPECIFIED.);
#2172=B_SPLINE_CURVE_WITH_KNOTS('',2,(#7924,#7925,#7926),.UNSPECIFIED.,
 .F.,.F.,(3,3),(0.,1.),.UNSPECIFIED.);
#2173=B_SPLINE_CURVE_WITH_KNOTS('',2,(#7929,#7930,#7931),.UNSPECIFIED.,
 .F.,.F.,(3,3),(0.,1.),.UNSPECIFIED.);
#2174=B_SPLINE_CURVE_WITH_KNOTS('',2,(#7939,#7940,#7941),.UNSPECIFIED.,
 .F.,.F.,(3,3),(0.,1.),.UNSPECIFIED.);
#2175=B_SPLINE_CURVE_WITH_KNOTS('',2,(#7944,#7945,#7946),.UNSPECIFIED.,
 .F.,.F.,(3,3),(0.,1.),.UNSPECIFIED.);
#2176=B_SPLINE_CURVE_WITH_KNOTS('',2,(#7954,#7955,#7956),.UNSPECIFIED.,
 .F.,.F.,(3,3),(0.,1.),.UNSPECIFIED.);
#2177=B_SPLINE_CURVE_WITH_KNOTS('',2,(#7959,#7960,#7961),.UNSPECIFIED.,
 .F.,.F.,(3,3),(0.,1.),.UNSPECIFIED.);
#2178=B_SPLINE_CURVE_WITH_KNOTS('',2,(#7969,#7970,#7971),.UNSPECIFIED.,
 .F.,.F.,(3,3),(0.,1.),.UNSPECIFIED.);
#2179=B_SPLINE_CURVE_WITH_KNOTS('',2,(#7974,#7975,#7976),.UNSPECIFIED.,
 .F.,.F.,(3,3),(0.,1.),.UNSPECIFIED.);
#2180=B_SPLINE_CURVE_WITH_KNOTS('',2,(#7984,#7985,#7986),.UNSPECIFIED.,
 .F.,.F.,(3,3),(0.,1.),.UNSPECIFIED.);
#2181=B_SPLINE_CURVE_WITH_KNOTS('',2,(#7989,#7990,#7991),.UNSPECIFIED.,
 .F.,.F.,(3,3),(0.,1.),.UNSPECIFIED.);
#2182=B_SPLINE_CURVE_WITH_KNOTS('',2,(#7999,#8000,#8001),.UNSPECIFIED.,
 .F.,.F.,(3,3),(0.,1.),.UNSPECIFIED.);
#2183=B_SPLINE_CURVE_WITH_KNOTS('',2,(#8004,#8005,#8006),.UNSPECIFIED.,
 .F.,.F.,(3,3),(0.,1.),.UNSPECIFIED.);
#2184=B_SPLINE_CURVE_WITH_KNOTS('',2,(#8014,#8015,#8016),.UNSPECIFIED.,
 .F.,.F.,(3,3),(0.,1.),.UNSPECIFIED.);
#2185=B_SPLINE_CURVE_WITH_KNOTS('',2,(#8019,#8020,#8021),.UNSPECIFIED.,
 .F.,.F.,(3,3),(0.,1.),.UNSPECIFIED.);
#2186=B_SPLINE_CURVE_WITH_KNOTS('',2,(#8029,#8030,#8031),.UNSPECIFIED.,
 .F.,.F.,(3,3),(0.,1.),.UNSPECIFIED.);
#2187=B_SPLINE_CURVE_WITH_KNOTS('',2,(#8034,#8035,#8036),.UNSPECIFIED.,
 .F.,.F.,(3,3),(0.,1.),.UNSPECIFIED.);
#2188=B_SPLINE_CURVE_WITH_KNOTS('',2,(#8044,#8045,#8046),.UNSPECIFIED.,
 .F.,.F.,(3,3),(0.,1.),.UNSPECIFIED.);
#2189=B_SPLINE_CURVE_WITH_KNOTS('',2,(#8049,#8050,#8051),.UNSPECIFIED.,
 .F.,.F.,(3,3),(0.,1.),.UNSPECIFIED.);
#2190=B_SPLINE_CURVE_WITH_KNOTS('',2,(#8064,#8065,#8066),.UNSPECIFIED.,
 .F.,.F.,(3,3),(0.,1.),.UNSPECIFIED.);
#2191=B_SPLINE_CURVE_WITH_KNOTS('',2,(#8067,#8068,#8069),.UNSPECIFIED.,
 .F.,.F.,(3,3),(0.,1.),.UNSPECIFIED.);
#2192=B_SPLINE_CURVE_WITH_KNOTS('',2,(#8087,#8088,#8089),.UNSPECIFIED.,
 .F.,.F.,(3,3),(0.,1.),.UNSPECIFIED.);
#2193=B_SPLINE_CURVE_WITH_KNOTS('',2,(#8092,#8093,#8094),.UNSPECIFIED.,
 .F.,.F.,(3,3),(0.,1.),.UNSPECIFIED.);
#2194=B_SPLINE_CURVE_WITH_KNOTS('',2,(#8102,#8103,#8104),.UNSPECIFIED.,
 .F.,.F.,(3,3),(0.,1.),.UNSPECIFIED.);
#2195=B_SPLINE_CURVE_WITH_KNOTS('',2,(#8107,#8108,#8109),.UNSPECIFIED.,
 .F.,.F.,(3,3),(0.,1.),.UNSPECIFIED.);
#2196=B_SPLINE_CURVE_WITH_KNOTS('',2,(#8117,#8118,#8119),.UNSPECIFIED.,
 .F.,.F.,(3,3),(0.,1.),.UNSPECIFIED.);
#2197=B_SPLINE_CURVE_WITH_KNOTS('',2,(#8122,#8123,#8124),.UNSPECIFIED.,
 .F.,.F.,(3,3),(0.,1.),.UNSPECIFIED.);
#2198=B_SPLINE_CURVE_WITH_KNOTS('',2,(#8132,#8133,#8134),.UNSPECIFIED.,
 .F.,.F.,(3,3),(0.,1.),.UNSPECIFIED.);
#2199=B_SPLINE_CURVE_WITH_KNOTS('',2,(#8137,#8138,#8139),.UNSPECIFIED.,
 .F.,.F.,(3,3),(0.,1.),.UNSPECIFIED.);
#2200=B_SPLINE_CURVE_WITH_KNOTS('',2,(#8147,#8148,#8149),.UNSPECIFIED.,
 .F.,.F.,(3,3),(0.,1.),.UNSPECIFIED.);
#2201=B_SPLINE_CURVE_WITH_KNOTS('',2,(#8152,#8153,#8154),.UNSPECIFIED.,
 .F.,.F.,(3,3),(0.,1.),.UNSPECIFIED.);
#2202=B_SPLINE_CURVE_WITH_KNOTS('',2,(#8162,#8163,#8164),.UNSPECIFIED.,
 .F.,.F.,(3,3),(0.,1.),.UNSPECIFIED.);
#2203=B_SPLINE_CURVE_WITH_KNOTS('',2,(#8167,#8168,#8169),.UNSPECIFIED.,
 .F.,.F.,(3,3),(0.,1.),.UNSPECIFIED.);
#2204=B_SPLINE_CURVE_WITH_KNOTS('',2,(#8195,#8196,#8197),.UNSPECIFIED.,
 .F.,.F.,(3,3),(0.,1.),.UNSPECIFIED.);
#2205=B_SPLINE_CURVE_WITH_KNOTS('',2,(#8200,#8201,#8202),.UNSPECIFIED.,
 .F.,.F.,(3,3),(0.,1.),.UNSPECIFIED.);
#2206=B_SPLINE_CURVE_WITH_KNOTS('',2,(#8210,#8211,#8212),.UNSPECIFIED.,
 .F.,.F.,(3,3),(0.,1.),.UNSPECIFIED.);
#2207=B_SPLINE_CURVE_WITH_KNOTS('',2,(#8215,#8216,#8217),.UNSPECIFIED.,
 .F.,.F.,(3,3),(0.,1.),.UNSPECIFIED.);
#2208=B_SPLINE_CURVE_WITH_KNOTS('',2,(#8225,#8226,#8227),.UNSPECIFIED.,
 .F.,.F.,(3,3),(0.,1.),.UNSPECIFIED.);
#2209=B_SPLINE_CURVE_WITH_KNOTS('',2,(#8230,#8231,#8232),.UNSPECIFIED.,
 .F.,.F.,(3,3),(0.,1.),.UNSPECIFIED.);
#2210=B_SPLINE_CURVE_WITH_KNOTS('',2,(#8240,#8241,#8242),.UNSPECIFIED.,
 .F.,.F.,(3,3),(0.,1.),.UNSPECIFIED.);
#2211=B_SPLINE_CURVE_WITH_KNOTS('',2,(#8245,#8246,#8247),.UNSPECIFIED.,
 .F.,.F.,(3,3),(0.,1.),.UNSPECIFIED.);
#2212=B_SPLINE_CURVE_WITH_KNOTS('',2,(#8255,#8256,#8257),.UNSPECIFIED.,
 .F.,.F.,(3,3),(0.,1.),.UNSPECIFIED.);
#2213=B_SPLINE_CURVE_WITH_KNOTS('',2,(#8260,#8261,#8262),.UNSPECIFIED.,
 .F.,.F.,(3,3),(0.,1.),.UNSPECIFIED.);
#2214=B_SPLINE_CURVE_WITH_KNOTS('',2,(#8270,#8271,#8272),.UNSPECIFIED.,
 .F.,.F.,(3,3),(0.,1.),.UNSPECIFIED.);
#2215=B_SPLINE_CURVE_WITH_KNOTS('',2,(#8275,#8276,#8277),.UNSPECIFIED.,
 .F.,.F.,(3,3),(0.,1.),.UNSPECIFIED.);
#2216=B_SPLINE_CURVE_WITH_KNOTS('',2,(#8285,#8286,#8287),.UNSPECIFIED.,
 .F.,.F.,(3,3),(0.,1.),.UNSPECIFIED.);
#2217=B_SPLINE_CURVE_WITH_KNOTS('',2,(#8290,#8291,#8292),.UNSPECIFIED.,
 .F.,.F.,(3,3),(0.,1.),.UNSPECIFIED.);
#2218=B_SPLINE_CURVE_WITH_KNOTS('',2,(#8310,#8311,#8312),.UNSPECIFIED.,
 .F.,.F.,(3,3),(0.,1.),.UNSPECIFIED.);
#2219=B_SPLINE_CURVE_WITH_KNOTS('',2,(#8316,#8317,#8318),.UNSPECIFIED.,
 .F.,.F.,(3,3),(0.,1.),.UNSPECIFIED.);
#2220=B_SPLINE_CURVE_WITH_KNOTS('',2,(#8327,#8328,#8329),.UNSPECIFIED.,
 .F.,.F.,(3,3),(0.,1.),.UNSPECIFIED.);
#2221=B_SPLINE_CURVE_WITH_KNOTS('',2,(#8332,#8333,#8334),.UNSPECIFIED.,
 .F.,.F.,(3,3),(0.,1.),.UNSPECIFIED.);
#2222=B_SPLINE_CURVE_WITH_KNOTS('',2,(#8342,#8343,#8344),.UNSPECIFIED.,
 .F.,.F.,(3,3),(0.,1.),.UNSPECIFIED.);
#2223=B_SPLINE_CURVE_WITH_KNOTS('',2,(#8347,#8348,#8349),.UNSPECIFIED.,
 .F.,.F.,(3,3),(0.,1.),.UNSPECIFIED.);
#2224=B_SPLINE_CURVE_WITH_KNOTS('',2,(#8357,#8358,#8359),.UNSPECIFIED.,
 .F.,.F.,(3,3),(0.,1.),.UNSPECIFIED.);
#2225=B_SPLINE_CURVE_WITH_KNOTS('',2,(#8362,#8363,#8364),.UNSPECIFIED.,
 .F.,.F.,(3,3),(0.,1.),.UNSPECIFIED.);
#2226=B_SPLINE_CURVE_WITH_KNOTS('',2,(#8372,#8373,#8374),.UNSPECIFIED.,
 .F.,.F.,(3,3),(0.,1.),.UNSPECIFIED.);
#2227=B_SPLINE_CURVE_WITH_KNOTS('',2,(#8377,#8378,#8379),.UNSPECIFIED.,
 .F.,.F.,(3,3),(0.,1.),.UNSPECIFIED.);
#2228=B_SPLINE_CURVE_WITH_KNOTS('',2,(#8387,#8388,#8389),.UNSPECIFIED.,
 .F.,.F.,(3,3),(0.,1.),.UNSPECIFIED.);
#2229=B_SPLINE_CURVE_WITH_KNOTS('',2,(#8392,#8393,#8394),.UNSPECIFIED.,
 .F.,.F.,(3,3),(0.,1.),.UNSPECIFIED.);
#2230=B_SPLINE_CURVE_WITH_KNOTS('',2,(#8402,#8403,#8404),.UNSPECIFIED.,
 .F.,.F.,(3,3),(0.,1.),.UNSPECIFIED.);
#2231=B_SPLINE_CURVE_WITH_KNOTS('',2,(#8407,#8408,#8409),.UNSPECIFIED.,
 .F.,.F.,(3,3),(0.,1.),.UNSPECIFIED.);
#2232=B_SPLINE_CURVE_WITH_KNOTS('',2,(#8417,#8418,#8419),.UNSPECIFIED.,
 .F.,.F.,(3,3),(0.,1.),.UNSPECIFIED.);
#2233=B_SPLINE_CURVE_WITH_KNOTS('',2,(#8422,#8423,#8424),.UNSPECIFIED.,
 .F.,.F.,(3,3),(0.,1.),.UNSPECIFIED.);
#2234=B_SPLINE_CURVE_WITH_KNOTS('',2,(#8432,#8433,#8434),.UNSPECIFIED.,
 .F.,.F.,(3,3),(0.,1.),.UNSPECIFIED.);
#2235=B_SPLINE_CURVE_WITH_KNOTS('',2,(#8437,#8438,#8439),.UNSPECIFIED.,
 .F.,.F.,(3,3),(0.,1.),.UNSPECIFIED.);
#2236=B_SPLINE_CURVE_WITH_KNOTS('',2,(#8447,#8448,#8449),.UNSPECIFIED.,
 .F.,.F.,(3,3),(0.,1.),.UNSPECIFIED.);
#2237=B_SPLINE_CURVE_WITH_KNOTS('',2,(#8452,#8453,#8454),.UNSPECIFIED.,
 .F.,.F.,(3,3),(0.,1.),.UNSPECIFIED.);
#2238=B_SPLINE_CURVE_WITH_KNOTS('',2,(#8462,#8463,#8464),.UNSPECIFIED.,
 .F.,.F.,(3,3),(0.,1.),.UNSPECIFIED.);
#2239=B_SPLINE_CURVE_WITH_KNOTS('',2,(#8467,#8468,#8469),.UNSPECIFIED.,
 .F.,.F.,(3,3),(0.,1.),.UNSPECIFIED.);
#2240=B_SPLINE_CURVE_WITH_KNOTS('',2,(#8580,#8581,#8582),.UNSPECIFIED.,
 .F.,.F.,(3,3),(0.,1.),.UNSPECIFIED.);
#2241=B_SPLINE_CURVE_WITH_KNOTS('',2,(#8586,#8587,#8588),.UNSPECIFIED.,
 .F.,.F.,(3,3),(0.,1.),.UNSPECIFIED.);
#2242=B_SPLINE_CURVE_WITH_KNOTS('',2,(#8597,#8598,#8599),.UNSPECIFIED.,
 .F.,.F.,(3,3),(0.,1.),.UNSPECIFIED.);
#2243=B_SPLINE_CURVE_WITH_KNOTS('',2,(#8602,#8603,#8604),.UNSPECIFIED.,
 .F.,.F.,(3,3),(0.,1.),.UNSPECIFIED.);
#2244=B_SPLINE_CURVE_WITH_KNOTS('',2,(#8612,#8613,#8614),.UNSPECIFIED.,
 .F.,.F.,(3,3),(0.,1.),.UNSPECIFIED.);
#2245=B_SPLINE_CURVE_WITH_KNOTS('',2,(#8617,#8618,#8619),.UNSPECIFIED.,
 .F.,.F.,(3,3),(0.,1.),.UNSPECIFIED.);
#2246=B_SPLINE_CURVE_WITH_KNOTS('',2,(#8627,#8628,#8629),.UNSPECIFIED.,
 .F.,.F.,(3,3),(0.,1.),.UNSPECIFIED.);
#2247=B_SPLINE_CURVE_WITH_KNOTS('',2,(#8632,#8633,#8634),.UNSPECIFIED.,
 .F.,.F.,(3,3),(0.,1.),.UNSPECIFIED.);
#2248=B_SPLINE_CURVE_WITH_KNOTS('',2,(#8642,#8643,#8644),.UNSPECIFIED.,
 .F.,.F.,(3,3),(0.,1.),.UNSPECIFIED.);
#2249=B_SPLINE_CURVE_WITH_KNOTS('',2,(#8647,#8648,#8649),.UNSPECIFIED.,
 .F.,.F.,(3,3),(0.,1.),.UNSPECIFIED.);
#2250=B_SPLINE_CURVE_WITH_KNOTS('',2,(#8675,#8676,#8677),.UNSPECIFIED.,
 .F.,.F.,(3,3),(0.,1.),.UNSPECIFIED.);
#2251=B_SPLINE_CURVE_WITH_KNOTS('',2,(#8680,#8681,#8682),.UNSPECIFIED.,
 .F.,.F.,(3,3),(0.,1.),.UNSPECIFIED.);
#2252=B_SPLINE_CURVE_WITH_KNOTS('',2,(#8690,#8691,#8692),.UNSPECIFIED.,
 .F.,.F.,(3,3),(0.,1.),.UNSPECIFIED.);
#2253=B_SPLINE_CURVE_WITH_KNOTS('',2,(#8695,#8696,#8697),.UNSPECIFIED.,
 .F.,.F.,(3,3),(0.,1.),.UNSPECIFIED.);
#2254=B_SPLINE_CURVE_WITH_KNOTS('',2,(#8705,#8706,#8707),.UNSPECIFIED.,
 .F.,.F.,(3,3),(0.,1.),.UNSPECIFIED.);
#2255=B_SPLINE_CURVE_WITH_KNOTS('',2,(#8710,#8711,#8712),.UNSPECIFIED.,
 .F.,.F.,(3,3),(0.,1.),.UNSPECIFIED.);
#2256=B_SPLINE_CURVE_WITH_KNOTS('',2,(#8720,#8721,#8722),.UNSPECIFIED.,
 .F.,.F.,(3,3),(0.,1.),.UNSPECIFIED.);
#2257=B_SPLINE_CURVE_WITH_KNOTS('',2,(#8725,#8726,#8727),.UNSPECIFIED.,
 .F.,.F.,(3,3),(0.,1.),.UNSPECIFIED.);
#2258=B_SPLINE_CURVE_WITH_KNOTS('',2,(#8735,#8736,#8737),.UNSPECIFIED.,
 .F.,.F.,(3,3),(0.,1.),.UNSPECIFIED.);
#2259=B_SPLINE_CURVE_WITH_KNOTS('',2,(#8740,#8741,#8742),.UNSPECIFIED.,
 .F.,.F.,(3,3),(0.,1.),.UNSPECIFIED.);
#2260=B_SPLINE_CURVE_WITH_KNOTS('',2,(#8750,#8751,#8752),.UNSPECIFIED.,
 .F.,.F.,(3,3),(0.,1.),.UNSPECIFIED.);
#2261=B_SPLINE_CURVE_WITH_KNOTS('',2,(#8755,#8756,#8757),.UNSPECIFIED.,
 .F.,.F.,(3,3),(0.,1.),.UNSPECIFIED.);
#2262=B_SPLINE_CURVE_WITH_KNOTS('',2,(#8792,#8793,#8794),.UNSPECIFIED.,
 .F.,.F.,(3,3),(0.,1.),.UNSPECIFIED.);
#2263=B_SPLINE_CURVE_WITH_KNOTS('',2,(#8797,#8798,#8799),.UNSPECIFIED.,
 .F.,.F.,(3,3),(0.,1.),.UNSPECIFIED.);
#2264=B_SPLINE_CURVE_WITH_KNOTS('',2,(#8807,#8808,#8809),.UNSPECIFIED.,
 .F.,.F.,(3,3),(0.,1.),.UNSPECIFIED.);
#2265=B_SPLINE_CURVE_WITH_KNOTS('',2,(#8812,#8813,#8814),.UNSPECIFIED.,
 .F.,.F.,(3,3),(0.,1.),.UNSPECIFIED.);
#2266=B_SPLINE_CURVE_WITH_KNOTS('',2,(#8822,#8823,#8824),.UNSPECIFIED.,
 .F.,.F.,(3,3),(0.,1.),.UNSPECIFIED.);
#2267=B_SPLINE_CURVE_WITH_KNOTS('',2,(#8827,#8828,#8829),.UNSPECIFIED.,
 .F.,.F.,(3,3),(0.,1.),.UNSPECIFIED.);
#2268=B_SPLINE_CURVE_WITH_KNOTS('',2,(#8837,#8838,#8839),.UNSPECIFIED.,
 .F.,.F.,(3,3),(0.,1.),.UNSPECIFIED.);
#2269=B_SPLINE_CURVE_WITH_KNOTS('',2,(#8842,#8843,#8844),.UNSPECIFIED.,
 .F.,.F.,(3,3),(0.,1.),.UNSPECIFIED.);
#2270=B_SPLINE_CURVE_WITH_KNOTS('',2,(#8852,#8853,#8854),.UNSPECIFIED.,
 .F.,.F.,(3,3),(0.,1.),.UNSPECIFIED.);
#2271=B_SPLINE_CURVE_WITH_KNOTS('',2,(#8857,#8858,#8859),.UNSPECIFIED.,
 .F.,.F.,(3,3),(0.,1.),.UNSPECIFIED.);
#2272=B_SPLINE_CURVE_WITH_KNOTS('',2,(#8891,#8892,#8893),.UNSPECIFIED.,
 .F.,.F.,(3,3),(0.,1.),.UNSPECIFIED.);
#2273=B_SPLINE_CURVE_WITH_KNOTS('',2,(#8896,#8897,#8898),.UNSPECIFIED.,
 .F.,.F.,(3,3),(0.,1.),.UNSPECIFIED.);
#2274=B_SPLINE_CURVE_WITH_KNOTS('',2,(#8906,#8907,#8908),.UNSPECIFIED.,
 .F.,.F.,(3,3),(0.,1.),.UNSPECIFIED.);
#2275=B_SPLINE_CURVE_WITH_KNOTS('',2,(#8911,#8912,#8913),.UNSPECIFIED.,
 .F.,.F.,(3,3),(0.,1.),.UNSPECIFIED.);
#2276=B_SPLINE_CURVE_WITH_KNOTS('',2,(#8921,#8922,#8923),.UNSPECIFIED.,
 .F.,.F.,(3,3),(0.,1.),.UNSPECIFIED.);
#2277=B_SPLINE_CURVE_WITH_KNOTS('',2,(#8926,#8927,#8928),.UNSPECIFIED.,
 .F.,.F.,(3,3),(0.,1.),.UNSPECIFIED.);
#2278=B_SPLINE_CURVE_WITH_KNOTS('',2,(#8936,#8937,#8938),.UNSPECIFIED.,
 .F.,.F.,(3,3),(0.,1.),.UNSPECIFIED.);
#2279=B_SPLINE_CURVE_WITH_KNOTS('',2,(#8941,#8942,#8943),.UNSPECIFIED.,
 .F.,.F.,(3,3),(0.,1.),.UNSPECIFIED.);
#2280=B_SPLINE_CURVE_WITH_KNOTS('',2,(#8969,#8970,#8971),.UNSPECIFIED.,
 .F.,.F.,(3,3),(0.,1.),.UNSPECIFIED.);
#2281=B_SPLINE_CURVE_WITH_KNOTS('',2,(#8974,#8975,#8976),.UNSPECIFIED.,
 .F.,.F.,(3,3),(0.,1.),.UNSPECIFIED.);
#2282=B_SPLINE_CURVE_WITH_KNOTS('',2,(#8984,#8985,#8986),.UNSPECIFIED.,
 .F.,.F.,(3,3),(0.,1.),.UNSPECIFIED.);
#2283=B_SPLINE_CURVE_WITH_KNOTS('',2,(#8989,#8990,#8991),.UNSPECIFIED.,
 .F.,.F.,(3,3),(0.,1.),.UNSPECIFIED.);
#2284=B_SPLINE_CURVE_WITH_KNOTS('',2,(#8999,#9000,#9001),.UNSPECIFIED.,
 .F.,.F.,(3,3),(0.,1.),.UNSPECIFIED.);
#2285=B_SPLINE_CURVE_WITH_KNOTS('',2,(#9004,#9005,#9006),.UNSPECIFIED.,
 .F.,.F.,(3,3),(0.,1.),.UNSPECIFIED.);
#2286=B_SPLINE_CURVE_WITH_KNOTS('',2,(#9014,#9015,#9016),.UNSPECIFIED.,
 .F.,.F.,(3,3),(0.,1.),.UNSPECIFIED.);
#2287=B_SPLINE_CURVE_WITH_KNOTS('',2,(#9019,#9020,#9021),.UNSPECIFIED.,
 .F.,.F.,(3,3),(0.,1.),.UNSPECIFIED.);
#2288=B_SPLINE_CURVE_WITH_KNOTS('',2,(#9029,#9030,#9031),.UNSPECIFIED.,
 .F.,.F.,(3,3),(0.,1.),.UNSPECIFIED.);
#2289=B_SPLINE_CURVE_WITH_KNOTS('',2,(#9034,#9035,#9036),.UNSPECIFIED.,
 .F.,.F.,(3,3),(0.,1.),.UNSPECIFIED.);
#2290=B_SPLINE_CURVE_WITH_KNOTS('',2,(#9044,#9045,#9046),.UNSPECIFIED.,
 .F.,.F.,(3,3),(0.,1.),.UNSPECIFIED.);
#2291=B_SPLINE_CURVE_WITH_KNOTS('',2,(#9049,#9050,#9051),.UNSPECIFIED.,
 .F.,.F.,(3,3),(0.,1.),.UNSPECIFIED.);
#2292=B_SPLINE_CURVE_WITH_KNOTS('',2,(#9059,#9060,#9061),.UNSPECIFIED.,
 .F.,.F.,(3,3),(0.,1.),.UNSPECIFIED.);
#2293=B_SPLINE_CURVE_WITH_KNOTS('',2,(#9064,#9065,#9066),.UNSPECIFIED.,
 .F.,.F.,(3,3),(0.,1.),.UNSPECIFIED.);
#2294=B_SPLINE_CURVE_WITH_KNOTS('',2,(#9091,#9092,#9093),.UNSPECIFIED.,
 .F.,.F.,(3,3),(0.,1.),.UNSPECIFIED.);
#2295=B_SPLINE_CURVE_WITH_KNOTS('',2,(#9097,#9098,#9099),.UNSPECIFIED.,
 .F.,.F.,(3,3),(0.,1.),.UNSPECIFIED.);
#2296=B_SPLINE_CURVE_WITH_KNOTS('',2,(#9108,#9109,#9110),.UNSPECIFIED.,
 .F.,.F.,(3,3),(0.,1.),.UNSPECIFIED.);
#2297=B_SPLINE_CURVE_WITH_KNOTS('',2,(#9113,#9114,#9115),.UNSPECIFIED.,
 .F.,.F.,(3,3),(0.,1.),.UNSPECIFIED.);
#2298=B_SPLINE_CURVE_WITH_KNOTS('',2,(#9123,#9124,#9125),.UNSPECIFIED.,
 .F.,.F.,(3,3),(0.,1.),.UNSPECIFIED.);
#2299=B_SPLINE_CURVE_WITH_KNOTS('',2,(#9128,#9129,#9130),.UNSPECIFIED.,
 .F.,.F.,(3,3),(0.,1.),.UNSPECIFIED.);
#2300=B_SPLINE_CURVE_WITH_KNOTS('',2,(#9138,#9139,#9140),.UNSPECIFIED.,
 .F.,.F.,(3,3),(0.,1.),.UNSPECIFIED.);
#2301=B_SPLINE_CURVE_WITH_KNOTS('',2,(#9143,#9144,#9145),.UNSPECIFIED.,
 .F.,.F.,(3,3),(0.,1.),.UNSPECIFIED.);
#2302=B_SPLINE_CURVE_WITH_KNOTS('',2,(#9171,#9172,#9173),.UNSPECIFIED.,
 .F.,.F.,(3,3),(0.,1.),.UNSPECIFIED.);
#2303=B_SPLINE_CURVE_WITH_KNOTS('',2,(#9176,#9177,#9178),.UNSPECIFIED.,
 .F.,.F.,(3,3),(0.,1.),.UNSPECIFIED.);
#2304=B_SPLINE_CURVE_WITH_KNOTS('',2,(#9186,#9187,#9188),.UNSPECIFIED.,
 .F.,.F.,(3,3),(0.,1.),.UNSPECIFIED.);
#2305=B_SPLINE_CURVE_WITH_KNOTS('',2,(#9191,#9192,#9193),.UNSPECIFIED.,
 .F.,.F.,(3,3),(0.,1.),.UNSPECIFIED.);
#2306=B_SPLINE_CURVE_WITH_KNOTS('',2,(#9201,#9202,#9203),.UNSPECIFIED.,
 .F.,.F.,(3,3),(0.,1.),.UNSPECIFIED.);
#2307=B_SPLINE_CURVE_WITH_KNOTS('',2,(#9206,#9207,#9208),.UNSPECIFIED.,
 .F.,.F.,(3,3),(0.,1.),.UNSPECIFIED.);
#2308=B_SPLINE_CURVE_WITH_KNOTS('',2,(#9216,#9217,#9218),.UNSPECIFIED.,
 .F.,.F.,(3,3),(0.,1.),.UNSPECIFIED.);
#2309=B_SPLINE_CURVE_WITH_KNOTS('',2,(#9221,#9222,#9223),.UNSPECIFIED.,
 .F.,.F.,(3,3),(0.,1.),.UNSPECIFIED.);
#2310=B_SPLINE_CURVE_WITH_KNOTS('',2,(#9231,#9232,#9233),.UNSPECIFIED.,
 .F.,.F.,(3,3),(0.,1.),.UNSPECIFIED.);
#2311=B_SPLINE_CURVE_WITH_KNOTS('',2,(#9236,#9237,#9238),.UNSPECIFIED.,
 .F.,.F.,(3,3),(0.,1.),.UNSPECIFIED.);
#2312=B_SPLINE_CURVE_WITH_KNOTS('',2,(#9251,#9252,#9253),.UNSPECIFIED.,
 .F.,.F.,(3,3),(0.,1.),.UNSPECIFIED.);
#2313=B_SPLINE_CURVE_WITH_KNOTS('',2,(#9254,#9255,#9256),.UNSPECIFIED.,
 .F.,.F.,(3,3),(0.,1.),.UNSPECIFIED.);
#2314=B_SPLINE_CURVE_WITH_KNOTS('',2,(#9292,#9293,#9294),.UNSPECIFIED.,
 .F.,.F.,(3,3),(0.,1.),.UNSPECIFIED.);
#2315=B_SPLINE_CURVE_WITH_KNOTS('',2,(#9297,#9298,#9299),.UNSPECIFIED.,
 .F.,.F.,(3,3),(0.,1.),.UNSPECIFIED.);
#2316=B_SPLINE_CURVE_WITH_KNOTS('',2,(#9307,#9308,#9309),.UNSPECIFIED.,
 .F.,.F.,(3,3),(0.,1.),.UNSPECIFIED.);
#2317=B_SPLINE_CURVE_WITH_KNOTS('',2,(#9312,#9313,#9314),.UNSPECIFIED.,
 .F.,.F.,(3,3),(0.,1.),.UNSPECIFIED.);
#2318=B_SPLINE_CURVE_WITH_KNOTS('',2,(#9351,#9352,#9353),.UNSPECIFIED.,
 .F.,.F.,(3,3),(0.,1.),.UNSPECIFIED.);
#2319=B_SPLINE_CURVE_WITH_KNOTS('',2,(#9357,#9358,#9359),.UNSPECIFIED.,
 .F.,.F.,(3,3),(0.,1.),.UNSPECIFIED.);
#2320=B_SPLINE_CURVE_WITH_KNOTS('',2,(#9368,#9369,#9370),.UNSPECIFIED.,
 .F.,.F.,(3,3),(0.,1.),.UNSPECIFIED.);
#2321=B_SPLINE_CURVE_WITH_KNOTS('',2,(#9373,#9374,#9375),.UNSPECIFIED.,
 .F.,.F.,(3,3),(0.,1.),.UNSPECIFIED.);
#2322=B_SPLINE_CURVE_WITH_KNOTS('',2,(#9383,#9384,#9385),.UNSPECIFIED.,
 .F.,.F.,(3,3),(0.,1.),.UNSPECIFIED.);
#2323=B_SPLINE_CURVE_WITH_KNOTS('',2,(#9388,#9389,#9390),.UNSPECIFIED.,
 .F.,.F.,(3,3),(0.,1.),.UNSPECIFIED.);
#2324=B_SPLINE_CURVE_WITH_KNOTS('',2,(#9398,#9399,#9400),.UNSPECIFIED.,
 .F.,.F.,(3,3),(0.,1.),.UNSPECIFIED.);
#2325=B_SPLINE_CURVE_WITH_KNOTS('',2,(#9403,#9404,#9405),.UNSPECIFIED.,
 .F.,.F.,(3,3),(0.,1.),.UNSPECIFIED.);
#2326=B_SPLINE_CURVE_WITH_KNOTS('',2,(#9413,#9414,#9415),.UNSPECIFIED.,
 .F.,.F.,(3,3),(0.,1.),.UNSPECIFIED.);
#2327=B_SPLINE_CURVE_WITH_KNOTS('',2,(#9418,#9419,#9420),.UNSPECIFIED.,
 .F.,.F.,(3,3),(0.,1.),.UNSPECIFIED.);
#2328=B_SPLINE_CURVE_WITH_KNOTS('',2,(#9428,#9429,#9430),.UNSPECIFIED.,
 .F.,.F.,(3,3),(0.,1.),.UNSPECIFIED.);
#2329=B_SPLINE_CURVE_WITH_KNOTS('',2,(#9433,#9434,#9435),.UNSPECIFIED.,
 .F.,.F.,(3,3),(0.,1.),.UNSPECIFIED.);
#2330=B_SPLINE_CURVE_WITH_KNOTS('',2,(#9443,#9444,#9445),.UNSPECIFIED.,
 .F.,.F.,(3,3),(0.,1.),.UNSPECIFIED.);
#2331=B_SPLINE_CURVE_WITH_KNOTS('',2,(#9448,#9449,#9450),.UNSPECIFIED.,
 .F.,.F.,(3,3),(0.,1.),.UNSPECIFIED.);
#2332=B_SPLINE_CURVE_WITH_KNOTS('',2,(#9458,#9459,#9460),.UNSPECIFIED.,
 .F.,.F.,(3,3),(0.,1.),.UNSPECIFIED.);
#2333=B_SPLINE_CURVE_WITH_KNOTS('',2,(#9463,#9464,#9465),.UNSPECIFIED.,
 .F.,.F.,(3,3),(0.,1.),.UNSPECIFIED.);
#2334=B_SPLINE_CURVE_WITH_KNOTS('',2,(#9472,#9473,#9474),.UNSPECIFIED.,
 .F.,.F.,(3,3),(0.,1.),.UNSPECIFIED.);
#2335=B_SPLINE_CURVE_WITH_KNOTS('',2,(#9475,#9476,#9477),.UNSPECIFIED.,
 .F.,.F.,(3,3),(0.,1.),.UNSPECIFIED.);
#2336=B_SPLINE_CURVE_WITH_KNOTS('',2,(#9486,#9487,#9488),.UNSPECIFIED.,
 .F.,.F.,(3,3),(0.,1.),.UNSPECIFIED.);
#2337=B_SPLINE_CURVE_WITH_KNOTS('',2,(#9492,#9493,#9494),.UNSPECIFIED.,
 .F.,.F.,(3,3),(0.,1.),.UNSPECIFIED.);
#2338=B_SPLINE_CURVE_WITH_KNOTS('',2,(#9503,#9504,#9505),.UNSPECIFIED.,
 .F.,.F.,(3,3),(0.,1.),.UNSPECIFIED.);
#2339=B_SPLINE_CURVE_WITH_KNOTS('',2,(#9508,#9509,#9510),.UNSPECIFIED.,
 .F.,.F.,(3,3),(0.,1.),.UNSPECIFIED.);
#2340=B_SPLINE_CURVE_WITH_KNOTS('',2,(#9518,#9519,#9520),.UNSPECIFIED.,
 .F.,.F.,(3,3),(0.,1.),.UNSPECIFIED.);
#2341=B_SPLINE_CURVE_WITH_KNOTS('',2,(#9523,#9524,#9525),.UNSPECIFIED.,
 .F.,.F.,(3,3),(0.,1.),.UNSPECIFIED.);
#2342=B_SPLINE_CURVE_WITH_KNOTS('',2,(#9533,#9534,#9535),.UNSPECIFIED.,
 .F.,.F.,(3,3),(0.,1.),.UNSPECIFIED.);
#2343=B_SPLINE_CURVE_WITH_KNOTS('',2,(#9538,#9539,#9540),.UNSPECIFIED.,
 .F.,.F.,(3,3),(0.,1.),.UNSPECIFIED.);
#2344=B_SPLINE_CURVE_WITH_KNOTS('',2,(#9548,#9549,#9550),.UNSPECIFIED.,
 .F.,.F.,(3,3),(0.,1.),.UNSPECIFIED.);
#2345=B_SPLINE_CURVE_WITH_KNOTS('',2,(#9553,#9554,#9555),.UNSPECIFIED.,
 .F.,.F.,(3,3),(0.,1.),.UNSPECIFIED.);
#2346=B_SPLINE_CURVE_WITH_KNOTS('',2,(#9563,#9564,#9565),.UNSPECIFIED.,
 .F.,.F.,(3,3),(0.,1.),.UNSPECIFIED.);
#2347=B_SPLINE_CURVE_WITH_KNOTS('',2,(#9568,#9569,#9570),.UNSPECIFIED.,
 .F.,.F.,(3,3),(0.,1.),.UNSPECIFIED.);
#2348=B_SPLINE_CURVE_WITH_KNOTS('',2,(#9578,#9579,#9580),.UNSPECIFIED.,
 .F.,.F.,(3,3),(0.,1.),.UNSPECIFIED.);
#2349=B_SPLINE_CURVE_WITH_KNOTS('',2,(#9583,#9584,#9585),.UNSPECIFIED.,
 .F.,.F.,(3,3),(0.,1.),.UNSPECIFIED.);
#2350=B_SPLINE_CURVE_WITH_KNOTS('',2,(#9593,#9594,#9595),.UNSPECIFIED.,
 .F.,.F.,(3,3),(0.,1.),.UNSPECIFIED.);
#2351=B_SPLINE_CURVE_WITH_KNOTS('',2,(#9598,#9599,#9600),.UNSPECIFIED.,
 .F.,.F.,(3,3),(0.,1.),.UNSPECIFIED.);
#2352=B_SPLINE_CURVE_WITH_KNOTS('',2,(#9608,#9609,#9610),.UNSPECIFIED.,
 .F.,.F.,(3,3),(0.,1.),.UNSPECIFIED.);
#2353=B_SPLINE_CURVE_WITH_KNOTS('',2,(#9613,#9614,#9615),.UNSPECIFIED.,
 .F.,.F.,(3,3),(0.,1.),.UNSPECIFIED.);
#2354=B_SPLINE_CURVE_WITH_KNOTS('',2,(#9623,#9624,#9625),.UNSPECIFIED.,
 .F.,.F.,(3,3),(0.,1.),.UNSPECIFIED.);
#2355=B_SPLINE_CURVE_WITH_KNOTS('',2,(#9628,#9629,#9630),.UNSPECIFIED.,
 .F.,.F.,(3,3),(0.,1.),.UNSPECIFIED.);
#2356=B_SPLINE_CURVE_WITH_KNOTS('',2,(#9637,#9638,#9639),.UNSPECIFIED.,
 .F.,.F.,(3,3),(0.,1.),.UNSPECIFIED.);
#2357=B_SPLINE_CURVE_WITH_KNOTS('',2,(#9640,#9641,#9642),.UNSPECIFIED.,
 .F.,.F.,(3,3),(0.,1.),.UNSPECIFIED.);
#2358=B_SPLINE_CURVE_WITH_KNOTS('',2,(#9660,#9661,#9662),.UNSPECIFIED.,
 .F.,.F.,(3,3),(0.,1.),.UNSPECIFIED.);
#2359=B_SPLINE_CURVE_WITH_KNOTS('',2,(#9665,#9666,#9667),.UNSPECIFIED.,
 .F.,.F.,(3,3),(0.,1.),.UNSPECIFIED.);
#2360=B_SPLINE_CURVE_WITH_KNOTS('',2,(#9675,#9676,#9677),.UNSPECIFIED.,
 .F.,.F.,(3,3),(0.,1.),.UNSPECIFIED.);
#2361=B_SPLINE_CURVE_WITH_KNOTS('',2,(#9680,#9681,#9682),.UNSPECIFIED.,
 .F.,.F.,(3,3),(0.,1.),.UNSPECIFIED.);
#2362=B_SPLINE_CURVE_WITH_KNOTS('',2,(#9720,#9721,#9722),.UNSPECIFIED.,
 .F.,.F.,(3,3),(0.,1.),.UNSPECIFIED.);
#2363=B_SPLINE_CURVE_WITH_KNOTS('',2,(#9725,#9726,#9727),.UNSPECIFIED.,
 .F.,.F.,(3,3),(0.,1.),.UNSPECIFIED.);
#2364=B_SPLINE_CURVE_WITH_KNOTS('',2,(#9735,#9736,#9737),.UNSPECIFIED.,
 .F.,.F.,(3,3),(0.,1.),.UNSPECIFIED.);
#2365=B_SPLINE_CURVE_WITH_KNOTS('',2,(#9740,#9741,#9742),.UNSPECIFIED.,
 .F.,.F.,(3,3),(0.,1.),.UNSPECIFIED.);
#2366=B_SPLINE_CURVE_WITH_KNOTS('',2,(#9768,#9769,#9770),.UNSPECIFIED.,
 .F.,.F.,(3,3),(0.,1.),.UNSPECIFIED.);
#2367=B_SPLINE_CURVE_WITH_KNOTS('',2,(#9773,#9774,#9775),.UNSPECIFIED.,
 .F.,.F.,(3,3),(0.,1.),.UNSPECIFIED.);
#2368=B_SPLINE_CURVE_WITH_KNOTS('',2,(#9783,#9784,#9785),.UNSPECIFIED.,
 .F.,.F.,(3,3),(0.,1.),.UNSPECIFIED.);
#2369=B_SPLINE_CURVE_WITH_KNOTS('',2,(#9788,#9789,#9790),.UNSPECIFIED.,
 .F.,.F.,(3,3),(0.,1.),.UNSPECIFIED.);
#2370=B_SPLINE_CURVE_WITH_KNOTS('',2,(#9829,#9830,#9831),.UNSPECIFIED.,
 .F.,.F.,(3,3),(0.,1.),.UNSPECIFIED.);
#2371=B_SPLINE_CURVE_WITH_KNOTS('',2,(#9834,#9835,#9836),.UNSPECIFIED.,
 .F.,.F.,(3,3),(0.,1.),.UNSPECIFIED.);
#2372=B_SPLINE_CURVE_WITH_KNOTS('',2,(#9844,#9845,#9846),.UNSPECIFIED.,
 .F.,.F.,(3,3),(0.,1.),.UNSPECIFIED.);
#2373=B_SPLINE_CURVE_WITH_KNOTS('',2,(#9849,#9850,#9851),.UNSPECIFIED.,
 .F.,.F.,(3,3),(0.,1.),.UNSPECIFIED.);
#2374=B_SPLINE_CURVE_WITH_KNOTS('',2,(#9859,#9860,#9861),.UNSPECIFIED.,
 .F.,.F.,(3,3),(0.,1.),.UNSPECIFIED.);
#2375=B_SPLINE_CURVE_WITH_KNOTS('',2,(#9864,#9865,#9866),.UNSPECIFIED.,
 .F.,.F.,(3,3),(0.,1.),.UNSPECIFIED.);
#2376=B_SPLINE_CURVE_WITH_KNOTS('',2,(#9874,#9875,#9876),.UNSPECIFIED.,
 .F.,.F.,(3,3),(0.,1.),.UNSPECIFIED.);
#2377=B_SPLINE_CURVE_WITH_KNOTS('',2,(#9879,#9880,#9881),.UNSPECIFIED.,
 .F.,.F.,(3,3),(0.,1.),.UNSPECIFIED.);
#2378=B_SPLINE_CURVE_WITH_KNOTS('',2,(#9889,#9890,#9891),.UNSPECIFIED.,
 .F.,.F.,(3,3),(0.,1.),.UNSPECIFIED.);
#2379=B_SPLINE_CURVE_WITH_KNOTS('',2,(#9894,#9895,#9896),.UNSPECIFIED.,
 .F.,.F.,(3,3),(0.,1.),.UNSPECIFIED.);
#2380=B_SPLINE_CURVE_WITH_KNOTS('',2,(#9928,#9929,#9930),.UNSPECIFIED.,
 .F.,.F.,(3,3),(0.,1.),.UNSPECIFIED.);
#2381=B_SPLINE_CURVE_WITH_KNOTS('',2,(#9933,#9934,#9935),.UNSPECIFIED.,
 .F.,.F.,(3,3),(0.,1.),.UNSPECIFIED.);
#2382=B_SPLINE_CURVE_WITH_KNOTS('',2,(#9943,#9944,#9945),.UNSPECIFIED.,
 .F.,.F.,(3,3),(0.,1.),.UNSPECIFIED.);
#2383=B_SPLINE_CURVE_WITH_KNOTS('',2,(#9948,#9949,#9950),.UNSPECIFIED.,
 .F.,.F.,(3,3),(0.,1.),.UNSPECIFIED.);
#2384=B_SPLINE_CURVE_WITH_KNOTS('',2,(#9958,#9959,#9960),.UNSPECIFIED.,
 .F.,.F.,(3,3),(0.,1.),.UNSPECIFIED.);
#2385=B_SPLINE_CURVE_WITH_KNOTS('',2,(#9963,#9964,#9965),.UNSPECIFIED.,
 .F.,.F.,(3,3),(0.,1.),.UNSPECIFIED.);
#2386=B_SPLINE_CURVE_WITH_KNOTS('',2,(#9973,#9974,#9975),.UNSPECIFIED.,
 .F.,.F.,(3,3),(0.,1.),.UNSPECIFIED.);
#2387=B_SPLINE_CURVE_WITH_KNOTS('',2,(#9978,#9979,#9980),.UNSPECIFIED.,
 .F.,.F.,(3,3),(0.,1.),.UNSPECIFIED.);
#2388=B_SPLINE_CURVE_WITH_KNOTS('',2,(#9988,#9989,#9990),.UNSPECIFIED.,
 .F.,.F.,(3,3),(0.,1.),.UNSPECIFIED.);
#2389=B_SPLINE_CURVE_WITH_KNOTS('',2,(#9993,#9994,#9995),.UNSPECIFIED.,
 .F.,.F.,(3,3),(0.,1.),.UNSPECIFIED.);
#2390=B_SPLINE_CURVE_WITH_KNOTS('',2,(#10003,#10004,#10005),
 .UNSPECIFIED.,.F.,.F.,(3,3),(0.,1.),.UNSPECIFIED.);
#2391=B_SPLINE_CURVE_WITH_KNOTS('',2,(#10008,#10009,#10010),
 .UNSPECIFIED.,.F.,.F.,(3,3),(0.,1.),.UNSPECIFIED.);
#2392=B_SPLINE_CURVE_WITH_KNOTS('',3,(#10100,#10101,#10102,#10103,#10104,
#10105,#10106,#10107,#10108,#10109),.UNSPECIFIED.,.F.,.F.,(4,2,2,2,4),(3.00639325462272,
3.14797479642087,3.31021622874703,3.3913369449101,3.47245766107318),
 .UNSPECIFIED.);
#2393=B_SPLINE_CURVE_WITH_KNOTS('',3,(#10117,#10118,#10119,#10120),
 .UNSPECIFIED.,.F.,.F.,(4,4),(3.44798350665742,3.47245766107318),
 .UNSPECIFIED.);
#2394=B_SPLINE_CURVE_WITH_KNOTS('',3,(#10123,#10124,#10125,#10126,#10127,
#10128,#10129,#10130,#10131,#10132),.UNSPECIFIED.,.F.,.F.,(4,2,2,2,4),(3.47245766107318,
3.55357837723626,3.63469909339934,3.79694052572549,3.93852206752365),
 .UNSPECIFIED.);
#2395=B_SPLINE_CURVE_WITH_KNOTS('',3,(#10186,#10187,#10188,#10189),
 .UNSPECIFIED.,.F.,.F.,(4,4),(0.,0.140563658105977),.UNSPECIFIED.);
#2396=VERTEX_POINT('',#7569);
#2397=VERTEX_POINT('',#7570);
#2398=VERTEX_POINT('',#7574);
#2399=VERTEX_POINT('',#7576);
#2400=VERTEX_POINT('',#7587);
#2401=VERTEX_POINT('',#7591);
#2402=VERTEX_POINT('',#7602);
#2403=VERTEX_POINT('',#7606);
#2404=VERTEX_POINT('',#7617);
#2405=VERTEX_POINT('',#7621);
#2406=VERTEX_POINT('',#7632);
#2407=VERTEX_POINT('',#7636);
#2408=VERTEX_POINT('',#7647);
#2409=VERTEX_POINT('',#7651);
#2410=VERTEX_POINT('',#7662);
#2411=VERTEX_POINT('',#7666);
#2412=VERTEX_POINT('',#7677);
#2413=VERTEX_POINT('',#7681);
#2414=VERTEX_POINT('',#7692);
#2415=VERTEX_POINT('',#7696);
#2416=VERTEX_POINT('',#7707);
#2417=VERTEX_POINT('',#7711);
#2418=VERTEX_POINT('',#7722);
#2419=VERTEX_POINT('',#7726);
#2420=VERTEX_POINT('',#7737);
#2421=VERTEX_POINT('',#7741);
#2422=VERTEX_POINT('',#7752);
#2423=VERTEX_POINT('',#7756);
#2424=VERTEX_POINT('',#7767);
#2425=VERTEX_POINT('',#7771);
#2426=VERTEX_POINT('',#7777);
#2427=VERTEX_POINT('',#7779);
#2428=VERTEX_POINT('',#7788);
#2429=VERTEX_POINT('',#7792);
#2430=VERTEX_POINT('',#7803);
#2431=VERTEX_POINT('',#7807);
#2432=VERTEX_POINT('',#7818);
#2433=VERTEX_POINT('',#7822);
#2434=VERTEX_POINT('',#7833);
#2435=VERTEX_POINT('',#7837);
#2436=VERTEX_POINT('',#7848);
#2437=VERTEX_POINT('',#7852);
#2438=VERTEX_POINT('',#7863);
#2439=VERTEX_POINT('',#7867);
#2440=VERTEX_POINT('',#7878);
#2441=VERTEX_POINT('',#7882);
#2442=VERTEX_POINT('',#7893);
#2443=VERTEX_POINT('',#7897);
#2444=VERTEX_POINT('',#7908);
#2445=VERTEX_POINT('',#7912);
#2446=VERTEX_POINT('',#7923);
#2447=VERTEX_POINT('',#7927);
#2448=VERTEX_POINT('',#7938);
#2449=VERTEX_POINT('',#7942);
#2450=VERTEX_POINT('',#7953);
#2451=VERTEX_POINT('',#7957);
#2452=VERTEX_POINT('',#7968);
#2453=VERTEX_POINT('',#7972);
#2454=VERTEX_POINT('',#7983);
#2455=VERTEX_POINT('',#7987);
#2456=VERTEX_POINT('',#7998);
#2457=VERTEX_POINT('',#8002);
#2458=VERTEX_POINT('',#8013);
#2459=VERTEX_POINT('',#8017);
#2460=VERTEX_POINT('',#8028);
#2461=VERTEX_POINT('',#8032);
#2462=VERTEX_POINT('',#8043);
#2463=VERTEX_POINT('',#8047);
#2464=VERTEX_POINT('',#8053);
#2465=VERTEX_POINT('',#8055);
#2466=VERTEX_POINT('',#8072);
#2467=VERTEX_POINT('',#8073);
#2468=VERTEX_POINT('',#8075);
#2469=VERTEX_POINT('',#8077);
#2470=VERTEX_POINT('',#8086);
#2471=VERTEX_POINT('',#8090);
#2472=VERTEX_POINT('',#8101);
#2473=VERTEX_POINT('',#8105);
#2474=VERTEX_POINT('',#8116);
#2475=VERTEX_POINT('',#8120);
#2476=VERTEX_POINT('',#8131);
#2477=VERTEX_POINT('',#8135);
#2478=VERTEX_POINT('',#8146);
#2479=VERTEX_POINT('',#8150);
#2480=VERTEX_POINT('',#8161);
#2481=VERTEX_POINT('',#8165);
#2482=VERTEX_POINT('',#8171);
#2483=VERTEX_POINT('',#8173);
#2484=VERTEX_POINT('',#8180);
#2485=VERTEX_POINT('',#8181);
#2486=VERTEX_POINT('',#8183);
#2487=VERTEX_POINT('',#8185);
#2488=VERTEX_POINT('',#8194);
#2489=VERTEX_POINT('',#8198);
#2490=VERTEX_POINT('',#8209);
#2491=VERTEX_POINT('',#8213);
#2492=VERTEX_POINT('',#8224);
#2493=VERTEX_POINT('',#8228);
#2494=VERTEX_POINT('',#8239);
#2495=VERTEX_POINT('',#8243);
#2496=VERTEX_POINT('',#8254);
#2497=VERTEX_POINT('',#8258);
#2498=VERTEX_POINT('',#8269);
#2499=VERTEX_POINT('',#8273);
#2500=VERTEX_POINT('',#8284);
#2501=VERTEX_POINT('',#8288);
#2502=VERTEX_POINT('',#8294);
#2503=VERTEX_POINT('',#8296);
#2504=VERTEX_POINT('',#8308);
#2505=VERTEX_POINT('',#8309);
#2506=VERTEX_POINT('',#8313);
#2507=VERTEX_POINT('',#8315);
#2508=VERTEX_POINT('',#8326);
#2509=VERTEX_POINT('',#8330);
#2510=VERTEX_POINT('',#8341);
#2511=VERTEX_POINT('',#8345);
#2512=VERTEX_POINT('',#8356);
#2513=VERTEX_POINT('',#8360);
#2514=VERTEX_POINT('',#8371);
#2515=VERTEX_POINT('',#8375);
#2516=VERTEX_POINT('',#8386);
#2517=VERTEX_POINT('',#8390);
#2518=VERTEX_POINT('',#8401);
#2519=VERTEX_POINT('',#8405);
#2520=VERTEX_POINT('',#8416);
#2521=VERTEX_POINT('',#8420);
#2522=VERTEX_POINT('',#8431);
#2523=VERTEX_POINT('',#8435);
#2524=VERTEX_POINT('',#8446);
#2525=VERTEX_POINT('',#8450);
#2526=VERTEX_POINT('',#8461);
#2527=VERTEX_POINT('',#8465);
#2528=VERTEX_POINT('',#8471);
#2529=VERTEX_POINT('',#8473);
#2530=VERTEX_POINT('',#8477);
#2531=VERTEX_POINT('',#8479);
#2532=VERTEX_POINT('',#8487);
#2533=VERTEX_POINT('',#8488);
#2534=VERTEX_POINT('',#8490);
#2535=VERTEX_POINT('',#8492);
#2536=VERTEX_POINT('',#8496);
#2537=VERTEX_POINT('',#8498);
#2538=VERTEX_POINT('',#8502);
#2539=VERTEX_POINT('',#8504);
#2540=VERTEX_POINT('',#8512);
#2541=VERTEX_POINT('',#8513);
#2542=VERTEX_POINT('',#8515);
#2543=VERTEX_POINT('',#8517);
#2544=VERTEX_POINT('',#8521);
#2545=VERTEX_POINT('',#8523);
#2546=VERTEX_POINT('',#8527);
#2547=VERTEX_POINT('',#8529);
#2548=VERTEX_POINT('',#8533);
#2549=VERTEX_POINT('',#8535);
#2550=VERTEX_POINT('',#8539);
#2551=VERTEX_POINT('',#8541);
#2552=VERTEX_POINT('',#8545);
#2553=VERTEX_POINT('',#8547);
#2554=VERTEX_POINT('',#8551);
#2555=VERTEX_POINT('',#8553);
#2556=VERTEX_POINT('',#8557);
#2557=VERTEX_POINT('',#8559);
#2558=VERTEX_POINT('',#8563);
#2559=VERTEX_POINT('',#8565);
#2560=VERTEX_POINT('',#8578);
#2561=VERTEX_POINT('',#8579);
#2562=VERTEX_POINT('',#8583);
#2563=VERTEX_POINT('',#8585);
#2564=VERTEX_POINT('',#8596);
#2565=VERTEX_POINT('',#8600);
#2566=VERTEX_POINT('',#8611);
#2567=VERTEX_POINT('',#8615);
#2568=VERTEX_POINT('',#8626);
#2569=VERTEX_POINT('',#8630);
#2570=VERTEX_POINT('',#8641);
#2571=VERTEX_POINT('',#8645);
#2572=VERTEX_POINT('',#8651);
#2573=VERTEX_POINT('',#8653);
#2574=VERTEX_POINT('',#8657);
#2575=VERTEX_POINT('',#8659);
#2576=VERTEX_POINT('',#8663);
#2577=VERTEX_POINT('',#8665);
#2578=VERTEX_POINT('',#8674);
#2579=VERTEX_POINT('',#8678);
#2580=VERTEX_POINT('',#8689);
#2581=VERTEX_POINT('',#8693);
#2582=VERTEX_POINT('',#8704);
#2583=VERTEX_POINT('',#8708);
#2584=VERTEX_POINT('',#8719);
#2585=VERTEX_POINT('',#8723);
#2586=VERTEX_POINT('',#8734);
#2587=VERTEX_POINT('',#8738);
#2588=VERTEX_POINT('',#8749);
#2589=VERTEX_POINT('',#8753);
#2590=VERTEX_POINT('',#8759);
#2591=VERTEX_POINT('',#8761);
#2592=VERTEX_POINT('',#8765);
#2593=VERTEX_POINT('',#8767);
#2594=VERTEX_POINT('',#8777);
#2595=VERTEX_POINT('',#8778);
#2596=VERTEX_POINT('',#8780);
#2597=VERTEX_POINT('',#8782);
#2598=VERTEX_POINT('',#8791);
#2599=VERTEX_POINT('',#8795);
#2600=VERTEX_POINT('',#8806);
#2601=VERTEX_POINT('',#8810);
#2602=VERTEX_POINT('',#8821);
#2603=VERTEX_POINT('',#8825);
#2604=VERTEX_POINT('',#8836);
#2605=VERTEX_POINT('',#8840);
#2606=VERTEX_POINT('',#8851);
#2607=VERTEX_POINT('',#8855);
#2608=VERTEX_POINT('',#8861);
#2609=VERTEX_POINT('',#8863);
#2610=VERTEX_POINT('',#8870);
#2611=VERTEX_POINT('',#8871);
#2612=VERTEX_POINT('',#8873);
#2613=VERTEX_POINT('',#8875);
#2614=VERTEX_POINT('',#8879);
#2615=VERTEX_POINT('',#8881);
#2616=VERTEX_POINT('',#8890);
#2617=VERTEX_POINT('',#8894);
#2618=VERTEX_POINT('',#8905);
#2619=VERTEX_POINT('',#8909);
#2620=VERTEX_POINT('',#8920);
#2621=VERTEX_POINT('',#8924);
#2622=VERTEX_POINT('',#8935);
#2623=VERTEX_POINT('',#8939);
#2624=VERTEX_POINT('',#8945);
#2625=VERTEX_POINT('',#8947);
#2626=VERTEX_POINT('',#8951);
#2627=VERTEX_POINT('',#8953);
#2628=VERTEX_POINT('',#8957);
#2629=VERTEX_POINT('',#8959);
#2630=VERTEX_POINT('',#8968);
#2631=VERTEX_POINT('',#8972);
#2632=VERTEX_POINT('',#8983);
#2633=VERTEX_POINT('',#8987);
#2634=VERTEX_POINT('',#8998);
#2635=VERTEX_POINT('',#9002);
#2636=VERTEX_POINT('',#9013);
#2637=VERTEX_POINT('',#9017);
#2638=VERTEX_POINT('',#9028);
#2639=VERTEX_POINT('',#9032);
#2640=VERTEX_POINT('',#9043);
#2641=VERTEX_POINT('',#9047);
#2642=VERTEX_POINT('',#9058);
#2643=VERTEX_POINT('',#9062);
#2644=VERTEX_POINT('',#9068);
#2645=VERTEX_POINT('',#9070);
#2646=VERTEX_POINT('',#9074);
#2647=VERTEX_POINT('',#9076);
#2648=VERTEX_POINT('',#9089);
#2649=VERTEX_POINT('',#9090);
#2650=VERTEX_POINT('',#9094);
#2651=VERTEX_POINT('',#9096);
#2652=VERTEX_POINT('',#9107);
#2653=VERTEX_POINT('',#9111);
#2654=VERTEX_POINT('',#9122);
#2655=VERTEX_POINT('',#9126);
#2656=VERTEX_POINT('',#9137);
#2657=VERTEX_POINT('',#9141);
#2658=VERTEX_POINT('',#9147);
#2659=VERTEX_POINT('',#9149);
#2660=VERTEX_POINT('',#9153);
#2661=VERTEX_POINT('',#9155);
#2662=VERTEX_POINT('',#9159);
#2663=VERTEX_POINT('',#9161);
#2664=VERTEX_POINT('',#9170);
#2665=VERTEX_POINT('',#9174);
#2666=VERTEX_POINT('',#9185);
#2667=VERTEX_POINT('',#9189);
#2668=VERTEX_POINT('',#9200);
#2669=VERTEX_POINT('',#9204);
#2670=VERTEX_POINT('',#9215);
#2671=VERTEX_POINT('',#9219);
#2672=VERTEX_POINT('',#9230);
#2673=VERTEX_POINT('',#9234);
#2674=VERTEX_POINT('',#9240);
#2675=VERTEX_POINT('',#9242);
#2676=VERTEX_POINT('',#9259);
#2677=VERTEX_POINT('',#9260);
#2678=VERTEX_POINT('',#9262);
#2679=VERTEX_POINT('',#9264);
#2680=VERTEX_POINT('',#9268);
#2681=VERTEX_POINT('',#9270);
#2682=VERTEX_POINT('',#9274);
#2683=VERTEX_POINT('',#9276);
#2684=VERTEX_POINT('',#9280);
#2685=VERTEX_POINT('',#9282);
#2686=VERTEX_POINT('',#9291);
#2687=VERTEX_POINT('',#9295);
#2688=VERTEX_POINT('',#9306);
#2689=VERTEX_POINT('',#9310);
#2690=VERTEX_POINT('',#9316);
#2691=VERTEX_POINT('',#9318);
#2692=VERTEX_POINT('',#9322);
#2693=VERTEX_POINT('',#9324);
#2694=VERTEX_POINT('',#9328);
#2695=VERTEX_POINT('',#9330);
#2696=VERTEX_POINT('',#9334);
#2697=VERTEX_POINT('',#9336);
#2698=VERTEX_POINT('',#9349);
#2699=VERTEX_POINT('',#9350);
#2700=VERTEX_POINT('',#9354);
#2701=VERTEX_POINT('',#9356);
#2702=VERTEX_POINT('',#9367);
#2703=VERTEX_POINT('',#9371);
#2704=VERTEX_POINT('',#9382);
#2705=VERTEX_POINT('',#9386);
#2706=VERTEX_POINT('',#9397);
#2707=VERTEX_POINT('',#9401);
#2708=VERTEX_POINT('',#9412);
#2709=VERTEX_POINT('',#9416);
#2710=VERTEX_POINT('',#9427);
#2711=VERTEX_POINT('',#9431);
#2712=VERTEX_POINT('',#9442);
#2713=VERTEX_POINT('',#9446);
#2714=VERTEX_POINT('',#9457);
#2715=VERTEX_POINT('',#9461);
#2716=VERTEX_POINT('',#9484);
#2717=VERTEX_POINT('',#9485);
#2718=VERTEX_POINT('',#9489);
#2719=VERTEX_POINT('',#9491);
#2720=VERTEX_POINT('',#9502);
#2721=VERTEX_POINT('',#9506);
#2722=VERTEX_POINT('',#9517);
#2723=VERTEX_POINT('',#9521);
#2724=VERTEX_POINT('',#9532);
#2725=VERTEX_POINT('',#9536);
#2726=VERTEX_POINT('',#9547);
#2727=VERTEX_POINT('',#9551);
#2728=VERTEX_POINT('',#9562);
#2729=VERTEX_POINT('',#9566);
#2730=VERTEX_POINT('',#9577);
#2731=VERTEX_POINT('',#9581);
#2732=VERTEX_POINT('',#9592);
#2733=VERTEX_POINT('',#9596);
#2734=VERTEX_POINT('',#9607);
#2735=VERTEX_POINT('',#9611);
#2736=VERTEX_POINT('',#9622);
#2737=VERTEX_POINT('',#9626);
#2738=VERTEX_POINT('',#9645);
#2739=VERTEX_POINT('',#9646);
#2740=VERTEX_POINT('',#9648);
#2741=VERTEX_POINT('',#9650);
#2742=VERTEX_POINT('',#9659);
#2743=VERTEX_POINT('',#9663);
#2744=VERTEX_POINT('',#9674);
#2745=VERTEX_POINT('',#9678);
#2746=VERTEX_POINT('',#9684);
#2747=VERTEX_POINT('',#9686);
#2748=VERTEX_POINT('',#9690);
#2749=VERTEX_POINT('',#9692);
#2750=VERTEX_POINT('',#9696);
#2751=VERTEX_POINT('',#9698);
#2752=VERTEX_POINT('',#9702);
#2753=VERTEX_POINT('',#9704);
#2754=VERTEX_POINT('',#9708);
#2755=VERTEX_POINT('',#9710);
#2756=VERTEX_POINT('',#9719);
#2757=VERTEX_POINT('',#9723);
#2758=VERTEX_POINT('',#9734);
#2759=VERTEX_POINT('',#9738);
#2760=VERTEX_POINT('',#9744);
#2761=VERTEX_POINT('',#9746);
#2762=VERTEX_POINT('',#9750);
#2763=VERTEX_POINT('',#9752);
#2764=VERTEX_POINT('',#9756);
#2765=VERTEX_POINT('',#9758);
#2766=VERTEX_POINT('',#9767);
#2767=VERTEX_POINT('',#9771);
#2768=VERTEX_POINT('',#9782);
#2769=VERTEX_POINT('',#9786);
#2770=VERTEX_POINT('',#9792);
#2771=VERTEX_POINT('',#9794);
#2772=VERTEX_POINT('',#9798);
#2773=VERTEX_POINT('',#9800);
#2774=VERTEX_POINT('',#9804);
#2775=VERTEX_POINT('',#9806);
#2776=VERTEX_POINT('',#9814);
#2777=VERTEX_POINT('',#9815);
#2778=VERTEX_POINT('',#9817);
#2779=VERTEX_POINT('',#9819);
#2780=VERTEX_POINT('',#9828);
#2781=VERTEX_POINT('',#9832);
#2782=VERTEX_POINT('',#9843);
#2783=VERTEX_POINT('',#9847);
#2784=VERTEX_POINT('',#9858);
#2785=VERTEX_POINT('',#9862);
#2786=VERTEX_POINT('',#9873);
#2787=VERTEX_POINT('',#9877);
#2788=VERTEX_POINT('',#9888);
#2789=VERTEX_POINT('',#9892);
#2790=VERTEX_POINT('',#9898);
#2791=VERTEX_POINT('',#9900);
#2792=VERTEX_POINT('',#9907);
#2793=VERTEX_POINT('',#9908);
#2794=VERTEX_POINT('',#9910);
#2795=VERTEX_POINT('',#9912);
#2796=VERTEX_POINT('',#9916);
#2797=VERTEX_POINT('',#9918);
#2798=VERTEX_POINT('',#9927);
#2799=VERTEX_POINT('',#9931);
#2800=VERTEX_POINT('',#9942);
#2801=VERTEX_POINT('',#9946);
#2802=VERTEX_POINT('',#9957);
#2803=VERTEX_POINT('',#9961);
#2804=VERTEX_POINT('',#9972);
#2805=VERTEX_POINT('',#9976);
#2806=VERTEX_POINT('',#9987);
#2807=VERTEX_POINT('',#9991);
#2808=VERTEX_POINT('',#10002);
#2809=VERTEX_POINT('',#10006);
#2810=VERTEX_POINT('',#10012);
#2811=VERTEX_POINT('',#10014);
#2812=VERTEX_POINT('',#10018);
#2813=VERTEX_POINT('',#10020);
#2814=VERTEX_POINT('',#10031);
#2815=VERTEX_POINT('',#10032);
#2816=VERTEX_POINT('',#10034);
#2817=VERTEX_POINT('',#10036);
#2818=VERTEX_POINT('',#10040);
#2819=VERTEX_POINT('',#10042);
#2820=VERTEX_POINT('',#10044);
#2821=VERTEX_POINT('',#10046);
#2822=VERTEX_POINT('',#10048);
#2823=VERTEX_POINT('',#10050);
#2824=VERTEX_POINT('',#10053);
#2825=VERTEX_POINT('',#10054);
#2826=VERTEX_POINT('',#10056);
#2827=VERTEX_POINT('',#10058);
#2828=VERTEX_POINT('',#10062);
#2829=VERTEX_POINT('',#10063);
#2830=VERTEX_POINT('',#10065);
#2831=VERTEX_POINT('',#10067);
#2832=VERTEX_POINT('',#10071);
#2833=VERTEX_POINT('',#10072);
#2834=VERTEX_POINT('',#10074);
#2835=VERTEX_POINT('',#10076);
#2836=VERTEX_POINT('',#10078);
#2837=VERTEX_POINT('',#10082);
#2838=VERTEX_POINT('',#10084);
#2839=VERTEX_POINT('',#10086);
#2840=VERTEX_POINT('',#10088);
#2841=VERTEX_POINT('',#10090);
#2842=VERTEX_POINT('',#10092);
#2843=VERTEX_POINT('',#10096);
#2844=VERTEX_POINT('',#10099);
#2845=VERTEX_POINT('',#10110);
#2846=VERTEX_POINT('',#10112);
#2847=VERTEX_POINT('',#10116);
#2848=VERTEX_POINT('',#10121);
#2849=VERTEX_POINT('',#10134);
#2850=VERTEX_POINT('',#10136);
#2851=VERTEX_POINT('',#10140);
#2852=VERTEX_POINT('',#10142);
#2853=VERTEX_POINT('',#10144);
#2854=VERTEX_POINT('',#10146);
#2855=VERTEX_POINT('',#10148);
#2856=VERTEX_POINT('',#10152);
#2857=VERTEX_POINT('',#10156);
#2858=VERTEX_POINT('',#10160);
#2859=VERTEX_POINT('',#10162);
#2860=VERTEX_POINT('',#10164);
#2861=VERTEX_POINT('',#10168);
#2862=VERTEX_POINT('',#10170);
#2863=VERTEX_POINT('',#10172);
#2864=VERTEX_POINT('',#10174);
#2865=VERTEX_POINT('',#10178);
#2866=VERTEX_POINT('',#10179);
#2867=VERTEX_POINT('',#10182);
#2868=VERTEX_POINT('',#10191);
#2869=VERTEX_POINT('',#10193);
#2870=VERTEX_POINT('',#10199);
#2871=VERTEX_POINT('',#10203);
#2872=VERTEX_POINT('',#10207);
#2873=VERTEX_POINT('',#10213);
#2874=VERTEX_POINT('',#10215);
#2875=VERTEX_POINT('',#10219);
#2876=VERTEX_POINT('',#10223);
#2877=VERTEX_POINT('',#10227);
#2878=VERTEX_POINT('',#10231);
#2879=VERTEX_POINT('',#10233);
#2880=VERTEX_POINT('',#10237);
#2881=VERTEX_POINT('',#10241);
#2882=VERTEX_POINT('',#10247);
#2883=VERTEX_POINT('',#10251);
#2884=VERTEX_POINT('',#10257);
#2885=VERTEX_POINT('',#10258);
#2886=VERTEX_POINT('',#10260);
#2887=VERTEX_POINT('',#10262);
#2888=VERTEX_POINT('',#10265);
#2889=VERTEX_POINT('',#10266);
#2890=VERTEX_POINT('',#10268);
#2891=VERTEX_POINT('',#10270);
#2892=VERTEX_POINT('',#10274);
#2893=VERTEX_POINT('',#10276);
#2894=VERTEX_POINT('',#10280);
#2895=VERTEX_POINT('',#10282);
#2896=VERTEX_POINT('',#10286);
#2897=VERTEX_POINT('',#10288);
#2898=VERTEX_POINT('',#10292);
#2899=VERTEX_POINT('',#10294);
#2900=VERTEX_POINT('',#10298);
#2901=VERTEX_POINT('',#10302);
#2902=VERTEX_POINT('',#10308);
#2903=VERTEX_POINT('',#10312);
#2904=VERTEX_POINT('',#10318);
#2905=VERTEX_POINT('',#10320);
#2906=VERTEX_POINT('',#10322);
#2907=VERTEX_POINT('',#10324);
#2908=VERTEX_POINT('',#10327);
#2909=VERTEX_POINT('',#10329);
#2910=VERTEX_POINT('',#10331);
#2911=VERTEX_POINT('',#10333);
#2912=VERTEX_POINT('',#10336);
#2913=VERTEX_POINT('',#10338);
#2914=VERTEX_POINT('',#10340);
#2915=VERTEX_POINT('',#10342);
#2916=VERTEX_POINT('',#10345);
#2917=VERTEX_POINT('',#10346);
#2918=VERTEX_POINT('',#10348);
#2919=VERTEX_POINT('',#10350);
#2920=VERTEX_POINT('',#10354);
#2921=VERTEX_POINT('',#10357);
#2922=VERTEX_POINT('',#10362);
#2923=VERTEX_POINT('',#10364);
#2924=VERTEX_POINT('',#10366);
#2925=VERTEX_POINT('',#10368);
#2926=VERTEX_POINT('',#10370);
#2927=VERTEX_POINT('',#10372);
#2928=VERTEX_POINT('',#10376);
#2929=VERTEX_POINT('',#10378);
#2930=VERTEX_POINT('',#10382);
#2931=VERTEX_POINT('',#10383);
#2932=VERTEX_POINT('',#10385);
#2933=VERTEX_POINT('',#10387);
#2934=VERTEX_POINT('',#10391);
#2935=VERTEX_POINT('',#10393);
#2936=VERTEX_POINT('',#10397);
#2937=VERTEX_POINT('',#10401);
#2938=VERTEX_POINT('',#10407);
#2939=VERTEX_POINT('',#10408);
#2940=VERTEX_POINT('',#10410);
#2941=VERTEX_POINT('',#10412);
#2942=VERTEX_POINT('',#10416);
#2943=VERTEX_POINT('',#10418);
#2944=VERTEX_POINT('',#10422);
#2945=VERTEX_POINT('',#10424);
#2946=VERTEX_POINT('',#10428);
#2947=VERTEX_POINT('',#10430);
#2948=VERTEX_POINT('',#10434);
#2949=VERTEX_POINT('',#10439);
#2950=VERTEX_POINT('',#10441);
#2951=VERTEX_POINT('',#10443);
#2952=VERTEX_POINT('',#10447);
#2953=VERTEX_POINT('',#10449);
#2954=VERTEX_POINT('',#10451);
#2955=VERTEX_POINT('',#10453);
#2956=VERTEX_POINT('',#10455);
#2957=VERTEX_POINT('',#10457);
#2958=VERTEX_POINT('',#10460);
#2959=VERTEX_POINT('',#10462);
#2960=VERTEX_POINT('',#10464);
#2961=VERTEX_POINT('',#10466);
#2962=VERTEX_POINT('',#10468);
#2963=VERTEX_POINT('',#10470);
#2964=VERTEX_POINT('',#10474);
#2965=VERTEX_POINT('',#10476);
#2966=VERTEX_POINT('',#10480);
#2967=VERTEX_POINT('',#10484);
#2968=VERTEX_POINT('',#10486);
#2969=VERTEX_POINT('',#10494);
#2970=VERTEX_POINT('',#10500);
#2971=VERTEX_POINT('',#10502);
#2972=VERTEX_POINT('',#10506);
#2973=VERTEX_POINT('',#10510);
#2974=VERTEX_POINT('',#10512);
#2975=VERTEX_POINT('',#10516);
#2976=VERTEX_POINT('',#10523);
#2977=VERTEX_POINT('',#10527);
#2978=VERTEX_POINT('',#10531);
#2979=VERTEX_POINT('',#10533);
#2980=VERTEX_POINT('',#10540);
#2981=VERTEX_POINT('',#10544);
#2982=VERTEX_POINT('',#10548);
#2983=VERTEX_POINT('',#10550);
#2984=VERTEX_POINT('',#10559);
#2985=VERTEX_POINT('',#10561);
#2986=VERTEX_POINT('',#10564);
#2987=VERTEX_POINT('',#10567);
#2988=VERTEX_POINT('',#10569);
#2989=VERTEX_POINT('',#10572);
#2990=VERTEX_POINT('',#10575);
#2991=VERTEX_POINT('',#10577);
#2992=VERTEX_POINT('',#10580);
#2993=VERTEX_POINT('',#10583);
#2994=VERTEX_POINT('',#10585);
#2995=VERTEX_POINT('',#10588);
#2996=EDGE_CURVE('',#2396,#2397,#2126,.T.);
#2997=EDGE_CURVE('',#2396,#2398,#1016,.T.);
#2998=EDGE_CURVE('',#2398,#2399,#2127,.T.);
#2999=EDGE_CURVE('',#2397,#2399,#1017,.T.);
#3000=EDGE_CURVE('',#2400,#2396,#2128,.T.);
#3001=EDGE_CURVE('',#2400,#2401,#1018,.T.);
#3002=EDGE_CURVE('',#2401,#2398,#2129,.T.);
#3003=EDGE_CURVE('',#2402,#2400,#2130,.T.);
#3004=EDGE_CURVE('',#2402,#2403,#1019,.T.);
#3005=EDGE_CURVE('',#2403,#2401,#2131,.T.);
#3006=EDGE_CURVE('',#2404,#2402,#2132,.T.);
#3007=EDGE_CURVE('',#2404,#2405,#1020,.T.);
#3008=EDGE_CURVE('',#2405,#2403,#2133,.T.);
#3009=EDGE_CURVE('',#2406,#2404,#2134,.T.);
#3010=EDGE_CURVE('',#2406,#2407,#1021,.T.);
#3011=EDGE_CURVE('',#2407,#2405,#2135,.T.);
#3012=EDGE_CURVE('',#2408,#2406,#2136,.T.);
#3013=EDGE_CURVE('',#2408,#2409,#1022,.T.);
#3014=EDGE_CURVE('',#2409,#2407,#2137,.T.);
#3015=EDGE_CURVE('',#2410,#2408,#2138,.T.);
#3016=EDGE_CURVE('',#2410,#2411,#1023,.T.);
#3017=EDGE_CURVE('',#2411,#2409,#2139,.T.);
#3018=EDGE_CURVE('',#2412,#2410,#2140,.T.);
#3019=EDGE_CURVE('',#2412,#2413,#1024,.T.);
#3020=EDGE_CURVE('',#2413,#2411,#2141,.T.);
#3021=EDGE_CURVE('',#2414,#2412,#2142,.T.);
#3022=EDGE_CURVE('',#2414,#2415,#1025,.T.);
#3023=EDGE_CURVE('',#2415,#2413,#2143,.T.);
#3024=EDGE_CURVE('',#2416,#2414,#2144,.T.);
#3025=EDGE_CURVE('',#2416,#2417,#1026,.T.);
#3026=EDGE_CURVE('',#2417,#2415,#2145,.T.);
#3027=EDGE_CURVE('',#2418,#2416,#2146,.T.);
#3028=EDGE_CURVE('',#2418,#2419,#1027,.T.);
#3029=EDGE_CURVE('',#2419,#2417,#2147,.T.);
#3030=EDGE_CURVE('',#2420,#2418,#2148,.T.);
#3031=EDGE_CURVE('',#2420,#2421,#1028,.T.);
#3032=EDGE_CURVE('',#2421,#2419,#2149,.T.);
#3033=EDGE_CURVE('',#2422,#2420,#2150,.T.);
#3034=EDGE_CURVE('',#2422,#2423,#1029,.T.);
#3035=EDGE_CURVE('',#2423,#2421,#2151,.T.);
#3036=EDGE_CURVE('',#2424,#2422,#2152,.T.);
#3037=EDGE_CURVE('',#2424,#2425,#1030,.T.);
#3038=EDGE_CURVE('',#2425,#2423,#2153,.T.);
#3039=EDGE_CURVE('',#2426,#2424,#1031,.T.);
#3040=EDGE_CURVE('',#2426,#2427,#1032,.T.);
#3041=EDGE_CURVE('',#2427,#2425,#1033,.T.);
#3042=EDGE_CURVE('',#2428,#2426,#2154,.T.);
#3043=EDGE_CURVE('',#2428,#2429,#1034,.T.);
#3044=EDGE_CURVE('',#2429,#2427,#2155,.T.);
#3045=EDGE_CURVE('',#2430,#2428,#2156,.T.);
#3046=EDGE_CURVE('',#2430,#2431,#1035,.T.);
#3047=EDGE_CURVE('',#2431,#2429,#2157,.T.);
#3048=EDGE_CURVE('',#2432,#2430,#2158,.T.);
#3049=EDGE_CURVE('',#2432,#2433,#1036,.T.);
#3050=EDGE_CURVE('',#2433,#2431,#2159,.T.);
#3051=EDGE_CURVE('',#2434,#2432,#2160,.T.);
#3052=EDGE_CURVE('',#2434,#2435,#1037,.T.);
#3053=EDGE_CURVE('',#2435,#2433,#2161,.T.);
#3054=EDGE_CURVE('',#2436,#2434,#2162,.T.);
#3055=EDGE_CURVE('',#2436,#2437,#1038,.T.);
#3056=EDGE_CURVE('',#2437,#2435,#2163,.T.);
#3057=EDGE_CURVE('',#2438,#2436,#2164,.T.);
#3058=EDGE_CURVE('',#2438,#2439,#1039,.T.);
#3059=EDGE_CURVE('',#2439,#2437,#2165,.T.);
#3060=EDGE_CURVE('',#2440,#2438,#2166,.T.);
#3061=EDGE_CURVE('',#2440,#2441,#1040,.T.);
#3062=EDGE_CURVE('',#2441,#2439,#2167,.T.);
#3063=EDGE_CURVE('',#2442,#2440,#2168,.T.);
#3064=EDGE_CURVE('',#2442,#2443,#1041,.T.);
#3065=EDGE_CURVE('',#2443,#2441,#2169,.T.);
#3066=EDGE_CURVE('',#2444,#2442,#2170,.T.);
#3067=EDGE_CURVE('',#2444,#2445,#1042,.T.);
#3068=EDGE_CURVE('',#2445,#2443,#2171,.T.);
#3069=EDGE_CURVE('',#2446,#2444,#2172,.T.);
#3070=EDGE_CURVE('',#2446,#2447,#1043,.T.);
#3071=EDGE_CURVE('',#2447,#2445,#2173,.T.);
#3072=EDGE_CURVE('',#2448,#2446,#2174,.T.);
#3073=EDGE_CURVE('',#2448,#2449,#1044,.T.);
#3074=EDGE_CURVE('',#2449,#2447,#2175,.T.);
#3075=EDGE_CURVE('',#2450,#2448,#2176,.T.);
#3076=EDGE_CURVE('',#2450,#2451,#1045,.T.);
#3077=EDGE_CURVE('',#2451,#2449,#2177,.T.);
#3078=EDGE_CURVE('',#2452,#2450,#2178,.T.);
#3079=EDGE_CURVE('',#2452,#2453,#1046,.T.);
#3080=EDGE_CURVE('',#2453,#2451,#2179,.T.);
#3081=EDGE_CURVE('',#2454,#2452,#2180,.T.);
#3082=EDGE_CURVE('',#2454,#2455,#1047,.T.);
#3083=EDGE_CURVE('',#2455,#2453,#2181,.T.);
#3084=EDGE_CURVE('',#2456,#2454,#2182,.T.);
#3085=EDGE_CURVE('',#2456,#2457,#1048,.T.);
#3086=EDGE_CURVE('',#2457,#2455,#2183,.T.);
#3087=EDGE_CURVE('',#2458,#2456,#2184,.T.);
#3088=EDGE_CURVE('',#2458,#2459,#1049,.T.);
#3089=EDGE_CURVE('',#2459,#2457,#2185,.T.);
#3090=EDGE_CURVE('',#2460,#2458,#2186,.T.);
#3091=EDGE_CURVE('',#2460,#2461,#1050,.T.);
#3092=EDGE_CURVE('',#2461,#2459,#2187,.T.);
#3093=EDGE_CURVE('',#2462,#2460,#2188,.T.);
#3094=EDGE_CURVE('',#2462,#2463,#1051,.T.);
#3095=EDGE_CURVE('',#2463,#2461,#2189,.T.);
#3096=EDGE_CURVE('',#2464,#2462,#1052,.T.);
#3097=EDGE_CURVE('',#2464,#2465,#1053,.T.);
#3098=EDGE_CURVE('',#2465,#2463,#1054,.T.);
#3099=EDGE_CURVE('',#2397,#2464,#2190,.T.);
#3100=EDGE_CURVE('',#2399,#2465,#2191,.T.);
#3101=EDGE_CURVE('',#2466,#2467,#1055,.T.);
#3102=EDGE_CURVE('',#2466,#2468,#1056,.T.);
#3103=EDGE_CURVE('',#2468,#2469,#1057,.T.);
#3104=EDGE_CURVE('',#2467,#2469,#1058,.T.);
#3105=EDGE_CURVE('',#2470,#2466,#2192,.T.);
#3106=EDGE_CURVE('',#2470,#2471,#1059,.T.);
#3107=EDGE_CURVE('',#2471,#2468,#2193,.T.);
#3108=EDGE_CURVE('',#2472,#2470,#2194,.T.);
#3109=EDGE_CURVE('',#2472,#2473,#1060,.T.);
#3110=EDGE_CURVE('',#2473,#2471,#2195,.T.);
#3111=EDGE_CURVE('',#2474,#2472,#2196,.T.);
#3112=EDGE_CURVE('',#2474,#2475,#1061,.T.);
#3113=EDGE_CURVE('',#2475,#2473,#2197,.T.);
#3114=EDGE_CURVE('',#2476,#2474,#2198,.T.);
#3115=EDGE_CURVE('',#2476,#2477,#1062,.T.);
#3116=EDGE_CURVE('',#2477,#2475,#2199,.T.);
#3117=EDGE_CURVE('',#2478,#2476,#2200,.T.);
#3118=EDGE_CURVE('',#2478,#2479,#1063,.T.);
#3119=EDGE_CURVE('',#2479,#2477,#2201,.T.);
#3120=EDGE_CURVE('',#2480,#2478,#2202,.T.);
#3121=EDGE_CURVE('',#2480,#2481,#1064,.T.);
#3122=EDGE_CURVE('',#2481,#2479,#2203,.T.);
#3123=EDGE_CURVE('',#2482,#2480,#1065,.T.);
#3124=EDGE_CURVE('',#2482,#2483,#1066,.T.);
#3125=EDGE_CURVE('',#2483,#2481,#1067,.T.);
#3126=EDGE_CURVE('',#2467,#2482,#1068,.T.);
#3127=EDGE_CURVE('',#2469,#2483,#1069,.T.);
#3128=EDGE_CURVE('',#2484,#2485,#1070,.T.);
#3129=EDGE_CURVE('',#2484,#2486,#1071,.T.);
#3130=EDGE_CURVE('',#2486,#2487,#1072,.T.);
#3131=EDGE_CURVE('',#2485,#2487,#1073,.T.);
#3132=EDGE_CURVE('',#2488,#2484,#2204,.T.);
#3133=EDGE_CURVE('',#2488,#2489,#1074,.T.);
#3134=EDGE_CURVE('',#2489,#2486,#2205,.T.);
#3135=EDGE_CURVE('',#2490,#2488,#2206,.T.);
#3136=EDGE_CURVE('',#2490,#2491,#1075,.T.);
#3137=EDGE_CURVE('',#2491,#2489,#2207,.T.);
#3138=EDGE_CURVE('',#2492,#2490,#2208,.T.);
#3139=EDGE_CURVE('',#2492,#2493,#1076,.T.);
#3140=EDGE_CURVE('',#2493,#2491,#2209,.T.);
#3141=EDGE_CURVE('',#2494,#2492,#2210,.T.);
#3142=EDGE_CURVE('',#2494,#2495,#1077,.T.);
#3143=EDGE_CURVE('',#2495,#2493,#2211,.T.);
#3144=EDGE_CURVE('',#2496,#2494,#2212,.T.);
#3145=EDGE_CURVE('',#2496,#2497,#1078,.T.);
#3146=EDGE_CURVE('',#2497,#2495,#2213,.T.);
#3147=EDGE_CURVE('',#2498,#2496,#2214,.T.);
#3148=EDGE_CURVE('',#2498,#2499,#1079,.T.);
#3149=EDGE_CURVE('',#2499,#2497,#2215,.T.);
#3150=EDGE_CURVE('',#2500,#2498,#2216,.T.);
#3151=EDGE_CURVE('',#2500,#2501,#1080,.T.);
#3152=EDGE_CURVE('',#2501,#2499,#2217,.T.);
#3153=EDGE_CURVE('',#2502,#2500,#1081,.T.);
#3154=EDGE_CURVE('',#2502,#2503,#1082,.T.);
#3155=EDGE_CURVE('',#2503,#2501,#1083,.T.);
#3156=EDGE_CURVE('',#2485,#2502,#1084,.T.);
#3157=EDGE_CURVE('',#2487,#2503,#1085,.T.);
#3158=EDGE_CURVE('',#2504,#2505,#2218,.T.);
#3159=EDGE_CURVE('',#2504,#2506,#1086,.T.);
#3160=EDGE_CURVE('',#2506,#2507,#2219,.T.);
#3161=EDGE_CURVE('',#2505,#2507,#1087,.T.);
#3162=EDGE_CURVE('',#2508,#2504,#2220,.T.);
#3163=EDGE_CURVE('',#2508,#2509,#1088,.T.);
#3164=EDGE_CURVE('',#2509,#2506,#2221,.T.);
#3165=EDGE_CURVE('',#2510,#2508,#2222,.T.);
#3166=EDGE_CURVE('',#2510,#2511,#1089,.T.);
#3167=EDGE_CURVE('',#2511,#2509,#2223,.T.);
#3168=EDGE_CURVE('',#2512,#2510,#2224,.T.);
#3169=EDGE_CURVE('',#2512,#2513,#1090,.T.);
#3170=EDGE_CURVE('',#2513,#2511,#2225,.T.);
#3171=EDGE_CURVE('',#2514,#2512,#2226,.T.);
#3172=EDGE_CURVE('',#2514,#2515,#1091,.T.);
#3173=EDGE_CURVE('',#2515,#2513,#2227,.T.);
#3174=EDGE_CURVE('',#2516,#2514,#2228,.T.);
#3175=EDGE_CURVE('',#2516,#2517,#1092,.T.);
#3176=EDGE_CURVE('',#2517,#2515,#2229,.T.);
#3177=EDGE_CURVE('',#2518,#2516,#2230,.T.);
#3178=EDGE_CURVE('',#2518,#2519,#1093,.T.);
#3179=EDGE_CURVE('',#2519,#2517,#2231,.T.);
#3180=EDGE_CURVE('',#2520,#2518,#2232,.T.);
#3181=EDGE_CURVE('',#2520,#2521,#1094,.T.);
#3182=EDGE_CURVE('',#2521,#2519,#2233,.T.);
#3183=EDGE_CURVE('',#2522,#2520,#2234,.T.);
#3184=EDGE_CURVE('',#2522,#2523,#1095,.T.);
#3185=EDGE_CURVE('',#2523,#2521,#2235,.T.);
#3186=EDGE_CURVE('',#2524,#2522,#2236,.T.);
#3187=EDGE_CURVE('',#2524,#2525,#1096,.T.);
#3188=EDGE_CURVE('',#2525,#2523,#2237,.T.);
#3189=EDGE_CURVE('',#2526,#2524,#2238,.T.);
#3190=EDGE_CURVE('',#2526,#2527,#1097,.T.);
#3191=EDGE_CURVE('',#2527,#2525,#2239,.T.);
#3192=EDGE_CURVE('',#2528,#2526,#1098,.T.);
#3193=EDGE_CURVE('',#2528,#2529,#1099,.T.);
#3194=EDGE_CURVE('',#2529,#2527,#1100,.T.);
#3195=EDGE_CURVE('',#2530,#2528,#1101,.T.);
#3196=EDGE_CURVE('',#2530,#2531,#1102,.T.);
#3197=EDGE_CURVE('',#2531,#2529,#1103,.T.);
#3198=EDGE_CURVE('',#2505,#2530,#1104,.T.);
#3199=EDGE_CURVE('',#2507,#2531,#1105,.T.);
#3200=EDGE_CURVE('',#2532,#2533,#1106,.T.);
#3201=EDGE_CURVE('',#2532,#2534,#1107,.T.);
#3202=EDGE_CURVE('',#2534,#2535,#1108,.T.);
#3203=EDGE_CURVE('',#2533,#2535,#1109,.T.);
#3204=EDGE_CURVE('',#2536,#2532,#1110,.T.);
#3205=EDGE_CURVE('',#2536,#2537,#1111,.T.);
#3206=EDGE_CURVE('',#2537,#2534,#1112,.T.);
#3207=EDGE_CURVE('',#2538,#2536,#1113,.T.);
#3208=EDGE_CURVE('',#2538,#2539,#1114,.T.);
#3209=EDGE_CURVE('',#2539,#2537,#1115,.T.);
#3210=EDGE_CURVE('',#2533,#2538,#1116,.T.);
#3211=EDGE_CURVE('',#2535,#2539,#1117,.T.);
#3212=EDGE_CURVE('',#2540,#2541,#1118,.T.);
#3213=EDGE_CURVE('',#2540,#2542,#1119,.T.);
#3214=EDGE_CURVE('',#2542,#2543,#1120,.T.);
#3215=EDGE_CURVE('',#2541,#2543,#1121,.T.);
#3216=EDGE_CURVE('',#2544,#2540,#1122,.T.);
#3217=EDGE_CURVE('',#2544,#2545,#1123,.T.);
#3218=EDGE_CURVE('',#2545,#2542,#1124,.T.);
#3219=EDGE_CURVE('',#2546,#2544,#1125,.T.);
#3220=EDGE_CURVE('',#2546,#2547,#1126,.T.);
#3221=EDGE_CURVE('',#2547,#2545,#1127,.T.);
#3222=EDGE_CURVE('',#2548,#2546,#1128,.T.);
#3223=EDGE_CURVE('',#2548,#2549,#1129,.T.);
#3224=EDGE_CURVE('',#2549,#2547,#1130,.T.);
#3225=EDGE_CURVE('',#2550,#2548,#1131,.T.);
#3226=EDGE_CURVE('',#2550,#2551,#1132,.T.);
#3227=EDGE_CURVE('',#2551,#2549,#1133,.T.);
#3228=EDGE_CURVE('',#2552,#2550,#1134,.T.);
#3229=EDGE_CURVE('',#2552,#2553,#1135,.T.);
#3230=EDGE_CURVE('',#2553,#2551,#1136,.T.);
#3231=EDGE_CURVE('',#2554,#2552,#1137,.T.);
#3232=EDGE_CURVE('',#2554,#2555,#1138,.T.);
#3233=EDGE_CURVE('',#2555,#2553,#1139,.T.);
#3234=EDGE_CURVE('',#2556,#2554,#1140,.T.);
#3235=EDGE_CURVE('',#2556,#2557,#1141,.T.);
#3236=EDGE_CURVE('',#2557,#2555,#1142,.T.);
#3237=EDGE_CURVE('',#2558,#2556,#1143,.T.);
#3238=EDGE_CURVE('',#2558,#2559,#1144,.T.);
#3239=EDGE_CURVE('',#2559,#2557,#1145,.T.);
#3240=EDGE_CURVE('',#2541,#2558,#1146,.T.);
#3241=EDGE_CURVE('',#2543,#2559,#1147,.T.);
#3242=EDGE_CURVE('',#2560,#2561,#2240,.T.);
#3243=EDGE_CURVE('',#2560,#2562,#1148,.T.);
#3244=EDGE_CURVE('',#2562,#2563,#2241,.T.);
#3245=EDGE_CURVE('',#2561,#2563,#1149,.T.);
#3246=EDGE_CURVE('',#2564,#2560,#2242,.T.);
#3247=EDGE_CURVE('',#2564,#2565,#1150,.T.);
#3248=EDGE_CURVE('',#2565,#2562,#2243,.T.);
#3249=EDGE_CURVE('',#2566,#2564,#2244,.T.);
#3250=EDGE_CURVE('',#2566,#2567,#1151,.T.);
#3251=EDGE_CURVE('',#2567,#2565,#2245,.T.);
#3252=EDGE_CURVE('',#2568,#2566,#2246,.T.);
#3253=EDGE_CURVE('',#2568,#2569,#1152,.T.);
#3254=EDGE_CURVE('',#2569,#2567,#2247,.T.);
#3255=EDGE_CURVE('',#2570,#2568,#2248,.T.);
#3256=EDGE_CURVE('',#2570,#2571,#1153,.T.);
#3257=EDGE_CURVE('',#2571,#2569,#2249,.T.);
#3258=EDGE_CURVE('',#2572,#2570,#1154,.T.);
#3259=EDGE_CURVE('',#2572,#2573,#1155,.T.);
#3260=EDGE_CURVE('',#2573,#2571,#1156,.T.);
#3261=EDGE_CURVE('',#2574,#2572,#1157,.T.);
#3262=EDGE_CURVE('',#2574,#2575,#1158,.T.);
#3263=EDGE_CURVE('',#2575,#2573,#1159,.T.);
#3264=EDGE_CURVE('',#2576,#2574,#1160,.T.);
#3265=EDGE_CURVE('',#2576,#2577,#1161,.T.);
#3266=EDGE_CURVE('',#2577,#2575,#1162,.T.);
#3267=EDGE_CURVE('',#2578,#2576,#2250,.T.);
#3268=EDGE_CURVE('',#2578,#2579,#1163,.T.);
#3269=EDGE_CURVE('',#2579,#2577,#2251,.T.);
#3270=EDGE_CURVE('',#2580,#2578,#2252,.T.);
#3271=EDGE_CURVE('',#2580,#2581,#1164,.T.);
#3272=EDGE_CURVE('',#2581,#2579,#2253,.T.);
#3273=EDGE_CURVE('',#2582,#2580,#2254,.T.);
#3274=EDGE_CURVE('',#2582,#2583,#1165,.T.);
#3275=EDGE_CURVE('',#2583,#2581,#2255,.T.);
#3276=EDGE_CURVE('',#2584,#2582,#2256,.T.);
#3277=EDGE_CURVE('',#2584,#2585,#1166,.T.);
#3278=EDGE_CURVE('',#2585,#2583,#2257,.T.);
#3279=EDGE_CURVE('',#2586,#2584,#2258,.T.);
#3280=EDGE_CURVE('',#2586,#2587,#1167,.T.);
#3281=EDGE_CURVE('',#2587,#2585,#2259,.T.);
#3282=EDGE_CURVE('',#2588,#2586,#2260,.T.);
#3283=EDGE_CURVE('',#2588,#2589,#1168,.T.);
#3284=EDGE_CURVE('',#2589,#2587,#2261,.T.);
#3285=EDGE_CURVE('',#2590,#2588,#1169,.T.);
#3286=EDGE_CURVE('',#2590,#2591,#1170,.T.);
#3287=EDGE_CURVE('',#2591,#2589,#1171,.T.);
#3288=EDGE_CURVE('',#2592,#2590,#1172,.T.);
#3289=EDGE_CURVE('',#2592,#2593,#1173,.T.);
#3290=EDGE_CURVE('',#2593,#2591,#1174,.T.);
#3291=EDGE_CURVE('',#2561,#2592,#1175,.T.);
#3292=EDGE_CURVE('',#2563,#2593,#1176,.T.);
#3293=EDGE_CURVE('',#2594,#2595,#1177,.T.);
#3294=EDGE_CURVE('',#2594,#2596,#1178,.T.);
#3295=EDGE_CURVE('',#2596,#2597,#1179,.T.);
#3296=EDGE_CURVE('',#2595,#2597,#1180,.T.);
#3297=EDGE_CURVE('',#2598,#2594,#2262,.T.);
#3298=EDGE_CURVE('',#2598,#2599,#1181,.T.);
#3299=EDGE_CURVE('',#2599,#2596,#2263,.T.);
#3300=EDGE_CURVE('',#2600,#2598,#2264,.T.);
#3301=EDGE_CURVE('',#2600,#2601,#1182,.T.);
#3302=EDGE_CURVE('',#2601,#2599,#2265,.T.);
#3303=EDGE_CURVE('',#2602,#2600,#2266,.T.);
#3304=EDGE_CURVE('',#2602,#2603,#1183,.T.);
#3305=EDGE_CURVE('',#2603,#2601,#2267,.T.);
#3306=EDGE_CURVE('',#2604,#2602,#2268,.T.);
#3307=EDGE_CURVE('',#2604,#2605,#1184,.T.);
#3308=EDGE_CURVE('',#2605,#2603,#2269,.T.);
#3309=EDGE_CURVE('',#2606,#2604,#2270,.T.);
#3310=EDGE_CURVE('',#2606,#2607,#1185,.T.);
#3311=EDGE_CURVE('',#2607,#2605,#2271,.T.);
#3312=EDGE_CURVE('',#2608,#2606,#1186,.T.);
#3313=EDGE_CURVE('',#2608,#2609,#1187,.T.);
#3314=EDGE_CURVE('',#2609,#2607,#1188,.T.);
#3315=EDGE_CURVE('',#2595,#2608,#1189,.T.);
#3316=EDGE_CURVE('',#2597,#2609,#1190,.T.);
#3317=EDGE_CURVE('',#2610,#2611,#1191,.T.);
#3318=EDGE_CURVE('',#2610,#2612,#1192,.T.);
#3319=EDGE_CURVE('',#2612,#2613,#1193,.T.);
#3320=EDGE_CURVE('',#2611,#2613,#1194,.T.);
#3321=EDGE_CURVE('',#2614,#2610,#1195,.T.);
#3322=EDGE_CURVE('',#2614,#2615,#1196,.T.);
#3323=EDGE_CURVE('',#2615,#2612,#1197,.T.);
#3324=EDGE_CURVE('',#2616,#2614,#2272,.T.);
#3325=EDGE_CURVE('',#2616,#2617,#1198,.T.);
#3326=EDGE_CURVE('',#2617,#2615,#2273,.T.);
#3327=EDGE_CURVE('',#2618,#2616,#2274,.T.);
#3328=EDGE_CURVE('',#2618,#2619,#1199,.T.);
#3329=EDGE_CURVE('',#2619,#2617,#2275,.T.);
#3330=EDGE_CURVE('',#2620,#2618,#2276,.T.);
#3331=EDGE_CURVE('',#2620,#2621,#1200,.T.);
#3332=EDGE_CURVE('',#2621,#2619,#2277,.T.);
#3333=EDGE_CURVE('',#2622,#2620,#2278,.T.);
#3334=EDGE_CURVE('',#2622,#2623,#1201,.T.);
#3335=EDGE_CURVE('',#2623,#2621,#2279,.T.);
#3336=EDGE_CURVE('',#2624,#2622,#1202,.T.);
#3337=EDGE_CURVE('',#2624,#2625,#1203,.T.);
#3338=EDGE_CURVE('',#2625,#2623,#1204,.T.);
#3339=EDGE_CURVE('',#2626,#2624,#1205,.T.);
#3340=EDGE_CURVE('',#2626,#2627,#1206,.T.);
#3341=EDGE_CURVE('',#2627,#2625,#1207,.T.);
#3342=EDGE_CURVE('',#2628,#2626,#1208,.T.);
#3343=EDGE_CURVE('',#2628,#2629,#1209,.T.);
#3344=EDGE_CURVE('',#2629,#2627,#1210,.T.);
#3345=EDGE_CURVE('',#2630,#2628,#2280,.T.);
#3346=EDGE_CURVE('',#2630,#2631,#1211,.T.);
#3347=EDGE_CURVE('',#2631,#2629,#2281,.T.);
#3348=EDGE_CURVE('',#2632,#2630,#2282,.T.);
#3349=EDGE_CURVE('',#2632,#2633,#1212,.T.);
#3350=EDGE_CURVE('',#2633,#2631,#2283,.T.);
#3351=EDGE_CURVE('',#2634,#2632,#2284,.T.);
#3352=EDGE_CURVE('',#2634,#2635,#1213,.T.);
#3353=EDGE_CURVE('',#2635,#2633,#2285,.T.);
#3354=EDGE_CURVE('',#2636,#2634,#2286,.T.);
#3355=EDGE_CURVE('',#2636,#2637,#1214,.T.);
#3356=EDGE_CURVE('',#2637,#2635,#2287,.T.);
#3357=EDGE_CURVE('',#2638,#2636,#2288,.T.);
#3358=EDGE_CURVE('',#2638,#2639,#1215,.T.);
#3359=EDGE_CURVE('',#2639,#2637,#2289,.T.);
#3360=EDGE_CURVE('',#2640,#2638,#2290,.T.);
#3361=EDGE_CURVE('',#2640,#2641,#1216,.T.);
#3362=EDGE_CURVE('',#2641,#2639,#2291,.T.);
#3363=EDGE_CURVE('',#2642,#2640,#2292,.T.);
#3364=EDGE_CURVE('',#2642,#2643,#1217,.T.);
#3365=EDGE_CURVE('',#2643,#2641,#2293,.T.);
#3366=EDGE_CURVE('',#2644,#2642,#1218,.T.);
#3367=EDGE_CURVE('',#2644,#2645,#1219,.T.);
#3368=EDGE_CURVE('',#2645,#2643,#1220,.T.);
#3369=EDGE_CURVE('',#2646,#2644,#1221,.T.);
#3370=EDGE_CURVE('',#2646,#2647,#1222,.T.);
#3371=EDGE_CURVE('',#2647,#2645,#1223,.T.);
#3372=EDGE_CURVE('',#2611,#2646,#1224,.T.);
#3373=EDGE_CURVE('',#2613,#2647,#1225,.T.);
#3374=EDGE_CURVE('',#2648,#2649,#2294,.T.);
#3375=EDGE_CURVE('',#2648,#2650,#1226,.T.);
#3376=EDGE_CURVE('',#2650,#2651,#2295,.T.);
#3377=EDGE_CURVE('',#2649,#2651,#1227,.T.);
#3378=EDGE_CURVE('',#2652,#2648,#2296,.T.);
#3379=EDGE_CURVE('',#2652,#2653,#1228,.T.);
#3380=EDGE_CURVE('',#2653,#2650,#2297,.T.);
#3381=EDGE_CURVE('',#2654,#2652,#2298,.T.);
#3382=EDGE_CURVE('',#2654,#2655,#1229,.T.);
#3383=EDGE_CURVE('',#2655,#2653,#2299,.T.);
#3384=EDGE_CURVE('',#2656,#2654,#2300,.T.);
#3385=EDGE_CURVE('',#2656,#2657,#1230,.T.);
#3386=EDGE_CURVE('',#2657,#2655,#2301,.T.);
#3387=EDGE_CURVE('',#2658,#2656,#1231,.T.);
#3388=EDGE_CURVE('',#2658,#2659,#1232,.T.);
#3389=EDGE_CURVE('',#2659,#2657,#1233,.T.);
#3390=EDGE_CURVE('',#2660,#2658,#1234,.T.);
#3391=EDGE_CURVE('',#2660,#2661,#1235,.T.);
#3392=EDGE_CURVE('',#2661,#2659,#1236,.T.);
#3393=EDGE_CURVE('',#2662,#2660,#1237,.T.);
#3394=EDGE_CURVE('',#2662,#2663,#1238,.T.);
#3395=EDGE_CURVE('',#2663,#2661,#1239,.T.);
#3396=EDGE_CURVE('',#2664,#2662,#2302,.T.);
#3397=EDGE_CURVE('',#2664,#2665,#1240,.T.);
#3398=EDGE_CURVE('',#2665,#2663,#2303,.T.);
#3399=EDGE_CURVE('',#2666,#2664,#2304,.T.);
#3400=EDGE_CURVE('',#2666,#2667,#1241,.T.);
#3401=EDGE_CURVE('',#2667,#2665,#2305,.T.);
#3402=EDGE_CURVE('',#2668,#2666,#2306,.T.);
#3403=EDGE_CURVE('',#2668,#2669,#1242,.T.);
#3404=EDGE_CURVE('',#2669,#2667,#2307,.T.);
#3405=EDGE_CURVE('',#2670,#2668,#2308,.T.);
#3406=EDGE_CURVE('',#2670,#2671,#1243,.T.);
#3407=EDGE_CURVE('',#2671,#2669,#2309,.T.);
#3408=EDGE_CURVE('',#2672,#2670,#2310,.T.);
#3409=EDGE_CURVE('',#2672,#2673,#1244,.T.);
#3410=EDGE_CURVE('',#2673,#2671,#2311,.T.);
#3411=EDGE_CURVE('',#2674,#2672,#1245,.T.);
#3412=EDGE_CURVE('',#2674,#2675,#1246,.T.);
#3413=EDGE_CURVE('',#2675,#2673,#1247,.T.);
#3414=EDGE_CURVE('',#2649,#2674,#2312,.T.);
#3415=EDGE_CURVE('',#2651,#2675,#2313,.T.);
#3416=EDGE_CURVE('',#2676,#2677,#1248,.T.);
#3417=EDGE_CURVE('',#2676,#2678,#1249,.T.);
#3418=EDGE_CURVE('',#2678,#2679,#1250,.T.);
#3419=EDGE_CURVE('',#2677,#2679,#1251,.T.);
#3420=EDGE_CURVE('',#2680,#2676,#1252,.T.);
#3421=EDGE_CURVE('',#2680,#2681,#1253,.T.);
#3422=EDGE_CURVE('',#2681,#2678,#1254,.T.);
#3423=EDGE_CURVE('',#2682,#2680,#1255,.T.);
#3424=EDGE_CURVE('',#2682,#2683,#1256,.T.);
#3425=EDGE_CURVE('',#2683,#2681,#1257,.T.);
#3426=EDGE_CURVE('',#2684,#2682,#1258,.T.);
#3427=EDGE_CURVE('',#2684,#2685,#1259,.T.);
#3428=EDGE_CURVE('',#2685,#2683,#1260,.T.);
#3429=EDGE_CURVE('',#2686,#2684,#2314,.T.);
#3430=EDGE_CURVE('',#2686,#2687,#1261,.T.);
#3431=EDGE_CURVE('',#2687,#2685,#2315,.T.);
#3432=EDGE_CURVE('',#2688,#2686,#2316,.T.);
#3433=EDGE_CURVE('',#2688,#2689,#1262,.T.);
#3434=EDGE_CURVE('',#2689,#2687,#2317,.T.);
#3435=EDGE_CURVE('',#2690,#2688,#1263,.T.);
#3436=EDGE_CURVE('',#2690,#2691,#1264,.T.);
#3437=EDGE_CURVE('',#2691,#2689,#1265,.T.);
#3438=EDGE_CURVE('',#2692,#2690,#1266,.T.);
#3439=EDGE_CURVE('',#2692,#2693,#1267,.T.);
#3440=EDGE_CURVE('',#2693,#2691,#1268,.T.);
#3441=EDGE_CURVE('',#2694,#2692,#1269,.T.);
#3442=EDGE_CURVE('',#2694,#2695,#1270,.T.);
#3443=EDGE_CURVE('',#2695,#2693,#1271,.T.);
#3444=EDGE_CURVE('',#2696,#2694,#1272,.T.);
#3445=EDGE_CURVE('',#2696,#2697,#1273,.T.);
#3446=EDGE_CURVE('',#2697,#2695,#1274,.T.);
#3447=EDGE_CURVE('',#2677,#2696,#1275,.T.);
#3448=EDGE_CURVE('',#2679,#2697,#1276,.T.);
#3449=EDGE_CURVE('',#2698,#2699,#2318,.T.);
#3450=EDGE_CURVE('',#2698,#2700,#1277,.T.);
#3451=EDGE_CURVE('',#2700,#2701,#2319,.T.);
#3452=EDGE_CURVE('',#2699,#2701,#1278,.T.);
#3453=EDGE_CURVE('',#2702,#2698,#2320,.T.);
#3454=EDGE_CURVE('',#2702,#2703,#1279,.T.);
#3455=EDGE_CURVE('',#2703,#2700,#2321,.T.);
#3456=EDGE_CURVE('',#2704,#2702,#2322,.T.);
#3457=EDGE_CURVE('',#2704,#2705,#1280,.T.);
#3458=EDGE_CURVE('',#2705,#2703,#2323,.T.);
#3459=EDGE_CURVE('',#2706,#2704,#2324,.T.);
#3460=EDGE_CURVE('',#2706,#2707,#1281,.T.);
#3461=EDGE_CURVE('',#2707,#2705,#2325,.T.);
#3462=EDGE_CURVE('',#2708,#2706,#2326,.T.);
#3463=EDGE_CURVE('',#2708,#2709,#1282,.T.);
#3464=EDGE_CURVE('',#2709,#2707,#2327,.T.);
#3465=EDGE_CURVE('',#2710,#2708,#2328,.T.);
#3466=EDGE_CURVE('',#2710,#2711,#1283,.T.);
#3467=EDGE_CURVE('',#2711,#2709,#2329,.T.);
#3468=EDGE_CURVE('',#2712,#2710,#2330,.T.);
#3469=EDGE_CURVE('',#2712,#2713,#1284,.T.);
#3470=EDGE_CURVE('',#2713,#2711,#2331,.T.);
#3471=EDGE_CURVE('',#2714,#2712,#2332,.T.);
#3472=EDGE_CURVE('',#2714,#2715,#1285,.T.);
#3473=EDGE_CURVE('',#2715,#2713,#2333,.T.);
#3474=EDGE_CURVE('',#2699,#2714,#2334,.T.);
#3475=EDGE_CURVE('',#2701,#2715,#2335,.T.);
#3476=EDGE_CURVE('',#2716,#2717,#2336,.T.);
#3477=EDGE_CURVE('',#2716,#2718,#1286,.T.);
#3478=EDGE_CURVE('',#2718,#2719,#2337,.T.);
#3479=EDGE_CURVE('',#2717,#2719,#1287,.T.);
#3480=EDGE_CURVE('',#2720,#2716,#2338,.T.);
#3481=EDGE_CURVE('',#2720,#2721,#1288,.T.);
#3482=EDGE_CURVE('',#2721,#2718,#2339,.T.);
#3483=EDGE_CURVE('',#2722,#2720,#2340,.T.);
#3484=EDGE_CURVE('',#2722,#2723,#1289,.T.);
#3485=EDGE_CURVE('',#2723,#2721,#2341,.T.);
#3486=EDGE_CURVE('',#2724,#2722,#2342,.T.);
#3487=EDGE_CURVE('',#2724,#2725,#1290,.T.);
#3488=EDGE_CURVE('',#2725,#2723,#2343,.T.);
#3489=EDGE_CURVE('',#2726,#2724,#2344,.T.);
#3490=EDGE_CURVE('',#2726,#2727,#1291,.T.);
#3491=EDGE_CURVE('',#2727,#2725,#2345,.T.);
#3492=EDGE_CURVE('',#2728,#2726,#2346,.T.);
#3493=EDGE_CURVE('',#2728,#2729,#1292,.T.);
#3494=EDGE_CURVE('',#2729,#2727,#2347,.T.);
#3495=EDGE_CURVE('',#2730,#2728,#2348,.T.);
#3496=EDGE_CURVE('',#2730,#2731,#1293,.T.);
#3497=EDGE_CURVE('',#2731,#2729,#2349,.T.);
#3498=EDGE_CURVE('',#2732,#2730,#2350,.T.);
#3499=EDGE_CURVE('',#2732,#2733,#1294,.T.);
#3500=EDGE_CURVE('',#2733,#2731,#2351,.T.);
#3501=EDGE_CURVE('',#2734,#2732,#2352,.T.);
#3502=EDGE_CURVE('',#2734,#2735,#1295,.T.);
#3503=EDGE_CURVE('',#2735,#2733,#2353,.T.);
#3504=EDGE_CURVE('',#2736,#2734,#2354,.T.);
#3505=EDGE_CURVE('',#2736,#2737,#1296,.T.);
#3506=EDGE_CURVE('',#2737,#2735,#2355,.T.);
#3507=EDGE_CURVE('',#2717,#2736,#2356,.T.);
#3508=EDGE_CURVE('',#2719,#2737,#2357,.T.);
#3509=EDGE_CURVE('',#2738,#2739,#1297,.T.);
#3510=EDGE_CURVE('',#2738,#2740,#1298,.T.);
#3511=EDGE_CURVE('',#2740,#2741,#1299,.T.);
#3512=EDGE_CURVE('',#2739,#2741,#1300,.T.);
#3513=EDGE_CURVE('',#2742,#2738,#2358,.T.);
#3514=EDGE_CURVE('',#2742,#2743,#1301,.T.);
#3515=EDGE_CURVE('',#2743,#2740,#2359,.T.);
#3516=EDGE_CURVE('',#2744,#2742,#2360,.T.);
#3517=EDGE_CURVE('',#2744,#2745,#1302,.T.);
#3518=EDGE_CURVE('',#2745,#2743,#2361,.T.);
#3519=EDGE_CURVE('',#2746,#2744,#1303,.T.);
#3520=EDGE_CURVE('',#2746,#2747,#1304,.T.);
#3521=EDGE_CURVE('',#2747,#2745,#1305,.T.);
#3522=EDGE_CURVE('',#2748,#2746,#1306,.T.);
#3523=EDGE_CURVE('',#2748,#2749,#1307,.T.);
#3524=EDGE_CURVE('',#2749,#2747,#1308,.T.);
#3525=EDGE_CURVE('',#2750,#2748,#1309,.T.);
#3526=EDGE_CURVE('',#2750,#2751,#1310,.T.);
#3527=EDGE_CURVE('',#2751,#2749,#1311,.T.);
#3528=EDGE_CURVE('',#2752,#2750,#1312,.T.);
#3529=EDGE_CURVE('',#2752,#2753,#1313,.T.);
#3530=EDGE_CURVE('',#2753,#2751,#1314,.T.);
#3531=EDGE_CURVE('',#2754,#2752,#1315,.T.);
#3532=EDGE_CURVE('',#2754,#2755,#1316,.T.);
#3533=EDGE_CURVE('',#2755,#2753,#1317,.T.);
#3534=EDGE_CURVE('',#2756,#2754,#2362,.T.);
#3535=EDGE_CURVE('',#2756,#2757,#1318,.T.);
#3536=EDGE_CURVE('',#2757,#2755,#2363,.T.);
#3537=EDGE_CURVE('',#2758,#2756,#2364,.T.);
#3538=EDGE_CURVE('',#2758,#2759,#1319,.T.);
#3539=EDGE_CURVE('',#2759,#2757,#2365,.T.);
#3540=EDGE_CURVE('',#2760,#2758,#1320,.T.);
#3541=EDGE_CURVE('',#2760,#2761,#1321,.T.);
#3542=EDGE_CURVE('',#2761,#2759,#1322,.T.);
#3543=EDGE_CURVE('',#2762,#2760,#1323,.T.);
#3544=EDGE_CURVE('',#2762,#2763,#1324,.T.);
#3545=EDGE_CURVE('',#2763,#2761,#1325,.T.);
#3546=EDGE_CURVE('',#2764,#2762,#1326,.T.);
#3547=EDGE_CURVE('',#2764,#2765,#1327,.T.);
#3548=EDGE_CURVE('',#2765,#2763,#1328,.T.);
#3549=EDGE_CURVE('',#2766,#2764,#2366,.T.);
#3550=EDGE_CURVE('',#2766,#2767,#1329,.T.);
#3551=EDGE_CURVE('',#2767,#2765,#2367,.T.);
#3552=EDGE_CURVE('',#2768,#2766,#2368,.T.);
#3553=EDGE_CURVE('',#2768,#2769,#1330,.T.);
#3554=EDGE_CURVE('',#2769,#2767,#2369,.T.);
#3555=EDGE_CURVE('',#2770,#2768,#1331,.T.);
#3556=EDGE_CURVE('',#2770,#2771,#1332,.T.);
#3557=EDGE_CURVE('',#2771,#2769,#1333,.T.);
#3558=EDGE_CURVE('',#2772,#2770,#1334,.T.);
#3559=EDGE_CURVE('',#2772,#2773,#1335,.T.);
#3560=EDGE_CURVE('',#2773,#2771,#1336,.T.);
#3561=EDGE_CURVE('',#2774,#2772,#1337,.T.);
#3562=EDGE_CURVE('',#2774,#2775,#1338,.T.);
#3563=EDGE_CURVE('',#2775,#2773,#1339,.T.);
#3564=EDGE_CURVE('',#2739,#2774,#1340,.T.);
#3565=EDGE_CURVE('',#2741,#2775,#1341,.T.);
#3566=EDGE_CURVE('',#2776,#2777,#1342,.T.);
#3567=EDGE_CURVE('',#2776,#2778,#1343,.T.);
#3568=EDGE_CURVE('',#2778,#2779,#1344,.T.);
#3569=EDGE_CURVE('',#2777,#2779,#1345,.T.);
#3570=EDGE_CURVE('',#2780,#2776,#2370,.T.);
#3571=EDGE_CURVE('',#2780,#2781,#1346,.T.);
#3572=EDGE_CURVE('',#2781,#2778,#2371,.T.);
#3573=EDGE_CURVE('',#2782,#2780,#2372,.T.);
#3574=EDGE_CURVE('',#2782,#2783,#1347,.T.);
#3575=EDGE_CURVE('',#2783,#2781,#2373,.T.);
#3576=EDGE_CURVE('',#2784,#2782,#2374,.T.);
#3577=EDGE_CURVE('',#2784,#2785,#1348,.T.);
#3578=EDGE_CURVE('',#2785,#2783,#2375,.T.);
#3579=EDGE_CURVE('',#2786,#2784,#2376,.T.);
#3580=EDGE_CURVE('',#2786,#2787,#1349,.T.);
#3581=EDGE_CURVE('',#2787,#2785,#2377,.T.);
#3582=EDGE_CURVE('',#2788,#2786,#2378,.T.);
#3583=EDGE_CURVE('',#2788,#2789,#1350,.T.);
#3584=EDGE_CURVE('',#2789,#2787,#2379,.T.);
#3585=EDGE_CURVE('',#2790,#2788,#1351,.T.);
#3586=EDGE_CURVE('',#2790,#2791,#1352,.T.);
#3587=EDGE_CURVE('',#2791,#2789,#1353,.T.);
#3588=EDGE_CURVE('',#2777,#2790,#1354,.T.);
#3589=EDGE_CURVE('',#2779,#2791,#1355,.T.);
#3590=EDGE_CURVE('',#2792,#2793,#1356,.T.);
#3591=EDGE_CURVE('',#2792,#2794,#1357,.T.);
#3592=EDGE_CURVE('',#2794,#2795,#1358,.T.);
#3593=EDGE_CURVE('',#2793,#2795,#1359,.T.);
#3594=EDGE_CURVE('',#2796,#2792,#1360,.T.);
#3595=EDGE_CURVE('',#2796,#2797,#1361,.T.);
#3596=EDGE_CURVE('',#2797,#2794,#1362,.T.);
#3597=EDGE_CURVE('',#2798,#2796,#2380,.T.);
#3598=EDGE_CURVE('',#2798,#2799,#1363,.T.);
#3599=EDGE_CURVE('',#2799,#2797,#2381,.T.);
#3600=EDGE_CURVE('',#2800,#2798,#2382,.T.);
#3601=EDGE_CURVE('',#2800,#2801,#1364,.T.);
#3602=EDGE_CURVE('',#2801,#2799,#2383,.T.);
#3603=EDGE_CURVE('',#2802,#2800,#2384,.T.);
#3604=EDGE_CURVE('',#2802,#2803,#1365,.T.);
#3605=EDGE_CURVE('',#2803,#2801,#2385,.T.);
#3606=EDGE_CURVE('',#2804,#2802,#2386,.T.);
#3607=EDGE_CURVE('',#2804,#2805,#1366,.T.);
#3608=EDGE_CURVE('',#2805,#2803,#2387,.T.);
#3609=EDGE_CURVE('',#2806,#2804,#2388,.T.);
#3610=EDGE_CURVE('',#2806,#2807,#1367,.T.);
#3611=EDGE_CURVE('',#2807,#2805,#2389,.T.);
#3612=EDGE_CURVE('',#2808,#2806,#2390,.T.);
#3613=EDGE_CURVE('',#2808,#2809,#1368,.T.);
#3614=EDGE_CURVE('',#2809,#2807,#2391,.T.);
#3615=EDGE_CURVE('',#2810,#2808,#1369,.T.);
#3616=EDGE_CURVE('',#2810,#2811,#1370,.T.);
#3617=EDGE_CURVE('',#2811,#2809,#1371,.T.);
#3618=EDGE_CURVE('',#2812,#2810,#1372,.T.);
#3619=EDGE_CURVE('',#2812,#2813,#1373,.T.);
#3620=EDGE_CURVE('',#2813,#2811,#1374,.T.);
#3621=EDGE_CURVE('',#2793,#2812,#1375,.T.);
#3622=EDGE_CURVE('',#2795,#2813,#1376,.T.);
#3623=EDGE_CURVE('',#2814,#2815,#1377,.T.);
#3624=EDGE_CURVE('',#2815,#2816,#1378,.T.);
#3625=EDGE_CURVE('',#2816,#2817,#1379,.T.);
#3626=EDGE_CURVE('',#2814,#2817,#1380,.T.);
#3627=EDGE_CURVE('',#2817,#2818,#1381,.T.);
#3628=EDGE_CURVE('',#2819,#2818,#1382,.T.);
#3629=EDGE_CURVE('',#2819,#2820,#1383,.T.);
#3630=EDGE_CURVE('',#2821,#2820,#1384,.T.);
#3631=EDGE_CURVE('',#2822,#2821,#1385,.T.);
#3632=EDGE_CURVE('',#2823,#2822,#1386,.T.);
#3633=EDGE_CURVE('',#2814,#2823,#1387,.T.);
#3634=EDGE_CURVE('',#2824,#2825,#63,.T.);
#3635=EDGE_CURVE('',#2826,#2824,#1388,.T.);
#3636=EDGE_CURVE('',#2827,#2826,#64,.T.);
#3637=EDGE_CURVE('',#2825,#2827,#1389,.T.);
#3638=EDGE_CURVE('',#2828,#2829,#1390,.T.);
#3639=EDGE_CURVE('',#2830,#2829,#1391,.T.);
#3640=EDGE_CURVE('',#2831,#2830,#1392,.T.);
#3641=EDGE_CURVE('',#2828,#2831,#1393,.T.);
#3642=EDGE_CURVE('',#2832,#2833,#65,.F.);
#3643=EDGE_CURVE('',#2832,#2834,#1394,.T.);
#3644=EDGE_CURVE('',#2835,#2834,#22,.T.);
#3645=EDGE_CURVE('',#2836,#2835,#23,.T.);
#3646=EDGE_CURVE('',#2836,#2833,#1395,.T.);
#3647=EDGE_CURVE('',#2837,#2836,#1396,.T.);
#3648=EDGE_CURVE('',#2838,#2837,#66,.T.);
#3649=EDGE_CURVE('',#2839,#2838,#1397,.T.);
#3650=EDGE_CURVE('',#2840,#2839,#67,.T.);
#3651=EDGE_CURVE('',#2841,#2840,#1398,.T.);
#3652=EDGE_CURVE('',#2842,#2841,#1399,.T.);
#3653=EDGE_CURVE('',#2833,#2842,#1400,.T.);
#3654=EDGE_CURVE('',#2835,#2843,#1401,.T.);
#3655=EDGE_CURVE('',#2843,#2841,#24,.T.);
#3656=EDGE_CURVE('',#2840,#2844,#2392,.T.);
#3657=EDGE_CURVE('',#2844,#2845,#1402,.T.);
#3658=EDGE_CURVE('',#2845,#2846,#20,.T.);
#3659=EDGE_CURVE('',#2846,#2847,#2393,.T.);
#3660=EDGE_CURVE('',#2848,#2847,#1403,.F.);
#3661=EDGE_CURVE('',#2837,#2848,#2394,.F.);
#3662=EDGE_CURVE('',#2849,#2843,#25,.T.);
#3663=EDGE_CURVE('',#2849,#2850,#1404,.T.);
#3664=EDGE_CURVE('',#2850,#2842,#68,.T.);
#3665=EDGE_CURVE('',#2849,#2851,#26,.T.);
#3666=EDGE_CURVE('',#2851,#2852,#27,.T.);
#3667=EDGE_CURVE('',#2852,#2853,#1405,.T.);
#3668=EDGE_CURVE('',#2854,#2853,#69,.T.);
#3669=EDGE_CURVE('',#2854,#2855,#1406,.F.);
#3670=EDGE_CURVE('',#2855,#2850,#70,.T.);
#3671=EDGE_CURVE('',#2856,#2834,#28,.T.);
#3672=EDGE_CURVE('',#2856,#2851,#1407,.T.);
#3673=EDGE_CURVE('',#2856,#2857,#29,.T.);
#3674=EDGE_CURVE('',#2857,#2852,#1408,.T.);
#3675=EDGE_CURVE('',#2832,#2858,#71,.T.);
#3676=EDGE_CURVE('',#2859,#2858,#1409,.T.);
#3677=EDGE_CURVE('',#2859,#2860,#72,.F.);
#3678=EDGE_CURVE('',#2860,#2857,#1410,.T.);
#3679=EDGE_CURVE('',#2861,#2860,#1411,.T.);
#3680=EDGE_CURVE('',#2862,#2861,#1412,.T.);
#3681=EDGE_CURVE('',#2862,#2863,#1413,.T.);
#3682=EDGE_CURVE('',#2863,#2864,#1414,.T.);
#3683=EDGE_CURVE('',#2853,#2864,#1415,.T.);
#3684=EDGE_CURVE('',#2865,#2866,#73,.T.);
#3685=EDGE_CURVE('',#2847,#2866,#1416,.T.);
#3686=EDGE_CURVE('',#2867,#2846,#21,.F.);
#3687=EDGE_CURVE('',#2867,#2865,#2395,.T.);
#3688=EDGE_CURVE('',#2868,#2845,#1417,.F.);
#3689=EDGE_CURVE('',#2844,#2869,#1418,.T.);
#3690=EDGE_CURVE('',#2869,#2868,#1419,.T.);
#3691=EDGE_CURVE('',#2868,#2865,#1420,.T.);
#3692=EDGE_CURVE('',#2839,#2870,#1421,.T.);
#3693=EDGE_CURVE('',#2870,#2869,#74,.T.);
#3694=EDGE_CURVE('',#2848,#2871,#1422,.T.);
#3695=EDGE_CURVE('',#2866,#2871,#1423,.T.);
#3696=EDGE_CURVE('',#2838,#2872,#1424,.T.);
#3697=EDGE_CURVE('',#2872,#2870,#1425,.T.);
#3698=EDGE_CURVE('',#2871,#2872,#75,.T.);
#3699=EDGE_CURVE('',#2866,#2873,#1426,.T.);
#3700=EDGE_CURVE('',#2873,#2874,#1427,.T.);
#3701=EDGE_CURVE('',#2871,#2874,#1428,.T.);
#3702=EDGE_CURVE('',#2865,#2875,#1429,.T.);
#3703=EDGE_CURVE('',#2875,#2873,#76,.T.);
#3704=EDGE_CURVE('',#2868,#2876,#1430,.T.);
#3705=EDGE_CURVE('',#2876,#2875,#1431,.T.);
#3706=EDGE_CURVE('',#2869,#2877,#1432,.T.);
#3707=EDGE_CURVE('',#2877,#2876,#1433,.T.);
#3708=EDGE_CURVE('',#2878,#2824,#1434,.T.);
#3709=EDGE_CURVE('',#2825,#2879,#1435,.T.);
#3710=EDGE_CURVE('',#2879,#2878,#77,.T.);
#3711=EDGE_CURVE('',#2827,#2880,#1436,.T.);
#3712=EDGE_CURVE('',#2880,#2879,#1437,.T.);
#3713=EDGE_CURVE('',#2881,#2826,#1438,.T.);
#3714=EDGE_CURVE('',#2878,#2881,#1439,.T.);
#3715=EDGE_CURVE('',#2881,#2880,#78,.T.);
#3716=EDGE_CURVE('',#2870,#2882,#1440,.T.);
#3717=EDGE_CURVE('',#2882,#2877,#79,.T.);
#3718=EDGE_CURVE('',#2872,#2883,#1441,.T.);
#3719=EDGE_CURVE('',#2883,#2882,#1442,.T.);
#3720=EDGE_CURVE('',#2874,#2883,#80,.T.);
#3721=EDGE_CURVE('',#2884,#2885,#1443,.T.);
#3722=EDGE_CURVE('',#2886,#2884,#81,.T.);
#3723=EDGE_CURVE('',#2887,#2886,#1444,.T.);
#3724=EDGE_CURVE('',#2885,#2887,#82,.T.);
#3725=EDGE_CURVE('',#2888,#2889,#1445,.T.);
#3726=EDGE_CURVE('',#2890,#2888,#83,.T.);
#3727=EDGE_CURVE('',#2891,#2890,#1446,.T.);
#3728=EDGE_CURVE('',#2889,#2891,#84,.T.);
#3729=EDGE_CURVE('',#2886,#2892,#1447,.T.);
#3730=EDGE_CURVE('',#2893,#2892,#1448,.T.);
#3731=EDGE_CURVE('',#2887,#2893,#1449,.T.);
#3732=EDGE_CURVE('',#2884,#2894,#1450,.T.);
#3733=EDGE_CURVE('',#2895,#2894,#85,.T.);
#3734=EDGE_CURVE('',#2892,#2895,#86,.T.);
#3735=EDGE_CURVE('',#2890,#2896,#1451,.T.);
#3736=EDGE_CURVE('',#2897,#2896,#1452,.T.);
#3737=EDGE_CURVE('',#2891,#2897,#1453,.T.);
#3738=EDGE_CURVE('',#2888,#2898,#1454,.T.);
#3739=EDGE_CURVE('',#2899,#2898,#87,.T.);
#3740=EDGE_CURVE('',#2896,#2899,#88,.T.);
#3741=EDGE_CURVE('',#2900,#2895,#1455,.T.);
#3742=EDGE_CURVE('',#2900,#2893,#89,.T.);
#3743=EDGE_CURVE('',#2885,#2901,#1456,.T.);
#3744=EDGE_CURVE('',#2894,#2901,#1457,.T.);
#3745=EDGE_CURVE('',#2901,#2900,#90,.T.);
#3746=EDGE_CURVE('',#2902,#2899,#1458,.T.);
#3747=EDGE_CURVE('',#2902,#2897,#91,.T.);
#3748=EDGE_CURVE('',#2889,#2903,#1459,.T.);
#3749=EDGE_CURVE('',#2898,#2903,#1460,.T.);
#3750=EDGE_CURVE('',#2903,#2902,#92,.T.);
#3751=EDGE_CURVE('',#2904,#2855,#1461,.T.);
#3752=EDGE_CURVE('',#2904,#2905,#93,.T.);
#3753=EDGE_CURVE('',#2905,#2906,#1462,.T.);
#3754=EDGE_CURVE('',#2906,#2907,#94,.T.);
#3755=EDGE_CURVE('',#2907,#2821,#1463,.T.);
#3756=EDGE_CURVE('',#2820,#2908,#1464,.T.);
#3757=EDGE_CURVE('',#2908,#2909,#95,.T.);
#3758=EDGE_CURVE('',#2909,#2910,#1465,.T.);
#3759=EDGE_CURVE('',#2910,#2911,#96,.T.);
#3760=EDGE_CURVE('',#2911,#2858,#1466,.T.);
#3761=EDGE_CURVE('',#2912,#2912,#97,.T.);
#3762=EDGE_CURVE('',#2913,#2913,#98,.T.);
#3763=EDGE_CURVE('',#2914,#2914,#99,.T.);
#3764=EDGE_CURVE('',#2915,#2915,#100,.T.);
#3765=EDGE_CURVE('',#2916,#2917,#1467,.T.);
#3766=EDGE_CURVE('',#2918,#2916,#1468,.T.);
#3767=EDGE_CURVE('',#2919,#2918,#1469,.T.);
#3768=EDGE_CURVE('',#2917,#2919,#1470,.T.);
#3769=EDGE_CURVE('',#2920,#2900,#1471,.T.);
#3770=EDGE_CURVE('',#2918,#2920,#1472,.T.);
#3771=EDGE_CURVE('',#2921,#2916,#1473,.T.);
#3772=EDGE_CURVE('',#2899,#2921,#1474,.T.);
#3773=EDGE_CURVE('',#2895,#2902,#1475,.T.);
#3774=EDGE_CURVE('',#2919,#2922,#1476,.T.);
#3775=EDGE_CURVE('',#2922,#2923,#1477,.T.);
#3776=EDGE_CURVE('',#2924,#2923,#1478,.T.);
#3777=EDGE_CURVE('',#2924,#2925,#1479,.T.);
#3778=EDGE_CURVE('',#2925,#2926,#1480,.T.);
#3779=EDGE_CURVE('',#2926,#2927,#1481,.T.);
#3780=EDGE_CURVE('',#2927,#2917,#1482,.T.);
#3781=EDGE_CURVE('',#2928,#2920,#1483,.T.);
#3782=EDGE_CURVE('',#2929,#2928,#1484,.T.);
#3783=EDGE_CURVE('',#2929,#2922,#1485,.T.);
#3784=EDGE_CURVE('',#2930,#2931,#101,.T.);
#3785=EDGE_CURVE('',#2932,#2930,#1486,.T.);
#3786=EDGE_CURVE('',#2933,#2932,#102,.T.);
#3787=EDGE_CURVE('',#2931,#2933,#1487,.T.);
#3788=EDGE_CURVE('',#2934,#2930,#1488,.T.);
#3789=EDGE_CURVE('',#2935,#2934,#1489,.T.);
#3790=EDGE_CURVE('',#2935,#2932,#1490,.T.);
#3791=EDGE_CURVE('',#2936,#2931,#1491,.T.);
#3792=EDGE_CURVE('',#2934,#2936,#103,.T.);
#3793=EDGE_CURVE('',#2937,#2933,#1492,.T.);
#3794=EDGE_CURVE('',#2936,#2937,#1493,.T.);
#3795=EDGE_CURVE('',#2937,#2935,#104,.T.);
#3796=EDGE_CURVE('',#2938,#2939,#1494,.T.);
#3797=EDGE_CURVE('',#2940,#2938,#1495,.T.);
#3798=EDGE_CURVE('',#2940,#2941,#1496,.T.);
#3799=EDGE_CURVE('',#2939,#2941,#1497,.T.);
#3800=EDGE_CURVE('',#2942,#2938,#105,.T.);
#3801=EDGE_CURVE('',#2943,#2942,#1498,.T.);
#3802=EDGE_CURVE('',#2940,#2943,#106,.T.);
#3803=EDGE_CURVE('',#2944,#2942,#1499,.T.);
#3804=EDGE_CURVE('',#2945,#2944,#1500,.T.);
#3805=EDGE_CURVE('',#2943,#2945,#1501,.T.);
#3806=EDGE_CURVE('',#2946,#2946,#107,.T.);
#3807=EDGE_CURVE('',#2946,#2947,#1502,.T.);
#3808=EDGE_CURVE('',#2947,#2947,#108,.T.);
#3809=EDGE_CURVE('',#2948,#2945,#1503,.T.);
#3810=EDGE_CURVE('',#2941,#2948,#1504,.T.);
#3811=EDGE_CURVE('',#2829,#2948,#1505,.T.);
#3812=EDGE_CURVE('',#2949,#2944,#1506,.T.);
#3813=EDGE_CURVE('',#2949,#2950,#1507,.T.);
#3814=EDGE_CURVE('',#2950,#2951,#1508,.T.);
#3815=EDGE_CURVE('',#2830,#2951,#1509,.T.);
#3816=EDGE_CURVE('',#2921,#2952,#1510,.T.);
#3817=EDGE_CURVE('',#2952,#2953,#109,.T.);
#3818=EDGE_CURVE('',#2953,#2954,#1511,.T.);
#3819=EDGE_CURVE('',#2954,#2955,#1512,.T.);
#3820=EDGE_CURVE('',#2955,#2956,#1513,.T.);
#3821=EDGE_CURVE('',#2956,#2957,#110,.T.);
#3822=EDGE_CURVE('',#2957,#2949,#1514,.T.);
#3823=EDGE_CURVE('',#2939,#2958,#1515,.T.);
#3824=EDGE_CURVE('',#2958,#2959,#1516,.T.);
#3825=EDGE_CURVE('',#2959,#2960,#111,.T.);
#3826=EDGE_CURVE('',#2960,#2961,#1517,.T.);
#3827=EDGE_CURVE('',#2961,#2962,#1518,.T.);
#3828=EDGE_CURVE('',#2962,#2963,#1519,.T.);
#3829=EDGE_CURVE('',#2963,#2928,#112,.T.);
#3830=EDGE_CURVE('',#2964,#2956,#1520,.T.);
#3831=EDGE_CURVE('',#2965,#2964,#113,.T.);
#3832=EDGE_CURVE('',#2965,#2957,#1521,.T.);
#3833=EDGE_CURVE('',#2966,#2955,#1522,.T.);
#3834=EDGE_CURVE('',#2964,#2966,#1523,.T.);
#3835=EDGE_CURVE('',#2967,#2967,#114,.T.);
#3836=EDGE_CURVE('',#2967,#2968,#1524,.T.);
#3837=EDGE_CURVE('',#2968,#2968,#115,.T.);
#3838=EDGE_CURVE('',#2965,#2950,#1525,.T.);
#3839=EDGE_CURVE('',#2951,#2966,#1526,.T.);
#3840=EDGE_CURVE('',#2954,#2969,#1527,.T.);
#3841=EDGE_CURVE('',#2969,#2926,#1528,.T.);
#3842=EDGE_CURVE('',#2831,#2925,#1529,.T.);
#3843=EDGE_CURVE('',#2970,#2960,#1530,.T.);
#3844=EDGE_CURVE('',#2971,#2970,#1531,.T.);
#3845=EDGE_CURVE('',#2961,#2971,#1532,.T.);
#3846=EDGE_CURVE('',#2972,#2959,#1533,.T.);
#3847=EDGE_CURVE('',#2970,#2972,#116,.T.);
#3848=EDGE_CURVE('',#2973,#2973,#117,.T.);
#3849=EDGE_CURVE('',#2973,#2974,#1534,.T.);
#3850=EDGE_CURVE('',#2974,#2974,#118,.T.);
#3851=EDGE_CURVE('',#2975,#2958,#1535,.T.);
#3852=EDGE_CURVE('',#2972,#2975,#1536,.T.);
#3853=EDGE_CURVE('',#2971,#2975,#1537,.T.);
#3854=EDGE_CURVE('',#2976,#2963,#1538,.T.);
#3855=EDGE_CURVE('',#2929,#2976,#119,.T.);
#3856=EDGE_CURVE('',#2977,#2962,#1539,.T.);
#3857=EDGE_CURVE('',#2976,#2977,#1540,.T.);
#3858=EDGE_CURVE('',#2978,#2978,#120,.T.);
#3859=EDGE_CURVE('',#2978,#2979,#1541,.T.);
#3860=EDGE_CURVE('',#2979,#2979,#121,.T.);
#3861=EDGE_CURVE('',#2923,#2977,#1542,.T.);
#3862=EDGE_CURVE('',#2980,#2953,#1543,.T.);
#3863=EDGE_CURVE('',#2969,#2980,#1544,.T.);
#3864=EDGE_CURVE('',#2981,#2952,#1545,.T.);
#3865=EDGE_CURVE('',#2980,#2981,#122,.T.);
#3866=EDGE_CURVE('',#2982,#2982,#123,.T.);
#3867=EDGE_CURVE('',#2982,#2983,#1546,.T.);
#3868=EDGE_CURVE('',#2983,#2983,#124,.T.);
#3869=EDGE_CURVE('',#2927,#2981,#1547,.T.);
#3870=EDGE_CURVE('',#2984,#2864,#1548,.T.);
#3871=EDGE_CURVE('',#2985,#2984,#125,.T.);
#3872=EDGE_CURVE('',#2985,#2854,#1549,.T.);
#3873=EDGE_CURVE('',#2986,#2986,#126,.T.);
#3874=EDGE_CURVE('',#2987,#2822,#1550,.T.);
#3875=EDGE_CURVE('',#2988,#2987,#127,.T.);
#3876=EDGE_CURVE('',#2823,#2988,#1551,.T.);
#3877=EDGE_CURVE('',#2989,#2989,#128,.T.);
#3878=EDGE_CURVE('',#2990,#2818,#1552,.T.);
#3879=EDGE_CURVE('',#2991,#2990,#129,.T.);
#3880=EDGE_CURVE('',#2819,#2991,#1553,.T.);
#3881=EDGE_CURVE('',#2992,#2992,#130,.T.);
#3882=EDGE_CURVE('',#2993,#2859,#1554,.T.);
#3883=EDGE_CURVE('',#2994,#2993,#131,.T.);
#3884=EDGE_CURVE('',#2861,#2994,#1555,.T.);
#3885=EDGE_CURVE('',#2995,#2995,#132,.T.);
#3886=EDGE_CURVE('',#2912,#2989,#1556,.T.);
#3887=EDGE_CURVE('',#2913,#2995,#1557,.T.);
#3888=EDGE_CURVE('',#2914,#2992,#1558,.T.);
#3889=EDGE_CURVE('',#2915,#2986,#1559,.T.);
#3890=EDGE_CURVE('',#2993,#2911,#1560,.T.);
#3891=EDGE_CURVE('',#2994,#2910,#1561,.T.);
#3892=EDGE_CURVE('',#2990,#2909,#1562,.T.);
#3893=EDGE_CURVE('',#2991,#2908,#1563,.T.);
#3894=EDGE_CURVE('',#2987,#2907,#1564,.T.);
#3895=EDGE_CURVE('',#2988,#2906,#1565,.T.);
#3896=EDGE_CURVE('',#2984,#2905,#1566,.T.);
#3897=EDGE_CURVE('',#2985,#2904,#1567,.T.);
#3898=EDGE_CURVE('',#2924,#2828,#1568,.T.);
#3899=EDGE_CURVE('',#2863,#2815,#1569,.T.);
#3900=EDGE_CURVE('',#2862,#2816,#1570,.T.);
#3901=ORIENTED_EDGE('',*,*,#2996,.F.);
#3902=ORIENTED_EDGE('',*,*,#2997,.T.);
#3903=ORIENTED_EDGE('',*,*,#2998,.T.);
#3904=ORIENTED_EDGE('',*,*,#2999,.F.);
#3905=ORIENTED_EDGE('',*,*,#3000,.F.);
#3906=ORIENTED_EDGE('',*,*,#3001,.T.);
#3907=ORIENTED_EDGE('',*,*,#3002,.T.);
#3908=ORIENTED_EDGE('',*,*,#2997,.F.);
#3909=ORIENTED_EDGE('',*,*,#3003,.F.);
#3910=ORIENTED_EDGE('',*,*,#3004,.T.);
#3911=ORIENTED_EDGE('',*,*,#3005,.T.);
#3912=ORIENTED_EDGE('',*,*,#3001,.F.);
#3913=ORIENTED_EDGE('',*,*,#3006,.F.);
#3914=ORIENTED_EDGE('',*,*,#3007,.T.);
#3915=ORIENTED_EDGE('',*,*,#3008,.T.);
#3916=ORIENTED_EDGE('',*,*,#3004,.F.);
#3917=ORIENTED_EDGE('',*,*,#3009,.F.);
#3918=ORIENTED_EDGE('',*,*,#3010,.T.);
#3919=ORIENTED_EDGE('',*,*,#3011,.T.);
#3920=ORIENTED_EDGE('',*,*,#3007,.F.);
#3921=ORIENTED_EDGE('',*,*,#3012,.F.);
#3922=ORIENTED_EDGE('',*,*,#3013,.T.);
#3923=ORIENTED_EDGE('',*,*,#3014,.T.);
#3924=ORIENTED_EDGE('',*,*,#3010,.F.);
#3925=ORIENTED_EDGE('',*,*,#3015,.F.);
#3926=ORIENTED_EDGE('',*,*,#3016,.T.);
#3927=ORIENTED_EDGE('',*,*,#3017,.T.);
#3928=ORIENTED_EDGE('',*,*,#3013,.F.);
#3929=ORIENTED_EDGE('',*,*,#3018,.F.);
#3930=ORIENTED_EDGE('',*,*,#3019,.T.);
#3931=ORIENTED_EDGE('',*,*,#3020,.T.);
#3932=ORIENTED_EDGE('',*,*,#3016,.F.);
#3933=ORIENTED_EDGE('',*,*,#3021,.F.);
#3934=ORIENTED_EDGE('',*,*,#3022,.T.);
#3935=ORIENTED_EDGE('',*,*,#3023,.T.);
#3936=ORIENTED_EDGE('',*,*,#3019,.F.);
#3937=ORIENTED_EDGE('',*,*,#3024,.F.);
#3938=ORIENTED_EDGE('',*,*,#3025,.T.);
#3939=ORIENTED_EDGE('',*,*,#3026,.T.);
#3940=ORIENTED_EDGE('',*,*,#3022,.F.);
#3941=ORIENTED_EDGE('',*,*,#3027,.F.);
#3942=ORIENTED_EDGE('',*,*,#3028,.T.);
#3943=ORIENTED_EDGE('',*,*,#3029,.T.);
#3944=ORIENTED_EDGE('',*,*,#3025,.F.);
#3945=ORIENTED_EDGE('',*,*,#3030,.F.);
#3946=ORIENTED_EDGE('',*,*,#3031,.T.);
#3947=ORIENTED_EDGE('',*,*,#3032,.T.);
#3948=ORIENTED_EDGE('',*,*,#3028,.F.);
#3949=ORIENTED_EDGE('',*,*,#3033,.F.);
#3950=ORIENTED_EDGE('',*,*,#3034,.T.);
#3951=ORIENTED_EDGE('',*,*,#3035,.T.);
#3952=ORIENTED_EDGE('',*,*,#3031,.F.);
#3953=ORIENTED_EDGE('',*,*,#3036,.F.);
#3954=ORIENTED_EDGE('',*,*,#3037,.T.);
#3955=ORIENTED_EDGE('',*,*,#3038,.T.);
#3956=ORIENTED_EDGE('',*,*,#3034,.F.);
#3957=ORIENTED_EDGE('',*,*,#3039,.F.);
#3958=ORIENTED_EDGE('',*,*,#3040,.T.);
#3959=ORIENTED_EDGE('',*,*,#3041,.T.);
#3960=ORIENTED_EDGE('',*,*,#3037,.F.);
#3961=ORIENTED_EDGE('',*,*,#3042,.F.);
#3962=ORIENTED_EDGE('',*,*,#3043,.T.);
#3963=ORIENTED_EDGE('',*,*,#3044,.T.);
#3964=ORIENTED_EDGE('',*,*,#3040,.F.);
#3965=ORIENTED_EDGE('',*,*,#3045,.F.);
#3966=ORIENTED_EDGE('',*,*,#3046,.T.);
#3967=ORIENTED_EDGE('',*,*,#3047,.T.);
#3968=ORIENTED_EDGE('',*,*,#3043,.F.);
#3969=ORIENTED_EDGE('',*,*,#3048,.F.);
#3970=ORIENTED_EDGE('',*,*,#3049,.T.);
#3971=ORIENTED_EDGE('',*,*,#3050,.T.);
#3972=ORIENTED_EDGE('',*,*,#3046,.F.);
#3973=ORIENTED_EDGE('',*,*,#3051,.F.);
#3974=ORIENTED_EDGE('',*,*,#3052,.T.);
#3975=ORIENTED_EDGE('',*,*,#3053,.T.);
#3976=ORIENTED_EDGE('',*,*,#3049,.F.);
#3977=ORIENTED_EDGE('',*,*,#3054,.F.);
#3978=ORIENTED_EDGE('',*,*,#3055,.T.);
#3979=ORIENTED_EDGE('',*,*,#3056,.T.);
#3980=ORIENTED_EDGE('',*,*,#3052,.F.);
#3981=ORIENTED_EDGE('',*,*,#3057,.F.);
#3982=ORIENTED_EDGE('',*,*,#3058,.T.);
#3983=ORIENTED_EDGE('',*,*,#3059,.T.);
#3984=ORIENTED_EDGE('',*,*,#3055,.F.);
#3985=ORIENTED_EDGE('',*,*,#3060,.F.);
#3986=ORIENTED_EDGE('',*,*,#3061,.T.);
#3987=ORIENTED_EDGE('',*,*,#3062,.T.);
#3988=ORIENTED_EDGE('',*,*,#3058,.F.);
#3989=ORIENTED_EDGE('',*,*,#3063,.F.);
#3990=ORIENTED_EDGE('',*,*,#3064,.T.);
#3991=ORIENTED_EDGE('',*,*,#3065,.T.);
#3992=ORIENTED_EDGE('',*,*,#3061,.F.);
#3993=ORIENTED_EDGE('',*,*,#3066,.F.);
#3994=ORIENTED_EDGE('',*,*,#3067,.T.);
#3995=ORIENTED_EDGE('',*,*,#3068,.T.);
#3996=ORIENTED_EDGE('',*,*,#3064,.F.);
#3997=ORIENTED_EDGE('',*,*,#3069,.F.);
#3998=ORIENTED_EDGE('',*,*,#3070,.T.);
#3999=ORIENTED_EDGE('',*,*,#3071,.T.);
#4000=ORIENTED_EDGE('',*,*,#3067,.F.);
#4001=ORIENTED_EDGE('',*,*,#3072,.F.);
#4002=ORIENTED_EDGE('',*,*,#3073,.T.);
#4003=ORIENTED_EDGE('',*,*,#3074,.T.);
#4004=ORIENTED_EDGE('',*,*,#3070,.F.);
#4005=ORIENTED_EDGE('',*,*,#3075,.F.);
#4006=ORIENTED_EDGE('',*,*,#3076,.T.);
#4007=ORIENTED_EDGE('',*,*,#3077,.T.);
#4008=ORIENTED_EDGE('',*,*,#3073,.F.);
#4009=ORIENTED_EDGE('',*,*,#3078,.F.);
#4010=ORIENTED_EDGE('',*,*,#3079,.T.);
#4011=ORIENTED_EDGE('',*,*,#3080,.T.);
#4012=ORIENTED_EDGE('',*,*,#3076,.F.);
#4013=ORIENTED_EDGE('',*,*,#3081,.F.);
#4014=ORIENTED_EDGE('',*,*,#3082,.T.);
#4015=ORIENTED_EDGE('',*,*,#3083,.T.);
#4016=ORIENTED_EDGE('',*,*,#3079,.F.);
#4017=ORIENTED_EDGE('',*,*,#3084,.F.);
#4018=ORIENTED_EDGE('',*,*,#3085,.T.);
#4019=ORIENTED_EDGE('',*,*,#3086,.T.);
#4020=ORIENTED_EDGE('',*,*,#3082,.F.);
#4021=ORIENTED_EDGE('',*,*,#3087,.F.);
#4022=ORIENTED_EDGE('',*,*,#3088,.T.);
#4023=ORIENTED_EDGE('',*,*,#3089,.T.);
#4024=ORIENTED_EDGE('',*,*,#3085,.F.);
#4025=ORIENTED_EDGE('',*,*,#3090,.F.);
#4026=ORIENTED_EDGE('',*,*,#3091,.T.);
#4027=ORIENTED_EDGE('',*,*,#3092,.T.);
#4028=ORIENTED_EDGE('',*,*,#3088,.F.);
#4029=ORIENTED_EDGE('',*,*,#3093,.F.);
#4030=ORIENTED_EDGE('',*,*,#3094,.T.);
#4031=ORIENTED_EDGE('',*,*,#3095,.T.);
#4032=ORIENTED_EDGE('',*,*,#3091,.F.);
#4033=ORIENTED_EDGE('',*,*,#3096,.F.);
#4034=ORIENTED_EDGE('',*,*,#3097,.T.);
#4035=ORIENTED_EDGE('',*,*,#3098,.T.);
#4036=ORIENTED_EDGE('',*,*,#3094,.F.);
#4037=ORIENTED_EDGE('',*,*,#3099,.F.);
#4038=ORIENTED_EDGE('',*,*,#2999,.T.);
#4039=ORIENTED_EDGE('',*,*,#3100,.T.);
#4040=ORIENTED_EDGE('',*,*,#3097,.F.);
#4041=ORIENTED_EDGE('',*,*,#3100,.F.);
#4042=ORIENTED_EDGE('',*,*,#2998,.F.);
#4043=ORIENTED_EDGE('',*,*,#3002,.F.);
#4044=ORIENTED_EDGE('',*,*,#3005,.F.);
#4045=ORIENTED_EDGE('',*,*,#3008,.F.);
#4046=ORIENTED_EDGE('',*,*,#3011,.F.);
#4047=ORIENTED_EDGE('',*,*,#3014,.F.);
#4048=ORIENTED_EDGE('',*,*,#3017,.F.);
#4049=ORIENTED_EDGE('',*,*,#3020,.F.);
#4050=ORIENTED_EDGE('',*,*,#3023,.F.);
#4051=ORIENTED_EDGE('',*,*,#3026,.F.);
#4052=ORIENTED_EDGE('',*,*,#3029,.F.);
#4053=ORIENTED_EDGE('',*,*,#3032,.F.);
#4054=ORIENTED_EDGE('',*,*,#3035,.F.);
#4055=ORIENTED_EDGE('',*,*,#3038,.F.);
#4056=ORIENTED_EDGE('',*,*,#3041,.F.);
#4057=ORIENTED_EDGE('',*,*,#3044,.F.);
#4058=ORIENTED_EDGE('',*,*,#3047,.F.);
#4059=ORIENTED_EDGE('',*,*,#3050,.F.);
#4060=ORIENTED_EDGE('',*,*,#3053,.F.);
#4061=ORIENTED_EDGE('',*,*,#3056,.F.);
#4062=ORIENTED_EDGE('',*,*,#3059,.F.);
#4063=ORIENTED_EDGE('',*,*,#3062,.F.);
#4064=ORIENTED_EDGE('',*,*,#3065,.F.);
#4065=ORIENTED_EDGE('',*,*,#3068,.F.);
#4066=ORIENTED_EDGE('',*,*,#3071,.F.);
#4067=ORIENTED_EDGE('',*,*,#3074,.F.);
#4068=ORIENTED_EDGE('',*,*,#3077,.F.);
#4069=ORIENTED_EDGE('',*,*,#3080,.F.);
#4070=ORIENTED_EDGE('',*,*,#3083,.F.);
#4071=ORIENTED_EDGE('',*,*,#3086,.F.);
#4072=ORIENTED_EDGE('',*,*,#3089,.F.);
#4073=ORIENTED_EDGE('',*,*,#3092,.F.);
#4074=ORIENTED_EDGE('',*,*,#3095,.F.);
#4075=ORIENTED_EDGE('',*,*,#3098,.F.);
#4076=ORIENTED_EDGE('',*,*,#3101,.F.);
#4077=ORIENTED_EDGE('',*,*,#3102,.T.);
#4078=ORIENTED_EDGE('',*,*,#3103,.T.);
#4079=ORIENTED_EDGE('',*,*,#3104,.F.);
#4080=ORIENTED_EDGE('',*,*,#3105,.F.);
#4081=ORIENTED_EDGE('',*,*,#3106,.T.);
#4082=ORIENTED_EDGE('',*,*,#3107,.T.);
#4083=ORIENTED_EDGE('',*,*,#3102,.F.);
#4084=ORIENTED_EDGE('',*,*,#3108,.F.);
#4085=ORIENTED_EDGE('',*,*,#3109,.T.);
#4086=ORIENTED_EDGE('',*,*,#3110,.T.);
#4087=ORIENTED_EDGE('',*,*,#3106,.F.);
#4088=ORIENTED_EDGE('',*,*,#3111,.F.);
#4089=ORIENTED_EDGE('',*,*,#3112,.T.);
#4090=ORIENTED_EDGE('',*,*,#3113,.T.);
#4091=ORIENTED_EDGE('',*,*,#3109,.F.);
#4092=ORIENTED_EDGE('',*,*,#3114,.F.);
#4093=ORIENTED_EDGE('',*,*,#3115,.T.);
#4094=ORIENTED_EDGE('',*,*,#3116,.T.);
#4095=ORIENTED_EDGE('',*,*,#3112,.F.);
#4096=ORIENTED_EDGE('',*,*,#3117,.F.);
#4097=ORIENTED_EDGE('',*,*,#3118,.T.);
#4098=ORIENTED_EDGE('',*,*,#3119,.T.);
#4099=ORIENTED_EDGE('',*,*,#3115,.F.);
#4100=ORIENTED_EDGE('',*,*,#3120,.F.);
#4101=ORIENTED_EDGE('',*,*,#3121,.T.);
#4102=ORIENTED_EDGE('',*,*,#3122,.T.);
#4103=ORIENTED_EDGE('',*,*,#3118,.F.);
#4104=ORIENTED_EDGE('',*,*,#3123,.F.);
#4105=ORIENTED_EDGE('',*,*,#3124,.T.);
#4106=ORIENTED_EDGE('',*,*,#3125,.T.);
#4107=ORIENTED_EDGE('',*,*,#3121,.F.);
#4108=ORIENTED_EDGE('',*,*,#3126,.F.);
#4109=ORIENTED_EDGE('',*,*,#3104,.T.);
#4110=ORIENTED_EDGE('',*,*,#3127,.T.);
#4111=ORIENTED_EDGE('',*,*,#3124,.F.);
#4112=ORIENTED_EDGE('',*,*,#3128,.F.);
#4113=ORIENTED_EDGE('',*,*,#3129,.T.);
#4114=ORIENTED_EDGE('',*,*,#3130,.T.);
#4115=ORIENTED_EDGE('',*,*,#3131,.F.);
#4116=ORIENTED_EDGE('',*,*,#3132,.F.);
#4117=ORIENTED_EDGE('',*,*,#3133,.T.);
#4118=ORIENTED_EDGE('',*,*,#3134,.T.);
#4119=ORIENTED_EDGE('',*,*,#3129,.F.);
#4120=ORIENTED_EDGE('',*,*,#3135,.F.);
#4121=ORIENTED_EDGE('',*,*,#3136,.T.);
#4122=ORIENTED_EDGE('',*,*,#3137,.T.);
#4123=ORIENTED_EDGE('',*,*,#3133,.F.);
#4124=ORIENTED_EDGE('',*,*,#3138,.F.);
#4125=ORIENTED_EDGE('',*,*,#3139,.T.);
#4126=ORIENTED_EDGE('',*,*,#3140,.T.);
#4127=ORIENTED_EDGE('',*,*,#3136,.F.);
#4128=ORIENTED_EDGE('',*,*,#3141,.F.);
#4129=ORIENTED_EDGE('',*,*,#3142,.T.);
#4130=ORIENTED_EDGE('',*,*,#3143,.T.);
#4131=ORIENTED_EDGE('',*,*,#3139,.F.);
#4132=ORIENTED_EDGE('',*,*,#3144,.F.);
#4133=ORIENTED_EDGE('',*,*,#3145,.T.);
#4134=ORIENTED_EDGE('',*,*,#3146,.T.);
#4135=ORIENTED_EDGE('',*,*,#3142,.F.);
#4136=ORIENTED_EDGE('',*,*,#3147,.F.);
#4137=ORIENTED_EDGE('',*,*,#3148,.T.);
#4138=ORIENTED_EDGE('',*,*,#3149,.T.);
#4139=ORIENTED_EDGE('',*,*,#3145,.F.);
#4140=ORIENTED_EDGE('',*,*,#3150,.F.);
#4141=ORIENTED_EDGE('',*,*,#3151,.T.);
#4142=ORIENTED_EDGE('',*,*,#3152,.T.);
#4143=ORIENTED_EDGE('',*,*,#3148,.F.);
#4144=ORIENTED_EDGE('',*,*,#3153,.F.);
#4145=ORIENTED_EDGE('',*,*,#3154,.T.);
#4146=ORIENTED_EDGE('',*,*,#3155,.T.);
#4147=ORIENTED_EDGE('',*,*,#3151,.F.);
#4148=ORIENTED_EDGE('',*,*,#3156,.F.);
#4149=ORIENTED_EDGE('',*,*,#3131,.T.);
#4150=ORIENTED_EDGE('',*,*,#3157,.T.);
#4151=ORIENTED_EDGE('',*,*,#3154,.F.);
#4152=ORIENTED_EDGE('',*,*,#3158,.F.);
#4153=ORIENTED_EDGE('',*,*,#3159,.T.);
#4154=ORIENTED_EDGE('',*,*,#3160,.T.);
#4155=ORIENTED_EDGE('',*,*,#3161,.F.);
#4156=ORIENTED_EDGE('',*,*,#3162,.F.);
#4157=ORIENTED_EDGE('',*,*,#3163,.T.);
#4158=ORIENTED_EDGE('',*,*,#3164,.T.);
#4159=ORIENTED_EDGE('',*,*,#3159,.F.);
#4160=ORIENTED_EDGE('',*,*,#3165,.F.);
#4161=ORIENTED_EDGE('',*,*,#3166,.T.);
#4162=ORIENTED_EDGE('',*,*,#3167,.T.);
#4163=ORIENTED_EDGE('',*,*,#3163,.F.);
#4164=ORIENTED_EDGE('',*,*,#3168,.F.);
#4165=ORIENTED_EDGE('',*,*,#3169,.T.);
#4166=ORIENTED_EDGE('',*,*,#3170,.T.);
#4167=ORIENTED_EDGE('',*,*,#3166,.F.);
#4168=ORIENTED_EDGE('',*,*,#3171,.F.);
#4169=ORIENTED_EDGE('',*,*,#3172,.T.);
#4170=ORIENTED_EDGE('',*,*,#3173,.T.);
#4171=ORIENTED_EDGE('',*,*,#3169,.F.);
#4172=ORIENTED_EDGE('',*,*,#3174,.F.);
#4173=ORIENTED_EDGE('',*,*,#3175,.T.);
#4174=ORIENTED_EDGE('',*,*,#3176,.T.);
#4175=ORIENTED_EDGE('',*,*,#3172,.F.);
#4176=ORIENTED_EDGE('',*,*,#3177,.F.);
#4177=ORIENTED_EDGE('',*,*,#3178,.T.);
#4178=ORIENTED_EDGE('',*,*,#3179,.T.);
#4179=ORIENTED_EDGE('',*,*,#3175,.F.);
#4180=ORIENTED_EDGE('',*,*,#3180,.F.);
#4181=ORIENTED_EDGE('',*,*,#3181,.T.);
#4182=ORIENTED_EDGE('',*,*,#3182,.T.);
#4183=ORIENTED_EDGE('',*,*,#3178,.F.);
#4184=ORIENTED_EDGE('',*,*,#3183,.F.);
#4185=ORIENTED_EDGE('',*,*,#3184,.T.);
#4186=ORIENTED_EDGE('',*,*,#3185,.T.);
#4187=ORIENTED_EDGE('',*,*,#3181,.F.);
#4188=ORIENTED_EDGE('',*,*,#3186,.F.);
#4189=ORIENTED_EDGE('',*,*,#3187,.T.);
#4190=ORIENTED_EDGE('',*,*,#3188,.T.);
#4191=ORIENTED_EDGE('',*,*,#3184,.F.);
#4192=ORIENTED_EDGE('',*,*,#3189,.F.);
#4193=ORIENTED_EDGE('',*,*,#3190,.T.);
#4194=ORIENTED_EDGE('',*,*,#3191,.T.);
#4195=ORIENTED_EDGE('',*,*,#3187,.F.);
#4196=ORIENTED_EDGE('',*,*,#3192,.F.);
#4197=ORIENTED_EDGE('',*,*,#3193,.T.);
#4198=ORIENTED_EDGE('',*,*,#3194,.T.);
#4199=ORIENTED_EDGE('',*,*,#3190,.F.);
#4200=ORIENTED_EDGE('',*,*,#3195,.F.);
#4201=ORIENTED_EDGE('',*,*,#3196,.T.);
#4202=ORIENTED_EDGE('',*,*,#3197,.T.);
#4203=ORIENTED_EDGE('',*,*,#3193,.F.);
#4204=ORIENTED_EDGE('',*,*,#3198,.F.);
#4205=ORIENTED_EDGE('',*,*,#3161,.T.);
#4206=ORIENTED_EDGE('',*,*,#3199,.T.);
#4207=ORIENTED_EDGE('',*,*,#3196,.F.);
#4208=ORIENTED_EDGE('',*,*,#3199,.F.);
#4209=ORIENTED_EDGE('',*,*,#3160,.F.);
#4210=ORIENTED_EDGE('',*,*,#3164,.F.);
#4211=ORIENTED_EDGE('',*,*,#3167,.F.);
#4212=ORIENTED_EDGE('',*,*,#3170,.F.);
#4213=ORIENTED_EDGE('',*,*,#3173,.F.);
#4214=ORIENTED_EDGE('',*,*,#3176,.F.);
#4215=ORIENTED_EDGE('',*,*,#3179,.F.);
#4216=ORIENTED_EDGE('',*,*,#3182,.F.);
#4217=ORIENTED_EDGE('',*,*,#3185,.F.);
#4218=ORIENTED_EDGE('',*,*,#3188,.F.);
#4219=ORIENTED_EDGE('',*,*,#3191,.F.);
#4220=ORIENTED_EDGE('',*,*,#3194,.F.);
#4221=ORIENTED_EDGE('',*,*,#3197,.F.);
#4222=ORIENTED_EDGE('',*,*,#3157,.F.);
#4223=ORIENTED_EDGE('',*,*,#3130,.F.);
#4224=ORIENTED_EDGE('',*,*,#3134,.F.);
#4225=ORIENTED_EDGE('',*,*,#3137,.F.);
#4226=ORIENTED_EDGE('',*,*,#3140,.F.);
#4227=ORIENTED_EDGE('',*,*,#3143,.F.);
#4228=ORIENTED_EDGE('',*,*,#3146,.F.);
#4229=ORIENTED_EDGE('',*,*,#3149,.F.);
#4230=ORIENTED_EDGE('',*,*,#3152,.F.);
#4231=ORIENTED_EDGE('',*,*,#3155,.F.);
#4232=ORIENTED_EDGE('',*,*,#3127,.F.);
#4233=ORIENTED_EDGE('',*,*,#3103,.F.);
#4234=ORIENTED_EDGE('',*,*,#3107,.F.);
#4235=ORIENTED_EDGE('',*,*,#3110,.F.);
#4236=ORIENTED_EDGE('',*,*,#3113,.F.);
#4237=ORIENTED_EDGE('',*,*,#3116,.F.);
#4238=ORIENTED_EDGE('',*,*,#3119,.F.);
#4239=ORIENTED_EDGE('',*,*,#3122,.F.);
#4240=ORIENTED_EDGE('',*,*,#3125,.F.);
#4241=ORIENTED_EDGE('',*,*,#3200,.F.);
#4242=ORIENTED_EDGE('',*,*,#3201,.T.);
#4243=ORIENTED_EDGE('',*,*,#3202,.T.);
#4244=ORIENTED_EDGE('',*,*,#3203,.F.);
#4245=ORIENTED_EDGE('',*,*,#3204,.F.);
#4246=ORIENTED_EDGE('',*,*,#3205,.T.);
#4247=ORIENTED_EDGE('',*,*,#3206,.T.);
#4248=ORIENTED_EDGE('',*,*,#3201,.F.);
#4249=ORIENTED_EDGE('',*,*,#3207,.F.);
#4250=ORIENTED_EDGE('',*,*,#3208,.T.);
#4251=ORIENTED_EDGE('',*,*,#3209,.T.);
#4252=ORIENTED_EDGE('',*,*,#3205,.F.);
#4253=ORIENTED_EDGE('',*,*,#3210,.F.);
#4254=ORIENTED_EDGE('',*,*,#3203,.T.);
#4255=ORIENTED_EDGE('',*,*,#3211,.T.);
#4256=ORIENTED_EDGE('',*,*,#3208,.F.);
#4257=ORIENTED_EDGE('',*,*,#3211,.F.);
#4258=ORIENTED_EDGE('',*,*,#3202,.F.);
#4259=ORIENTED_EDGE('',*,*,#3206,.F.);
#4260=ORIENTED_EDGE('',*,*,#3209,.F.);
#4261=ORIENTED_EDGE('',*,*,#3212,.F.);
#4262=ORIENTED_EDGE('',*,*,#3213,.T.);
#4263=ORIENTED_EDGE('',*,*,#3214,.T.);
#4264=ORIENTED_EDGE('',*,*,#3215,.F.);
#4265=ORIENTED_EDGE('',*,*,#3216,.F.);
#4266=ORIENTED_EDGE('',*,*,#3217,.T.);
#4267=ORIENTED_EDGE('',*,*,#3218,.T.);
#4268=ORIENTED_EDGE('',*,*,#3213,.F.);
#4269=ORIENTED_EDGE('',*,*,#3219,.F.);
#4270=ORIENTED_EDGE('',*,*,#3220,.T.);
#4271=ORIENTED_EDGE('',*,*,#3221,.T.);
#4272=ORIENTED_EDGE('',*,*,#3217,.F.);
#4273=ORIENTED_EDGE('',*,*,#3222,.F.);
#4274=ORIENTED_EDGE('',*,*,#3223,.T.);
#4275=ORIENTED_EDGE('',*,*,#3224,.T.);
#4276=ORIENTED_EDGE('',*,*,#3220,.F.);
#4277=ORIENTED_EDGE('',*,*,#3225,.F.);
#4278=ORIENTED_EDGE('',*,*,#3226,.T.);
#4279=ORIENTED_EDGE('',*,*,#3227,.T.);
#4280=ORIENTED_EDGE('',*,*,#3223,.F.);
#4281=ORIENTED_EDGE('',*,*,#3228,.F.);
#4282=ORIENTED_EDGE('',*,*,#3229,.T.);
#4283=ORIENTED_EDGE('',*,*,#3230,.T.);
#4284=ORIENTED_EDGE('',*,*,#3226,.F.);
#4285=ORIENTED_EDGE('',*,*,#3231,.F.);
#4286=ORIENTED_EDGE('',*,*,#3232,.T.);
#4287=ORIENTED_EDGE('',*,*,#3233,.T.);
#4288=ORIENTED_EDGE('',*,*,#3229,.F.);
#4289=ORIENTED_EDGE('',*,*,#3234,.F.);
#4290=ORIENTED_EDGE('',*,*,#3235,.T.);
#4291=ORIENTED_EDGE('',*,*,#3236,.T.);
#4292=ORIENTED_EDGE('',*,*,#3232,.F.);
#4293=ORIENTED_EDGE('',*,*,#3237,.F.);
#4294=ORIENTED_EDGE('',*,*,#3238,.T.);
#4295=ORIENTED_EDGE('',*,*,#3239,.T.);
#4296=ORIENTED_EDGE('',*,*,#3235,.F.);
#4297=ORIENTED_EDGE('',*,*,#3240,.F.);
#4298=ORIENTED_EDGE('',*,*,#3215,.T.);
#4299=ORIENTED_EDGE('',*,*,#3241,.T.);
#4300=ORIENTED_EDGE('',*,*,#3238,.F.);
#4301=ORIENTED_EDGE('',*,*,#3241,.F.);
#4302=ORIENTED_EDGE('',*,*,#3214,.F.);
#4303=ORIENTED_EDGE('',*,*,#3218,.F.);
#4304=ORIENTED_EDGE('',*,*,#3221,.F.);
#4305=ORIENTED_EDGE('',*,*,#3224,.F.);
#4306=ORIENTED_EDGE('',*,*,#3227,.F.);
#4307=ORIENTED_EDGE('',*,*,#3230,.F.);
#4308=ORIENTED_EDGE('',*,*,#3233,.F.);
#4309=ORIENTED_EDGE('',*,*,#3236,.F.);
#4310=ORIENTED_EDGE('',*,*,#3239,.F.);
#4311=ORIENTED_EDGE('',*,*,#3242,.F.);
#4312=ORIENTED_EDGE('',*,*,#3243,.T.);
#4313=ORIENTED_EDGE('',*,*,#3244,.T.);
#4314=ORIENTED_EDGE('',*,*,#3245,.F.);
#4315=ORIENTED_EDGE('',*,*,#3246,.F.);
#4316=ORIENTED_EDGE('',*,*,#3247,.T.);
#4317=ORIENTED_EDGE('',*,*,#3248,.T.);
#4318=ORIENTED_EDGE('',*,*,#3243,.F.);
#4319=ORIENTED_EDGE('',*,*,#3249,.F.);
#4320=ORIENTED_EDGE('',*,*,#3250,.T.);
#4321=ORIENTED_EDGE('',*,*,#3251,.T.);
#4322=ORIENTED_EDGE('',*,*,#3247,.F.);
#4323=ORIENTED_EDGE('',*,*,#3252,.F.);
#4324=ORIENTED_EDGE('',*,*,#3253,.T.);
#4325=ORIENTED_EDGE('',*,*,#3254,.T.);
#4326=ORIENTED_EDGE('',*,*,#3250,.F.);
#4327=ORIENTED_EDGE('',*,*,#3255,.F.);
#4328=ORIENTED_EDGE('',*,*,#3256,.T.);
#4329=ORIENTED_EDGE('',*,*,#3257,.T.);
#4330=ORIENTED_EDGE('',*,*,#3253,.F.);
#4331=ORIENTED_EDGE('',*,*,#3258,.F.);
#4332=ORIENTED_EDGE('',*,*,#3259,.T.);
#4333=ORIENTED_EDGE('',*,*,#3260,.T.);
#4334=ORIENTED_EDGE('',*,*,#3256,.F.);
#4335=ORIENTED_EDGE('',*,*,#3261,.F.);
#4336=ORIENTED_EDGE('',*,*,#3262,.T.);
#4337=ORIENTED_EDGE('',*,*,#3263,.T.);
#4338=ORIENTED_EDGE('',*,*,#3259,.F.);
#4339=ORIENTED_EDGE('',*,*,#3264,.F.);
#4340=ORIENTED_EDGE('',*,*,#3265,.T.);
#4341=ORIENTED_EDGE('',*,*,#3266,.T.);
#4342=ORIENTED_EDGE('',*,*,#3262,.F.);
#4343=ORIENTED_EDGE('',*,*,#3267,.F.);
#4344=ORIENTED_EDGE('',*,*,#3268,.T.);
#4345=ORIENTED_EDGE('',*,*,#3269,.T.);
#4346=ORIENTED_EDGE('',*,*,#3265,.F.);
#4347=ORIENTED_EDGE('',*,*,#3270,.F.);
#4348=ORIENTED_EDGE('',*,*,#3271,.T.);
#4349=ORIENTED_EDGE('',*,*,#3272,.T.);
#4350=ORIENTED_EDGE('',*,*,#3268,.F.);
#4351=ORIENTED_EDGE('',*,*,#3273,.F.);
#4352=ORIENTED_EDGE('',*,*,#3274,.T.);
#4353=ORIENTED_EDGE('',*,*,#3275,.T.);
#4354=ORIENTED_EDGE('',*,*,#3271,.F.);
#4355=ORIENTED_EDGE('',*,*,#3276,.F.);
#4356=ORIENTED_EDGE('',*,*,#3277,.T.);
#4357=ORIENTED_EDGE('',*,*,#3278,.T.);
#4358=ORIENTED_EDGE('',*,*,#3274,.F.);
#4359=ORIENTED_EDGE('',*,*,#3279,.F.);
#4360=ORIENTED_EDGE('',*,*,#3280,.T.);
#4361=ORIENTED_EDGE('',*,*,#3281,.T.);
#4362=ORIENTED_EDGE('',*,*,#3277,.F.);
#4363=ORIENTED_EDGE('',*,*,#3282,.F.);
#4364=ORIENTED_EDGE('',*,*,#3283,.T.);
#4365=ORIENTED_EDGE('',*,*,#3284,.T.);
#4366=ORIENTED_EDGE('',*,*,#3280,.F.);
#4367=ORIENTED_EDGE('',*,*,#3285,.F.);
#4368=ORIENTED_EDGE('',*,*,#3286,.T.);
#4369=ORIENTED_EDGE('',*,*,#3287,.T.);
#4370=ORIENTED_EDGE('',*,*,#3283,.F.);
#4371=ORIENTED_EDGE('',*,*,#3288,.F.);
#4372=ORIENTED_EDGE('',*,*,#3289,.T.);
#4373=ORIENTED_EDGE('',*,*,#3290,.T.);
#4374=ORIENTED_EDGE('',*,*,#3286,.F.);
#4375=ORIENTED_EDGE('',*,*,#3291,.F.);
#4376=ORIENTED_EDGE('',*,*,#3245,.T.);
#4377=ORIENTED_EDGE('',*,*,#3292,.T.);
#4378=ORIENTED_EDGE('',*,*,#3289,.F.);
#4379=ORIENTED_EDGE('',*,*,#3292,.F.);
#4380=ORIENTED_EDGE('',*,*,#3244,.F.);
#4381=ORIENTED_EDGE('',*,*,#3248,.F.);
#4382=ORIENTED_EDGE('',*,*,#3251,.F.);
#4383=ORIENTED_EDGE('',*,*,#3254,.F.);
#4384=ORIENTED_EDGE('',*,*,#3257,.F.);
#4385=ORIENTED_EDGE('',*,*,#3260,.F.);
#4386=ORIENTED_EDGE('',*,*,#3263,.F.);
#4387=ORIENTED_EDGE('',*,*,#3266,.F.);
#4388=ORIENTED_EDGE('',*,*,#3269,.F.);
#4389=ORIENTED_EDGE('',*,*,#3272,.F.);
#4390=ORIENTED_EDGE('',*,*,#3275,.F.);
#4391=ORIENTED_EDGE('',*,*,#3278,.F.);
#4392=ORIENTED_EDGE('',*,*,#3281,.F.);
#4393=ORIENTED_EDGE('',*,*,#3284,.F.);
#4394=ORIENTED_EDGE('',*,*,#3287,.F.);
#4395=ORIENTED_EDGE('',*,*,#3290,.F.);
#4396=ORIENTED_EDGE('',*,*,#3128,.T.);
#4397=ORIENTED_EDGE('',*,*,#3156,.T.);
#4398=ORIENTED_EDGE('',*,*,#3153,.T.);
#4399=ORIENTED_EDGE('',*,*,#3150,.T.);
#4400=ORIENTED_EDGE('',*,*,#3147,.T.);
#4401=ORIENTED_EDGE('',*,*,#3144,.T.);
#4402=ORIENTED_EDGE('',*,*,#3141,.T.);
#4403=ORIENTED_EDGE('',*,*,#3138,.T.);
#4404=ORIENTED_EDGE('',*,*,#3135,.T.);
#4405=ORIENTED_EDGE('',*,*,#3132,.T.);
#4406=ORIENTED_EDGE('',*,*,#3101,.T.);
#4407=ORIENTED_EDGE('',*,*,#3126,.T.);
#4408=ORIENTED_EDGE('',*,*,#3123,.T.);
#4409=ORIENTED_EDGE('',*,*,#3120,.T.);
#4410=ORIENTED_EDGE('',*,*,#3117,.T.);
#4411=ORIENTED_EDGE('',*,*,#3114,.T.);
#4412=ORIENTED_EDGE('',*,*,#3111,.T.);
#4413=ORIENTED_EDGE('',*,*,#3108,.T.);
#4414=ORIENTED_EDGE('',*,*,#3105,.T.);
#4415=ORIENTED_EDGE('',*,*,#3293,.F.);
#4416=ORIENTED_EDGE('',*,*,#3294,.T.);
#4417=ORIENTED_EDGE('',*,*,#3295,.T.);
#4418=ORIENTED_EDGE('',*,*,#3296,.F.);
#4419=ORIENTED_EDGE('',*,*,#3297,.F.);
#4420=ORIENTED_EDGE('',*,*,#3298,.T.);
#4421=ORIENTED_EDGE('',*,*,#3299,.T.);
#4422=ORIENTED_EDGE('',*,*,#3294,.F.);
#4423=ORIENTED_EDGE('',*,*,#3300,.F.);
#4424=ORIENTED_EDGE('',*,*,#3301,.T.);
#4425=ORIENTED_EDGE('',*,*,#3302,.T.);
#4426=ORIENTED_EDGE('',*,*,#3298,.F.);
#4427=ORIENTED_EDGE('',*,*,#3303,.F.);
#4428=ORIENTED_EDGE('',*,*,#3304,.T.);
#4429=ORIENTED_EDGE('',*,*,#3305,.T.);
#4430=ORIENTED_EDGE('',*,*,#3301,.F.);
#4431=ORIENTED_EDGE('',*,*,#3306,.F.);
#4432=ORIENTED_EDGE('',*,*,#3307,.T.);
#4433=ORIENTED_EDGE('',*,*,#3308,.T.);
#4434=ORIENTED_EDGE('',*,*,#3304,.F.);
#4435=ORIENTED_EDGE('',*,*,#3309,.F.);
#4436=ORIENTED_EDGE('',*,*,#3310,.T.);
#4437=ORIENTED_EDGE('',*,*,#3311,.T.);
#4438=ORIENTED_EDGE('',*,*,#3307,.F.);
#4439=ORIENTED_EDGE('',*,*,#3312,.F.);
#4440=ORIENTED_EDGE('',*,*,#3313,.T.);
#4441=ORIENTED_EDGE('',*,*,#3314,.T.);
#4442=ORIENTED_EDGE('',*,*,#3310,.F.);
#4443=ORIENTED_EDGE('',*,*,#3315,.F.);
#4444=ORIENTED_EDGE('',*,*,#3296,.T.);
#4445=ORIENTED_EDGE('',*,*,#3316,.T.);
#4446=ORIENTED_EDGE('',*,*,#3313,.F.);
#4447=ORIENTED_EDGE('',*,*,#3317,.F.);
#4448=ORIENTED_EDGE('',*,*,#3318,.T.);
#4449=ORIENTED_EDGE('',*,*,#3319,.T.);
#4450=ORIENTED_EDGE('',*,*,#3320,.F.);
#4451=ORIENTED_EDGE('',*,*,#3321,.F.);
#4452=ORIENTED_EDGE('',*,*,#3322,.T.);
#4453=ORIENTED_EDGE('',*,*,#3323,.T.);
#4454=ORIENTED_EDGE('',*,*,#3318,.F.);
#4455=ORIENTED_EDGE('',*,*,#3324,.F.);
#4456=ORIENTED_EDGE('',*,*,#3325,.T.);
#4457=ORIENTED_EDGE('',*,*,#3326,.T.);
#4458=ORIENTED_EDGE('',*,*,#3322,.F.);
#4459=ORIENTED_EDGE('',*,*,#3327,.F.);
#4460=ORIENTED_EDGE('',*,*,#3328,.T.);
#4461=ORIENTED_EDGE('',*,*,#3329,.T.);
#4462=ORIENTED_EDGE('',*,*,#3325,.F.);
#4463=ORIENTED_EDGE('',*,*,#3330,.F.);
#4464=ORIENTED_EDGE('',*,*,#3331,.T.);
#4465=ORIENTED_EDGE('',*,*,#3332,.T.);
#4466=ORIENTED_EDGE('',*,*,#3328,.F.);
#4467=ORIENTED_EDGE('',*,*,#3333,.F.);
#4468=ORIENTED_EDGE('',*,*,#3334,.T.);
#4469=ORIENTED_EDGE('',*,*,#3335,.T.);
#4470=ORIENTED_EDGE('',*,*,#3331,.F.);
#4471=ORIENTED_EDGE('',*,*,#3336,.F.);
#4472=ORIENTED_EDGE('',*,*,#3337,.T.);
#4473=ORIENTED_EDGE('',*,*,#3338,.T.);
#4474=ORIENTED_EDGE('',*,*,#3334,.F.);
#4475=ORIENTED_EDGE('',*,*,#3339,.F.);
#4476=ORIENTED_EDGE('',*,*,#3340,.T.);
#4477=ORIENTED_EDGE('',*,*,#3341,.T.);
#4478=ORIENTED_EDGE('',*,*,#3337,.F.);
#4479=ORIENTED_EDGE('',*,*,#3342,.F.);
#4480=ORIENTED_EDGE('',*,*,#3343,.T.);
#4481=ORIENTED_EDGE('',*,*,#3344,.T.);
#4482=ORIENTED_EDGE('',*,*,#3340,.F.);
#4483=ORIENTED_EDGE('',*,*,#3345,.F.);
#4484=ORIENTED_EDGE('',*,*,#3346,.T.);
#4485=ORIENTED_EDGE('',*,*,#3347,.T.);
#4486=ORIENTED_EDGE('',*,*,#3343,.F.);
#4487=ORIENTED_EDGE('',*,*,#3348,.F.);
#4488=ORIENTED_EDGE('',*,*,#3349,.T.);
#4489=ORIENTED_EDGE('',*,*,#3350,.T.);
#4490=ORIENTED_EDGE('',*,*,#3346,.F.);
#4491=ORIENTED_EDGE('',*,*,#3351,.F.);
#4492=ORIENTED_EDGE('',*,*,#3352,.T.);
#4493=ORIENTED_EDGE('',*,*,#3353,.T.);
#4494=ORIENTED_EDGE('',*,*,#3349,.F.);
#4495=ORIENTED_EDGE('',*,*,#3354,.F.);
#4496=ORIENTED_EDGE('',*,*,#3355,.T.);
#4497=ORIENTED_EDGE('',*,*,#3356,.T.);
#4498=ORIENTED_EDGE('',*,*,#3352,.F.);
#4499=ORIENTED_EDGE('',*,*,#3357,.F.);
#4500=ORIENTED_EDGE('',*,*,#3358,.T.);
#4501=ORIENTED_EDGE('',*,*,#3359,.T.);
#4502=ORIENTED_EDGE('',*,*,#3355,.F.);
#4503=ORIENTED_EDGE('',*,*,#3360,.F.);
#4504=ORIENTED_EDGE('',*,*,#3361,.T.);
#4505=ORIENTED_EDGE('',*,*,#3362,.T.);
#4506=ORIENTED_EDGE('',*,*,#3358,.F.);
#4507=ORIENTED_EDGE('',*,*,#3363,.F.);
#4508=ORIENTED_EDGE('',*,*,#3364,.T.);
#4509=ORIENTED_EDGE('',*,*,#3365,.T.);
#4510=ORIENTED_EDGE('',*,*,#3361,.F.);
#4511=ORIENTED_EDGE('',*,*,#3366,.F.);
#4512=ORIENTED_EDGE('',*,*,#3367,.T.);
#4513=ORIENTED_EDGE('',*,*,#3368,.T.);
#4514=ORIENTED_EDGE('',*,*,#3364,.F.);
#4515=ORIENTED_EDGE('',*,*,#3369,.F.);
#4516=ORIENTED_EDGE('',*,*,#3370,.T.);
#4517=ORIENTED_EDGE('',*,*,#3371,.T.);
#4518=ORIENTED_EDGE('',*,*,#3367,.F.);
#4519=ORIENTED_EDGE('',*,*,#3372,.F.);
#4520=ORIENTED_EDGE('',*,*,#3320,.T.);
#4521=ORIENTED_EDGE('',*,*,#3373,.T.);
#4522=ORIENTED_EDGE('',*,*,#3370,.F.);
#4523=ORIENTED_EDGE('',*,*,#3373,.F.);
#4524=ORIENTED_EDGE('',*,*,#3319,.F.);
#4525=ORIENTED_EDGE('',*,*,#3323,.F.);
#4526=ORIENTED_EDGE('',*,*,#3326,.F.);
#4527=ORIENTED_EDGE('',*,*,#3329,.F.);
#4528=ORIENTED_EDGE('',*,*,#3332,.F.);
#4529=ORIENTED_EDGE('',*,*,#3335,.F.);
#4530=ORIENTED_EDGE('',*,*,#3338,.F.);
#4531=ORIENTED_EDGE('',*,*,#3341,.F.);
#4532=ORIENTED_EDGE('',*,*,#3344,.F.);
#4533=ORIENTED_EDGE('',*,*,#3347,.F.);
#4534=ORIENTED_EDGE('',*,*,#3350,.F.);
#4535=ORIENTED_EDGE('',*,*,#3353,.F.);
#4536=ORIENTED_EDGE('',*,*,#3356,.F.);
#4537=ORIENTED_EDGE('',*,*,#3359,.F.);
#4538=ORIENTED_EDGE('',*,*,#3362,.F.);
#4539=ORIENTED_EDGE('',*,*,#3365,.F.);
#4540=ORIENTED_EDGE('',*,*,#3368,.F.);
#4541=ORIENTED_EDGE('',*,*,#3371,.F.);
#4542=ORIENTED_EDGE('',*,*,#3316,.F.);
#4543=ORIENTED_EDGE('',*,*,#3295,.F.);
#4544=ORIENTED_EDGE('',*,*,#3299,.F.);
#4545=ORIENTED_EDGE('',*,*,#3302,.F.);
#4546=ORIENTED_EDGE('',*,*,#3305,.F.);
#4547=ORIENTED_EDGE('',*,*,#3308,.F.);
#4548=ORIENTED_EDGE('',*,*,#3311,.F.);
#4549=ORIENTED_EDGE('',*,*,#3314,.F.);
#4550=ORIENTED_EDGE('',*,*,#3374,.F.);
#4551=ORIENTED_EDGE('',*,*,#3375,.T.);
#4552=ORIENTED_EDGE('',*,*,#3376,.T.);
#4553=ORIENTED_EDGE('',*,*,#3377,.F.);
#4554=ORIENTED_EDGE('',*,*,#3378,.F.);
#4555=ORIENTED_EDGE('',*,*,#3379,.T.);
#4556=ORIENTED_EDGE('',*,*,#3380,.T.);
#4557=ORIENTED_EDGE('',*,*,#3375,.F.);
#4558=ORIENTED_EDGE('',*,*,#3381,.F.);
#4559=ORIENTED_EDGE('',*,*,#3382,.T.);
#4560=ORIENTED_EDGE('',*,*,#3383,.T.);
#4561=ORIENTED_EDGE('',*,*,#3379,.F.);
#4562=ORIENTED_EDGE('',*,*,#3384,.F.);
#4563=ORIENTED_EDGE('',*,*,#3385,.T.);
#4564=ORIENTED_EDGE('',*,*,#3386,.T.);
#4565=ORIENTED_EDGE('',*,*,#3382,.F.);
#4566=ORIENTED_EDGE('',*,*,#3387,.F.);
#4567=ORIENTED_EDGE('',*,*,#3388,.T.);
#4568=ORIENTED_EDGE('',*,*,#3389,.T.);
#4569=ORIENTED_EDGE('',*,*,#3385,.F.);
#4570=ORIENTED_EDGE('',*,*,#3390,.F.);
#4571=ORIENTED_EDGE('',*,*,#3391,.T.);
#4572=ORIENTED_EDGE('',*,*,#3392,.T.);
#4573=ORIENTED_EDGE('',*,*,#3388,.F.);
#4574=ORIENTED_EDGE('',*,*,#3393,.F.);
#4575=ORIENTED_EDGE('',*,*,#3394,.T.);
#4576=ORIENTED_EDGE('',*,*,#3395,.T.);
#4577=ORIENTED_EDGE('',*,*,#3391,.F.);
#4578=ORIENTED_EDGE('',*,*,#3396,.F.);
#4579=ORIENTED_EDGE('',*,*,#3397,.T.);
#4580=ORIENTED_EDGE('',*,*,#3398,.T.);
#4581=ORIENTED_EDGE('',*,*,#3394,.F.);
#4582=ORIENTED_EDGE('',*,*,#3399,.F.);
#4583=ORIENTED_EDGE('',*,*,#3400,.T.);
#4584=ORIENTED_EDGE('',*,*,#3401,.T.);
#4585=ORIENTED_EDGE('',*,*,#3397,.F.);
#4586=ORIENTED_EDGE('',*,*,#3402,.F.);
#4587=ORIENTED_EDGE('',*,*,#3403,.T.);
#4588=ORIENTED_EDGE('',*,*,#3404,.T.);
#4589=ORIENTED_EDGE('',*,*,#3400,.F.);
#4590=ORIENTED_EDGE('',*,*,#3405,.F.);
#4591=ORIENTED_EDGE('',*,*,#3406,.T.);
#4592=ORIENTED_EDGE('',*,*,#3407,.T.);
#4593=ORIENTED_EDGE('',*,*,#3403,.F.);
#4594=ORIENTED_EDGE('',*,*,#3408,.F.);
#4595=ORIENTED_EDGE('',*,*,#3409,.T.);
#4596=ORIENTED_EDGE('',*,*,#3410,.T.);
#4597=ORIENTED_EDGE('',*,*,#3406,.F.);
#4598=ORIENTED_EDGE('',*,*,#3411,.F.);
#4599=ORIENTED_EDGE('',*,*,#3412,.T.);
#4600=ORIENTED_EDGE('',*,*,#3413,.T.);
#4601=ORIENTED_EDGE('',*,*,#3409,.F.);
#4602=ORIENTED_EDGE('',*,*,#3414,.F.);
#4603=ORIENTED_EDGE('',*,*,#3377,.T.);
#4604=ORIENTED_EDGE('',*,*,#3415,.T.);
#4605=ORIENTED_EDGE('',*,*,#3412,.F.);
#4606=ORIENTED_EDGE('',*,*,#3415,.F.);
#4607=ORIENTED_EDGE('',*,*,#3376,.F.);
#4608=ORIENTED_EDGE('',*,*,#3380,.F.);
#4609=ORIENTED_EDGE('',*,*,#3383,.F.);
#4610=ORIENTED_EDGE('',*,*,#3386,.F.);
#4611=ORIENTED_EDGE('',*,*,#3389,.F.);
#4612=ORIENTED_EDGE('',*,*,#3392,.F.);
#4613=ORIENTED_EDGE('',*,*,#3395,.F.);
#4614=ORIENTED_EDGE('',*,*,#3398,.F.);
#4615=ORIENTED_EDGE('',*,*,#3401,.F.);
#4616=ORIENTED_EDGE('',*,*,#3404,.F.);
#4617=ORIENTED_EDGE('',*,*,#3407,.F.);
#4618=ORIENTED_EDGE('',*,*,#3410,.F.);
#4619=ORIENTED_EDGE('',*,*,#3413,.F.);
#4620=ORIENTED_EDGE('',*,*,#3416,.F.);
#4621=ORIENTED_EDGE('',*,*,#3417,.T.);
#4622=ORIENTED_EDGE('',*,*,#3418,.T.);
#4623=ORIENTED_EDGE('',*,*,#3419,.F.);
#4624=ORIENTED_EDGE('',*,*,#3420,.F.);
#4625=ORIENTED_EDGE('',*,*,#3421,.T.);
#4626=ORIENTED_EDGE('',*,*,#3422,.T.);
#4627=ORIENTED_EDGE('',*,*,#3417,.F.);
#4628=ORIENTED_EDGE('',*,*,#3423,.F.);
#4629=ORIENTED_EDGE('',*,*,#3424,.T.);
#4630=ORIENTED_EDGE('',*,*,#3425,.T.);
#4631=ORIENTED_EDGE('',*,*,#3421,.F.);
#4632=ORIENTED_EDGE('',*,*,#3426,.F.);
#4633=ORIENTED_EDGE('',*,*,#3427,.T.);
#4634=ORIENTED_EDGE('',*,*,#3428,.T.);
#4635=ORIENTED_EDGE('',*,*,#3424,.F.);
#4636=ORIENTED_EDGE('',*,*,#3429,.F.);
#4637=ORIENTED_EDGE('',*,*,#3430,.T.);
#4638=ORIENTED_EDGE('',*,*,#3431,.T.);
#4639=ORIENTED_EDGE('',*,*,#3427,.F.);
#4640=ORIENTED_EDGE('',*,*,#3432,.F.);
#4641=ORIENTED_EDGE('',*,*,#3433,.T.);
#4642=ORIENTED_EDGE('',*,*,#3434,.T.);
#4643=ORIENTED_EDGE('',*,*,#3430,.F.);
#4644=ORIENTED_EDGE('',*,*,#3435,.F.);
#4645=ORIENTED_EDGE('',*,*,#3436,.T.);
#4646=ORIENTED_EDGE('',*,*,#3437,.T.);
#4647=ORIENTED_EDGE('',*,*,#3433,.F.);
#4648=ORIENTED_EDGE('',*,*,#3438,.F.);
#4649=ORIENTED_EDGE('',*,*,#3439,.T.);
#4650=ORIENTED_EDGE('',*,*,#3440,.T.);
#4651=ORIENTED_EDGE('',*,*,#3436,.F.);
#4652=ORIENTED_EDGE('',*,*,#3441,.F.);
#4653=ORIENTED_EDGE('',*,*,#3442,.T.);
#4654=ORIENTED_EDGE('',*,*,#3443,.T.);
#4655=ORIENTED_EDGE('',*,*,#3439,.F.);
#4656=ORIENTED_EDGE('',*,*,#3444,.F.);
#4657=ORIENTED_EDGE('',*,*,#3445,.T.);
#4658=ORIENTED_EDGE('',*,*,#3446,.T.);
#4659=ORIENTED_EDGE('',*,*,#3442,.F.);
#4660=ORIENTED_EDGE('',*,*,#3447,.F.);
#4661=ORIENTED_EDGE('',*,*,#3419,.T.);
#4662=ORIENTED_EDGE('',*,*,#3448,.T.);
#4663=ORIENTED_EDGE('',*,*,#3445,.F.);
#4664=ORIENTED_EDGE('',*,*,#3448,.F.);
#4665=ORIENTED_EDGE('',*,*,#3418,.F.);
#4666=ORIENTED_EDGE('',*,*,#3422,.F.);
#4667=ORIENTED_EDGE('',*,*,#3425,.F.);
#4668=ORIENTED_EDGE('',*,*,#3428,.F.);
#4669=ORIENTED_EDGE('',*,*,#3431,.F.);
#4670=ORIENTED_EDGE('',*,*,#3434,.F.);
#4671=ORIENTED_EDGE('',*,*,#3437,.F.);
#4672=ORIENTED_EDGE('',*,*,#3440,.F.);
#4673=ORIENTED_EDGE('',*,*,#3443,.F.);
#4674=ORIENTED_EDGE('',*,*,#3446,.F.);
#4675=ORIENTED_EDGE('',*,*,#3449,.F.);
#4676=ORIENTED_EDGE('',*,*,#3450,.T.);
#4677=ORIENTED_EDGE('',*,*,#3451,.T.);
#4678=ORIENTED_EDGE('',*,*,#3452,.F.);
#4679=ORIENTED_EDGE('',*,*,#3453,.F.);
#4680=ORIENTED_EDGE('',*,*,#3454,.T.);
#4681=ORIENTED_EDGE('',*,*,#3455,.T.);
#4682=ORIENTED_EDGE('',*,*,#3450,.F.);
#4683=ORIENTED_EDGE('',*,*,#3456,.F.);
#4684=ORIENTED_EDGE('',*,*,#3457,.T.);
#4685=ORIENTED_EDGE('',*,*,#3458,.T.);
#4686=ORIENTED_EDGE('',*,*,#3454,.F.);
#4687=ORIENTED_EDGE('',*,*,#3459,.F.);
#4688=ORIENTED_EDGE('',*,*,#3460,.T.);
#4689=ORIENTED_EDGE('',*,*,#3461,.T.);
#4690=ORIENTED_EDGE('',*,*,#3457,.F.);
#4691=ORIENTED_EDGE('',*,*,#3462,.F.);
#4692=ORIENTED_EDGE('',*,*,#3463,.T.);
#4693=ORIENTED_EDGE('',*,*,#3464,.T.);
#4694=ORIENTED_EDGE('',*,*,#3460,.F.);
#4695=ORIENTED_EDGE('',*,*,#3465,.F.);
#4696=ORIENTED_EDGE('',*,*,#3466,.T.);
#4697=ORIENTED_EDGE('',*,*,#3467,.T.);
#4698=ORIENTED_EDGE('',*,*,#3463,.F.);
#4699=ORIENTED_EDGE('',*,*,#3468,.F.);
#4700=ORIENTED_EDGE('',*,*,#3469,.T.);
#4701=ORIENTED_EDGE('',*,*,#3470,.T.);
#4702=ORIENTED_EDGE('',*,*,#3466,.F.);
#4703=ORIENTED_EDGE('',*,*,#3471,.F.);
#4704=ORIENTED_EDGE('',*,*,#3472,.T.);
#4705=ORIENTED_EDGE('',*,*,#3473,.T.);
#4706=ORIENTED_EDGE('',*,*,#3469,.F.);
#4707=ORIENTED_EDGE('',*,*,#3474,.F.);
#4708=ORIENTED_EDGE('',*,*,#3452,.T.);
#4709=ORIENTED_EDGE('',*,*,#3475,.T.);
#4710=ORIENTED_EDGE('',*,*,#3472,.F.);
#4711=ORIENTED_EDGE('',*,*,#3476,.F.);
#4712=ORIENTED_EDGE('',*,*,#3477,.T.);
#4713=ORIENTED_EDGE('',*,*,#3478,.T.);
#4714=ORIENTED_EDGE('',*,*,#3479,.F.);
#4715=ORIENTED_EDGE('',*,*,#3480,.F.);
#4716=ORIENTED_EDGE('',*,*,#3481,.T.);
#4717=ORIENTED_EDGE('',*,*,#3482,.T.);
#4718=ORIENTED_EDGE('',*,*,#3477,.F.);
#4719=ORIENTED_EDGE('',*,*,#3483,.F.);
#4720=ORIENTED_EDGE('',*,*,#3484,.T.);
#4721=ORIENTED_EDGE('',*,*,#3485,.T.);
#4722=ORIENTED_EDGE('',*,*,#3481,.F.);
#4723=ORIENTED_EDGE('',*,*,#3486,.F.);
#4724=ORIENTED_EDGE('',*,*,#3487,.T.);
#4725=ORIENTED_EDGE('',*,*,#3488,.T.);
#4726=ORIENTED_EDGE('',*,*,#3484,.F.);
#4727=ORIENTED_EDGE('',*,*,#3489,.F.);
#4728=ORIENTED_EDGE('',*,*,#3490,.T.);
#4729=ORIENTED_EDGE('',*,*,#3491,.T.);
#4730=ORIENTED_EDGE('',*,*,#3487,.F.);
#4731=ORIENTED_EDGE('',*,*,#3492,.F.);
#4732=ORIENTED_EDGE('',*,*,#3493,.T.);
#4733=ORIENTED_EDGE('',*,*,#3494,.T.);
#4734=ORIENTED_EDGE('',*,*,#3490,.F.);
#4735=ORIENTED_EDGE('',*,*,#3495,.F.);
#4736=ORIENTED_EDGE('',*,*,#3496,.T.);
#4737=ORIENTED_EDGE('',*,*,#3497,.T.);
#4738=ORIENTED_EDGE('',*,*,#3493,.F.);
#4739=ORIENTED_EDGE('',*,*,#3498,.F.);
#4740=ORIENTED_EDGE('',*,*,#3499,.T.);
#4741=ORIENTED_EDGE('',*,*,#3500,.T.);
#4742=ORIENTED_EDGE('',*,*,#3496,.F.);
#4743=ORIENTED_EDGE('',*,*,#3501,.F.);
#4744=ORIENTED_EDGE('',*,*,#3502,.T.);
#4745=ORIENTED_EDGE('',*,*,#3503,.T.);
#4746=ORIENTED_EDGE('',*,*,#3499,.F.);
#4747=ORIENTED_EDGE('',*,*,#3504,.F.);
#4748=ORIENTED_EDGE('',*,*,#3505,.T.);
#4749=ORIENTED_EDGE('',*,*,#3506,.T.);
#4750=ORIENTED_EDGE('',*,*,#3502,.F.);
#4751=ORIENTED_EDGE('',*,*,#3507,.F.);
#4752=ORIENTED_EDGE('',*,*,#3479,.T.);
#4753=ORIENTED_EDGE('',*,*,#3508,.T.);
#4754=ORIENTED_EDGE('',*,*,#3505,.F.);
#4755=ORIENTED_EDGE('',*,*,#3508,.F.);
#4756=ORIENTED_EDGE('',*,*,#3478,.F.);
#4757=ORIENTED_EDGE('',*,*,#3482,.F.);
#4758=ORIENTED_EDGE('',*,*,#3485,.F.);
#4759=ORIENTED_EDGE('',*,*,#3488,.F.);
#4760=ORIENTED_EDGE('',*,*,#3491,.F.);
#4761=ORIENTED_EDGE('',*,*,#3494,.F.);
#4762=ORIENTED_EDGE('',*,*,#3497,.F.);
#4763=ORIENTED_EDGE('',*,*,#3500,.F.);
#4764=ORIENTED_EDGE('',*,*,#3503,.F.);
#4765=ORIENTED_EDGE('',*,*,#3506,.F.);
#4766=ORIENTED_EDGE('',*,*,#3475,.F.);
#4767=ORIENTED_EDGE('',*,*,#3451,.F.);
#4768=ORIENTED_EDGE('',*,*,#3455,.F.);
#4769=ORIENTED_EDGE('',*,*,#3458,.F.);
#4770=ORIENTED_EDGE('',*,*,#3461,.F.);
#4771=ORIENTED_EDGE('',*,*,#3464,.F.);
#4772=ORIENTED_EDGE('',*,*,#3467,.F.);
#4773=ORIENTED_EDGE('',*,*,#3470,.F.);
#4774=ORIENTED_EDGE('',*,*,#3473,.F.);
#4775=ORIENTED_EDGE('',*,*,#3509,.F.);
#4776=ORIENTED_EDGE('',*,*,#3510,.T.);
#4777=ORIENTED_EDGE('',*,*,#3511,.T.);
#4778=ORIENTED_EDGE('',*,*,#3512,.F.);
#4779=ORIENTED_EDGE('',*,*,#3513,.F.);
#4780=ORIENTED_EDGE('',*,*,#3514,.T.);
#4781=ORIENTED_EDGE('',*,*,#3515,.T.);
#4782=ORIENTED_EDGE('',*,*,#3510,.F.);
#4783=ORIENTED_EDGE('',*,*,#3516,.F.);
#4784=ORIENTED_EDGE('',*,*,#3517,.T.);
#4785=ORIENTED_EDGE('',*,*,#3518,.T.);
#4786=ORIENTED_EDGE('',*,*,#3514,.F.);
#4787=ORIENTED_EDGE('',*,*,#3519,.F.);
#4788=ORIENTED_EDGE('',*,*,#3520,.T.);
#4789=ORIENTED_EDGE('',*,*,#3521,.T.);
#4790=ORIENTED_EDGE('',*,*,#3517,.F.);
#4791=ORIENTED_EDGE('',*,*,#3522,.F.);
#4792=ORIENTED_EDGE('',*,*,#3523,.T.);
#4793=ORIENTED_EDGE('',*,*,#3524,.T.);
#4794=ORIENTED_EDGE('',*,*,#3520,.F.);
#4795=ORIENTED_EDGE('',*,*,#3525,.F.);
#4796=ORIENTED_EDGE('',*,*,#3526,.T.);
#4797=ORIENTED_EDGE('',*,*,#3527,.T.);
#4798=ORIENTED_EDGE('',*,*,#3523,.F.);
#4799=ORIENTED_EDGE('',*,*,#3528,.F.);
#4800=ORIENTED_EDGE('',*,*,#3529,.T.);
#4801=ORIENTED_EDGE('',*,*,#3530,.T.);
#4802=ORIENTED_EDGE('',*,*,#3526,.F.);
#4803=ORIENTED_EDGE('',*,*,#3531,.F.);
#4804=ORIENTED_EDGE('',*,*,#3532,.T.);
#4805=ORIENTED_EDGE('',*,*,#3533,.T.);
#4806=ORIENTED_EDGE('',*,*,#3529,.F.);
#4807=ORIENTED_EDGE('',*,*,#3534,.F.);
#4808=ORIENTED_EDGE('',*,*,#3535,.T.);
#4809=ORIENTED_EDGE('',*,*,#3536,.T.);
#4810=ORIENTED_EDGE('',*,*,#3532,.F.);
#4811=ORIENTED_EDGE('',*,*,#3537,.F.);
#4812=ORIENTED_EDGE('',*,*,#3538,.T.);
#4813=ORIENTED_EDGE('',*,*,#3539,.T.);
#4814=ORIENTED_EDGE('',*,*,#3535,.F.);
#4815=ORIENTED_EDGE('',*,*,#3540,.F.);
#4816=ORIENTED_EDGE('',*,*,#3541,.T.);
#4817=ORIENTED_EDGE('',*,*,#3542,.T.);
#4818=ORIENTED_EDGE('',*,*,#3538,.F.);
#4819=ORIENTED_EDGE('',*,*,#3543,.F.);
#4820=ORIENTED_EDGE('',*,*,#3544,.T.);
#4821=ORIENTED_EDGE('',*,*,#3545,.T.);
#4822=ORIENTED_EDGE('',*,*,#3541,.F.);
#4823=ORIENTED_EDGE('',*,*,#3546,.F.);
#4824=ORIENTED_EDGE('',*,*,#3547,.T.);
#4825=ORIENTED_EDGE('',*,*,#3548,.T.);
#4826=ORIENTED_EDGE('',*,*,#3544,.F.);
#4827=ORIENTED_EDGE('',*,*,#3549,.F.);
#4828=ORIENTED_EDGE('',*,*,#3550,.T.);
#4829=ORIENTED_EDGE('',*,*,#3551,.T.);
#4830=ORIENTED_EDGE('',*,*,#3547,.F.);
#4831=ORIENTED_EDGE('',*,*,#3552,.F.);
#4832=ORIENTED_EDGE('',*,*,#3553,.T.);
#4833=ORIENTED_EDGE('',*,*,#3554,.T.);
#4834=ORIENTED_EDGE('',*,*,#3550,.F.);
#4835=ORIENTED_EDGE('',*,*,#3555,.F.);
#4836=ORIENTED_EDGE('',*,*,#3556,.T.);
#4837=ORIENTED_EDGE('',*,*,#3557,.T.);
#4838=ORIENTED_EDGE('',*,*,#3553,.F.);
#4839=ORIENTED_EDGE('',*,*,#3558,.F.);
#4840=ORIENTED_EDGE('',*,*,#3559,.T.);
#4841=ORIENTED_EDGE('',*,*,#3560,.T.);
#4842=ORIENTED_EDGE('',*,*,#3556,.F.);
#4843=ORIENTED_EDGE('',*,*,#3561,.F.);
#4844=ORIENTED_EDGE('',*,*,#3562,.T.);
#4845=ORIENTED_EDGE('',*,*,#3563,.T.);
#4846=ORIENTED_EDGE('',*,*,#3559,.F.);
#4847=ORIENTED_EDGE('',*,*,#3564,.F.);
#4848=ORIENTED_EDGE('',*,*,#3512,.T.);
#4849=ORIENTED_EDGE('',*,*,#3565,.T.);
#4850=ORIENTED_EDGE('',*,*,#3562,.F.);
#4851=ORIENTED_EDGE('',*,*,#3565,.F.);
#4852=ORIENTED_EDGE('',*,*,#3511,.F.);
#4853=ORIENTED_EDGE('',*,*,#3515,.F.);
#4854=ORIENTED_EDGE('',*,*,#3518,.F.);
#4855=ORIENTED_EDGE('',*,*,#3521,.F.);
#4856=ORIENTED_EDGE('',*,*,#3524,.F.);
#4857=ORIENTED_EDGE('',*,*,#3527,.F.);
#4858=ORIENTED_EDGE('',*,*,#3530,.F.);
#4859=ORIENTED_EDGE('',*,*,#3533,.F.);
#4860=ORIENTED_EDGE('',*,*,#3536,.F.);
#4861=ORIENTED_EDGE('',*,*,#3539,.F.);
#4862=ORIENTED_EDGE('',*,*,#3542,.F.);
#4863=ORIENTED_EDGE('',*,*,#3545,.F.);
#4864=ORIENTED_EDGE('',*,*,#3548,.F.);
#4865=ORIENTED_EDGE('',*,*,#3551,.F.);
#4866=ORIENTED_EDGE('',*,*,#3554,.F.);
#4867=ORIENTED_EDGE('',*,*,#3557,.F.);
#4868=ORIENTED_EDGE('',*,*,#3560,.F.);
#4869=ORIENTED_EDGE('',*,*,#3563,.F.);
#4870=ORIENTED_EDGE('',*,*,#3566,.F.);
#4871=ORIENTED_EDGE('',*,*,#3567,.T.);
#4872=ORIENTED_EDGE('',*,*,#3568,.T.);
#4873=ORIENTED_EDGE('',*,*,#3569,.F.);
#4874=ORIENTED_EDGE('',*,*,#3570,.F.);
#4875=ORIENTED_EDGE('',*,*,#3571,.T.);
#4876=ORIENTED_EDGE('',*,*,#3572,.T.);
#4877=ORIENTED_EDGE('',*,*,#3567,.F.);
#4878=ORIENTED_EDGE('',*,*,#3573,.F.);
#4879=ORIENTED_EDGE('',*,*,#3574,.T.);
#4880=ORIENTED_EDGE('',*,*,#3575,.T.);
#4881=ORIENTED_EDGE('',*,*,#3571,.F.);
#4882=ORIENTED_EDGE('',*,*,#3576,.F.);
#4883=ORIENTED_EDGE('',*,*,#3577,.T.);
#4884=ORIENTED_EDGE('',*,*,#3578,.T.);
#4885=ORIENTED_EDGE('',*,*,#3574,.F.);
#4886=ORIENTED_EDGE('',*,*,#3579,.F.);
#4887=ORIENTED_EDGE('',*,*,#3580,.T.);
#4888=ORIENTED_EDGE('',*,*,#3581,.T.);
#4889=ORIENTED_EDGE('',*,*,#3577,.F.);
#4890=ORIENTED_EDGE('',*,*,#3582,.F.);
#4891=ORIENTED_EDGE('',*,*,#3583,.T.);
#4892=ORIENTED_EDGE('',*,*,#3584,.T.);
#4893=ORIENTED_EDGE('',*,*,#3580,.F.);
#4894=ORIENTED_EDGE('',*,*,#3585,.F.);
#4895=ORIENTED_EDGE('',*,*,#3586,.T.);
#4896=ORIENTED_EDGE('',*,*,#3587,.T.);
#4897=ORIENTED_EDGE('',*,*,#3583,.F.);
#4898=ORIENTED_EDGE('',*,*,#3588,.F.);
#4899=ORIENTED_EDGE('',*,*,#3569,.T.);
#4900=ORIENTED_EDGE('',*,*,#3589,.T.);
#4901=ORIENTED_EDGE('',*,*,#3586,.F.);
#4902=ORIENTED_EDGE('',*,*,#3590,.F.);
#4903=ORIENTED_EDGE('',*,*,#3591,.T.);
#4904=ORIENTED_EDGE('',*,*,#3592,.T.);
#4905=ORIENTED_EDGE('',*,*,#3593,.F.);
#4906=ORIENTED_EDGE('',*,*,#3594,.F.);
#4907=ORIENTED_EDGE('',*,*,#3595,.T.);
#4908=ORIENTED_EDGE('',*,*,#3596,.T.);
#4909=ORIENTED_EDGE('',*,*,#3591,.F.);
#4910=ORIENTED_EDGE('',*,*,#3597,.F.);
#4911=ORIENTED_EDGE('',*,*,#3598,.T.);
#4912=ORIENTED_EDGE('',*,*,#3599,.T.);
#4913=ORIENTED_EDGE('',*,*,#3595,.F.);
#4914=ORIENTED_EDGE('',*,*,#3600,.F.);
#4915=ORIENTED_EDGE('',*,*,#3601,.T.);
#4916=ORIENTED_EDGE('',*,*,#3602,.T.);
#4917=ORIENTED_EDGE('',*,*,#3598,.F.);
#4918=ORIENTED_EDGE('',*,*,#3603,.F.);
#4919=ORIENTED_EDGE('',*,*,#3604,.T.);
#4920=ORIENTED_EDGE('',*,*,#3605,.T.);
#4921=ORIENTED_EDGE('',*,*,#3601,.F.);
#4922=ORIENTED_EDGE('',*,*,#3606,.F.);
#4923=ORIENTED_EDGE('',*,*,#3607,.T.);
#4924=ORIENTED_EDGE('',*,*,#3608,.T.);
#4925=ORIENTED_EDGE('',*,*,#3604,.F.);
#4926=ORIENTED_EDGE('',*,*,#3609,.F.);
#4927=ORIENTED_EDGE('',*,*,#3610,.T.);
#4928=ORIENTED_EDGE('',*,*,#3611,.T.);
#4929=ORIENTED_EDGE('',*,*,#3607,.F.);
#4930=ORIENTED_EDGE('',*,*,#3612,.F.);
#4931=ORIENTED_EDGE('',*,*,#3613,.T.);
#4932=ORIENTED_EDGE('',*,*,#3614,.T.);
#4933=ORIENTED_EDGE('',*,*,#3610,.F.);
#4934=ORIENTED_EDGE('',*,*,#3615,.F.);
#4935=ORIENTED_EDGE('',*,*,#3616,.T.);
#4936=ORIENTED_EDGE('',*,*,#3617,.T.);
#4937=ORIENTED_EDGE('',*,*,#3613,.F.);
#4938=ORIENTED_EDGE('',*,*,#3618,.F.);
#4939=ORIENTED_EDGE('',*,*,#3619,.T.);
#4940=ORIENTED_EDGE('',*,*,#3620,.T.);
#4941=ORIENTED_EDGE('',*,*,#3616,.F.);
#4942=ORIENTED_EDGE('',*,*,#3621,.F.);
#4943=ORIENTED_EDGE('',*,*,#3593,.T.);
#4944=ORIENTED_EDGE('',*,*,#3622,.T.);
#4945=ORIENTED_EDGE('',*,*,#3619,.F.);
#4946=ORIENTED_EDGE('',*,*,#3622,.F.);
#4947=ORIENTED_EDGE('',*,*,#3592,.F.);
#4948=ORIENTED_EDGE('',*,*,#3596,.F.);
#4949=ORIENTED_EDGE('',*,*,#3599,.F.);
#4950=ORIENTED_EDGE('',*,*,#3602,.F.);
#4951=ORIENTED_EDGE('',*,*,#3605,.F.);
#4952=ORIENTED_EDGE('',*,*,#3608,.F.);
#4953=ORIENTED_EDGE('',*,*,#3611,.F.);
#4954=ORIENTED_EDGE('',*,*,#3614,.F.);
#4955=ORIENTED_EDGE('',*,*,#3617,.F.);
#4956=ORIENTED_EDGE('',*,*,#3620,.F.);
#4957=ORIENTED_EDGE('',*,*,#3589,.F.);
#4958=ORIENTED_EDGE('',*,*,#3568,.F.);
#4959=ORIENTED_EDGE('',*,*,#3572,.F.);
#4960=ORIENTED_EDGE('',*,*,#3575,.F.);
#4961=ORIENTED_EDGE('',*,*,#3578,.F.);
#4962=ORIENTED_EDGE('',*,*,#3581,.F.);
#4963=ORIENTED_EDGE('',*,*,#3584,.F.);
#4964=ORIENTED_EDGE('',*,*,#3587,.F.);
#4965=ORIENTED_EDGE('',*,*,#3566,.T.);
#4966=ORIENTED_EDGE('',*,*,#3588,.T.);
#4967=ORIENTED_EDGE('',*,*,#3585,.T.);
#4968=ORIENTED_EDGE('',*,*,#3582,.T.);
#4969=ORIENTED_EDGE('',*,*,#3579,.T.);
#4970=ORIENTED_EDGE('',*,*,#3576,.T.);
#4971=ORIENTED_EDGE('',*,*,#3573,.T.);
#4972=ORIENTED_EDGE('',*,*,#3570,.T.);
#4973=ORIENTED_EDGE('',*,*,#3449,.T.);
#4974=ORIENTED_EDGE('',*,*,#3474,.T.);
#4975=ORIENTED_EDGE('',*,*,#3471,.T.);
#4976=ORIENTED_EDGE('',*,*,#3468,.T.);
#4977=ORIENTED_EDGE('',*,*,#3465,.T.);
#4978=ORIENTED_EDGE('',*,*,#3462,.T.);
#4979=ORIENTED_EDGE('',*,*,#3459,.T.);
#4980=ORIENTED_EDGE('',*,*,#3456,.T.);
#4981=ORIENTED_EDGE('',*,*,#3453,.T.);
#4982=ORIENTED_EDGE('',*,*,#3293,.T.);
#4983=ORIENTED_EDGE('',*,*,#3315,.T.);
#4984=ORIENTED_EDGE('',*,*,#3312,.T.);
#4985=ORIENTED_EDGE('',*,*,#3309,.T.);
#4986=ORIENTED_EDGE('',*,*,#3306,.T.);
#4987=ORIENTED_EDGE('',*,*,#3303,.T.);
#4988=ORIENTED_EDGE('',*,*,#3300,.T.);
#4989=ORIENTED_EDGE('',*,*,#3297,.T.);
#4990=ORIENTED_EDGE('',*,*,#3623,.T.);
#4991=ORIENTED_EDGE('',*,*,#3624,.T.);
#4992=ORIENTED_EDGE('',*,*,#3625,.T.);
#4993=ORIENTED_EDGE('',*,*,#3626,.F.);
#4994=ORIENTED_EDGE('',*,*,#3626,.T.);
#4995=ORIENTED_EDGE('',*,*,#3627,.T.);
#4996=ORIENTED_EDGE('',*,*,#3628,.F.);
#4997=ORIENTED_EDGE('',*,*,#3629,.T.);
#4998=ORIENTED_EDGE('',*,*,#3630,.F.);
#4999=ORIENTED_EDGE('',*,*,#3631,.F.);
#5000=ORIENTED_EDGE('',*,*,#3632,.F.);
#5001=ORIENTED_EDGE('',*,*,#3633,.F.);
#5002=ORIENTED_EDGE('',*,*,#3634,.F.);
#5003=ORIENTED_EDGE('',*,*,#3635,.F.);
#5004=ORIENTED_EDGE('',*,*,#3636,.F.);
#5005=ORIENTED_EDGE('',*,*,#3637,.F.);
#5006=ORIENTED_EDGE('',*,*,#3242,.T.);
#5007=ORIENTED_EDGE('',*,*,#3291,.T.);
#5008=ORIENTED_EDGE('',*,*,#3288,.T.);
#5009=ORIENTED_EDGE('',*,*,#3285,.T.);
#5010=ORIENTED_EDGE('',*,*,#3282,.T.);
#5011=ORIENTED_EDGE('',*,*,#3279,.T.);
#5012=ORIENTED_EDGE('',*,*,#3276,.T.);
#5013=ORIENTED_EDGE('',*,*,#3273,.T.);
#5014=ORIENTED_EDGE('',*,*,#3270,.T.);
#5015=ORIENTED_EDGE('',*,*,#3267,.T.);
#5016=ORIENTED_EDGE('',*,*,#3264,.T.);
#5017=ORIENTED_EDGE('',*,*,#3261,.T.);
#5018=ORIENTED_EDGE('',*,*,#3258,.T.);
#5019=ORIENTED_EDGE('',*,*,#3255,.T.);
#5020=ORIENTED_EDGE('',*,*,#3252,.T.);
#5021=ORIENTED_EDGE('',*,*,#3249,.T.);
#5022=ORIENTED_EDGE('',*,*,#3246,.T.);
#5023=ORIENTED_EDGE('',*,*,#3212,.T.);
#5024=ORIENTED_EDGE('',*,*,#3240,.T.);
#5025=ORIENTED_EDGE('',*,*,#3237,.T.);
#5026=ORIENTED_EDGE('',*,*,#3234,.T.);
#5027=ORIENTED_EDGE('',*,*,#3231,.T.);
#5028=ORIENTED_EDGE('',*,*,#3228,.T.);
#5029=ORIENTED_EDGE('',*,*,#3225,.T.);
#5030=ORIENTED_EDGE('',*,*,#3222,.T.);
#5031=ORIENTED_EDGE('',*,*,#3219,.T.);
#5032=ORIENTED_EDGE('',*,*,#3216,.T.);
#5033=ORIENTED_EDGE('',*,*,#3200,.T.);
#5034=ORIENTED_EDGE('',*,*,#3210,.T.);
#5035=ORIENTED_EDGE('',*,*,#3207,.T.);
#5036=ORIENTED_EDGE('',*,*,#3204,.T.);
#5037=ORIENTED_EDGE('',*,*,#3158,.T.);
#5038=ORIENTED_EDGE('',*,*,#3198,.T.);
#5039=ORIENTED_EDGE('',*,*,#3195,.T.);
#5040=ORIENTED_EDGE('',*,*,#3192,.T.);
#5041=ORIENTED_EDGE('',*,*,#3189,.T.);
#5042=ORIENTED_EDGE('',*,*,#3186,.T.);
#5043=ORIENTED_EDGE('',*,*,#3183,.T.);
#5044=ORIENTED_EDGE('',*,*,#3180,.T.);
#5045=ORIENTED_EDGE('',*,*,#3177,.T.);
#5046=ORIENTED_EDGE('',*,*,#3174,.T.);
#5047=ORIENTED_EDGE('',*,*,#3171,.T.);
#5048=ORIENTED_EDGE('',*,*,#3168,.T.);
#5049=ORIENTED_EDGE('',*,*,#3165,.T.);
#5050=ORIENTED_EDGE('',*,*,#3162,.T.);
#5051=ORIENTED_EDGE('',*,*,#2996,.T.);
#5052=ORIENTED_EDGE('',*,*,#3099,.T.);
#5053=ORIENTED_EDGE('',*,*,#3096,.T.);
#5054=ORIENTED_EDGE('',*,*,#3093,.T.);
#5055=ORIENTED_EDGE('',*,*,#3090,.T.);
#5056=ORIENTED_EDGE('',*,*,#3087,.T.);
#5057=ORIENTED_EDGE('',*,*,#3084,.T.);
#5058=ORIENTED_EDGE('',*,*,#3081,.T.);
#5059=ORIENTED_EDGE('',*,*,#3078,.T.);
#5060=ORIENTED_EDGE('',*,*,#3075,.T.);
#5061=ORIENTED_EDGE('',*,*,#3072,.T.);
#5062=ORIENTED_EDGE('',*,*,#3069,.T.);
#5063=ORIENTED_EDGE('',*,*,#3066,.T.);
#5064=ORIENTED_EDGE('',*,*,#3063,.T.);
#5065=ORIENTED_EDGE('',*,*,#3060,.T.);
#5066=ORIENTED_EDGE('',*,*,#3057,.T.);
#5067=ORIENTED_EDGE('',*,*,#3054,.T.);
#5068=ORIENTED_EDGE('',*,*,#3051,.T.);
#5069=ORIENTED_EDGE('',*,*,#3048,.T.);
#5070=ORIENTED_EDGE('',*,*,#3045,.T.);
#5071=ORIENTED_EDGE('',*,*,#3042,.T.);
#5072=ORIENTED_EDGE('',*,*,#3039,.T.);
#5073=ORIENTED_EDGE('',*,*,#3036,.T.);
#5074=ORIENTED_EDGE('',*,*,#3033,.T.);
#5075=ORIENTED_EDGE('',*,*,#3030,.T.);
#5076=ORIENTED_EDGE('',*,*,#3027,.T.);
#5077=ORIENTED_EDGE('',*,*,#3024,.T.);
#5078=ORIENTED_EDGE('',*,*,#3021,.T.);
#5079=ORIENTED_EDGE('',*,*,#3018,.T.);
#5080=ORIENTED_EDGE('',*,*,#3015,.T.);
#5081=ORIENTED_EDGE('',*,*,#3012,.T.);
#5082=ORIENTED_EDGE('',*,*,#3009,.T.);
#5083=ORIENTED_EDGE('',*,*,#3006,.T.);
#5084=ORIENTED_EDGE('',*,*,#3003,.T.);
#5085=ORIENTED_EDGE('',*,*,#3000,.T.);
#5086=ORIENTED_EDGE('',*,*,#3638,.T.);
#5087=ORIENTED_EDGE('',*,*,#3639,.F.);
#5088=ORIENTED_EDGE('',*,*,#3640,.F.);
#5089=ORIENTED_EDGE('',*,*,#3641,.F.);
#5090=ORIENTED_EDGE('',*,*,#3642,.F.);
#5091=ORIENTED_EDGE('',*,*,#3643,.T.);
#5092=ORIENTED_EDGE('',*,*,#3644,.F.);
#5093=ORIENTED_EDGE('',*,*,#3645,.F.);
#5094=ORIENTED_EDGE('',*,*,#3646,.T.);
#5095=ORIENTED_EDGE('',*,*,#3646,.F.);
#5096=ORIENTED_EDGE('',*,*,#3647,.F.);
#5097=ORIENTED_EDGE('',*,*,#3648,.F.);
#5098=ORIENTED_EDGE('',*,*,#3649,.F.);
#5099=ORIENTED_EDGE('',*,*,#3650,.F.);
#5100=ORIENTED_EDGE('',*,*,#3651,.F.);
#5101=ORIENTED_EDGE('',*,*,#3652,.F.);
#5102=ORIENTED_EDGE('',*,*,#3653,.F.);
#5103=ORIENTED_EDGE('',*,*,#3645,.T.);
#5104=ORIENTED_EDGE('',*,*,#3654,.T.);
#5105=ORIENTED_EDGE('',*,*,#3655,.T.);
#5106=ORIENTED_EDGE('',*,*,#3651,.T.);
#5107=ORIENTED_EDGE('',*,*,#3656,.T.);
#5108=ORIENTED_EDGE('',*,*,#3657,.T.);
#5109=ORIENTED_EDGE('',*,*,#3658,.T.);
#5110=ORIENTED_EDGE('',*,*,#3659,.T.);
#5111=ORIENTED_EDGE('',*,*,#3660,.F.);
#5112=ORIENTED_EDGE('',*,*,#3661,.F.);
#5113=ORIENTED_EDGE('',*,*,#3647,.T.);
#5114=ORIENTED_EDGE('',*,*,#3662,.F.);
#5115=ORIENTED_EDGE('',*,*,#3663,.T.);
#5116=ORIENTED_EDGE('',*,*,#3664,.T.);
#5117=ORIENTED_EDGE('',*,*,#3652,.T.);
#5118=ORIENTED_EDGE('',*,*,#3655,.F.);
#5119=ORIENTED_EDGE('',*,*,#3663,.F.);
#5120=ORIENTED_EDGE('',*,*,#3665,.T.);
#5121=ORIENTED_EDGE('',*,*,#3666,.T.);
#5122=ORIENTED_EDGE('',*,*,#3667,.T.);
#5123=ORIENTED_EDGE('',*,*,#3668,.F.);
#5124=ORIENTED_EDGE('',*,*,#3669,.T.);
#5125=ORIENTED_EDGE('',*,*,#3670,.T.);
#5126=ORIENTED_EDGE('',*,*,#3644,.T.);
#5127=ORIENTED_EDGE('',*,*,#3671,.F.);
#5128=ORIENTED_EDGE('',*,*,#3672,.T.);
#5129=ORIENTED_EDGE('',*,*,#3665,.F.);
#5130=ORIENTED_EDGE('',*,*,#3662,.T.);
#5131=ORIENTED_EDGE('',*,*,#3654,.F.);
#5132=ORIENTED_EDGE('',*,*,#3672,.F.);
#5133=ORIENTED_EDGE('',*,*,#3673,.T.);
#5134=ORIENTED_EDGE('',*,*,#3674,.T.);
#5135=ORIENTED_EDGE('',*,*,#3666,.F.);
#5136=ORIENTED_EDGE('',*,*,#3643,.F.);
#5137=ORIENTED_EDGE('',*,*,#3675,.T.);
#5138=ORIENTED_EDGE('',*,*,#3676,.F.);
#5139=ORIENTED_EDGE('',*,*,#3677,.T.);
#5140=ORIENTED_EDGE('',*,*,#3678,.T.);
#5141=ORIENTED_EDGE('',*,*,#3673,.F.);
#5142=ORIENTED_EDGE('',*,*,#3671,.T.);
#5143=ORIENTED_EDGE('',*,*,#3667,.F.);
#5144=ORIENTED_EDGE('',*,*,#3674,.F.);
#5145=ORIENTED_EDGE('',*,*,#3678,.F.);
#5146=ORIENTED_EDGE('',*,*,#3679,.F.);
#5147=ORIENTED_EDGE('',*,*,#3680,.F.);
#5148=ORIENTED_EDGE('',*,*,#3681,.T.);
#5149=ORIENTED_EDGE('',*,*,#3682,.T.);
#5150=ORIENTED_EDGE('',*,*,#3683,.F.);
#5151=ORIENTED_EDGE('',*,*,#3590,.T.);
#5152=ORIENTED_EDGE('',*,*,#3621,.T.);
#5153=ORIENTED_EDGE('',*,*,#3618,.T.);
#5154=ORIENTED_EDGE('',*,*,#3615,.T.);
#5155=ORIENTED_EDGE('',*,*,#3612,.T.);
#5156=ORIENTED_EDGE('',*,*,#3609,.T.);
#5157=ORIENTED_EDGE('',*,*,#3606,.T.);
#5158=ORIENTED_EDGE('',*,*,#3603,.T.);
#5159=ORIENTED_EDGE('',*,*,#3600,.T.);
#5160=ORIENTED_EDGE('',*,*,#3597,.T.);
#5161=ORIENTED_EDGE('',*,*,#3594,.T.);
#5162=ORIENTED_EDGE('',*,*,#3509,.T.);
#5163=ORIENTED_EDGE('',*,*,#3564,.T.);
#5164=ORIENTED_EDGE('',*,*,#3561,.T.);
#5165=ORIENTED_EDGE('',*,*,#3558,.T.);
#5166=ORIENTED_EDGE('',*,*,#3555,.T.);
#5167=ORIENTED_EDGE('',*,*,#3552,.T.);
#5168=ORIENTED_EDGE('',*,*,#3549,.T.);
#5169=ORIENTED_EDGE('',*,*,#3546,.T.);
#5170=ORIENTED_EDGE('',*,*,#3543,.T.);
#5171=ORIENTED_EDGE('',*,*,#3540,.T.);
#5172=ORIENTED_EDGE('',*,*,#3537,.T.);
#5173=ORIENTED_EDGE('',*,*,#3534,.T.);
#5174=ORIENTED_EDGE('',*,*,#3531,.T.);
#5175=ORIENTED_EDGE('',*,*,#3528,.T.);
#5176=ORIENTED_EDGE('',*,*,#3525,.T.);
#5177=ORIENTED_EDGE('',*,*,#3522,.T.);
#5178=ORIENTED_EDGE('',*,*,#3519,.T.);
#5179=ORIENTED_EDGE('',*,*,#3516,.T.);
#5180=ORIENTED_EDGE('',*,*,#3513,.T.);
#5181=ORIENTED_EDGE('',*,*,#3476,.T.);
#5182=ORIENTED_EDGE('',*,*,#3507,.T.);
#5183=ORIENTED_EDGE('',*,*,#3504,.T.);
#5184=ORIENTED_EDGE('',*,*,#3501,.T.);
#5185=ORIENTED_EDGE('',*,*,#3498,.T.);
#5186=ORIENTED_EDGE('',*,*,#3495,.T.);
#5187=ORIENTED_EDGE('',*,*,#3492,.T.);
#5188=ORIENTED_EDGE('',*,*,#3489,.T.);
#5189=ORIENTED_EDGE('',*,*,#3486,.T.);
#5190=ORIENTED_EDGE('',*,*,#3483,.T.);
#5191=ORIENTED_EDGE('',*,*,#3480,.T.);
#5192=ORIENTED_EDGE('',*,*,#3416,.T.);
#5193=ORIENTED_EDGE('',*,*,#3447,.T.);
#5194=ORIENTED_EDGE('',*,*,#3444,.T.);
#5195=ORIENTED_EDGE('',*,*,#3441,.T.);
#5196=ORIENTED_EDGE('',*,*,#3438,.T.);
#5197=ORIENTED_EDGE('',*,*,#3435,.T.);
#5198=ORIENTED_EDGE('',*,*,#3432,.T.);
#5199=ORIENTED_EDGE('',*,*,#3429,.T.);
#5200=ORIENTED_EDGE('',*,*,#3426,.T.);
#5201=ORIENTED_EDGE('',*,*,#3423,.T.);
#5202=ORIENTED_EDGE('',*,*,#3420,.T.);
#5203=ORIENTED_EDGE('',*,*,#3374,.T.);
#5204=ORIENTED_EDGE('',*,*,#3414,.T.);
#5205=ORIENTED_EDGE('',*,*,#3411,.T.);
#5206=ORIENTED_EDGE('',*,*,#3408,.T.);
#5207=ORIENTED_EDGE('',*,*,#3405,.T.);
#5208=ORIENTED_EDGE('',*,*,#3402,.T.);
#5209=ORIENTED_EDGE('',*,*,#3399,.T.);
#5210=ORIENTED_EDGE('',*,*,#3396,.T.);
#5211=ORIENTED_EDGE('',*,*,#3393,.T.);
#5212=ORIENTED_EDGE('',*,*,#3390,.T.);
#5213=ORIENTED_EDGE('',*,*,#3387,.T.);
#5214=ORIENTED_EDGE('',*,*,#3384,.T.);
#5215=ORIENTED_EDGE('',*,*,#3381,.T.);
#5216=ORIENTED_EDGE('',*,*,#3378,.T.);
#5217=ORIENTED_EDGE('',*,*,#3317,.T.);
#5218=ORIENTED_EDGE('',*,*,#3372,.T.);
#5219=ORIENTED_EDGE('',*,*,#3369,.T.);
#5220=ORIENTED_EDGE('',*,*,#3366,.T.);
#5221=ORIENTED_EDGE('',*,*,#3363,.T.);
#5222=ORIENTED_EDGE('',*,*,#3360,.T.);
#5223=ORIENTED_EDGE('',*,*,#3357,.T.);
#5224=ORIENTED_EDGE('',*,*,#3354,.T.);
#5225=ORIENTED_EDGE('',*,*,#3351,.T.);
#5226=ORIENTED_EDGE('',*,*,#3348,.T.);
#5227=ORIENTED_EDGE('',*,*,#3345,.T.);
#5228=ORIENTED_EDGE('',*,*,#3342,.T.);
#5229=ORIENTED_EDGE('',*,*,#3339,.T.);
#5230=ORIENTED_EDGE('',*,*,#3336,.T.);
#5231=ORIENTED_EDGE('',*,*,#3333,.T.);
#5232=ORIENTED_EDGE('',*,*,#3330,.T.);
#5233=ORIENTED_EDGE('',*,*,#3327,.T.);
#5234=ORIENTED_EDGE('',*,*,#3324,.T.);
#5235=ORIENTED_EDGE('',*,*,#3321,.T.);
#5236=ORIENTED_EDGE('',*,*,#3684,.T.);
#5237=ORIENTED_EDGE('',*,*,#3685,.F.);
#5238=ORIENTED_EDGE('',*,*,#3659,.F.);
#5239=ORIENTED_EDGE('',*,*,#3686,.F.);
#5240=ORIENTED_EDGE('',*,*,#3687,.T.);
#5241=ORIENTED_EDGE('',*,*,#3688,.T.);
#5242=ORIENTED_EDGE('',*,*,#3657,.F.);
#5243=ORIENTED_EDGE('',*,*,#3689,.T.);
#5244=ORIENTED_EDGE('',*,*,#3690,.T.);
#5245=ORIENTED_EDGE('',*,*,#3688,.F.);
#5246=ORIENTED_EDGE('',*,*,#3691,.T.);
#5247=ORIENTED_EDGE('',*,*,#3687,.F.);
#5248=ORIENTED_EDGE('',*,*,#3686,.T.);
#5249=ORIENTED_EDGE('',*,*,#3658,.F.);
#5250=ORIENTED_EDGE('',*,*,#3689,.F.);
#5251=ORIENTED_EDGE('',*,*,#3656,.F.);
#5252=ORIENTED_EDGE('',*,*,#3650,.T.);
#5253=ORIENTED_EDGE('',*,*,#3692,.T.);
#5254=ORIENTED_EDGE('',*,*,#3693,.T.);
#5255=ORIENTED_EDGE('',*,*,#3694,.F.);
#5256=ORIENTED_EDGE('',*,*,#3660,.T.);
#5257=ORIENTED_EDGE('',*,*,#3685,.T.);
#5258=ORIENTED_EDGE('',*,*,#3695,.T.);
#5259=ORIENTED_EDGE('',*,*,#3692,.F.);
#5260=ORIENTED_EDGE('',*,*,#3649,.T.);
#5261=ORIENTED_EDGE('',*,*,#3696,.T.);
#5262=ORIENTED_EDGE('',*,*,#3697,.T.);
#5263=ORIENTED_EDGE('',*,*,#3696,.F.);
#5264=ORIENTED_EDGE('',*,*,#3648,.T.);
#5265=ORIENTED_EDGE('',*,*,#3661,.T.);
#5266=ORIENTED_EDGE('',*,*,#3694,.T.);
#5267=ORIENTED_EDGE('',*,*,#3698,.T.);
#5268=ORIENTED_EDGE('',*,*,#3695,.F.);
#5269=ORIENTED_EDGE('',*,*,#3699,.T.);
#5270=ORIENTED_EDGE('',*,*,#3700,.T.);
#5271=ORIENTED_EDGE('',*,*,#3701,.F.);
#5272=ORIENTED_EDGE('',*,*,#3684,.F.);
#5273=ORIENTED_EDGE('',*,*,#3702,.T.);
#5274=ORIENTED_EDGE('',*,*,#3703,.T.);
#5275=ORIENTED_EDGE('',*,*,#3699,.F.);
#5276=ORIENTED_EDGE('',*,*,#3691,.F.);
#5277=ORIENTED_EDGE('',*,*,#3704,.T.);
#5278=ORIENTED_EDGE('',*,*,#3705,.T.);
#5279=ORIENTED_EDGE('',*,*,#3702,.F.);
#5280=ORIENTED_EDGE('',*,*,#3690,.F.);
#5281=ORIENTED_EDGE('',*,*,#3706,.T.);
#5282=ORIENTED_EDGE('',*,*,#3707,.T.);
#5283=ORIENTED_EDGE('',*,*,#3704,.F.);
#5284=ORIENTED_EDGE('',*,*,#3708,.T.);
#5285=ORIENTED_EDGE('',*,*,#3634,.T.);
#5286=ORIENTED_EDGE('',*,*,#3709,.T.);
#5287=ORIENTED_EDGE('',*,*,#3710,.T.);
#5288=ORIENTED_EDGE('',*,*,#3709,.F.);
#5289=ORIENTED_EDGE('',*,*,#3637,.T.);
#5290=ORIENTED_EDGE('',*,*,#3711,.T.);
#5291=ORIENTED_EDGE('',*,*,#3712,.T.);
#5292=ORIENTED_EDGE('',*,*,#3713,.T.);
#5293=ORIENTED_EDGE('',*,*,#3635,.T.);
#5294=ORIENTED_EDGE('',*,*,#3708,.F.);
#5295=ORIENTED_EDGE('',*,*,#3714,.T.);
#5296=ORIENTED_EDGE('',*,*,#3711,.F.);
#5297=ORIENTED_EDGE('',*,*,#3636,.T.);
#5298=ORIENTED_EDGE('',*,*,#3713,.F.);
#5299=ORIENTED_EDGE('',*,*,#3715,.T.);
#5300=ORIENTED_EDGE('',*,*,#3693,.F.);
#5301=ORIENTED_EDGE('',*,*,#3716,.T.);
#5302=ORIENTED_EDGE('',*,*,#3717,.T.);
#5303=ORIENTED_EDGE('',*,*,#3706,.F.);
#5304=ORIENTED_EDGE('',*,*,#3697,.F.);
#5305=ORIENTED_EDGE('',*,*,#3718,.T.);
#5306=ORIENTED_EDGE('',*,*,#3719,.T.);
#5307=ORIENTED_EDGE('',*,*,#3716,.F.);
#5308=ORIENTED_EDGE('',*,*,#3698,.F.);
#5309=ORIENTED_EDGE('',*,*,#3701,.T.);
#5310=ORIENTED_EDGE('',*,*,#3720,.T.);
#5311=ORIENTED_EDGE('',*,*,#3718,.F.);
#5312=ORIENTED_EDGE('',*,*,#3720,.F.);
#5313=ORIENTED_EDGE('',*,*,#3700,.F.);
#5314=ORIENTED_EDGE('',*,*,#3703,.F.);
#5315=ORIENTED_EDGE('',*,*,#3705,.F.);
#5316=ORIENTED_EDGE('',*,*,#3707,.F.);
#5317=ORIENTED_EDGE('',*,*,#3717,.F.);
#5318=ORIENTED_EDGE('',*,*,#3719,.F.);
#5319=ORIENTED_EDGE('',*,*,#3721,.F.);
#5320=ORIENTED_EDGE('',*,*,#3722,.F.);
#5321=ORIENTED_EDGE('',*,*,#3723,.F.);
#5322=ORIENTED_EDGE('',*,*,#3724,.F.);
#5323=ORIENTED_EDGE('',*,*,#3725,.F.);
#5324=ORIENTED_EDGE('',*,*,#3726,.F.);
#5325=ORIENTED_EDGE('',*,*,#3727,.F.);
#5326=ORIENTED_EDGE('',*,*,#3728,.F.);
#5327=ORIENTED_EDGE('',*,*,#3723,.T.);
#5328=ORIENTED_EDGE('',*,*,#3729,.T.);
#5329=ORIENTED_EDGE('',*,*,#3730,.F.);
#5330=ORIENTED_EDGE('',*,*,#3731,.F.);
#5331=ORIENTED_EDGE('',*,*,#3722,.T.);
#5332=ORIENTED_EDGE('',*,*,#3732,.T.);
#5333=ORIENTED_EDGE('',*,*,#3733,.F.);
#5334=ORIENTED_EDGE('',*,*,#3734,.F.);
#5335=ORIENTED_EDGE('',*,*,#3729,.F.);
#5336=ORIENTED_EDGE('',*,*,#3727,.T.);
#5337=ORIENTED_EDGE('',*,*,#3735,.T.);
#5338=ORIENTED_EDGE('',*,*,#3736,.F.);
#5339=ORIENTED_EDGE('',*,*,#3737,.F.);
#5340=ORIENTED_EDGE('',*,*,#3726,.T.);
#5341=ORIENTED_EDGE('',*,*,#3738,.T.);
#5342=ORIENTED_EDGE('',*,*,#3739,.F.);
#5343=ORIENTED_EDGE('',*,*,#3740,.F.);
#5344=ORIENTED_EDGE('',*,*,#3735,.F.);
#5345=ORIENTED_EDGE('',*,*,#3741,.F.);
#5346=ORIENTED_EDGE('',*,*,#3742,.T.);
#5347=ORIENTED_EDGE('',*,*,#3730,.T.);
#5348=ORIENTED_EDGE('',*,*,#3734,.T.);
#5349=ORIENTED_EDGE('',*,*,#3721,.T.);
#5350=ORIENTED_EDGE('',*,*,#3743,.T.);
#5351=ORIENTED_EDGE('',*,*,#3744,.F.);
#5352=ORIENTED_EDGE('',*,*,#3732,.F.);
#5353=ORIENTED_EDGE('',*,*,#3724,.T.);
#5354=ORIENTED_EDGE('',*,*,#3731,.T.);
#5355=ORIENTED_EDGE('',*,*,#3742,.F.);
#5356=ORIENTED_EDGE('',*,*,#3745,.F.);
#5357=ORIENTED_EDGE('',*,*,#3743,.F.);
#5358=ORIENTED_EDGE('',*,*,#3746,.F.);
#5359=ORIENTED_EDGE('',*,*,#3747,.T.);
#5360=ORIENTED_EDGE('',*,*,#3736,.T.);
#5361=ORIENTED_EDGE('',*,*,#3740,.T.);
#5362=ORIENTED_EDGE('',*,*,#3725,.T.);
#5363=ORIENTED_EDGE('',*,*,#3748,.T.);
#5364=ORIENTED_EDGE('',*,*,#3749,.F.);
#5365=ORIENTED_EDGE('',*,*,#3738,.F.);
#5366=ORIENTED_EDGE('',*,*,#3728,.T.);
#5367=ORIENTED_EDGE('',*,*,#3737,.T.);
#5368=ORIENTED_EDGE('',*,*,#3747,.F.);
#5369=ORIENTED_EDGE('',*,*,#3750,.F.);
#5370=ORIENTED_EDGE('',*,*,#3748,.F.);
#5371=ORIENTED_EDGE('',*,*,#3653,.T.);
#5372=ORIENTED_EDGE('',*,*,#3664,.F.);
#5373=ORIENTED_EDGE('',*,*,#3670,.F.);
#5374=ORIENTED_EDGE('',*,*,#3751,.F.);
#5375=ORIENTED_EDGE('',*,*,#3752,.T.);
#5376=ORIENTED_EDGE('',*,*,#3753,.T.);
#5377=ORIENTED_EDGE('',*,*,#3754,.T.);
#5378=ORIENTED_EDGE('',*,*,#3755,.T.);
#5379=ORIENTED_EDGE('',*,*,#3630,.T.);
#5380=ORIENTED_EDGE('',*,*,#3756,.T.);
#5381=ORIENTED_EDGE('',*,*,#3757,.T.);
#5382=ORIENTED_EDGE('',*,*,#3758,.T.);
#5383=ORIENTED_EDGE('',*,*,#3759,.T.);
#5384=ORIENTED_EDGE('',*,*,#3760,.T.);
#5385=ORIENTED_EDGE('',*,*,#3675,.F.);
#5386=ORIENTED_EDGE('',*,*,#3642,.T.);
#5387=ORIENTED_EDGE('',*,*,#3761,.T.);
#5388=ORIENTED_EDGE('',*,*,#3762,.T.);
#5389=ORIENTED_EDGE('',*,*,#3763,.T.);
#5390=ORIENTED_EDGE('',*,*,#3764,.T.);
#5391=ORIENTED_EDGE('',*,*,#3765,.F.);
#5392=ORIENTED_EDGE('',*,*,#3766,.F.);
#5393=ORIENTED_EDGE('',*,*,#3767,.F.);
#5394=ORIENTED_EDGE('',*,*,#3768,.F.);
#5395=ORIENTED_EDGE('',*,*,#3745,.T.);
#5396=ORIENTED_EDGE('',*,*,#3769,.F.);
#5397=ORIENTED_EDGE('',*,*,#3770,.F.);
#5398=ORIENTED_EDGE('',*,*,#3766,.T.);
#5399=ORIENTED_EDGE('',*,*,#3771,.F.);
#5400=ORIENTED_EDGE('',*,*,#3772,.F.);
#5401=ORIENTED_EDGE('',*,*,#3739,.T.);
#5402=ORIENTED_EDGE('',*,*,#3749,.T.);
#5403=ORIENTED_EDGE('',*,*,#3750,.T.);
#5404=ORIENTED_EDGE('',*,*,#3773,.F.);
#5405=ORIENTED_EDGE('',*,*,#3733,.T.);
#5406=ORIENTED_EDGE('',*,*,#3744,.T.);
#5407=ORIENTED_EDGE('',*,*,#3768,.T.);
#5408=ORIENTED_EDGE('',*,*,#3774,.T.);
#5409=ORIENTED_EDGE('',*,*,#3775,.T.);
#5410=ORIENTED_EDGE('',*,*,#3776,.F.);
#5411=ORIENTED_EDGE('',*,*,#3777,.T.);
#5412=ORIENTED_EDGE('',*,*,#3778,.T.);
#5413=ORIENTED_EDGE('',*,*,#3779,.T.);
#5414=ORIENTED_EDGE('',*,*,#3780,.T.);
#5415=ORIENTED_EDGE('',*,*,#3767,.T.);
#5416=ORIENTED_EDGE('',*,*,#3770,.T.);
#5417=ORIENTED_EDGE('',*,*,#3781,.F.);
#5418=ORIENTED_EDGE('',*,*,#3782,.F.);
#5419=ORIENTED_EDGE('',*,*,#3783,.T.);
#5420=ORIENTED_EDGE('',*,*,#3774,.F.);
#5421=ORIENTED_EDGE('',*,*,#3715,.F.);
#5422=ORIENTED_EDGE('',*,*,#3714,.F.);
#5423=ORIENTED_EDGE('',*,*,#3710,.F.);
#5424=ORIENTED_EDGE('',*,*,#3712,.F.);
#5425=ORIENTED_EDGE('',*,*,#3784,.F.);
#5426=ORIENTED_EDGE('',*,*,#3785,.F.);
#5427=ORIENTED_EDGE('',*,*,#3786,.F.);
#5428=ORIENTED_EDGE('',*,*,#3787,.F.);
#5429=ORIENTED_EDGE('',*,*,#3785,.T.);
#5430=ORIENTED_EDGE('',*,*,#3788,.F.);
#5431=ORIENTED_EDGE('',*,*,#3789,.F.);
#5432=ORIENTED_EDGE('',*,*,#3790,.T.);
#5433=ORIENTED_EDGE('',*,*,#3784,.T.);
#5434=ORIENTED_EDGE('',*,*,#3791,.F.);
#5435=ORIENTED_EDGE('',*,*,#3792,.F.);
#5436=ORIENTED_EDGE('',*,*,#3788,.T.);
#5437=ORIENTED_EDGE('',*,*,#3787,.T.);
#5438=ORIENTED_EDGE('',*,*,#3793,.F.);
#5439=ORIENTED_EDGE('',*,*,#3794,.F.);
#5440=ORIENTED_EDGE('',*,*,#3791,.T.);
#5441=ORIENTED_EDGE('',*,*,#3786,.T.);
#5442=ORIENTED_EDGE('',*,*,#3790,.F.);
#5443=ORIENTED_EDGE('',*,*,#3795,.F.);
#5444=ORIENTED_EDGE('',*,*,#3793,.T.);
#5445=ORIENTED_EDGE('',*,*,#3796,.F.);
#5446=ORIENTED_EDGE('',*,*,#3797,.F.);
#5447=ORIENTED_EDGE('',*,*,#3798,.T.);
#5448=ORIENTED_EDGE('',*,*,#3799,.F.);
#5449=ORIENTED_EDGE('',*,*,#3800,.F.);
#5450=ORIENTED_EDGE('',*,*,#3801,.F.);
#5451=ORIENTED_EDGE('',*,*,#3802,.F.);
#5452=ORIENTED_EDGE('',*,*,#3797,.T.);
#5453=ORIENTED_EDGE('',*,*,#3803,.F.);
#5454=ORIENTED_EDGE('',*,*,#3804,.F.);
#5455=ORIENTED_EDGE('',*,*,#3805,.F.);
#5456=ORIENTED_EDGE('',*,*,#3801,.T.);
#5457=ORIENTED_EDGE('',*,*,#3806,.F.);
#5458=ORIENTED_EDGE('',*,*,#3807,.T.);
#5459=ORIENTED_EDGE('',*,*,#3808,.F.);
#5460=ORIENTED_EDGE('',*,*,#3807,.F.);
#5461=ORIENTED_EDGE('',*,*,#3802,.T.);
#5462=ORIENTED_EDGE('',*,*,#3805,.T.);
#5463=ORIENTED_EDGE('',*,*,#3809,.F.);
#5464=ORIENTED_EDGE('',*,*,#3810,.F.);
#5465=ORIENTED_EDGE('',*,*,#3798,.F.);
#5466=ORIENTED_EDGE('',*,*,#3808,.T.);
#5467=ORIENTED_EDGE('',*,*,#3639,.T.);
#5468=ORIENTED_EDGE('',*,*,#3811,.T.);
#5469=ORIENTED_EDGE('',*,*,#3809,.T.);
#5470=ORIENTED_EDGE('',*,*,#3804,.T.);
#5471=ORIENTED_EDGE('',*,*,#3812,.F.);
#5472=ORIENTED_EDGE('',*,*,#3813,.T.);
#5473=ORIENTED_EDGE('',*,*,#3814,.T.);
#5474=ORIENTED_EDGE('',*,*,#3815,.F.);
#5475=ORIENTED_EDGE('',*,*,#3794,.T.);
#5476=ORIENTED_EDGE('',*,*,#3795,.T.);
#5477=ORIENTED_EDGE('',*,*,#3789,.T.);
#5478=ORIENTED_EDGE('',*,*,#3792,.T.);
#5479=ORIENTED_EDGE('',*,*,#3769,.T.);
#5480=ORIENTED_EDGE('',*,*,#3741,.T.);
#5481=ORIENTED_EDGE('',*,*,#3773,.T.);
#5482=ORIENTED_EDGE('',*,*,#3746,.T.);
#5483=ORIENTED_EDGE('',*,*,#3772,.T.);
#5484=ORIENTED_EDGE('',*,*,#3816,.T.);
#5485=ORIENTED_EDGE('',*,*,#3817,.T.);
#5486=ORIENTED_EDGE('',*,*,#3818,.T.);
#5487=ORIENTED_EDGE('',*,*,#3819,.T.);
#5488=ORIENTED_EDGE('',*,*,#3820,.T.);
#5489=ORIENTED_EDGE('',*,*,#3821,.T.);
#5490=ORIENTED_EDGE('',*,*,#3822,.T.);
#5491=ORIENTED_EDGE('',*,*,#3812,.T.);
#5492=ORIENTED_EDGE('',*,*,#3803,.T.);
#5493=ORIENTED_EDGE('',*,*,#3800,.T.);
#5494=ORIENTED_EDGE('',*,*,#3796,.T.);
#5495=ORIENTED_EDGE('',*,*,#3823,.T.);
#5496=ORIENTED_EDGE('',*,*,#3824,.T.);
#5497=ORIENTED_EDGE('',*,*,#3825,.T.);
#5498=ORIENTED_EDGE('',*,*,#3826,.T.);
#5499=ORIENTED_EDGE('',*,*,#3827,.T.);
#5500=ORIENTED_EDGE('',*,*,#3828,.T.);
#5501=ORIENTED_EDGE('',*,*,#3829,.T.);
#5502=ORIENTED_EDGE('',*,*,#3781,.T.);
#5503=ORIENTED_EDGE('',*,*,#3821,.F.);
#5504=ORIENTED_EDGE('',*,*,#3830,.F.);
#5505=ORIENTED_EDGE('',*,*,#3831,.F.);
#5506=ORIENTED_EDGE('',*,*,#3832,.T.);
#5507=ORIENTED_EDGE('',*,*,#3820,.F.);
#5508=ORIENTED_EDGE('',*,*,#3833,.F.);
#5509=ORIENTED_EDGE('',*,*,#3834,.F.);
#5510=ORIENTED_EDGE('',*,*,#3830,.T.);
#5511=ORIENTED_EDGE('',*,*,#3835,.F.);
#5512=ORIENTED_EDGE('',*,*,#3836,.T.);
#5513=ORIENTED_EDGE('',*,*,#3837,.F.);
#5514=ORIENTED_EDGE('',*,*,#3836,.F.);
#5515=ORIENTED_EDGE('',*,*,#3822,.F.);
#5516=ORIENTED_EDGE('',*,*,#3832,.F.);
#5517=ORIENTED_EDGE('',*,*,#3838,.T.);
#5518=ORIENTED_EDGE('',*,*,#3813,.F.);
#5519=ORIENTED_EDGE('',*,*,#3834,.T.);
#5520=ORIENTED_EDGE('',*,*,#3839,.F.);
#5521=ORIENTED_EDGE('',*,*,#3814,.F.);
#5522=ORIENTED_EDGE('',*,*,#3838,.F.);
#5523=ORIENTED_EDGE('',*,*,#3831,.T.);
#5524=ORIENTED_EDGE('',*,*,#3837,.T.);
#5525=ORIENTED_EDGE('',*,*,#3839,.T.);
#5526=ORIENTED_EDGE('',*,*,#3833,.T.);
#5527=ORIENTED_EDGE('',*,*,#3819,.F.);
#5528=ORIENTED_EDGE('',*,*,#3840,.T.);
#5529=ORIENTED_EDGE('',*,*,#3841,.T.);
#5530=ORIENTED_EDGE('',*,*,#3778,.F.);
#5531=ORIENTED_EDGE('',*,*,#3842,.F.);
#5532=ORIENTED_EDGE('',*,*,#3640,.T.);
#5533=ORIENTED_EDGE('',*,*,#3815,.T.);
#5534=ORIENTED_EDGE('',*,*,#3835,.T.);
#5535=ORIENTED_EDGE('',*,*,#3826,.F.);
#5536=ORIENTED_EDGE('',*,*,#3843,.F.);
#5537=ORIENTED_EDGE('',*,*,#3844,.F.);
#5538=ORIENTED_EDGE('',*,*,#3845,.F.);
#5539=ORIENTED_EDGE('',*,*,#3825,.F.);
#5540=ORIENTED_EDGE('',*,*,#3846,.F.);
#5541=ORIENTED_EDGE('',*,*,#3847,.F.);
#5542=ORIENTED_EDGE('',*,*,#3843,.T.);
#5543=ORIENTED_EDGE('',*,*,#3848,.F.);
#5544=ORIENTED_EDGE('',*,*,#3849,.T.);
#5545=ORIENTED_EDGE('',*,*,#3850,.F.);
#5546=ORIENTED_EDGE('',*,*,#3849,.F.);
#5547=ORIENTED_EDGE('',*,*,#3824,.F.);
#5548=ORIENTED_EDGE('',*,*,#3851,.F.);
#5549=ORIENTED_EDGE('',*,*,#3852,.F.);
#5550=ORIENTED_EDGE('',*,*,#3846,.T.);
#5551=ORIENTED_EDGE('',*,*,#3844,.T.);
#5552=ORIENTED_EDGE('',*,*,#3847,.T.);
#5553=ORIENTED_EDGE('',*,*,#3852,.T.);
#5554=ORIENTED_EDGE('',*,*,#3853,.F.);
#5555=ORIENTED_EDGE('',*,*,#3850,.T.);
#5556=ORIENTED_EDGE('',*,*,#3806,.T.);
#5557=ORIENTED_EDGE('',*,*,#3829,.F.);
#5558=ORIENTED_EDGE('',*,*,#3854,.F.);
#5559=ORIENTED_EDGE('',*,*,#3855,.F.);
#5560=ORIENTED_EDGE('',*,*,#3782,.T.);
#5561=ORIENTED_EDGE('',*,*,#3828,.F.);
#5562=ORIENTED_EDGE('',*,*,#3856,.F.);
#5563=ORIENTED_EDGE('',*,*,#3857,.F.);
#5564=ORIENTED_EDGE('',*,*,#3854,.T.);
#5565=ORIENTED_EDGE('',*,*,#3858,.F.);
#5566=ORIENTED_EDGE('',*,*,#3859,.T.);
#5567=ORIENTED_EDGE('',*,*,#3860,.F.);
#5568=ORIENTED_EDGE('',*,*,#3859,.F.);
#5569=ORIENTED_EDGE('',*,*,#3855,.T.);
#5570=ORIENTED_EDGE('',*,*,#3857,.T.);
#5571=ORIENTED_EDGE('',*,*,#3861,.F.);
#5572=ORIENTED_EDGE('',*,*,#3775,.F.);
#5573=ORIENTED_EDGE('',*,*,#3783,.F.);
#5574=ORIENTED_EDGE('',*,*,#3860,.T.);
#5575=ORIENTED_EDGE('',*,*,#3848,.T.);
#5576=ORIENTED_EDGE('',*,*,#3818,.F.);
#5577=ORIENTED_EDGE('',*,*,#3862,.F.);
#5578=ORIENTED_EDGE('',*,*,#3863,.F.);
#5579=ORIENTED_EDGE('',*,*,#3840,.F.);
#5580=ORIENTED_EDGE('',*,*,#3817,.F.);
#5581=ORIENTED_EDGE('',*,*,#3864,.F.);
#5582=ORIENTED_EDGE('',*,*,#3865,.F.);
#5583=ORIENTED_EDGE('',*,*,#3862,.T.);
#5584=ORIENTED_EDGE('',*,*,#3866,.F.);
#5585=ORIENTED_EDGE('',*,*,#3867,.T.);
#5586=ORIENTED_EDGE('',*,*,#3868,.F.);
#5587=ORIENTED_EDGE('',*,*,#3867,.F.);
#5588=ORIENTED_EDGE('',*,*,#3765,.T.);
#5589=ORIENTED_EDGE('',*,*,#3780,.F.);
#5590=ORIENTED_EDGE('',*,*,#3869,.T.);
#5591=ORIENTED_EDGE('',*,*,#3864,.T.);
#5592=ORIENTED_EDGE('',*,*,#3816,.F.);
#5593=ORIENTED_EDGE('',*,*,#3771,.T.);
#5594=ORIENTED_EDGE('',*,*,#3863,.T.);
#5595=ORIENTED_EDGE('',*,*,#3865,.T.);
#5596=ORIENTED_EDGE('',*,*,#3869,.F.);
#5597=ORIENTED_EDGE('',*,*,#3779,.F.);
#5598=ORIENTED_EDGE('',*,*,#3841,.F.);
#5599=ORIENTED_EDGE('',*,*,#3868,.T.);
#5600=ORIENTED_EDGE('',*,*,#3858,.T.);
#5601=ORIENTED_EDGE('',*,*,#3866,.T.);
#5602=ORIENTED_EDGE('',*,*,#3683,.T.);
#5603=ORIENTED_EDGE('',*,*,#3870,.F.);
#5604=ORIENTED_EDGE('',*,*,#3871,.F.);
#5605=ORIENTED_EDGE('',*,*,#3872,.T.);
#5606=ORIENTED_EDGE('',*,*,#3668,.T.);
#5607=ORIENTED_EDGE('',*,*,#3873,.F.);
#5608=ORIENTED_EDGE('',*,*,#3632,.T.);
#5609=ORIENTED_EDGE('',*,*,#3874,.F.);
#5610=ORIENTED_EDGE('',*,*,#3875,.F.);
#5611=ORIENTED_EDGE('',*,*,#3876,.F.);
#5612=ORIENTED_EDGE('',*,*,#3877,.F.);
#5613=ORIENTED_EDGE('',*,*,#3628,.T.);
#5614=ORIENTED_EDGE('',*,*,#3878,.F.);
#5615=ORIENTED_EDGE('',*,*,#3879,.F.);
#5616=ORIENTED_EDGE('',*,*,#3880,.F.);
#5617=ORIENTED_EDGE('',*,*,#3881,.F.);
#5618=ORIENTED_EDGE('',*,*,#3679,.T.);
#5619=ORIENTED_EDGE('',*,*,#3677,.F.);
#5620=ORIENTED_EDGE('',*,*,#3882,.F.);
#5621=ORIENTED_EDGE('',*,*,#3883,.F.);
#5622=ORIENTED_EDGE('',*,*,#3884,.F.);
#5623=ORIENTED_EDGE('',*,*,#3885,.F.);
#5624=ORIENTED_EDGE('',*,*,#3761,.F.);
#5625=ORIENTED_EDGE('',*,*,#3886,.T.);
#5626=ORIENTED_EDGE('',*,*,#3877,.T.);
#5627=ORIENTED_EDGE('',*,*,#3886,.F.);
#5628=ORIENTED_EDGE('',*,*,#3762,.F.);
#5629=ORIENTED_EDGE('',*,*,#3887,.T.);
#5630=ORIENTED_EDGE('',*,*,#3885,.T.);
#5631=ORIENTED_EDGE('',*,*,#3887,.F.);
#5632=ORIENTED_EDGE('',*,*,#3763,.F.);
#5633=ORIENTED_EDGE('',*,*,#3888,.T.);
#5634=ORIENTED_EDGE('',*,*,#3881,.T.);
#5635=ORIENTED_EDGE('',*,*,#3888,.F.);
#5636=ORIENTED_EDGE('',*,*,#3764,.F.);
#5637=ORIENTED_EDGE('',*,*,#3889,.T.);
#5638=ORIENTED_EDGE('',*,*,#3873,.T.);
#5639=ORIENTED_EDGE('',*,*,#3889,.F.);
#5640=ORIENTED_EDGE('',*,*,#3882,.T.);
#5641=ORIENTED_EDGE('',*,*,#3676,.T.);
#5642=ORIENTED_EDGE('',*,*,#3760,.F.);
#5643=ORIENTED_EDGE('',*,*,#3890,.F.);
#5644=ORIENTED_EDGE('',*,*,#3883,.T.);
#5645=ORIENTED_EDGE('',*,*,#3890,.T.);
#5646=ORIENTED_EDGE('',*,*,#3759,.F.);
#5647=ORIENTED_EDGE('',*,*,#3891,.F.);
#5648=ORIENTED_EDGE('',*,*,#3879,.T.);
#5649=ORIENTED_EDGE('',*,*,#3892,.T.);
#5650=ORIENTED_EDGE('',*,*,#3757,.F.);
#5651=ORIENTED_EDGE('',*,*,#3893,.F.);
#5652=ORIENTED_EDGE('',*,*,#3880,.T.);
#5653=ORIENTED_EDGE('',*,*,#3893,.T.);
#5654=ORIENTED_EDGE('',*,*,#3756,.F.);
#5655=ORIENTED_EDGE('',*,*,#3629,.F.);
#5656=ORIENTED_EDGE('',*,*,#3874,.T.);
#5657=ORIENTED_EDGE('',*,*,#3631,.T.);
#5658=ORIENTED_EDGE('',*,*,#3755,.F.);
#5659=ORIENTED_EDGE('',*,*,#3894,.F.);
#5660=ORIENTED_EDGE('',*,*,#3875,.T.);
#5661=ORIENTED_EDGE('',*,*,#3894,.T.);
#5662=ORIENTED_EDGE('',*,*,#3754,.F.);
#5663=ORIENTED_EDGE('',*,*,#3895,.F.);
#5664=ORIENTED_EDGE('',*,*,#3871,.T.);
#5665=ORIENTED_EDGE('',*,*,#3896,.T.);
#5666=ORIENTED_EDGE('',*,*,#3752,.F.);
#5667=ORIENTED_EDGE('',*,*,#3897,.F.);
#5668=ORIENTED_EDGE('',*,*,#3872,.F.);
#5669=ORIENTED_EDGE('',*,*,#3897,.T.);
#5670=ORIENTED_EDGE('',*,*,#3751,.T.);
#5671=ORIENTED_EDGE('',*,*,#3669,.F.);
#5672=ORIENTED_EDGE('',*,*,#3810,.T.);
#5673=ORIENTED_EDGE('',*,*,#3811,.F.);
#5674=ORIENTED_EDGE('',*,*,#3638,.F.);
#5675=ORIENTED_EDGE('',*,*,#3898,.F.);
#5676=ORIENTED_EDGE('',*,*,#3776,.T.);
#5677=ORIENTED_EDGE('',*,*,#3861,.T.);
#5678=ORIENTED_EDGE('',*,*,#3856,.T.);
#5679=ORIENTED_EDGE('',*,*,#3827,.F.);
#5680=ORIENTED_EDGE('',*,*,#3845,.T.);
#5681=ORIENTED_EDGE('',*,*,#3853,.T.);
#5682=ORIENTED_EDGE('',*,*,#3851,.T.);
#5683=ORIENTED_EDGE('',*,*,#3823,.F.);
#5684=ORIENTED_EDGE('',*,*,#3799,.T.);
#5685=ORIENTED_EDGE('',*,*,#3899,.T.);
#5686=ORIENTED_EDGE('',*,*,#3623,.F.);
#5687=ORIENTED_EDGE('',*,*,#3633,.T.);
#5688=ORIENTED_EDGE('',*,*,#3876,.T.);
#5689=ORIENTED_EDGE('',*,*,#3895,.T.);
#5690=ORIENTED_EDGE('',*,*,#3753,.F.);
#5691=ORIENTED_EDGE('',*,*,#3896,.F.);
#5692=ORIENTED_EDGE('',*,*,#3870,.T.);
#5693=ORIENTED_EDGE('',*,*,#3682,.F.);
#5694=ORIENTED_EDGE('',*,*,#3900,.F.);
#5695=ORIENTED_EDGE('',*,*,#3680,.T.);
#5696=ORIENTED_EDGE('',*,*,#3884,.T.);
#5697=ORIENTED_EDGE('',*,*,#3891,.T.);
#5698=ORIENTED_EDGE('',*,*,#3758,.F.);
#5699=ORIENTED_EDGE('',*,*,#3892,.F.);
#5700=ORIENTED_EDGE('',*,*,#3878,.T.);
#5701=ORIENTED_EDGE('',*,*,#3627,.F.);
#5702=ORIENTED_EDGE('',*,*,#3625,.F.);
#5703=ORIENTED_EDGE('',*,*,#3899,.F.);
#5704=ORIENTED_EDGE('',*,*,#3681,.F.);
#5705=ORIENTED_EDGE('',*,*,#3900,.T.);
#5706=ORIENTED_EDGE('',*,*,#3624,.F.);
#5707=ORIENTED_EDGE('',*,*,#3842,.T.);
#5708=ORIENTED_EDGE('',*,*,#3777,.F.);
#5709=ORIENTED_EDGE('',*,*,#3898,.T.);
#5710=ORIENTED_EDGE('',*,*,#3641,.T.);
#5711=B_SPLINE_SURFACE_WITH_KNOTS('',2,1,((#7563,#7564),(#7565,#7566),(#7567,
#7568)),.UNSPECIFIED.,.F.,.F.,.F.,(3,3),(2,2),(0.,1.),(0.,0.0500000000000007),
 .UNSPECIFIED.);
#5712=B_SPLINE_SURFACE_WITH_KNOTS('',2,1,((#7581,#7582),(#7583,#7584),(#7585,
#7586)),.UNSPECIFIED.,.F.,.F.,.F.,(3,3),(2,2),(0.,1.),(0.,0.0500000000000007),
 .UNSPECIFIED.);
#5713=B_SPLINE_SURFACE_WITH_KNOTS('',2,1,((#7596,#7597),(#7598,#7599),(#7600,
#7601)),.UNSPECIFIED.,.F.,.F.,.F.,(3,3),(2,2),(0.,1.),(0.,0.0500000000000007),
 .UNSPECIFIED.);
#5714=B_SPLINE_SURFACE_WITH_KNOTS('',2,1,((#7611,#7612),(#7613,#7614),(#7615,
#7616)),.UNSPECIFIED.,.F.,.F.,.F.,(3,3),(2,2),(0.,1.),(0.,0.0500000000000007),
 .UNSPECIFIED.);
#5715=B_SPLINE_SURFACE_WITH_KNOTS('',2,1,((#7626,#7627),(#7628,#7629),(#7630,
#7631)),.UNSPECIFIED.,.F.,.F.,.F.,(3,3),(2,2),(0.,1.),(0.,0.0500000000000007),
 .UNSPECIFIED.);
#5716=B_SPLINE_SURFACE_WITH_KNOTS('',2,1,((#7641,#7642),(#7643,#7644),(#7645,
#7646)),.UNSPECIFIED.,.F.,.F.,.F.,(3,3),(2,2),(0.,1.),(0.,0.0500000000000007),
 .UNSPECIFIED.);
#5717=B_SPLINE_SURFACE_WITH_KNOTS('',2,1,((#7656,#7657),(#7658,#7659),(#7660,
#7661)),.UNSPECIFIED.,.F.,.F.,.F.,(3,3),(2,2),(0.,1.),(0.,0.0500000000000007),
 .UNSPECIFIED.);
#5718=B_SPLINE_SURFACE_WITH_KNOTS('',2,1,((#7671,#7672),(#7673,#7674),(#7675,
#7676)),.UNSPECIFIED.,.F.,.F.,.F.,(3,3),(2,2),(0.,1.),(0.,0.0500000000000007),
 .UNSPECIFIED.);
#5719=B_SPLINE_SURFACE_WITH_KNOTS('',2,1,((#7686,#7687),(#7688,#7689),(#7690,
#7691)),.UNSPECIFIED.,.F.,.F.,.F.,(3,3),(2,2),(0.,1.),(0.,0.0500000000000007),
 .UNSPECIFIED.);
#5720=B_SPLINE_SURFACE_WITH_KNOTS('',2,1,((#7701,#7702),(#7703,#7704),(#7705,
#7706)),.UNSPECIFIED.,.F.,.F.,.F.,(3,3),(2,2),(0.,1.),(0.,0.0500000000000007),
 .UNSPECIFIED.);
#5721=B_SPLINE_SURFACE_WITH_KNOTS('',2,1,((#7716,#7717),(#7718,#7719),(#7720,
#7721)),.UNSPECIFIED.,.F.,.F.,.F.,(3,3),(2,2),(0.,1.),(0.,0.0500000000000007),
 .UNSPECIFIED.);
#5722=B_SPLINE_SURFACE_WITH_KNOTS('',2,1,((#7731,#7732),(#7733,#7734),(#7735,
#7736)),.UNSPECIFIED.,.F.,.F.,.F.,(3,3),(2,2),(0.,1.),(0.,0.0500000000000007),
 .UNSPECIFIED.);
#5723=B_SPLINE_SURFACE_WITH_KNOTS('',2,1,((#7746,#7747),(#7748,#7749),(#7750,
#7751)),.UNSPECIFIED.,.F.,.F.,.F.,(3,3),(2,2),(0.,1.),(0.,0.0500000000000007),
 .UNSPECIFIED.);
#5724=B_SPLINE_SURFACE_WITH_KNOTS('',2,1,((#7761,#7762),(#7763,#7764),(#7765,
#7766)),.UNSPECIFIED.,.F.,.F.,.F.,(3,3),(2,2),(0.,1.),(0.,0.0500000000000007),
 .UNSPECIFIED.);
#5725=B_SPLINE_SURFACE_WITH_KNOTS('',2,1,((#7782,#7783),(#7784,#7785),(#7786,
#7787)),.UNSPECIFIED.,.F.,.F.,.F.,(3,3),(2,2),(0.,1.),(0.,0.0500000000000007),
 .UNSPECIFIED.);
#5726=B_SPLINE_SURFACE_WITH_KNOTS('',2,1,((#7797,#7798),(#7799,#7800),(#7801,
#7802)),.UNSPECIFIED.,.F.,.F.,.F.,(3,3),(2,2),(0.,1.),(0.,0.0500000000000007),
 .UNSPECIFIED.);
#5727=B_SPLINE_SURFACE_WITH_KNOTS('',2,1,((#7812,#7813),(#7814,#7815),(#7816,
#7817)),.UNSPECIFIED.,.F.,.F.,.F.,(3,3),(2,2),(0.,1.),(0.,0.0500000000000007),
 .UNSPECIFIED.);
#5728=B_SPLINE_SURFACE_WITH_KNOTS('',2,1,((#7827,#7828),(#7829,#7830),(#7831,
#7832)),.UNSPECIFIED.,.F.,.F.,.F.,(3,3),(2,2),(0.,1.),(0.,0.0500000000000007),
 .UNSPECIFIED.);
#5729=B_SPLINE_SURFACE_WITH_KNOTS('',2,1,((#7842,#7843),(#7844,#7845),(#7846,
#7847)),.UNSPECIFIED.,.F.,.F.,.F.,(3,3),(2,2),(0.,1.),(0.,0.0500000000000007),
 .UNSPECIFIED.);
#5730=B_SPLINE_SURFACE_WITH_KNOTS('',2,1,((#7857,#7858),(#7859,#7860),(#7861,
#7862)),.UNSPECIFIED.,.F.,.F.,.F.,(3,3),(2,2),(0.,1.),(0.,0.0500000000000007),
 .UNSPECIFIED.);
#5731=B_SPLINE_SURFACE_WITH_KNOTS('',2,1,((#7872,#7873),(#7874,#7875),(#7876,
#7877)),.UNSPECIFIED.,.F.,.F.,.F.,(3,3),(2,2),(0.,1.),(0.,0.0500000000000007),
 .UNSPECIFIED.);
#5732=B_SPLINE_SURFACE_WITH_KNOTS('',2,1,((#7887,#7888),(#7889,#7890),(#7891,
#7892)),.UNSPECIFIED.,.F.,.F.,.F.,(3,3),(2,2),(0.,1.),(0.,0.0500000000000007),
 .UNSPECIFIED.);
#5733=B_SPLINE_SURFACE_WITH_KNOTS('',2,1,((#7902,#7903),(#7904,#7905),(#7906,
#7907)),.UNSPECIFIED.,.F.,.F.,.F.,(3,3),(2,2),(0.,1.),(0.,0.0500000000000007),
 .UNSPECIFIED.);
#5734=B_SPLINE_SURFACE_WITH_KNOTS('',2,1,((#7917,#7918),(#7919,#7920),(#7921,
#7922)),.UNSPECIFIED.,.F.,.F.,.F.,(3,3),(2,2),(0.,1.),(0.,0.0500000000000007),
 .UNSPECIFIED.);
#5735=B_SPLINE_SURFACE_WITH_KNOTS('',2,1,((#7932,#7933),(#7934,#7935),(#7936,
#7937)),.UNSPECIFIED.,.F.,.F.,.F.,(3,3),(2,2),(0.,1.),(0.,0.0500000000000007),
 .UNSPECIFIED.);
#5736=B_SPLINE_SURFACE_WITH_KNOTS('',2,1,((#7947,#7948),(#7949,#7950),(#7951,
#7952)),.UNSPECIFIED.,.F.,.F.,.F.,(3,3),(2,2),(0.,1.),(0.,0.0500000000000007),
 .UNSPECIFIED.);
#5737=B_SPLINE_SURFACE_WITH_KNOTS('',2,1,((#7962,#7963),(#7964,#7965),(#7966,
#7967)),.UNSPECIFIED.,.F.,.F.,.F.,(3,3),(2,2),(0.,1.),(0.,0.0500000000000007),
 .UNSPECIFIED.);
#5738=B_SPLINE_SURFACE_WITH_KNOTS('',2,1,((#7977,#7978),(#7979,#7980),(#7981,
#7982)),.UNSPECIFIED.,.F.,.F.,.F.,(3,3),(2,2),(0.,1.),(0.,0.0500000000000007),
 .UNSPECIFIED.);
#5739=B_SPLINE_SURFACE_WITH_KNOTS('',2,1,((#7992,#7993),(#7994,#7995),(#7996,
#7997)),.UNSPECIFIED.,.F.,.F.,.F.,(3,3),(2,2),(0.,1.),(0.,0.0500000000000007),
 .UNSPECIFIED.);
#5740=B_SPLINE_SURFACE_WITH_KNOTS('',2,1,((#8007,#8008),(#8009,#8010),(#8011,
#8012)),.UNSPECIFIED.,.F.,.F.,.F.,(3,3),(2,2),(0.,1.),(0.,0.0500000000000007),
 .UNSPECIFIED.);
#5741=B_SPLINE_SURFACE_WITH_KNOTS('',2,1,((#8022,#8023),(#8024,#8025),(#8026,
#8027)),.UNSPECIFIED.,.F.,.F.,.F.,(3,3),(2,2),(0.,1.),(0.,0.0500000000000007),
 .UNSPECIFIED.);
#5742=B_SPLINE_SURFACE_WITH_KNOTS('',2,1,((#8037,#8038),(#8039,#8040),(#8041,
#8042)),.UNSPECIFIED.,.F.,.F.,.F.,(3,3),(2,2),(0.,1.),(0.,0.0500000000000007),
 .UNSPECIFIED.);
#5743=B_SPLINE_SURFACE_WITH_KNOTS('',2,1,((#8058,#8059),(#8060,#8061),(#8062,
#8063)),.UNSPECIFIED.,.F.,.F.,.F.,(3,3),(2,2),(0.,1.),(0.,0.0500000000000007),
 .UNSPECIFIED.);
#5744=B_SPLINE_SURFACE_WITH_KNOTS('',2,1,((#8080,#8081),(#8082,#8083),(#8084,
#8085)),.UNSPECIFIED.,.F.,.F.,.F.,(3,3),(2,2),(0.,1.),(0.,0.0500000000000007),
 .UNSPECIFIED.);
#5745=B_SPLINE_SURFACE_WITH_KNOTS('',2,1,((#8095,#8096),(#8097,#8098),(#8099,
#8100)),.UNSPECIFIED.,.F.,.F.,.F.,(3,3),(2,2),(0.,1.),(0.,0.0500000000000007),
 .UNSPECIFIED.);
#5746=B_SPLINE_SURFACE_WITH_KNOTS('',2,1,((#8110,#8111),(#8112,#8113),(#8114,
#8115)),.UNSPECIFIED.,.F.,.F.,.F.,(3,3),(2,2),(0.,1.),(0.,0.0500000000000007),
 .UNSPECIFIED.);
#5747=B_SPLINE_SURFACE_WITH_KNOTS('',2,1,((#8125,#8126),(#8127,#8128),(#8129,
#8130)),.UNSPECIFIED.,.F.,.F.,.F.,(3,3),(2,2),(0.,1.),(0.,0.0500000000000007),
 .UNSPECIFIED.);
#5748=B_SPLINE_SURFACE_WITH_KNOTS('',2,1,((#8140,#8141),(#8142,#8143),(#8144,
#8145)),.UNSPECIFIED.,.F.,.F.,.F.,(3,3),(2,2),(0.,1.),(0.,0.0500000000000007),
 .UNSPECIFIED.);
#5749=B_SPLINE_SURFACE_WITH_KNOTS('',2,1,((#8155,#8156),(#8157,#8158),(#8159,
#8160)),.UNSPECIFIED.,.F.,.F.,.F.,(3,3),(2,2),(0.,1.),(0.,0.0500000000000007),
 .UNSPECIFIED.);
#5750=B_SPLINE_SURFACE_WITH_KNOTS('',2,1,((#8188,#8189),(#8190,#8191),(#8192,
#8193)),.UNSPECIFIED.,.F.,.F.,.F.,(3,3),(2,2),(0.,1.),(0.,0.0500000000000007),
 .UNSPECIFIED.);
#5751=B_SPLINE_SURFACE_WITH_KNOTS('',2,1,((#8203,#8204),(#8205,#8206),(#8207,
#8208)),.UNSPECIFIED.,.F.,.F.,.F.,(3,3),(2,2),(0.,1.),(0.,0.0500000000000007),
 .UNSPECIFIED.);
#5752=B_SPLINE_SURFACE_WITH_KNOTS('',2,1,((#8218,#8219),(#8220,#8221),(#8222,
#8223)),.UNSPECIFIED.,.F.,.F.,.F.,(3,3),(2,2),(0.,1.),(0.,0.0500000000000007),
 .UNSPECIFIED.);
#5753=B_SPLINE_SURFACE_WITH_KNOTS('',2,1,((#8233,#8234),(#8235,#8236),(#8237,
#8238)),.UNSPECIFIED.,.F.,.F.,.F.,(3,3),(2,2),(0.,1.),(0.,0.0500000000000007),
 .UNSPECIFIED.);
#5754=B_SPLINE_SURFACE_WITH_KNOTS('',2,1,((#8248,#8249),(#8250,#8251),(#8252,
#8253)),.UNSPECIFIED.,.F.,.F.,.F.,(3,3),(2,2),(0.,1.),(0.,0.0500000000000007),
 .UNSPECIFIED.);
#5755=B_SPLINE_SURFACE_WITH_KNOTS('',2,1,((#8263,#8264),(#8265,#8266),(#8267,
#8268)),.UNSPECIFIED.,.F.,.F.,.F.,(3,3),(2,2),(0.,1.),(0.,0.0500000000000007),
 .UNSPECIFIED.);
#5756=B_SPLINE_SURFACE_WITH_KNOTS('',2,1,((#8278,#8279),(#8280,#8281),(#8282,
#8283)),.UNSPECIFIED.,.F.,.F.,.F.,(3,3),(2,2),(0.,1.),(0.,0.0500000000000007),
 .UNSPECIFIED.);
#5757=B_SPLINE_SURFACE_WITH_KNOTS('',2,1,((#8302,#8303),(#8304,#8305),(#8306,
#8307)),.UNSPECIFIED.,.F.,.F.,.F.,(3,3),(2,2),(0.,1.),(0.,0.0500000000000007),
 .UNSPECIFIED.);
#5758=B_SPLINE_SURFACE_WITH_KNOTS('',2,1,((#8320,#8321),(#8322,#8323),(#8324,
#8325)),.UNSPECIFIED.,.F.,.F.,.F.,(3,3),(2,2),(0.,1.),(0.,0.0500000000000007),
 .UNSPECIFIED.);
#5759=B_SPLINE_SURFACE_WITH_KNOTS('',2,1,((#8335,#8336),(#8337,#8338),(#8339,
#8340)),.UNSPECIFIED.,.F.,.F.,.F.,(3,3),(2,2),(0.,1.),(0.,0.0500000000000007),
 .UNSPECIFIED.);
#5760=B_SPLINE_SURFACE_WITH_KNOTS('',2,1,((#8350,#8351),(#8352,#8353),(#8354,
#8355)),.UNSPECIFIED.,.F.,.F.,.F.,(3,3),(2,2),(0.,1.),(0.,0.0500000000000007),
 .UNSPECIFIED.);
#5761=B_SPLINE_SURFACE_WITH_KNOTS('',2,1,((#8365,#8366),(#8367,#8368),(#8369,
#8370)),.UNSPECIFIED.,.F.,.F.,.F.,(3,3),(2,2),(0.,1.),(0.,0.0500000000000007),
 .UNSPECIFIED.);
#5762=B_SPLINE_SURFACE_WITH_KNOTS('',2,1,((#8380,#8381),(#8382,#8383),(#8384,
#8385)),.UNSPECIFIED.,.F.,.F.,.F.,(3,3),(2,2),(0.,1.),(0.,0.0500000000000007),
 .UNSPECIFIED.);
#5763=B_SPLINE_SURFACE_WITH_KNOTS('',2,1,((#8395,#8396),(#8397,#8398),(#8399,
#8400)),.UNSPECIFIED.,.F.,.F.,.F.,(3,3),(2,2),(0.,1.),(0.,0.0500000000000007),
 .UNSPECIFIED.);
#5764=B_SPLINE_SURFACE_WITH_KNOTS('',2,1,((#8410,#8411),(#8412,#8413),(#8414,
#8415)),.UNSPECIFIED.,.F.,.F.,.F.,(3,3),(2,2),(0.,1.),(0.,0.0500000000000007),
 .UNSPECIFIED.);
#5765=B_SPLINE_SURFACE_WITH_KNOTS('',2,1,((#8425,#8426),(#8427,#8428),(#8429,
#8430)),.UNSPECIFIED.,.F.,.F.,.F.,(3,3),(2,2),(0.,1.),(0.,0.0500000000000007),
 .UNSPECIFIED.);
#5766=B_SPLINE_SURFACE_WITH_KNOTS('',2,1,((#8440,#8441),(#8442,#8443),(#8444,
#8445)),.UNSPECIFIED.,.F.,.F.,.F.,(3,3),(2,2),(0.,1.),(0.,0.0500000000000007),
 .UNSPECIFIED.);
#5767=B_SPLINE_SURFACE_WITH_KNOTS('',2,1,((#8455,#8456),(#8457,#8458),(#8459,
#8460)),.UNSPECIFIED.,.F.,.F.,.F.,(3,3),(2,2),(0.,1.),(0.,0.0500000000000007),
 .UNSPECIFIED.);
#5768=B_SPLINE_SURFACE_WITH_KNOTS('',2,1,((#8572,#8573),(#8574,#8575),(#8576,
#8577)),.UNSPECIFIED.,.F.,.F.,.F.,(3,3),(2,2),(0.,1.),(0.,0.0500000000000007),
 .UNSPECIFIED.);
#5769=B_SPLINE_SURFACE_WITH_KNOTS('',2,1,((#8590,#8591),(#8592,#8593),(#8594,
#8595)),.UNSPECIFIED.,.F.,.F.,.F.,(3,3),(2,2),(0.,1.),(0.,0.0500000000000007),
 .UNSPECIFIED.);
#5770=B_SPLINE_SURFACE_WITH_KNOTS('',2,1,((#8605,#8606),(#8607,#8608),(#8609,
#8610)),.UNSPECIFIED.,.F.,.F.,.F.,(3,3),(2,2),(0.,1.),(0.,0.0500000000000007),
 .UNSPECIFIED.);
#5771=B_SPLINE_SURFACE_WITH_KNOTS('',2,1,((#8620,#8621),(#8622,#8623),(#8624,
#8625)),.UNSPECIFIED.,.F.,.F.,.F.,(3,3),(2,2),(0.,1.),(0.,0.0500000000000007),
 .UNSPECIFIED.);
#5772=B_SPLINE_SURFACE_WITH_KNOTS('',2,1,((#8635,#8636),(#8637,#8638),(#8639,
#8640)),.UNSPECIFIED.,.F.,.F.,.F.,(3,3),(2,2),(0.,1.),(0.,0.0500000000000007),
 .UNSPECIFIED.);
#5773=B_SPLINE_SURFACE_WITH_KNOTS('',2,1,((#8668,#8669),(#8670,#8671),(#8672,
#8673)),.UNSPECIFIED.,.F.,.F.,.F.,(3,3),(2,2),(0.,1.),(0.,0.0500000000000007),
 .UNSPECIFIED.);
#5774=B_SPLINE_SURFACE_WITH_KNOTS('',2,1,((#8683,#8684),(#8685,#8686),(#8687,
#8688)),.UNSPECIFIED.,.F.,.F.,.F.,(3,3),(2,2),(0.,1.),(0.,0.0500000000000007),
 .UNSPECIFIED.);
#5775=B_SPLINE_SURFACE_WITH_KNOTS('',2,1,((#8698,#8699),(#8700,#8701),(#8702,
#8703)),.UNSPECIFIED.,.F.,.F.,.F.,(3,3),(2,2),(0.,1.),(0.,0.0500000000000007),
 .UNSPECIFIED.);
#5776=B_SPLINE_SURFACE_WITH_KNOTS('',2,1,((#8713,#8714),(#8715,#8716),(#8717,
#8718)),.UNSPECIFIED.,.F.,.F.,.F.,(3,3),(2,2),(0.,1.),(0.,0.0500000000000007),
 .UNSPECIFIED.);
#5777=B_SPLINE_SURFACE_WITH_KNOTS('',2,1,((#8728,#8729),(#8730,#8731),(#8732,
#8733)),.UNSPECIFIED.,.F.,.F.,.F.,(3,3),(2,2),(0.,1.),(0.,0.0500000000000007),
 .UNSPECIFIED.);
#5778=B_SPLINE_SURFACE_WITH_KNOTS('',2,1,((#8743,#8744),(#8745,#8746),(#8747,
#8748)),.UNSPECIFIED.,.F.,.F.,.F.,(3,3),(2,2),(0.,1.),(0.,0.0500000000000007),
 .UNSPECIFIED.);
#5779=B_SPLINE_SURFACE_WITH_KNOTS('',2,1,((#8785,#8786),(#8787,#8788),(#8789,
#8790)),.UNSPECIFIED.,.F.,.F.,.F.,(3,3),(2,2),(0.,1.),(0.,0.05),
 .UNSPECIFIED.);
#5780=B_SPLINE_SURFACE_WITH_KNOTS('',2,1,((#8800,#8801),(#8802,#8803),(#8804,
#8805)),.UNSPECIFIED.,.F.,.F.,.F.,(3,3),(2,2),(0.,1.),(0.,0.05),
 .UNSPECIFIED.);
#5781=B_SPLINE_SURFACE_WITH_KNOTS('',2,1,((#8815,#8816),(#8817,#8818),(#8819,
#8820)),.UNSPECIFIED.,.F.,.F.,.F.,(3,3),(2,2),(0.,1.),(0.,0.05),
 .UNSPECIFIED.);
#5782=B_SPLINE_SURFACE_WITH_KNOTS('',2,1,((#8830,#8831),(#8832,#8833),(#8834,
#8835)),.UNSPECIFIED.,.F.,.F.,.F.,(3,3),(2,2),(0.,1.),(0.,0.05),
 .UNSPECIFIED.);
#5783=B_SPLINE_SURFACE_WITH_KNOTS('',2,1,((#8845,#8846),(#8847,#8848),(#8849,
#8850)),.UNSPECIFIED.,.F.,.F.,.F.,(3,3),(2,2),(0.,1.),(0.,0.05),
 .UNSPECIFIED.);
#5784=B_SPLINE_SURFACE_WITH_KNOTS('',2,1,((#8884,#8885),(#8886,#8887),(#8888,
#8889)),.UNSPECIFIED.,.F.,.F.,.F.,(3,3),(2,2),(0.,1.),(0.,0.05),
 .UNSPECIFIED.);
#5785=B_SPLINE_SURFACE_WITH_KNOTS('',2,1,((#8899,#8900),(#8901,#8902),(#8903,
#8904)),.UNSPECIFIED.,.F.,.F.,.F.,(3,3),(2,2),(0.,1.),(0.,0.05),
 .UNSPECIFIED.);
#5786=B_SPLINE_SURFACE_WITH_KNOTS('',2,1,((#8914,#8915),(#8916,#8917),(#8918,
#8919)),.UNSPECIFIED.,.F.,.F.,.F.,(3,3),(2,2),(0.,1.),(0.,0.05),
 .UNSPECIFIED.);
#5787=B_SPLINE_SURFACE_WITH_KNOTS('',2,1,((#8929,#8930),(#8931,#8932),(#8933,
#8934)),.UNSPECIFIED.,.F.,.F.,.F.,(3,3),(2,2),(0.,1.),(0.,0.05),
 .UNSPECIFIED.);
#5788=B_SPLINE_SURFACE_WITH_KNOTS('',2,1,((#8962,#8963),(#8964,#8965),(#8966,
#8967)),.UNSPECIFIED.,.F.,.F.,.F.,(3,3),(2,2),(0.,1.),(0.,0.05),
 .UNSPECIFIED.);
#5789=B_SPLINE_SURFACE_WITH_KNOTS('',2,1,((#8977,#8978),(#8979,#8980),(#8981,
#8982)),.UNSPECIFIED.,.F.,.F.,.F.,(3,3),(2,2),(0.,1.),(0.,0.05),
 .UNSPECIFIED.);
#5790=B_SPLINE_SURFACE_WITH_KNOTS('',2,1,((#8992,#8993),(#8994,#8995),(#8996,
#8997)),.UNSPECIFIED.,.F.,.F.,.F.,(3,3),(2,2),(0.,1.),(0.,0.05),
 .UNSPECIFIED.);
#5791=B_SPLINE_SURFACE_WITH_KNOTS('',2,1,((#9007,#9008),(#9009,#9010),(#9011,
#9012)),.UNSPECIFIED.,.F.,.F.,.F.,(3,3),(2,2),(0.,1.),(0.,0.05),
 .UNSPECIFIED.);
#5792=B_SPLINE_SURFACE_WITH_KNOTS('',2,1,((#9022,#9023),(#9024,#9025),(#9026,
#9027)),.UNSPECIFIED.,.F.,.F.,.F.,(3,3),(2,2),(0.,1.),(0.,0.05),
 .UNSPECIFIED.);
#5793=B_SPLINE_SURFACE_WITH_KNOTS('',2,1,((#9037,#9038),(#9039,#9040),(#9041,
#9042)),.UNSPECIFIED.,.F.,.F.,.F.,(3,3),(2,2),(0.,1.),(0.,0.05),
 .UNSPECIFIED.);
#5794=B_SPLINE_SURFACE_WITH_KNOTS('',2,1,((#9052,#9053),(#9054,#9055),(#9056,
#9057)),.UNSPECIFIED.,.F.,.F.,.F.,(3,3),(2,2),(0.,1.),(0.,0.05),
 .UNSPECIFIED.);
#5795=B_SPLINE_SURFACE_WITH_KNOTS('',2,1,((#9083,#9084),(#9085,#9086),(#9087,
#9088)),.UNSPECIFIED.,.F.,.F.,.F.,(3,3),(2,2),(0.,1.),(0.,0.05),
 .UNSPECIFIED.);
#5796=B_SPLINE_SURFACE_WITH_KNOTS('',2,1,((#9101,#9102),(#9103,#9104),(#9105,
#9106)),.UNSPECIFIED.,.F.,.F.,.F.,(3,3),(2,2),(0.,1.),(0.,0.05),
 .UNSPECIFIED.);
#5797=B_SPLINE_SURFACE_WITH_KNOTS('',2,1,((#9116,#9117),(#9118,#9119),(#9120,
#9121)),.UNSPECIFIED.,.F.,.F.,.F.,(3,3),(2,2),(0.,1.),(0.,0.05),
 .UNSPECIFIED.);
#5798=B_SPLINE_SURFACE_WITH_KNOTS('',2,1,((#9131,#9132),(#9133,#9134),(#9135,
#9136)),.UNSPECIFIED.,.F.,.F.,.F.,(3,3),(2,2),(0.,1.),(0.,0.05),
 .UNSPECIFIED.);
#5799=B_SPLINE_SURFACE_WITH_KNOTS('',2,1,((#9164,#9165),(#9166,#9167),(#9168,
#9169)),.UNSPECIFIED.,.F.,.F.,.F.,(3,3),(2,2),(0.,1.),(0.,0.05),
 .UNSPECIFIED.);
#5800=B_SPLINE_SURFACE_WITH_KNOTS('',2,1,((#9179,#9180),(#9181,#9182),(#9183,
#9184)),.UNSPECIFIED.,.F.,.F.,.F.,(3,3),(2,2),(0.,1.),(0.,0.05),
 .UNSPECIFIED.);
#5801=B_SPLINE_SURFACE_WITH_KNOTS('',2,1,((#9194,#9195),(#9196,#9197),(#9198,
#9199)),.UNSPECIFIED.,.F.,.F.,.F.,(3,3),(2,2),(0.,1.),(0.,0.05),
 .UNSPECIFIED.);
#5802=B_SPLINE_SURFACE_WITH_KNOTS('',2,1,((#9209,#9210),(#9211,#9212),(#9213,
#9214)),.UNSPECIFIED.,.F.,.F.,.F.,(3,3),(2,2),(0.,1.),(0.,0.05),
 .UNSPECIFIED.);
#5803=B_SPLINE_SURFACE_WITH_KNOTS('',2,1,((#9224,#9225),(#9226,#9227),(#9228,
#9229)),.UNSPECIFIED.,.F.,.F.,.F.,(3,3),(2,2),(0.,1.),(0.,0.05),
 .UNSPECIFIED.);
#5804=B_SPLINE_SURFACE_WITH_KNOTS('',2,1,((#9245,#9246),(#9247,#9248),(#9249,
#9250)),.UNSPECIFIED.,.F.,.F.,.F.,(3,3),(2,2),(0.,1.),(0.,0.05),
 .UNSPECIFIED.);
#5805=B_SPLINE_SURFACE_WITH_KNOTS('',2,1,((#9285,#9286),(#9287,#9288),(#9289,
#9290)),.UNSPECIFIED.,.F.,.F.,.F.,(3,3),(2,2),(0.,1.),(0.,0.05),
 .UNSPECIFIED.);
#5806=B_SPLINE_SURFACE_WITH_KNOTS('',2,1,((#9300,#9301),(#9302,#9303),(#9304,
#9305)),.UNSPECIFIED.,.F.,.F.,.F.,(3,3),(2,2),(0.,1.),(0.,0.05),
 .UNSPECIFIED.);
#5807=B_SPLINE_SURFACE_WITH_KNOTS('',2,1,((#9343,#9344),(#9345,#9346),(#9347,
#9348)),.UNSPECIFIED.,.F.,.F.,.F.,(3,3),(2,2),(0.,1.),(0.,0.05),
 .UNSPECIFIED.);
#5808=B_SPLINE_SURFACE_WITH_KNOTS('',2,1,((#9361,#9362),(#9363,#9364),(#9365,
#9366)),.UNSPECIFIED.,.F.,.F.,.F.,(3,3),(2,2),(0.,1.),(0.,0.05),
 .UNSPECIFIED.);
#5809=B_SPLINE_SURFACE_WITH_KNOTS('',2,1,((#9376,#9377),(#9378,#9379),(#9380,
#9381)),.UNSPECIFIED.,.F.,.F.,.F.,(3,3),(2,2),(0.,1.),(0.,0.05),
 .UNSPECIFIED.);
#5810=B_SPLINE_SURFACE_WITH_KNOTS('',2,1,((#9391,#9392),(#9393,#9394),(#9395,
#9396)),.UNSPECIFIED.,.F.,.F.,.F.,(3,3),(2,2),(0.,1.),(0.,0.05),
 .UNSPECIFIED.);
#5811=B_SPLINE_SURFACE_WITH_KNOTS('',2,1,((#9406,#9407),(#9408,#9409),(#9410,
#9411)),.UNSPECIFIED.,.F.,.F.,.F.,(3,3),(2,2),(0.,1.),(0.,0.05),
 .UNSPECIFIED.);
#5812=B_SPLINE_SURFACE_WITH_KNOTS('',2,1,((#9421,#9422),(#9423,#9424),(#9425,
#9426)),.UNSPECIFIED.,.F.,.F.,.F.,(3,3),(2,2),(0.,1.),(0.,0.05),
 .UNSPECIFIED.);
#5813=B_SPLINE_SURFACE_WITH_KNOTS('',2,1,((#9436,#9437),(#9438,#9439),(#9440,
#9441)),.UNSPECIFIED.,.F.,.F.,.F.,(3,3),(2,2),(0.,1.),(0.,0.05),
 .UNSPECIFIED.);
#5814=B_SPLINE_SURFACE_WITH_KNOTS('',2,1,((#9451,#9452),(#9453,#9454),(#9455,
#9456)),.UNSPECIFIED.,.F.,.F.,.F.,(3,3),(2,2),(0.,1.),(0.,0.05),
 .UNSPECIFIED.);
#5815=B_SPLINE_SURFACE_WITH_KNOTS('',2,1,((#9466,#9467),(#9468,#9469),(#9470,
#9471)),.UNSPECIFIED.,.F.,.F.,.F.,(3,3),(2,2),(0.,1.),(0.,0.05),
 .UNSPECIFIED.);
#5816=B_SPLINE_SURFACE_WITH_KNOTS('',2,1,((#9478,#9479),(#9480,#9481),(#9482,
#9483)),.UNSPECIFIED.,.F.,.F.,.F.,(3,3),(2,2),(0.,1.),(0.,0.05),
 .UNSPECIFIED.);
#5817=B_SPLINE_SURFACE_WITH_KNOTS('',2,1,((#9496,#9497),(#9498,#9499),(#9500,
#9501)),.UNSPECIFIED.,.F.,.F.,.F.,(3,3),(2,2),(0.,1.),(0.,0.05),
 .UNSPECIFIED.);
#5818=B_SPLINE_SURFACE_WITH_KNOTS('',2,1,((#9511,#9512),(#9513,#9514),(#9515,
#9516)),.UNSPECIFIED.,.F.,.F.,.F.,(3,3),(2,2),(0.,1.),(0.,0.05),
 .UNSPECIFIED.);
#5819=B_SPLINE_SURFACE_WITH_KNOTS('',2,1,((#9526,#9527),(#9528,#9529),(#9530,
#9531)),.UNSPECIFIED.,.F.,.F.,.F.,(3,3),(2,2),(0.,1.),(0.,0.05),
 .UNSPECIFIED.);
#5820=B_SPLINE_SURFACE_WITH_KNOTS('',2,1,((#9541,#9542),(#9543,#9544),(#9545,
#9546)),.UNSPECIFIED.,.F.,.F.,.F.,(3,3),(2,2),(0.,1.),(0.,0.05),
 .UNSPECIFIED.);
#5821=B_SPLINE_SURFACE_WITH_KNOTS('',2,1,((#9556,#9557),(#9558,#9559),(#9560,
#9561)),.UNSPECIFIED.,.F.,.F.,.F.,(3,3),(2,2),(0.,1.),(0.,0.05),
 .UNSPECIFIED.);
#5822=B_SPLINE_SURFACE_WITH_KNOTS('',2,1,((#9571,#9572),(#9573,#9574),(#9575,
#9576)),.UNSPECIFIED.,.F.,.F.,.F.,(3,3),(2,2),(0.,1.),(0.,0.05),
 .UNSPECIFIED.);
#5823=B_SPLINE_SURFACE_WITH_KNOTS('',2,1,((#9586,#9587),(#9588,#9589),(#9590,
#9591)),.UNSPECIFIED.,.F.,.F.,.F.,(3,3),(2,2),(0.,1.),(0.,0.05),
 .UNSPECIFIED.);
#5824=B_SPLINE_SURFACE_WITH_KNOTS('',2,1,((#9601,#9602),(#9603,#9604),(#9605,
#9606)),.UNSPECIFIED.,.F.,.F.,.F.,(3,3),(2,2),(0.,1.),(0.,0.05),
 .UNSPECIFIED.);
#5825=B_SPLINE_SURFACE_WITH_KNOTS('',2,1,((#9616,#9617),(#9618,#9619),(#9620,
#9621)),.UNSPECIFIED.,.F.,.F.,.F.,(3,3),(2,2),(0.,1.),(0.,0.05),
 .UNSPECIFIED.);
#5826=B_SPLINE_SURFACE_WITH_KNOTS('',2,1,((#9631,#9632),(#9633,#9634),(#9635,
#9636)),.UNSPECIFIED.,.F.,.F.,.F.,(3,3),(2,2),(0.,1.),(0.,0.05),
 .UNSPECIFIED.);
#5827=B_SPLINE_SURFACE_WITH_KNOTS('',2,1,((#9653,#9654),(#9655,#9656),(#9657,
#9658)),.UNSPECIFIED.,.F.,.F.,.F.,(3,3),(2,2),(0.,1.),(0.,0.05),
 .UNSPECIFIED.);
#5828=B_SPLINE_SURFACE_WITH_KNOTS('',2,1,((#9668,#9669),(#9670,#9671),(#9672,
#9673)),.UNSPECIFIED.,.F.,.F.,.F.,(3,3),(2,2),(0.,1.),(0.,0.05),
 .UNSPECIFIED.);
#5829=B_SPLINE_SURFACE_WITH_KNOTS('',2,1,((#9713,#9714),(#9715,#9716),(#9717,
#9718)),.UNSPECIFIED.,.F.,.F.,.F.,(3,3),(2,2),(0.,1.),(0.,0.05),
 .UNSPECIFIED.);
#5830=B_SPLINE_SURFACE_WITH_KNOTS('',2,1,((#9728,#9729),(#9730,#9731),(#9732,
#9733)),.UNSPECIFIED.,.F.,.F.,.F.,(3,3),(2,2),(0.,1.),(0.,0.05),
 .UNSPECIFIED.);
#5831=B_SPLINE_SURFACE_WITH_KNOTS('',2,1,((#9761,#9762),(#9763,#9764),(#9765,
#9766)),.UNSPECIFIED.,.F.,.F.,.F.,(3,3),(2,2),(0.,1.),(0.,0.05),
 .UNSPECIFIED.);
#5832=B_SPLINE_SURFACE_WITH_KNOTS('',2,1,((#9776,#9777),(#9778,#9779),(#9780,
#9781)),.UNSPECIFIED.,.F.,.F.,.F.,(3,3),(2,2),(0.,1.),(0.,0.05),
 .UNSPECIFIED.);
#5833=B_SPLINE_SURFACE_WITH_KNOTS('',2,1,((#9822,#9823),(#9824,#9825),(#9826,
#9827)),.UNSPECIFIED.,.F.,.F.,.F.,(3,3),(2,2),(0.,1.),(0.,0.05),
 .UNSPECIFIED.);
#5834=B_SPLINE_SURFACE_WITH_KNOTS('',2,1,((#9837,#9838),(#9839,#9840),(#9841,
#9842)),.UNSPECIFIED.,.F.,.F.,.F.,(3,3),(2,2),(0.,1.),(0.,0.05),
 .UNSPECIFIED.);
#5835=B_SPLINE_SURFACE_WITH_KNOTS('',2,1,((#9852,#9853),(#9854,#9855),(#9856,
#9857)),.UNSPECIFIED.,.F.,.F.,.F.,(3,3),(2,2),(0.,1.),(0.,0.05),
 .UNSPECIFIED.);
#5836=B_SPLINE_SURFACE_WITH_KNOTS('',2,1,((#9867,#9868),(#9869,#9870),(#9871,
#9872)),.UNSPECIFIED.,.F.,.F.,.F.,(3,3),(2,2),(0.,1.),(0.,0.05),
 .UNSPECIFIED.);
#5837=B_SPLINE_SURFACE_WITH_KNOTS('',2,1,((#9882,#9883),(#9884,#9885),(#9886,
#9887)),.UNSPECIFIED.,.F.,.F.,.F.,(3,3),(2,2),(0.,1.),(0.,0.05),
 .UNSPECIFIED.);
#5838=B_SPLINE_SURFACE_WITH_KNOTS('',2,1,((#9921,#9922),(#9923,#9924),(#9925,
#9926)),.UNSPECIFIED.,.F.,.F.,.F.,(3,3),(2,2),(0.,1.),(0.,0.05),
 .UNSPECIFIED.);
#5839=B_SPLINE_SURFACE_WITH_KNOTS('',2,1,((#9936,#9937),(#9938,#9939),(#9940,
#9941)),.UNSPECIFIED.,.F.,.F.,.F.,(3,3),(2,2),(0.,1.),(0.,0.05),
 .UNSPECIFIED.);
#5840=B_SPLINE_SURFACE_WITH_KNOTS('',2,1,((#9951,#9952),(#9953,#9954),(#9955,
#9956)),.UNSPECIFIED.,.F.,.F.,.F.,(3,3),(2,2),(0.,1.),(0.,0.05),
 .UNSPECIFIED.);
#5841=B_SPLINE_SURFACE_WITH_KNOTS('',2,1,((#9966,#9967),(#9968,#9969),(#9970,
#9971)),.UNSPECIFIED.,.F.,.F.,.F.,(3,3),(2,2),(0.,1.),(0.,0.05),
 .UNSPECIFIED.);
#5842=B_SPLINE_SURFACE_WITH_KNOTS('',2,1,((#9981,#9982),(#9983,#9984),(#9985,
#9986)),.UNSPECIFIED.,.F.,.F.,.F.,(3,3),(2,2),(0.,1.),(0.,0.05),
 .UNSPECIFIED.);
#5843=B_SPLINE_SURFACE_WITH_KNOTS('',2,1,((#9996,#9997),(#9998,#9999),(#10000,
#10001)),.UNSPECIFIED.,.F.,.F.,.F.,(3,3),(2,2),(0.,1.),(0.,0.05),
 .UNSPECIFIED.);
#5844=ADVANCED_FACE('',(#325),#5711,.F.);
#5845=ADVANCED_FACE('',(#326),#5712,.F.);
#5846=ADVANCED_FACE('',(#327),#5713,.F.);
#5847=ADVANCED_FACE('',(#328),#5714,.F.);
#5848=ADVANCED_FACE('',(#329),#5715,.F.);
#5849=ADVANCED_FACE('',(#330),#5716,.F.);
#5850=ADVANCED_FACE('',(#331),#5717,.F.);
#5851=ADVANCED_FACE('',(#332),#5718,.F.);
#5852=ADVANCED_FACE('',(#333),#5719,.F.);
#5853=ADVANCED_FACE('',(#334),#5720,.F.);
#5854=ADVANCED_FACE('',(#335),#5721,.F.);
#5855=ADVANCED_FACE('',(#336),#5722,.F.);
#5856=ADVANCED_FACE('',(#337),#5723,.F.);
#5857=ADVANCED_FACE('',(#338),#5724,.F.);
#5858=ADVANCED_FACE('',(#339),#168,.F.);
#5859=ADVANCED_FACE('',(#340),#5725,.F.);
#5860=ADVANCED_FACE('',(#341),#5726,.F.);
#5861=ADVANCED_FACE('',(#342),#5727,.F.);
#5862=ADVANCED_FACE('',(#343),#5728,.F.);
#5863=ADVANCED_FACE('',(#344),#5729,.F.);
#5864=ADVANCED_FACE('',(#345),#5730,.F.);
#5865=ADVANCED_FACE('',(#346),#5731,.F.);
#5866=ADVANCED_FACE('',(#347),#5732,.F.);
#5867=ADVANCED_FACE('',(#348),#5733,.F.);
#5868=ADVANCED_FACE('',(#349),#5734,.F.);
#5869=ADVANCED_FACE('',(#350),#5735,.F.);
#5870=ADVANCED_FACE('',(#351),#5736,.F.);
#5871=ADVANCED_FACE('',(#352),#5737,.F.);
#5872=ADVANCED_FACE('',(#353),#5738,.F.);
#5873=ADVANCED_FACE('',(#354),#5739,.F.);
#5874=ADVANCED_FACE('',(#355),#5740,.F.);
#5875=ADVANCED_FACE('',(#356),#5741,.F.);
#5876=ADVANCED_FACE('',(#357),#5742,.F.);
#5877=ADVANCED_FACE('',(#358),#169,.F.);
#5878=ADVANCED_FACE('',(#359),#5743,.F.);
#5879=ADVANCED_FACE('',(#360),#170,.T.);
#5880=ADVANCED_FACE('',(#361),#171,.F.);
#5881=ADVANCED_FACE('',(#362),#5744,.F.);
#5882=ADVANCED_FACE('',(#363),#5745,.F.);
#5883=ADVANCED_FACE('',(#364),#5746,.F.);
#5884=ADVANCED_FACE('',(#365),#5747,.F.);
#5885=ADVANCED_FACE('',(#366),#5748,.F.);
#5886=ADVANCED_FACE('',(#367),#5749,.F.);
#5887=ADVANCED_FACE('',(#368),#172,.F.);
#5888=ADVANCED_FACE('',(#369),#173,.F.);
#5889=ADVANCED_FACE('',(#370),#174,.F.);
#5890=ADVANCED_FACE('',(#371),#5750,.F.);
#5891=ADVANCED_FACE('',(#372),#5751,.F.);
#5892=ADVANCED_FACE('',(#373),#5752,.F.);
#5893=ADVANCED_FACE('',(#374),#5753,.F.);
#5894=ADVANCED_FACE('',(#375),#5754,.F.);
#5895=ADVANCED_FACE('',(#376),#5755,.F.);
#5896=ADVANCED_FACE('',(#377),#5756,.F.);
#5897=ADVANCED_FACE('',(#378),#175,.F.);
#5898=ADVANCED_FACE('',(#379),#176,.F.);
#5899=ADVANCED_FACE('',(#380),#5757,.F.);
#5900=ADVANCED_FACE('',(#381),#5758,.F.);
#5901=ADVANCED_FACE('',(#382),#5759,.F.);
#5902=ADVANCED_FACE('',(#383),#5760,.F.);
#5903=ADVANCED_FACE('',(#384),#5761,.F.);
#5904=ADVANCED_FACE('',(#385),#5762,.F.);
#5905=ADVANCED_FACE('',(#386),#5763,.F.);
#5906=ADVANCED_FACE('',(#387),#5764,.F.);
#5907=ADVANCED_FACE('',(#388),#5765,.F.);
#5908=ADVANCED_FACE('',(#389),#5766,.F.);
#5909=ADVANCED_FACE('',(#390),#5767,.F.);
#5910=ADVANCED_FACE('',(#391),#177,.F.);
#5911=ADVANCED_FACE('',(#392),#178,.F.);
#5912=ADVANCED_FACE('',(#393),#179,.F.);
#5913=ADVANCED_FACE('',(#394,#133,#134),#180,.T.);
#5914=ADVANCED_FACE('',(#395),#181,.F.);
#5915=ADVANCED_FACE('',(#396),#182,.F.);
#5916=ADVANCED_FACE('',(#397),#183,.F.);
#5917=ADVANCED_FACE('',(#398),#184,.F.);
#5918=ADVANCED_FACE('',(#399),#185,.F.);
#5919=ADVANCED_FACE('',(#400),#186,.F.);
#5920=ADVANCED_FACE('',(#401),#187,.F.);
#5921=ADVANCED_FACE('',(#402),#188,.F.);
#5922=ADVANCED_FACE('',(#403),#189,.F.);
#5923=ADVANCED_FACE('',(#404),#190,.F.);
#5924=ADVANCED_FACE('',(#405),#191,.F.);
#5925=ADVANCED_FACE('',(#406),#192,.F.);
#5926=ADVANCED_FACE('',(#407),#193,.F.);
#5927=ADVANCED_FACE('',(#408),#194,.F.);
#5928=ADVANCED_FACE('',(#409),#195,.F.);
#5929=ADVANCED_FACE('',(#410),#196,.F.);
#5930=ADVANCED_FACE('',(#411),#5768,.F.);
#5931=ADVANCED_FACE('',(#412),#5769,.F.);
#5932=ADVANCED_FACE('',(#413),#5770,.F.);
#5933=ADVANCED_FACE('',(#414),#5771,.F.);
#5934=ADVANCED_FACE('',(#415),#5772,.F.);
#5935=ADVANCED_FACE('',(#416),#197,.F.);
#5936=ADVANCED_FACE('',(#417),#198,.F.);
#5937=ADVANCED_FACE('',(#418),#199,.F.);
#5938=ADVANCED_FACE('',(#419),#5773,.F.);
#5939=ADVANCED_FACE('',(#420),#5774,.F.);
#5940=ADVANCED_FACE('',(#421),#5775,.F.);
#5941=ADVANCED_FACE('',(#422),#5776,.F.);
#5942=ADVANCED_FACE('',(#423),#5777,.F.);
#5943=ADVANCED_FACE('',(#424),#5778,.F.);
#5944=ADVANCED_FACE('',(#425),#200,.F.);
#5945=ADVANCED_FACE('',(#426),#201,.F.);
#5946=ADVANCED_FACE('',(#427),#202,.F.);
#5947=ADVANCED_FACE('',(#428),#203,.T.);
#5948=ADVANCED_FACE('',(#429),#204,.T.);
#5949=ADVANCED_FACE('',(#430),#205,.T.);
#5950=ADVANCED_FACE('',(#431),#206,.F.);
#5951=ADVANCED_FACE('',(#432),#5779,.F.);
#5952=ADVANCED_FACE('',(#433),#5780,.F.);
#5953=ADVANCED_FACE('',(#434),#5781,.F.);
#5954=ADVANCED_FACE('',(#435),#5782,.F.);
#5955=ADVANCED_FACE('',(#436),#5783,.F.);
#5956=ADVANCED_FACE('',(#437),#207,.F.);
#5957=ADVANCED_FACE('',(#438),#208,.F.);
#5958=ADVANCED_FACE('',(#439),#209,.F.);
#5959=ADVANCED_FACE('',(#440),#210,.F.);
#5960=ADVANCED_FACE('',(#441),#5784,.F.);
#5961=ADVANCED_FACE('',(#442),#5785,.F.);
#5962=ADVANCED_FACE('',(#443),#5786,.F.);
#5963=ADVANCED_FACE('',(#444),#5787,.F.);
#5964=ADVANCED_FACE('',(#445),#211,.F.);
#5965=ADVANCED_FACE('',(#446),#212,.F.);
#5966=ADVANCED_FACE('',(#447),#213,.F.);
#5967=ADVANCED_FACE('',(#448),#5788,.F.);
#5968=ADVANCED_FACE('',(#449),#5789,.F.);
#5969=ADVANCED_FACE('',(#450),#5790,.F.);
#5970=ADVANCED_FACE('',(#451),#5791,.F.);
#5971=ADVANCED_FACE('',(#452),#5792,.F.);
#5972=ADVANCED_FACE('',(#453),#5793,.F.);
#5973=ADVANCED_FACE('',(#454),#5794,.F.);
#5974=ADVANCED_FACE('',(#455),#214,.F.);
#5975=ADVANCED_FACE('',(#456),#215,.F.);
#5976=ADVANCED_FACE('',(#457),#216,.F.);
#5977=ADVANCED_FACE('',(#458,#135),#217,.T.);
#5978=ADVANCED_FACE('',(#459),#5795,.F.);
#5979=ADVANCED_FACE('',(#460),#5796,.F.);
#5980=ADVANCED_FACE('',(#461),#5797,.F.);
#5981=ADVANCED_FACE('',(#462),#5798,.F.);
#5982=ADVANCED_FACE('',(#463),#218,.F.);
#5983=ADVANCED_FACE('',(#464),#219,.F.);
#5984=ADVANCED_FACE('',(#465),#220,.F.);
#5985=ADVANCED_FACE('',(#466),#5799,.F.);
#5986=ADVANCED_FACE('',(#467),#5800,.F.);
#5987=ADVANCED_FACE('',(#468),#5801,.F.);
#5988=ADVANCED_FACE('',(#469),#5802,.F.);
#5989=ADVANCED_FACE('',(#470),#5803,.F.);
#5990=ADVANCED_FACE('',(#471),#221,.F.);
#5991=ADVANCED_FACE('',(#472),#5804,.F.);
#5992=ADVANCED_FACE('',(#473),#222,.T.);
#5993=ADVANCED_FACE('',(#474),#223,.F.);
#5994=ADVANCED_FACE('',(#475),#224,.F.);
#5995=ADVANCED_FACE('',(#476),#225,.F.);
#5996=ADVANCED_FACE('',(#477),#226,.F.);
#5997=ADVANCED_FACE('',(#478),#5805,.F.);
#5998=ADVANCED_FACE('',(#479),#5806,.F.);
#5999=ADVANCED_FACE('',(#480),#227,.F.);
#6000=ADVANCED_FACE('',(#481),#228,.F.);
#6001=ADVANCED_FACE('',(#482),#229,.F.);
#6002=ADVANCED_FACE('',(#483),#230,.F.);
#6003=ADVANCED_FACE('',(#484),#231,.F.);
#6004=ADVANCED_FACE('',(#485),#232,.T.);
#6005=ADVANCED_FACE('',(#486),#5807,.F.);
#6006=ADVANCED_FACE('',(#487),#5808,.F.);
#6007=ADVANCED_FACE('',(#488),#5809,.F.);
#6008=ADVANCED_FACE('',(#489),#5810,.F.);
#6009=ADVANCED_FACE('',(#490),#5811,.F.);
#6010=ADVANCED_FACE('',(#491),#5812,.F.);
#6011=ADVANCED_FACE('',(#492),#5813,.F.);
#6012=ADVANCED_FACE('',(#493),#5814,.F.);
#6013=ADVANCED_FACE('',(#494),#5815,.F.);
#6014=ADVANCED_FACE('',(#495),#5816,.F.);
#6015=ADVANCED_FACE('',(#496),#5817,.F.);
#6016=ADVANCED_FACE('',(#497),#5818,.F.);
#6017=ADVANCED_FACE('',(#498),#5819,.F.);
#6018=ADVANCED_FACE('',(#499),#5820,.F.);
#6019=ADVANCED_FACE('',(#500),#5821,.F.);
#6020=ADVANCED_FACE('',(#501),#5822,.F.);
#6021=ADVANCED_FACE('',(#502),#5823,.F.);
#6022=ADVANCED_FACE('',(#503),#5824,.F.);
#6023=ADVANCED_FACE('',(#504),#5825,.F.);
#6024=ADVANCED_FACE('',(#505),#5826,.F.);
#6025=ADVANCED_FACE('',(#506,#136),#233,.T.);
#6026=ADVANCED_FACE('',(#507),#234,.F.);
#6027=ADVANCED_FACE('',(#508),#5827,.F.);
#6028=ADVANCED_FACE('',(#509),#5828,.F.);
#6029=ADVANCED_FACE('',(#510),#235,.F.);
#6030=ADVANCED_FACE('',(#511),#236,.F.);
#6031=ADVANCED_FACE('',(#512),#237,.F.);
#6032=ADVANCED_FACE('',(#513),#238,.F.);
#6033=ADVANCED_FACE('',(#514),#239,.F.);
#6034=ADVANCED_FACE('',(#515),#5829,.F.);
#6035=ADVANCED_FACE('',(#516),#5830,.F.);
#6036=ADVANCED_FACE('',(#517),#240,.F.);
#6037=ADVANCED_FACE('',(#518),#241,.F.);
#6038=ADVANCED_FACE('',(#519),#242,.F.);
#6039=ADVANCED_FACE('',(#520),#5831,.F.);
#6040=ADVANCED_FACE('',(#521),#5832,.F.);
#6041=ADVANCED_FACE('',(#522),#243,.F.);
#6042=ADVANCED_FACE('',(#523),#244,.F.);
#6043=ADVANCED_FACE('',(#524),#245,.F.);
#6044=ADVANCED_FACE('',(#525),#246,.F.);
#6045=ADVANCED_FACE('',(#526),#247,.T.);
#6046=ADVANCED_FACE('',(#527),#248,.F.);
#6047=ADVANCED_FACE('',(#528),#5833,.F.);
#6048=ADVANCED_FACE('',(#529),#5834,.F.);
#6049=ADVANCED_FACE('',(#530),#5835,.F.);
#6050=ADVANCED_FACE('',(#531),#5836,.F.);
#6051=ADVANCED_FACE('',(#532),#5837,.F.);
#6052=ADVANCED_FACE('',(#533),#249,.F.);
#6053=ADVANCED_FACE('',(#534),#250,.F.);
#6054=ADVANCED_FACE('',(#535),#251,.F.);
#6055=ADVANCED_FACE('',(#536),#252,.F.);
#6056=ADVANCED_FACE('',(#537),#5838,.F.);
#6057=ADVANCED_FACE('',(#538),#5839,.F.);
#6058=ADVANCED_FACE('',(#539),#5840,.F.);
#6059=ADVANCED_FACE('',(#540),#5841,.F.);
#6060=ADVANCED_FACE('',(#541),#5842,.F.);
#6061=ADVANCED_FACE('',(#542),#5843,.F.);
#6062=ADVANCED_FACE('',(#543),#253,.F.);
#6063=ADVANCED_FACE('',(#544),#254,.F.);
#6064=ADVANCED_FACE('',(#545),#255,.F.);
#6065=ADVANCED_FACE('',(#546,#137),#256,.T.);
#6066=ADVANCED_FACE('',(#547),#257,.T.);
#6067=ADVANCED_FACE('',(#548),#258,.T.);
#6068=ADVANCED_FACE('',(#549),#259,.T.);
#6069=ADVANCED_FACE('',(#550),#260,.T.);
#6070=ADVANCED_FACE('',(#551,#138,#139,#140,#141,#142,#143),#261,.T.);
#6071=ADVANCED_FACE('',(#552),#262,.F.);
#6072=ADVANCED_FACE('',(#553),#30,.F.);
#6073=ADVANCED_FACE('',(#554),#263,.F.);
#6074=ADVANCED_FACE('',(#555),#31,.F.);
#6075=ADVANCED_FACE('',(#556),#32,.F.);
#6076=ADVANCED_FACE('',(#557),#33,.T.);
#6077=ADVANCED_FACE('',(#558),#264,.F.);
#6078=ADVANCED_FACE('',(#559),#34,.T.);
#6079=ADVANCED_FACE('',(#560),#35,.T.);
#6080=ADVANCED_FACE('',(#561,#144,#145,#146,#147,#148,#149),#265,.T.);
#6081=ADVANCED_FACE('',(#562),#15,.F.);
#6082=ADVANCED_FACE('',(#563),#266,.T.);
#6083=ADVANCED_FACE('',(#564),#267,.T.);
#6084=ADVANCED_FACE('',(#565),#16,.F.);
#6085=ADVANCED_FACE('',(#566),#268,.T.);
#6086=ADVANCED_FACE('',(#567),#269,.T.);
#6087=ADVANCED_FACE('',(#568),#17,.F.);
#6088=ADVANCED_FACE('',(#569),#270,.F.);
#6089=ADVANCED_FACE('',(#570),#36,.F.);
#6090=ADVANCED_FACE('',(#571),#271,.F.);
#6091=ADVANCED_FACE('',(#572),#272,.F.);
#6092=ADVANCED_FACE('',(#573),#18,.F.);
#6093=ADVANCED_FACE('',(#574),#273,.T.);
#6094=ADVANCED_FACE('',(#575),#274,.T.);
#6095=ADVANCED_FACE('',(#576),#19,.F.);
#6096=ADVANCED_FACE('',(#577),#37,.F.);
#6097=ADVANCED_FACE('',(#578),#275,.F.);
#6098=ADVANCED_FACE('',(#579),#38,.F.);
#6099=ADVANCED_FACE('',(#580,#150,#151),#276,.T.);
#6100=ADVANCED_FACE('',(#581),#277,.F.);
#6101=ADVANCED_FACE('',(#582),#39,.F.);
#6102=ADVANCED_FACE('',(#583),#278,.F.);
#6103=ADVANCED_FACE('',(#584),#40,.F.);
#6104=ADVANCED_FACE('',(#585),#279,.F.);
#6105=ADVANCED_FACE('',(#586),#280,.F.);
#6106=ADVANCED_FACE('',(#587),#41,.F.);
#6107=ADVANCED_FACE('',(#588),#281,.F.);
#6108=ADVANCED_FACE('',(#589),#282,.F.);
#6109=ADVANCED_FACE('',(#590),#42,.F.);
#6110=ADVANCED_FACE('',(#591,#152,#153,#154,#155),#283,.T.);
#6111=ADVANCED_FACE('',(#592),#284,.T.);
#6112=ADVANCED_FACE('',(#593),#285,.T.);
#6113=ADVANCED_FACE('',(#594),#286,.T.);
#6114=ADVANCED_FACE('',(#595),#287,.T.);
#6115=ADVANCED_FACE('',(#596,#156),#288,.T.);
#6116=ADVANCED_FACE('',(#597),#289,.F.);
#6117=ADVANCED_FACE('',(#598),#43,.F.);
#6118=ADVANCED_FACE('',(#599),#290,.F.);
#6119=ADVANCED_FACE('',(#600),#44,.F.);
#6120=ADVANCED_FACE('',(#601),#291,.T.);
#6121=ADVANCED_FACE('',(#602),#45,.T.);
#6122=ADVANCED_FACE('',(#603),#292,.T.);
#6123=ADVANCED_FACE('',(#604),#46,.F.);
#6124=ADVANCED_FACE('',(#605,#157),#293,.T.);
#6125=ADVANCED_FACE('',(#606,#158),#294,.T.);
#6126=ADVANCED_FACE('',(#607),#295,.F.);
#6127=ADVANCED_FACE('',(#608),#47,.T.);
#6128=ADVANCED_FACE('',(#609),#296,.T.);
#6129=ADVANCED_FACE('',(#610),#48,.F.);
#6130=ADVANCED_FACE('',(#611),#297,.T.);
#6131=ADVANCED_FACE('',(#612,#159),#298,.T.);
#6132=ADVANCED_FACE('',(#613),#299,.T.);
#6133=ADVANCED_FACE('',(#614),#300,.F.);
#6134=ADVANCED_FACE('',(#615),#301,.T.);
#6135=ADVANCED_FACE('',(#616),#49,.T.);
#6136=ADVANCED_FACE('',(#617),#50,.F.);
#6137=ADVANCED_FACE('',(#618),#302,.T.);
#6138=ADVANCED_FACE('',(#619,#160),#303,.T.);
#6139=ADVANCED_FACE('',(#620),#304,.F.);
#6140=ADVANCED_FACE('',(#621),#51,.T.);
#6141=ADVANCED_FACE('',(#622),#305,.T.);
#6142=ADVANCED_FACE('',(#623),#52,.F.);
#6143=ADVANCED_FACE('',(#624,#161),#306,.T.);
#6144=ADVANCED_FACE('',(#625),#307,.F.);
#6145=ADVANCED_FACE('',(#626),#308,.T.);
#6146=ADVANCED_FACE('',(#627),#53,.T.);
#6147=ADVANCED_FACE('',(#628),#54,.F.);
#6148=ADVANCED_FACE('',(#629),#309,.T.);
#6149=ADVANCED_FACE('',(#630,#162),#310,.T.);
#6150=ADVANCED_FACE('',(#631),#311,.F.);
#6151=ADVANCED_FACE('',(#632),#312,.F.);
#6152=ADVANCED_FACE('',(#633,#163),#313,.F.);
#6153=ADVANCED_FACE('',(#634,#164),#314,.F.);
#6154=ADVANCED_FACE('',(#635,#165),#315,.F.);
#6155=ADVANCED_FACE('',(#636,#166),#316,.F.);
#6156=ADVANCED_FACE('',(#637),#55,.F.);
#6157=ADVANCED_FACE('',(#638),#56,.F.);
#6158=ADVANCED_FACE('',(#639),#57,.F.);
#6159=ADVANCED_FACE('',(#640),#58,.F.);
#6160=ADVANCED_FACE('',(#641),#317,.T.);
#6161=ADVANCED_FACE('',(#642),#59,.T.);
#6162=ADVANCED_FACE('',(#643),#60,.T.);
#6163=ADVANCED_FACE('',(#644),#318,.T.);
#6164=ADVANCED_FACE('',(#645),#319,.T.);
#6165=ADVANCED_FACE('',(#646),#61,.T.);
#6166=ADVANCED_FACE('',(#647),#62,.T.);
#6167=ADVANCED_FACE('',(#648),#320,.T.);
#6168=ADVANCED_FACE('',(#649),#321,.T.);
#6169=ADVANCED_FACE('',(#650),#322,.T.);
#6170=ADVANCED_FACE('',(#651),#323,.T.);
#6171=ADVANCED_FACE('',(#652,#167),#324,.F.);
#6172=CLOSED_SHELL('',(#5844,#5845,#5846,#5847,#5848,#5849,#5850,#5851,
#5852,#5853,#5854,#5855,#5856,#5857,#5858,#5859,#5860,#5861,#5862,#5863,
#5864,#5865,#5866,#5867,#5868,#5869,#5870,#5871,#5872,#5873,#5874,#5875,
#5876,#5877,#5878,#5879,#5880,#5881,#5882,#5883,#5884,#5885,#5886,#5887,
#5888,#5889,#5890,#5891,#5892,#5893,#5894,#5895,#5896,#5897,#5898,#5899,
#5900,#5901,#5902,#5903,#5904,#5905,#5906,#5907,#5908,#5909,#5910,#5911,
#5912,#5913,#5914,#5915,#5916,#5917,#5918,#5919,#5920,#5921,#5922,#5923,
#5924,#5925,#5926,#5927,#5928,#5929,#5930,#5931,#5932,#5933,#5934,#5935,
#5936,#5937,#5938,#5939,#5940,#5941,#5942,#5943,#5944,#5945,#5946,#5947,
#5948,#5949,#5950,#5951,#5952,#5953,#5954,#5955,#5956,#5957,#5958,#5959,
#5960,#5961,#5962,#5963,#5964,#5965,#5966,#5967,#5968,#5969,#5970,#5971,
#5972,#5973,#5974,#5975,#5976,#5977,#5978,#5979,#5980,#5981,#5982,#5983,
#5984,#5985,#5986,#5987,#5988,#5989,#5990,#5991,#5992,#5993,#5994,#5995,
#5996,#5997,#5998,#5999,#6000,#6001,#6002,#6003,#6004,#6005,#6006,#6007,
#6008,#6009,#6010,#6011,#6012,#6013,#6014,#6015,#6016,#6017,#6018,#6019,
#6020,#6021,#6022,#6023,#6024,#6025,#6026,#6027,#6028,#6029,#6030,#6031,
#6032,#6033,#6034,#6035,#6036,#6037,#6038,#6039,#6040,#6041,#6042,#6043,
#6044,#6045,#6046,#6047,#6048,#6049,#6050,#6051,#6052,#6053,#6054,#6055,
#6056,#6057,#6058,#6059,#6060,#6061,#6062,#6063,#6064,#6065,#6066,#6067,
#6068,#6069,#6070,#6071,#6072,#6073,#6074,#6075,#6076,#6077,#6078,#6079,
#6080,#6081,#6082,#6083,#6084,#6085,#6086,#6087,#6088,#6089,#6090,#6091,
#6092,#6093,#6094,#6095,#6096,#6097,#6098,#6099,#6100,#6101,#6102,#6103,
#6104,#6105,#6106,#6107,#6108,#6109,#6110,#6111,#6112,#6113,#6114,#6115,
#6116,#6117,#6118,#6119,#6120,#6121,#6122,#6123,#6124,#6125,#6126,#6127,
#6128,#6129,#6130,#6131,#6132,#6133,#6134,#6135,#6136,#6137,#6138,#6139,
#6140,#6141,#6142,#6143,#6144,#6145,#6146,#6147,#6148,#6149,#6150,#6151,
#6152,#6153,#6154,#6155,#6156,#6157,#6158,#6159,#6160,#6161,#6162,#6163,
#6164,#6165,#6166,#6167,#6168,#6169,#6170,#6171));
#6173=DERIVED_UNIT_ELEMENT(#6175,1.);
#6174=DERIVED_UNIT_ELEMENT(#10626,-3.);
#6175=(
MASS_UNIT()
NAMED_UNIT(*)
SI_UNIT(.KILO.,.GRAM.)
);
#6176=DERIVED_UNIT((#6173,#6174));
#6177=MEASURE_REPRESENTATION_ITEM('density measure',
POSITIVE_RATIO_MEASURE(7850.),#6176);
#6178=PROPERTY_DEFINITION_REPRESENTATION(#6183,#6180);
#6179=PROPERTY_DEFINITION_REPRESENTATION(#6184,#6181);
#6180=REPRESENTATION('material name',(#6182),#10623);
#6181=REPRESENTATION('density',(#6177),#10623);
#6182=DESCRIPTIVE_REPRESENTATION_ITEM('Stahl','Stahl');
#6183=PROPERTY_DEFINITION('material property','material name',#10633);
#6184=PROPERTY_DEFINITION('material property','density of part',#10633);
#6185=AXIS2_PLACEMENT_3D('',#7562,#6459,#6460);
#6186=AXIS2_PLACEMENT_3D('',#7776,#6476,#6477);
#6187=AXIS2_PLACEMENT_3D('',#8052,#6499,#6500);
#6188=AXIS2_PLACEMENT_3D('',#8070,#6504,#6505);
#6189=AXIS2_PLACEMENT_3D('',#8071,#6506,#6507);
#6190=AXIS2_PLACEMENT_3D('',#8170,#6518,#6519);
#6191=AXIS2_PLACEMENT_3D('',#8176,#6523,#6524);
#6192=AXIS2_PLACEMENT_3D('',#8179,#6527,#6528);
#6193=AXIS2_PLACEMENT_3D('',#8293,#6540,#6541);
#6194=AXIS2_PLACEMENT_3D('',#8299,#6545,#6546);
#6195=AXIS2_PLACEMENT_3D('',#8470,#6561,#6562);
#6196=AXIS2_PLACEMENT_3D('',#8476,#6566,#6567);
#6197=AXIS2_PLACEMENT_3D('',#8482,#6571,#6572);
#6198=AXIS2_PLACEMENT_3D('',#8485,#6575,#6576);
#6199=AXIS2_PLACEMENT_3D('',#8486,#6577,#6578);
#6200=AXIS2_PLACEMENT_3D('',#8495,#6583,#6584);
#6201=AXIS2_PLACEMENT_3D('',#8501,#6588,#6589);
#6202=AXIS2_PLACEMENT_3D('',#8507,#6593,#6594);
#6203=AXIS2_PLACEMENT_3D('',#8510,#6597,#6598);
#6204=AXIS2_PLACEMENT_3D('',#8511,#6599,#6600);
#6205=AXIS2_PLACEMENT_3D('',#8520,#6605,#6606);
#6206=AXIS2_PLACEMENT_3D('',#8526,#6610,#6611);
#6207=AXIS2_PLACEMENT_3D('',#8532,#6615,#6616);
#6208=AXIS2_PLACEMENT_3D('',#8538,#6620,#6621);
#6209=AXIS2_PLACEMENT_3D('',#8544,#6625,#6626);
#6210=AXIS2_PLACEMENT_3D('',#8550,#6630,#6631);
#6211=AXIS2_PLACEMENT_3D('',#8556,#6635,#6636);
#6212=AXIS2_PLACEMENT_3D('',#8562,#6640,#6641);
#6213=AXIS2_PLACEMENT_3D('',#8568,#6645,#6646);
#6214=AXIS2_PLACEMENT_3D('',#8571,#6649,#6650);
#6215=AXIS2_PLACEMENT_3D('',#8650,#6657,#6658);
#6216=AXIS2_PLACEMENT_3D('',#8656,#6662,#6663);
#6217=AXIS2_PLACEMENT_3D('',#8662,#6667,#6668);
#6218=AXIS2_PLACEMENT_3D('',#8758,#6678,#6679);
#6219=AXIS2_PLACEMENT_3D('',#8764,#6683,#6684);
#6220=AXIS2_PLACEMENT_3D('',#8770,#6688,#6689);
#6221=AXIS2_PLACEMENT_3D('',#8773,#6692,#6693);
#6222=AXIS2_PLACEMENT_3D('',#8774,#6694,#6695);
#6223=AXIS2_PLACEMENT_3D('',#8775,#6696,#6697);
#6224=AXIS2_PLACEMENT_3D('',#8776,#6698,#6699);
#6225=AXIS2_PLACEMENT_3D('',#8860,#6709,#6710);
#6226=AXIS2_PLACEMENT_3D('',#8866,#6714,#6715);
#6227=AXIS2_PLACEMENT_3D('',#8869,#6718,#6719);
#6228=AXIS2_PLACEMENT_3D('',#8878,#6724,#6725);
#6229=AXIS2_PLACEMENT_3D('',#8944,#6733,#6734);
#6230=AXIS2_PLACEMENT_3D('',#8950,#6738,#6739);
#6231=AXIS2_PLACEMENT_3D('',#8956,#6743,#6744);
#6232=AXIS2_PLACEMENT_3D('',#9067,#6755,#6756);
#6233=AXIS2_PLACEMENT_3D('',#9073,#6760,#6761);
#6234=AXIS2_PLACEMENT_3D('',#9079,#6765,#6766);
#6235=AXIS2_PLACEMENT_3D('',#9082,#6769,#6770);
#6236=AXIS2_PLACEMENT_3D('',#9146,#6776,#6777);
#6237=AXIS2_PLACEMENT_3D('',#9152,#6781,#6782);
#6238=AXIS2_PLACEMENT_3D('',#9158,#6786,#6787);
#6239=AXIS2_PLACEMENT_3D('',#9239,#6796,#6797);
#6240=AXIS2_PLACEMENT_3D('',#9257,#6801,#6802);
#6241=AXIS2_PLACEMENT_3D('',#9258,#6803,#6804);
#6242=AXIS2_PLACEMENT_3D('',#9267,#6809,#6810);
#6243=AXIS2_PLACEMENT_3D('',#9273,#6814,#6815);
#6244=AXIS2_PLACEMENT_3D('',#9279,#6819,#6820);
#6245=AXIS2_PLACEMENT_3D('',#9315,#6826,#6827);
#6246=AXIS2_PLACEMENT_3D('',#9321,#6831,#6832);
#6247=AXIS2_PLACEMENT_3D('',#9327,#6836,#6837);
#6248=AXIS2_PLACEMENT_3D('',#9333,#6841,#6842);
#6249=AXIS2_PLACEMENT_3D('',#9339,#6846,#6847);
#6250=AXIS2_PLACEMENT_3D('',#9342,#6850,#6851);
#6251=AXIS2_PLACEMENT_3D('',#9643,#6872,#6873);
#6252=AXIS2_PLACEMENT_3D('',#9644,#6874,#6875);
#6253=AXIS2_PLACEMENT_3D('',#9683,#6882,#6883);
#6254=AXIS2_PLACEMENT_3D('',#9689,#6887,#6888);
#6255=AXIS2_PLACEMENT_3D('',#9695,#6892,#6893);
#6256=AXIS2_PLACEMENT_3D('',#9701,#6897,#6898);
#6257=AXIS2_PLACEMENT_3D('',#9707,#6902,#6903);
#6258=AXIS2_PLACEMENT_3D('',#9743,#6909,#6910);
#6259=AXIS2_PLACEMENT_3D('',#9749,#6914,#6915);
#6260=AXIS2_PLACEMENT_3D('',#9755,#6919,#6920);
#6261=AXIS2_PLACEMENT_3D('',#9791,#6926,#6927);
#6262=AXIS2_PLACEMENT_3D('',#9797,#6931,#6932);
#6263=AXIS2_PLACEMENT_3D('',#9803,#6936,#6937);
#6264=AXIS2_PLACEMENT_3D('',#9809,#6941,#6942);
#6265=AXIS2_PLACEMENT_3D('',#9812,#6945,#6946);
#6266=AXIS2_PLACEMENT_3D('',#9813,#6947,#6948);
#6267=AXIS2_PLACEMENT_3D('',#9897,#6958,#6959);
#6268=AXIS2_PLACEMENT_3D('',#9903,#6963,#6964);
#6269=AXIS2_PLACEMENT_3D('',#9906,#6967,#6968);
#6270=AXIS2_PLACEMENT_3D('',#9915,#6973,#6974);
#6271=AXIS2_PLACEMENT_3D('',#10011,#6984,#6985);
#6272=AXIS2_PLACEMENT_3D('',#10017,#6989,#6990);
#6273=AXIS2_PLACEMENT_3D('',#10023,#6994,#6995);
#6274=AXIS2_PLACEMENT_3D('',#10026,#6998,#6999);
#6275=AXIS2_PLACEMENT_3D('',#10027,#7000,#7001);
#6276=AXIS2_PLACEMENT_3D('',#10028,#7002,#7003);
#6277=AXIS2_PLACEMENT_3D('',#10029,#7004,#7005);
#6278=AXIS2_PLACEMENT_3D('',#10030,#7006,#7007);
#6279=AXIS2_PLACEMENT_3D('',#10039,#7012,#7013);
#6280=AXIS2_PLACEMENT_3D('',#10055,#7021,#7022);
#6281=AXIS2_PLACEMENT_3D('',#10059,#7024,#7025);
#6282=AXIS2_PLACEMENT_3D('',#10061,#7027,#7028);
#6283=AXIS2_PLACEMENT_3D('',#10070,#7033,#7034);
#6284=AXIS2_PLACEMENT_3D('',#10073,#7035,#7036);
#6285=AXIS2_PLACEMENT_3D('',#10077,#7038,#7039);
#6286=AXIS2_PLACEMENT_3D('',#10079,#7040,#7041);
#6287=AXIS2_PLACEMENT_3D('',#10081,#7043,#7044);
#6288=AXIS2_PLACEMENT_3D('',#10085,#7046,#7047);
#6289=AXIS2_PLACEMENT_3D('',#10089,#7049,#7050);
#6290=AXIS2_PLACEMENT_3D('',#10095,#7054,#7055);
#6291=AXIS2_PLACEMENT_3D('',#10098,#7057,#7058);
#6292=AXIS2_PLACEMENT_3D('',#10133,#7061,#7062);
#6293=AXIS2_PLACEMENT_3D('',#10135,#7063,#7064);
#6294=AXIS2_PLACEMENT_3D('',#10138,#7066,#7067);
#6295=AXIS2_PLACEMENT_3D('',#10139,#7068,#7069);
#6296=AXIS2_PLACEMENT_3D('',#10141,#7070,#7071);
#6297=AXIS2_PLACEMENT_3D('',#10143,#7072,#7073);
#6298=AXIS2_PLACEMENT_3D('',#10147,#7075,#7076);
#6299=AXIS2_PLACEMENT_3D('',#10150,#7078,#7079);
#6300=AXIS2_PLACEMENT_3D('',#10151,#7080,#7081);
#6301=AXIS2_PLACEMENT_3D('',#10153,#7082,#7083);
#6302=AXIS2_PLACEMENT_3D('',#10155,#7085,#7086);
#6303=AXIS2_PLACEMENT_3D('',#10157,#7087,#7088);
#6304=AXIS2_PLACEMENT_3D('',#10159,#7090,#7091);
#6305=AXIS2_PLACEMENT_3D('',#10161,#7092,#7093);
#6306=AXIS2_PLACEMENT_3D('',#10165,#7095,#7096);
#6307=AXIS2_PLACEMENT_3D('',#10167,#7098,#7099);
#6308=AXIS2_PLACEMENT_3D('',#10177,#7105,#7106);
#6309=AXIS2_PLACEMENT_3D('',#10180,#7107,#7108);
#6310=AXIS2_PLACEMENT_3D('',#10190,#7110,#7111);
#6311=AXIS2_PLACEMENT_3D('',#10196,#7115,#7116);
#6312=AXIS2_PLACEMENT_3D('',#10198,#7118,#7119);
#6313=AXIS2_PLACEMENT_3D('',#10201,#7121,#7122);
#6314=AXIS2_PLACEMENT_3D('',#10202,#7123,#7124);
#6315=AXIS2_PLACEMENT_3D('',#10206,#7127,#7128);
#6316=AXIS2_PLACEMENT_3D('',#10210,#7131,#7132);
#6317=AXIS2_PLACEMENT_3D('',#10211,#7133,#7134);
#6318=AXIS2_PLACEMENT_3D('',#10212,#7135,#7136);
#6319=AXIS2_PLACEMENT_3D('',#10218,#7140,#7141);
#6320=AXIS2_PLACEMENT_3D('',#10221,#7143,#7144);
#6321=AXIS2_PLACEMENT_3D('',#10222,#7145,#7146);
#6322=AXIS2_PLACEMENT_3D('',#10226,#7149,#7150);
#6323=AXIS2_PLACEMENT_3D('',#10230,#7153,#7154);
#6324=AXIS2_PLACEMENT_3D('',#10235,#7157,#7158);
#6325=AXIS2_PLACEMENT_3D('',#10236,#7159,#7160);
#6326=AXIS2_PLACEMENT_3D('',#10240,#7163,#7164);
#6327=AXIS2_PLACEMENT_3D('',#10244,#7167,#7168);
#6328=AXIS2_PLACEMENT_3D('',#10245,#7169,#7170);
#6329=AXIS2_PLACEMENT_3D('',#10246,#7171,#7172);
#6330=AXIS2_PLACEMENT_3D('',#10249,#7174,#7175);
#6331=AXIS2_PLACEMENT_3D('',#10250,#7176,#7177);
#6332=AXIS2_PLACEMENT_3D('',#10254,#7180,#7181);
#6333=AXIS2_PLACEMENT_3D('',#10255,#7182,#7183);
#6334=AXIS2_PLACEMENT_3D('',#10256,#7184,#7185);
#6335=AXIS2_PLACEMENT_3D('',#10261,#7187,#7188);
#6336=AXIS2_PLACEMENT_3D('',#10264,#7190,#7191);
#6337=AXIS2_PLACEMENT_3D('',#10269,#7193,#7194);
#6338=AXIS2_PLACEMENT_3D('',#10272,#7196,#7197);
#6339=AXIS2_PLACEMENT_3D('',#10273,#7198,#7199);
#6340=AXIS2_PLACEMENT_3D('',#10279,#7203,#7204);
#6341=AXIS2_PLACEMENT_3D('',#10283,#7206,#7207);
#6342=AXIS2_PLACEMENT_3D('',#10284,#7208,#7209);
#6343=AXIS2_PLACEMENT_3D('',#10285,#7210,#7211);
#6344=AXIS2_PLACEMENT_3D('',#10291,#7215,#7216);
#6345=AXIS2_PLACEMENT_3D('',#10295,#7218,#7219);
#6346=AXIS2_PLACEMENT_3D('',#10296,#7220,#7221);
#6347=AXIS2_PLACEMENT_3D('',#10297,#7222,#7223);
#6348=AXIS2_PLACEMENT_3D('',#10300,#7225,#7226);
#6349=AXIS2_PLACEMENT_3D('',#10301,#7227,#7228);
#6350=AXIS2_PLACEMENT_3D('',#10305,#7231,#7232);
#6351=AXIS2_PLACEMENT_3D('',#10306,#7233,#7234);
#6352=AXIS2_PLACEMENT_3D('',#10307,#7235,#7236);
#6353=AXIS2_PLACEMENT_3D('',#10310,#7238,#7239);
#6354=AXIS2_PLACEMENT_3D('',#10311,#7240,#7241);
#6355=AXIS2_PLACEMENT_3D('',#10315,#7244,#7245);
#6356=AXIS2_PLACEMENT_3D('',#10316,#7246,#7247);
#6357=AXIS2_PLACEMENT_3D('',#10317,#7248,#7249);
#6358=AXIS2_PLACEMENT_3D('',#10321,#7251,#7252);
#6359=AXIS2_PLACEMENT_3D('',#10325,#7254,#7255);
#6360=AXIS2_PLACEMENT_3D('',#10330,#7258,#7259);
#6361=AXIS2_PLACEMENT_3D('',#10334,#7261,#7262);
#6362=AXIS2_PLACEMENT_3D('',#10337,#7264,#7265);
#6363=AXIS2_PLACEMENT_3D('',#10339,#7266,#7267);
#6364=AXIS2_PLACEMENT_3D('',#10341,#7268,#7269);
#6365=AXIS2_PLACEMENT_3D('',#10343,#7270,#7271);
#6366=AXIS2_PLACEMENT_3D('',#10344,#7272,#7273);
#6367=AXIS2_PLACEMENT_3D('',#10353,#7278,#7279);
#6368=AXIS2_PLACEMENT_3D('',#10361,#7285,#7286);
#6369=AXIS2_PLACEMENT_3D('',#10375,#7294,#7295);
#6370=AXIS2_PLACEMENT_3D('',#10381,#7299,#7300);
#6371=AXIS2_PLACEMENT_3D('',#10384,#7301,#7302);
#6372=AXIS2_PLACEMENT_3D('',#10388,#7304,#7305);
#6373=AXIS2_PLACEMENT_3D('',#10390,#7307,#7308);
#6374=AXIS2_PLACEMENT_3D('',#10396,#7312,#7313);
#6375=AXIS2_PLACEMENT_3D('',#10399,#7315,#7316);
#6376=AXIS2_PLACEMENT_3D('',#10400,#7317,#7318);
#6377=AXIS2_PLACEMENT_3D('',#10404,#7321,#7322);
#6378=AXIS2_PLACEMENT_3D('',#10405,#7323,#7324);
#6379=AXIS2_PLACEMENT_3D('',#10406,#7325,#7326);
#6380=AXIS2_PLACEMENT_3D('',#10415,#7331,#7332);
#6381=AXIS2_PLACEMENT_3D('',#10417,#7333,#7334);
#6382=AXIS2_PLACEMENT_3D('',#10420,#7336,#7337);
#6383=AXIS2_PLACEMENT_3D('',#10421,#7338,#7339);
#6384=AXIS2_PLACEMENT_3D('',#10427,#7343,#7344);
#6385=AXIS2_PLACEMENT_3D('',#10429,#7345,#7346);
#6386=AXIS2_PLACEMENT_3D('',#10432,#7348,#7349);
#6387=AXIS2_PLACEMENT_3D('',#10433,#7350,#7351);
#6388=AXIS2_PLACEMENT_3D('',#10437,#7354,#7355);
#6389=AXIS2_PLACEMENT_3D('',#10446,#7361,#7362);
#6390=AXIS2_PLACEMENT_3D('',#10450,#7364,#7365);
#6391=AXIS2_PLACEMENT_3D('',#10458,#7369,#7370);
#6392=AXIS2_PLACEMENT_3D('',#10465,#7374,#7375);
#6393=AXIS2_PLACEMENT_3D('',#10472,#7379,#7380);
#6394=AXIS2_PLACEMENT_3D('',#10473,#7381,#7382);
#6395=AXIS2_PLACEMENT_3D('',#10477,#7384,#7385);
#6396=AXIS2_PLACEMENT_3D('',#10479,#7387,#7388);
#6397=AXIS2_PLACEMENT_3D('',#10483,#7391,#7392);
#6398=AXIS2_PLACEMENT_3D('',#10485,#7393,#7394);
#6399=AXIS2_PLACEMENT_3D('',#10488,#7396,#7397);
#6400=AXIS2_PLACEMENT_3D('',#10489,#7398,#7399);
#6401=AXIS2_PLACEMENT_3D('',#10491,#7401,#7402);
#6402=AXIS2_PLACEMENT_3D('',#10493,#7404,#7405);
#6403=AXIS2_PLACEMENT_3D('',#10498,#7409,#7410);
#6404=AXIS2_PLACEMENT_3D('',#10499,#7411,#7412);
#6405=AXIS2_PLACEMENT_3D('',#10505,#7416,#7417);
#6406=AXIS2_PLACEMENT_3D('',#10508,#7419,#7420);
#6407=AXIS2_PLACEMENT_3D('',#10509,#7421,#7422);
#6408=AXIS2_PLACEMENT_3D('',#10511,#7423,#7424);
#6409=AXIS2_PLACEMENT_3D('',#10514,#7426,#7427);
#6410=AXIS2_PLACEMENT_3D('',#10515,#7428,#7429);
#6411=AXIS2_PLACEMENT_3D('',#10519,#7432,#7433);
#6412=AXIS2_PLACEMENT_3D('',#10521,#7435,#7436);
#6413=AXIS2_PLACEMENT_3D('',#10522,#7437,#7438);
#6414=AXIS2_PLACEMENT_3D('',#10525,#7440,#7441);
#6415=AXIS2_PLACEMENT_3D('',#10526,#7442,#7443);
#6416=AXIS2_PLACEMENT_3D('',#10530,#7446,#7447);
#6417=AXIS2_PLACEMENT_3D('',#10532,#7448,#7449);
#6418=AXIS2_PLACEMENT_3D('',#10535,#7451,#7452);
#6419=AXIS2_PLACEMENT_3D('',#10536,#7453,#7454);
#6420=AXIS2_PLACEMENT_3D('',#10538,#7456,#7457);
#6421=AXIS2_PLACEMENT_3D('',#10539,#7458,#7459);
#6422=AXIS2_PLACEMENT_3D('',#10543,#7462,#7463);
#6423=AXIS2_PLACEMENT_3D('',#10546,#7465,#7466);
#6424=AXIS2_PLACEMENT_3D('',#10547,#7467,#7468);
#6425=AXIS2_PLACEMENT_3D('',#10549,#7469,#7470);
#6426=AXIS2_PLACEMENT_3D('',#10552,#7472,#7473);
#6427=AXIS2_PLACEMENT_3D('',#10553,#7474,#7475);
#6428=AXIS2_PLACEMENT_3D('',#10555,#7477,#7478);
#6429=AXIS2_PLACEMENT_3D('',#10556,#7479,#7480);
#6430=AXIS2_PLACEMENT_3D('',#10557,#7481,#7482);
#6431=AXIS2_PLACEMENT_3D('',#10558,#7483,#7484);
#6432=AXIS2_PLACEMENT_3D('',#10562,#7486,#7487);
#6433=AXIS2_PLACEMENT_3D('',#10565,#7489,#7490);
#6434=AXIS2_PLACEMENT_3D('',#10566,#7491,#7492);
#6435=AXIS2_PLACEMENT_3D('',#10570,#7494,#7495);
#6436=AXIS2_PLACEMENT_3D('',#10573,#7497,#7498);
#6437=AXIS2_PLACEMENT_3D('',#10574,#7499,#7500);
#6438=AXIS2_PLACEMENT_3D('',#10578,#7502,#7503);
#6439=AXIS2_PLACEMENT_3D('',#10581,#7505,#7506);
#6440=AXIS2_PLACEMENT_3D('',#10582,#7507,#7508);
#6441=AXIS2_PLACEMENT_3D('',#10586,#7510,#7511);
#6442=AXIS2_PLACEMENT_3D('',#10589,#7513,#7514);
#6443=AXIS2_PLACEMENT_3D('',#10590,#7515,#7516);
#6444=AXIS2_PLACEMENT_3D('',#10592,#7518,#7519);
#6445=AXIS2_PLACEMENT_3D('',#10594,#7521,#7522);
#6446=AXIS2_PLACEMENT_3D('',#10596,#7524,#7525);
#6447=AXIS2_PLACEMENT_3D('',#10598,#7527,#7528);
#6448=AXIS2_PLACEMENT_3D('',#10600,#7530,#7531);
#6449=AXIS2_PLACEMENT_3D('',#10602,#7533,#7534);
#6450=AXIS2_PLACEMENT_3D('',#10605,#7537,#7538);
#6451=AXIS2_PLACEMENT_3D('',#10606,#7539,#7540);
#6452=AXIS2_PLACEMENT_3D('',#10608,#7542,#7543);
#6453=AXIS2_PLACEMENT_3D('',#10610,#7545,#7546);
#6454=AXIS2_PLACEMENT_3D('',#10613,#7549,#7550);
#6455=AXIS2_PLACEMENT_3D('',#10614,#7551,#7552);
#6456=AXIS2_PLACEMENT_3D('',#10616,#7554,#7555);
#6457=AXIS2_PLACEMENT_3D('',#10618,#7557,#7558);
#6458=AXIS2_PLACEMENT_3D('',#10620,#7560,#7561);
#6459=DIRECTION('axis',(0.,0.,1.));
#6460=DIRECTION('refdir',(1.,0.,0.));
#6461=DIRECTION('',(1.,0.,0.));
#6462=DIRECTION('',(1.,0.,0.));
#6463=DIRECTION('',(1.,0.,0.));
#6464=DIRECTION('',(1.,0.,0.));
#6465=DIRECTION('',(1.,0.,0.));
#6466=DIRECTION('',(1.,0.,0.));
#6467=DIRECTION('',(1.,0.,0.));
#6468=DIRECTION('',(1.,0.,0.));
#6469=DIRECTION('',(1.,0.,0.));
#6470=DIRECTION('',(1.,0.,0.));
#6471=DIRECTION('',(1.,0.,0.));
#6472=DIRECTION('',(1.,0.,0.));
#6473=DIRECTION('',(1.,0.,0.));
#6474=DIRECTION('',(1.,0.,0.));
#6475=DIRECTION('',(1.,0.,0.));
#6476=DIRECTION('center_axis',(0.,0.0750564842488411,0.997179283866348));
#6477=DIRECTION('ref_axis',(0.,-0.997179283866348,0.0750564842488411));
#6478=DIRECTION('',(0.,-0.997179283866348,0.0750564842488411));
#6479=DIRECTION('',(1.,0.,0.));
#6480=DIRECTION('',(0.,-0.997179283866348,0.0750564842488411));
#6481=DIRECTION('',(1.,0.,0.));
#6482=DIRECTION('',(1.,0.,0.));
#6483=DIRECTION('',(1.,0.,0.));
#6484=DIRECTION('',(1.,0.,0.));
#6485=DIRECTION('',(1.,0.,0.));
#6486=DIRECTION('',(1.,0.,0.));
#6487=DIRECTION('',(1.,0.,0.));
#6488=DIRECTION('',(1.,0.,0.));
#6489=DIRECTION('',(1.,0.,0.));
#6490=DIRECTION('',(1.,0.,0.));
#6491=DIRECTION('',(1.,0.,0.));
#6492=DIRECTION('',(1.,0.,0.));
#6493=DIRECTION('',(1.,0.,0.));
#6494=DIRECTION('',(1.,0.,0.));
#6495=DIRECTION('',(1.,0.,0.));
#6496=DIRECTION('',(1.,0.,0.));
#6497=DIRECTION('',(1.,0.,0.));
#6498=DIRECTION('',(1.,0.,0.));
#6499=DIRECTION('center_axis',(0.,-0.0870990423401601,-0.996199657108668));
#6500=DIRECTION('ref_axis',(0.,0.996199657108668,-0.0870990423401601));
#6501=DIRECTION('',(0.,0.996199657108668,-0.0870990423401601));
#6502=DIRECTION('',(1.,0.,0.));
#6503=DIRECTION('',(0.,0.996199657108668,-0.0870990423401601));
#6504=DIRECTION('center_axis',(-1.,0.,0.));
#6505=DIRECTION('ref_axis',(0.,-1.,0.));
#6506=DIRECTION('center_axis',(0.,0.,1.));
#6507=DIRECTION('ref_axis',(0.,-1.,0.));
#6508=DIRECTION('',(0.,-1.,0.));
#6509=DIRECTION('',(1.,0.,0.));
#6510=DIRECTION('',(0.,-1.,0.));
#6511=DIRECTION('',(1.,0.,0.));
#6512=DIRECTION('',(1.,0.,0.));
#6513=DIRECTION('',(1.,0.,0.));
#6514=DIRECTION('',(1.,0.,0.));
#6515=DIRECTION('',(1.,0.,0.));
#6516=DIRECTION('',(1.,0.,0.));
#6517=DIRECTION('',(1.,0.,0.));
#6518=DIRECTION('center_axis',(0.,0.,-1.));
#6519=DIRECTION('ref_axis',(0.,1.,0.));
#6520=DIRECTION('',(0.,1.,0.));
#6521=DIRECTION('',(1.,0.,0.));
#6522=DIRECTION('',(0.,1.,0.));
#6523=DIRECTION('center_axis',(0.,1.,0.));
#6524=DIRECTION('ref_axis',(0.,0.,1.));
#6525=DIRECTION('',(0.,0.,1.));
#6526=DIRECTION('',(0.,0.,1.));
#6527=DIRECTION('center_axis',(0.,0.,1.));
#6528=DIRECTION('ref_axis',(0.,-1.,0.));
#6529=DIRECTION('',(0.,-1.,0.));
#6530=DIRECTION('',(1.,0.,0.));
#6531=DIRECTION('',(0.,-1.,0.));
#6532=DIRECTION('',(1.,0.,0.));
#6533=DIRECTION('',(1.,0.,0.));
#6534=DIRECTION('',(1.,0.,0.));
#6535=DIRECTION('',(1.,0.,0.));
#6536=DIRECTION('',(1.,0.,0.));
#6537=DIRECTION('',(1.,0.,0.));
#6538=DIRECTION('',(1.,0.,0.));
#6539=DIRECTION('',(1.,0.,0.));
#6540=DIRECTION('center_axis',(0.,0.,-1.));
#6541=DIRECTION('ref_axis',(0.,1.,0.));
#6542=DIRECTION('',(0.,1.,0.));
#6543=DIRECTION('',(1.,0.,0.));
#6544=DIRECTION('',(0.,1.,0.));
#6545=DIRECTION('center_axis',(0.,1.,0.));
#6546=DIRECTION('ref_axis',(0.,0.,1.));
#6547=DIRECTION('',(0.,0.,1.));
#6548=DIRECTION('',(0.,0.,1.));
#6549=DIRECTION('',(1.,0.,0.));
#6550=DIRECTION('',(1.,0.,0.));
#6551=DIRECTION('',(1.,0.,0.));
#6552=DIRECTION('',(1.,0.,0.));
#6553=DIRECTION('',(1.,0.,0.));
#6554=DIRECTION('',(1.,0.,0.));
#6555=DIRECTION('',(1.,0.,0.));
#6556=DIRECTION('',(1.,0.,0.));
#6557=DIRECTION('',(1.,0.,0.));
#6558=DIRECTION('',(1.,0.,0.));
#6559=DIRECTION('',(1.,0.,0.));
#6560=DIRECTION('',(1.,0.,0.));
#6561=DIRECTION('center_axis',(0.,0.,-1.));
#6562=DIRECTION('ref_axis',(0.,1.,0.));
#6563=DIRECTION('',(0.,1.,0.));
#6564=DIRECTION('',(1.,0.,0.));
#6565=DIRECTION('',(0.,1.,0.));
#6566=DIRECTION('center_axis',(0.,-1.,1.48029730734515E-15));
#6567=DIRECTION('ref_axis',(0.,-1.48029730734515E-15,-1.));
#6568=DIRECTION('',(0.,-1.48029730734515E-15,-1.));
#6569=DIRECTION('',(1.,0.,0.));
#6570=DIRECTION('',(0.,-1.48029730734515E-15,-1.));
#6571=DIRECTION('center_axis',(0.,0.,1.));
#6572=DIRECTION('ref_axis',(0.,-1.,0.));
#6573=DIRECTION('',(0.,-1.,0.));
#6574=DIRECTION('',(0.,-1.,0.));
#6575=DIRECTION('center_axis',(-1.,0.,0.));
#6576=DIRECTION('ref_axis',(0.,-1.,0.));
#6577=DIRECTION('center_axis',(0.,1.,-1.48029730734515E-15));
#6578=DIRECTION('ref_axis',(0.,1.48029730734515E-15,1.));
#6579=DIRECTION('',(0.,1.48029730734515E-15,1.));
#6580=DIRECTION('',(1.,0.,0.));
#6581=DIRECTION('',(0.,1.48029730734515E-15,1.));
#6582=DIRECTION('',(1.,0.,0.));
#6583=DIRECTION('center_axis',(0.,0.,-1.));
#6584=DIRECTION('ref_axis',(0.,1.,0.));
#6585=DIRECTION('',(0.,1.,0.));
#6586=DIRECTION('',(1.,0.,0.));
#6587=DIRECTION('',(0.,1.,0.));
#6588=DIRECTION('center_axis',(0.,-1.,1.48029730734515E-15));
#6589=DIRECTION('ref_axis',(0.,-1.48029730734515E-15,-1.));
#6590=DIRECTION('',(0.,-1.48029730734515E-15,-1.));
#6591=DIRECTION('',(1.,0.,0.));
#6592=DIRECTION('',(0.,-1.48029730734515E-15,-1.));
#6593=DIRECTION('center_axis',(0.,0.,1.));
#6594=DIRECTION('ref_axis',(0.,-1.,0.));
#6595=DIRECTION('',(0.,-1.,0.));
#6596=DIRECTION('',(0.,-1.,0.));
#6597=DIRECTION('center_axis',(1.,0.,0.));
#6598=DIRECTION('ref_axis',(0.,0.,-1.));
#6599=DIRECTION('center_axis',(0.,1.,-1.88378117400327E-15));
#6600=DIRECTION('ref_axis',(0.,1.88378117400327E-15,1.));
#6601=DIRECTION('',(0.,1.88378117400327E-15,1.));
#6602=DIRECTION('',(1.,0.,0.));
#6603=DIRECTION('',(0.,1.88378117400327E-15,1.));
#6604=DIRECTION('',(1.,0.,0.));
#6605=DIRECTION('center_axis',(0.,-0.831383637606547,0.555698881697728));
#6606=DIRECTION('ref_axis',(0.,-0.555698881697728,-0.831383637606547));
#6607=DIRECTION('',(0.,-0.555698881697728,-0.831383637606547));
#6608=DIRECTION('',(1.,0.,0.));
#6609=DIRECTION('',(0.,-0.555698881697728,-0.831383637606547));
#6610=DIRECTION('center_axis',(0.,0.,1.));
#6611=DIRECTION('ref_axis',(0.,-1.,0.));
#6612=DIRECTION('',(0.,-1.,0.));
#6613=DIRECTION('',(1.,0.,0.));
#6614=DIRECTION('',(0.,-1.,0.));
#6615=DIRECTION('center_axis',(0.,1.,-1.48029730734515E-15));
#6616=DIRECTION('ref_axis',(0.,1.48029730734515E-15,1.));
#6617=DIRECTION('',(0.,1.48029730734515E-15,1.));
#6618=DIRECTION('',(1.,0.,0.));
#6619=DIRECTION('',(0.,1.48029730734515E-15,1.));
#6620=DIRECTION('center_axis',(0.,0.,-1.));
#6621=DIRECTION('ref_axis',(0.,1.,0.));
#6622=DIRECTION('',(0.,1.,0.));
#6623=DIRECTION('',(1.,0.,0.));
#6624=DIRECTION('',(0.,1.,0.));
#6625=DIRECTION('center_axis',(0.,-1.,1.88541769551177E-15));
#6626=DIRECTION('ref_axis',(0.,-1.88541769551177E-15,-1.));
#6627=DIRECTION('',(0.,-1.88541769551177E-15,-1.));
#6628=DIRECTION('',(1.,0.,0.));
#6629=DIRECTION('',(0.,-1.88541769551177E-15,-1.));
#6630=DIRECTION('center_axis',(0.,0.831160596149548,-0.556032430176809));
#6631=DIRECTION('ref_axis',(0.,0.556032430176809,0.831160596149548));
#6632=DIRECTION('',(0.,0.556032430176809,0.831160596149548));
#6633=DIRECTION('',(1.,0.,0.));
#6634=DIRECTION('',(0.,0.556032430176809,0.831160596149548));
#6635=DIRECTION('center_axis',(0.,0.,-1.));
#6636=DIRECTION('ref_axis',(0.,1.,0.));
#6637=DIRECTION('',(0.,1.,0.));
#6638=DIRECTION('',(1.,0.,0.));
#6639=DIRECTION('',(0.,1.,0.));
#6640=DIRECTION('center_axis',(0.,-1.,1.48029730734515E-15));
#6641=DIRECTION('ref_axis',(0.,-1.48029730734515E-15,-1.));
#6642=DIRECTION('',(0.,-1.48029730734515E-15,-1.));
#6643=DIRECTION('',(1.,0.,0.));
#6644=DIRECTION('',(0.,-1.48029730734515E-15,-1.));
#6645=DIRECTION('center_axis',(0.,0.,1.));
#6646=DIRECTION('ref_axis',(0.,-1.,0.));
#6647=DIRECTION('',(0.,-1.,0.));
#6648=DIRECTION('',(0.,-1.,0.));
#6649=DIRECTION('center_axis',(1.,0.,0.));
#6650=DIRECTION('ref_axis',(0.,0.,-1.));
#6651=DIRECTION('',(1.,0.,0.));
#6652=DIRECTION('',(1.,0.,0.));
#6653=DIRECTION('',(1.,0.,0.));
#6654=DIRECTION('',(1.,0.,0.));
#6655=DIRECTION('',(1.,0.,0.));
#6656=DIRECTION('',(1.,0.,0.));
#6657=DIRECTION('center_axis',(0.,1.,0.));
#6658=DIRECTION('ref_axis',(0.,0.,1.));
#6659=DIRECTION('',(0.,0.,1.));
#6660=DIRECTION('',(1.,0.,0.));
#6661=DIRECTION('',(0.,0.,1.));
#6662=DIRECTION('center_axis',(0.,0.,-1.));
#6663=DIRECTION('ref_axis',(0.,1.,0.));
#6664=DIRECTION('',(0.,1.,0.));
#6665=DIRECTION('',(1.,0.,0.));
#6666=DIRECTION('',(0.,1.,0.));
#6667=DIRECTION('center_axis',(0.,-1.,1.28106016695192E-15));
#6668=DIRECTION('ref_axis',(0.,-1.28106016695192E-15,-1.));
#6669=DIRECTION('',(0.,-1.28106016695192E-15,-1.));
#6670=DIRECTION('',(1.,0.,0.));
#6671=DIRECTION('',(0.,-1.28106016695192E-15,-1.));
#6672=DIRECTION('',(1.,0.,0.));
#6673=DIRECTION('',(1.,0.,0.));
#6674=DIRECTION('',(1.,0.,0.));
#6675=DIRECTION('',(1.,0.,0.));
#6676=DIRECTION('',(1.,0.,0.));
#6677=DIRECTION('',(1.,0.,0.));
#6678=DIRECTION('center_axis',(0.,1.,0.));
#6679=DIRECTION('ref_axis',(0.,0.,1.));
#6680=DIRECTION('',(0.,0.,1.));
#6681=DIRECTION('',(1.,0.,0.));
#6682=DIRECTION('',(0.,0.,1.));
#6683=DIRECTION('center_axis',(0.,0.,-1.));
#6684=DIRECTION('ref_axis',(0.,1.,0.));
#6685=DIRECTION('',(0.,1.,0.));
#6686=DIRECTION('',(1.,0.,0.));
#6687=DIRECTION('',(0.,1.,0.));
#6688=DIRECTION('center_axis',(0.,-1.,0.));
#6689=DIRECTION('ref_axis',(0.,0.,-1.));
#6690=DIRECTION('',(0.,0.,-1.));
#6691=DIRECTION('',(0.,0.,-1.));
#6692=DIRECTION('center_axis',(-1.,0.,0.));
#6693=DIRECTION('ref_axis',(0.,-1.,0.));
#6694=DIRECTION('center_axis',(-1.,0.,0.));
#6695=DIRECTION('ref_axis',(0.,-1.,0.));
#6696=DIRECTION('center_axis',(-1.,0.,0.));
#6697=DIRECTION('ref_axis',(0.,-1.,0.));
#6698=DIRECTION('center_axis',(0.,0.0052917029226849,0.999985998842073));
#6699=DIRECTION('ref_axis',(0.,0.999985998842073,-0.0052917029226849));
#6700=DIRECTION('',(-1.76534758338433E-16,0.999985998842073,-0.0052917029226849));
#6701=DIRECTION('',(-1.,0.,0.));
#6702=DIRECTION('',(0.,0.999985998842073,-0.0052917029226849));
#6703=DIRECTION('',(-1.,0.,0.));
#6704=DIRECTION('',(-1.,0.,0.));
#6705=DIRECTION('',(-1.,0.,0.));
#6706=DIRECTION('',(-1.,0.,0.));
#6707=DIRECTION('',(-1.,0.,0.));
#6708=DIRECTION('',(-1.,0.,0.));
#6709=DIRECTION('center_axis',(0.,-0.00529170292268478,-0.999985998842073));
#6710=DIRECTION('ref_axis',(0.,-0.999985998842073,0.00529170292268478));
#6711=DIRECTION('',(1.76534758338433E-16,-0.999985998842073,0.00529170292268478));
#6712=DIRECTION('',(-1.,0.,0.));
#6713=DIRECTION('',(0.,-0.999985998842073,0.00529170292268478));
#6714=DIRECTION('center_axis',(0.,-0.999985998842073,0.00529170292268374));
#6715=DIRECTION('ref_axis',(0.,0.00529170292268374,0.999985998842073));
#6716=DIRECTION('',(-9.34182576292535E-19,0.00529170292268374,0.999985998842073));
#6717=DIRECTION('',(0.,0.00529170292268374,0.999985998842073));
#6718=DIRECTION('center_axis',(0.,-0.999985998842073,0.00529170292268428));
#6719=DIRECTION('ref_axis',(0.,0.00529170292268428,0.999985998842073));
#6720=DIRECTION('',(-9.3418257629263E-19,0.00529170292268428,0.999985998842073));
#6721=DIRECTION('',(-1.,0.,0.));
#6722=DIRECTION('',(0.,0.00529170292268428,0.999985998842073));
#6723=DIRECTION('',(-1.,0.,0.));
#6724=DIRECTION('center_axis',(0.,0.00529170292268345,0.999985998842073));
#6725=DIRECTION('ref_axis',(0.,0.999985998842073,-0.00529170292268345));
#6726=DIRECTION('',(-1.76534758338433E-16,0.999985998842073,-0.00529170292268345));
#6727=DIRECTION('',(-1.,0.,0.));
#6728=DIRECTION('',(0.,0.999985998842073,-0.00529170292268345));
#6729=DIRECTION('',(-1.,0.,0.));
#6730=DIRECTION('',(-1.,0.,0.));
#6731=DIRECTION('',(-1.,0.,0.));
#6732=DIRECTION('',(-1.,0.,0.));
#6733=DIRECTION('center_axis',(0.,0.846604042366459,0.532223257147572));
#6734=DIRECTION('ref_axis',(0.,0.532223257147572,-0.846604042366459));
#6735=DIRECTION('',(-9.395721959251E-17,0.532223257147572,-0.846604042366459));
#6736=DIRECTION('',(-1.,0.,0.));
#6737=DIRECTION('',(0.,0.532223257147572,-0.846604042366459));
#6738=DIRECTION('center_axis',(0.,0.00529170292268452,0.999985998842073));
#6739=DIRECTION('ref_axis',(0.,0.999985998842073,-0.00529170292268452));
#6740=DIRECTION('',(-1.76534758338433E-16,0.999985998842073,-0.00529170292268452));
#6741=DIRECTION('',(-1.,0.,0.));
#6742=DIRECTION('',(0.,0.999985998842073,-0.00529170292268452));
#6743=DIRECTION('center_axis',(0.,-0.845454383753696,-0.534047642997943));
#6744=DIRECTION('ref_axis',(0.,-0.534047642997943,0.845454383753696));
#6745=DIRECTION('',(9.42792916171027E-17,-0.534047642997943,0.845454383753696));
#6746=DIRECTION('',(-1.,0.,0.));
#6747=DIRECTION('',(0.,-0.534047642997943,0.845454383753696));
#6748=DIRECTION('',(-1.,0.,0.));
#6749=DIRECTION('',(-1.,0.,0.));
#6750=DIRECTION('',(-1.,0.,0.));
#6751=DIRECTION('',(-1.,0.,0.));
#6752=DIRECTION('',(-1.,0.,0.));
#6753=DIRECTION('',(-1.,0.,0.));
#6754=DIRECTION('',(-1.,0.,0.));
#6755=DIRECTION('center_axis',(0.,-0.00529170292268433,-0.999985998842073));
#6756=DIRECTION('ref_axis',(0.,-0.999985998842073,0.00529170292268433));
#6757=DIRECTION('',(1.76534758338433E-16,-0.999985998842073,0.00529170292268433));
#6758=DIRECTION('',(-1.,0.,0.));
#6759=DIRECTION('',(0.,-0.999985998842073,0.00529170292268432));
#6760=DIRECTION('center_axis',(0.,0.999985998842073,-0.00529170292268426));
#6761=DIRECTION('ref_axis',(0.,-0.00529170292268426,-0.999985998842073));
#6762=DIRECTION('',(9.34182576292628E-19,-0.00529170292268426,-0.999985998842073));
#6763=DIRECTION('',(-1.,0.,0.));
#6764=DIRECTION('',(0.,-0.00529170292268426,-0.999985998842073));
#6765=DIRECTION('center_axis',(0.,0.00529170292268579,0.999985998842073));
#6766=DIRECTION('ref_axis',(0.,0.999985998842073,-0.00529170292268579));
#6767=DIRECTION('',(-1.76534758338433E-16,0.999985998842073,-0.00529170292268579));
#6768=DIRECTION('',(0.,0.999985998842073,-0.00529170292268579));
#6769=DIRECTION('center_axis',(1.,0.,0.));
#6770=DIRECTION('ref_axis',(0.,1.,0.));
#6771=DIRECTION('',(-1.,0.,0.));
#6772=DIRECTION('',(-1.,0.,0.));
#6773=DIRECTION('',(-1.,0.,0.));
#6774=DIRECTION('',(-1.,0.,0.));
#6775=DIRECTION('',(-1.,0.,0.));
#6776=DIRECTION('center_axis',(0.,-0.999982201469549,0.00596630070603459));
#6777=DIRECTION('ref_axis',(0.,0.00596630070603459,0.999982201469549));
#6778=DIRECTION('',(-1.05327420037266E-18,0.00596630070603459,0.999982201469549));
#6779=DIRECTION('',(-1.,0.,0.));
#6780=DIRECTION('',(0.,0.00596630070603459,0.999982201469549));
#6781=DIRECTION('center_axis',(0.,-0.00596630070603428,-0.999982201469549));
#6782=DIRECTION('ref_axis',(0.,-0.999982201469549,0.00596630070603428));
#6783=DIRECTION('',(1.76534087960806E-16,-0.999982201469549,0.00596630070603428));
#6784=DIRECTION('',(-1.,0.,0.));
#6785=DIRECTION('',(0.,-0.999982201469549,0.00596630070603428));
#6786=DIRECTION('center_axis',(0.,0.999982201469549,-0.00596630070603381));
#6787=DIRECTION('ref_axis',(0.,-0.00596630070603381,-0.999982201469549));
#6788=DIRECTION('',(1.05327420037252E-18,-0.00596630070603381,-0.999982201469549));
#6789=DIRECTION('',(-1.,0.,0.));
#6790=DIRECTION('',(0.,-0.00596630070603381,-0.999982201469549));
#6791=DIRECTION('',(-1.,0.,0.));
#6792=DIRECTION('',(-1.,0.,0.));
#6793=DIRECTION('',(-1.,0.,0.));
#6794=DIRECTION('',(-1.,0.,0.));
#6795=DIRECTION('',(-1.,0.,0.));
#6796=DIRECTION('center_axis',(0.,0.129957947901578,-0.991519506503634));
#6797=DIRECTION('ref_axis',(0.,-0.991519506503635,-0.129957947901578));
#6798=DIRECTION('',(1.75040107232646E-16,-0.991519506503635,-0.129957947901578));
#6799=DIRECTION('',(-1.,0.,0.));
#6800=DIRECTION('',(0.,-0.991519506503635,-0.129957947901578));
#6801=DIRECTION('center_axis',(1.,0.,0.));
#6802=DIRECTION('ref_axis',(0.,1.,0.));
#6803=DIRECTION('center_axis',(0.,-0.999982201469549,0.00596630070603649));
#6804=DIRECTION('ref_axis',(0.,0.00596630070603649,0.999982201469549));
#6805=DIRECTION('',(-1.05327420037299E-18,0.00596630070603649,0.999982201469549));
#6806=DIRECTION('',(-1.,0.,0.));
#6807=DIRECTION('',(0.,0.00596630070603649,0.999982201469549));
#6808=DIRECTION('',(-1.,0.,0.));
#6809=DIRECTION('center_axis',(0.,-0.818781531384293,0.574105220202701));
#6810=DIRECTION('ref_axis',(0.,0.574105220202701,0.818781531384293));
#6811=DIRECTION('',(-1.01350945339908E-16,0.574105220202701,0.818781531384293));
#6812=DIRECTION('',(-1.,0.,0.));
#6813=DIRECTION('',(0.,0.574105220202701,0.818781531384293));
#6814=DIRECTION('center_axis',(0.,-0.00596630070603352,-0.999982201469549));
#6815=DIRECTION('ref_axis',(0.,-0.999982201469549,0.00596630070603352));
#6816=DIRECTION('',(1.76534087960806E-16,-0.999982201469549,0.00596630070603352));
#6817=DIRECTION('',(-1.,0.,0.));
#6818=DIRECTION('',(0.,-0.999982201469549,0.00596630070603352));
#6819=DIRECTION('center_axis',(0.,0.831721236077154,-0.55519346669273));
#6820=DIRECTION('ref_axis',(0.,-0.55519346669273,-0.831721236077154));
#6821=DIRECTION('',(9.80123167596034E-17,-0.55519346669273,-0.831721236077154));
#6822=DIRECTION('',(-1.,0.,0.));
#6823=DIRECTION('',(0.,-0.55519346669273,-0.831721236077154));
#6824=DIRECTION('',(-1.,0.,0.));
#6825=DIRECTION('',(-1.,0.,0.));
#6826=DIRECTION('center_axis',(0.,-0.840219855645629,-0.5422458798173));
#6827=DIRECTION('ref_axis',(0.,-0.5422458798173,0.84021985564563));
#6828=DIRECTION('',(9.57265856366012E-17,-0.5422458798173,0.84021985564563));
#6829=DIRECTION('',(-1.,0.,0.));
#6830=DIRECTION('',(0.,-0.5422458798173,0.84021985564563));
#6831=DIRECTION('center_axis',(0.,-0.00596630070603343,-0.999982201469549));
#6832=DIRECTION('ref_axis',(0.,-0.999982201469549,0.00596630070603343));
#6833=DIRECTION('',(1.76534087960806E-16,-0.999982201469549,0.00596630070603343));
#6834=DIRECTION('',(-1.,0.,0.));
#6835=DIRECTION('',(0.,-0.999982201469549,0.00596630070603343));
#6836=DIRECTION('center_axis',(0.,0.834594263200976,0.550865152130737));
#6837=DIRECTION('ref_axis',(0.,0.550865152130737,-0.834594263200976));
#6838=DIRECTION('',(-9.72482080959832E-17,0.550865152130737,-0.834594263200976));
#6839=DIRECTION('',(-1.,0.,0.));
#6840=DIRECTION('',(0.,0.550865152130737,-0.834594263200976));
#6841=DIRECTION('center_axis',(0.,0.999982201469549,-0.00596630070603649));
#6842=DIRECTION('ref_axis',(0.,-0.00596630070603649,-0.999982201469549));
#6843=DIRECTION('',(1.05327420037299E-18,-0.00596630070603649,-0.999982201469549));
#6844=DIRECTION('',(-1.,0.,0.));
#6845=DIRECTION('',(0.,-0.00596630070603649,-0.999982201469549));
#6846=DIRECTION('center_axis',(0.,0.0059663007060352,0.999982201469549));
#6847=DIRECTION('ref_axis',(0.,0.999982201469549,-0.0059663007060352));
#6848=DIRECTION('',(-1.76534087960806E-16,0.999982201469549,-0.0059663007060352));
#6849=DIRECTION('',(0.,0.999982201469549,-0.0059663007060352));
#6850=DIRECTION('center_axis',(1.,0.,0.));
#6851=DIRECTION('ref_axis',(0.,1.,0.));
#6852=DIRECTION('',(-1.,0.,0.));
#6853=DIRECTION('',(-1.,0.,0.));
#6854=DIRECTION('',(-1.,0.,0.));
#6855=DIRECTION('',(-1.,0.,0.));
#6856=DIRECTION('',(-1.,0.,0.));
#6857=DIRECTION('',(-1.,0.,0.));
#6858=DIRECTION('',(-1.,0.,0.));
#6859=DIRECTION('',(-1.,0.,0.));
#6860=DIRECTION('',(-1.,0.,0.));
#6861=DIRECTION('',(-1.,0.,0.));
#6862=DIRECTION('',(-1.,0.,0.));
#6863=DIRECTION('',(-1.,0.,0.));
#6864=DIRECTION('',(-1.,0.,0.));
#6865=DIRECTION('',(-1.,0.,0.));
#6866=DIRECTION('',(-1.,0.,0.));
#6867=DIRECTION('',(-1.,0.,0.));
#6868=DIRECTION('',(-1.,0.,0.));
#6869=DIRECTION('',(-1.,0.,0.));
#6870=DIRECTION('',(-1.,0.,0.));
#6871=DIRECTION('',(-1.,0.,0.));
#6872=DIRECTION('center_axis',(1.,0.,0.));
#6873=DIRECTION('ref_axis',(0.,1.,0.));
#6874=DIRECTION('center_axis',(0.,-0.961924272477371,0.273316106402238));
#6875=DIRECTION('ref_axis',(0.,0.273316106402238,0.961924272477371));
#6876=DIRECTION('',(-4.8250468356148E-17,0.273316106402238,0.961924272477371));
#6877=DIRECTION('',(-1.,0.,0.));
#6878=DIRECTION('',(0.,0.273316106402238,0.961924272477371));
#6879=DIRECTION('',(-1.,0.,0.));
#6880=DIRECTION('',(-1.,0.,0.));
#6881=DIRECTION('',(-1.,0.,0.));
#6882=DIRECTION('center_axis',(0.,0.965199068394253,0.261516267889527));
#6883=DIRECTION('ref_axis',(0.,0.261516267889527,-0.965199068394253));
#6884=DIRECTION('',(-4.61673575499105E-17,0.261516267889527,-0.965199068394253));
#6885=DIRECTION('',(-1.,0.,0.));
#6886=DIRECTION('',(0.,0.261516267889527,-0.965199068394253));
#6887=DIRECTION('center_axis',(0.,0.00529170292268464,0.999985998842073));
#6888=DIRECTION('ref_axis',(0.,0.999985998842073,-0.00529170292268464));
#6889=DIRECTION('',(-1.76534758338433E-16,0.999985998842073,-0.00529170292268464));
#6890=DIRECTION('',(-1.,0.,0.));
#6891=DIRECTION('',(0.,0.999985998842073,-0.00529170292268464));
#6892=DIRECTION('center_axis',(0.,-0.962985648413672,0.269552668228863));
#6893=DIRECTION('ref_axis',(0.,0.269552668228863,0.962985648413672));
#6894=DIRECTION('',(-4.7586081405503E-17,0.269552668228863,0.962985648413672));
#6895=DIRECTION('',(-1.,0.,0.));
#6896=DIRECTION('',(0.,0.269552668228863,0.962985648413672));
#6897=DIRECTION('center_axis',(0.,-0.00529170292268466,-0.999985998842073));
#6898=DIRECTION('ref_axis',(0.,-0.999985998842073,0.00529170292268466));
#6899=DIRECTION('',(1.76534758338433E-16,-0.999985998842073,0.00529170292268466));
#6900=DIRECTION('',(-1.,0.,0.));
#6901=DIRECTION('',(0.,-0.999985998842073,0.00529170292268466));
#6902=DIRECTION('center_axis',(0.,0.970193693531479,-0.242330759565821));
#6903=DIRECTION('ref_axis',(0.,-0.242330759565821,-0.970193693531479));
#6904=DIRECTION('',(4.27804010530723E-17,-0.242330759565821,-0.970193693531479));
#6905=DIRECTION('',(-1.,0.,0.));
#6906=DIRECTION('',(0.,-0.242330759565821,-0.970193693531479));
#6907=DIRECTION('',(-1.,0.,0.));
#6908=DIRECTION('',(-1.,0.,0.));
#6909=DIRECTION('center_axis',(0.,-0.963633669224695,-0.267226779227966));
#6910=DIRECTION('ref_axis',(0.,-0.267226779227966,0.963633669224695));
#6911=DIRECTION('',(4.7175475403848E-17,-0.267226779227966,0.963633669224695));
#6912=DIRECTION('',(-1.,0.,0.));
#6913=DIRECTION('',(0.,-0.267226779227966,0.963633669224695));
#6914=DIRECTION('center_axis',(0.,-0.0052917029226849,-0.999985998842073));
#6915=DIRECTION('ref_axis',(0.,-0.999985998842073,0.0052917029226849));
#6916=DIRECTION('',(1.76534758338433E-16,-0.999985998842073,0.0052917029226849));
#6917=DIRECTION('',(-1.,0.,0.));
#6918=DIRECTION('',(0.,-0.999985998842073,0.0052917029226849));
#6919=DIRECTION('center_axis',(0.,0.961059385668981,-0.276341920847275));
#6920=DIRECTION('ref_axis',(0.,-0.276341920847275,-0.961059385668981));
#6921=DIRECTION('',(4.87846372569626E-17,-0.276341920847275,-0.961059385668981));
#6922=DIRECTION('',(-1.,0.,0.));
#6923=DIRECTION('',(0.,-0.276341920847275,-0.961059385668981));
#6924=DIRECTION('',(-1.,0.,0.));
#6925=DIRECTION('',(-1.,0.,0.));
#6926=DIRECTION('center_axis',(0.,-0.975299638963483,-0.220885975647389));
#6927=DIRECTION('ref_axis',(0.,-0.220885975647389,0.975299638963483));
#6928=DIRECTION('',(3.89945983007898E-17,-0.220885975647389,0.975299638963483));
#6929=DIRECTION('',(-1.,0.,0.));
#6930=DIRECTION('',(0.,-0.220885975647389,0.975299638963483));
#6931=DIRECTION('center_axis',(0.,-0.00529170292268552,-0.999985998842073));
#6932=DIRECTION('ref_axis',(0.,-0.999985998842073,0.00529170292268552));
#6933=DIRECTION('',(1.76534758338433E-16,-0.999985998842073,0.00529170292268552));
#6934=DIRECTION('',(-1.,0.,0.));
#6935=DIRECTION('',(0.,-0.999985998842073,0.00529170292268552));
#6936=DIRECTION('center_axis',(0.,0.967895203810972,0.251354081804369));
#6937=DIRECTION('ref_axis',(0.,0.251354081804368,-0.967895203810972));
#6938=DIRECTION('',(-4.43733533670411E-17,0.251354081804368,-0.967895203810972));
#6939=DIRECTION('',(-1.,0.,0.));
#6940=DIRECTION('',(0.,0.251354081804368,-0.967895203810972));
#6941=DIRECTION('center_axis',(0.,0.0052917029226839,0.999985998842073));
#6942=DIRECTION('ref_axis',(0.,0.999985998842073,-0.0052917029226839));
#6943=DIRECTION('',(-1.76534758338433E-16,0.999985998842073,-0.0052917029226839));
#6944=DIRECTION('',(0.,0.999985998842073,-0.0052917029226839));
#6945=DIRECTION('center_axis',(1.,0.,0.));
#6946=DIRECTION('ref_axis',(0.,1.,0.));
#6947=DIRECTION('center_axis',(0.,0.00529170292268375,0.999985998842073));
#6948=DIRECTION('ref_axis',(0.,0.999985998842073,-0.00529170292268375));
#6949=DIRECTION('',(-1.76534758338433E-16,0.999985998842073,-0.00529170292268375));
#6950=DIRECTION('',(-1.,0.,0.));
#6951=DIRECTION('',(0.,0.999985998842073,-0.00529170292268375));
#6952=DIRECTION('',(-1.,0.,0.));
#6953=DIRECTION('',(-1.,0.,0.));
#6954=DIRECTION('',(-1.,0.,0.));
#6955=DIRECTION('',(-1.,0.,0.));
#6956=DIRECTION('',(-1.,0.,0.));
#6957=DIRECTION('',(-1.,0.,0.));
#6958=DIRECTION('center_axis',(0.,-0.00529170292268471,-0.999985998842073));
#6959=DIRECTION('ref_axis',(0.,-0.999985998842073,0.00529170292268471));
#6960=DIRECTION('',(1.76534758338433E-16,-0.999985998842073,0.00529170292268471));
#6961=DIRECTION('',(-1.,0.,0.));
#6962=DIRECTION('',(0.,-0.999985998842073,0.00529170292268471));
#6963=DIRECTION('center_axis',(0.,-0.999985998842073,0.00529170292268291));
#6964=DIRECTION('ref_axis',(0.,0.00529170292268291,0.999985998842073));
#6965=DIRECTION('',(-9.34182576292389E-19,0.00529170292268291,0.999985998842073));
#6966=DIRECTION('',(0.,0.00529170292268291,0.999985998842073));
#6967=DIRECTION('center_axis',(0.,-0.999985998842073,0.00529170292268318));
#6968=DIRECTION('ref_axis',(0.,0.00529170292268318,0.999985998842073));
#6969=DIRECTION('',(-9.34182576292437E-19,0.00529170292268318,0.999985998842073));
#6970=DIRECTION('',(-1.,0.,0.));
#6971=DIRECTION('',(0.,0.00529170292268318,0.999985998842073));
#6972=DIRECTION('',(-1.,0.,0.));
#6973=DIRECTION('center_axis',(0.,0.00529170292268412,0.999985998842073));
#6974=DIRECTION('ref_axis',(0.,0.999985998842073,-0.00529170292268412));
#6975=DIRECTION('',(-1.76534758338433E-16,0.999985998842073,-0.00529170292268412));
#6976=DIRECTION('',(-1.,0.,0.));
#6977=DIRECTION('',(0.,0.999985998842073,-0.00529170292268412));
#6978=DIRECTION('',(-1.,0.,0.));
#6979=DIRECTION('',(-1.,0.,0.));
#6980=DIRECTION('',(-1.,0.,0.));
#6981=DIRECTION('',(-1.,0.,0.));
#6982=DIRECTION('',(-1.,0.,0.));
#6983=DIRECTION('',(-1.,0.,0.));
#6984=DIRECTION('center_axis',(0.,-0.00529170292268415,-0.999985998842073));
#6985=DIRECTION('ref_axis',(0.,-0.999985998842073,0.00529170292268415));
#6986=DIRECTION('',(1.76534758338433E-16,-0.999985998842073,0.00529170292268415));
#6987=DIRECTION('',(-1.,0.,0.));
#6988=DIRECTION('',(0.,-0.999985998842073,0.00529170292268415));
#6989=DIRECTION('center_axis',(0.,0.999985998842073,-0.00529170292268352));
#6990=DIRECTION('ref_axis',(0.,-0.00529170292268352,-0.999985998842073));
#6991=DIRECTION('',(9.34182576292497E-19,-0.00529170292268352,-0.999985998842073));
#6992=DIRECTION('',(-1.,0.,0.));
#6993=DIRECTION('',(0.,-0.00529170292268352,-0.999985998842073));
#6994=DIRECTION('center_axis',(0.,0.00529170292268508,0.999985998842073));
#6995=DIRECTION('ref_axis',(0.,0.999985998842073,-0.00529170292268508));
#6996=DIRECTION('',(-1.76534758338433E-16,0.999985998842073,-0.00529170292268508));
#6997=DIRECTION('',(0.,0.999985998842073,-0.00529170292268508));
#6998=DIRECTION('center_axis',(1.,0.,0.));
#6999=DIRECTION('ref_axis',(0.,1.,0.));
#7000=DIRECTION('center_axis',(1.,1.76537230064071E-16,0.));
#7001=DIRECTION('ref_axis',(-1.76537230064071E-16,1.,0.));
#7002=DIRECTION('center_axis',(1.,1.76537230064071E-16,0.));
#7003=DIRECTION('ref_axis',(-1.76537230064071E-16,1.,0.));
#7004=DIRECTION('center_axis',(1.,1.76537230064071E-16,0.));
#7005=DIRECTION('ref_axis',(-1.76537230064071E-16,1.,0.));
#7006=DIRECTION('center_axis',(-0.978326948658802,5.88884511974394E-16,
0.207066128393704));
#7007=DIRECTION('ref_axis',(0.207066128393704,-8.67686745272137E-17,0.978326948658802));
#7008=DIRECTION('',(-0.207066128393704,0.,-0.978326948658802));
#7009=DIRECTION('',(0.,-1.,0.));
#7010=DIRECTION('',(0.207066128393704,0.,0.978326948658802));
#7011=DIRECTION('',(0.,-1.,2.84394418605597E-15));
#7012=DIRECTION('center_axis',(-1.,0.,0.));
#7013=DIRECTION('ref_axis',(0.,-1.,0.));
#7014=DIRECTION('',(0.,0.,1.));
#7015=DIRECTION('',(0.,-1.,0.));
#7016=DIRECTION('',(0.,0.,1.));
#7017=DIRECTION('',(0.,-1.,0.));
#7018=DIRECTION('',(0.,0.,1.));
#7019=DIRECTION('',(0.,-1.,0.));
#7020=DIRECTION('',(0.,0.,1.));
#7021=DIRECTION('center_axis',(-1.,0.,0.));
#7022=DIRECTION('ref_axis',(0.,-8.88178419700124E-15,1.));
#7023=DIRECTION('',(0.,1.,4.44089209850064E-15));
#7024=DIRECTION('center_axis',(-1.,0.,0.));
#7025=DIRECTION('ref_axis',(0.,6.3441315692866E-15,-1.));
#7026=DIRECTION('',(0.,-1.,-4.81096644004235E-15));
#7027=DIRECTION('center_axis',(-0.978326948658803,0.,0.207066128393699));
#7028=DIRECTION('ref_axis',(0.207066128393699,0.,0.978326948658803));
#7029=DIRECTION('',(0.207066128393699,0.,0.978326948658803));
#7030=DIRECTION('',(0.,1.,0.));
#7031=DIRECTION('',(0.207066128393699,0.,0.978326948658803));
#7032=DIRECTION('',(0.,-1.,0.));
#7033=DIRECTION('center_axis',(0.,0.,1.));
#7034=DIRECTION('ref_axis',(1.,0.,0.));
#7035=DIRECTION('center_axis',(0.,0.,1.));
#7036=DIRECTION('ref_axis',(1.,0.,0.));
#7037=DIRECTION('',(0.,0.,-1.));
#7038=DIRECTION('center_axis',(0.707106781186547,0.,0.707106781186548));
#7039=DIRECTION('ref_axis',(0.707106781186548,0.,-0.707106781186547));
#7040=DIRECTION('center_axis',(0.,-0.707106781186548,0.707106781186547));
#7041=DIRECTION('ref_axis',(0.,0.707106781186547,0.707106781186548));
#7042=DIRECTION('',(0.,0.,1.));
#7043=DIRECTION('center_axis',(-1.,0.,0.));
#7044=DIRECTION('ref_axis',(0.,0.,-1.));
#7045=DIRECTION('',(0.,-1.,0.));
#7046=DIRECTION('center_axis',(1.,0.,0.));
#7047=DIRECTION('ref_axis',(0.,0.,1.));
#7048=DIRECTION('',(0.,-1.,0.));
#7049=DIRECTION('center_axis',(1.,0.,0.));
#7050=DIRECTION('ref_axis',(0.,0.,-1.));
#7051=DIRECTION('',(0.,-1.,0.));
#7052=DIRECTION('',(0.,0.,-1.));
#7053=DIRECTION('',(0.,1.,0.));
#7054=DIRECTION('center_axis',(0.,-1.,0.));
#7055=DIRECTION('ref_axis',(-0.923879532511287,0.,-0.38268343236509));
#7056=DIRECTION('',(0.,1.,0.));
#7057=DIRECTION('center_axis',(0.,0.707106781186548,0.707106781186548));
#7058=DIRECTION('ref_axis',(0.,-0.707106781186547,0.707106781186547));
#7059=DIRECTION('',(0.,-1.,0.));
#7060=DIRECTION('',(0.,-1.,0.));
#7061=DIRECTION('center_axis',(0.,0.,-1.));
#7062=DIRECTION('ref_axis',(1.,0.,0.));
#7063=DIRECTION('center_axis',(0.707106781186547,0.,0.707106781186548));
#7064=DIRECTION('ref_axis',(0.707106781186548,0.,-0.707106781186547));
#7065=DIRECTION('',(0.,0.,1.));
#7066=DIRECTION('center_axis',(0.,0.,1.));
#7067=DIRECTION('ref_axis',(1.,0.,0.));
#7068=DIRECTION('center_axis',(0.,0.,-1.));
#7069=DIRECTION('ref_axis',(0.707106781186547,-0.707106781186548,0.));
#7070=DIRECTION('center_axis',(0.707106781186547,0.,0.707106781186548));
#7071=DIRECTION('ref_axis',(0.707106781186548,4.9065389333868E-17,-0.707106781186547));
#7072=DIRECTION('center_axis',(0.,0.707106781186548,0.707106781186548));
#7073=DIRECTION('ref_axis',(0.,-0.707106781186548,0.707106781186548));
#7074=DIRECTION('',(0.,0.,1.));
#7075=DIRECTION('center_axis',(0.,0.,1.));
#7076=DIRECTION('ref_axis',(0.707106781186547,-0.707106781186548,0.));
#7077=DIRECTION('',(0.,0.,-1.));
#7078=DIRECTION('center_axis',(0.,0.,-1.));
#7079=DIRECTION('ref_axis',(0.707106781186547,-0.707106781186548,0.));
#7080=DIRECTION('center_axis',(-0.707106781186547,0.,-0.707106781186548));
#7081=DIRECTION('ref_axis',(0.707106781186548,0.,-0.707106781186547));
#7082=DIRECTION('center_axis',(0.707106781186547,0.,0.707106781186548));
#7083=DIRECTION('ref_axis',(0.707106781186548,-4.9065389333868E-17,-0.707106781186547));
#7084=DIRECTION('',(-1.76537230064071E-16,1.,1.7653723006407E-16));
#7085=DIRECTION('center_axis',(1.76537230064071E-16,-1.,-1.7653723006407E-16));
#7086=DIRECTION('ref_axis',(0.923879532511287,0.,0.38268343236509));
#7087=DIRECTION('center_axis',(-9.8130778667736E-17,0.707106781186548,-0.707106781186547));
#7088=DIRECTION('ref_axis',(-1.51530566352652E-16,0.707106781186547,0.707106781186548));
#7089=DIRECTION('',(-1.76537230064071E-16,1.,1.7653723006407E-16));
#7090=DIRECTION('center_axis',(0.,0.,1.));
#7091=DIRECTION('ref_axis',(0.707106781186547,0.707106781186548,0.));
#7092=DIRECTION('center_axis',(0.,0.,-1.));
#7093=DIRECTION('ref_axis',(0.707106781186547,0.707106781186548,0.));
#7094=DIRECTION('',(0.,0.,1.));
#7095=DIRECTION('center_axis',(0.,0.,1.));
#7096=DIRECTION('ref_axis',(0.707106781186547,0.707106781186548,0.));
#7097=DIRECTION('',(0.,0.,-1.));
#7098=DIRECTION('center_axis',(1.,1.76537230064071E-16,0.));
#7099=DIRECTION('ref_axis',(-1.76537230064071E-16,1.,0.));
#7100=DIRECTION('',(-1.76537230064071E-16,1.,0.));
#7101=DIRECTION('',(0.,0.,1.));
#7102=DIRECTION('',(-1.76537230064071E-16,1.,0.));
#7103=DIRECTION('',(0.,0.,1.));
#7104=DIRECTION('',(-1.76537230064071E-16,1.,0.));
#7105=DIRECTION('center_axis',(1.,0.,0.));
#7106=DIRECTION('ref_axis',(0.,0.,-1.));
#7107=DIRECTION('center_axis',(-1.,0.,0.));
#7108=DIRECTION('ref_axis',(0.,0.,-1.));
#7109=DIRECTION('',(-0.707106781186547,0.,0.707106781186548));
#7110=DIRECTION('center_axis',(0.707106781186547,0.,0.707106781186548));
#7111=DIRECTION('ref_axis',(0.707106781186548,0.,-0.707106781186547));
#7112=DIRECTION('',(-0.707106744877799,0.000320463176673561,0.707106744877798));
#7113=DIRECTION('',(-0.707106781186548,0.,0.707106781186547));
#7114=DIRECTION('',(0.,-1.,0.));
#7115=DIRECTION('center_axis',(0.707106781186547,0.000640926386257885,0.707106490716474));
#7116=DIRECTION('ref_axis',(0.707106635951466,0.,-0.707106926421599));
#7117=DIRECTION('',(0.,-0.999999589213283,0.000906406787928678));
#7118=DIRECTION('center_axis',(1.,0.,0.));
#7119=DIRECTION('ref_axis',(0.,0.,-1.));
#7120=DIRECTION('',(-0.707106781186548,0.,-0.707106781186547));
#7121=DIRECTION('center_axis',(-1.,0.,0.));
#7122=DIRECTION('ref_axis',(0.,0.,-1.));
#7123=DIRECTION('center_axis',(0.707106781186547,0.,0.707106781186548));
#7124=DIRECTION('ref_axis',(0.707106781186548,0.,-0.707106781186547));
#7125=DIRECTION('',(-0.707106781186547,0.,0.707106781186548));
#7126=DIRECTION('',(0.,-1.,0.));
#7127=DIRECTION('center_axis',(0.707106781186547,0.,-0.707106781186548));
#7128=DIRECTION('ref_axis',(-0.707106781186548,0.,-0.707106781186547));
#7129=DIRECTION('',(-0.707106781186548,0.,-0.707106781186547));
#7130=DIRECTION('',(0.,1.,0.));
#7131=DIRECTION('center_axis',(1.,0.,0.));
#7132=DIRECTION('ref_axis',(0.,0.,1.));
#7133=DIRECTION('center_axis',(-1.,0.,0.));
#7134=DIRECTION('ref_axis',(0.,0.,1.));
#7135=DIRECTION('center_axis',(0.,0.,-1.));
#7136=DIRECTION('ref_axis',(0.,-1.,0.));
#7137=DIRECTION('',(-1.,0.,0.));
#7138=DIRECTION('',(0.,-1.,0.));
#7139=DIRECTION('',(-1.,0.,0.));
#7140=DIRECTION('center_axis',(-1.,0.,0.));
#7141=DIRECTION('ref_axis',(0.,0.,-1.));
#7142=DIRECTION('',(-1.,0.,0.));
#7143=DIRECTION('center_axis',(-1.,0.,0.));
#7144=DIRECTION('ref_axis',(0.,0.,-1.));
#7145=DIRECTION('center_axis',(0.,-0.000906406787928678,-0.999999589213283));
#7146=DIRECTION('ref_axis',(0.,-0.999999589213283,0.000906406787928678));
#7147=DIRECTION('',(-1.,0.,0.));
#7148=DIRECTION('',(0.,-0.999999589213283,0.000906406787928678));
#7149=DIRECTION('center_axis',(0.,0.,-1.));
#7150=DIRECTION('ref_axis',(0.,-1.,0.));
#7151=DIRECTION('',(-1.,0.,0.));
#7152=DIRECTION('',(0.,-1.,0.));
#7153=DIRECTION('center_axis',(-1.,0.,0.));
#7154=DIRECTION('ref_axis',(0.,-8.88178419700124E-15,1.));
#7155=DIRECTION('',(-0.707106781186549,-6.28036983473509E-15,0.707106781186546));
#7156=DIRECTION('',(0.707106781186549,-6.28036983473509E-15,0.707106781186546));
#7157=DIRECTION('center_axis',(1.,0.,0.));
#7158=DIRECTION('ref_axis',(0.,-8.88178419700124E-15,1.));
#7159=DIRECTION('center_axis',(-0.707106781186547,-3.40186699381485E-15,
0.707106781186548));
#7160=DIRECTION('ref_axis',(0.707106781186548,0.,0.707106781186547));
#7161=DIRECTION('',(0.707106781186548,-4.18691322315673E-15,0.707106781186547));
#7162=DIRECTION('',(0.,1.,4.81096644004235E-15));
#7163=DIRECTION('center_axis',(-0.707106781186546,3.14018491736756E-15,
-0.707106781186549));
#7164=DIRECTION('ref_axis',(-0.707106781186549,0.,0.707106781186546));
#7165=DIRECTION('',(-0.70710678118655,-4.18691322315674E-15,0.707106781186545));
#7166=DIRECTION('',(0.,-1.,-4.44089209850064E-15));
#7167=DIRECTION('center_axis',(-1.,0.,0.));
#7168=DIRECTION('ref_axis',(0.,6.3441315692866E-15,-1.));
#7169=DIRECTION('center_axis',(1.,0.,0.));
#7170=DIRECTION('ref_axis',(0.,6.3441315692866E-15,-1.));
#7171=DIRECTION('center_axis',(-1.,0.,0.));
#7172=DIRECTION('ref_axis',(0.,0.,-1.));
#7173=DIRECTION('',(-1.,0.,0.));
#7174=DIRECTION('center_axis',(-1.,0.,0.));
#7175=DIRECTION('ref_axis',(0.,0.,-1.));
#7176=DIRECTION('center_axis',(0.,0.,1.));
#7177=DIRECTION('ref_axis',(0.,1.,0.));
#7178=DIRECTION('',(-1.,0.,0.));
#7179=DIRECTION('',(0.,1.,0.));
#7180=DIRECTION('center_axis',(-1.,0.,0.));
#7181=DIRECTION('ref_axis',(0.,0.,1.));
#7182=DIRECTION('center_axis',(-1.,0.,0.));
#7183=DIRECTION('ref_axis',(0.,0.,1.));
#7184=DIRECTION('center_axis',(1.,0.,0.));
#7185=DIRECTION('ref_axis',(0.,1.,0.));
#7186=DIRECTION('',(0.,1.,0.));
#7187=DIRECTION('center_axis',(1.,0.,0.));
#7188=DIRECTION('ref_axis',(0.,0.,1.));
#7189=DIRECTION('',(0.,-1.,0.));
#7190=DIRECTION('center_axis',(1.,0.,0.));
#7191=DIRECTION('ref_axis',(0.,0.,-1.));
#7192=DIRECTION('',(0.,1.,0.));
#7193=DIRECTION('center_axis',(1.,0.,0.));
#7194=DIRECTION('ref_axis',(0.,0.,1.));
#7195=DIRECTION('',(0.,-1.,0.));
#7196=DIRECTION('center_axis',(1.,0.,0.));
#7197=DIRECTION('ref_axis',(0.,0.,-1.));
#7198=DIRECTION('center_axis',(0.,0.,1.));
#7199=DIRECTION('ref_axis',(0.,1.,0.));
#7200=DIRECTION('',(-1.,0.,0.));
#7201=DIRECTION('',(0.,-1.,0.));
#7202=DIRECTION('',(-1.,0.,0.));
#7203=DIRECTION('center_axis',(-1.,0.,0.));
#7204=DIRECTION('ref_axis',(0.,0.,1.));
#7205=DIRECTION('',(-1.,0.,0.));
#7206=DIRECTION('center_axis',(1.,0.,0.));
#7207=DIRECTION('ref_axis',(0.,0.,1.));
#7208=DIRECTION('center_axis',(1.,0.,0.));
#7209=DIRECTION('ref_axis',(0.,0.,1.));
#7210=DIRECTION('center_axis',(0.,0.,1.));
#7211=DIRECTION('ref_axis',(0.,1.,0.));
#7212=DIRECTION('',(-1.,0.,0.));
#7213=DIRECTION('',(0.,-1.,0.));
#7214=DIRECTION('',(-1.,0.,0.));
#7215=DIRECTION('center_axis',(-1.,0.,0.));
#7216=DIRECTION('ref_axis',(0.,0.,1.));
#7217=DIRECTION('',(-1.,0.,0.));
#7218=DIRECTION('center_axis',(1.,0.,0.));
#7219=DIRECTION('ref_axis',(0.,0.,1.));
#7220=DIRECTION('center_axis',(1.,0.,0.));
#7221=DIRECTION('ref_axis',(0.,0.,1.));
#7222=DIRECTION('center_axis',(-1.,0.,0.));
#7223=DIRECTION('ref_axis',(0.,0.,1.));
#7224=DIRECTION('',(0.,-1.,0.));
#7225=DIRECTION('center_axis',(1.,0.,0.));
#7226=DIRECTION('ref_axis',(0.,0.,-1.));
#7227=DIRECTION('center_axis',(0.,0.,-1.));
#7228=DIRECTION('ref_axis',(0.,-1.,0.));
#7229=DIRECTION('',(-1.,0.,0.));
#7230=DIRECTION('',(0.,1.,0.));
#7231=DIRECTION('center_axis',(-1.,0.,0.));
#7232=DIRECTION('ref_axis',(0.,0.,-1.));
#7233=DIRECTION('center_axis',(1.,0.,0.));
#7234=DIRECTION('ref_axis',(0.,0.,-1.));
#7235=DIRECTION('center_axis',(-1.,0.,0.));
#7236=DIRECTION('ref_axis',(0.,0.,1.));
#7237=DIRECTION('',(0.,-1.,0.));
#7238=DIRECTION('center_axis',(1.,0.,0.));
#7239=DIRECTION('ref_axis',(0.,0.,-1.));
#7240=DIRECTION('center_axis',(0.,0.,-1.));
#7241=DIRECTION('ref_axis',(0.,-1.,0.));
#7242=DIRECTION('',(-1.,0.,0.));
#7243=DIRECTION('',(0.,1.,0.));
#7244=DIRECTION('center_axis',(-1.,0.,0.));
#7245=DIRECTION('ref_axis',(0.,0.,-1.));
#7246=DIRECTION('center_axis',(1.,0.,0.));
#7247=DIRECTION('ref_axis',(0.,0.,-1.));
#7248=DIRECTION('center_axis',(0.,0.,1.));
#7249=DIRECTION('ref_axis',(-1.,0.,0.));
#7250=DIRECTION('',(-1.,0.,0.));
#7251=DIRECTION('center_axis',(0.,0.,1.));
#7252=DIRECTION('ref_axis',(-8.88178419700135E-16,-1.,0.));
#7253=DIRECTION('',(-1.,-1.26882631385734E-15,0.));
#7254=DIRECTION('center_axis',(0.,0.,1.));
#7255=DIRECTION('ref_axis',(0.,1.,0.));
#7256=DIRECTION('',(1.,0.,0.));
#7257=DIRECTION('',(-0.999999996558213,-8.29673010424506E-5,0.));
#7258=DIRECTION('center_axis',(0.,0.,1.));
#7259=DIRECTION('ref_axis',(-8.29673009796753E-5,0.999999996558213,0.));
#7260=DIRECTION('',(1.,1.58612689540111E-15,0.));
#7261=DIRECTION('center_axis',(0.,0.,1.));
#7262=DIRECTION('ref_axis',(-8.88178419700131E-16,-1.,0.));
#7263=DIRECTION('',(-1.,-6.34413156928666E-16,0.));
#7264=DIRECTION('center_axis',(0.,0.,-1.));
#7265=DIRECTION('ref_axis',(-1.,0.,0.));
#7266=DIRECTION('center_axis',(0.,0.,-1.));
#7267=DIRECTION('ref_axis',(1.,-1.38777878078145E-16,0.));
#7268=DIRECTION('center_axis',(0.,0.,-1.));
#7269=DIRECTION('ref_axis',(-1.,0.,0.));
#7270=DIRECTION('center_axis',(0.,0.,-1.));
#7271=DIRECTION('ref_axis',(-1.,0.,0.));
#7272=DIRECTION('center_axis',(-0.707106781186548,0.,-0.707106781186547));
#7273=DIRECTION('ref_axis',(0.707106781186547,0.,-0.707106781186548));
#7274=DIRECTION('',(0.707106781186547,1.0064695247973E-16,-0.707106781186548));
#7275=DIRECTION('',(0.,-1.,0.));
#7276=DIRECTION('',(-0.707106781186547,0.,0.707106781186548));
#7277=DIRECTION('',(-1.855750695231E-16,1.,1.85575069523101E-16));
#7278=DIRECTION('center_axis',(-1.,0.,0.));
#7279=DIRECTION('ref_axis',(0.,0.,-1.));
#7280=DIRECTION('',(0.,-1.,0.));
#7281=DIRECTION('',(0.,0.,1.));
#7282=DIRECTION('',(0.,0.,-1.));
#7283=DIRECTION('',(0.,-1.,0.));
#7284=DIRECTION('',(0.,-1.,0.));
#7285=DIRECTION('center_axis',(-1.,-1.855750695231E-16,0.));
#7286=DIRECTION('ref_axis',(1.855750695231E-16,-1.,0.));
#7287=DIRECTION('',(0.,0.,-1.));
#7288=DIRECTION('',(-1.855750695231E-16,1.,0.));
#7289=DIRECTION('',(0.,0.,1.));
#7290=DIRECTION('',(1.855750695231E-16,-1.,0.));
#7291=DIRECTION('',(0.,0.,1.));
#7292=DIRECTION('',(-1.855750695231E-16,1.,0.));
#7293=DIRECTION('',(0.,0.,1.));
#7294=DIRECTION('center_axis',(0.,-1.,0.));
#7295=DIRECTION('ref_axis',(1.,0.,0.));
#7296=DIRECTION('',(1.,0.,0.));
#7297=DIRECTION('',(0.,0.,1.));
#7298=DIRECTION('',(1.,0.,0.));
#7299=DIRECTION('center_axis',(-1.,0.,0.));
#7300=DIRECTION('ref_axis',(0.,-1.,0.));
#7301=DIRECTION('center_axis',(-1.,0.,0.));
#7302=DIRECTION('ref_axis',(0.,6.66133814775094E-15,-1.));
#7303=DIRECTION('',(0.,1.,4.07081775695891E-15));
#7304=DIRECTION('center_axis',(-1.,0.,0.));
#7305=DIRECTION('ref_axis',(0.,-4.44089209850062E-15,1.));
#7306=DIRECTION('',(0.,-1.,-4.81096644004235E-15));
#7307=DIRECTION('center_axis',(0.,-4.07081775695891E-15,1.));
#7308=DIRECTION('ref_axis',(0.,1.,4.07081775695891E-15));
#7309=DIRECTION('',(-1.,0.,0.));
#7310=DIRECTION('',(0.,1.,4.07081775695891E-15));
#7311=DIRECTION('',(-1.,0.,0.));
#7312=DIRECTION('center_axis',(-1.,0.,0.));
#7313=DIRECTION('ref_axis',(0.,6.66133814775094E-15,-1.));
#7314=DIRECTION('',(-1.,0.,0.));
#7315=DIRECTION('center_axis',(-1.,0.,0.));
#7316=DIRECTION('ref_axis',(0.,6.66133814775094E-15,-1.));
#7317=DIRECTION('center_axis',(0.,4.81096644004235E-15,-1.));
#7318=DIRECTION('ref_axis',(0.,-1.,-4.81096644004235E-15));
#7319=DIRECTION('',(-1.,0.,0.));
#7320=DIRECTION('',(0.,-1.,-4.81096644004235E-15));
#7321=DIRECTION('center_axis',(-1.,0.,0.));
#7322=DIRECTION('ref_axis',(0.,-4.44089209850062E-15,1.));
#7323=DIRECTION('center_axis',(-1.,0.,0.));
#7324=DIRECTION('ref_axis',(0.,-4.44089209850062E-15,1.));
#7325=DIRECTION('center_axis',(1.,-2.06553120860494E-14,0.));
#7326=DIRECTION('ref_axis',(2.06553120860494E-14,1.,0.));
#7327=DIRECTION('',(2.06553120860494E-14,1.,0.));
#7328=DIRECTION('',(0.,0.,1.));
#7329=DIRECTION('',(2.06553120860494E-14,1.,0.));
#7330=DIRECTION('',(0.,0.,-1.));
#7331=DIRECTION('center_axis',(0.,0.,1.));
#7332=DIRECTION('ref_axis',(1.,-1.01506105108585E-14,0.));
#7333=DIRECTION('center_axis',(0.,0.,1.));
#7334=DIRECTION('ref_axis',(1.,-1.01506105108585E-14,0.));
#7335=DIRECTION('',(0.,0.,1.));
#7336=DIRECTION('center_axis',(0.,0.,-1.));
#7337=DIRECTION('ref_axis',(1.,-1.01506105108585E-14,0.));
#7338=DIRECTION('center_axis',(-8.89958336372849E-16,-1.,0.));
#7339=DIRECTION('ref_axis',(1.,-8.89958336372849E-16,0.));
#7340=DIRECTION('',(1.,-8.89958336372849E-16,0.));
#7341=DIRECTION('',(0.,0.,1.));
#7342=DIRECTION('',(-1.,8.89958336372849E-16,0.));
#7343=DIRECTION('center_axis',(0.,0.,1.));
#7344=DIRECTION('ref_axis',(-1.,0.,0.));
#7345=DIRECTION('center_axis',(0.,0.,-1.));
#7346=DIRECTION('ref_axis',(-1.,0.,0.));
#7347=DIRECTION('',(0.,0.,-1.));
#7348=DIRECTION('center_axis',(0.,0.,1.));
#7349=DIRECTION('ref_axis',(-1.,0.,0.));
#7350=DIRECTION('center_axis',(0.,0.,-1.));
#7351=DIRECTION('ref_axis',(-1.,0.,0.));
#7352=DIRECTION('',(0.,-1.,0.));
#7353=DIRECTION('',(-1.,0.,0.));
#7354=DIRECTION('center_axis',(1.,0.,0.));
#7355=DIRECTION('ref_axis',(0.,1.,0.));
#7356=DIRECTION('',(0.,0.,1.));
#7357=DIRECTION('',(0.,1.,0.));
#7358=DIRECTION('',(0.,0.,-1.));
#7359=DIRECTION('',(0.,-1.,0.));
#7360=DIRECTION('',(0.,0.,1.));
#7361=DIRECTION('center_axis',(0.,0.,1.));
#7362=DIRECTION('ref_axis',(-1.,0.,0.));
#7363=DIRECTION('',(-1.,-1.42336285208355E-16,0.));
#7364=DIRECTION('center_axis',(0.,0.,1.));
#7365=DIRECTION('ref_axis',(-1.,3.1720657846433E-16,0.));
#7366=DIRECTION('',(0.,-1.,0.));
#7367=DIRECTION('',(-1.,0.,0.));
#7368=DIRECTION('',(0.,1.,0.));
#7369=DIRECTION('center_axis',(0.,0.,1.));
#7370=DIRECTION('ref_axis',(0.,1.,0.));
#7371=DIRECTION('',(-1.,4.44979168186435E-16,0.));
#7372=DIRECTION('',(1.,0.,0.));
#7373=DIRECTION('',(0.391620396581643,-0.920126874393546,0.));
#7374=DIRECTION('center_axis',(0.,0.,1.));
#7375=DIRECTION('ref_axis',(-1.,0.,0.));
#7376=DIRECTION('',(0.39162039658164,0.920126874393547,0.));
#7377=DIRECTION('',(1.,0.,0.));
#7378=DIRECTION('',(0.,-1.,0.));
#7379=DIRECTION('center_axis',(0.,0.,1.));
#7380=DIRECTION('ref_axis',(1.90323947078598E-15,-1.,0.));
#7381=DIRECTION('center_axis',(0.,0.,1.));
#7382=DIRECTION('ref_axis',(0.,1.,0.));
#7383=DIRECTION('',(0.,0.,1.));
#7384=DIRECTION('center_axis',(0.,0.,-1.));
#7385=DIRECTION('ref_axis',(0.,1.,0.));
#7386=DIRECTION('',(0.,0.,1.));
#7387=DIRECTION('center_axis',(1.,0.,0.));
#7388=DIRECTION('ref_axis',(0.,1.,0.));
#7389=DIRECTION('',(0.,0.,1.));
#7390=DIRECTION('',(0.,-1.,0.));
#7391=DIRECTION('center_axis',(0.,0.,1.));
#7392=DIRECTION('ref_axis',(-1.,0.,0.));
#7393=DIRECTION('center_axis',(0.,0.,-1.));
#7394=DIRECTION('ref_axis',(-1.,0.,0.));
#7395=DIRECTION('',(0.,0.,-1.));
#7396=DIRECTION('center_axis',(0.,0.,1.));
#7397=DIRECTION('ref_axis',(-1.,0.,0.));
#7398=DIRECTION('center_axis',(4.44979168186435E-16,1.,0.));
#7399=DIRECTION('ref_axis',(-1.,4.44979168186435E-16,0.));
#7400=DIRECTION('',(-1.,4.44979168186435E-16,0.));
#7401=DIRECTION('center_axis',(0.,0.,-1.));
#7402=DIRECTION('ref_axis',(-1.,0.,0.));
#7403=DIRECTION('',(1.,0.,0.));
#7404=DIRECTION('center_axis',(0.,1.,0.));
#7405=DIRECTION('ref_axis',(-1.,0.,0.));
#7406=DIRECTION('',(0.,0.,-1.));
#7407=DIRECTION('',(1.,0.,0.));
#7408=DIRECTION('',(1.,0.,0.));
#7409=DIRECTION('center_axis',(0.,0.,1.));
#7410=DIRECTION('ref_axis',(-1.,0.,0.));
#7411=DIRECTION('center_axis',(0.920126874393547,-0.39162039658164,0.));
#7412=DIRECTION('ref_axis',(0.39162039658164,0.920126874393547,0.));
#7413=DIRECTION('',(0.,0.,1.));
#7414=DIRECTION('',(-0.39162039658164,-0.920126874393547,0.));
#7415=DIRECTION('',(0.,0.,-1.));
#7416=DIRECTION('center_axis',(0.,0.,1.));
#7417=DIRECTION('ref_axis',(-1.,0.,0.));
#7418=DIRECTION('',(0.,0.,1.));
#7419=DIRECTION('center_axis',(0.,0.,-1.));
#7420=DIRECTION('ref_axis',(-1.,0.,0.));
#7421=DIRECTION('center_axis',(0.,0.,1.));
#7422=DIRECTION('ref_axis',(-1.,0.,0.));
#7423=DIRECTION('center_axis',(0.,0.,-1.));
#7424=DIRECTION('ref_axis',(-1.,0.,0.));
#7425=DIRECTION('',(0.,0.,-1.));
#7426=DIRECTION('center_axis',(0.,0.,1.));
#7427=DIRECTION('ref_axis',(-1.,0.,0.));
#7428=DIRECTION('center_axis',(-0.920126874393546,-0.391620396581643,0.));
#7429=DIRECTION('ref_axis',(0.391620396581643,-0.920126874393546,0.));
#7430=DIRECTION('',(0.,0.,1.));
#7431=DIRECTION('',(-0.391620396581643,0.920126874393546,0.));
#7432=DIRECTION('center_axis',(0.,0.,-1.));
#7433=DIRECTION('ref_axis',(-1.,0.,0.));
#7434=DIRECTION('',(-1.,0.,0.));
#7435=DIRECTION('center_axis',(0.,0.,1.));
#7436=DIRECTION('ref_axis',(-1.,0.,0.));
#7437=DIRECTION('center_axis',(0.,0.,1.));
#7438=DIRECTION('ref_axis',(1.90323947078598E-15,-1.,0.));
#7439=DIRECTION('',(0.,0.,1.));
#7440=DIRECTION('center_axis',(0.,0.,-1.));
#7441=DIRECTION('ref_axis',(1.90323947078598E-15,-1.,0.));
#7442=DIRECTION('center_axis',(-1.,0.,0.));
#7443=DIRECTION('ref_axis',(0.,-1.,0.));
#7444=DIRECTION('',(0.,0.,1.));
#7445=DIRECTION('',(0.,1.,0.));
#7446=DIRECTION('center_axis',(0.,0.,1.));
#7447=DIRECTION('ref_axis',(-1.,0.,0.));
#7448=DIRECTION('center_axis',(0.,0.,-1.));
#7449=DIRECTION('ref_axis',(-1.,0.,0.));
#7450=DIRECTION('',(0.,0.,-1.));
#7451=DIRECTION('center_axis',(0.,0.,1.));
#7452=DIRECTION('ref_axis',(-1.,0.,0.));
#7453=DIRECTION('center_axis',(0.,0.,-1.));
#7454=DIRECTION('ref_axis',(-1.,0.,0.));
#7455=DIRECTION('',(-1.,0.,0.));
#7456=DIRECTION('center_axis',(0.,0.,1.));
#7457=DIRECTION('ref_axis',(-1.,0.,0.));
#7458=DIRECTION('center_axis',(-1.,0.,0.));
#7459=DIRECTION('ref_axis',(0.,-1.,0.));
#7460=DIRECTION('',(0.,0.,1.));
#7461=DIRECTION('',(0.,1.,0.));
#7462=DIRECTION('center_axis',(0.,0.,1.));
#7463=DIRECTION('ref_axis',(-1.,3.1720657846433E-16,0.));
#7464=DIRECTION('',(0.,0.,1.));
#7465=DIRECTION('center_axis',(0.,0.,-1.));
#7466=DIRECTION('ref_axis',(-1.,3.1720657846433E-16,0.));
#7467=DIRECTION('center_axis',(0.,0.,1.));
#7468=DIRECTION('ref_axis',(-1.,0.,0.));
#7469=DIRECTION('center_axis',(0.,0.,-1.));
#7470=DIRECTION('ref_axis',(-1.,0.,0.));
#7471=DIRECTION('',(0.,0.,-1.));
#7472=DIRECTION('center_axis',(0.,0.,1.));
#7473=DIRECTION('ref_axis',(-1.,0.,0.));
#7474=DIRECTION('center_axis',(-1.42336285208355E-16,1.,0.));
#7475=DIRECTION('ref_axis',(-1.,-1.42336285208355E-16,0.));
#7476=DIRECTION('',(-1.,-1.42336285208355E-16,0.));
#7477=DIRECTION('center_axis',(0.,0.,-1.));
#7478=DIRECTION('ref_axis',(-1.,0.,0.));
#7479=DIRECTION('center_axis',(0.,0.,1.));
#7480=DIRECTION('ref_axis',(-1.,0.,0.));
#7481=DIRECTION('center_axis',(0.,0.,1.));
#7482=DIRECTION('ref_axis',(-1.,0.,0.));
#7483=DIRECTION('center_axis',(0.,0.,1.));
#7484=DIRECTION('ref_axis',(-1.,0.,0.));
#7485=DIRECTION('',(-1.,-1.26882631385734E-15,0.));
#7486=DIRECTION('center_axis',(0.,0.,1.));
#7487=DIRECTION('ref_axis',(-8.88178419700135E-16,-1.,0.));
#7488=DIRECTION('',(-1.,0.,0.));
#7489=DIRECTION('center_axis',(0.,0.,-1.));
#7490=DIRECTION('ref_axis',(-1.,0.,0.));
#7491=DIRECTION('center_axis',(0.,0.,1.));
#7492=DIRECTION('ref_axis',(-1.,0.,0.));
#7493=DIRECTION('',(1.,0.,0.));
#7494=DIRECTION('center_axis',(0.,0.,1.));
#7495=DIRECTION('ref_axis',(0.,1.,0.));
#7496=DIRECTION('',(-1.,-1.26882631385734E-15,0.));
#7497=DIRECTION('center_axis',(0.,0.,-1.));
#7498=DIRECTION('ref_axis',(-1.,0.,0.));
#7499=DIRECTION('center_axis',(0.,0.,1.));
#7500=DIRECTION('ref_axis',(-1.,0.,0.));
#7501=DIRECTION('',(1.,1.58612689540111E-15,0.));
#7502=DIRECTION('center_axis',(0.,0.,1.));
#7503=DIRECTION('ref_axis',(-8.29673009796753E-5,0.999999996558213,0.));
#7504=DIRECTION('',(-0.999999996558213,-8.29673010424506E-5,0.));
#7505=DIRECTION('center_axis',(0.,0.,-1.));
#7506=DIRECTION('ref_axis',(-1.,0.,0.));
#7507=DIRECTION('center_axis',(0.,0.,1.));
#7508=DIRECTION('ref_axis',(-1.,0.,0.));
#7509=DIRECTION('',(-1.,-6.34413156928666E-16,0.));
#7510=DIRECTION('center_axis',(0.,0.,1.));
#7511=DIRECTION('ref_axis',(-8.88178419700131E-16,-1.,0.));
#7512=DIRECTION('',(1.,1.58612689540111E-15,0.));
#7513=DIRECTION('center_axis',(0.,0.,-1.));
#7514=DIRECTION('ref_axis',(1.,-1.38777878078145E-16,0.));
#7515=DIRECTION('center_axis',(0.,0.,1.));
#7516=DIRECTION('ref_axis',(-1.,0.,0.));
#7517=DIRECTION('',(0.,0.,-1.));
#7518=DIRECTION('center_axis',(0.,0.,1.));
#7519=DIRECTION('ref_axis',(1.,-1.38777878078145E-16,0.));
#7520=DIRECTION('',(0.,0.,-1.));
#7521=DIRECTION('center_axis',(0.,0.,1.));
#7522=DIRECTION('ref_axis',(-1.,0.,0.));
#7523=DIRECTION('',(0.,0.,-1.));
#7524=DIRECTION('center_axis',(0.,0.,1.));
#7525=DIRECTION('ref_axis',(-1.,0.,0.));
#7526=DIRECTION('',(0.,0.,-1.));
#7527=DIRECTION('center_axis',(-6.34413156928666E-16,1.,0.));
#7528=DIRECTION('ref_axis',(-1.,-6.34413156928666E-16,0.));
#7529=DIRECTION('',(0.,0.,1.));
#7530=DIRECTION('center_axis',(0.,0.,1.));
#7531=DIRECTION('ref_axis',(-8.88178419700131E-16,-1.,0.));
#7532=DIRECTION('',(0.,0.,1.));
#7533=DIRECTION('center_axis',(0.,0.,1.));
#7534=DIRECTION('ref_axis',(-8.29673009796753E-5,0.999999996558213,0.));
#7535=DIRECTION('',(0.,0.,1.));
#7536=DIRECTION('',(0.,0.,1.));
#7537=DIRECTION('center_axis',(-8.29673010424506E-5,0.999999996558213,0.));
#7538=DIRECTION('ref_axis',(-0.999999996558213,-8.29673010424506E-5,0.));
#7539=DIRECTION('center_axis',(0.,-1.,0.));
#7540=DIRECTION('ref_axis',(1.,0.,0.));
#7541=DIRECTION('',(0.,0.,1.));
#7542=DIRECTION('center_axis',(0.,0.,1.));
#7543=DIRECTION('ref_axis',(0.,1.,0.));
#7544=DIRECTION('',(0.,0.,1.));
#7545=DIRECTION('center_axis',(0.,0.,1.));
#7546=DIRECTION('ref_axis',(-8.88178419700135E-16,-1.,0.));
#7547=DIRECTION('',(0.,0.,1.));
#7548=DIRECTION('',(0.,0.,1.));
#7549=DIRECTION('center_axis',(0.,-1.,0.));
#7550=DIRECTION('ref_axis',(1.,0.,0.));
#7551=DIRECTION('center_axis',(0.,-1.,0.));
#7552=DIRECTION('ref_axis',(1.,0.,0.));
#7553=DIRECTION('',(-1.,0.,0.));
#7554=DIRECTION('center_axis',(0.,1.,0.));
#7555=DIRECTION('ref_axis',(-1.,0.,0.));
#7556=DIRECTION('',(-1.,0.,0.));
#7557=DIRECTION('center_axis',(0.,-1.,0.));
#7558=DIRECTION('ref_axis',(1.,0.,0.));
#7559=DIRECTION('',(-1.,0.,0.));
#7560=DIRECTION('center_axis',(0.,0.,1.));
#7561=DIRECTION('ref_axis',(-1.,0.,0.));
#7562=CARTESIAN_POINT('',(0.,0.,0.));
#7563=CARTESIAN_POINT('Ctrl Pts',(-103.3,23.1780094768934,9.61102481112763));
#7564=CARTESIAN_POINT('Ctrl Pts',(-102.8,23.1780094768934,9.61102481112763));
#7565=CARTESIAN_POINT('Ctrl Pts',(-103.3,22.9027707245283,9.49233438000962));
#7566=CARTESIAN_POINT('Ctrl Pts',(-102.8,22.9027707245283,9.49233438000962));
#7567=CARTESIAN_POINT('Ctrl Pts',(-103.3,22.7462224032812,9.25393040404602));
#7568=CARTESIAN_POINT('Ctrl Pts',(-102.8,22.7462224032812,9.25393040404602));
#7569=CARTESIAN_POINT('',(-103.3,23.1780094768934,9.61102481112763));
#7570=CARTESIAN_POINT('',(-103.3,22.7462224032812,9.25393040404602));
#7571=CARTESIAN_POINT('Ctrl Pts',(-103.3,23.1780094768934,9.61102481112763));
#7572=CARTESIAN_POINT('Ctrl Pts',(-103.3,22.9027707245283,9.49233438000962));
#7573=CARTESIAN_POINT('Ctrl Pts',(-103.3,22.7462224032812,9.25393040404602));
#7574=CARTESIAN_POINT('',(-102.8,23.1780094768934,9.61102481112763));
#7575=CARTESIAN_POINT('',(-103.3,23.1780094768934,9.61102481112763));
#7576=CARTESIAN_POINT('',(-102.8,22.7462224032812,9.25393040404602));
#7577=CARTESIAN_POINT('Ctrl Pts',(-102.8,23.1780094768934,9.61102481112763));
#7578=CARTESIAN_POINT('Ctrl Pts',(-102.8,22.9027707245283,9.49233438000962));
#7579=CARTESIAN_POINT('Ctrl Pts',(-102.8,22.7462224032812,9.25393040404602));
#7580=CARTESIAN_POINT('',(-103.3,22.7462224032812,9.25393040404602));
#7581=CARTESIAN_POINT('Ctrl Pts',(-103.3,23.8604787852697,9.72971494422242));
#7582=CARTESIAN_POINT('Ctrl Pts',(-102.8,23.8604787852697,9.72971494422242));
#7583=CARTESIAN_POINT('Ctrl Pts',(-103.3,23.4532482292585,9.72971494422242));
#7584=CARTESIAN_POINT('Ctrl Pts',(-102.8,23.4532482292585,9.72971494422242));
#7585=CARTESIAN_POINT('Ctrl Pts',(-103.3,23.1780094768934,9.61102481112763));
#7586=CARTESIAN_POINT('Ctrl Pts',(-102.8,23.1780094768934,9.61102481112763));
#7587=CARTESIAN_POINT('',(-103.3,23.8604787852697,9.72971494422242));
#7588=CARTESIAN_POINT('Ctrl Pts',(-103.3,23.8604787852697,9.72971494422242));
#7589=CARTESIAN_POINT('Ctrl Pts',(-103.3,23.4532482292585,9.72971494422242));
#7590=CARTESIAN_POINT('Ctrl Pts',(-103.3,23.1780094768934,9.61102481112763));
#7591=CARTESIAN_POINT('',(-102.8,23.8604787852697,9.72971494422242));
#7592=CARTESIAN_POINT('',(-103.3,23.8604787852697,9.72971494422242));
#7593=CARTESIAN_POINT('Ctrl Pts',(-102.8,23.8604787852697,9.72971494422242));
#7594=CARTESIAN_POINT('Ctrl Pts',(-102.8,23.4532482292585,9.72971494422242));
#7595=CARTESIAN_POINT('Ctrl Pts',(-102.8,23.1780094768934,9.61102481112763));
#7596=CARTESIAN_POINT('Ctrl Pts',(-103.3,24.4385824468069,9.6120479248552));
#7597=CARTESIAN_POINT('Ctrl Pts',(-102.8,24.4385824468069,9.6120479248552));
#7598=CARTESIAN_POINT('Ctrl Pts',(-103.3,24.1817612316541,9.72971494422242));
#7599=CARTESIAN_POINT('Ctrl Pts',(-102.8,24.1817612316541,9.72971494422242));
#7600=CARTESIAN_POINT('Ctrl Pts',(-103.3,23.8604787852697,9.72971494422242));
#7601=CARTESIAN_POINT('Ctrl Pts',(-102.8,23.8604787852697,9.72971494422242));
#7602=CARTESIAN_POINT('',(-103.3,24.4385824468069,9.6120479248552));
#7603=CARTESIAN_POINT('Ctrl Pts',(-103.3,24.4385824468069,9.6120479248552));
#7604=CARTESIAN_POINT('Ctrl Pts',(-103.3,24.1817612316541,9.72971494422242));
#7605=CARTESIAN_POINT('Ctrl Pts',(-103.3,23.8604787852697,9.72971494422242));
#7606=CARTESIAN_POINT('',(-102.8,24.4385824468069,9.6120479248552));
#7607=CARTESIAN_POINT('',(-103.3,24.4385824468069,9.6120479248552));
#7608=CARTESIAN_POINT('Ctrl Pts',(-102.8,24.4385824468069,9.6120479248552));
#7609=CARTESIAN_POINT('Ctrl Pts',(-102.8,24.1817612316541,9.72971494422242));
#7610=CARTESIAN_POINT('Ctrl Pts',(-102.8,23.8604787852697,9.72971494422242));
#7611=CARTESIAN_POINT('Ctrl Pts',(-103.3,24.8325113322668,9.28257997260376));
#7612=CARTESIAN_POINT('Ctrl Pts',(-102.8,24.8325113322668,9.28257997260376));
#7613=CARTESIAN_POINT('Ctrl Pts',(-103.3,24.6954039599828,9.49438090548798));
#7614=CARTESIAN_POINT('Ctrl Pts',(-102.8,24.6954039599828,9.49438090548798));
#7615=CARTESIAN_POINT('Ctrl Pts',(-103.3,24.4385824468069,9.6120479248552));
#7616=CARTESIAN_POINT('Ctrl Pts',(-102.8,24.4385824468069,9.6120479248552));
#7617=CARTESIAN_POINT('',(-103.3,24.8325113322668,9.28257997260376));
#7618=CARTESIAN_POINT('Ctrl Pts',(-103.3,24.8325113322668,9.28257997260376));
#7619=CARTESIAN_POINT('Ctrl Pts',(-103.3,24.6954039599828,9.49438090548798));
#7620=CARTESIAN_POINT('Ctrl Pts',(-103.3,24.4385824468069,9.6120479248552));
#7621=CARTESIAN_POINT('',(-102.8,24.8325113322668,9.28257997260376));
#7622=CARTESIAN_POINT('',(-103.3,24.8325113322668,9.28257997260376));
#7623=CARTESIAN_POINT('Ctrl Pts',(-102.8,24.8325113322668,9.28257997260376));
#7624=CARTESIAN_POINT('Ctrl Pts',(-102.8,24.6954039599828,9.49438090548798));
#7625=CARTESIAN_POINT('Ctrl Pts',(-102.8,24.4385824468069,9.6120479248552));
#7626=CARTESIAN_POINT('Ctrl Pts',(-103.3,24.9696193005971,8.83135195002838));
#7627=CARTESIAN_POINT('Ctrl Pts',(-102.8,24.9696193005971,8.83135195002838));
#7628=CARTESIAN_POINT('Ctrl Pts',(-103.3,24.9696193005971,9.07077903971955));
#7629=CARTESIAN_POINT('Ctrl Pts',(-102.8,24.9696193005971,9.07077903971955));
#7630=CARTESIAN_POINT('Ctrl Pts',(-103.3,24.8325113322668,9.28257997260376));
#7631=CARTESIAN_POINT('Ctrl Pts',(-102.8,24.8325113322668,9.28257997260376));
#7632=CARTESIAN_POINT('',(-103.3,24.9696193005971,8.83135195002838));
#7633=CARTESIAN_POINT('Ctrl Pts',(-103.3,24.9696193005971,8.83135195002838));
#7634=CARTESIAN_POINT('Ctrl Pts',(-103.3,24.9696193005971,9.07077903971955));
#7635=CARTESIAN_POINT('Ctrl Pts',(-103.3,24.8325113322668,9.28257997260376));
#7636=CARTESIAN_POINT('',(-102.8,24.9696193005971,8.83135195002838));
#7637=CARTESIAN_POINT('',(-103.3,24.9696193005971,8.83135195002838));
#7638=CARTESIAN_POINT('Ctrl Pts',(-102.8,24.9696193005971,8.83135195002838));
#7639=CARTESIAN_POINT('Ctrl Pts',(-102.8,24.9696193005971,9.07077903971955));
#7640=CARTESIAN_POINT('Ctrl Pts',(-102.8,24.8325113322668,9.28257997260376));
#7641=CARTESIAN_POINT('Ctrl Pts',(-103.3,24.8447898890905,8.40468074307724));
#7642=CARTESIAN_POINT('Ctrl Pts',(-102.8,24.8447898890905,8.40468074307724));
#7643=CARTESIAN_POINT('Ctrl Pts',(-103.3,24.9696193005971,8.58987863288208));
#7644=CARTESIAN_POINT('Ctrl Pts',(-102.8,24.9696193005971,8.58987863288208));
#7645=CARTESIAN_POINT('Ctrl Pts',(-103.3,24.9696193005971,8.83135195002838));
#7646=CARTESIAN_POINT('Ctrl Pts',(-102.8,24.9696193005971,8.83135195002838));
#7647=CARTESIAN_POINT('',(-103.3,24.8447898890905,8.40468074307724));
#7648=CARTESIAN_POINT('Ctrl Pts',(-103.3,24.8447898890905,8.40468074307724));
#7649=CARTESIAN_POINT('Ctrl Pts',(-103.3,24.9696193005971,8.58987863288208));
#7650=CARTESIAN_POINT('Ctrl Pts',(-103.3,24.9696193005971,8.83135195002838));
#7651=CARTESIAN_POINT('',(-102.8,24.8447898890905,8.40468074307724));
#7652=CARTESIAN_POINT('',(-103.3,24.8447898890905,8.40468074307724));
#7653=CARTESIAN_POINT('Ctrl Pts',(-102.8,24.8447898890905,8.40468074307724));
#7654=CARTESIAN_POINT('Ctrl Pts',(-102.8,24.9696193005971,8.58987863288208));
#7655=CARTESIAN_POINT('Ctrl Pts',(-102.8,24.9696193005971,8.83135195002838));
#7656=CARTESIAN_POINT('Ctrl Pts',(-103.3,24.4580230977468,8.09874634371086));
#7657=CARTESIAN_POINT('Ctrl Pts',(-102.8,24.4580230977468,8.09874634371086));
#7658=CARTESIAN_POINT('Ctrl Pts',(-103.3,24.7199604775838,8.21948300228402));
#7659=CARTESIAN_POINT('Ctrl Pts',(-102.8,24.7199604775838,8.21948300228402));
#7660=CARTESIAN_POINT('Ctrl Pts',(-103.3,24.8447898890905,8.40468074307724));
#7661=CARTESIAN_POINT('Ctrl Pts',(-102.8,24.8447898890905,8.40468074307724));
#7662=CARTESIAN_POINT('',(-103.3,24.4580230977468,8.09874634371086));
#7663=CARTESIAN_POINT('Ctrl Pts',(-103.3,24.4580230977468,8.09874634371086));
#7664=CARTESIAN_POINT('Ctrl Pts',(-103.3,24.7199604775838,8.21948300228402));
#7665=CARTESIAN_POINT('Ctrl Pts',(-103.3,24.8447898890905,8.40468074307724));
#7666=CARTESIAN_POINT('',(-102.8,24.4580230977468,8.09874634371086));
#7667=CARTESIAN_POINT('',(-103.3,24.4580230977468,8.09874634371086));
#7668=CARTESIAN_POINT('Ctrl Pts',(-102.8,24.4580230977468,8.09874634371086));
#7669=CARTESIAN_POINT('Ctrl Pts',(-102.8,24.7199604775838,8.21948300228402));
#7670=CARTESIAN_POINT('Ctrl Pts',(-102.8,24.8447898890905,8.40468074307724));
#7671=CARTESIAN_POINT('Ctrl Pts',(-103.3,23.7939713265829,7.90740932450577));
#7672=CARTESIAN_POINT('Ctrl Pts',(-102.8,23.7939713265829,7.90740932450577));
#7673=CARTESIAN_POINT('Ctrl Pts',(-103.3,24.2779413726262,8.01689083800598));
#7674=CARTESIAN_POINT('Ctrl Pts',(-102.8,24.2779413726262,8.01689083800598));
#7675=CARTESIAN_POINT('Ctrl Pts',(-103.3,24.4580230977468,8.09874634371086));
#7676=CARTESIAN_POINT('Ctrl Pts',(-102.8,24.4580230977468,8.09874634371086));
#7677=CARTESIAN_POINT('',(-103.3,23.7939713265829,7.90740932450577));
#7678=CARTESIAN_POINT('Ctrl Pts',(-103.3,23.7939713265829,7.90740932450577));
#7679=CARTESIAN_POINT('Ctrl Pts',(-103.3,24.2779413726262,8.01689083800598));
#7680=CARTESIAN_POINT('Ctrl Pts',(-103.3,24.4580230977468,8.09874634371086));
#7681=CARTESIAN_POINT('',(-102.8,23.7939713265829,7.90740932450577));
#7682=CARTESIAN_POINT('',(-103.3,23.7939713265829,7.90740932450577));
#7683=CARTESIAN_POINT('Ctrl Pts',(-102.8,23.7939713265829,7.90740932450577));
#7684=CARTESIAN_POINT('Ctrl Pts',(-102.8,24.2779413726262,8.01689083800598));
#7685=CARTESIAN_POINT('Ctrl Pts',(-102.8,24.4580230977468,8.09874634371086));
#7686=CARTESIAN_POINT('Ctrl Pts',(-103.3,23.1954036023549,7.69356216416642));
#7687=CARTESIAN_POINT('Ctrl Pts',(-102.8,23.1954036023549,7.69356216416642));
#7688=CARTESIAN_POINT('Ctrl Pts',(-103.3,23.3100012805395,7.79792766199395));
#7689=CARTESIAN_POINT('Ctrl Pts',(-102.8,23.3100012805395,7.79792766199395));
#7690=CARTESIAN_POINT('Ctrl Pts',(-103.3,23.7939713265829,7.90740932450577));
#7691=CARTESIAN_POINT('Ctrl Pts',(-102.8,23.7939713265829,7.90740932450577));
#7692=CARTESIAN_POINT('',(-103.3,23.1954036023549,7.69356216416642));
#7693=CARTESIAN_POINT('Ctrl Pts',(-103.3,23.1954036023549,7.69356216416642));
#7694=CARTESIAN_POINT('Ctrl Pts',(-103.3,23.3100012805395,7.79792766199395));
#7695=CARTESIAN_POINT('Ctrl Pts',(-103.3,23.7939713265829,7.90740932450577));
#7696=CARTESIAN_POINT('',(-102.8,23.1954036023549,7.69356216416642));
#7697=CARTESIAN_POINT('',(-103.3,23.1954036023549,7.69356216416642));
#7698=CARTESIAN_POINT('Ctrl Pts',(-102.8,23.1954036023549,7.69356216416642));
#7699=CARTESIAN_POINT('Ctrl Pts',(-102.8,23.3100012805395,7.79792766199395));
#7700=CARTESIAN_POINT('Ctrl Pts',(-102.8,23.7939713265829,7.90740932450577));
#7701=CARTESIAN_POINT('Ctrl Pts',(-103.3,23.0787596967153,7.42753203139588));
#7702=CARTESIAN_POINT('Ctrl Pts',(-102.8,23.0787596967153,7.42753203139588));
#7703=CARTESIAN_POINT('Ctrl Pts',(-103.3,23.0787596967153,7.58919651732727));
#7704=CARTESIAN_POINT('Ctrl Pts',(-102.8,23.0787596967153,7.58919651732727));
#7705=CARTESIAN_POINT('Ctrl Pts',(-103.3,23.1954036023549,7.69356216416642));
#7706=CARTESIAN_POINT('Ctrl Pts',(-102.8,23.1954036023549,7.69356216416642));
#7707=CARTESIAN_POINT('',(-103.3,23.0787596967153,7.42753203139588));
#7708=CARTESIAN_POINT('Ctrl Pts',(-103.3,23.0787596967153,7.42753203139588));
#7709=CARTESIAN_POINT('Ctrl Pts',(-103.3,23.0787596967153,7.58919651732727));
#7710=CARTESIAN_POINT('Ctrl Pts',(-103.3,23.1954036023549,7.69356216416642));
#7711=CARTESIAN_POINT('',(-102.8,23.0787596967153,7.42753203139588));
#7712=CARTESIAN_POINT('',(-103.3,23.0787596967153,7.42753203139588));
#7713=CARTESIAN_POINT('Ctrl Pts',(-102.8,23.0787596967153,7.42753203139588));
#7714=CARTESIAN_POINT('Ctrl Pts',(-102.8,23.0787596967153,7.58919651732727));
#7715=CARTESIAN_POINT('Ctrl Pts',(-102.8,23.1954036023549,7.69356216416642));
#7716=CARTESIAN_POINT('Ctrl Pts',(-103.3,23.2434938218526,7.10931922421738));
#7717=CARTESIAN_POINT('Ctrl Pts',(-102.8,23.2434938218526,7.10931922421738));
#7718=CARTESIAN_POINT('Ctrl Pts',(-103.3,23.0787596967153,7.24131102786347));
#7719=CARTESIAN_POINT('Ctrl Pts',(-102.8,23.0787596967153,7.24131102786347));
#7720=CARTESIAN_POINT('Ctrl Pts',(-103.3,23.0787596967153,7.42753203139588));
#7721=CARTESIAN_POINT('Ctrl Pts',(-102.8,23.0787596967153,7.42753203139588));
#7722=CARTESIAN_POINT('',(-103.3,23.2434938218526,7.10931922421738));
#7723=CARTESIAN_POINT('Ctrl Pts',(-103.3,23.2434938218526,7.10931922421738));
#7724=CARTESIAN_POINT('Ctrl Pts',(-103.3,23.0787596967153,7.24131102786347));
#7725=CARTESIAN_POINT('Ctrl Pts',(-103.3,23.0787596967153,7.42753203139588));
#7726=CARTESIAN_POINT('',(-102.8,23.2434938218526,7.10931922421738));
#7727=CARTESIAN_POINT('',(-103.3,23.2434938218526,7.10931922421738));
#7728=CARTESIAN_POINT('Ctrl Pts',(-102.8,23.2434938218526,7.10931922421738));
#7729=CARTESIAN_POINT('Ctrl Pts',(-102.8,23.0787596967153,7.24131102786347));
#7730=CARTESIAN_POINT('Ctrl Pts',(-102.8,23.0787596967153,7.42753203139588));
#7731=CARTESIAN_POINT('Ctrl Pts',(-103.3,23.768391397231,6.97732742057129));
#7732=CARTESIAN_POINT('Ctrl Pts',(-102.8,23.768391397231,6.97732742057129));
#7733=CARTESIAN_POINT('Ctrl Pts',(-103.3,23.4082276489667,6.97732742057129));
#7734=CARTESIAN_POINT('Ctrl Pts',(-102.8,23.4082276489667,6.97732742057129));
#7735=CARTESIAN_POINT('Ctrl Pts',(-103.3,23.2434938218526,7.10931922421738));
#7736=CARTESIAN_POINT('Ctrl Pts',(-102.8,23.2434938218526,7.10931922421738));
#7737=CARTESIAN_POINT('',(-103.3,23.768391397231,6.97732742057129));
#7738=CARTESIAN_POINT('Ctrl Pts',(-103.3,23.768391397231,6.97732742057129));
#7739=CARTESIAN_POINT('Ctrl Pts',(-103.3,23.4082276489667,6.97732742057129));
#7740=CARTESIAN_POINT('Ctrl Pts',(-103.3,23.2434938218526,7.10931922421738));
#7741=CARTESIAN_POINT('',(-102.8,23.768391397231,6.97732742057129));
#7742=CARTESIAN_POINT('',(-103.3,23.768391397231,6.97732742057129));
#7743=CARTESIAN_POINT('Ctrl Pts',(-102.8,23.768391397231,6.97732742057129));
#7744=CARTESIAN_POINT('Ctrl Pts',(-102.8,23.4082276489667,6.97732742057129));
#7745=CARTESIAN_POINT('Ctrl Pts',(-102.8,23.2434938218526,7.10931922421738));
#7746=CARTESIAN_POINT('Ctrl Pts',(-103.3,24.2912427451543,7.12262089476868));
#7747=CARTESIAN_POINT('Ctrl Pts',(-102.8,24.2912427451543,7.12262089476868));
#7748=CARTESIAN_POINT('Ctrl Pts',(-103.3,24.1142306592397,6.97732742057129));
#7749=CARTESIAN_POINT('Ctrl Pts',(-102.8,24.1142306592397,6.97732742057129));
#7750=CARTESIAN_POINT('Ctrl Pts',(-103.3,23.768391397231,6.97732742057129));
#7751=CARTESIAN_POINT('Ctrl Pts',(-102.8,23.768391397231,6.97732742057129));
#7752=CARTESIAN_POINT('',(-103.3,24.2912427451543,7.12262089476868));
#7753=CARTESIAN_POINT('Ctrl Pts',(-103.3,24.2912427451543,7.12262089476868));
#7754=CARTESIAN_POINT('Ctrl Pts',(-103.3,24.1142306592397,6.97732742057129));
#7755=CARTESIAN_POINT('Ctrl Pts',(-103.3,23.768391397231,6.97732742057129));
#7756=CARTESIAN_POINT('',(-102.8,24.2912427451543,7.12262089476868));
#7757=CARTESIAN_POINT('',(-103.3,24.2912427451543,7.12262089476868));
#7758=CARTESIAN_POINT('Ctrl Pts',(-102.8,24.2912427451543,7.12262089476868));
#7759=CARTESIAN_POINT('Ctrl Pts',(-102.8,24.1142306592397,6.97732742057129));
#7760=CARTESIAN_POINT('Ctrl Pts',(-102.8,23.768391397231,6.97732742057129));
#7761=CARTESIAN_POINT('Ctrl Pts',(-103.3,24.4989506270818,7.55236159191414));
#7762=CARTESIAN_POINT('Ctrl Pts',(-102.8,24.4989506270818,7.55236159191414));
#7763=CARTESIAN_POINT('Ctrl Pts',(-103.3,24.4682548310689,7.26791407094284));
#7764=CARTESIAN_POINT('Ctrl Pts',(-102.8,24.4682548310689,7.26791407094284));
#7765=CARTESIAN_POINT('Ctrl Pts',(-103.3,24.2912427451543,7.12262089476868));
#7766=CARTESIAN_POINT('Ctrl Pts',(-102.8,24.2912427451543,7.12262089476868));
#7767=CARTESIAN_POINT('',(-103.3,24.4989506270818,7.55236159191414));
#7768=CARTESIAN_POINT('Ctrl Pts',(-103.3,24.4989506270818,7.55236159191414));
#7769=CARTESIAN_POINT('Ctrl Pts',(-103.3,24.4682548310689,7.26791407094284));
#7770=CARTESIAN_POINT('Ctrl Pts',(-103.3,24.2912427451543,7.12262089476868));
#7771=CARTESIAN_POINT('',(-102.8,24.4989506270818,7.55236159191414));
#7772=CARTESIAN_POINT('',(-103.3,24.4989506270818,7.55236159191414));
#7773=CARTESIAN_POINT('Ctrl Pts',(-102.8,24.4989506270818,7.55236159191414));
#7774=CARTESIAN_POINT('Ctrl Pts',(-102.8,24.4682548310689,7.26791407094284));
#7775=CARTESIAN_POINT('Ctrl Pts',(-102.8,24.2912427451543,7.12262089476868));
#7776=CARTESIAN_POINT('Origin',(-103.3,24.8795787360601,7.52371217236802));
#7777=CARTESIAN_POINT('',(-103.3,24.8795787360601,7.52371217236802));
#7778=CARTESIAN_POINT('',(-103.3,39.2314159310626,6.44346666406581));
#7779=CARTESIAN_POINT('',(-102.8,24.8795787360601,7.52371217236802));
#7780=CARTESIAN_POINT('',(-103.3,24.8795787360601,7.52371217236802));
#7781=CARTESIAN_POINT('',(-102.8,24.8795787360601,7.52371217236802));
#7782=CARTESIAN_POINT('Ctrl Pts',(-103.3,24.7322384383611,7.05099727139756));
#7783=CARTESIAN_POINT('Ctrl Pts',(-102.8,24.7322384383611,7.05099727139756));
#7784=CARTESIAN_POINT('Ctrl Pts',(-103.3,24.8693464066915,7.25972856507584));
#7785=CARTESIAN_POINT('Ctrl Pts',(-102.8,24.8693464066915,7.25972856507584));
#7786=CARTESIAN_POINT('Ctrl Pts',(-103.3,24.8795787360601,7.52371217236802));
#7787=CARTESIAN_POINT('Ctrl Pts',(-102.8,24.8795787360601,7.52371217236802));
#7788=CARTESIAN_POINT('',(-103.3,24.7322384383611,7.05099727139756));
#7789=CARTESIAN_POINT('Ctrl Pts',(-103.3,24.7322384383611,7.05099727139756));
#7790=CARTESIAN_POINT('Ctrl Pts',(-103.3,24.8693464066915,7.25972856507584));
#7791=CARTESIAN_POINT('Ctrl Pts',(-103.3,24.8795787360601,7.52371217236802));
#7792=CARTESIAN_POINT('',(-102.8,24.7322384383611,7.05099727139756));
#7793=CARTESIAN_POINT('',(-103.3,24.7322384383611,7.05099727139756));
#7794=CARTESIAN_POINT('Ctrl Pts',(-102.8,24.7322384383611,7.05099727139756));
#7795=CARTESIAN_POINT('Ctrl Pts',(-102.8,24.8693464066915,7.25972856507584));
#7796=CARTESIAN_POINT('Ctrl Pts',(-102.8,24.8795787360601,7.52371217236802));
#7797=CARTESIAN_POINT('Ctrl Pts',(-103.3,24.3403557803564,6.73483098969742));
#7798=CARTESIAN_POINT('Ctrl Pts',(-102.8,24.3403557803564,6.73483098969742));
#7799=CARTESIAN_POINT('Ctrl Pts',(-103.3,24.5951310660772,6.84226597771927));
#7800=CARTESIAN_POINT('Ctrl Pts',(-102.8,24.5951310660772,6.84226597771927));
#7801=CARTESIAN_POINT('Ctrl Pts',(-103.3,24.7322384383611,7.05099727139756));
#7802=CARTESIAN_POINT('Ctrl Pts',(-102.8,24.7322384383611,7.05099727139756));
#7803=CARTESIAN_POINT('',(-103.3,24.3403557803564,6.73483098969742));
#7804=CARTESIAN_POINT('Ctrl Pts',(-103.3,24.3403557803564,6.73483098969742));
#7805=CARTESIAN_POINT('Ctrl Pts',(-103.3,24.5951310660772,6.84226597771927));
#7806=CARTESIAN_POINT('Ctrl Pts',(-103.3,24.7322384383611,7.05099727139756));
#7807=CARTESIAN_POINT('',(-102.8,24.3403557803564,6.73483098969742));
#7808=CARTESIAN_POINT('',(-103.3,24.3403557803564,6.73483098969742));
#7809=CARTESIAN_POINT('Ctrl Pts',(-102.8,24.3403557803564,6.73483098969742));
#7810=CARTESIAN_POINT('Ctrl Pts',(-102.8,24.5951310660772,6.84226597771927));
#7811=CARTESIAN_POINT('Ctrl Pts',(-102.8,24.7322384383611,7.05099727139756));
#7812=CARTESIAN_POINT('Ctrl Pts',(-103.3,23.752020385497,6.62739570365235));
#7813=CARTESIAN_POINT('Ctrl Pts',(-102.8,23.752020385497,6.62739570365235));
#7814=CARTESIAN_POINT('Ctrl Pts',(-103.3,24.085581090682,6.62739570365235));
#7815=CARTESIAN_POINT('Ctrl Pts',(-102.8,24.085581090682,6.62739570365235));
#7816=CARTESIAN_POINT('Ctrl Pts',(-103.3,24.3403557803564,6.73483098969742));
#7817=CARTESIAN_POINT('Ctrl Pts',(-102.8,24.3403557803564,6.73483098969742));
#7818=CARTESIAN_POINT('',(-103.3,23.752020385497,6.62739570365235));
#7819=CARTESIAN_POINT('Ctrl Pts',(-103.3,23.752020385497,6.62739570365235));
#7820=CARTESIAN_POINT('Ctrl Pts',(-103.3,24.085581090682,6.62739570365235));
#7821=CARTESIAN_POINT('Ctrl Pts',(-103.3,24.3403557803564,6.73483098969742));
#7822=CARTESIAN_POINT('',(-102.8,23.752020385497,6.62739570365235));
#7823=CARTESIAN_POINT('',(-103.3,23.752020385497,6.62739570365235));
#7824=CARTESIAN_POINT('Ctrl Pts',(-102.8,23.752020385497,6.62739570365235));
#7825=CARTESIAN_POINT('Ctrl Pts',(-102.8,24.085581090682,6.62739570365235));
#7826=CARTESIAN_POINT('Ctrl Pts',(-102.8,24.3403557803564,6.73483098969742));
#7827=CARTESIAN_POINT('Ctrl Pts',(-103.3,23.2015428807668,6.72971482501313));
#7828=CARTESIAN_POINT('Ctrl Pts',(-102.8,23.2015428807668,6.72971482501313));
#7829=CARTESIAN_POINT('Ctrl Pts',(-103.3,23.449155476325,6.62739570365235));
#7830=CARTESIAN_POINT('Ctrl Pts',(-102.8,23.449155476325,6.62739570365235));
#7831=CARTESIAN_POINT('Ctrl Pts',(-103.3,23.752020385497,6.62739570365235));
#7832=CARTESIAN_POINT('Ctrl Pts',(-102.8,23.752020385497,6.62739570365235));
#7833=CARTESIAN_POINT('',(-103.3,23.2015428807668,6.72971482501313));
#7834=CARTESIAN_POINT('Ctrl Pts',(-103.3,23.2015428807668,6.72971482501313));
#7835=CARTESIAN_POINT('Ctrl Pts',(-103.3,23.449155476325,6.62739570365235));
#7836=CARTESIAN_POINT('Ctrl Pts',(-103.3,23.752020385497,6.62739570365235));
#7837=CARTESIAN_POINT('',(-102.8,23.2015428807668,6.72971482501313));
#7838=CARTESIAN_POINT('',(-103.3,23.2015428807668,6.72971482501313));
#7839=CARTESIAN_POINT('Ctrl Pts',(-102.8,23.2015428807668,6.72971482501313));
#7840=CARTESIAN_POINT('Ctrl Pts',(-102.8,23.449155476325,6.62739570365235));
#7841=CARTESIAN_POINT('Ctrl Pts',(-102.8,23.752020385497,6.62739570365235));
#7842=CARTESIAN_POINT('Ctrl Pts',(-103.3,22.8250081207685,7.02951039300248));
#7843=CARTESIAN_POINT('Ctrl Pts',(-102.8,22.8250081207685,7.02951039300248));
#7844=CARTESIAN_POINT('Ctrl Pts',(-103.3,22.9539302852086,6.83203424439713));
#7845=CARTESIAN_POINT('Ctrl Pts',(-102.8,22.9539302852086,6.83203424439713));
#7846=CARTESIAN_POINT('Ctrl Pts',(-103.3,23.2015428807668,6.72971482501313));
#7847=CARTESIAN_POINT('Ctrl Pts',(-102.8,23.2015428807668,6.72971482501313));
#7848=CARTESIAN_POINT('',(-103.3,22.8250081207685,7.02951039300248));
#7849=CARTESIAN_POINT('Ctrl Pts',(-103.3,22.8250081207685,7.02951039300248));
#7850=CARTESIAN_POINT('Ctrl Pts',(-103.3,22.9539302852086,6.83203424439713));
#7851=CARTESIAN_POINT('Ctrl Pts',(-103.3,23.2015428807668,6.72971482501313));
#7852=CARTESIAN_POINT('',(-102.8,22.8250081207685,7.02951039300248));
#7853=CARTESIAN_POINT('',(-103.3,22.8250081207685,7.02951039300248));
#7854=CARTESIAN_POINT('Ctrl Pts',(-102.8,22.8250081207685,7.02951039300248));
#7855=CARTESIAN_POINT('Ctrl Pts',(-102.8,22.9539302852086,6.83203424439713));
#7856=CARTESIAN_POINT('Ctrl Pts',(-102.8,23.2015428807668,6.72971482501313));
#7857=CARTESIAN_POINT('Ctrl Pts',(-103.3,22.6960859563283,7.45413507447525));
#7858=CARTESIAN_POINT('Ctrl Pts',(-102.8,22.6960859563283,7.45413507447525));
#7859=CARTESIAN_POINT('Ctrl Pts',(-103.3,22.6960859563283,7.2269862435846));
#7860=CARTESIAN_POINT('Ctrl Pts',(-102.8,22.6960859563283,7.2269862435846));
#7861=CARTESIAN_POINT('Ctrl Pts',(-103.3,22.8250081207685,7.02951039300248));
#7862=CARTESIAN_POINT('Ctrl Pts',(-102.8,22.8250081207685,7.02951039300248));
#7863=CARTESIAN_POINT('',(-103.3,22.6960859563283,7.45413507447525));
#7864=CARTESIAN_POINT('Ctrl Pts',(-103.3,22.6960859563283,7.45413507447525));
#7865=CARTESIAN_POINT('Ctrl Pts',(-103.3,22.6960859563283,7.2269862435846));
#7866=CARTESIAN_POINT('Ctrl Pts',(-103.3,22.8250081207685,7.02951039300248));
#7867=CARTESIAN_POINT('',(-102.8,22.6960859563283,7.45413507447525));
#7868=CARTESIAN_POINT('',(-103.3,22.6960859563283,7.45413507447525));
#7869=CARTESIAN_POINT('Ctrl Pts',(-102.8,22.6960859563283,7.45413507447525));
#7870=CARTESIAN_POINT('Ctrl Pts',(-102.8,22.6960859563283,7.2269862435846));
#7871=CARTESIAN_POINT('Ctrl Pts',(-102.8,22.8250081207685,7.02951039300248));
#7872=CARTESIAN_POINT('Ctrl Pts',(-103.3,22.801474716895,7.82760034427926));
#7873=CARTESIAN_POINT('Ctrl Pts',(-102.8,22.801474716895,7.82760034427926));
#7874=CARTESIAN_POINT('Ctrl Pts',(-103.3,22.6960859563283,7.66081999168679));
#7875=CARTESIAN_POINT('Ctrl Pts',(-102.8,22.6960859563283,7.66081999168679));
#7876=CARTESIAN_POINT('Ctrl Pts',(-103.3,22.6960859563283,7.45413507447525));
#7877=CARTESIAN_POINT('Ctrl Pts',(-102.8,22.6960859563283,7.45413507447525));
#7878=CARTESIAN_POINT('',(-103.3,22.801474716895,7.82760034427926));
#7879=CARTESIAN_POINT('Ctrl Pts',(-103.3,22.801474716895,7.82760034427926));
#7880=CARTESIAN_POINT('Ctrl Pts',(-103.3,22.6960859563283,7.66081999168679));
#7881=CARTESIAN_POINT('Ctrl Pts',(-103.3,22.6960859563283,7.45413507447525));
#7882=CARTESIAN_POINT('',(-102.8,22.801474716895,7.82760034427926));
#7883=CARTESIAN_POINT('',(-103.3,22.801474716895,7.82760034427926));
#7884=CARTESIAN_POINT('Ctrl Pts',(-102.8,22.801474716895,7.82760034427926));
#7885=CARTESIAN_POINT('Ctrl Pts',(-102.8,22.6960859563283,7.66081999168679));
#7886=CARTESIAN_POINT('Ctrl Pts',(-102.8,22.6960859563283,7.45413507447525));
#7887=CARTESIAN_POINT('Ctrl Pts',(-103.3,23.1217337515287,8.10693184957787));
#7888=CARTESIAN_POINT('Ctrl Pts',(-102.8,23.1217337515287,8.10693184957787));
#7889=CARTESIAN_POINT('Ctrl Pts',(-103.3,22.9068634774618,7.99438069687172));
#7890=CARTESIAN_POINT('Ctrl Pts',(-102.8,22.9068634774618,7.99438069687172));
#7891=CARTESIAN_POINT('Ctrl Pts',(-103.3,22.801474716895,7.82760034427926));
#7892=CARTESIAN_POINT('Ctrl Pts',(-102.8,22.801474716895,7.82760034427926));
#7893=CARTESIAN_POINT('',(-103.3,23.1217337515287,8.10693184957787));
#7894=CARTESIAN_POINT('Ctrl Pts',(-103.3,23.1217337515287,8.10693184957787));
#7895=CARTESIAN_POINT('Ctrl Pts',(-103.3,22.9068634774618,7.99438069687172));
#7896=CARTESIAN_POINT('Ctrl Pts',(-103.3,22.801474716895,7.82760034427926));
#7897=CARTESIAN_POINT('',(-102.8,23.1217337515287,8.10693184957787));
#7898=CARTESIAN_POINT('',(-103.3,23.1217337515287,8.10693184957787));
#7899=CARTESIAN_POINT('Ctrl Pts',(-102.8,23.1217337515287,8.10693184957787));
#7900=CARTESIAN_POINT('Ctrl Pts',(-102.8,22.9068634774618,7.99438069687172));
#7901=CARTESIAN_POINT('Ctrl Pts',(-102.8,22.801474716895,7.82760034427926));
#7902=CARTESIAN_POINT('Ctrl Pts',(-103.3,23.7008608248166,8.29417596683785));
#7903=CARTESIAN_POINT('Ctrl Pts',(-102.8,23.7008608248166,8.29417596683785));
#7904=CARTESIAN_POINT('Ctrl Pts',(-103.3,23.2874909903936,8.19492633567139));
#7905=CARTESIAN_POINT('Ctrl Pts',(-102.8,23.2874909903936,8.19492633567139));
#7906=CARTESIAN_POINT('Ctrl Pts',(-103.3,23.1217337515287,8.10693184957787));
#7907=CARTESIAN_POINT('Ctrl Pts',(-102.8,23.1217337515287,8.10693184957787));
#7908=CARTESIAN_POINT('',(-103.3,23.7008608248166,8.29417596683785));
#7909=CARTESIAN_POINT('Ctrl Pts',(-103.3,23.7008608248166,8.29417596683785));
#7910=CARTESIAN_POINT('Ctrl Pts',(-103.3,23.2874909903936,8.19492633567139));
#7911=CARTESIAN_POINT('Ctrl Pts',(-103.3,23.1217337515287,8.10693184957787));
#7912=CARTESIAN_POINT('',(-102.8,23.7008608248166,8.29417596683785));
#7913=CARTESIAN_POINT('',(-103.3,23.7008608248166,8.29417596683785));
#7914=CARTESIAN_POINT('Ctrl Pts',(-102.8,23.7008608248166,8.29417596683785));
#7915=CARTESIAN_POINT('Ctrl Pts',(-102.8,23.2874909903936,8.19492633567139));
#7916=CARTESIAN_POINT('Ctrl Pts',(-102.8,23.1217337515287,8.10693184957787));
#7917=CARTESIAN_POINT('Ctrl Pts',(-103.3,24.2349670197896,8.44049270377442));
#7918=CARTESIAN_POINT('Ctrl Pts',(-102.8,24.2349670197896,8.44049270377442));
#7919=CARTESIAN_POINT('Ctrl Pts',(-103.3,24.1142306592397,8.39342589602753));
#7920=CARTESIAN_POINT('Ctrl Pts',(-102.8,24.1142306592397,8.39342589602753));
#7921=CARTESIAN_POINT('Ctrl Pts',(-103.3,23.7008608248166,8.29417596683785));
#7922=CARTESIAN_POINT('Ctrl Pts',(-102.8,23.7008608248166,8.29417596683785));
#7923=CARTESIAN_POINT('',(-103.3,24.2349670197896,8.44049270377442));
#7924=CARTESIAN_POINT('Ctrl Pts',(-103.3,24.2349670197896,8.44049270377442));
#7925=CARTESIAN_POINT('Ctrl Pts',(-103.3,24.1142306592397,8.39342589602753));
#7926=CARTESIAN_POINT('Ctrl Pts',(-103.3,23.7008608248166,8.29417596683785));
#7927=CARTESIAN_POINT('',(-102.8,24.2349670197896,8.44049270377442));
#7928=CARTESIAN_POINT('',(-103.3,24.2349670197896,8.44049270377442));
#7929=CARTESIAN_POINT('Ctrl Pts',(-102.8,24.2349670197896,8.44049270377442));
#7930=CARTESIAN_POINT('Ctrl Pts',(-102.8,24.1142306592397,8.39342589602753));
#7931=CARTESIAN_POINT('Ctrl Pts',(-102.8,23.7008608248166,8.29417596683785));
#7932=CARTESIAN_POINT('Ctrl Pts',(-103.3,24.5050899054937,8.61750478968903));
#7933=CARTESIAN_POINT('Ctrl Pts',(-102.8,24.5050899054937,8.61750478968903));
#7934=CARTESIAN_POINT('Ctrl Pts',(-103.3,24.4232348468236,8.51211602912232));
#7935=CARTESIAN_POINT('Ctrl Pts',(-102.8,24.4232348468236,8.51211602912232));
#7936=CARTESIAN_POINT('Ctrl Pts',(-103.3,24.2349670197896,8.44049270377442));
#7937=CARTESIAN_POINT('Ctrl Pts',(-102.8,24.2349670197896,8.44049270377442));
#7938=CARTESIAN_POINT('',(-103.3,24.5050899054937,8.61750478968903));
#7939=CARTESIAN_POINT('Ctrl Pts',(-103.3,24.5050899054937,8.61750478968903));
#7940=CARTESIAN_POINT('Ctrl Pts',(-103.3,24.4232348468236,8.51211602912232));
#7941=CARTESIAN_POINT('Ctrl Pts',(-103.3,24.2349670197896,8.44049270377442));
#7942=CARTESIAN_POINT('',(-102.8,24.5050899054937,8.61750478968903));
#7943=CARTESIAN_POINT('',(-103.3,24.5050899054937,8.61750478968903));
#7944=CARTESIAN_POINT('Ctrl Pts',(-102.8,24.5050899054937,8.61750478968903));
#7945=CARTESIAN_POINT('Ctrl Pts',(-102.8,24.4232348468236,8.51211602912232));
#7946=CARTESIAN_POINT('Ctrl Pts',(-102.8,24.2349670197896,8.44049270377442));
#7947=CARTESIAN_POINT('Ctrl Pts',(-103.3,24.5869455602102,8.86409427151963));
#7948=CARTESIAN_POINT('Ctrl Pts',(-102.8,24.5869455602102,8.86409427151963));
#7949=CARTESIAN_POINT('Ctrl Pts',(-103.3,24.5869455602102,8.72289355025574));
#7950=CARTESIAN_POINT('Ctrl Pts',(-102.8,24.5869455602102,8.72289355025574));
#7951=CARTESIAN_POINT('Ctrl Pts',(-103.3,24.5050899054937,8.61750478968903));
#7952=CARTESIAN_POINT('Ctrl Pts',(-102.8,24.5050899054937,8.61750478968903));
#7953=CARTESIAN_POINT('',(-103.3,24.5869455602102,8.86409427151963));
#7954=CARTESIAN_POINT('Ctrl Pts',(-103.3,24.5869455602102,8.86409427151963));
#7955=CARTESIAN_POINT('Ctrl Pts',(-103.3,24.5869455602102,8.72289355025574));
#7956=CARTESIAN_POINT('Ctrl Pts',(-103.3,24.5050899054937,8.61750478968903));
#7957=CARTESIAN_POINT('',(-102.8,24.5869455602102,8.86409427151963));
#7958=CARTESIAN_POINT('',(-103.3,24.5869455602102,8.86409427151963));
#7959=CARTESIAN_POINT('Ctrl Pts',(-102.8,24.5869455602102,8.86409427151963));
#7960=CARTESIAN_POINT('Ctrl Pts',(-102.8,24.5869455602102,8.72289355025574));
#7961=CARTESIAN_POINT('Ctrl Pts',(-102.8,24.5050899054937,8.61750478968903));
#7962=CARTESIAN_POINT('Ctrl Pts',(-103.3,24.5020202662877,9.12091548667237));
#7963=CARTESIAN_POINT('Ctrl Pts',(-102.8,24.5020202662877,9.12091548667237));
#7964=CARTESIAN_POINT('Ctrl Pts',(-103.3,24.5869455602102,9.00324846730515));
#7965=CARTESIAN_POINT('Ctrl Pts',(-102.8,24.5869455602102,9.00324846730515));
#7966=CARTESIAN_POINT('Ctrl Pts',(-103.3,24.5869455602102,8.86409427151963));
#7967=CARTESIAN_POINT('Ctrl Pts',(-102.8,24.5869455602102,8.86409427151963));
#7968=CARTESIAN_POINT('',(-103.3,24.5020202662877,9.12091548667237));
#7969=CARTESIAN_POINT('Ctrl Pts',(-103.3,24.5020202662877,9.12091548667237));
#7970=CARTESIAN_POINT('Ctrl Pts',(-103.3,24.5869455602102,9.00324846730515));
#7971=CARTESIAN_POINT('Ctrl Pts',(-103.3,24.5869455602102,8.86409427151963));
#7972=CARTESIAN_POINT('',(-102.8,24.5020202662877,9.12091548667237));
#7973=CARTESIAN_POINT('',(-103.3,24.5020202662877,9.12091548667237));
#7974=CARTESIAN_POINT('Ctrl Pts',(-102.8,24.5020202662877,9.12091548667237));
#7975=CARTESIAN_POINT('Ctrl Pts',(-102.8,24.5869455602102,9.00324846730515));
#7976=CARTESIAN_POINT('Ctrl Pts',(-102.8,24.5869455602102,8.86409427151963));
#7977=CARTESIAN_POINT('Ctrl Pts',(-103.3,24.2431525256566,9.30611337647721));
#7978=CARTESIAN_POINT('Ctrl Pts',(-102.8,24.2431525256566,9.30611337647721));
#7979=CARTESIAN_POINT('Ctrl Pts',(-103.3,24.4170955684118,9.23858280406281));
#7980=CARTESIAN_POINT('Ctrl Pts',(-102.8,24.4170955684118,9.23858280406281));
#7981=CARTESIAN_POINT('Ctrl Pts',(-103.3,24.5020202662877,9.12091548667237));
#7982=CARTESIAN_POINT('Ctrl Pts',(-102.8,24.5020202662877,9.12091548667237));
#7983=CARTESIAN_POINT('',(-103.3,24.2431525256566,9.30611337647721));
#7984=CARTESIAN_POINT('Ctrl Pts',(-103.3,24.2431525256566,9.30611337647721));
#7985=CARTESIAN_POINT('Ctrl Pts',(-103.3,24.4170955684118,9.23858280406281));
#7986=CARTESIAN_POINT('Ctrl Pts',(-103.3,24.5020202662877,9.12091548667237));
#7987=CARTESIAN_POINT('',(-102.8,24.2431525256566,9.30611337647721));
#7988=CARTESIAN_POINT('',(-103.3,24.2431525256566,9.30611337647721));
#7989=CARTESIAN_POINT('Ctrl Pts',(-102.8,24.2431525256566,9.30611337647721));
#7990=CARTESIAN_POINT('Ctrl Pts',(-102.8,24.4170955684118,9.23858280406281));
#7991=CARTESIAN_POINT('Ctrl Pts',(-102.8,24.5020202662877,9.12091548667237));
#7992=CARTESIAN_POINT('Ctrl Pts',(-103.3,23.8420612480573,9.3736439488916));
#7993=CARTESIAN_POINT('Ctrl Pts',(-102.8,23.8420612480573,9.3736439488916));
#7994=CARTESIAN_POINT('Ctrl Pts',(-103.3,24.069210078948,9.3736439488916));
#7995=CARTESIAN_POINT('Ctrl Pts',(-102.8,24.069210078948,9.3736439488916));
#7996=CARTESIAN_POINT('Ctrl Pts',(-103.3,24.2431525256566,9.30611337647721));
#7997=CARTESIAN_POINT('Ctrl Pts',(-102.8,24.2431525256566,9.30611337647721));
#7998=CARTESIAN_POINT('',(-103.3,23.8420612480573,9.3736439488916));
#7999=CARTESIAN_POINT('Ctrl Pts',(-103.3,23.8420612480573,9.3736439488916));
#8000=CARTESIAN_POINT('Ctrl Pts',(-103.3,24.069210078948,9.3736439488916));
#8001=CARTESIAN_POINT('Ctrl Pts',(-103.3,24.2431525256566,9.30611337647721));
#8002=CARTESIAN_POINT('',(-102.8,23.8420612480573,9.3736439488916));
#8003=CARTESIAN_POINT('',(-103.3,23.8420612480573,9.3736439488916));
#8004=CARTESIAN_POINT('Ctrl Pts',(-102.8,23.8420612480573,9.3736439488916));
#8005=CARTESIAN_POINT('Ctrl Pts',(-102.8,24.069210078948,9.3736439488916));
#8006=CARTESIAN_POINT('Ctrl Pts',(-102.8,24.2431525256566,9.30611337647721));
#8007=CARTESIAN_POINT('Ctrl Pts',(-103.3,23.3816246058874,9.2846262000589));
#8008=CARTESIAN_POINT('Ctrl Pts',(-102.8,23.3816246058874,9.2846262000589));
#8009=CARTESIAN_POINT('Ctrl Pts',(-103.3,23.5862631466321,9.3736439488916));
#8010=CARTESIAN_POINT('Ctrl Pts',(-102.8,23.5862631466321,9.3736439488916));
#8011=CARTESIAN_POINT('Ctrl Pts',(-103.3,23.8420612480573,9.3736439488916));
#8012=CARTESIAN_POINT('Ctrl Pts',(-102.8,23.8420612480573,9.3736439488916));
#8013=CARTESIAN_POINT('',(-103.3,23.3816246058874,9.2846262000589));
#8014=CARTESIAN_POINT('Ctrl Pts',(-103.3,23.3816246058874,9.2846262000589));
#8015=CARTESIAN_POINT('Ctrl Pts',(-103.3,23.5862631466321,9.3736439488916));
#8016=CARTESIAN_POINT('Ctrl Pts',(-103.3,23.8420612480573,9.3736439488916));
#8017=CARTESIAN_POINT('',(-102.8,23.3816246058874,9.2846262000589));
#8018=CARTESIAN_POINT('',(-103.3,23.3816246058874,9.2846262000589));
#8019=CARTESIAN_POINT('Ctrl Pts',(-102.8,23.3816246058874,9.2846262000589));
#8020=CARTESIAN_POINT('Ctrl Pts',(-102.8,23.5862631466321,9.3736439488916));
#8021=CARTESIAN_POINT('Ctrl Pts',(-102.8,23.8420612480573,9.3736439488916));
#8022=CARTESIAN_POINT('Ctrl Pts',(-103.3,23.0797831084661,9.05133838877961));
#8023=CARTESIAN_POINT('Ctrl Pts',(-102.8,23.0797831084661,9.05133838877961));
#8024=CARTESIAN_POINT('Ctrl Pts',(-103.3,23.1769863631658,9.1956084512262));
#8025=CARTESIAN_POINT('Ctrl Pts',(-102.8,23.1769863631658,9.1956084512262));
#8026=CARTESIAN_POINT('Ctrl Pts',(-103.3,23.3816246058874,9.2846262000589));
#8027=CARTESIAN_POINT('Ctrl Pts',(-102.8,23.3816246058874,9.2846262000589));
#8028=CARTESIAN_POINT('',(-103.3,23.0797831084661,9.05133838877961));
#8029=CARTESIAN_POINT('Ctrl Pts',(-103.3,23.0797831084661,9.05133838877961));
#8030=CARTESIAN_POINT('Ctrl Pts',(-103.3,23.1769863631658,9.1956084512262));
#8031=CARTESIAN_POINT('Ctrl Pts',(-103.3,23.3816246058874,9.2846262000589));
#8032=CARTESIAN_POINT('',(-102.8,23.0797831084661,9.05133838877961));
#8033=CARTESIAN_POINT('',(-103.3,23.0797831084661,9.05133838877961));
#8034=CARTESIAN_POINT('Ctrl Pts',(-102.8,23.0797831084661,9.05133838877961));
#8035=CARTESIAN_POINT('Ctrl Pts',(-102.8,23.1769863631658,9.1956084512262));
#8036=CARTESIAN_POINT('Ctrl Pts',(-102.8,23.3816246058874,9.2846262000589));
#8037=CARTESIAN_POINT('Ctrl Pts',(-103.3,22.955976810687,8.68196602092072));
#8038=CARTESIAN_POINT('Ctrl Pts',(-102.8,22.955976810687,8.68196602092072));
#8039=CARTESIAN_POINT('Ctrl Pts',(-103.3,22.9825798537664,8.90706832633301));
#8040=CARTESIAN_POINT('Ctrl Pts',(-102.8,22.9825798537664,8.90706832633301));
#8041=CARTESIAN_POINT('Ctrl Pts',(-103.3,23.0797831084661,9.05133838877961));
#8042=CARTESIAN_POINT('Ctrl Pts',(-102.8,23.0797831084661,9.05133838877961));
#8043=CARTESIAN_POINT('',(-103.3,22.955976810687,8.68196602092072));
#8044=CARTESIAN_POINT('Ctrl Pts',(-103.3,22.955976810687,8.68196602092072));
#8045=CARTESIAN_POINT('Ctrl Pts',(-103.3,22.9825798537664,8.90706832633301));
#8046=CARTESIAN_POINT('Ctrl Pts',(-103.3,23.0797831084661,9.05133838877961));
#8047=CARTESIAN_POINT('',(-102.8,22.955976810687,8.68196602092072));
#8048=CARTESIAN_POINT('',(-103.3,22.955976810687,8.68196602092072));
#8049=CARTESIAN_POINT('Ctrl Pts',(-102.8,22.955976810687,8.68196602092072));
#8050=CARTESIAN_POINT('Ctrl Pts',(-102.8,22.9825798537664,8.90706832633301));
#8051=CARTESIAN_POINT('Ctrl Pts',(-102.8,23.0797831084661,9.05133838877961));
#8052=CARTESIAN_POINT('Origin',(-103.3,22.5814882781438,8.71470804438874));
#8053=CARTESIAN_POINT('',(-103.3,22.5814882781438,8.71470804438874));
#8054=CARTESIAN_POINT('',(-103.3,38.1328897113669,7.35502862448971));
#8055=CARTESIAN_POINT('',(-102.8,22.5814882781438,8.71470804438874));
#8056=CARTESIAN_POINT('',(-103.3,22.5814882781438,8.71470804438874));
#8057=CARTESIAN_POINT('',(-102.8,22.5814882781438,8.71470804438874));
#8058=CARTESIAN_POINT('Ctrl Pts',(-103.3,22.7462224032812,9.25393040404602));
#8059=CARTESIAN_POINT('Ctrl Pts',(-102.8,22.7462224032812,9.25393040404602));
#8060=CARTESIAN_POINT('Ctrl Pts',(-103.3,22.5896737840108,9.01552672610566));
#8061=CARTESIAN_POINT('Ctrl Pts',(-102.8,22.5896737840108,9.01552672610566));
#8062=CARTESIAN_POINT('Ctrl Pts',(-103.3,22.5814882781438,8.71470804438874));
#8063=CARTESIAN_POINT('Ctrl Pts',(-102.8,22.5814882781438,8.71470804438874));
#8064=CARTESIAN_POINT('Ctrl Pts',(-103.3,22.7462224032812,9.25393040404602));
#8065=CARTESIAN_POINT('Ctrl Pts',(-103.3,22.5896737840108,9.01552672610566));
#8066=CARTESIAN_POINT('Ctrl Pts',(-103.3,22.5814882781438,8.71470804438874));
#8067=CARTESIAN_POINT('Ctrl Pts',(-102.8,22.7462224032812,9.25393040404602));
#8068=CARTESIAN_POINT('Ctrl Pts',(-102.8,22.5896737840108,9.01552672610566));
#8069=CARTESIAN_POINT('Ctrl Pts',(-102.8,22.5814882781438,8.71470804438874));
#8070=CARTESIAN_POINT('Origin',(-102.8,26.3458129134111,8.17855532393738));
#8071=CARTESIAN_POINT('Origin',(-103.3,26.4921299483709,7.03258003220841));
#8072=CARTESIAN_POINT('',(-103.3,26.4921299483709,7.03258003220841));
#8073=CARTESIAN_POINT('',(-103.3,25.8925388123922,7.03258003220841));
#8074=CARTESIAN_POINT('',(-103.3,39.8960649741854,7.03258003220841));
#8075=CARTESIAN_POINT('',(-102.8,26.4921299483709,7.03258003220841));
#8076=CARTESIAN_POINT('',(-103.3,26.4921299483709,7.03258003220841));
#8077=CARTESIAN_POINT('',(-102.8,25.8925388123922,7.03258003220841));
#8078=CARTESIAN_POINT('',(-102.8,26.4921299483709,7.03258003220841));
#8079=CARTESIAN_POINT('',(-103.3,25.8925388123922,7.03258003220841));
#8080=CARTESIAN_POINT('Ctrl Pts',(-103.3,26.9484738376073,7.074530675271));
#8081=CARTESIAN_POINT('Ctrl Pts',(-102.8,26.9484738376073,7.074530675271));
#8082=CARTESIAN_POINT('Ctrl Pts',(-103.3,26.8154583241872,7.03258003220841));
#8083=CARTESIAN_POINT('Ctrl Pts',(-102.8,26.8154583241872,7.03258003220841));
#8084=CARTESIAN_POINT('Ctrl Pts',(-103.3,26.4921299483709,7.03258003220841));
#8085=CARTESIAN_POINT('Ctrl Pts',(-102.8,26.4921299483709,7.03258003220841));
#8086=CARTESIAN_POINT('',(-103.3,26.9484738376073,7.074530675271));
#8087=CARTESIAN_POINT('Ctrl Pts',(-103.3,26.9484738376073,7.074530675271));
#8088=CARTESIAN_POINT('Ctrl Pts',(-103.3,26.8154583241872,7.03258003220841));
#8089=CARTESIAN_POINT('Ctrl Pts',(-103.3,26.4921299483709,7.03258003220841));
#8090=CARTESIAN_POINT('',(-102.8,26.9484738376073,7.074530675271));
#8091=CARTESIAN_POINT('',(-103.3,26.9484738376073,7.074530675271));
#8092=CARTESIAN_POINT('Ctrl Pts',(-102.8,26.9484738376073,7.074530675271));
#8093=CARTESIAN_POINT('Ctrl Pts',(-102.8,26.8154583241872,7.03258003220841));
#8094=CARTESIAN_POINT('Ctrl Pts',(-102.8,26.4921299483709,7.03258003220841));
#8095=CARTESIAN_POINT('Ctrl Pts',(-103.3,27.1531120803289,7.23005603180214));
#8096=CARTESIAN_POINT('Ctrl Pts',(-102.8,27.1531120803289,7.23005603180214));
#8097=CARTESIAN_POINT('Ctrl Pts',(-103.3,27.081488754981,7.11648161635681));
#8098=CARTESIAN_POINT('Ctrl Pts',(-102.8,27.081488754981,7.11648161635681));
#8099=CARTESIAN_POINT('Ctrl Pts',(-103.3,26.9484738376073,7.074530675271));
#8100=CARTESIAN_POINT('Ctrl Pts',(-102.8,26.9484738376073,7.074530675271));
#8101=CARTESIAN_POINT('',(-103.3,27.1531120803289,7.23005603180214));
#8102=CARTESIAN_POINT('Ctrl Pts',(-103.3,27.1531120803289,7.23005603180214));
#8103=CARTESIAN_POINT('Ctrl Pts',(-103.3,27.081488754981,7.11648161635681));
#8104=CARTESIAN_POINT('Ctrl Pts',(-103.3,26.9484738376073,7.074530675271));
#8105=CARTESIAN_POINT('',(-102.8,27.1531120803289,7.23005603180214));
#8106=CARTESIAN_POINT('',(-103.3,27.1531120803289,7.23005603180214));
#8107=CARTESIAN_POINT('Ctrl Pts',(-102.8,27.1531120803289,7.23005603180214));
#8108=CARTESIAN_POINT('Ctrl Pts',(-102.8,27.081488754981,7.11648161635681));
#8109=CARTESIAN_POINT('Ctrl Pts',(-102.8,26.9484738376073,7.074530675271));
#8110=CARTESIAN_POINT('Ctrl Pts',(-103.3,27.2247354056768,7.49301652536675));
#8111=CARTESIAN_POINT('Ctrl Pts',(-102.8,27.2247354056768,7.49301652536675));
#8112=CARTESIAN_POINT('Ctrl Pts',(-103.3,27.2247354056768,7.34363029823586));
#8113=CARTESIAN_POINT('Ctrl Pts',(-102.8,27.2247354056768,7.34363029823586));
#8114=CARTESIAN_POINT('Ctrl Pts',(-103.3,27.1531120803289,7.23005603180214));
#8115=CARTESIAN_POINT('Ctrl Pts',(-102.8,27.1531120803289,7.23005603180214));
#8116=CARTESIAN_POINT('',(-103.3,27.2247354056768,7.49301652536675));
#8117=CARTESIAN_POINT('Ctrl Pts',(-103.3,27.2247354056768,7.49301652536675));
#8118=CARTESIAN_POINT('Ctrl Pts',(-103.3,27.2247354056768,7.34363029823586));
#8119=CARTESIAN_POINT('Ctrl Pts',(-103.3,27.1531120803289,7.23005603180214));
#8120=CARTESIAN_POINT('',(-102.8,27.2247354056768,7.49301652536675));
#8121=CARTESIAN_POINT('',(-103.3,27.2247354056768,7.49301652536675));
#8122=CARTESIAN_POINT('Ctrl Pts',(-102.8,27.2247354056768,7.49301652536675));
#8123=CARTESIAN_POINT('Ctrl Pts',(-102.8,27.2247354056768,7.34363029823586));
#8124=CARTESIAN_POINT('Ctrl Pts',(-102.8,27.1531120803289,7.23005603180214));
#8125=CARTESIAN_POINT('Ctrl Pts',(-103.3,27.1479956176214,7.75495375619217));
#8126=CARTESIAN_POINT('Ctrl Pts',(-102.8,27.1479956176214,7.75495375619217));
#8127=CARTESIAN_POINT('Ctrl Pts',(-103.3,27.2247354056768,7.65058810935303));
#8128=CARTESIAN_POINT('Ctrl Pts',(-102.8,27.2247354056768,7.65058810935303));
#8129=CARTESIAN_POINT('Ctrl Pts',(-103.3,27.2247354056768,7.49301652536675));
#8130=CARTESIAN_POINT('Ctrl Pts',(-102.8,27.2247354056768,7.49301652536675));
#8131=CARTESIAN_POINT('',(-103.3,27.1479956176214,7.75495375619217));
#8132=CARTESIAN_POINT('Ctrl Pts',(-103.3,27.1479956176214,7.75495375619217));
#8133=CARTESIAN_POINT('Ctrl Pts',(-103.3,27.2247354056768,7.65058810935303));
#8134=CARTESIAN_POINT('Ctrl Pts',(-103.3,27.2247354056768,7.49301652536675));
#8135=CARTESIAN_POINT('',(-102.8,27.1479956176214,7.75495375619217));
#8136=CARTESIAN_POINT('',(-103.3,27.1479956176214,7.75495375619217));
#8137=CARTESIAN_POINT('Ctrl Pts',(-102.8,27.1479956176214,7.75495375619217));
#8138=CARTESIAN_POINT('Ctrl Pts',(-102.8,27.2247354056768,7.65058810935303));
#8139=CARTESIAN_POINT('Ctrl Pts',(-102.8,27.2247354056768,7.49301652536675));
#8140=CARTESIAN_POINT('Ctrl Pts',(-103.3,26.9198242690496,7.90433983431145));
#8141=CARTESIAN_POINT('Ctrl Pts',(-102.8,26.9198242690496,7.90433983431145));
#8142=CARTESIAN_POINT('Ctrl Pts',(-103.3,27.0712564256124,7.85931940303131));
#8143=CARTESIAN_POINT('Ctrl Pts',(-102.8,27.0712564256124,7.85931940303131));
#8144=CARTESIAN_POINT('Ctrl Pts',(-103.3,27.1479956176214,7.75495375619217));
#8145=CARTESIAN_POINT('Ctrl Pts',(-102.8,27.1479956176214,7.75495375619217));
#8146=CARTESIAN_POINT('',(-103.3,26.9198242690496,7.90433983431145));
#8147=CARTESIAN_POINT('Ctrl Pts',(-103.3,26.9198242690496,7.90433983431145));
#8148=CARTESIAN_POINT('Ctrl Pts',(-103.3,27.0712564256124,7.85931940303131));
#8149=CARTESIAN_POINT('Ctrl Pts',(-103.3,27.1479956176214,7.75495375619217));
#8150=CARTESIAN_POINT('',(-102.8,26.9198242690496,7.90433983431145));
#8151=CARTESIAN_POINT('',(-103.3,26.9198242690496,7.90433983431145));
#8152=CARTESIAN_POINT('Ctrl Pts',(-102.8,26.9198242690496,7.90433983431145));
#8153=CARTESIAN_POINT('Ctrl Pts',(-102.8,27.0712564256124,7.85931940303131));
#8154=CARTESIAN_POINT('Ctrl Pts',(-102.8,27.1479956176214,7.75495375619217));
#8155=CARTESIAN_POINT('Ctrl Pts',(-103.3,26.5412429835729,7.93912838325783));
#8156=CARTESIAN_POINT('Ctrl Pts',(-102.8,26.5412429835729,7.93912838325783));
#8157=CARTESIAN_POINT('Ctrl Pts',(-103.3,26.8052265908651,7.93912838325783));
#8158=CARTESIAN_POINT('Ctrl Pts',(-102.8,26.8052265908651,7.93912838325783));
#8159=CARTESIAN_POINT('Ctrl Pts',(-103.3,26.9198242690496,7.90433983431145));
#8160=CARTESIAN_POINT('Ctrl Pts',(-102.8,26.9198242690496,7.90433983431145));
#8161=CARTESIAN_POINT('',(-103.3,26.5412429835729,7.93912838325783));
#8162=CARTESIAN_POINT('Ctrl Pts',(-103.3,26.5412429835729,7.93912838325783));
#8163=CARTESIAN_POINT('Ctrl Pts',(-103.3,26.8052265908651,7.93912838325783));
#8164=CARTESIAN_POINT('Ctrl Pts',(-103.3,26.9198242690496,7.90433983431145));
#8165=CARTESIAN_POINT('',(-102.8,26.5412429835729,7.93912838325783));
#8166=CARTESIAN_POINT('',(-103.3,26.5412429835729,7.93912838325783));
#8167=CARTESIAN_POINT('Ctrl Pts',(-102.8,26.5412429835729,7.93912838325783));
#8168=CARTESIAN_POINT('Ctrl Pts',(-102.8,26.8052265908651,7.93912838325783));
#8169=CARTESIAN_POINT('Ctrl Pts',(-102.8,26.9198242690496,7.90433983431145));
#8170=CARTESIAN_POINT('Origin',(-103.3,25.8925388123922,7.93912838325783));
#8171=CARTESIAN_POINT('',(-103.3,25.8925388123922,7.93912838325783));
#8172=CARTESIAN_POINT('',(-103.3,39.5962694061961,7.93912838325783));
#8173=CARTESIAN_POINT('',(-102.8,25.8925388123922,7.93912838325783));
#8174=CARTESIAN_POINT('',(-103.3,25.8925388123922,7.93912838325783));
#8175=CARTESIAN_POINT('',(-102.8,25.8925388123922,7.93912838325783));
#8176=CARTESIAN_POINT('Origin',(-103.3,25.8925388123922,7.03258003220841));
#8177=CARTESIAN_POINT('',(-103.3,25.8925388123922,4.3162900161042));
#8178=CARTESIAN_POINT('',(-102.8,25.8925388123922,7.03258003220841));
#8179=CARTESIAN_POINT('Origin',(-103.3,26.5862635638647,8.29315285311028));
#8180=CARTESIAN_POINT('',(-103.3,26.5862635638647,8.29315285311028));
#8181=CARTESIAN_POINT('',(-103.3,25.8925388123922,8.29315285311028));
#8182=CARTESIAN_POINT('',(-103.3,39.9431317819323,8.29315285311028));
#8183=CARTESIAN_POINT('',(-102.8,26.5862635638647,8.29315285311028));
#8184=CARTESIAN_POINT('',(-103.3,26.5862635638647,8.29315285311028));
#8185=CARTESIAN_POINT('',(-102.8,25.8925388123922,8.29315285311028));
#8186=CARTESIAN_POINT('',(-102.8,26.5862635638647,8.29315285311028));
#8187=CARTESIAN_POINT('',(-103.3,25.8925388123922,8.29315285311028));
#8188=CARTESIAN_POINT('Ctrl Pts',(-103.3,27.0252130296163,8.3432893000631));
#8189=CARTESIAN_POINT('Ctrl Pts',(-102.8,27.0252130296163,8.3432893000631));
#8190=CARTESIAN_POINT('Ctrl Pts',(-103.3,26.8727568652563,8.29315285311028));
#8191=CARTESIAN_POINT('Ctrl Pts',(-102.8,26.8727568652563,8.29315285311028));
#8192=CARTESIAN_POINT('Ctrl Pts',(-103.3,26.5862635638647,8.29315285311028));
#8193=CARTESIAN_POINT('Ctrl Pts',(-102.8,26.5862635638647,8.29315285311028));
#8194=CARTESIAN_POINT('',(-103.3,27.0252130296163,8.3432893000631));
#8195=CARTESIAN_POINT('Ctrl Pts',(-103.3,27.0252130296163,8.3432893000631));
#8196=CARTESIAN_POINT('Ctrl Pts',(-103.3,26.8727568652563,8.29315285311028));
#8197=CARTESIAN_POINT('Ctrl Pts',(-103.3,26.5862635638647,8.29315285311028));
#8198=CARTESIAN_POINT('',(-102.8,27.0252130296163,8.3432893000631));
#8199=CARTESIAN_POINT('',(-103.3,27.0252130296163,8.3432893000631));
#8200=CARTESIAN_POINT('Ctrl Pts',(-102.8,27.0252130296163,8.3432893000631));
#8201=CARTESIAN_POINT('Ctrl Pts',(-102.8,26.8727568652563,8.29315285311028));
#8202=CARTESIAN_POINT('Ctrl Pts',(-102.8,26.5862635638647,8.29315285311028));
#8203=CARTESIAN_POINT('Ctrl Pts',(-103.3,27.2636167075567,8.51723189578339));
#8204=CARTESIAN_POINT('Ctrl Pts',(-102.8,27.2636167075567,8.51723189578339));
#8205=CARTESIAN_POINT('Ctrl Pts',(-103.3,27.1776685979299,8.39342589602753));
#8206=CARTESIAN_POINT('Ctrl Pts',(-102.8,27.1776685979299,8.39342589602753));
#8207=CARTESIAN_POINT('Ctrl Pts',(-103.3,27.0252130296163,8.3432893000631));
#8208=CARTESIAN_POINT('Ctrl Pts',(-102.8,27.0252130296163,8.3432893000631));
#8209=CARTESIAN_POINT('',(-103.3,27.2636167075567,8.51723189578339));
#8210=CARTESIAN_POINT('Ctrl Pts',(-103.3,27.2636167075567,8.51723189578339));
#8211=CARTESIAN_POINT('Ctrl Pts',(-103.3,27.1776685979299,8.39342589602753));
#8212=CARTESIAN_POINT('Ctrl Pts',(-103.3,27.0252130296163,8.3432893000631));
#8213=CARTESIAN_POINT('',(-102.8,27.2636167075567,8.51723189578339));
#8214=CARTESIAN_POINT('',(-103.3,27.2636167075567,8.51723189578339));
#8215=CARTESIAN_POINT('Ctrl Pts',(-102.8,27.2636167075567,8.51723189578339));
#8216=CARTESIAN_POINT('Ctrl Pts',(-102.8,27.1776685979299,8.39342589602753));
#8217=CARTESIAN_POINT('Ctrl Pts',(-102.8,27.0252130296163,8.3432893000631));
#8218=CARTESIAN_POINT('Ctrl Pts',(-103.3,27.3495648171834,8.80884195790573));
#8219=CARTESIAN_POINT('Ctrl Pts',(-102.8,27.3495648171834,8.80884195790573));
#8220=CARTESIAN_POINT('Ctrl Pts',(-103.3,27.3495648171834,8.6410384915857));
#8221=CARTESIAN_POINT('Ctrl Pts',(-102.8,27.3495648171834,8.6410384915857));
#8222=CARTESIAN_POINT('Ctrl Pts',(-103.3,27.2636167075567,8.51723189578339));
#8223=CARTESIAN_POINT('Ctrl Pts',(-102.8,27.2636167075567,8.51723189578339));
#8224=CARTESIAN_POINT('',(-103.3,27.3495648171834,8.80884195790573));
#8225=CARTESIAN_POINT('Ctrl Pts',(-103.3,27.3495648171834,8.80884195790573));
#8226=CARTESIAN_POINT('Ctrl Pts',(-103.3,27.3495648171834,8.6410384915857));
#8227=CARTESIAN_POINT('Ctrl Pts',(-103.3,27.2636167075567,8.51723189578339));
#8228=CARTESIAN_POINT('',(-102.8,27.3495648171834,8.80884195790573));
#8229=CARTESIAN_POINT('',(-103.3,27.3495648171834,8.80884195790573));
#8230=CARTESIAN_POINT('Ctrl Pts',(-102.8,27.3495648171834,8.80884195790573));
#8231=CARTESIAN_POINT('Ctrl Pts',(-102.8,27.3495648171834,8.6410384915857));
#8232=CARTESIAN_POINT('Ctrl Pts',(-102.8,27.2636167075567,8.51723189578339));
#8233=CARTESIAN_POINT('Ctrl Pts',(-103.3,27.2902194526128,9.06157042012497));
#8234=CARTESIAN_POINT('Ctrl Pts',(-102.8,27.2902194526128,9.06157042012497));
#8235=CARTESIAN_POINT('Ctrl Pts',(-103.3,27.3495648171834,8.95208890662476));
#8236=CARTESIAN_POINT('Ctrl Pts',(-102.8,27.3495648171834,8.95208890662476));
#8237=CARTESIAN_POINT('Ctrl Pts',(-103.3,27.3495648171834,8.80884195790573));
#8238=CARTESIAN_POINT('Ctrl Pts',(-102.8,27.3495648171834,8.80884195790573));
#8239=CARTESIAN_POINT('',(-103.3,27.2902194526128,9.06157042012497));
#8240=CARTESIAN_POINT('Ctrl Pts',(-103.3,27.2902194526128,9.06157042012497));
#8241=CARTESIAN_POINT('Ctrl Pts',(-103.3,27.3495648171834,8.95208890662476));
#8242=CARTESIAN_POINT('Ctrl Pts',(-103.3,27.3495648171834,8.80884195790573));
#8243=CARTESIAN_POINT('',(-102.8,27.2902194526128,9.06157042012497));
#8244=CARTESIAN_POINT('',(-103.3,27.2902194526128,9.06157042012497));
#8245=CARTESIAN_POINT('Ctrl Pts',(-102.8,27.2902194526128,9.06157042012497));
#8246=CARTESIAN_POINT('Ctrl Pts',(-102.8,27.3495648171834,8.95208890662476));
#8247=CARTESIAN_POINT('Ctrl Pts',(-102.8,27.3495648171834,8.80884195790573));
#8248=CARTESIAN_POINT('Ctrl Pts',(-103.3,27.13878729605,9.22835077271744));
#8249=CARTESIAN_POINT('Ctrl Pts',(-102.8,27.13878729605,9.22835077271744));
#8250=CARTESIAN_POINT('Ctrl Pts',(-103.3,27.2308746840887,9.17105193362519));
#8251=CARTESIAN_POINT('Ctrl Pts',(-102.8,27.2308746840887,9.17105193362519));
#8252=CARTESIAN_POINT('Ctrl Pts',(-103.3,27.2902194526128,9.06157042012497));
#8253=CARTESIAN_POINT('Ctrl Pts',(-102.8,27.2902194526128,9.06157042012497));
#8254=CARTESIAN_POINT('',(-103.3,27.13878729605,9.22835077271744));
#8255=CARTESIAN_POINT('Ctrl Pts',(-103.3,27.13878729605,9.22835077271744));
#8256=CARTESIAN_POINT('Ctrl Pts',(-103.3,27.2308746840887,9.17105193362519));
#8257=CARTESIAN_POINT('Ctrl Pts',(-103.3,27.2902194526128,9.06157042012497));
#8258=CARTESIAN_POINT('',(-102.8,27.13878729605,9.22835077271744));
#8259=CARTESIAN_POINT('',(-103.3,27.13878729605,9.22835077271744));
#8260=CARTESIAN_POINT('Ctrl Pts',(-102.8,27.13878729605,9.22835077271744));
#8261=CARTESIAN_POINT('Ctrl Pts',(-102.8,27.2308746840887,9.17105193362519));
#8262=CARTESIAN_POINT('Ctrl Pts',(-102.8,27.2902194526128,9.06157042012497));
#8263=CARTESIAN_POINT('Ctrl Pts',(-103.3,26.909591939681,9.31020612941071));
#8264=CARTESIAN_POINT('Ctrl Pts',(-102.8,26.909591939681,9.31020612941071));
#8265=CARTESIAN_POINT('Ctrl Pts',(-103.3,27.0466999080114,9.2856496118097));
#8266=CARTESIAN_POINT('Ctrl Pts',(-102.8,27.0466999080114,9.2856496118097));
#8267=CARTESIAN_POINT('Ctrl Pts',(-103.3,27.13878729605,9.22835077271744));
#8268=CARTESIAN_POINT('Ctrl Pts',(-102.8,27.13878729605,9.22835077271744));
#8269=CARTESIAN_POINT('',(-103.3,26.909591939681,9.31020612941071));
#8270=CARTESIAN_POINT('Ctrl Pts',(-103.3,26.909591939681,9.31020612941071));
#8271=CARTESIAN_POINT('Ctrl Pts',(-103.3,27.0466999080114,9.2856496118097));
#8272=CARTESIAN_POINT('Ctrl Pts',(-103.3,27.13878729605,9.22835077271744));
#8273=CARTESIAN_POINT('',(-102.8,26.909591939681,9.31020612941071));
#8274=CARTESIAN_POINT('',(-103.3,26.909591939681,9.31020612941071));
#8275=CARTESIAN_POINT('Ctrl Pts',(-102.8,26.909591939681,9.31020612941071));
#8276=CARTESIAN_POINT('Ctrl Pts',(-102.8,27.0466999080114,9.2856496118097));
#8277=CARTESIAN_POINT('Ctrl Pts',(-102.8,27.13878729605,9.22835077271744));
#8278=CARTESIAN_POINT('Ctrl Pts',(-103.3,26.639469053977,9.32453091368958));
#8279=CARTESIAN_POINT('Ctrl Pts',(-102.8,26.639469053977,9.32453091368958));
#8280=CARTESIAN_POINT('Ctrl Pts',(-103.3,26.8318293359212,9.32453091368958));
#8281=CARTESIAN_POINT('Ctrl Pts',(-102.8,26.8318293359212,9.32453091368958));
#8282=CARTESIAN_POINT('Ctrl Pts',(-103.3,26.909591939681,9.31020612941071));
#8283=CARTESIAN_POINT('Ctrl Pts',(-102.8,26.909591939681,9.31020612941071));
#8284=CARTESIAN_POINT('',(-103.3,26.639469053977,9.32453091368958));
#8285=CARTESIAN_POINT('Ctrl Pts',(-103.3,26.639469053977,9.32453091368958));
#8286=CARTESIAN_POINT('Ctrl Pts',(-103.3,26.8318293359212,9.32453091368958));
#8287=CARTESIAN_POINT('Ctrl Pts',(-103.3,26.909591939681,9.31020612941071));
#8288=CARTESIAN_POINT('',(-102.8,26.639469053977,9.32453091368958));
#8289=CARTESIAN_POINT('',(-103.3,26.639469053977,9.32453091368958));
#8290=CARTESIAN_POINT('Ctrl Pts',(-102.8,26.639469053977,9.32453091368958));
#8291=CARTESIAN_POINT('Ctrl Pts',(-102.8,26.8318293359212,9.32453091368958));
#8292=CARTESIAN_POINT('Ctrl Pts',(-102.8,26.909591939681,9.31020612941071));
#8293=CARTESIAN_POINT('Origin',(-103.3,25.8925388123922,9.32453091368958));
#8294=CARTESIAN_POINT('',(-103.3,25.8925388123922,9.32453091368958));
#8295=CARTESIAN_POINT('',(-103.3,39.5962694061961,9.32453091368958));
#8296=CARTESIAN_POINT('',(-102.8,25.8925388123922,9.32453091368958));
#8297=CARTESIAN_POINT('',(-103.3,25.8925388123922,9.32453091368958));
#8298=CARTESIAN_POINT('',(-102.8,25.8925388123922,9.32453091368958));
#8299=CARTESIAN_POINT('Origin',(-103.3,25.8925388123922,8.29315285311028));
#8300=CARTESIAN_POINT('',(-103.3,25.8925388123922,4.94657642655514));
#8301=CARTESIAN_POINT('',(-102.8,25.8925388123922,8.29315285311028));
#8302=CARTESIAN_POINT('Ctrl Pts',(-103.3,27.1234396960668,9.62841893658921));
#8303=CARTESIAN_POINT('Ctrl Pts',(-102.8,27.1234396960668,9.62841893658921));
#8304=CARTESIAN_POINT('Ctrl Pts',(-103.3,26.9259635474615,9.67855538354203));
#8305=CARTESIAN_POINT('Ctrl Pts',(-102.8,26.9259635474615,9.67855538354203));
#8306=CARTESIAN_POINT('Ctrl Pts',(-103.3,26.639469053977,9.67855538354203));
#8307=CARTESIAN_POINT('Ctrl Pts',(-102.8,26.639469053977,9.67855538354203));
#8308=CARTESIAN_POINT('',(-103.3,27.1234396960668,9.62841893658921));
#8309=CARTESIAN_POINT('',(-103.3,26.639469053977,9.67855538354203));
#8310=CARTESIAN_POINT('Ctrl Pts',(-103.3,27.1234396960668,9.62841893658921));
#8311=CARTESIAN_POINT('Ctrl Pts',(-103.3,26.9259635474615,9.67855538354203));
#8312=CARTESIAN_POINT('Ctrl Pts',(-103.3,26.639469053977,9.67855538354203));
#8313=CARTESIAN_POINT('',(-102.8,27.1234396960668,9.62841893658921));
#8314=CARTESIAN_POINT('',(-103.3,27.1234396960668,9.62841893658921));
#8315=CARTESIAN_POINT('',(-102.8,26.639469053977,9.67855538354203));
#8316=CARTESIAN_POINT('Ctrl Pts',(-102.8,27.1234396960668,9.62841893658921));
#8317=CARTESIAN_POINT('Ctrl Pts',(-102.8,26.9259635474615,9.67855538354203));
#8318=CARTESIAN_POINT('Ctrl Pts',(-102.8,26.639469053977,9.67855538354203));
#8319=CARTESIAN_POINT('',(-103.3,26.639469053977,9.67855538354203));
#8320=CARTESIAN_POINT('Ctrl Pts',(-103.3,27.4518839385442,9.48005612120911));
#8321=CARTESIAN_POINT('Ctrl Pts',(-102.8,27.4518839385442,9.48005612120911));
#8322=CARTESIAN_POINT('Ctrl Pts',(-103.3,27.3209158446721,9.57828248963639));
#8323=CARTESIAN_POINT('Ctrl Pts',(-102.8,27.3209158446721,9.57828248963639));
#8324=CARTESIAN_POINT('Ctrl Pts',(-103.3,27.1234396960668,9.62841893658921));
#8325=CARTESIAN_POINT('Ctrl Pts',(-102.8,27.1234396960668,9.62841893658921));
#8326=CARTESIAN_POINT('',(-103.3,27.4518839385442,9.48005612120911));
#8327=CARTESIAN_POINT('Ctrl Pts',(-103.3,27.4518839385442,9.48005612120911));
#8328=CARTESIAN_POINT('Ctrl Pts',(-103.3,27.3209158446721,9.57828248963639));
#8329=CARTESIAN_POINT('Ctrl Pts',(-103.3,27.1234396960668,9.62841893658921));
#8330=CARTESIAN_POINT('',(-102.8,27.4518839385442,9.48005612120911));
#8331=CARTESIAN_POINT('',(-103.3,27.4518839385442,9.48005612120911));
#8332=CARTESIAN_POINT('Ctrl Pts',(-102.8,27.4518839385442,9.48005612120911));
#8333=CARTESIAN_POINT('Ctrl Pts',(-102.8,27.3209158446721,9.57828248963639));
#8334=CARTESIAN_POINT('Ctrl Pts',(-102.8,27.1234396960668,9.62841893658921));
#8335=CARTESIAN_POINT('Ctrl Pts',(-103.3,27.6718703772954,9.2007246159105));
#8336=CARTESIAN_POINT('Ctrl Pts',(-102.8,27.6718703772954,9.2007246159105));
#8337=CARTESIAN_POINT('Ctrl Pts',(-103.3,27.5828526284627,9.38182945475861));
#8338=CARTESIAN_POINT('Ctrl Pts',(-102.8,27.5828526284627,9.38182945475861));
#8339=CARTESIAN_POINT('Ctrl Pts',(-103.3,27.4518839385442,9.48005612120911));
#8340=CARTESIAN_POINT('Ctrl Pts',(-102.8,27.4518839385442,9.48005612120911));
#8341=CARTESIAN_POINT('',(-103.3,27.6718703772954,9.2007246159105));
#8342=CARTESIAN_POINT('Ctrl Pts',(-103.3,27.6718703772954,9.2007246159105));
#8343=CARTESIAN_POINT('Ctrl Pts',(-103.3,27.5828526284627,9.38182945475861));
#8344=CARTESIAN_POINT('Ctrl Pts',(-103.3,27.4518839385442,9.48005612120911));
#8345=CARTESIAN_POINT('',(-102.8,27.6718703772954,9.2007246159105));
#8346=CARTESIAN_POINT('',(-103.3,27.6718703772954,9.2007246159105));
#8347=CARTESIAN_POINT('Ctrl Pts',(-102.8,27.6718703772954,9.2007246159105));
#8348=CARTESIAN_POINT('Ctrl Pts',(-102.8,27.5828526284627,9.38182945475861));
#8349=CARTESIAN_POINT('Ctrl Pts',(-102.8,27.4518839385442,9.48005612120911));
#8350=CARTESIAN_POINT('Ctrl Pts',(-103.3,27.7608881261281,8.80884195790573));
#8351=CARTESIAN_POINT('Ctrl Pts',(-102.8,27.7608881261281,8.80884195790573));
#8352=CARTESIAN_POINT('Ctrl Pts',(-103.3,27.7608881261281,9.01961947903916));
#8353=CARTESIAN_POINT('Ctrl Pts',(-102.8,27.7608881261281,9.01961947903916));
#8354=CARTESIAN_POINT('Ctrl Pts',(-103.3,27.6718703772954,9.2007246159105));
#8355=CARTESIAN_POINT('Ctrl Pts',(-102.8,27.6718703772954,9.2007246159105));
#8356=CARTESIAN_POINT('',(-103.3,27.7608881261281,8.80884195790573));
#8357=CARTESIAN_POINT('Ctrl Pts',(-103.3,27.7608881261281,8.80884195790573));
#8358=CARTESIAN_POINT('Ctrl Pts',(-103.3,27.7608881261281,9.01961947903916));
#8359=CARTESIAN_POINT('Ctrl Pts',(-103.3,27.6718703772954,9.2007246159105));
#8360=CARTESIAN_POINT('',(-102.8,27.7608881261281,8.80884195790573));
#8361=CARTESIAN_POINT('',(-103.3,27.7608881261281,8.80884195790573));
#8362=CARTESIAN_POINT('Ctrl Pts',(-102.8,27.7608881261281,8.80884195790573));
#8363=CARTESIAN_POINT('Ctrl Pts',(-102.8,27.7608881261281,9.01961947903916));
#8364=CARTESIAN_POINT('Ctrl Pts',(-102.8,27.6718703772954,9.2007246159105));
#8365=CARTESIAN_POINT('Ctrl Pts',(-103.3,27.6145718362264,8.35454444513604));
#8366=CARTESIAN_POINT('Ctrl Pts',(-102.8,27.6145718362264,8.35454444513604));
#8367=CARTESIAN_POINT('Ctrl Pts',(-103.3,27.7608881261281,8.5469045780687));
#8368=CARTESIAN_POINT('Ctrl Pts',(-102.8,27.7608881261281,8.5469045780687));
#8369=CARTESIAN_POINT('Ctrl Pts',(-103.3,27.7608881261281,8.80884195790573));
#8370=CARTESIAN_POINT('Ctrl Pts',(-102.8,27.7608881261281,8.80884195790573));
#8371=CARTESIAN_POINT('',(-103.3,27.6145718362264,8.35454444513604));
#8372=CARTESIAN_POINT('Ctrl Pts',(-103.3,27.6145718362264,8.35454444513604));
#8373=CARTESIAN_POINT('Ctrl Pts',(-103.3,27.7608881261281,8.5469045780687));
#8374=CARTESIAN_POINT('Ctrl Pts',(-103.3,27.7608881261281,8.80884195790573));
#8375=CARTESIAN_POINT('',(-102.8,27.6145718362264,8.35454444513604));
#8376=CARTESIAN_POINT('',(-103.3,27.6145718362264,8.35454444513604));
#8377=CARTESIAN_POINT('Ctrl Pts',(-102.8,27.6145718362264,8.35454444513604));
#8378=CARTESIAN_POINT('Ctrl Pts',(-102.8,27.7608881261281,8.5469045780687));
#8379=CARTESIAN_POINT('Ctrl Pts',(-102.8,27.7608881261281,8.80884195790573));
#8380=CARTESIAN_POINT('Ctrl Pts',(-103.3,27.196085837119,8.08237533197686));
#8381=CARTESIAN_POINT('Ctrl Pts',(-102.8,27.196085837119,8.08237533197686));
#8382=CARTESIAN_POINT('Ctrl Pts',(-103.3,27.4682549502782,8.16218431220337));
#8383=CARTESIAN_POINT('Ctrl Pts',(-102.8,27.4682549502782,8.16218431220337));
#8384=CARTESIAN_POINT('Ctrl Pts',(-103.3,27.6145718362264,8.35454444513604));
#8385=CARTESIAN_POINT('Ctrl Pts',(-102.8,27.6145718362264,8.35454444513604));
#8386=CARTESIAN_POINT('',(-103.3,27.196085837119,8.08237533197686));
#8387=CARTESIAN_POINT('Ctrl Pts',(-103.3,27.196085837119,8.08237533197686));
#8388=CARTESIAN_POINT('Ctrl Pts',(-103.3,27.4682549502782,8.16218431220337));
#8389=CARTESIAN_POINT('Ctrl Pts',(-103.3,27.6145718362264,8.35454444513604));
#8390=CARTESIAN_POINT('',(-102.8,27.196085837119,8.08237533197686));
#8391=CARTESIAN_POINT('',(-103.3,27.196085837119,8.08237533197686));
#8392=CARTESIAN_POINT('Ctrl Pts',(-102.8,27.196085837119,8.08237533197686));
#8393=CARTESIAN_POINT('Ctrl Pts',(-102.8,27.4682549502782,8.16218431220337));
#8394=CARTESIAN_POINT('Ctrl Pts',(-102.8,27.6145718362264,8.35454444513604));
#8395=CARTESIAN_POINT('Ctrl Pts',(-103.3,27.5112293031148,7.80815969333931));
#8396=CARTESIAN_POINT('Ctrl Pts',(-102.8,27.5112293031148,7.80815969333931));
#8397=CARTESIAN_POINT('Ctrl Pts',(-103.3,27.4068633582525,7.97800968513771));
#8398=CARTESIAN_POINT('Ctrl Pts',(-102.8,27.4068633582525,7.97800968513771));
#8399=CARTESIAN_POINT('Ctrl Pts',(-103.3,27.196085837119,8.08237533197686));
#8400=CARTESIAN_POINT('Ctrl Pts',(-102.8,27.196085837119,8.08237533197686));
#8401=CARTESIAN_POINT('',(-103.3,27.5112293031148,7.80815969333931));
#8402=CARTESIAN_POINT('Ctrl Pts',(-103.3,27.5112293031148,7.80815969333931));
#8403=CARTESIAN_POINT('Ctrl Pts',(-103.3,27.4068633582525,7.97800968513771));
#8404=CARTESIAN_POINT('Ctrl Pts',(-103.3,27.196085837119,8.08237533197686));
#8405=CARTESIAN_POINT('',(-102.8,27.5112293031148,7.80815969333931));
#8406=CARTESIAN_POINT('',(-103.3,27.5112293031148,7.80815969333931));
#8407=CARTESIAN_POINT('Ctrl Pts',(-102.8,27.5112293031148,7.80815969333931));
#8408=CARTESIAN_POINT('Ctrl Pts',(-102.8,27.4068633582525,7.97800968513771));
#8409=CARTESIAN_POINT('Ctrl Pts',(-102.8,27.196085837119,8.08237533197686));
#8410=CARTESIAN_POINT('Ctrl Pts',(-103.3,27.6155952479772,7.44594956860825));
#8411=CARTESIAN_POINT('Ctrl Pts',(-102.8,27.6155952479772,7.44594956860825));
#8412=CARTESIAN_POINT('Ctrl Pts',(-103.3,27.6155952479772,7.63830985055252));
#8413=CARTESIAN_POINT('Ctrl Pts',(-102.8,27.6155952479772,7.63830985055252));
#8414=CARTESIAN_POINT('Ctrl Pts',(-103.3,27.5112293031148,7.80815969333931));
#8415=CARTESIAN_POINT('Ctrl Pts',(-102.8,27.5112293031148,7.80815969333931));
#8416=CARTESIAN_POINT('',(-103.3,27.6155952479772,7.44594956860825));
#8417=CARTESIAN_POINT('Ctrl Pts',(-103.3,27.6155952479772,7.44594956860825));
#8418=CARTESIAN_POINT('Ctrl Pts',(-103.3,27.6155952479772,7.63830985055252));
#8419=CARTESIAN_POINT('Ctrl Pts',(-103.3,27.5112293031148,7.80815969333931));
#8420=CARTESIAN_POINT('',(-102.8,27.6155952479772,7.44594956860825));
#8421=CARTESIAN_POINT('',(-103.3,27.6155952479772,7.44594956860825));
#8422=CARTESIAN_POINT('Ctrl Pts',(-102.8,27.6155952479772,7.44594956860825));
#8423=CARTESIAN_POINT('Ctrl Pts',(-102.8,27.6155952479772,7.63830985055252));
#8424=CARTESIAN_POINT('Ctrl Pts',(-102.8,27.5112293031148,7.80815969333931));
#8425=CARTESIAN_POINT('Ctrl Pts',(-103.3,27.4979279305868,7.04997415766999));
#8426=CARTESIAN_POINT('Ctrl Pts',(-102.8,27.4979279305868,7.04997415766999));
#8427=CARTESIAN_POINT('Ctrl Pts',(-103.3,27.6155952479772,7.23926480040833));
#8428=CARTESIAN_POINT('Ctrl Pts',(-102.8,27.6155952479772,7.23926480040833));
#8429=CARTESIAN_POINT('Ctrl Pts',(-103.3,27.6155952479772,7.44594956860825));
#8430=CARTESIAN_POINT('Ctrl Pts',(-102.8,27.6155952479772,7.44594956860825));
#8431=CARTESIAN_POINT('',(-103.3,27.4979279305868,7.04997415766999));
#8432=CARTESIAN_POINT('Ctrl Pts',(-103.3,27.4979279305868,7.04997415766999));
#8433=CARTESIAN_POINT('Ctrl Pts',(-103.3,27.6155952479772,7.23926480040833));
#8434=CARTESIAN_POINT('Ctrl Pts',(-103.3,27.6155952479772,7.44594956860825));
#8435=CARTESIAN_POINT('',(-102.8,27.4979279305868,7.04997415766999));
#8436=CARTESIAN_POINT('',(-103.3,27.4979279305868,7.04997415766999));
#8437=CARTESIAN_POINT('Ctrl Pts',(-102.8,27.4979279305868,7.04997415766999));
#8438=CARTESIAN_POINT('Ctrl Pts',(-102.8,27.6155952479772,7.23926480040833));
#8439=CARTESIAN_POINT('Ctrl Pts',(-102.8,27.6155952479772,7.44594956860825));
#8440=CARTESIAN_POINT('Ctrl Pts',(-103.3,27.1725527312688,6.7696195386438));
#8441=CARTESIAN_POINT('Ctrl Pts',(-102.8,27.1725527312688,6.7696195386438));
#8442=CARTESIAN_POINT('Ctrl Pts',(-103.3,27.3802606131963,6.86068351493164));
#8443=CARTESIAN_POINT('Ctrl Pts',(-102.8,27.3802606131963,6.86068351493164));
#8444=CARTESIAN_POINT('Ctrl Pts',(-103.3,27.4979279305868,7.04997415766999));
#8445=CARTESIAN_POINT('Ctrl Pts',(-102.8,27.4979279305868,7.04997415766999));
#8446=CARTESIAN_POINT('',(-103.3,27.1725527312688,6.7696195386438));
#8447=CARTESIAN_POINT('Ctrl Pts',(-103.3,27.1725527312688,6.7696195386438));
#8448=CARTESIAN_POINT('Ctrl Pts',(-103.3,27.3802606131963,6.86068351493164));
#8449=CARTESIAN_POINT('Ctrl Pts',(-103.3,27.4979279305868,7.04997415766999));
#8450=CARTESIAN_POINT('',(-102.8,27.1725527312688,6.7696195386438));
#8451=CARTESIAN_POINT('',(-103.3,27.1725527312688,6.7696195386438));
#8452=CARTESIAN_POINT('Ctrl Pts',(-102.8,27.1725527312688,6.7696195386438));
#8453=CARTESIAN_POINT('Ctrl Pts',(-102.8,27.3802606131963,6.86068351493164));
#8454=CARTESIAN_POINT('Ctrl Pts',(-102.8,27.4979279305868,7.04997415766999));
#8455=CARTESIAN_POINT('Ctrl Pts',(-103.3,26.6210518147878,6.67855526433274));
#8456=CARTESIAN_POINT('Ctrl Pts',(-102.8,26.6210518147878,6.67855526433274));
#8457=CARTESIAN_POINT('Ctrl Pts',(-103.3,26.9648448493413,6.67855526433274));
#8458=CARTESIAN_POINT('Ctrl Pts',(-102.8,26.9648448493413,6.67855526433274));
#8459=CARTESIAN_POINT('Ctrl Pts',(-103.3,27.1725527312688,6.7696195386438));
#8460=CARTESIAN_POINT('Ctrl Pts',(-102.8,27.1725527312688,6.7696195386438));
#8461=CARTESIAN_POINT('',(-103.3,26.6210518147878,6.67855526433274));
#8462=CARTESIAN_POINT('Ctrl Pts',(-103.3,26.6210518147878,6.67855526433274));
#8463=CARTESIAN_POINT('Ctrl Pts',(-103.3,26.9648448493413,6.67855526433274));
#8464=CARTESIAN_POINT('Ctrl Pts',(-103.3,27.1725527312688,6.7696195386438));
#8465=CARTESIAN_POINT('',(-102.8,26.6210518147878,6.67855526433274));
#8466=CARTESIAN_POINT('',(-103.3,26.6210518147878,6.67855526433274));
#8467=CARTESIAN_POINT('Ctrl Pts',(-102.8,26.6210518147878,6.67855526433274));
#8468=CARTESIAN_POINT('Ctrl Pts',(-102.8,26.9648448493413,6.67855526433274));
#8469=CARTESIAN_POINT('Ctrl Pts',(-102.8,27.1725527312688,6.7696195386438));
#8470=CARTESIAN_POINT('Origin',(-103.3,25.4955402877263,6.67855526433274));
#8471=CARTESIAN_POINT('',(-103.3,25.4955402877263,6.67855526433274));
#8472=CARTESIAN_POINT('',(-103.3,39.3977701438632,6.67855526433274));
#8473=CARTESIAN_POINT('',(-102.8,25.4955402877263,6.67855526433274));
#8474=CARTESIAN_POINT('',(-103.3,25.4955402877263,6.67855526433274));
#8475=CARTESIAN_POINT('',(-102.8,25.4955402877263,6.67855526433274));
#8476=CARTESIAN_POINT('Origin',(-103.3,25.4955402877263,9.67855538354203));
#8477=CARTESIAN_POINT('',(-103.3,25.4955402877263,9.67855538354203));
#8478=CARTESIAN_POINT('',(-103.3,25.4955402877263,5.63927769177103));
#8479=CARTESIAN_POINT('',(-102.8,25.4955402877263,9.67855538354203));
#8480=CARTESIAN_POINT('',(-103.3,25.4955402877263,9.67855538354203));
#8481=CARTESIAN_POINT('',(-102.8,25.4955402877263,9.67855538354203));
#8482=CARTESIAN_POINT('Origin',(-103.3,26.639469053977,9.67855538354203));
#8483=CARTESIAN_POINT('',(-103.3,39.9697345269885,9.67855538354203));
#8484=CARTESIAN_POINT('',(-102.8,26.639469053977,9.67855538354203));
#8485=CARTESIAN_POINT('Origin',(-102.8,26.3458129134111,8.17855532393738));
#8486=CARTESIAN_POINT('Origin',(-103.3,29.9361959960393,6.67855526433274));
#8487=CARTESIAN_POINT('',(-103.3,29.9361959960393,6.67855526433274));
#8488=CARTESIAN_POINT('',(-103.3,29.9361959960393,9.67855538354203));
#8489=CARTESIAN_POINT('',(-103.3,29.9361959960393,4.13927763216639));
#8490=CARTESIAN_POINT('',(-102.8,29.9361959960393,6.67855526433274));
#8491=CARTESIAN_POINT('',(-103.3,29.9361959960393,6.67855526433274));
#8492=CARTESIAN_POINT('',(-102.8,29.9361959960393,9.67855538354203));
#8493=CARTESIAN_POINT('',(-102.8,29.9361959960393,6.67855526433274));
#8494=CARTESIAN_POINT('',(-103.3,29.9361959960393,9.67855538354203));
#8495=CARTESIAN_POINT('Origin',(-103.3,29.5391968753271,6.67855526433274));
#8496=CARTESIAN_POINT('',(-103.3,29.5391968753271,6.67855526433273));
#8497=CARTESIAN_POINT('',(-103.3,41.4195984376635,6.67855526433274));
#8498=CARTESIAN_POINT('',(-102.8,29.5391968753271,6.67855526433273));
#8499=CARTESIAN_POINT('',(-103.3,29.5391968753271,6.67855526433273));
#8500=CARTESIAN_POINT('',(-102.8,29.5391968753271,6.67855526433274));
#8501=CARTESIAN_POINT('Origin',(-103.3,29.5391968753271,9.67855538354202));
#8502=CARTESIAN_POINT('',(-103.3,29.5391968753271,9.67855538354202));
#8503=CARTESIAN_POINT('',(-103.3,29.539196875327,5.63927769177103));
#8504=CARTESIAN_POINT('',(-102.8,29.5391968753271,9.67855538354202));
#8505=CARTESIAN_POINT('',(-103.3,29.5391968753271,9.67855538354202));
#8506=CARTESIAN_POINT('',(-102.8,29.5391968753271,9.67855538354202));
#8507=CARTESIAN_POINT('Origin',(-103.3,29.9361959960393,9.67855538354202));
#8508=CARTESIAN_POINT('',(-103.3,41.6180979980197,9.67855538354202));
#8509=CARTESIAN_POINT('',(-102.8,29.9361959960393,9.67855538354202));
#8510=CARTESIAN_POINT('Origin',(-102.8,26.3458129134111,8.17855532393738));
#8511=CARTESIAN_POINT('Origin',(-103.3,31.0125938918523,7.32112015710159));
#8512=CARTESIAN_POINT('',(-103.3,31.0125938918523,7.32112015710159));
#8513=CARTESIAN_POINT('',(-103.3,31.0125938918523,9.67855538354202));
#8514=CARTESIAN_POINT('',(-103.3,31.0125938918523,4.46056007855082));
#8515=CARTESIAN_POINT('',(-102.8,31.0125938918523,7.32112015710159));
#8516=CARTESIAN_POINT('',(-103.3,31.0125938918523,7.32112015710159));
#8517=CARTESIAN_POINT('',(-102.8,31.0125938918523,9.67855538354202));
#8518=CARTESIAN_POINT('',(-102.8,31.0125938918523,7.32112015710159));
#8519=CARTESIAN_POINT('',(-103.3,31.0125938918523,9.67855538354202));
#8520=CARTESIAN_POINT('Origin',(-103.3,32.5883094336919,9.67855538354202));
#8521=CARTESIAN_POINT('',(-103.3,32.5883094336919,9.67855538354202));
#8522=CARTESIAN_POINT('',(-103.3,33.9200652887355,11.6710014071642));
#8523=CARTESIAN_POINT('',(-102.8,32.5883094336919,9.67855538354202));
#8524=CARTESIAN_POINT('',(-103.3,32.5883094336919,9.67855538354202));
#8525=CARTESIAN_POINT('',(-102.8,32.5883094336919,9.67855538354202));
#8526=CARTESIAN_POINT('Origin',(-103.3,32.9955402877263,9.67855538354202));
#8527=CARTESIAN_POINT('',(-103.3,32.9955402877263,9.67855538354202));
#8528=CARTESIAN_POINT('',(-103.3,43.1477701438632,9.67855538354202));
#8529=CARTESIAN_POINT('',(-102.8,32.9955402877263,9.67855538354202));
#8530=CARTESIAN_POINT('',(-103.3,32.9955402877263,9.67855538354202));
#8531=CARTESIAN_POINT('',(-102.8,32.9955402877263,9.67855538354202));
#8532=CARTESIAN_POINT('Origin',(-103.3,32.9955402877263,6.67855526433273));
#8533=CARTESIAN_POINT('',(-103.3,32.9955402877263,6.67855526433273));
#8534=CARTESIAN_POINT('',(-103.3,32.9955402877263,4.13927763216638));
#8535=CARTESIAN_POINT('',(-102.8,32.9955402877263,6.67855526433273));
#8536=CARTESIAN_POINT('',(-103.3,32.9955402877263,6.67855526433273));
#8537=CARTESIAN_POINT('',(-102.8,32.9955402877263,6.67855526433273));
#8538=CARTESIAN_POINT('Origin',(-103.3,32.6149121787481,6.67855526433273));
#8539=CARTESIAN_POINT('',(-103.3,32.6149121787481,6.67855526433273));
#8540=CARTESIAN_POINT('',(-103.3,42.957456089374,6.67855526433273));
#8541=CARTESIAN_POINT('',(-102.8,32.6149121787481,6.67855526433273));
#8542=CARTESIAN_POINT('',(-103.3,32.6149121787481,6.67855526433273));
#8543=CARTESIAN_POINT('',(-102.8,32.6149121787481,6.67855526433273));
#8544=CARTESIAN_POINT('Origin',(-103.3,32.6149121787481,9.03394426331803));
#8545=CARTESIAN_POINT('',(-103.3,32.6149121787481,9.03394426331803));
#8546=CARTESIAN_POINT('',(-103.3,32.6149121787481,5.31697213165903));
#8547=CARTESIAN_POINT('',(-102.8,32.6149121787481,9.03394426331803));
#8548=CARTESIAN_POINT('',(-103.3,32.6149121787481,9.03394426331803));
#8549=CARTESIAN_POINT('',(-102.8,32.6149121787481,9.03394426331803));
#8550=CARTESIAN_POINT('Origin',(-103.3,31.0391966369085,6.67855526433273));
#8551=CARTESIAN_POINT('',(-103.3,31.0391966369085,6.67855526433273));
#8552=CARTESIAN_POINT('',(-103.3,33.306873030066,10.0682914748838));
#8553=CARTESIAN_POINT('',(-102.8,31.0391966369085,6.67855526433273));
#8554=CARTESIAN_POINT('',(-103.3,31.0391966369085,6.67855526433273));
#8555=CARTESIAN_POINT('',(-102.8,31.0391966369085,6.67855526433273));
#8556=CARTESIAN_POINT('Origin',(-103.3,30.631965782874,6.67855526433273));
#8557=CARTESIAN_POINT('',(-103.3,30.631965782874,6.67855526433273));
#8558=CARTESIAN_POINT('',(-103.3,41.965982891437,6.67855526433273));
#8559=CARTESIAN_POINT('',(-102.8,30.631965782874,6.67855526433273));
#8560=CARTESIAN_POINT('',(-103.3,30.631965782874,6.67855526433273));
#8561=CARTESIAN_POINT('',(-102.8,30.631965782874,6.67855526433273));
#8562=CARTESIAN_POINT('Origin',(-103.3,30.6319657828741,9.67855538354202));
#8563=CARTESIAN_POINT('',(-103.3,30.6319657828741,9.67855538354202));
#8564=CARTESIAN_POINT('',(-103.3,30.631965782874,5.63927769177103));
#8565=CARTESIAN_POINT('',(-102.8,30.6319657828741,9.67855538354202));
#8566=CARTESIAN_POINT('',(-103.3,30.6319657828741,9.67855538354202));
#8567=CARTESIAN_POINT('',(-102.8,30.6319657828741,9.67855538354202));
#8568=CARTESIAN_POINT('Origin',(-103.3,31.0125938918523,9.67855538354202));
#8569=CARTESIAN_POINT('',(-103.3,42.1562969459262,9.67855538354202));
#8570=CARTESIAN_POINT('',(-102.8,31.0125938918523,9.67855538354202));
#8571=CARTESIAN_POINT('Origin',(-102.8,26.3458129134111,8.17855532393738));
#8572=CARTESIAN_POINT('Ctrl Pts',(-103.3,21.4723474647931,9.17309845910355));
#8573=CARTESIAN_POINT('Ctrl Pts',(-102.8,21.4723474647931,9.17309845910355));
#8574=CARTESIAN_POINT('Ctrl Pts',(-103.3,21.6585684683256,8.97459919677063));
#8575=CARTESIAN_POINT('Ctrl Pts',(-102.8,21.6585684683256,8.97459919677063));
#8576=CARTESIAN_POINT('Ctrl Pts',(-103.3,21.6585684683256,8.40979690776154));
#8577=CARTESIAN_POINT('Ctrl Pts',(-102.8,21.6585684683256,8.40979690776154));
#8578=CARTESIAN_POINT('',(-103.3,21.4723474647931,9.17309845910355));
#8579=CARTESIAN_POINT('',(-103.3,21.6585684683256,8.40979690776154));
#8580=CARTESIAN_POINT('Ctrl Pts',(-103.3,21.4723474647931,9.17309845910355));
#8581=CARTESIAN_POINT('Ctrl Pts',(-103.3,21.6585684683256,8.97459919677063));
#8582=CARTESIAN_POINT('Ctrl Pts',(-103.3,21.6585684683256,8.40979690776154));
#8583=CARTESIAN_POINT('',(-102.8,21.4723474647931,9.17309845910355));
#8584=CARTESIAN_POINT('',(-103.3,21.4723474647931,9.17309845910355));
#8585=CARTESIAN_POINT('',(-102.8,21.6585684683256,8.40979690776154));
#8586=CARTESIAN_POINT('Ctrl Pts',(-102.8,21.4723474647931,9.17309845910355));
#8587=CARTESIAN_POINT('Ctrl Pts',(-102.8,21.6585684683256,8.97459919677063));
#8588=CARTESIAN_POINT('Ctrl Pts',(-102.8,21.6585684683256,8.40979690776154));
#8589=CARTESIAN_POINT('',(-103.3,21.6585684683256,8.40979690776154));
#8590=CARTESIAN_POINT('Ctrl Pts',(-103.3,20.8482001092367,9.37159772143647));
#8591=CARTESIAN_POINT('Ctrl Pts',(-102.8,20.8482001092367,9.37159772143647));
#8592=CARTESIAN_POINT('Ctrl Pts',(-103.3,21.2861264612607,9.37159772143647));
#8593=CARTESIAN_POINT('Ctrl Pts',(-102.8,21.2861264612607,9.37159772143647));
#8594=CARTESIAN_POINT('Ctrl Pts',(-103.3,21.4723474647931,9.17309845910355));
#8595=CARTESIAN_POINT('Ctrl Pts',(-102.8,21.4723474647931,9.17309845910355));
#8596=CARTESIAN_POINT('',(-103.3,20.8482001092367,9.37159772143647));
#8597=CARTESIAN_POINT('Ctrl Pts',(-103.3,20.8482001092367,9.37159772143647));
#8598=CARTESIAN_POINT('Ctrl Pts',(-103.3,21.2861264612607,9.37159772143647));
#8599=CARTESIAN_POINT('Ctrl Pts',(-103.3,21.4723474647931,9.17309845910355));
#8600=CARTESIAN_POINT('',(-102.8,20.8482001092367,9.37159772143647));
#8601=CARTESIAN_POINT('',(-103.3,20.8482001092367,9.37159772143647));
#8602=CARTESIAN_POINT('Ctrl Pts',(-102.8,20.8482001092367,9.37159772143647));
#8603=CARTESIAN_POINT('Ctrl Pts',(-102.8,21.2861264612607,9.37159772143647));
#8604=CARTESIAN_POINT('Ctrl Pts',(-102.8,21.4723474647931,9.17309845910355));
#8605=CARTESIAN_POINT('Ctrl Pts',(-103.3,20.4153897728853,9.27132482753083));
#8606=CARTESIAN_POINT('Ctrl Pts',(-102.8,20.4153897728853,9.27132482753083));
#8607=CARTESIAN_POINT('Ctrl Pts',(-103.3,20.5924020823173,9.37159772143647));
#8608=CARTESIAN_POINT('Ctrl Pts',(-102.8,20.5924020823173,9.37159772143647));
#8609=CARTESIAN_POINT('Ctrl Pts',(-103.3,20.8482001092367,9.37159772143647));
#8610=CARTESIAN_POINT('Ctrl Pts',(-102.8,20.8482001092367,9.37159772143647));
#8611=CARTESIAN_POINT('',(-103.3,20.4153897728853,9.27132482753083));
#8612=CARTESIAN_POINT('Ctrl Pts',(-103.3,20.4153897728853,9.27132482753083));
#8613=CARTESIAN_POINT('Ctrl Pts',(-103.3,20.5924020823173,9.37159772143647));
#8614=CARTESIAN_POINT('Ctrl Pts',(-103.3,20.8482001092367,9.37159772143647));
#8615=CARTESIAN_POINT('',(-102.8,20.4153897728853,9.27132482753083));
#8616=CARTESIAN_POINT('',(-103.3,20.4153897728853,9.27132482753083));
#8617=CARTESIAN_POINT('Ctrl Pts',(-102.8,20.4153897728853,9.27132482753083));
#8618=CARTESIAN_POINT('Ctrl Pts',(-102.8,20.5924020823173,9.37159772143647));
#8619=CARTESIAN_POINT('Ctrl Pts',(-102.8,20.8482001092367,9.37159772143647));
#8620=CARTESIAN_POINT('Ctrl Pts',(-103.3,20.1657308008603,8.98585434184357));
#8621=CARTESIAN_POINT('Ctrl Pts',(-102.8,20.1657308008603,8.98585434184357));
#8622=CARTESIAN_POINT('Ctrl Pts',(-103.3,20.238377537959,9.17105193362519));
#8623=CARTESIAN_POINT('Ctrl Pts',(-102.8,20.238377537959,9.17105193362519));
#8624=CARTESIAN_POINT('Ctrl Pts',(-103.3,20.4153897728853,9.27132482753083));
#8625=CARTESIAN_POINT('Ctrl Pts',(-102.8,20.4153897728853,9.27132482753083));
#8626=CARTESIAN_POINT('',(-103.3,20.1657308008603,8.98585434184357));
#8627=CARTESIAN_POINT('Ctrl Pts',(-103.3,20.1657308008603,8.98585434184357));
#8628=CARTESIAN_POINT('Ctrl Pts',(-103.3,20.238377537959,9.17105193362519));
#8629=CARTESIAN_POINT('Ctrl Pts',(-103.3,20.4153897728853,9.27132482753083));
#8630=CARTESIAN_POINT('',(-102.8,20.1657308008603,8.98585434184357));
#8631=CARTESIAN_POINT('',(-103.3,20.1657308008603,8.98585434184357));
#8632=CARTESIAN_POINT('Ctrl Pts',(-102.8,20.1657308008603,8.98585434184357));
#8633=CARTESIAN_POINT('Ctrl Pts',(-102.8,20.238377537959,9.17105193362519));
#8634=CARTESIAN_POINT('Ctrl Pts',(-102.8,20.4153897728853,9.27132482753083));
#8635=CARTESIAN_POINT('Ctrl Pts',(-103.3,20.0930842127733,8.40979690776154));
#8636=CARTESIAN_POINT('Ctrl Pts',(-102.8,20.0930842127733,8.40979690776154));
#8637=CARTESIAN_POINT('Ctrl Pts',(-103.3,20.0930842127733,8.80065615401551));
#8638=CARTESIAN_POINT('Ctrl Pts',(-102.8,20.0930842127733,8.80065615401551));
#8639=CARTESIAN_POINT('Ctrl Pts',(-103.3,20.1657308008603,8.98585434184357));
#8640=CARTESIAN_POINT('Ctrl Pts',(-102.8,20.1657308008603,8.98585434184357));
#8641=CARTESIAN_POINT('',(-103.3,20.0930842127733,8.40979690776154));
#8642=CARTESIAN_POINT('Ctrl Pts',(-103.3,20.0930842127733,8.40979690776154));
#8643=CARTESIAN_POINT('Ctrl Pts',(-103.3,20.0930842127733,8.80065615401551));
#8644=CARTESIAN_POINT('Ctrl Pts',(-103.3,20.1657308008603,8.98585434184357));
#8645=CARTESIAN_POINT('',(-102.8,20.0930842127733,8.40979690776154));
#8646=CARTESIAN_POINT('',(-103.3,20.0930842127733,8.40979690776154));
#8647=CARTESIAN_POINT('Ctrl Pts',(-102.8,20.0930842127733,8.40979690776154));
#8648=CARTESIAN_POINT('Ctrl Pts',(-102.8,20.0930842127733,8.80065615401551));
#8649=CARTESIAN_POINT('Ctrl Pts',(-102.8,20.1657308008603,8.98585434184357));
#8650=CARTESIAN_POINT('Origin',(-103.3,20.0930842127733,6.67855526433274));
#8651=CARTESIAN_POINT('',(-103.3,20.0930842127733,6.67855526433274));
#8652=CARTESIAN_POINT('',(-103.3,20.0930842127733,4.13927763216637));
#8653=CARTESIAN_POINT('',(-102.8,20.0930842127733,6.67855526433274));
#8654=CARTESIAN_POINT('',(-103.3,20.0930842127733,6.67855526433274));
#8655=CARTESIAN_POINT('',(-102.8,20.0930842127733,6.67855526433274));
#8656=CARTESIAN_POINT('Origin',(-103.3,19.6960855390958,6.67855526433274));
#8657=CARTESIAN_POINT('',(-103.3,19.6960855390958,6.67855526433274));
#8658=CARTESIAN_POINT('',(-103.3,36.4980427695479,6.67855526433274));
#8659=CARTESIAN_POINT('',(-102.8,19.6960855390958,6.67855526433274));
#8660=CARTESIAN_POINT('',(-103.3,19.6960855390958,6.67855526433274));
#8661=CARTESIAN_POINT('',(-102.8,19.6960855390958,6.67855526433274));
#8662=CARTESIAN_POINT('Origin',(-103.3,19.6960855390958,8.41184313521668));
#8663=CARTESIAN_POINT('',(-103.3,19.6960855390958,8.41184313521668));
#8664=CARTESIAN_POINT('',(-103.3,19.6960855390958,5.00592156760836));
#8665=CARTESIAN_POINT('',(-102.8,19.6960855390958,8.41184313521668));
#8666=CARTESIAN_POINT('',(-103.3,19.6960855390958,8.41184313521668));
#8667=CARTESIAN_POINT('',(-102.8,19.6960855390958,8.41184313521668));
#8668=CARTESIAN_POINT('Ctrl Pts',(-103.3,19.8106830682687,9.16388954148575));
#8669=CARTESIAN_POINT('Ctrl Pts',(-102.8,19.8106830682687,9.16388954148575));
#8670=CARTESIAN_POINT('Ctrl Pts',(-103.3,19.6960855390958,8.88865078912064));
#8671=CARTESIAN_POINT('Ctrl Pts',(-102.8,19.6960855390958,8.88865078912064));
#8672=CARTESIAN_POINT('Ctrl Pts',(-103.3,19.6960855390958,8.41184313521668));
#8673=CARTESIAN_POINT('Ctrl Pts',(-102.8,19.6960855390958,8.41184313521668));
#8674=CARTESIAN_POINT('',(-103.3,19.8106830682687,9.16388954148575));
#8675=CARTESIAN_POINT('Ctrl Pts',(-103.3,19.8106830682687,9.16388954148575));
#8676=CARTESIAN_POINT('Ctrl Pts',(-103.3,19.6960855390958,8.88865078912064));
#8677=CARTESIAN_POINT('Ctrl Pts',(-103.3,19.6960855390958,8.41184313521668));
#8678=CARTESIAN_POINT('',(-102.8,19.8106830682687,9.16388954148575));
#8679=CARTESIAN_POINT('',(-103.3,19.8106830682687,9.16388954148575));
#8680=CARTESIAN_POINT('Ctrl Pts',(-102.8,19.8106830682687,9.16388954148575));
#8681=CARTESIAN_POINT('Ctrl Pts',(-102.8,19.6960855390958,8.88865078912064));
#8682=CARTESIAN_POINT('Ctrl Pts',(-102.8,19.6960855390958,8.41184313521668));
#8683=CARTESIAN_POINT('Ctrl Pts',(-103.3,20.1933570321731,9.58442176804825));
#8684=CARTESIAN_POINT('Ctrl Pts',(-102.8,20.1933570321731,9.58442176804825));
#8685=CARTESIAN_POINT('Ctrl Pts',(-103.3,19.9252806346945,9.43912829385087));
#8686=CARTESIAN_POINT('Ctrl Pts',(-102.8,19.9252806346945,9.43912829385087));
#8687=CARTESIAN_POINT('Ctrl Pts',(-103.3,19.8106830682687,9.16388954148575));
#8688=CARTESIAN_POINT('Ctrl Pts',(-102.8,19.8106830682687,9.16388954148575));
#8689=CARTESIAN_POINT('',(-103.3,20.1933570321731,9.58442176804825));
#8690=CARTESIAN_POINT('Ctrl Pts',(-103.3,20.1933570321731,9.58442176804825));
#8691=CARTESIAN_POINT('Ctrl Pts',(-103.3,19.9252806346945,9.43912829385087));
#8692=CARTESIAN_POINT('Ctrl Pts',(-103.3,19.8106830682687,9.16388954148575));
#8693=CARTESIAN_POINT('',(-102.8,20.1933570321731,9.58442176804825));
#8694=CARTESIAN_POINT('',(-103.3,20.1933570321731,9.58442176804825));
#8695=CARTESIAN_POINT('Ctrl Pts',(-102.8,20.1933570321731,9.58442176804825));
#8696=CARTESIAN_POINT('Ctrl Pts',(-102.8,19.9252806346945,9.43912829385087));
#8697=CARTESIAN_POINT('Ctrl Pts',(-102.8,19.8106830682687,9.16388954148575));
#8698=CARTESIAN_POINT('Ctrl Pts',(-103.3,20.882988658183,9.72971494422242));
#8699=CARTESIAN_POINT('Ctrl Pts',(-102.8,20.882988658183,9.72971494422242));
#8700=CARTESIAN_POINT('Ctrl Pts',(-103.3,20.4614334669046,9.72971494422242));
#8701=CARTESIAN_POINT('Ctrl Pts',(-102.8,20.4614334669046,9.72971494422242));
#8702=CARTESIAN_POINT('Ctrl Pts',(-103.3,20.1933570321731,9.58442176804825));
#8703=CARTESIAN_POINT('Ctrl Pts',(-102.8,20.1933570321731,9.58442176804825));
#8704=CARTESIAN_POINT('',(-103.3,20.882988658183,9.72971494422242));
#8705=CARTESIAN_POINT('Ctrl Pts',(-103.3,20.882988658183,9.72971494422242));
#8706=CARTESIAN_POINT('Ctrl Pts',(-103.3,20.4614334669046,9.72971494422242));
#8707=CARTESIAN_POINT('Ctrl Pts',(-103.3,20.1933570321731,9.58442176804825));
#8708=CARTESIAN_POINT('',(-102.8,20.882988658183,9.72971494422242));
#8709=CARTESIAN_POINT('',(-103.3,20.882988658183,9.72971494422242));
#8710=CARTESIAN_POINT('Ctrl Pts',(-102.8,20.882988658183,9.72971494422242));
#8711=CARTESIAN_POINT('Ctrl Pts',(-102.8,20.4614334669046,9.72971494422242));
#8712=CARTESIAN_POINT('Ctrl Pts',(-102.8,20.1933570321731,9.58442176804825));
#8713=CARTESIAN_POINT('Ctrl Pts',(-103.3,21.5838755037717,9.56293459162995));
#8714=CARTESIAN_POINT('Ctrl Pts',(-102.8,21.5838755037717,9.56293459162995));
#8715=CARTESIAN_POINT('Ctrl Pts',(-103.3,21.3168222572736,9.72971494422242));
#8716=CARTESIAN_POINT('Ctrl Pts',(-102.8,21.3168222572736,9.72971494422242));
#8717=CARTESIAN_POINT('Ctrl Pts',(-103.3,20.882988658183,9.72971494422242));
#8718=CARTESIAN_POINT('Ctrl Pts',(-102.8,20.882988658183,9.72971494422242));
#8719=CARTESIAN_POINT('',(-103.3,21.5838755037717,9.56293459162995));
#8720=CARTESIAN_POINT('Ctrl Pts',(-103.3,21.5838755037717,9.56293459162995));
#8721=CARTESIAN_POINT('Ctrl Pts',(-103.3,21.3168222572736,9.72971494422242));
#8722=CARTESIAN_POINT('Ctrl Pts',(-103.3,20.882988658183,9.72971494422242));
#8723=CARTESIAN_POINT('',(-102.8,21.5838755037717,9.56293459162995));
#8724=CARTESIAN_POINT('',(-103.3,21.5838755037717,9.56293459162995));
#8725=CARTESIAN_POINT('Ctrl Pts',(-102.8,21.5838755037717,9.56293459162995));
#8726=CARTESIAN_POINT('Ctrl Pts',(-102.8,21.3168222572736,9.72971494422242));
#8727=CARTESIAN_POINT('Ctrl Pts',(-102.8,20.882988658183,9.72971494422242));
#8728=CARTESIAN_POINT('Ctrl Pts',(-103.3,21.9532478716306,9.13012440429016));
#8729=CARTESIAN_POINT('Ctrl Pts',(-102.8,21.9532478716306,9.13012440429016));
#8730=CARTESIAN_POINT('Ctrl Pts',(-103.3,21.8509287502698,9.39615423903748));
#8731=CARTESIAN_POINT('Ctrl Pts',(-102.8,21.8509287502698,9.39615423903748));
#8732=CARTESIAN_POINT('Ctrl Pts',(-103.3,21.5838755037717,9.56293459162995));
#8733=CARTESIAN_POINT('Ctrl Pts',(-102.8,21.5838755037717,9.56293459162995));
#8734=CARTESIAN_POINT('',(-103.3,21.9532478716306,9.13012440429016));
#8735=CARTESIAN_POINT('Ctrl Pts',(-103.3,21.9532478716306,9.13012440429016));
#8736=CARTESIAN_POINT('Ctrl Pts',(-103.3,21.8509287502698,9.39615423903748));
#8737=CARTESIAN_POINT('Ctrl Pts',(-103.3,21.5838755037717,9.56293459162995));
#8738=CARTESIAN_POINT('',(-102.8,21.9532478716306,9.13012440429016));
#8739=CARTESIAN_POINT('',(-103.3,21.9532478716306,9.13012440429016));
#8740=CARTESIAN_POINT('Ctrl Pts',(-102.8,21.9532478716306,9.13012440429016));
#8741=CARTESIAN_POINT('Ctrl Pts',(-102.8,21.8509287502698,9.39615423903748));
#8742=CARTESIAN_POINT('Ctrl Pts',(-102.8,21.5838755037717,9.56293459162995));
#8743=CARTESIAN_POINT('Ctrl Pts',(-103.3,22.0555672910146,8.41184313521668));
#8744=CARTESIAN_POINT('Ctrl Pts',(-102.8,22.0555672910146,8.41184313521668));
#8745=CARTESIAN_POINT('Ctrl Pts',(-103.3,22.0555672910146,8.86409427151963));
#8746=CARTESIAN_POINT('Ctrl Pts',(-102.8,22.0555672910146,8.86409427151963));
#8747=CARTESIAN_POINT('Ctrl Pts',(-103.3,21.9532478716306,9.13012440429016));
#8748=CARTESIAN_POINT('Ctrl Pts',(-102.8,21.9532478716306,9.13012440429016));
#8749=CARTESIAN_POINT('',(-103.3,22.0555672910146,8.41184313521668));
#8750=CARTESIAN_POINT('Ctrl Pts',(-103.3,22.0555672910146,8.41184313521668));
#8751=CARTESIAN_POINT('Ctrl Pts',(-103.3,22.0555672910146,8.86409427151963));
#8752=CARTESIAN_POINT('Ctrl Pts',(-103.3,21.9532478716306,9.13012440429016));
#8753=CARTESIAN_POINT('',(-102.8,22.0555672910146,8.41184313521668));
#8754=CARTESIAN_POINT('',(-103.3,22.0555672910146,8.41184313521668));
#8755=CARTESIAN_POINT('Ctrl Pts',(-102.8,22.0555672910146,8.41184313521668));
#8756=CARTESIAN_POINT('Ctrl Pts',(-102.8,22.0555672910146,8.86409427151963));
#8757=CARTESIAN_POINT('Ctrl Pts',(-102.8,21.9532478716306,9.13012440429016));
#8758=CARTESIAN_POINT('Origin',(-103.3,22.0555672910146,6.67855526433274));
#8759=CARTESIAN_POINT('',(-103.3,22.0555672910146,6.67855526433274));
#8760=CARTESIAN_POINT('',(-103.3,22.0555672910146,4.13927763216637));
#8761=CARTESIAN_POINT('',(-102.8,22.0555672910146,6.67855526433274));
#8762=CARTESIAN_POINT('',(-103.3,22.0555672910146,6.67855526433274));
#8763=CARTESIAN_POINT('',(-102.8,22.0555672910146,6.67855526433274));
#8764=CARTESIAN_POINT('Origin',(-103.3,21.6585684683256,6.67855526433274));
#8765=CARTESIAN_POINT('',(-103.3,21.6585684683256,6.67855526433274));
#8766=CARTESIAN_POINT('',(-103.3,37.4792842341628,6.67855526433274));
#8767=CARTESIAN_POINT('',(-102.8,21.6585684683256,6.67855526433274));
#8768=CARTESIAN_POINT('',(-103.3,21.6585684683256,6.67855526433274));
#8769=CARTESIAN_POINT('',(-102.8,21.6585684683256,6.67855526433274));
#8770=CARTESIAN_POINT('Origin',(-103.3,21.6585684683256,8.40979690776154));
#8771=CARTESIAN_POINT('',(-103.3,21.6585684683256,5.00489845388077));
#8772=CARTESIAN_POINT('',(-102.8,21.6585684683256,8.40979690776154));
#8773=CARTESIAN_POINT('Origin',(-102.8,26.3458129134111,8.17855532393738));
#8774=CARTESIAN_POINT('Origin',(-103.3,53.3,1.6));
#8775=CARTESIAN_POINT('Origin',(-103.3,53.3,1.6));
#8776=CARTESIAN_POINT('Origin',(3.3,15.7609202025894,6.60195575738106));
#8777=CARTESIAN_POINT('',(3.3,15.7609202025894,6.60195575738106));
#8778=CARTESIAN_POINT('',(3.3,16.7104297610677,6.59693116452523));
#8779=CARTESIAN_POINT('',(3.3,6.2439612210333,6.6523173821599));
#8780=CARTESIAN_POINT('',(2.8,15.7609202025894,6.60195575738106));
#8781=CARTESIAN_POINT('',(3.3,15.7609202025894,6.60195575738106));
#8782=CARTESIAN_POINT('',(2.8,16.7104297610677,6.59693116452523));
#8783=CARTESIAN_POINT('',(2.8,15.7609202025894,6.60195575738106));
#8784=CARTESIAN_POINT('',(3.3,16.7104297610677,6.59693116452523));
#8785=CARTESIAN_POINT('Ctrl Pts',(3.3,15.2735900681356,6.74164418978483));
#8786=CARTESIAN_POINT('Ctrl Pts',(2.8,15.2735900681356,6.74164418978483));
#8787=CARTESIAN_POINT('Ctrl Pts',(3.3,15.4273641676406,6.60372086153958));
#8788=CARTESIAN_POINT('Ctrl Pts',(2.8,15.4273641676406,6.60372086153958));
#8789=CARTESIAN_POINT('Ctrl Pts',(3.3,15.7609202025894,6.60195575738106));
#8790=CARTESIAN_POINT('Ctrl Pts',(2.8,15.7609202025894,6.60195575738106));
#8791=CARTESIAN_POINT('',(3.3,15.2735900681356,6.74164418978483));
#8792=CARTESIAN_POINT('Ctrl Pts',(3.3,15.2735900681356,6.74164418978483));
#8793=CARTESIAN_POINT('Ctrl Pts',(3.3,15.4273641676406,6.60372086153958));
#8794=CARTESIAN_POINT('Ctrl Pts',(3.3,15.7609202025894,6.60195575738106));
#8795=CARTESIAN_POINT('',(2.8,15.2735900681356,6.74164418978483));
#8796=CARTESIAN_POINT('',(3.3,15.2735900681356,6.74164418978483));
#8797=CARTESIAN_POINT('Ctrl Pts',(2.8,15.2735900681356,6.74164418978483));
#8798=CARTESIAN_POINT('Ctrl Pts',(2.8,15.4273641676406,6.60372086153958));
#8799=CARTESIAN_POINT('Ctrl Pts',(2.8,15.7609202025894,6.60195575738106));
#8800=CARTESIAN_POINT('Ctrl Pts',(3.3,15.1209421710486,7.0923887338683));
#8801=CARTESIAN_POINT('Ctrl Pts',(2.8,15.1209421710486,7.0923887338683));
#8802=CARTESIAN_POINT('Ctrl Pts',(3.3,15.1198159694191,6.8795676670396));
#8803=CARTESIAN_POINT('Ctrl Pts',(2.8,15.1198159694191,6.8795676670396));
#8804=CARTESIAN_POINT('Ctrl Pts',(3.3,15.2735900681356,6.74164418978483));
#8805=CARTESIAN_POINT('Ctrl Pts',(2.8,15.2735900681356,6.74164418978483));
#8806=CARTESIAN_POINT('',(3.3,15.1209421710486,7.0923887338683));
#8807=CARTESIAN_POINT('Ctrl Pts',(3.3,15.1209421710486,7.0923887338683));
#8808=CARTESIAN_POINT('Ctrl Pts',(3.3,15.1198159694191,6.8795676670396));
#8809=CARTESIAN_POINT('Ctrl Pts',(3.3,15.2735900681356,6.74164418978483));
#8810=CARTESIAN_POINT('',(2.8,15.1209421710486,7.0923887338683));
#8811=CARTESIAN_POINT('',(3.3,15.1209421710486,7.0923887338683));
#8812=CARTESIAN_POINT('Ctrl Pts',(2.8,15.1209421710486,7.0923887338683));
#8813=CARTESIAN_POINT('Ctrl Pts',(2.8,15.1198159694191,6.8795676670396));
#8814=CARTESIAN_POINT('Ctrl Pts',(2.8,15.2735900681356,6.74164418978483));
#8815=CARTESIAN_POINT('Ctrl Pts',(3.3,15.2021738793203,7.36106211549191));
#8816=CARTESIAN_POINT('Ctrl Pts',(2.8,15.2021738793203,7.36106211549191));
#8817=CARTESIAN_POINT('Ctrl Pts',(3.3,15.1217110201621,7.23768002477928));
#8818=CARTESIAN_POINT('Ctrl Pts',(2.8,15.1217110201621,7.23768002477928));
#8819=CARTESIAN_POINT('Ctrl Pts',(3.3,15.1209421710486,7.0923887338683));
#8820=CARTESIAN_POINT('Ctrl Pts',(2.8,15.1209421710486,7.0923887338683));
#8821=CARTESIAN_POINT('',(3.3,15.2021738793203,7.36106211549191));
#8822=CARTESIAN_POINT('Ctrl Pts',(3.3,15.2021738793203,7.36106211549191));
#8823=CARTESIAN_POINT('Ctrl Pts',(3.3,15.1217110201621,7.23768002477928));
#8824=CARTESIAN_POINT('Ctrl Pts',(3.3,15.1209421710486,7.0923887338683));
#8825=CARTESIAN_POINT('',(2.8,15.2021738793203,7.36106211549191));
#8826=CARTESIAN_POINT('',(3.3,15.2021738793203,7.36106211549191));
#8827=CARTESIAN_POINT('Ctrl Pts',(2.8,15.2021738793203,7.36106211549191));
#8828=CARTESIAN_POINT('Ctrl Pts',(2.8,15.1217110201621,7.23768002477928));
#8829=CARTESIAN_POINT('Ctrl Pts',(2.8,15.1209421710486,7.0923887338683));
#8830=CARTESIAN_POINT('Ctrl Pts',(3.3,15.4364113640797,7.53990697847654));
#8831=CARTESIAN_POINT('Ctrl Pts',(2.8,15.4364113640797,7.53990697847654));
#8832=CARTESIAN_POINT('Ctrl Pts',(3.3,15.2826367392669,7.48444435521407));
#8833=CARTESIAN_POINT('Ctrl Pts',(2.8,15.2826367392669,7.48444435521407));
#8834=CARTESIAN_POINT('Ctrl Pts',(3.3,15.2021738793203,7.36106211549191));
#8835=CARTESIAN_POINT('Ctrl Pts',(2.8,15.2021738793203,7.36106211549191));
#8836=CARTESIAN_POINT('',(3.3,15.4364113640797,7.53990697847654));
#8837=CARTESIAN_POINT('Ctrl Pts',(3.3,15.4364113640797,7.53990697847654));
#8838=CARTESIAN_POINT('Ctrl Pts',(3.3,15.2826367392669,7.48444435521407));
#8839=CARTESIAN_POINT('Ctrl Pts',(3.3,15.2021738793203,7.36106211549191));
#8840=CARTESIAN_POINT('',(2.8,15.4364113640797,7.53990697847654));
#8841=CARTESIAN_POINT('',(3.3,15.4364113640797,7.53990697847654));
#8842=CARTESIAN_POINT('Ctrl Pts',(2.8,15.4364113640797,7.53990697847654));
#8843=CARTESIAN_POINT('Ctrl Pts',(2.8,15.2826367392669,7.48444435521407));
#8844=CARTESIAN_POINT('Ctrl Pts',(2.8,15.2021738793203,7.36106211549191));
#8845=CARTESIAN_POINT('Ctrl Pts',(3.3,15.862351291369,7.59392936364743));
#8846=CARTESIAN_POINT('Ctrl Pts',(2.8,15.862351291369,7.59392936364743));
#8847=CARTESIAN_POINT('Ctrl Pts',(3.3,15.5901859888926,7.595369601739));
#8848=CARTESIAN_POINT('Ctrl Pts',(2.8,15.5901859888926,7.595369601739));
#8849=CARTESIAN_POINT('Ctrl Pts',(3.3,15.4364113640797,7.53990697847654));
#8850=CARTESIAN_POINT('Ctrl Pts',(2.8,15.4364113640797,7.53990697847654));
#8851=CARTESIAN_POINT('',(3.3,15.862351291369,7.59392936364743));
#8852=CARTESIAN_POINT('Ctrl Pts',(3.3,15.862351291369,7.59392936364743));
#8853=CARTESIAN_POINT('Ctrl Pts',(3.3,15.5901859888926,7.595369601739));
#8854=CARTESIAN_POINT('Ctrl Pts',(3.3,15.4364113640797,7.53990697847654));
#8855=CARTESIAN_POINT('',(2.8,15.862351291369,7.59392936364743));
#8856=CARTESIAN_POINT('',(3.3,15.862351291369,7.59392936364743));
#8857=CARTESIAN_POINT('Ctrl Pts',(2.8,15.862351291369,7.59392936364743));
#8858=CARTESIAN_POINT('Ctrl Pts',(2.8,15.5901859888926,7.595369601739));
#8859=CARTESIAN_POINT('Ctrl Pts',(2.8,15.4364113640797,7.53990697847654));
#8860=CARTESIAN_POINT('Origin',(3.3,16.7156817574894,7.58941372910173));
#8861=CARTESIAN_POINT('',(3.3,16.7156817574894,7.58941372910173));
#8862=CARTESIAN_POINT('',(3.3,6.72396799669413,7.64228765030849));
#8863=CARTESIAN_POINT('',(2.8,16.7156817574894,7.58941372910173));
#8864=CARTESIAN_POINT('',(3.3,16.7156817574894,7.58941372910173));
#8865=CARTESIAN_POINT('',(2.8,16.7156817574894,7.58941372910173));
#8866=CARTESIAN_POINT('Origin',(3.3,16.7104297610677,6.59693116452523));
#8867=CARTESIAN_POINT('',(3.3,16.6969286413291,4.04559166105587));
#8868=CARTESIAN_POINT('',(2.8,16.7104297610677,6.59693116452523));
#8869=CARTESIAN_POINT('Origin',(3.3,16.7175010065181,7.93320165213564));
#8870=CARTESIAN_POINT('',(3.3,16.7175010065181,7.93320165213564));
#8871=CARTESIAN_POINT('',(3.3,16.7245505943358,9.26537944411583));
#8872=CARTESIAN_POINT('',(3.3,16.7004642640543,4.71372690486108));
#8873=CARTESIAN_POINT('',(2.8,16.7175010065181,7.93320165213564));
#8874=CARTESIAN_POINT('',(3.3,16.7175010065181,7.93320165213564));
#8875=CARTESIAN_POINT('',(2.8,16.7245505943358,9.26537944411583));
#8876=CARTESIAN_POINT('',(2.8,16.7175010065181,7.93320165213564));
#8877=CARTESIAN_POINT('',(3.3,16.7245505943358,9.26537944411583));
#8878=CARTESIAN_POINT('Origin',(3.3,16.2570705129752,7.93563814763777));
#8879=CARTESIAN_POINT('',(3.3,16.2570705129752,7.93563814763777));
#8880=CARTESIAN_POINT('',(3.3,6.49557199895139,7.98729382109344));
#8881=CARTESIAN_POINT('',(2.8,16.2570705129752,7.93563814763777));
#8882=CARTESIAN_POINT('',(3.3,16.2570705129752,7.93563814763777));
#8883=CARTESIAN_POINT('',(2.8,16.2570705129752,7.93563814763777));
#8884=CARTESIAN_POINT('Ctrl Pts',(3.3,16.0361401546194,7.95113209766129));
#8885=CARTESIAN_POINT('Ctrl Pts',(2.8,16.0361401546194,7.95113209766129));
#8886=CARTESIAN_POINT('Ctrl Pts',(3.3,16.1035942778324,7.93645030965105));
#8887=CARTESIAN_POINT('Ctrl Pts',(2.8,16.1035942778324,7.93645030965105));
#8888=CARTESIAN_POINT('Ctrl Pts',(3.3,16.2570705129752,7.93563814763777));
#8889=CARTESIAN_POINT('Ctrl Pts',(2.8,16.2570705129752,7.93563814763777));
#8890=CARTESIAN_POINT('',(3.3,16.0361401546194,7.95113209766129));
#8891=CARTESIAN_POINT('Ctrl Pts',(3.3,16.0361401546194,7.95113209766129));
#8892=CARTESIAN_POINT('Ctrl Pts',(3.3,16.1035942778324,7.93645030965105));
#8893=CARTESIAN_POINT('Ctrl Pts',(3.3,16.2570705129752,7.93563814763777));
#8894=CARTESIAN_POINT('',(2.8,16.0361401546194,7.95113209766129));
#8895=CARTESIAN_POINT('',(3.3,16.0361401546194,7.95113209766129));
#8896=CARTESIAN_POINT('Ctrl Pts',(2.8,16.0361401546194,7.95113209766129));
#8897=CARTESIAN_POINT('Ctrl Pts',(2.8,16.1035942778324,7.93645030965105));
#8898=CARTESIAN_POINT('Ctrl Pts',(2.8,16.2570705129752,7.93563814763777));
#8899=CARTESIAN_POINT('Ctrl Pts',(3.3,15.8554598796322,8.03189846406129));
#8900=CARTESIAN_POINT('Ctrl Pts',(2.8,15.8554598796322,8.03189846406129));
#8901=CARTESIAN_POINT('Ctrl Pts',(3.3,15.944173173679,7.97412937173747));
#8902=CARTESIAN_POINT('Ctrl Pts',(2.8,15.944173173679,7.97412937173747));
#8903=CARTESIAN_POINT('Ctrl Pts',(3.3,16.0361401546194,7.95113209766129));
#8904=CARTESIAN_POINT('Ctrl Pts',(2.8,16.0361401546194,7.95113209766129));
#8905=CARTESIAN_POINT('',(3.3,15.8554598796322,8.03189846406129));
#8906=CARTESIAN_POINT('Ctrl Pts',(3.3,15.8554598796322,8.03189846406129));
#8907=CARTESIAN_POINT('Ctrl Pts',(3.3,15.944173173679,7.97412937173747));
#8908=CARTESIAN_POINT('Ctrl Pts',(3.3,16.0361401546194,7.95113209766129));
#8909=CARTESIAN_POINT('',(2.8,15.8554598796322,8.03189846406129));
#8910=CARTESIAN_POINT('',(3.3,15.8554598796322,8.03189846406129));
#8911=CARTESIAN_POINT('Ctrl Pts',(2.8,15.8554598796322,8.03189846406129));
#8912=CARTESIAN_POINT('Ctrl Pts',(2.8,15.944173173679,7.97412937173747));
#8913=CARTESIAN_POINT('Ctrl Pts',(2.8,16.0361401546194,7.95113209766129));
#8914=CARTESIAN_POINT('Ctrl Pts',(3.3,15.6549553270419,8.23350808516767));
#8915=CARTESIAN_POINT('Ctrl Pts',(2.8,15.6549553270419,8.23350808516767));
#8916=CARTESIAN_POINT('Ctrl Pts',(3.3,15.7667465840083,8.08966725836607));
#8917=CARTESIAN_POINT('Ctrl Pts',(2.8,15.7667465840083,8.08966725836607));
#8918=CARTESIAN_POINT('Ctrl Pts',(3.3,15.8554598796322,8.03189846406129));
#8919=CARTESIAN_POINT('Ctrl Pts',(2.8,15.8554598796322,8.03189846406129));
#8920=CARTESIAN_POINT('',(3.3,15.6549553270419,8.23350808516767));
#8921=CARTESIAN_POINT('Ctrl Pts',(3.3,15.6549553270419,8.23350808516767));
#8922=CARTESIAN_POINT('Ctrl Pts',(3.3,15.7667465840083,8.08966725836607));
#8923=CARTESIAN_POINT('Ctrl Pts',(3.3,15.8554598796322,8.03189846406129));
#8924=CARTESIAN_POINT('',(2.8,15.6549553270419,8.23350808516767));
#8925=CARTESIAN_POINT('',(3.3,15.6549553270419,8.23350808516767));
#8926=CARTESIAN_POINT('Ctrl Pts',(2.8,15.6549553270419,8.23350808516767));
#8927=CARTESIAN_POINT('Ctrl Pts',(2.8,15.7667465840083,8.08966725836607));
#8928=CARTESIAN_POINT('Ctrl Pts',(2.8,15.8554598796322,8.03189846406129));
#8929=CARTESIAN_POINT('Ctrl Pts',(3.3,15.370652273596,8.64838787766386));
#8930=CARTESIAN_POINT('Ctrl Pts',(2.8,15.370652273596,8.64838787766386));
#8931=CARTESIAN_POINT('Ctrl Pts',(3.3,15.5431634708833,8.37734831908527));
#8932=CARTESIAN_POINT('Ctrl Pts',(2.8,15.5431634708833,8.37734831908527));
#8933=CARTESIAN_POINT('Ctrl Pts',(3.3,15.6549553270419,8.23350808516767));
#8934=CARTESIAN_POINT('Ctrl Pts',(2.8,15.6549553270419,8.23350808516767));
#8935=CARTESIAN_POINT('',(3.3,15.370652273596,8.64838787766386));
#8936=CARTESIAN_POINT('Ctrl Pts',(3.3,15.370652273596,8.64838787766386));
#8937=CARTESIAN_POINT('Ctrl Pts',(3.3,15.5431634708833,8.37734831908527));
#8938=CARTESIAN_POINT('Ctrl Pts',(3.3,15.6549553270419,8.23350808516767));
#8939=CARTESIAN_POINT('',(2.8,15.370652273596,8.64838787766386));
#8940=CARTESIAN_POINT('',(3.3,15.370652273596,8.64838787766386));
#8941=CARTESIAN_POINT('Ctrl Pts',(2.8,15.370652273596,8.64838787766386));
#8942=CARTESIAN_POINT('Ctrl Pts',(2.8,15.5431634708833,8.37734831908527));
#8943=CARTESIAN_POINT('Ctrl Pts',(2.8,15.6549553270419,8.23350808516767));
#8944=CARTESIAN_POINT('Origin',(3.3,14.9769627057928,9.27462728953383));
#8945=CARTESIAN_POINT('',(3.3,14.9769627057928,9.27462728953383));
#8946=CARTESIAN_POINT('',(3.3,14.1174077395288,10.6419157334387));
#8947=CARTESIAN_POINT('',(2.8,14.9769627057928,9.27462728953383));
#8948=CARTESIAN_POINT('',(3.3,14.9769627057928,9.27462728953383));
#8949=CARTESIAN_POINT('',(2.8,14.9769627057928,9.27462728953383));
#8950=CARTESIAN_POINT('Origin',(3.3,14.4776514547534,9.27726953333475));
#8951=CARTESIAN_POINT('',(3.3,14.4776514547534,9.27726953333475));
#8952=CARTESIAN_POINT('',(3.3,5.60938726374933,9.32419840993204));
#8953=CARTESIAN_POINT('',(2.8,14.4776514547534,9.27726953333475));
#8954=CARTESIAN_POINT('',(3.3,14.4776514547534,9.27726953333475));
#8955=CARTESIAN_POINT('',(2.8,14.4776514547533,9.27726953333475));
#8956=CARTESIAN_POINT('Origin',(3.3,14.9951513688787,8.45801196947139));
#8957=CARTESIAN_POINT('',(3.3,14.9951513688787,8.45801196947139));
#8958=CARTESIAN_POINT('',(3.3,13.9344403106663,10.1372307167493));
#8959=CARTESIAN_POINT('',(2.8,14.9951513688787,8.45801196947139));
#8960=CARTESIAN_POINT('',(3.3,14.9951513688787,8.45801196947139));
#8961=CARTESIAN_POINT('',(2.8,14.9951513688787,8.45801196947139));
#8962=CARTESIAN_POINT('Ctrl Pts',(3.3,15.3225033799353,8.0572293563361));
#8963=CARTESIAN_POINT('Ctrl Pts',(2.8,15.3225033799353,8.0572293563361));
#8964=CARTESIAN_POINT('Ctrl Pts',(3.3,15.1494080194501,8.21776553370649));
#8965=CARTESIAN_POINT('Ctrl Pts',(2.8,15.1494080194501,8.21776553370649));
#8966=CARTESIAN_POINT('Ctrl Pts',(3.3,14.9951513688787,8.45801196947139));
#8967=CARTESIAN_POINT('Ctrl Pts',(2.8,14.9951513688787,8.45801196947139));
#8968=CARTESIAN_POINT('',(3.3,15.3225033799353,8.0572293563361));
#8969=CARTESIAN_POINT('Ctrl Pts',(3.3,15.3225033799353,8.0572293563361));
#8970=CARTESIAN_POINT('Ctrl Pts',(3.3,15.1494080194501,8.21776553370649));
#8971=CARTESIAN_POINT('Ctrl Pts',(3.3,14.9951513688787,8.45801196947139));
#8972=CARTESIAN_POINT('',(2.8,15.3225033799353,8.0572293563361));
#8973=CARTESIAN_POINT('',(3.3,15.3225033799353,8.0572293563361));
#8974=CARTESIAN_POINT('Ctrl Pts',(2.8,15.3225033799353,8.0572293563361));
#8975=CARTESIAN_POINT('Ctrl Pts',(2.8,15.1494080194501,8.21776553370649));
#8976=CARTESIAN_POINT('Ctrl Pts',(2.8,14.9951513688787,8.45801196947139));
#8977=CARTESIAN_POINT('Ctrl Pts',(3.3,15.5611366098353,7.90657824375508));
#8978=CARTESIAN_POINT('Ctrl Pts',(2.8,15.5611366098353,7.90657824375508));
#8979=CARTESIAN_POINT('Ctrl Pts',(3.3,15.4039674519978,7.9831270863008));
#8980=CARTESIAN_POINT('Ctrl Pts',(2.8,15.4039674519978,7.9831270863008));
#8981=CARTESIAN_POINT('Ctrl Pts',(3.3,15.3225033799353,8.0572293563361));
#8982=CARTESIAN_POINT('Ctrl Pts',(2.8,15.3225033799353,8.0572293563361));
#8983=CARTESIAN_POINT('',(3.3,15.5611366098353,7.90657824375508));
#8984=CARTESIAN_POINT('Ctrl Pts',(3.3,15.5611366098353,7.90657824375508));
#8985=CARTESIAN_POINT('Ctrl Pts',(3.3,15.4039674519978,7.9831270863008));
#8986=CARTESIAN_POINT('Ctrl Pts',(3.3,15.3225033799353,8.0572293563361));
#8987=CARTESIAN_POINT('',(2.8,15.5611366098353,7.90657824375508));
#8988=CARTESIAN_POINT('',(3.3,15.5611366098353,7.90657824375508));
#8989=CARTESIAN_POINT('Ctrl Pts',(2.8,15.5611366098353,7.90657824375508));
#8990=CARTESIAN_POINT('Ctrl Pts',(2.8,15.4039674519978,7.9831270863008));
#8991=CARTESIAN_POINT('Ctrl Pts',(2.8,15.3225033799353,8.0572293563361));
#8992=CARTESIAN_POINT('Ctrl Pts',(3.3,14.921200386001,7.63165235528925));
#8993=CARTESIAN_POINT('Ctrl Pts',(2.8,14.921200386001,7.63165235528925));
#8994=CARTESIAN_POINT('Ctrl Pts',(3.3,15.1290412464724,7.84951874959427));
#8995=CARTESIAN_POINT('Ctrl Pts',(2.8,15.1290412464724,7.84951874959427));
#8996=CARTESIAN_POINT('Ctrl Pts',(3.3,15.5611366098353,7.90657824375508));
#8997=CARTESIAN_POINT('Ctrl Pts',(2.8,15.5611366098353,7.90657824375508));
#8998=CARTESIAN_POINT('',(3.3,14.921200386001,7.63165235528925));
#8999=CARTESIAN_POINT('Ctrl Pts',(3.3,14.921200386001,7.63165235528925));
#9000=CARTESIAN_POINT('Ctrl Pts',(3.3,15.1290412464724,7.84951874959427));
#9001=CARTESIAN_POINT('Ctrl Pts',(3.3,15.5611366098353,7.90657824375508));
#9002=CARTESIAN_POINT('',(2.8,14.921200386001,7.63165235528925));
#9003=CARTESIAN_POINT('',(3.3,14.921200386001,7.63165235528925));
#9004=CARTESIAN_POINT('Ctrl Pts',(2.8,14.921200386001,7.63165235528925));
#9005=CARTESIAN_POINT('Ctrl Pts',(2.8,15.1290412464724,7.84951874959427));
#9006=CARTESIAN_POINT('Ctrl Pts',(2.8,15.5611366098353,7.90657824375508));
#9007=CARTESIAN_POINT('Ctrl Pts',(3.3,14.7116708199121,7.0945545065966));
#9008=CARTESIAN_POINT('Ctrl Pts',(2.8,14.7116708199121,7.0945545065966));
#9009=CARTESIAN_POINT('Ctrl Pts',(3.3,14.7133601215678,7.41378595783012));
#9010=CARTESIAN_POINT('Ctrl Pts',(2.8,14.7133601215678,7.41378595783012));
#9011=CARTESIAN_POINT('Ctrl Pts',(3.3,14.921200386001,7.63165235528925));
#9012=CARTESIAN_POINT('Ctrl Pts',(2.8,14.921200386001,7.63165235528925));
#9013=CARTESIAN_POINT('',(3.3,14.7116708199121,7.0945545065966));
#9014=CARTESIAN_POINT('Ctrl Pts',(3.3,14.7116708199121,7.0945545065966));
#9015=CARTESIAN_POINT('Ctrl Pts',(3.3,14.7133601215678,7.41378595783012));
#9016=CARTESIAN_POINT('Ctrl Pts',(3.3,14.921200386001,7.63165235528925));
#9017=CARTESIAN_POINT('',(2.8,14.7116708199121,7.0945545065966));
#9018=CARTESIAN_POINT('',(3.3,14.7116708199121,7.0945545065966));
#9019=CARTESIAN_POINT('Ctrl Pts',(2.8,14.7116708199121,7.0945545065966));
#9020=CARTESIAN_POINT('Ctrl Pts',(2.8,14.7133601215678,7.41378595783012));
#9021=CARTESIAN_POINT('Ctrl Pts',(2.8,14.921200386001,7.63165235528925));
#9022=CARTESIAN_POINT('Ctrl Pts',(3.3,14.8341053057912,6.64164929118106));
#9023=CARTESIAN_POINT('Ctrl Pts',(2.8,14.8341053057912,6.64164929118106));
#9024=CARTESIAN_POINT('Ctrl Pts',(3.3,14.7103605276165,6.84694537790149));
#9025=CARTESIAN_POINT('Ctrl Pts',(2.8,14.7103605276165,6.84694537790149));
#9026=CARTESIAN_POINT('Ctrl Pts',(3.3,14.7116708199121,7.0945545065966));
#9027=CARTESIAN_POINT('Ctrl Pts',(2.8,14.7116708199121,7.0945545065966));
#9028=CARTESIAN_POINT('',(3.3,14.8341053057912,6.64164929118106));
#9029=CARTESIAN_POINT('Ctrl Pts',(3.3,14.8341053057912,6.64164929118106));
#9030=CARTESIAN_POINT('Ctrl Pts',(3.3,14.7103605276165,6.84694537790149));
#9031=CARTESIAN_POINT('Ctrl Pts',(3.3,14.7116708199121,7.0945545065966));
#9032=CARTESIAN_POINT('',(2.8,14.8341053057912,6.64164929118106));
#9033=CARTESIAN_POINT('',(3.3,14.8341053057912,6.64164929118106));
#9034=CARTESIAN_POINT('Ctrl Pts',(2.8,14.8341053057912,6.64164929118106));
#9035=CARTESIAN_POINT('Ctrl Pts',(2.8,14.7103605276165,6.84694537790149));
#9036=CARTESIAN_POINT('Ctrl Pts',(2.8,14.7116708199121,7.0945545065966));
#9037=CARTESIAN_POINT('Ctrl Pts',(3.3,15.1661507141595,6.35441740023358));
#9038=CARTESIAN_POINT('Ctrl Pts',(2.8,15.1661507141595,6.35441740023358));
#9039=CARTESIAN_POINT('Ctrl Pts',(3.3,14.9578500831774,6.43635305545109));
#9040=CARTESIAN_POINT('Ctrl Pts',(2.8,14.9578500831774,6.43635305545109));
#9041=CARTESIAN_POINT('Ctrl Pts',(3.3,14.8341053057912,6.64164929118106));
#9042=CARTESIAN_POINT('Ctrl Pts',(2.8,14.8341053057912,6.64164929118106));
#9043=CARTESIAN_POINT('',(3.3,15.1661507141595,6.35441740023358));
#9044=CARTESIAN_POINT('Ctrl Pts',(3.3,15.1661507141595,6.35441740023358));
#9045=CARTESIAN_POINT('Ctrl Pts',(3.3,14.9578500831774,6.43635305545109));
#9046=CARTESIAN_POINT('Ctrl Pts',(3.3,14.8341053057912,6.64164929118106));
#9047=CARTESIAN_POINT('',(2.8,15.1661507141595,6.35441740023358));
#9048=CARTESIAN_POINT('',(3.3,15.1661507141595,6.35441740023358));
#9049=CARTESIAN_POINT('Ctrl Pts',(2.8,15.1661507141595,6.35441740023358));
#9050=CARTESIAN_POINT('Ctrl Pts',(2.8,14.9578500831774,6.43635305545109));
#9051=CARTESIAN_POINT('Ctrl Pts',(2.8,14.8341053057912,6.64164929118106));
#9052=CARTESIAN_POINT('Ctrl Pts',(3.3,15.7755367089796,6.27035929070718));
#9053=CARTESIAN_POINT('Ctrl Pts',(2.8,15.7755367089796,6.27035929070718));
#9054=CARTESIAN_POINT('Ctrl Pts',(3.3,15.3744513451417,6.27248174501607));
#9055=CARTESIAN_POINT('Ctrl Pts',(2.8,15.3744513451417,6.27248174501607));
#9056=CARTESIAN_POINT('Ctrl Pts',(3.3,15.1661507141595,6.35441740023358));
#9057=CARTESIAN_POINT('Ctrl Pts',(2.8,15.1661507141595,6.35441740023358));
#9058=CARTESIAN_POINT('',(3.3,15.7755367089796,6.27035929070718));
#9059=CARTESIAN_POINT('Ctrl Pts',(3.3,15.7755367089796,6.27035929070718));
#9060=CARTESIAN_POINT('Ctrl Pts',(3.3,15.3744513451417,6.27248174501607));
#9061=CARTESIAN_POINT('Ctrl Pts',(3.3,15.1661507141595,6.35441740023358));
#9062=CARTESIAN_POINT('',(2.8,15.7755367089796,6.27035929070718));
#9063=CARTESIAN_POINT('',(3.3,15.7755367089796,6.27035929070718));
#9064=CARTESIAN_POINT('Ctrl Pts',(2.8,15.7755367089796,6.27035929070718));
#9065=CARTESIAN_POINT('Ctrl Pts',(2.8,15.3744513451417,6.27248174501607));
#9066=CARTESIAN_POINT('Ctrl Pts',(2.8,15.1661507141595,6.35441740023358));
#9067=CARTESIAN_POINT('Origin',(3.3,17.1056684511637,6.26332053012872));
#9068=CARTESIAN_POINT('',(3.3,17.1056684511637,6.26332053012872));
#9069=CARTESIAN_POINT('',(3.3,6.91545820725509,6.3172448504621));
#9070=CARTESIAN_POINT('',(2.8,17.1056684511637,6.26332053012872));
#9071=CARTESIAN_POINT('',(3.3,17.1056684511637,6.26332053012872));
#9072=CARTESIAN_POINT('',(2.8,17.1056684511637,6.26332053012872));
#9073=CARTESIAN_POINT('Origin',(3.3,17.1215435605626,9.26327864586255));
#9074=CARTESIAN_POINT('',(3.3,17.1215435605626,9.26327864586255));
#9075=CARTESIAN_POINT('',(3.3,17.10098202419,5.37771500259789));
#9076=CARTESIAN_POINT('',(2.8,17.1215435605626,9.26327864586255));
#9077=CARTESIAN_POINT('',(3.3,17.1215435605626,9.26327864586255));
#9078=CARTESIAN_POINT('',(2.8,17.1215435605626,9.26327864586255));
#9079=CARTESIAN_POINT('Origin',(3.3,16.7245505943358,9.26537944411583));
#9080=CARTESIAN_POINT('',(3.3,6.73283683354058,9.31825336532259));
#9081=CARTESIAN_POINT('',(2.8,16.7245505943358,9.26537944411583));
#9082=CARTESIAN_POINT('Origin',(2.8,19.1781317014231,7.7524165821452));
#9083=CARTESIAN_POINT('Ctrl Pts',(3.3,34.2239326141521,9.24332984244534));
#9084=CARTESIAN_POINT('Ctrl Pts',(2.8,34.2239326141521,9.24332984244534));
#9085=CARTESIAN_POINT('Ctrl Pts',(3.3,34.6188778072879,9.24097343872017));
#9086=CARTESIAN_POINT('Ctrl Pts',(2.8,34.6188778072879,9.24097343872017));
#9087=CARTESIAN_POINT('Ctrl Pts',(3.3,34.8272732821737,9.01257749067156));
#9088=CARTESIAN_POINT('Ctrl Pts',(2.8,34.8272732821737,9.01257749067156));
#9089=CARTESIAN_POINT('',(3.3,34.2239326141521,9.24332984244534));
#9090=CARTESIAN_POINT('',(3.3,34.8272732821737,9.01257749067156));
#9091=CARTESIAN_POINT('Ctrl Pts',(3.3,34.2239326141521,9.24332984244534));
#9092=CARTESIAN_POINT('Ctrl Pts',(3.3,34.6188778072879,9.24097343872017));
#9093=CARTESIAN_POINT('Ctrl Pts',(3.3,34.8272732821737,9.01257749067156));
#9094=CARTESIAN_POINT('',(2.8,34.2239326141521,9.24332984244534));
#9095=CARTESIAN_POINT('',(3.3,34.2239326141521,9.24332984244534));
#9096=CARTESIAN_POINT('',(2.8,34.8272732821737,9.01257749067156));
#9097=CARTESIAN_POINT('Ctrl Pts',(2.8,34.2239326141521,9.24332984244534));
#9098=CARTESIAN_POINT('Ctrl Pts',(2.8,34.6188778072879,9.24097343872017));
#9099=CARTESIAN_POINT('Ctrl Pts',(2.8,34.8272732821737,9.01257749067156));
#9100=CARTESIAN_POINT('',(3.3,34.8272732821737,9.01257749067156));
#9101=CARTESIAN_POINT('Ctrl Pts',(3.3,33.7597876360887,9.13763879003761));
#9102=CARTESIAN_POINT('Ctrl Pts',(2.8,33.7597876360887,9.13763879003761));
#9103=CARTESIAN_POINT('Ctrl Pts',(3.3,33.9579072908315,9.2449170577698));
#9104=CARTESIAN_POINT('Ctrl Pts',(2.8,33.9579072908315,9.2449170577698));
#9105=CARTESIAN_POINT('Ctrl Pts',(3.3,34.2239326141521,9.24332984244534));
#9106=CARTESIAN_POINT('Ctrl Pts',(2.8,34.2239326141521,9.24332984244534));
#9107=CARTESIAN_POINT('',(3.3,33.7597876360887,9.13763879003761));
#9108=CARTESIAN_POINT('Ctrl Pts',(3.3,33.7597876360887,9.13763879003761));
#9109=CARTESIAN_POINT('Ctrl Pts',(3.3,33.9579072908315,9.2449170577698));
#9110=CARTESIAN_POINT('Ctrl Pts',(3.3,34.2239326141521,9.24332984244534));
#9111=CARTESIAN_POINT('',(2.8,33.7597876360887,9.13763879003761));
#9112=CARTESIAN_POINT('',(3.3,33.7597876360887,9.13763879003761));
#9113=CARTESIAN_POINT('Ctrl Pts',(2.8,33.7597876360887,9.13763879003761));
#9114=CARTESIAN_POINT('Ctrl Pts',(2.8,33.9579072908315,9.2449170577698));
#9115=CARTESIAN_POINT('Ctrl Pts',(2.8,34.2239326141521,9.24332984244534));
#9116=CARTESIAN_POINT('Ctrl Pts',(3.3,33.4693722588712,8.82422274919023));
#9117=CARTESIAN_POINT('Ctrl Pts',(2.8,33.4693722588712,8.82422274919023));
#9118=CARTESIAN_POINT('Ctrl Pts',(3.3,33.5616679068415,9.03036052274994));
#9119=CARTESIAN_POINT('Ctrl Pts',(2.8,33.5616679068415,9.03036052274994));
#9120=CARTESIAN_POINT('Ctrl Pts',(3.3,33.7597876360887,9.13763879003761));
#9121=CARTESIAN_POINT('Ctrl Pts',(2.8,33.7597876360887,9.13763879003761));
#9122=CARTESIAN_POINT('',(3.3,33.4693722588712,8.82422274919023));
#9123=CARTESIAN_POINT('Ctrl Pts',(3.3,33.4693722588712,8.82422274919023));
#9124=CARTESIAN_POINT('Ctrl Pts',(3.3,33.5616679068415,9.03036052274994));
#9125=CARTESIAN_POINT('Ctrl Pts',(3.3,33.7597876360887,9.13763879003761));
#9126=CARTESIAN_POINT('',(2.8,33.4693722588712,8.82422274919023));
#9127=CARTESIAN_POINT('',(3.3,33.4693722588712,8.82422274919023));
#9128=CARTESIAN_POINT('Ctrl Pts',(2.8,33.4693722588712,8.82422274919023));
#9129=CARTESIAN_POINT('Ctrl Pts',(2.8,33.5616679068415,9.03036052274994));
#9130=CARTESIAN_POINT('Ctrl Pts',(2.8,33.7597876360887,9.13763879003761));
#9131=CARTESIAN_POINT('Ctrl Pts',(3.3,33.3748300895184,8.24155661937967));
#9132=CARTESIAN_POINT('Ctrl Pts',(2.8,33.3748300895184,8.24155661937967));
#9133=CARTESIAN_POINT('Ctrl Pts',(3.3,33.3770766109009,8.61808497563052));
#9134=CARTESIAN_POINT('Ctrl Pts',(2.8,33.3770766109009,8.61808497563052));
#9135=CARTESIAN_POINT('Ctrl Pts',(3.3,33.4693722588712,8.82422274919023));
#9136=CARTESIAN_POINT('Ctrl Pts',(2.8,33.4693722588712,8.82422274919023));
#9137=CARTESIAN_POINT('',(3.3,33.3748300895184,8.24155661937967));
#9138=CARTESIAN_POINT('Ctrl Pts',(3.3,33.3748300895184,8.24155661937967));
#9139=CARTESIAN_POINT('Ctrl Pts',(3.3,33.3770766109009,8.61808497563052));
#9140=CARTESIAN_POINT('Ctrl Pts',(3.3,33.4693722588712,8.82422274919023));
#9141=CARTESIAN_POINT('',(2.8,33.3748300895184,8.24155661937967));
#9142=CARTESIAN_POINT('',(3.3,33.3748300895184,8.24155661937967));
#9143=CARTESIAN_POINT('Ctrl Pts',(2.8,33.3748300895184,8.24155661937967));
#9144=CARTESIAN_POINT('Ctrl Pts',(2.8,33.3770766109009,8.61808497563052));
#9145=CARTESIAN_POINT('Ctrl Pts',(2.8,33.4693722588712,8.82422274919023));
#9146=CARTESIAN_POINT('Origin',(3.3,33.3626329525597,6.1972547196739));
#9147=CARTESIAN_POINT('',(3.3,33.3626329525597,6.1972547196739));
#9148=CARTESIAN_POINT('',(3.29999999999999,33.3482663594323,3.7893409836798));
#9149=CARTESIAN_POINT('',(2.8,33.3626329525597,6.1972547196739));
#9150=CARTESIAN_POINT('',(3.3,33.3626329525597,6.1972547196739));
#9151=CARTESIAN_POINT('',(2.8,33.3626329525597,6.1972547196739));
#9152=CARTESIAN_POINT('Origin',(3.3,33.7596245602442,6.19488610620684));
#9153=CARTESIAN_POINT('',(3.3,33.7596245602442,6.19488610620684));
#9154=CARTESIAN_POINT('',(3.3,15.2441788732495,6.30535678909752));
#9155=CARTESIAN_POINT('',(2.8,33.7596245602442,6.19488610620684));
#9156=CARTESIAN_POINT('',(3.3,33.7596245602442,6.19488610620684));
#9157=CARTESIAN_POINT('',(2.8,33.7596245602442,6.19488610620684));
#9158=CARTESIAN_POINT('Origin',(3.3,33.7719560003628,8.2616978954084));
#9159=CARTESIAN_POINT('',(3.3,33.7719560003628,8.2616978954084));
#9160=CARTESIAN_POINT('',(3.29999999999999,33.7514236871761,4.82037826481354));
#9161=CARTESIAN_POINT('',(2.8,33.7719560003628,8.2616978954084));
#9162=CARTESIAN_POINT('',(3.3,33.7719560003628,8.2616978954084));
#9163=CARTESIAN_POINT('',(2.8,33.7719560003628,8.2616978954084));
#9164=CARTESIAN_POINT('Ctrl Pts',(3.3,33.8151233656572,8.63695867128747));
#9165=CARTESIAN_POINT('Ctrl Pts',(2.8,33.8151233656572,8.63695867128747));
#9166=CARTESIAN_POINT('Ctrl Pts',(3.3,33.7734943789424,8.51953793305649));
#9167=CARTESIAN_POINT('Ctrl Pts',(2.8,33.7734943789424,8.51953793305649));
#9168=CARTESIAN_POINT('Ctrl Pts',(3.3,33.7719560003628,8.2616978954084));
#9169=CARTESIAN_POINT('Ctrl Pts',(2.8,33.7719560003628,8.2616978954084));
#9170=CARTESIAN_POINT('',(3.3,33.8151233656572,8.63695867128747));
#9171=CARTESIAN_POINT('Ctrl Pts',(3.3,33.8151233656572,8.63695867128747));
#9172=CARTESIAN_POINT('Ctrl Pts',(3.3,33.7734943789424,8.51953793305649));
#9173=CARTESIAN_POINT('Ctrl Pts',(3.3,33.7719560003628,8.2616978954084));
#9174=CARTESIAN_POINT('',(2.8,33.8151233656572,8.63695867128747));
#9175=CARTESIAN_POINT('',(3.3,33.8151233656572,8.63695867128747));
#9176=CARTESIAN_POINT('Ctrl Pts',(2.8,33.8151233656572,8.63695867128747));
#9177=CARTESIAN_POINT('Ctrl Pts',(2.8,33.7734943789424,8.51953793305649));
#9178=CARTESIAN_POINT('Ctrl Pts',(2.8,33.7719560003628,8.2616978954084));
#9179=CARTESIAN_POINT('Ctrl Pts',(3.3,33.9656178354287,8.82228507809632));
#9180=CARTESIAN_POINT('Ctrl Pts',(2.8,33.9656178354287,8.82228507809632));
#9181=CARTESIAN_POINT('Ctrl Pts',(3.3,33.8567523541502,8.75437970753636));
#9182=CARTESIAN_POINT('Ctrl Pts',(2.8,33.8567523541502,8.75437970753636));
#9183=CARTESIAN_POINT('Ctrl Pts',(3.3,33.8151233656572,8.63695867128747));
#9184=CARTESIAN_POINT('Ctrl Pts',(2.8,33.8151233656572,8.63695867128747));
#9185=CARTESIAN_POINT('',(3.3,33.9656178354287,8.82228507809632));
#9186=CARTESIAN_POINT('Ctrl Pts',(3.3,33.9656178354287,8.82228507809632));
#9187=CARTESIAN_POINT('Ctrl Pts',(3.3,33.8567523541502,8.75437970753636));
#9188=CARTESIAN_POINT('Ctrl Pts',(3.3,33.8151233656572,8.63695867128747));
#9189=CARTESIAN_POINT('',(2.8,33.9656178354287,8.82228507809632));
#9190=CARTESIAN_POINT('',(3.3,33.9656178354287,8.82228507809632));
#9191=CARTESIAN_POINT('Ctrl Pts',(2.8,33.9656178354287,8.82228507809632));
#9192=CARTESIAN_POINT('Ctrl Pts',(2.8,33.8567523541502,8.75437970753636));
#9193=CARTESIAN_POINT('Ctrl Pts',(2.8,33.8151233656572,8.63695867128747));
#9194=CARTESIAN_POINT('Ctrl Pts',(3.3,34.223866737752,8.88929946441085));
#9195=CARTESIAN_POINT('Ctrl Pts',(2.8,34.223866737752,8.88929946441085));
#9196=CARTESIAN_POINT('Ctrl Pts',(3.3,34.0744833184853,8.8901907466742));
#9197=CARTESIAN_POINT('Ctrl Pts',(2.8,34.0744833184853,8.8901907466742));
#9198=CARTESIAN_POINT('Ctrl Pts',(3.3,33.9656178354287,8.82228507809632));
#9199=CARTESIAN_POINT('Ctrl Pts',(2.8,33.9656178354287,8.82228507809632));
#9200=CARTESIAN_POINT('',(3.3,34.223866737752,8.88929946441085));
#9201=CARTESIAN_POINT('Ctrl Pts',(3.3,34.223866737752,8.88929946441085));
#9202=CARTESIAN_POINT('Ctrl Pts',(3.3,34.0744833184853,8.8901907466742));
#9203=CARTESIAN_POINT('Ctrl Pts',(3.3,33.9656178354287,8.82228507809632));
#9204=CARTESIAN_POINT('',(2.8,34.223866737752,8.88929946441085));
#9205=CARTESIAN_POINT('',(3.3,34.223866737752,8.88929946441085));
#9206=CARTESIAN_POINT('Ctrl Pts',(2.8,34.223866737752,8.88929946441085));
#9207=CARTESIAN_POINT('Ctrl Pts',(2.8,34.0744833184853,8.8901907466742));
#9208=CARTESIAN_POINT('Ctrl Pts',(2.8,33.9656178354287,8.82228507809632));
#9209=CARTESIAN_POINT('Ctrl Pts',(3.3,34.5402937311956,8.7605333369836));
#9210=CARTESIAN_POINT('Ctrl Pts',(2.8,34.5402937311956,8.7605333369836));
#9211=CARTESIAN_POINT('Ctrl Pts',(3.3,34.4264552216827,8.8880907390826));
#9212=CARTESIAN_POINT('Ctrl Pts',(2.8,34.4264552216827,8.8880907390826));
#9213=CARTESIAN_POINT('Ctrl Pts',(3.3,34.223866737752,8.88929946441085));
#9214=CARTESIAN_POINT('Ctrl Pts',(2.8,34.223866737752,8.88929946441085));
#9215=CARTESIAN_POINT('',(3.3,34.5402937311956,8.7605333369836));
#9216=CARTESIAN_POINT('Ctrl Pts',(3.3,34.5402937311956,8.7605333369836));
#9217=CARTESIAN_POINT('Ctrl Pts',(3.3,34.4264552216827,8.8880907390826));
#9218=CARTESIAN_POINT('Ctrl Pts',(3.3,34.223866737752,8.88929946441085));
#9219=CARTESIAN_POINT('',(2.8,34.5402937311956,8.7605333369836));
#9220=CARTESIAN_POINT('',(3.3,34.5402937311956,8.7605333369836));
#9221=CARTESIAN_POINT('Ctrl Pts',(2.8,34.5402937311956,8.7605333369836));
#9222=CARTESIAN_POINT('Ctrl Pts',(2.8,34.4264552216827,8.8880907390826));
#9223=CARTESIAN_POINT('Ctrl Pts',(2.8,34.223866737752,8.88929946441085));
#9224=CARTESIAN_POINT('Ctrl Pts',(3.3,34.6664055264541,8.28910414985167));
#9225=CARTESIAN_POINT('Ctrl Pts',(2.8,34.6664055264541,8.28910414985167));
#9226=CARTESIAN_POINT('Ctrl Pts',(3.3,34.6541322797388,8.63297623268025));
#9227=CARTESIAN_POINT('Ctrl Pts',(2.8,34.6541322797388,8.63297623268025));
#9228=CARTESIAN_POINT('Ctrl Pts',(3.3,34.5402937311956,8.7605333369836));
#9229=CARTESIAN_POINT('Ctrl Pts',(2.8,34.5402937311956,8.7605333369836));
#9230=CARTESIAN_POINT('',(3.3,34.6664055264541,8.28910414985167));
#9231=CARTESIAN_POINT('Ctrl Pts',(3.3,34.6664055264541,8.28910414985167));
#9232=CARTESIAN_POINT('Ctrl Pts',(3.3,34.6541322797388,8.63297623268025));
#9233=CARTESIAN_POINT('Ctrl Pts',(3.3,34.5402937311956,8.7605333369836));
#9234=CARTESIAN_POINT('',(2.8,34.6664055264541,8.28910414985167));
#9235=CARTESIAN_POINT('',(3.3,34.6664055264541,8.28910414985167));
#9236=CARTESIAN_POINT('Ctrl Pts',(2.8,34.6664055264541,8.28910414985167));
#9237=CARTESIAN_POINT('Ctrl Pts',(2.8,34.6541322797388,8.63297623268025));
#9238=CARTESIAN_POINT('Ctrl Pts',(2.8,34.5402937311956,8.7605333369836));
#9239=CARTESIAN_POINT('Origin',(3.3,35.0248095026381,8.33607997328139));
#9240=CARTESIAN_POINT('',(3.3,35.0248095026381,8.33607997328139));
#9241=CARTESIAN_POINT('',(3.3,15.7520482895998,5.81000914843634));
#9242=CARTESIAN_POINT('',(2.8,35.0248095026381,8.33607997328139));
#9243=CARTESIAN_POINT('',(3.3,35.0248095026381,8.33607997328139));
#9244=CARTESIAN_POINT('',(2.8,35.0248095026381,8.33607997328139));
#9245=CARTESIAN_POINT('Ctrl Pts',(3.3,34.8272732821737,9.01257749067156));
#9246=CARTESIAN_POINT('Ctrl Pts',(2.8,34.8272732821737,9.01257749067156));
#9247=CARTESIAN_POINT('Ctrl Pts',(3.3,35.0356687459684,8.78418124466059));
#9248=CARTESIAN_POINT('Ctrl Pts',(2.8,35.0356687459684,8.78418124466059));
#9249=CARTESIAN_POINT('Ctrl Pts',(3.3,35.0248095026381,8.33607997328139));
#9250=CARTESIAN_POINT('Ctrl Pts',(2.8,35.0248095026381,8.33607997328139));
#9251=CARTESIAN_POINT('Ctrl Pts',(3.3,34.8272732821737,9.01257749067156));
#9252=CARTESIAN_POINT('Ctrl Pts',(3.3,35.0356687459684,8.78418124466059));
#9253=CARTESIAN_POINT('Ctrl Pts',(3.3,35.0248095026381,8.33607997328139));
#9254=CARTESIAN_POINT('Ctrl Pts',(2.8,34.8272732821737,9.01257749067156));
#9255=CARTESIAN_POINT('Ctrl Pts',(2.8,35.0356687459684,8.78418124466059));
#9256=CARTESIAN_POINT('Ctrl Pts',(2.8,35.0248095026381,8.33607997328139));
#9257=CARTESIAN_POINT('Origin',(2.8,31.0252645513461,7.7071932499192));
#9258=CARTESIAN_POINT('Origin',(3.3,28.2222907999451,7.95714998818827));
#9259=CARTESIAN_POINT('',(3.3,28.2222907999451,7.95714998818827));
#9260=CARTESIAN_POINT('',(3.3,28.2298728047213,9.22793237098561));
#9261=CARTESIAN_POINT('',(3.3,28.2027657577911,4.68465408178491));
#9262=CARTESIAN_POINT('',(2.8,28.2222907999451,7.95714998818827));
#9263=CARTESIAN_POINT('',(3.3,28.2222907999451,7.95714998818827));
#9264=CARTESIAN_POINT('',(2.8,28.2298728047213,9.22793237098561));
#9265=CARTESIAN_POINT('',(2.8,28.2222907999451,7.95714998818827));
#9266=CARTESIAN_POINT('',(3.3,28.2298728047213,9.22793237098561));
#9267=CARTESIAN_POINT('Origin',(3.3,27.0148603567237,6.23512811388494));
#9268=CARTESIAN_POINT('',(3.3,27.0148603567237,6.23512811388494));
#9269=CARTESIAN_POINT('',(3.3,20.9296100077976,-2.44357820024917));
#9270=CARTESIAN_POINT('',(2.8,27.0148603567237,6.23512811388494));
#9271=CARTESIAN_POINT('',(3.3,27.0148603567237,6.23512811388494));
#9272=CARTESIAN_POINT('',(2.8,27.0148603567237,6.23512811388494));
#9273=CARTESIAN_POINT('Origin',(3.3,27.4773346968155,6.23236880379146));
#9274=CARTESIAN_POINT('',(3.3,27.4773346968155,6.23236880379146));
#9275=CARTESIAN_POINT('',(3.3,12.1030339415351,6.32409813788981));
#9276=CARTESIAN_POINT('',(2.8,27.4773346968155,6.23236880379146));
#9277=CARTESIAN_POINT('',(3.3,27.4773346968155,6.23236880379146));
#9278=CARTESIAN_POINT('',(2.8,27.4773346968155,6.23236880379146));
#9279=CARTESIAN_POINT('Origin',(3.3,28.0637598820265,7.11087748440682));
#9280=CARTESIAN_POINT('',(3.3,28.0637598820265,7.11087748440682));
#9281=CARTESIAN_POINT('',(3.3,21.9576121060815,-2.03658746350017));
#9282=CARTESIAN_POINT('',(2.8,28.0637598820265,7.11087748440682));
#9283=CARTESIAN_POINT('',(3.3,28.0637598820265,7.11087748440682));
#9284=CARTESIAN_POINT('',(2.8,28.0637598820265,7.11087748440682));
#9285=CARTESIAN_POINT('Ctrl Pts',(3.3,28.3943377025309,7.63892829631411));
#9286=CARTESIAN_POINT('Ctrl Pts',(2.8,28.3943377025309,7.63892829631411));
#9287=CARTESIAN_POINT('Ctrl Pts',(3.3,28.2578748861724,7.40440396356556));
#9288=CARTESIAN_POINT('Ctrl Pts',(2.8,28.2578748861724,7.40440396356556));
#9289=CARTESIAN_POINT('Ctrl Pts',(3.3,28.0637598820265,7.11087748440682));
#9290=CARTESIAN_POINT('Ctrl Pts',(2.8,28.0637598820265,7.11087748440682));
#9291=CARTESIAN_POINT('',(3.3,28.3943377025309,7.63892829631411));
#9292=CARTESIAN_POINT('Ctrl Pts',(3.3,28.3943377025309,7.63892829631411));
#9293=CARTESIAN_POINT('Ctrl Pts',(3.3,28.2578748861724,7.40440396356556));
#9294=CARTESIAN_POINT('Ctrl Pts',(3.3,28.0637598820265,7.11087748440682));
#9295=CARTESIAN_POINT('',(2.8,28.3943377025309,7.63892829631411));
#9296=CARTESIAN_POINT('',(3.3,28.3943377025309,7.63892829631411));
#9297=CARTESIAN_POINT('Ctrl Pts',(2.8,28.3943377025309,7.63892829631411));
#9298=CARTESIAN_POINT('Ctrl Pts',(2.8,28.2578748861724,7.40440396356556));
#9299=CARTESIAN_POINT('Ctrl Pts',(2.8,28.0637598820265,7.11087748440682));
#9300=CARTESIAN_POINT('Ctrl Pts',(3.3,28.6962160900322,7.12961468412695));
#9301=CARTESIAN_POINT('Ctrl Pts',(2.8,28.6962160900322,7.12961468412695));
#9302=CARTESIAN_POINT('Ctrl Pts',(3.3,28.5340222495516,7.38433864002243));
#9303=CARTESIAN_POINT('Ctrl Pts',(2.8,28.5340222495516,7.38433864002243));
#9304=CARTESIAN_POINT('Ctrl Pts',(3.3,28.3943377025309,7.63892829631411));
#9305=CARTESIAN_POINT('Ctrl Pts',(2.8,28.3943377025309,7.63892829631411));
#9306=CARTESIAN_POINT('',(3.3,28.6962160900322,7.12961468412695));
#9307=CARTESIAN_POINT('Ctrl Pts',(3.3,28.6962160900322,7.12961468412695));
#9308=CARTESIAN_POINT('Ctrl Pts',(3.3,28.5340222495516,7.38433864002243));
#9309=CARTESIAN_POINT('Ctrl Pts',(3.3,28.3943377025309,7.63892829631411));
#9310=CARTESIAN_POINT('',(2.8,28.6962160900322,7.12961468412695));
#9311=CARTESIAN_POINT('',(3.3,28.6962160900322,7.12961468412695));
#9312=CARTESIAN_POINT('Ctrl Pts',(2.8,28.6962160900322,7.12961468412695));
#9313=CARTESIAN_POINT('Ctrl Pts',(2.8,28.5340222495516,7.38433864002243));
#9314=CARTESIAN_POINT('Ctrl Pts',(2.8,28.3943377025309,7.63892829631411));
#9315=CARTESIAN_POINT('Origin',(3.3,29.2822140662983,6.22160015906896));
#9316=CARTESIAN_POINT('',(3.3,29.2822140662983,6.22160015906896));
#9317=CARTESIAN_POINT('',(3.3,25.5449440000878,12.0125681173653));
#9318=CARTESIAN_POINT('',(2.8,29.2822140662983,6.22160015906896));
#9319=CARTESIAN_POINT('',(3.3,29.2822140662983,6.22160015906896));
#9320=CARTESIAN_POINT('',(2.8,29.2822140662983,6.22160015906896));
#9321=CARTESIAN_POINT('Origin',(3.3,29.7651521048506,6.21871875422381));
#9322=CARTESIAN_POINT('',(3.3,29.7651521048506,6.21871875422381));
#9323=CARTESIAN_POINT('',(3.3,13.2469426455527,6.31727311310598));
#9324=CARTESIAN_POINT('',(2.8,29.7651521048506,6.21871875422381));
#9325=CARTESIAN_POINT('',(3.3,29.7651521048506,6.21871875422381));
#9326=CARTESIAN_POINT('',(2.8,29.7651521048506,6.21871875422381));
#9327=CARTESIAN_POINT('Origin',(3.3,28.6192822586206,7.95478137561026));
#9328=CARTESIAN_POINT('',(3.3,28.6192822586206,7.95478137561026));
#9329=CARTESIAN_POINT('',(3.3,25.2370924622538,13.0790049540781));
#9330=CARTESIAN_POINT('',(2.8,28.6192822586206,7.95478137561026));
#9331=CARTESIAN_POINT('',(3.3,28.6192822586206,7.95478137561026));
#9332=CARTESIAN_POINT('',(2.8,28.6192822586206,7.95478137561026));
#9333=CARTESIAN_POINT('Origin',(3.3,28.6268642633968,9.2255637584076));
#9334=CARTESIAN_POINT('',(3.3,28.6268642633968,9.2255637584076));
#9335=CARTESIAN_POINT('',(3.3,28.6035482188548,5.31767666060557));
#9336=CARTESIAN_POINT('',(2.8,28.6268642633968,9.2255637584076));
#9337=CARTESIAN_POINT('',(3.3,28.6268642633968,9.2255637584076));
#9338=CARTESIAN_POINT('',(2.8,28.6268642633968,9.2255637584076));
#9339=CARTESIAN_POINT('Origin',(3.3,28.2298728047213,9.22793237098561));
#9340=CARTESIAN_POINT('',(3.3,12.4882524469027,9.32185328329482));
#9341=CARTESIAN_POINT('',(2.8,28.2298728047213,9.22793237098561));
#9342=CARTESIAN_POINT('Origin',(2.8,31.0252645513461,7.7071932499192));
#9343=CARTESIAN_POINT('Ctrl Pts',(3.3,31.3978136406956,6.4975228917469));
#9344=CARTESIAN_POINT('Ctrl Pts',(2.8,31.3978136406956,6.4975228917469));
#9345=CARTESIAN_POINT('Ctrl Pts',(3.3,31.8193614779201,6.49500776582249));
#9346=CARTESIAN_POINT('Ctrl Pts',(2.8,31.8193614779201,6.49500776582249));
#9347=CARTESIAN_POINT('Ctrl Pts',(3.3,32.1249717151926,6.78275306133547));
#9348=CARTESIAN_POINT('Ctrl Pts',(2.8,32.1249717151926,6.78275306133547));
#9349=CARTESIAN_POINT('',(3.3,31.3978136406956,6.4975228917469));
#9350=CARTESIAN_POINT('',(3.3,32.1249717151926,6.78275306133547));
#9351=CARTESIAN_POINT('Ctrl Pts',(3.3,31.3978136406956,6.4975228917469));
#9352=CARTESIAN_POINT('Ctrl Pts',(3.3,31.8193614779201,6.49500776582249));
#9353=CARTESIAN_POINT('Ctrl Pts',(3.3,32.1249717151926,6.78275306133547));
#9354=CARTESIAN_POINT('',(2.8,31.3978136406956,6.4975228917469));
#9355=CARTESIAN_POINT('',(3.3,31.3978136406956,6.4975228917469));
#9356=CARTESIAN_POINT('',(2.8,32.1249717151926,6.78275306133547));
#9357=CARTESIAN_POINT('Ctrl Pts',(2.8,31.3978136406956,6.4975228917469));
#9358=CARTESIAN_POINT('Ctrl Pts',(2.8,31.8193614779201,6.49500776582249));
#9359=CARTESIAN_POINT('Ctrl Pts',(2.8,32.1249717151926,6.78275306133547));
#9360=CARTESIAN_POINT('',(3.3,32.1249717151926,6.78275306133547));
#9361=CARTESIAN_POINT('Ctrl Pts',(3.3,30.8635909458489,6.65112229969054));
#9362=CARTESIAN_POINT('Ctrl Pts',(2.8,30.8635909458489,6.65112229969054));
#9363=CARTESIAN_POINT('Ctrl Pts',(3.3,31.1010932912155,6.4992932460872));
#9364=CARTESIAN_POINT('Ctrl Pts',(2.8,31.1010932912155,6.4992932460872));
#9365=CARTESIAN_POINT('Ctrl Pts',(3.3,31.3978136406956,6.4975228917469));
#9366=CARTESIAN_POINT('Ctrl Pts',(2.8,31.3978136406956,6.4975228917469));
#9367=CARTESIAN_POINT('',(3.3,30.8635909458489,6.65112229969054));
#9368=CARTESIAN_POINT('Ctrl Pts',(3.3,30.8635909458489,6.65112229969054));
#9369=CARTESIAN_POINT('Ctrl Pts',(3.3,31.1010932912155,6.4992932460872));
#9370=CARTESIAN_POINT('Ctrl Pts',(3.3,31.3978136406956,6.4975228917469));
#9371=CARTESIAN_POINT('',(2.8,30.8635909458489,6.65112229969054));
#9372=CARTESIAN_POINT('',(3.3,30.8635909458489,6.65112229969054));
#9373=CARTESIAN_POINT('Ctrl Pts',(2.8,30.8635909458489,6.65112229969054));
#9374=CARTESIAN_POINT('Ctrl Pts',(2.8,31.1010932912155,6.4992932460872));
#9375=CARTESIAN_POINT('Ctrl Pts',(2.8,31.3978136406956,6.4975228917469));
#9376=CARTESIAN_POINT('Ctrl Pts',(3.3,30.5039147521565,7.07687753059317));
#9377=CARTESIAN_POINT('Ctrl Pts',(2.8,30.5039147521565,7.07687753059317));
#9378=CARTESIAN_POINT('Ctrl Pts',(3.3,30.6260886004823,6.80295135329388));
#9379=CARTESIAN_POINT('Ctrl Pts',(2.8,30.6260886004823,6.80295135329388));
#9380=CARTESIAN_POINT('Ctrl Pts',(3.3,30.8635909458489,6.65112229969054));
#9381=CARTESIAN_POINT('Ctrl Pts',(2.8,30.8635909458489,6.65112229969054));
#9382=CARTESIAN_POINT('',(3.3,30.5039147521565,7.07687753059317));
#9383=CARTESIAN_POINT('Ctrl Pts',(3.3,30.5039147521565,7.07687753059317));
#9384=CARTESIAN_POINT('Ctrl Pts',(3.3,30.6260886004823,6.80295135329388));
#9385=CARTESIAN_POINT('Ctrl Pts',(3.3,30.8635909458489,6.65112229969054));
#9386=CARTESIAN_POINT('',(2.8,30.5039147521565,7.07687753059317));
#9387=CARTESIAN_POINT('',(3.3,30.5039147521565,7.07687753059317));
#9388=CARTESIAN_POINT('Ctrl Pts',(2.8,30.5039147521565,7.07687753059317));
#9389=CARTESIAN_POINT('Ctrl Pts',(2.8,30.6260886004823,6.80295135329388));
#9390=CARTESIAN_POINT('Ctrl Pts',(2.8,30.8635909458489,6.65112229969054));
#9391=CARTESIAN_POINT('Ctrl Pts',(3.3,30.3839257809125,7.7171000694603));
#9392=CARTESIAN_POINT('Ctrl Pts',(2.8,30.3839257809125,7.7171000694603));
#9393=CARTESIAN_POINT('Ctrl Pts',(3.3,30.3817403077949,7.35080371144866));
#9394=CARTESIAN_POINT('Ctrl Pts',(2.8,30.3817403077949,7.35080371144866));
#9395=CARTESIAN_POINT('Ctrl Pts',(3.3,30.5039147521565,7.07687753059317));
#9396=CARTESIAN_POINT('Ctrl Pts',(2.8,30.5039147521565,7.07687753059317));
#9397=CARTESIAN_POINT('',(3.3,30.3839257809125,7.7171000694603));
#9398=CARTESIAN_POINT('Ctrl Pts',(3.3,30.3839257809125,7.7171000694603));
#9399=CARTESIAN_POINT('Ctrl Pts',(3.3,30.3817403077949,7.35080371144866));
#9400=CARTESIAN_POINT('Ctrl Pts',(3.3,30.5039147521565,7.07687753059317));
#9401=CARTESIAN_POINT('',(2.8,30.3839257809125,7.7171000694603));
#9402=CARTESIAN_POINT('',(3.3,30.3839257809125,7.7171000694603));
#9403=CARTESIAN_POINT('Ctrl Pts',(2.8,30.3839257809125,7.7171000694603));
#9404=CARTESIAN_POINT('Ctrl Pts',(2.8,30.3817403077949,7.35080371144866));
#9405=CARTESIAN_POINT('Ctrl Pts',(2.8,30.5039147521565,7.07687753059317));
#9406=CARTESIAN_POINT('Ctrl Pts',(3.3,30.6788196480339,8.60962662188263));
#9407=CARTESIAN_POINT('Ctrl Pts',(2.8,30.6788196480339,8.60962662188263));
#9408=CARTESIAN_POINT('Ctrl Pts',(3.3,30.3873810262897,8.29621668612846));
#9409=CARTESIAN_POINT('Ctrl Pts',(2.8,30.3873810262897,8.29621668612846));
#9410=CARTESIAN_POINT('Ctrl Pts',(3.3,30.3839257809125,7.7171000694603));
#9411=CARTESIAN_POINT('Ctrl Pts',(2.8,30.3839257809125,7.7171000694603));
#9412=CARTESIAN_POINT('',(3.3,30.6788196480339,8.60962662188263));
#9413=CARTESIAN_POINT('Ctrl Pts',(3.3,30.6788196480339,8.60962662188263));
#9414=CARTESIAN_POINT('Ctrl Pts',(3.3,30.3873810262897,8.29621668612846));
#9415=CARTESIAN_POINT('Ctrl Pts',(3.3,30.3839257809125,7.7171000694603));
#9416=CARTESIAN_POINT('',(2.8,30.6788196480339,8.60962662188263));
#9417=CARTESIAN_POINT('',(3.3,30.6788196480339,8.60962662188263));
#9418=CARTESIAN_POINT('Ctrl Pts',(2.8,30.6788196480339,8.60962662188263));
#9419=CARTESIAN_POINT('Ctrl Pts',(2.8,30.3873810262897,8.29621668612846));
#9420=CARTESIAN_POINT('Ctrl Pts',(2.8,30.3839257809125,7.7171000694603));
#9421=CARTESIAN_POINT('Ctrl Pts',(3.3,31.4184086783649,8.92036300797561));
#9422=CARTESIAN_POINT('Ctrl Pts',(2.8,31.4184086783649,8.92036300797561));
#9423=CARTESIAN_POINT('Ctrl Pts',(3.3,30.9702582715561,8.92303685565473));
#9424=CARTESIAN_POINT('Ctrl Pts',(2.8,30.9702582715561,8.92303685565473));
#9425=CARTESIAN_POINT('Ctrl Pts',(3.3,30.6788196480339,8.60962662188263));
#9426=CARTESIAN_POINT('Ctrl Pts',(2.8,30.6788196480339,8.60962662188263));
#9427=CARTESIAN_POINT('',(3.3,31.4184086783649,8.92036300797561));
#9428=CARTESIAN_POINT('Ctrl Pts',(3.3,31.4184086783649,8.92036300797561));
#9429=CARTESIAN_POINT('Ctrl Pts',(3.3,30.9702582715561,8.92303685565473));
#9430=CARTESIAN_POINT('Ctrl Pts',(3.3,30.6788196480339,8.60962662188263));
#9431=CARTESIAN_POINT('',(2.8,31.4184086783649,8.92036300797561));
#9432=CARTESIAN_POINT('',(3.3,31.4184086783649,8.92036300797561));
#9433=CARTESIAN_POINT('Ctrl Pts',(2.8,31.4184086783649,8.92036300797561));
#9434=CARTESIAN_POINT('Ctrl Pts',(2.8,30.9702582715561,8.92303685565473));
#9435=CARTESIAN_POINT('Ctrl Pts',(2.8,30.6788196480339,8.60962662188263));
#9436=CARTESIAN_POINT('Ctrl Pts',(3.3,32.1481160745595,8.60392989538825));
#9437=CARTESIAN_POINT('Ctrl Pts',(2.8,32.1481160745595,8.60392989538825));
#9438=CARTESIAN_POINT('Ctrl Pts',(3.3,31.8583734269788,8.91773799926403));
#9439=CARTESIAN_POINT('Ctrl Pts',(2.8,31.8583734269788,8.91773799926403));
#9440=CARTESIAN_POINT('Ctrl Pts',(3.3,31.4184086783649,8.92036300797561));
#9441=CARTESIAN_POINT('Ctrl Pts',(2.8,31.4184086783649,8.92036300797561));
#9442=CARTESIAN_POINT('',(3.3,32.1481160745595,8.60392989538825));
#9443=CARTESIAN_POINT('Ctrl Pts',(3.3,32.1481160745595,8.60392989538825));
#9444=CARTESIAN_POINT('Ctrl Pts',(3.3,31.8583734269788,8.91773799926403));
#9445=CARTESIAN_POINT('Ctrl Pts',(3.3,31.4184086783649,8.92036300797561));
#9446=CARTESIAN_POINT('',(2.8,32.1481160745595,8.60392989538825));
#9447=CARTESIAN_POINT('',(3.3,32.1481160745595,8.60392989538825));
#9448=CARTESIAN_POINT('Ctrl Pts',(2.8,32.1481160745595,8.60392989538825));
#9449=CARTESIAN_POINT('Ctrl Pts',(2.8,31.8583734269788,8.91773799926403));
#9450=CARTESIAN_POINT('Ctrl Pts',(2.8,31.4184086783649,8.92036300797561));
#9451=CARTESIAN_POINT('Ctrl Pts',(3.3,32.4346232458936,7.74783959365887));
#9452=CARTESIAN_POINT('Ctrl Pts',(2.8,32.4346232458936,7.74783959365887));
#9453=CARTESIAN_POINT('Ctrl Pts',(3.3,32.4378587239183,8.29012208953039));
#9454=CARTESIAN_POINT('Ctrl Pts',(2.8,32.4378587239183,8.29012208953039));
#9455=CARTESIAN_POINT('Ctrl Pts',(3.3,32.1481160745595,8.60392989538825));
#9456=CARTESIAN_POINT('Ctrl Pts',(2.8,32.1481160745595,8.60392989538825));
#9457=CARTESIAN_POINT('',(3.3,32.4346232458936,7.74783959365887));
#9458=CARTESIAN_POINT('Ctrl Pts',(3.3,32.4346232458936,7.74783959365887));
#9459=CARTESIAN_POINT('Ctrl Pts',(3.3,32.4378587239183,8.29012208953039));
#9460=CARTESIAN_POINT('Ctrl Pts',(3.3,32.1481160745595,8.60392989538825));
#9461=CARTESIAN_POINT('',(2.8,32.4346232458936,7.74783959365887));
#9462=CARTESIAN_POINT('',(3.3,32.4346232458936,7.74783959365887));
#9463=CARTESIAN_POINT('Ctrl Pts',(2.8,32.4346232458936,7.74783959365887));
#9464=CARTESIAN_POINT('Ctrl Pts',(2.8,32.4378587239183,8.29012208953039));
#9465=CARTESIAN_POINT('Ctrl Pts',(2.8,32.1481160745595,8.60392989538825));
#9466=CARTESIAN_POINT('Ctrl Pts',(3.3,32.1249717151926,6.78275306133547));
#9467=CARTESIAN_POINT('Ctrl Pts',(2.8,32.1249717151926,6.78275306133547));
#9468=CARTESIAN_POINT('Ctrl Pts',(3.3,32.4305819524651,7.07049835684845));
#9469=CARTESIAN_POINT('Ctrl Pts',(2.8,32.4305819524651,7.07049835684845));
#9470=CARTESIAN_POINT('Ctrl Pts',(3.3,32.4346232458936,7.74783959365887));
#9471=CARTESIAN_POINT('Ctrl Pts',(2.8,32.4346232458936,7.74783959365887));
#9472=CARTESIAN_POINT('Ctrl Pts',(3.3,32.1249717151926,6.78275306133547));
#9473=CARTESIAN_POINT('Ctrl Pts',(3.3,32.4305819524651,7.07049835684845));
#9474=CARTESIAN_POINT('Ctrl Pts',(3.3,32.4346232458936,7.74783959365887));
#9475=CARTESIAN_POINT('Ctrl Pts',(2.8,32.1249717151926,6.78275306133547));
#9476=CARTESIAN_POINT('Ctrl Pts',(2.8,32.4305819524651,7.07049835684845));
#9477=CARTESIAN_POINT('Ctrl Pts',(2.8,32.4346232458936,7.74783959365887));
#9478=CARTESIAN_POINT('Ctrl Pts',(3.3,32.1743168012698,9.05091650129735));
#9479=CARTESIAN_POINT('Ctrl Pts',(2.8,32.1743168012698,9.05091650129735));
#9480=CARTESIAN_POINT('Ctrl Pts',(3.3,32.5066506362723,8.84429177736494));
#9481=CARTESIAN_POINT('Ctrl Pts',(2.8,32.5066506362723,8.84429177736494));
#9482=CARTESIAN_POINT('Ctrl Pts',(3.3,32.6764317268122,8.48924772518653));
#9483=CARTESIAN_POINT('Ctrl Pts',(2.8,32.6764317268122,8.48924772518653));
#9484=CARTESIAN_POINT('',(3.3,32.1743168012698,9.05091650129735));
#9485=CARTESIAN_POINT('',(3.3,32.6764317268122,8.48924772518653));
#9486=CARTESIAN_POINT('Ctrl Pts',(3.3,32.1743168012698,9.05091650129735));
#9487=CARTESIAN_POINT('Ctrl Pts',(3.3,32.5066506362723,8.84429177736494));
#9488=CARTESIAN_POINT('Ctrl Pts',(3.3,32.6764317268122,8.48924772518653));
#9489=CARTESIAN_POINT('',(2.8,32.1743168012698,9.05091650129735));
#9490=CARTESIAN_POINT('',(3.3,32.1743168012698,9.05091650129735));
#9491=CARTESIAN_POINT('',(2.8,32.6764317268122,8.48924772518653));
#9492=CARTESIAN_POINT('Ctrl Pts',(2.8,32.1743168012698,9.05091650129735));
#9493=CARTESIAN_POINT('Ctrl Pts',(2.8,32.5066506362723,8.84429177736494));
#9494=CARTESIAN_POINT('Ctrl Pts',(2.8,32.6764317268122,8.48924772518653));
#9495=CARTESIAN_POINT('',(3.3,32.6764317268122,8.48924772518653));
#9496=CARTESIAN_POINT('Ctrl Pts',(3.3,31.4183889397856,9.2600688575804));
#9497=CARTESIAN_POINT('Ctrl Pts',(2.8,31.4183889397856,9.2600688575804));
#9498=CARTESIAN_POINT('Ctrl Pts',(3.3,31.8419829680454,9.25754152324768));
#9499=CARTESIAN_POINT('Ctrl Pts',(2.8,31.8419829680454,9.25754152324768));
#9500=CARTESIAN_POINT('Ctrl Pts',(3.3,32.1743168012698,9.05091650129735));
#9501=CARTESIAN_POINT('Ctrl Pts',(2.8,32.1743168012698,9.05091650129735));
#9502=CARTESIAN_POINT('',(3.3,31.4183889397856,9.2600688575804));
#9503=CARTESIAN_POINT('Ctrl Pts',(3.3,31.4183889397856,9.2600688575804));
#9504=CARTESIAN_POINT('Ctrl Pts',(3.3,31.8419829680454,9.25754152324768));
#9505=CARTESIAN_POINT('Ctrl Pts',(3.3,32.1743168012698,9.05091650129735));
#9506=CARTESIAN_POINT('',(2.8,31.4183889397856,9.2600688575804));
#9507=CARTESIAN_POINT('',(3.3,31.4183889397856,9.2600688575804));
#9508=CARTESIAN_POINT('Ctrl Pts',(2.8,31.4183889397856,9.2600688575804));
#9509=CARTESIAN_POINT('Ctrl Pts',(2.8,31.8419829680454,9.25754152324768));
#9510=CARTESIAN_POINT('Ctrl Pts',(2.8,32.1743168012698,9.05091650129735));
#9511=CARTESIAN_POINT('Ctrl Pts',(3.3,30.6887839575501,9.07922079166639));
#9512=CARTESIAN_POINT('Ctrl Pts',(2.8,30.6887839575501,9.07922079166639));
#9513=CARTESIAN_POINT('Ctrl Pts',(3.3,31.0275363522339,9.26240084315538));
#9514=CARTESIAN_POINT('Ctrl Pts',(2.8,31.0275363522339,9.26240084315538));
#9515=CARTESIAN_POINT('Ctrl Pts',(3.3,31.4183889397856,9.2600688575804));
#9516=CARTESIAN_POINT('Ctrl Pts',(2.8,31.4183889397856,9.2600688575804));
#9517=CARTESIAN_POINT('',(3.3,30.6887839575501,9.07922079166639));
#9518=CARTESIAN_POINT('Ctrl Pts',(3.3,30.6887839575501,9.07922079166639));
#9519=CARTESIAN_POINT('Ctrl Pts',(3.3,31.0275363522339,9.26240084315538));
#9520=CARTESIAN_POINT('Ctrl Pts',(3.3,31.4183889397856,9.2600688575804));
#9521=CARTESIAN_POINT('',(2.8,30.6887839575501,9.07922079166639));
#9522=CARTESIAN_POINT('',(3.3,30.6887839575501,9.07922079166639));
#9523=CARTESIAN_POINT('Ctrl Pts',(2.8,30.6887839575501,9.07922079166639));
#9524=CARTESIAN_POINT('Ctrl Pts',(2.8,31.0275363522339,9.26240084315538));
#9525=CARTESIAN_POINT('Ctrl Pts',(2.8,31.4183889397856,9.2600688575804));
#9526=CARTESIAN_POINT('Ctrl Pts',(3.3,30.1637112213819,8.53698254241299));
#9527=CARTESIAN_POINT('Ctrl Pts',(2.8,30.1637112213819,8.53698254241299));
#9528=CARTESIAN_POINT('Ctrl Pts',(3.3,30.3500315646444,8.89604103819531));
#9529=CARTESIAN_POINT('Ctrl Pts',(2.8,30.3500315646444,8.89604103819531));
#9530=CARTESIAN_POINT('Ctrl Pts',(3.3,30.6887839575501,9.07922079166639));
#9531=CARTESIAN_POINT('Ctrl Pts',(2.8,30.6887839575501,9.07922079166639));
#9532=CARTESIAN_POINT('',(3.3,30.1637112213819,8.53698254241299));
#9533=CARTESIAN_POINT('Ctrl Pts',(3.3,30.1637112213819,8.53698254241299));
#9534=CARTESIAN_POINT('Ctrl Pts',(3.3,30.3500315646444,8.89604103819531));
#9535=CARTESIAN_POINT('Ctrl Pts',(3.3,30.6887839575501,9.07922079166639));
#9536=CARTESIAN_POINT('',(2.8,30.1637112213819,8.53698254241299));
#9537=CARTESIAN_POINT('',(3.3,30.1637112213819,8.53698254241299));
#9538=CARTESIAN_POINT('Ctrl Pts',(2.8,30.1637112213819,8.53698254241299));
#9539=CARTESIAN_POINT('Ctrl Pts',(2.8,30.3500315646444,8.89604103819531));
#9540=CARTESIAN_POINT('Ctrl Pts',(2.8,30.6887839575501,9.07922079166639));
#9541=CARTESIAN_POINT('Ctrl Pts',(3.3,29.9746681932509,7.72158827964482));
#9542=CARTESIAN_POINT('Ctrl Pts',(2.8,29.9746681932509,7.72158827964482));
#9543=CARTESIAN_POINT('Ctrl Pts',(3.3,29.9773908781195,8.17792404663066));
#9544=CARTESIAN_POINT('Ctrl Pts',(2.8,29.9773908781195,8.17792404663066));
#9545=CARTESIAN_POINT('Ctrl Pts',(3.3,30.1637112213819,8.53698254241299));
#9546=CARTESIAN_POINT('Ctrl Pts',(2.8,30.1637112213819,8.53698254241299));
#9547=CARTESIAN_POINT('',(3.3,29.9746681932509,7.72158827964482));
#9548=CARTESIAN_POINT('Ctrl Pts',(3.3,29.9746681932509,7.72158827964482));
#9549=CARTESIAN_POINT('Ctrl Pts',(3.3,29.9773908781195,8.17792404663066));
#9550=CARTESIAN_POINT('Ctrl Pts',(3.3,30.1637112213819,8.53698254241299));
#9551=CARTESIAN_POINT('',(2.8,29.9746681932509,7.72158827964482));
#9552=CARTESIAN_POINT('',(3.3,29.9746681932509,7.72158827964482));
#9553=CARTESIAN_POINT('Ctrl Pts',(2.8,29.9746681932509,7.72158827964482));
#9554=CARTESIAN_POINT('Ctrl Pts',(2.8,29.9773908781195,8.17792404663066));
#9555=CARTESIAN_POINT('Ctrl Pts',(2.8,30.1637112213819,8.53698254241299));
#9556=CARTESIAN_POINT('Ctrl Pts',(3.3,30.1448268579681,6.915306367834));
#9557=CARTESIAN_POINT('Ctrl Pts',(2.8,30.1448268579681,6.915306367834));
#9558=CARTESIAN_POINT('Ctrl Pts',(3.3,29.9719821371635,7.27139168180071));
#9559=CARTESIAN_POINT('Ctrl Pts',(2.8,29.9719821371635,7.27139168180071));
#9560=CARTESIAN_POINT('Ctrl Pts',(3.3,29.9746681932509,7.72158827964482));
#9561=CARTESIAN_POINT('Ctrl Pts',(2.8,29.9746681932509,7.72158827964482));
#9562=CARTESIAN_POINT('',(3.3,30.1448268579681,6.915306367834));
#9563=CARTESIAN_POINT('Ctrl Pts',(3.3,30.1448268579681,6.915306367834));
#9564=CARTESIAN_POINT('Ctrl Pts',(3.3,29.9719821371635,7.27139168180071));
#9565=CARTESIAN_POINT('Ctrl Pts',(3.3,29.9746681932509,7.72158827964482));
#9566=CARTESIAN_POINT('',(2.8,30.1448268579681,6.915306367834));
#9567=CARTESIAN_POINT('',(3.3,30.1448268579681,6.915306367834));
#9568=CARTESIAN_POINT('Ctrl Pts',(2.8,30.1448268579681,6.915306367834));
#9569=CARTESIAN_POINT('Ctrl Pts',(2.8,29.9719821371635,7.27139168180071));
#9570=CARTESIAN_POINT('Ctrl Pts',(2.8,29.9746681932509,7.72158827964482));
#9571=CARTESIAN_POINT('Ctrl Pts',(3.3,30.6500420390002,6.35873490304078));
#9572=CARTESIAN_POINT('Ctrl Pts',(2.8,30.6500420390002,6.35873490304078));
#9573=CARTESIAN_POINT('Ctrl Pts',(3.3,30.3176712807548,6.5592210556454));
#9574=CARTESIAN_POINT('Ctrl Pts',(2.8,30.3176712807548,6.5592210556454));
#9575=CARTESIAN_POINT('Ctrl Pts',(3.3,30.1448268579681,6.915306367834));
#9576=CARTESIAN_POINT('Ctrl Pts',(2.8,30.1448268579681,6.915306367834));
#9577=CARTESIAN_POINT('',(3.3,30.6500420390002,6.35873490304078));
#9578=CARTESIAN_POINT('Ctrl Pts',(3.3,30.6500420390002,6.35873490304078));
#9579=CARTESIAN_POINT('Ctrl Pts',(3.3,30.3176712807548,6.5592210556454));
#9580=CARTESIAN_POINT('Ctrl Pts',(3.3,30.1448268579681,6.915306367834));
#9581=CARTESIAN_POINT('',(2.8,30.6500420390002,6.35873490304078));
#9582=CARTESIAN_POINT('',(3.3,30.6500420390002,6.35873490304078));
#9583=CARTESIAN_POINT('Ctrl Pts',(2.8,30.6500420390002,6.35873490304078));
#9584=CARTESIAN_POINT('Ctrl Pts',(2.8,30.3176712807548,6.5592210556454));
#9585=CARTESIAN_POINT('Ctrl Pts',(2.8,30.1448268579681,6.915306367834));
#9586=CARTESIAN_POINT('Ctrl Pts',(3.3,31.3978208710706,6.15577055486699));
#9587=CARTESIAN_POINT('Ctrl Pts',(2.8,31.3978208710706,6.15577055486699));
#9588=CARTESIAN_POINT('Ctrl Pts',(3.3,30.9824125010057,6.15824905023218));
#9589=CARTESIAN_POINT('Ctrl Pts',(2.8,30.9824125010057,6.15824905023218));
#9590=CARTESIAN_POINT('Ctrl Pts',(3.3,30.6500420390002,6.35873490304078));
#9591=CARTESIAN_POINT('Ctrl Pts',(2.8,30.6500420390002,6.35873490304078));
#9592=CARTESIAN_POINT('',(3.3,31.3978208710706,6.15577055486699));
#9593=CARTESIAN_POINT('Ctrl Pts',(3.3,31.3978208710706,6.15577055486699));
#9594=CARTESIAN_POINT('Ctrl Pts',(3.3,30.9824125010057,6.15824905023218));
#9595=CARTESIAN_POINT('Ctrl Pts',(3.3,30.6500420390002,6.35873490304078));
#9596=CARTESIAN_POINT('',(2.8,31.3978208710706,6.15577055486699));
#9597=CARTESIAN_POINT('',(3.3,31.3978208710706,6.15577055486699));
#9598=CARTESIAN_POINT('Ctrl Pts',(2.8,31.3978208710706,6.15577055486699));
#9599=CARTESIAN_POINT('Ctrl Pts',(2.8,30.9824125010057,6.15824905023218));
#9600=CARTESIAN_POINT('Ctrl Pts',(2.8,30.6500420390002,6.35873490304078));
#9601=CARTESIAN_POINT('Ctrl Pts',(3.3,32.4357946338621,6.57216355647436));
#9602=CARTESIAN_POINT('Ctrl Pts',(2.8,32.4357946338621,6.57216355647436));
#9603=CARTESIAN_POINT('Ctrl Pts',(3.3,32.0321889669516,6.15198565668303));
#9604=CARTESIAN_POINT('Ctrl Pts',(2.8,32.0321889669516,6.15198565668303));
#9605=CARTESIAN_POINT('Ctrl Pts',(3.3,31.3978208710706,6.15577055486699));
#9606=CARTESIAN_POINT('Ctrl Pts',(2.8,31.3978208710706,6.15577055486699));
#9607=CARTESIAN_POINT('',(3.3,32.4357946338621,6.57216355647436));
#9608=CARTESIAN_POINT('Ctrl Pts',(3.3,32.4357946338621,6.57216355647436));
#9609=CARTESIAN_POINT('Ctrl Pts',(3.3,32.0321889669516,6.15198565668303));
#9610=CARTESIAN_POINT('Ctrl Pts',(3.3,31.3978208710706,6.15577055486699));
#9611=CARTESIAN_POINT('',(2.8,32.4357946338621,6.57216355647436));
#9612=CARTESIAN_POINT('',(3.3,32.4357946338621,6.57216355647436));
#9613=CARTESIAN_POINT('Ctrl Pts',(2.8,32.4357946338621,6.57216355647436));
#9614=CARTESIAN_POINT('Ctrl Pts',(2.8,32.0321889669516,6.15198565668303));
#9615=CARTESIAN_POINT('Ctrl Pts',(2.8,31.3978208710706,6.15577055486699));
#9616=CARTESIAN_POINT('Ctrl Pts',(3.3,32.8438564149605,7.73925870338584));
#9617=CARTESIAN_POINT('Ctrl Pts',(2.8,32.8438564149605,7.73925870338584));
#9618=CARTESIAN_POINT('Ctrl Pts',(3.3,32.8394000036437,6.99234160705275));
#9619=CARTESIAN_POINT('Ctrl Pts',(2.8,32.8394000036437,6.99234160705275));
#9620=CARTESIAN_POINT('Ctrl Pts',(3.3,32.4357946338621,6.57216355647436));
#9621=CARTESIAN_POINT('Ctrl Pts',(2.8,32.4357946338621,6.57216355647436));
#9622=CARTESIAN_POINT('',(3.3,32.8438564149605,7.73925870338584));
#9623=CARTESIAN_POINT('Ctrl Pts',(3.3,32.8438564149605,7.73925870338584));
#9624=CARTESIAN_POINT('Ctrl Pts',(3.3,32.8394000036437,6.99234160705275));
#9625=CARTESIAN_POINT('Ctrl Pts',(3.3,32.4357946338621,6.57216355647436));
#9626=CARTESIAN_POINT('',(2.8,32.8438564149605,7.73925870338584));
#9627=CARTESIAN_POINT('',(3.3,32.8438564149605,7.73925870338584));
#9628=CARTESIAN_POINT('Ctrl Pts',(2.8,32.8438564149605,7.73925870338584));
#9629=CARTESIAN_POINT('Ctrl Pts',(2.8,32.8394000036437,6.99234160705275));
#9630=CARTESIAN_POINT('Ctrl Pts',(2.8,32.4357946338621,6.57216355647436));
#9631=CARTESIAN_POINT('Ctrl Pts',(3.3,32.6764317268122,8.48924772518653));
#9632=CARTESIAN_POINT('Ctrl Pts',(2.8,32.6764317268122,8.48924772518653));
#9633=CARTESIAN_POINT('Ctrl Pts',(3.3,32.8462128191302,8.13420397102605));
#9634=CARTESIAN_POINT('Ctrl Pts',(2.8,32.8462128191302,8.13420397102605));
#9635=CARTESIAN_POINT('Ctrl Pts',(3.3,32.8438564149605,7.73925870338584));
#9636=CARTESIAN_POINT('Ctrl Pts',(2.8,32.8438564149605,7.73925870338584));
#9637=CARTESIAN_POINT('Ctrl Pts',(3.3,32.6764317268122,8.48924772518653));
#9638=CARTESIAN_POINT('Ctrl Pts',(3.3,32.8462128191302,8.13420397102605));
#9639=CARTESIAN_POINT('Ctrl Pts',(3.3,32.8438564149605,7.73925870338584));
#9640=CARTESIAN_POINT('Ctrl Pts',(2.8,32.6764317268122,8.48924772518653));
#9641=CARTESIAN_POINT('Ctrl Pts',(2.8,32.8462128191302,8.13420397102605));
#9642=CARTESIAN_POINT('Ctrl Pts',(2.8,32.8438564149605,7.73925870338584));
#9643=CARTESIAN_POINT('Origin',(2.8,31.0252645513461,7.7071932499192));
#9644=CARTESIAN_POINT('Origin',(3.3,19.5057312969857,6.96481829946228));
#9645=CARTESIAN_POINT('',(3.3,19.5057312969857,6.96481829946228));
#9646=CARTESIAN_POINT('',(3.3,20.1542438373763,9.2472302722483));
#9647=CARTESIAN_POINT('',(3.3,17.9486873448273,1.48486912774762));
#9648=CARTESIAN_POINT('',(2.8,19.5057312969857,6.96481829946228));
#9649=CARTESIAN_POINT('',(3.3,19.5057312969857,6.96481829946228));
#9650=CARTESIAN_POINT('',(2.8,20.1542438373763,9.2472302722483));
#9651=CARTESIAN_POINT('',(2.8,19.5057312969857,6.96481829946228));
#9652=CARTESIAN_POINT('',(3.3,20.1542438373763,9.2472302722483));
#9653=CARTESIAN_POINT('Ctrl Pts',(3.3,19.4158756284209,6.61331077406817));
#9654=CARTESIAN_POINT('Ctrl Pts',(2.8,19.4158756284209,6.61331077406817));
#9655=CARTESIAN_POINT('Ctrl Pts',(3.3,19.4640354915699,6.8197435848779));
#9656=CARTESIAN_POINT('Ctrl Pts',(2.8,19.4640354915699,6.8197435848779));
#9657=CARTESIAN_POINT('Ctrl Pts',(3.3,19.5057312969857,6.96481829946228));
#9658=CARTESIAN_POINT('Ctrl Pts',(2.8,19.5057312969857,6.96481829946228));
#9659=CARTESIAN_POINT('',(3.3,19.4158756284209,6.61331077406817));
#9660=CARTESIAN_POINT('Ctrl Pts',(3.3,19.4158756284209,6.61331077406817));
#9661=CARTESIAN_POINT('Ctrl Pts',(3.3,19.4640354915699,6.8197435848779));
#9662=CARTESIAN_POINT('Ctrl Pts',(3.3,19.5057312969857,6.96481829946228));
#9663=CARTESIAN_POINT('',(2.8,19.4158756284209,6.61331077406817));
#9664=CARTESIAN_POINT('',(3.3,19.4158756284209,6.61331077406817));
#9665=CARTESIAN_POINT('Ctrl Pts',(2.8,19.4158756284209,6.61331077406817));
#9666=CARTESIAN_POINT('Ctrl Pts',(2.8,19.4640354915699,6.8197435848779));
#9667=CARTESIAN_POINT('Ctrl Pts',(2.8,19.5057312969857,6.96481829946228));
#9668=CARTESIAN_POINT('Ctrl Pts',(3.3,19.3236055963932,6.96578206805828));
#9669=CARTESIAN_POINT('Ctrl Pts',(2.8,19.3236055963932,6.96578206805828));
#9670=CARTESIAN_POINT('Ctrl Pts',(3.3,19.4018975684052,6.67887000467361));
#9671=CARTESIAN_POINT('Ctrl Pts',(2.8,19.4018975684052,6.67887000467361));
#9672=CARTESIAN_POINT('Ctrl Pts',(3.3,19.4158756284209,6.61331077406817));
#9673=CARTESIAN_POINT('Ctrl Pts',(2.8,19.4158756284209,6.61331077406817));
#9674=CARTESIAN_POINT('',(3.3,19.3236055963932,6.96578206805827));
#9675=CARTESIAN_POINT('Ctrl Pts',(3.3,19.3236055963932,6.96578206805828));
#9676=CARTESIAN_POINT('Ctrl Pts',(3.3,19.4018975684052,6.67887000467361));
#9677=CARTESIAN_POINT('Ctrl Pts',(3.3,19.4158756284209,6.61331077406817));
#9678=CARTESIAN_POINT('',(2.8,19.3236055963932,6.96578206805827));
#9679=CARTESIAN_POINT('',(3.3,19.3236055963932,6.96578206805827));
#9680=CARTESIAN_POINT('Ctrl Pts',(2.8,19.3236055963932,6.96578206805828));
#9681=CARTESIAN_POINT('Ctrl Pts',(2.8,19.4018975684052,6.67887000467361));
#9682=CARTESIAN_POINT('Ctrl Pts',(2.8,19.4158756284209,6.61331077406817));
#9683=CARTESIAN_POINT('Origin',(3.3,18.7033774250911,9.25490793377876));
#9684=CARTESIAN_POINT('',(3.3,18.7033774250911,9.25490793377876));
#9685=CARTESIAN_POINT('',(3.3,18.9170713717395,8.46621054263368));
#9686=CARTESIAN_POINT('',(2.8,18.7033774250911,9.25490793377876));
#9687=CARTESIAN_POINT('',(3.3,18.7033774250911,9.25490793377876));
#9688=CARTESIAN_POINT('',(2.8,18.7033774250911,9.25490793377876));
#9689=CARTESIAN_POINT('Origin',(3.3,18.3207090425796,9.2569329295292));
#9690=CARTESIAN_POINT('',(3.3,18.3207090425796,9.2569329295292));
#9691=CARTESIAN_POINT('',(3.3,7.53091605766248,9.31403010802927));
#9692=CARTESIAN_POINT('',(2.8,18.3207090425796,9.2569329295292));
#9693=CARTESIAN_POINT('',(3.3,18.3207090425796,9.2569329295292));
#9694=CARTESIAN_POINT('',(2.8,18.3207090425796,9.2569329295292));
#9695=CARTESIAN_POINT('Origin',(3.3,17.4821988332966,6.26132801530759));
#9696=CARTESIAN_POINT('',(3.3,17.4821988332966,6.26132801530759));
#9697=CARTESIAN_POINT('',(3.3,16.1222127438734,1.40273360864848));
#9698=CARTESIAN_POINT('',(2.8,17.4821988332966,6.26132801530759));
#9699=CARTESIAN_POINT('',(3.3,17.4821988332966,6.26132801530759));
#9700=CARTESIAN_POINT('',(2.8,17.4821988332966,6.26132801530759));
#9701=CARTESIAN_POINT('Origin',(3.3,17.881237998329,6.25921638902651));
#9702=CARTESIAN_POINT('',(3.3,17.881237998329,6.25921638902651));
#9703=CARTESIAN_POINT('',(3.3,7.3032429808377,6.315192779911));
#9704=CARTESIAN_POINT('',(2.8,17.881237998329,6.25921638902651));
#9705=CARTESIAN_POINT('',(3.3,17.881237998329,6.25921638902651));
#9706=CARTESIAN_POINT('',(2.8,17.881237998329,6.25921638902651));
#9707=CARTESIAN_POINT('Origin',(3.3,18.3621002718859,8.18439314371525));
#9708=CARTESIAN_POINT('',(3.3,18.3621002718859,8.18439314371525));
#9709=CARTESIAN_POINT('',(3.3,16.9520345398253,2.53906407710751));
#9710=CARTESIAN_POINT('',(2.8,18.3621002718859,8.18439314371525));
#9711=CARTESIAN_POINT('',(3.3,18.3621002718859,8.18439314371525));
#9712=CARTESIAN_POINT('',(2.8,18.3621002718859,8.18439314371525));
#9713=CARTESIAN_POINT('Ctrl Pts',(3.3,18.514939112847,8.83639041880489));
#9714=CARTESIAN_POINT('Ctrl Pts',(2.8,18.514939112847,8.83639041880489));
#9715=CARTESIAN_POINT('Ctrl Pts',(3.3,18.4561361630343,8.55225023629502));
#9716=CARTESIAN_POINT('Ctrl Pts',(2.8,18.4561361630343,8.55225023629502));
#9717=CARTESIAN_POINT('Ctrl Pts',(3.3,18.3621002718859,8.18439314371525));
#9718=CARTESIAN_POINT('Ctrl Pts',(2.8,18.3621002718859,8.18439314371525));
#9719=CARTESIAN_POINT('',(3.3,18.514939112847,8.83639041880489));
#9720=CARTESIAN_POINT('Ctrl Pts',(3.3,18.514939112847,8.83639041880489));
#9721=CARTESIAN_POINT('Ctrl Pts',(3.3,18.4561361630343,8.55225023629502));
#9722=CARTESIAN_POINT('Ctrl Pts',(3.3,18.3621002718859,8.18439314371525));
#9723=CARTESIAN_POINT('',(2.8,18.514939112847,8.83639041880489));
#9724=CARTESIAN_POINT('',(3.3,18.514939112847,8.83639041880489));
#9725=CARTESIAN_POINT('Ctrl Pts',(2.8,18.514939112847,8.83639041880489));
#9726=CARTESIAN_POINT('Ctrl Pts',(2.8,18.4561361630343,8.55225023629502));
#9727=CARTESIAN_POINT('Ctrl Pts',(2.8,18.3621002718859,8.18439314371525));
#9728=CARTESIAN_POINT('Ctrl Pts',(3.3,18.7426034792843,7.77309709169326));
#9729=CARTESIAN_POINT('Ctrl Pts',(2.8,18.7426034792843,7.77309709169326));
#9730=CARTESIAN_POINT('Ctrl Pts',(3.3,18.5839300211893,8.33874665522995));
#9731=CARTESIAN_POINT('Ctrl Pts',(2.8,18.5839300211893,8.33874665522995));
#9732=CARTESIAN_POINT('Ctrl Pts',(3.3,18.514939112847,8.83639041880489));
#9733=CARTESIAN_POINT('Ctrl Pts',(2.8,18.514939112847,8.83639041880489));
#9734=CARTESIAN_POINT('',(3.3,18.7426034792843,7.77309709169326));
#9735=CARTESIAN_POINT('Ctrl Pts',(3.3,18.7426034792843,7.77309709169326));
#9736=CARTESIAN_POINT('Ctrl Pts',(3.3,18.5839300211893,8.33874665522995));
#9737=CARTESIAN_POINT('Ctrl Pts',(3.3,18.514939112847,8.83639041880489));
#9738=CARTESIAN_POINT('',(2.8,18.7426034792843,7.77309709169326));
#9739=CARTESIAN_POINT('',(3.3,18.7426034792843,7.77309709169326));
#9740=CARTESIAN_POINT('Ctrl Pts',(2.8,18.7426034792843,7.77309709169326));
#9741=CARTESIAN_POINT('Ctrl Pts',(2.8,18.5839300211893,8.33874665522995));
#9742=CARTESIAN_POINT('Ctrl Pts',(2.8,18.514939112847,8.83639041880489));
#9743=CARTESIAN_POINT('Origin',(3.3,19.1643029957179,6.25242669516626));
#9744=CARTESIAN_POINT('',(3.3,19.1643029957179,6.25242669516626));
#9745=CARTESIAN_POINT('',(3.3,18.9612335809039,6.98470557032191));
#9746=CARTESIAN_POINT('',(2.8,19.1643029957179,6.25242669516626));
#9747=CARTESIAN_POINT('',(3.3,19.1643029957179,6.25242669516626));
#9748=CARTESIAN_POINT('',(2.8,19.1643029957179,6.25242669516625));
#9749=CARTESIAN_POINT('Origin',(3.3,19.6431504705872,6.24989274110568));
#9750=CARTESIAN_POINT('',(3.3,19.6431504705872,6.24989274110568));
#9751=CARTESIAN_POINT('',(3.3,8.18419921696684,6.31053095595059));
#9752=CARTESIAN_POINT('',(2.8,19.6431504705872,6.24989274110568));
#9753=CARTESIAN_POINT('',(3.3,19.6431504705872,6.24989274110568));
#9754=CARTESIAN_POINT('',(2.8,19.6431504705872,6.24989274110568));
#9755=CARTESIAN_POINT('Origin',(3.3,20.2248046164893,8.27276416943801));
#9756=CARTESIAN_POINT('',(3.3,20.2248046164893,8.27276416943801));
#9757=CARTESIAN_POINT('',(3.3,18.4404907643061,2.06729389781921));
#9758=CARTESIAN_POINT('',(2.8,20.2248046164893,8.27276416943801));
#9759=CARTESIAN_POINT('',(3.3,20.2248046164893,8.27276416943801));
#9760=CARTESIAN_POINT('',(2.8,20.2248046164893,8.27276416943801));
#9761=CARTESIAN_POINT('Ctrl Pts',(3.3,20.362798491359,8.82661195902114));
#9762=CARTESIAN_POINT('Ctrl Pts',(2.8,20.362798491359,8.82661195902114));
#9763=CARTESIAN_POINT('Ctrl Pts',(3.3,20.2456579336053,8.34632470063776));
#9764=CARTESIAN_POINT('Ctrl Pts',(2.8,20.2456579336053,8.34632470063776));
#9765=CARTESIAN_POINT('Ctrl Pts',(3.3,20.2248046164893,8.27276416943801));
#9766=CARTESIAN_POINT('Ctrl Pts',(2.8,20.2248046164893,8.27276416943801));
#9767=CARTESIAN_POINT('',(3.3,20.362798491359,8.82661195902114));
#9768=CARTESIAN_POINT('Ctrl Pts',(3.3,20.362798491359,8.82661195902114));
#9769=CARTESIAN_POINT('Ctrl Pts',(3.3,20.2456579336053,8.34632470063776));
#9770=CARTESIAN_POINT('Ctrl Pts',(3.3,20.2248046164893,8.27276416943801));
#9771=CARTESIAN_POINT('',(2.8,20.362798491359,8.82661195902114));
#9772=CARTESIAN_POINT('',(3.3,20.362798491359,8.82661195902114));
#9773=CARTESIAN_POINT('Ctrl Pts',(2.8,20.362798491359,8.82661195902114));
#9774=CARTESIAN_POINT('Ctrl Pts',(2.8,20.2456579336053,8.34632470063776));
#9775=CARTESIAN_POINT('Ctrl Pts',(2.8,20.2248046164893,8.27276416943801));
#9776=CARTESIAN_POINT('Ctrl Pts',(3.3,20.4864239928415,8.21203354254982));
#9777=CARTESIAN_POINT('Ctrl Pts',(2.8,20.4864239928415,8.21203354254982));
#9778=CARTESIAN_POINT('Ctrl Pts',(3.3,20.414390331841,8.52142324268224));
#9779=CARTESIAN_POINT('Ctrl Pts',(2.8,20.414390331841,8.52142324268224));
#9780=CARTESIAN_POINT('Ctrl Pts',(3.3,20.362798491359,8.82661195902114));
#9781=CARTESIAN_POINT('Ctrl Pts',(2.8,20.362798491359,8.82661195902114));
#9782=CARTESIAN_POINT('',(3.3,20.4864239928415,8.21203354254982));
#9783=CARTESIAN_POINT('Ctrl Pts',(3.3,20.4864239928415,8.21203354254982));
#9784=CARTESIAN_POINT('Ctrl Pts',(3.3,20.414390331841,8.52142324268224));
#9785=CARTESIAN_POINT('Ctrl Pts',(3.3,20.362798491359,8.82661195902114));
#9786=CARTESIAN_POINT('',(2.8,20.4864239928415,8.21203354254982));
#9787=CARTESIAN_POINT('',(3.3,20.4864239928415,8.21203354254982));
#9788=CARTESIAN_POINT('Ctrl Pts',(2.8,20.4864239928415,8.21203354254982));
#9789=CARTESIAN_POINT('Ctrl Pts',(2.8,20.414390331841,8.52142324268224));
#9790=CARTESIAN_POINT('Ctrl Pts',(2.8,20.362798491359,8.82661195902114));
#9791=CARTESIAN_POINT('Origin',(3.3,20.9323549584501,6.24307055843086));
#9792=CARTESIAN_POINT('',(3.3,20.9323549584501,6.24307055843086));
#9793=CARTESIAN_POINT('',(3.3,20.8413275907843,6.64499267485333));
#9794=CARTESIAN_POINT('',(2.8,20.9323549584501,6.24307055843086));
#9795=CARTESIAN_POINT('',(3.3,20.9323549584501,6.24307055843086));
#9796=CARTESIAN_POINT('',(2.8,20.9323549584501,6.24307055843086));
#9797=CARTESIAN_POINT('Origin',(3.3,21.339579812762,6.24091561530741));
#9798=CARTESIAN_POINT('',(3.3,21.339579812762,6.24091561530741));
#9799=CARTESIAN_POINT('',(3.3,9.03241388805421,6.30604239305146));
#9800=CARTESIAN_POINT('',(2.8,21.339579812762,6.24091561530741));
#9801=CARTESIAN_POINT('',(3.3,21.339579812762,6.24091561530741));
#9802=CARTESIAN_POINT('',(2.8,21.339579812762,6.24091561530741));
#9803=CARTESIAN_POINT('Origin',(3.3,20.5594224928826,9.24508615715265));
#9804=CARTESIAN_POINT('',(3.3,20.5594224928826,9.24508615715265));
#9805=CARTESIAN_POINT('',(3.3,20.7356819024177,8.56635981266342));
#9806=CARTESIAN_POINT('',(2.8,20.5594224928826,9.24508615715265));
#9807=CARTESIAN_POINT('',(3.3,20.5594224928826,9.24508615715265));
#9808=CARTESIAN_POINT('',(2.8,20.5594224928826,9.24508615715265));
#9809=CARTESIAN_POINT('Origin',(3.3,20.1542438373763,9.2472302722483));
#9810=CARTESIAN_POINT('',(3.3,8.44768345506082,9.30917877938881));
#9811=CARTESIAN_POINT('',(2.8,20.1542438373763,9.2472302722483));
#9812=CARTESIAN_POINT('Origin',(2.8,19.1781317014231,7.7524165821452));
#9813=CARTESIAN_POINT('Origin',(3.3,22.700233669247,6.58774506320783));
#9814=CARTESIAN_POINT('',(3.3,22.700233669247,6.58774506320783));
#9815=CARTESIAN_POINT('',(3.3,23.4676171546089,6.58368424091931));
#9816=CARTESIAN_POINT('',(3.3,9.71367751324615,6.65646702256114));
#9817=CARTESIAN_POINT('',(2.8,22.700233669247,6.58774506320783));
#9818=CARTESIAN_POINT('',(3.3,22.700233669247,6.58774506320783));
#9819=CARTESIAN_POINT('',(2.8,23.4676171546089,6.58368424091931));
#9820=CARTESIAN_POINT('',(2.8,22.700233669247,6.58774506320783));
#9821=CARTESIAN_POINT('',(3.3,23.4676171546089,6.58368424091931));
#9822=CARTESIAN_POINT('Ctrl Pts',(3.3,22.3299838494309,6.61630746022426));
#9823=CARTESIAN_POINT('Ctrl Pts',(2.8,22.3299838494309,6.61630746022426));
#9824=CARTESIAN_POINT('Ctrl Pts',(3.3,22.4301145655761,6.58917447327159));
#9825=CARTESIAN_POINT('Ctrl Pts',(2.8,22.4301145655761,6.58917447327159));
#9826=CARTESIAN_POINT('Ctrl Pts',(3.3,22.700233669247,6.58774506320783));
#9827=CARTESIAN_POINT('Ctrl Pts',(2.8,22.700233669247,6.58774506320783));
#9828=CARTESIAN_POINT('',(3.3,22.3299838494309,6.61630746022426));
#9829=CARTESIAN_POINT('Ctrl Pts',(3.3,22.3299838494309,6.61630746022426));
#9830=CARTESIAN_POINT('Ctrl Pts',(3.3,22.4301145655761,6.58917447327159));
#9831=CARTESIAN_POINT('Ctrl Pts',(3.3,22.700233669247,6.58774506320783));
#9832=CARTESIAN_POINT('',(2.8,22.3299838494309,6.61630746022426));
#9833=CARTESIAN_POINT('',(3.3,22.3299838494309,6.61630746022426));
#9834=CARTESIAN_POINT('Ctrl Pts',(2.8,22.3299838494309,6.61630746022426));
#9835=CARTESIAN_POINT('Ctrl Pts',(2.8,22.4301145655761,6.58917447327159));
#9836=CARTESIAN_POINT('Ctrl Pts',(2.8,22.700233669247,6.58774506320783));
#9837=CARTESIAN_POINT('Ctrl Pts',(3.3,22.0802419704673,6.79464390090959));
#9838=CARTESIAN_POINT('Ctrl Pts',(2.8,22.0802419704673,6.79464390090959));
#9839=CARTESIAN_POINT('Ctrl Pts',(3.3,22.1746882253758,6.6601039065463));
#9840=CARTESIAN_POINT('Ctrl Pts',(2.8,22.1746882253758,6.6601039065463));
#9841=CARTESIAN_POINT('Ctrl Pts',(3.3,22.3299838494309,6.61630746022426));
#9842=CARTESIAN_POINT('Ctrl Pts',(2.8,22.3299838494309,6.61630746022426));
#9843=CARTESIAN_POINT('',(3.3,22.0802419704673,6.79464390090959));
#9844=CARTESIAN_POINT('Ctrl Pts',(3.3,22.0802419704673,6.79464390090959));
#9845=CARTESIAN_POINT('Ctrl Pts',(3.3,22.1746882253758,6.6601039065463));
#9846=CARTESIAN_POINT('Ctrl Pts',(3.3,22.3299838494309,6.61630746022426));
#9847=CARTESIAN_POINT('',(2.8,22.0802419704673,6.79464390090959));
#9848=CARTESIAN_POINT('',(3.3,22.0802419704673,6.79464390090959));
#9849=CARTESIAN_POINT('Ctrl Pts',(2.8,22.0802419704673,6.79464390090959));
#9850=CARTESIAN_POINT('Ctrl Pts',(2.8,22.1746882253758,6.6601039065463));
#9851=CARTESIAN_POINT('Ctrl Pts',(2.8,22.3299838494309,6.61630746022426));
#9852=CARTESIAN_POINT('Ctrl Pts',(3.3,21.9867919698153,7.1174484903012));
#9853=CARTESIAN_POINT('Ctrl Pts',(2.8,21.9867919698153,7.1174484903012));
#9854=CARTESIAN_POINT('Ctrl Pts',(3.3,21.9857957147703,6.92918374626336));
#9855=CARTESIAN_POINT('Ctrl Pts',(2.8,21.9857957147703,6.92918374626336));
#9856=CARTESIAN_POINT('Ctrl Pts',(3.3,22.0802419704673,6.79464390090959));
#9857=CARTESIAN_POINT('Ctrl Pts',(2.8,22.0802419704673,6.79464390090959));
#9858=CARTESIAN_POINT('',(3.3,21.9867919698153,7.1174484903012));
#9859=CARTESIAN_POINT('Ctrl Pts',(3.3,21.9867919698153,7.1174484903012));
#9860=CARTESIAN_POINT('Ctrl Pts',(3.3,21.9857957147703,6.92918374626336));
#9861=CARTESIAN_POINT('Ctrl Pts',(3.3,22.0802419704673,6.79464390090959));
#9862=CARTESIAN_POINT('',(2.8,21.9867919698153,7.1174484903012));
#9863=CARTESIAN_POINT('',(3.3,21.9867919698153,7.1174484903012));
#9864=CARTESIAN_POINT('Ctrl Pts',(2.8,21.9867919698153,7.1174484903012));
#9865=CARTESIAN_POINT('Ctrl Pts',(2.8,21.9857957147703,6.92918374626336));
#9866=CARTESIAN_POINT('Ctrl Pts',(2.8,22.0802419704673,6.79464390090959));
#9867=CARTESIAN_POINT('Ctrl Pts',(3.3,22.1505873287379,7.51972516933868));
#9868=CARTESIAN_POINT('Ctrl Pts',(2.8,22.1505873287379,7.51972516933868));
#9869=CARTESIAN_POINT('Ctrl Pts',(3.3,21.9881672350089,7.37733570588698));
#9870=CARTESIAN_POINT('Ctrl Pts',(2.8,21.9881672350089,7.37733570588698));
#9871=CARTESIAN_POINT('Ctrl Pts',(3.3,21.9867919698153,7.1174484903012));
#9872=CARTESIAN_POINT('Ctrl Pts',(2.8,21.9867919698153,7.1174484903012));
#9873=CARTESIAN_POINT('',(3.3,22.1505873287379,7.51972516933868));
#9874=CARTESIAN_POINT('Ctrl Pts',(3.3,22.1505873287379,7.51972516933868));
#9875=CARTESIAN_POINT('Ctrl Pts',(3.3,21.9881672350089,7.37733570588698));
#9876=CARTESIAN_POINT('Ctrl Pts',(3.3,21.9867919698153,7.1174484903012));
#9877=CARTESIAN_POINT('',(2.8,22.1505873287379,7.51972516933868));
#9878=CARTESIAN_POINT('',(3.3,22.1505873287379,7.51972516933868));
#9879=CARTESIAN_POINT('Ctrl Pts',(2.8,22.1505873287379,7.51972516933868));
#9880=CARTESIAN_POINT('Ctrl Pts',(2.8,21.9881672350089,7.37733570588698));
#9881=CARTESIAN_POINT('Ctrl Pts',(2.8,21.9867919698153,7.1174484903012));
#9882=CARTESIAN_POINT('Ctrl Pts',(3.3,22.6977224508127,7.66007880664656));
#9883=CARTESIAN_POINT('Ctrl Pts',(2.8,22.6977224508127,7.66007880664656));
#9884=CARTESIAN_POINT('Ctrl Pts',(3.3,22.3130075714765,7.66211463200186));
#9885=CARTESIAN_POINT('Ctrl Pts',(2.8,22.3130075714765,7.66211463200186));
#9886=CARTESIAN_POINT('Ctrl Pts',(3.3,22.1505873287379,7.51972516933868));
#9887=CARTESIAN_POINT('Ctrl Pts',(2.8,22.1505873287379,7.51972516933868));
#9888=CARTESIAN_POINT('',(3.3,22.6977224508127,7.66007880664656));
#9889=CARTESIAN_POINT('Ctrl Pts',(3.3,22.6977224508127,7.66007880664656));
#9890=CARTESIAN_POINT('Ctrl Pts',(3.3,22.3130075714765,7.66211463200186));
#9891=CARTESIAN_POINT('Ctrl Pts',(3.3,22.1505873287379,7.51972516933868));
#9892=CARTESIAN_POINT('',(2.8,22.6977224508127,7.66007880664656));
#9893=CARTESIAN_POINT('',(3.3,22.6977224508127,7.66007880664656));
#9894=CARTESIAN_POINT('Ctrl Pts',(2.8,22.6977224508127,7.66007880664656));
#9895=CARTESIAN_POINT('Ctrl Pts',(2.8,22.3130075714765,7.66211463200186));
#9896=CARTESIAN_POINT('Ctrl Pts',(2.8,22.1505873287379,7.51972516933868));
#9897=CARTESIAN_POINT('Origin',(3.3,23.4732914764445,7.65597466830419));
#9898=CARTESIAN_POINT('',(3.3,23.4732914764445,7.65597466830419));
#9899=CARTESIAN_POINT('',(3.3,10.1030435777627,7.72672703880178));
#9900=CARTESIAN_POINT('',(2.8,23.4732914764445,7.65597466830419));
#9901=CARTESIAN_POINT('',(3.3,23.4732914764445,7.65597466830419));
#9902=CARTESIAN_POINT('',(2.8,23.4732914764445,7.65597466830419));
#9903=CARTESIAN_POINT('Origin',(3.3,23.4676171546089,6.58368424091931));
#9904=CARTESIAN_POINT('',(3.3,23.4540564759862,4.02108974996209));
#9905=CARTESIAN_POINT('',(2.8,23.4676171546089,6.58368424091931));
#9906=CARTESIAN_POINT('Origin',(3.3,23.4751648687664,8.00999418140413));
#9907=CARTESIAN_POINT('',(3.3,23.4751648687664,8.00999418140413));
#9908=CARTESIAN_POINT('',(3.3,23.4816188701089,9.22962254553416));
#9909=CARTESIAN_POINT('',(3.3,23.457830333065,4.7342447202045));
#9910=CARTESIAN_POINT('',(2.8,23.4751648687664,8.00999418140413));
#9911=CARTESIAN_POINT('',(3.3,23.4751648687664,8.00999418140413));
#9912=CARTESIAN_POINT('',(2.8,23.4816188701089,9.22962254553416));
#9913=CARTESIAN_POINT('',(2.8,23.4751648687664,8.00999418140413));
#9914=CARTESIAN_POINT('',(3.3,23.4816188701089,9.22962254553416));
#9915=CARTESIAN_POINT('Origin',(3.3,22.7057350355893,8.01406583250898));
#9916=CARTESIAN_POINT('',(3.3,22.7057350355893,8.01406583250898));
#9917=CARTESIAN_POINT('',(3.3,9.72020205349605,8.08278237745413));
#9918=CARTESIAN_POINT('',(2.8,22.7057350355893,8.01406583250898));
#9919=CARTESIAN_POINT('',(3.3,22.7057350355893,8.01406583250898));
#9920=CARTESIAN_POINT('',(2.8,22.7057350355893,8.01406583250898));
#9921=CARTESIAN_POINT('Ctrl Pts',(3.3,21.8243994130133,7.75371923262523));
#9922=CARTESIAN_POINT('Ctrl Pts',(2.8,21.8243994130133,7.75371923262523));
#9923=CARTESIAN_POINT('Ctrl Pts',(3.3,22.0693181829184,8.01743360858107));
#9924=CARTESIAN_POINT('Ctrl Pts',(2.8,22.0693181829184,8.01743360858107));
#9925=CARTESIAN_POINT('Ctrl Pts',(3.3,22.7057350355893,8.01406583250898));
#9926=CARTESIAN_POINT('Ctrl Pts',(2.8,22.7057350355893,8.01406583250898));
#9927=CARTESIAN_POINT('',(3.3,21.8243994130133,7.75371923262523));
#9928=CARTESIAN_POINT('Ctrl Pts',(3.3,21.8243994130133,7.75371923262523));
#9929=CARTESIAN_POINT('Ctrl Pts',(3.3,22.0693181829184,8.01743360858107));
#9930=CARTESIAN_POINT('Ctrl Pts',(3.3,22.7057350355893,8.01406583250898));
#9931=CARTESIAN_POINT('',(2.8,21.8243994130133,7.75371923262523));
#9932=CARTESIAN_POINT('',(3.3,21.8243994130133,7.75371923262523));
#9933=CARTESIAN_POINT('Ctrl Pts',(2.8,21.8243994130133,7.75371923262523));
#9934=CARTESIAN_POINT('Ctrl Pts',(2.8,22.0693181829184,8.01743360858107));
#9935=CARTESIAN_POINT('Ctrl Pts',(2.8,22.7057350355893,8.01406583250898));
#9936=CARTESIAN_POINT('Ctrl Pts',(3.3,21.5774557947903,7.10733617535032));
#9937=CARTESIAN_POINT('Ctrl Pts',(2.8,21.5774557947903,7.10733617535032));
#9938=CARTESIAN_POINT('Ctrl Pts',(3.3,21.5794807913293,7.49000470687133));
#9939=CARTESIAN_POINT('Ctrl Pts',(2.8,21.5794807913293,7.49000470687133));
#9940=CARTESIAN_POINT('Ctrl Pts',(3.3,21.8243994130133,7.75371923262523));
#9941=CARTESIAN_POINT('Ctrl Pts',(2.8,21.8243994130133,7.75371923262523));
#9942=CARTESIAN_POINT('',(3.3,21.5774557947903,7.10733617535032));
#9943=CARTESIAN_POINT('Ctrl Pts',(3.3,21.5774557947903,7.10733617535032));
#9944=CARTESIAN_POINT('Ctrl Pts',(3.3,21.5794807913293,7.49000470687133));
#9945=CARTESIAN_POINT('Ctrl Pts',(3.3,21.8243994130133,7.75371923262523));
#9946=CARTESIAN_POINT('',(2.8,21.5774557947903,7.10733617535032));
#9947=CARTESIAN_POINT('',(3.3,21.5774557947903,7.10733617535032));
#9948=CARTESIAN_POINT('Ctrl Pts',(2.8,21.5774557947903,7.10733617535032));
#9949=CARTESIAN_POINT('Ctrl Pts',(2.8,21.5794807913293,7.49000470687133));
#9950=CARTESIAN_POINT('Ctrl Pts',(2.8,21.8243994130133,7.75371923262523));
#9951=CARTESIAN_POINT('Ctrl Pts',(3.3,21.6663530213678,6.69758293912728));
#9952=CARTESIAN_POINT('Ctrl Pts',(2.8,21.6663530213678,6.69758293912728));
#9953=CARTESIAN_POINT('Ctrl Pts',(3.3,21.5762754490792,6.88428336944606));
#9954=CARTESIAN_POINT('Ctrl Pts',(2.8,21.5762754490792,6.88428336944606));
#9955=CARTESIAN_POINT('Ctrl Pts',(3.3,21.5774557947903,7.10733617535032));
#9956=CARTESIAN_POINT('Ctrl Pts',(2.8,21.5774557947903,7.10733617535032));
#9957=CARTESIAN_POINT('',(3.3,21.6663530213678,6.69758293912728));
#9958=CARTESIAN_POINT('Ctrl Pts',(3.3,21.6663530213678,6.69758293912728));
#9959=CARTESIAN_POINT('Ctrl Pts',(3.3,21.5762754490792,6.88428336944606));
#9960=CARTESIAN_POINT('Ctrl Pts',(3.3,21.5774557947903,7.10733617535032));
#9961=CARTESIAN_POINT('',(2.8,21.6663530213678,6.69758293912728));
#9962=CARTESIAN_POINT('',(3.3,21.6663530213678,6.69758293912728));
#9963=CARTESIAN_POINT('Ctrl Pts',(2.8,21.6663530213678,6.69758293912728));
#9964=CARTESIAN_POINT('Ctrl Pts',(2.8,21.5762754490792,6.88428336944606));
#9965=CARTESIAN_POINT('Ctrl Pts',(2.8,21.5774557947903,7.10733617535032));
#9966=CARTESIAN_POINT('Ctrl Pts',(3.3,21.9052674265596,6.40675136447149));
#9967=CARTESIAN_POINT('Ctrl Pts',(2.8,21.9052674265596,6.40675136447149));
#9968=CARTESIAN_POINT('Ctrl Pts',(3.3,21.7564302964259,6.51088265939508));
#9969=CARTESIAN_POINT('Ctrl Pts',(2.8,21.7564302964259,6.51088265939508));
#9970=CARTESIAN_POINT('Ctrl Pts',(3.3,21.6663530213678,6.69758293912728));
#9971=CARTESIAN_POINT('Ctrl Pts',(2.8,21.6663530213678,6.69758293912728));
#9972=CARTESIAN_POINT('',(3.3,21.9052674265596,6.40675136447149));
#9973=CARTESIAN_POINT('Ctrl Pts',(3.3,21.9052674265596,6.40675136447149));
#9974=CARTESIAN_POINT('Ctrl Pts',(3.3,21.7564302964259,6.51088265939508));
#9975=CARTESIAN_POINT('Ctrl Pts',(3.3,21.6663530213678,6.69758293912728));
#9976=CARTESIAN_POINT('',(2.8,21.9052674265596,6.40675136447149));
#9977=CARTESIAN_POINT('',(3.3,21.9052674265596,6.40675136447149));
#9978=CARTESIAN_POINT('Ctrl Pts',(2.8,21.9052674265596,6.40675136447149));
#9979=CARTESIAN_POINT('Ctrl Pts',(2.8,21.7564302964259,6.51088265939508));
#9980=CARTESIAN_POINT('Ctrl Pts',(2.8,21.6663530213678,6.69758293912728));
#9981=CARTESIAN_POINT('Ctrl Pts',(3.3,22.2749160945115,6.26461599396206));
#9982=CARTESIAN_POINT('Ctrl Pts',(2.8,22.2749160945115,6.26461599396206));
#9983=CARTESIAN_POINT('Ctrl Pts',(3.3,22.0541045551163,6.30261977152886));
#9984=CARTESIAN_POINT('Ctrl Pts',(2.8,22.0541045551163,6.30261977152886));
#9985=CARTESIAN_POINT('Ctrl Pts',(3.3,21.9052674265596,6.40675136447149));
#9986=CARTESIAN_POINT('Ctrl Pts',(2.8,21.9052674265596,6.40675136447149));
#9987=CARTESIAN_POINT('',(3.3,22.2749160945115,6.26461599396206));
#9988=CARTESIAN_POINT('Ctrl Pts',(3.3,22.2749160945115,6.26461599396206));
#9989=CARTESIAN_POINT('Ctrl Pts',(3.3,22.0541045551163,6.30261977152886));
#9990=CARTESIAN_POINT('Ctrl Pts',(3.3,21.9052674265596,6.40675136447149));
#9991=CARTESIAN_POINT('',(2.8,22.2749160945115,6.26461599396206));
#9992=CARTESIAN_POINT('',(3.3,22.2749160945115,6.26461599396206));
#9993=CARTESIAN_POINT('Ctrl Pts',(2.8,22.2749160945115,6.26461599396206));
#9994=CARTESIAN_POINT('Ctrl Pts',(2.8,22.0541045551163,6.30261977152886));
#9995=CARTESIAN_POINT('Ctrl Pts',(2.8,21.9052674265596,6.40675136447149));
#9996=CARTESIAN_POINT('Ctrl Pts',(3.3,22.7311018403899,6.23355199102756));
#9997=CARTESIAN_POINT('Ctrl Pts',(2.8,22.7311018403899,6.23355199102756));
#9998=CARTESIAN_POINT('Ctrl Pts',(3.3,22.4323338673075,6.23513300451995));
#9999=CARTESIAN_POINT('Ctrl Pts',(2.8,22.4323338673075,6.23513300451995));
#10000=CARTESIAN_POINT('Ctrl Pts',(3.3,22.2749160945115,6.26461599396206));
#10001=CARTESIAN_POINT('Ctrl Pts',(2.8,22.2749160945115,6.26461599396206));
#10002=CARTESIAN_POINT('',(3.3,22.7311018403899,6.23355199102756));
#10003=CARTESIAN_POINT('Ctrl Pts',(3.3,22.7311018403899,6.23355199102756));
#10004=CARTESIAN_POINT('Ctrl Pts',(3.3,22.4323338673075,6.23513300451995));
#10005=CARTESIAN_POINT('Ctrl Pts',(3.3,22.2749160945115,6.26461599396206));
#10006=CARTESIAN_POINT('',(2.8,22.7311018403899,6.23355199102756));
#10007=CARTESIAN_POINT('',(3.3,22.7311018403899,6.23355199102756));
#10008=CARTESIAN_POINT('Ctrl Pts',(2.8,22.7311018403899,6.23355199102756));
#10009=CARTESIAN_POINT('Ctrl Pts',(2.8,22.4323338673075,6.23513300451995));
#10010=CARTESIAN_POINT('Ctrl Pts',(2.8,22.2749160945115,6.26461599396206));
#10011=CARTESIAN_POINT('Origin',(3.3,23.862736838694,6.22756363095565));
#10012=CARTESIAN_POINT('',(3.3,23.862736838694,6.22756363095565));
#10013=CARTESIAN_POINT('',(3.3,10.2939924010202,6.29936640087556));
#10014=CARTESIAN_POINT('',(2.8,23.862736838694,6.22756363095565));
#10015=CARTESIAN_POINT('',(3.3,23.862736838694,6.22756363095565));
#10016=CARTESIAN_POINT('',(2.8,23.862736838694,6.22756363095565));
#10017=CARTESIAN_POINT('Origin',(3.3,23.8786119480928,9.22752174668949));
#10018=CARTESIAN_POINT('',(3.3,23.8786119480928,9.22752174668949));
#10019=CARTESIAN_POINT('',(3.3,23.8580504117202,5.34195810342484));
#10020=CARTESIAN_POINT('',(2.8,23.8786119480928,9.22752174668949));
#10021=CARTESIAN_POINT('',(3.3,23.8786119480928,9.22752174668949));
#10022=CARTESIAN_POINT('',(2.8,23.8786119480928,9.22752174668949));
#10023=CARTESIAN_POINT('Origin',(3.3,23.4816188701089,9.22962254553416));
#10024=CARTESIAN_POINT('',(3.3,10.1113709714271,9.30037491603175));
#10025=CARTESIAN_POINT('',(2.8,23.4816188701089,9.22962254553416));
#10026=CARTESIAN_POINT('Origin',(2.8,19.1781317014231,7.7524165821452));
#10027=CARTESIAN_POINT('Origin',(3.3,-3.3,1.6));
#10028=CARTESIAN_POINT('Origin',(3.3,-3.3,1.6));
#10029=CARTESIAN_POINT('Origin',(3.3,-3.3,1.6));
#10030=CARTESIAN_POINT('Origin',(-104.06991980755,-0.8,1.6));
#10031=CARTESIAN_POINT('',(-103.3,53.3,5.23764610791693));
#10032=CARTESIAN_POINT('',(-104.06991980755,53.3,1.6));
#10033=CARTESIAN_POINT('',(-103.877439855663,53.3,2.50941152697923));
#10034=CARTESIAN_POINT('',(-104.06991980755,-3.3,1.6));
#10035=CARTESIAN_POINT('',(-104.06991980755,-0.8,1.6));
#10036=CARTESIAN_POINT('',(-103.3,-3.3,5.23764610791693));
#10037=CARTESIAN_POINT('',(-103.492479951888,-3.3,4.3282345809377));
#10038=CARTESIAN_POINT('',(-103.3,26.25,5.23764610791687));
#10039=CARTESIAN_POINT('Origin',(-103.3,53.3,1.6));
#10040=CARTESIAN_POINT('',(-103.3,-3.3,23.6));
#10041=CARTESIAN_POINT('',(-103.3,-3.3,1.6));
#10042=CARTESIAN_POINT('',(-103.3,6.70058075389831,23.6));
#10043=CARTESIAN_POINT('',(-103.3,53.3,23.6));
#10044=CARTESIAN_POINT('',(-103.3,6.70058075389831,26.1));
#10045=CARTESIAN_POINT('',(-103.3,6.70058075389831,23.6));
#10046=CARTESIAN_POINT('',(-103.3,43.3,26.1));
#10047=CARTESIAN_POINT('',(-103.3,53.3,26.1));
#10048=CARTESIAN_POINT('',(-103.3,43.3,23.6));
#10049=CARTESIAN_POINT('',(-103.3,43.3,23.6));
#10050=CARTESIAN_POINT('',(-103.3,53.3,23.6));
#10051=CARTESIAN_POINT('',(-103.3,53.3,23.6));
#10052=CARTESIAN_POINT('',(-103.3,53.3,1.6));
#10053=CARTESIAN_POINT('',(-103.3,29.59,22.1));
#10054=CARTESIAN_POINT('',(-103.3,29.5900000000001,12.1));
#10055=CARTESIAN_POINT('Origin',(-103.3,29.59,17.1));
#10056=CARTESIAN_POINT('',(-103.3,23.59,22.1));
#10057=CARTESIAN_POINT('',(-103.3,41.4449999999999,22.1));
#10058=CARTESIAN_POINT('',(-103.3,23.5900000000001,12.1));
#10059=CARTESIAN_POINT('Origin',(-103.3,23.59,17.1));
#10060=CARTESIAN_POINT('',(-103.3,38.445,12.1));
#10061=CARTESIAN_POINT('Origin',(-102.06991980755,-0.8,1.6));
#10062=CARTESIAN_POINT('',(-102.06991980755,50.8,1.6));
#10063=CARTESIAN_POINT('',(-100.8,50.8,7.6));
#10064=CARTESIAN_POINT('',(-101.752439855663,50.8,3.1));
#10065=CARTESIAN_POINT('',(-100.8,-0.8,7.6));
#10066=CARTESIAN_POINT('',(-100.8,-0.8,7.60000000000002));
#10067=CARTESIAN_POINT('',(-102.06991980755,-0.8,1.6));
#10068=CARTESIAN_POINT('',(-102.06991980755,-0.8,1.6));
#10069=CARTESIAN_POINT('',(-102.06991980755,12.1,1.6));
#10070=CARTESIAN_POINT('Origin',(2.33,11.9039921663924,10.4913834764832));
#10071=CARTESIAN_POINT('',(0.814999999999999,8.20199608319623,26.1));
#10072=CARTESIAN_POINT('',(-1.67,11.9039921663924,26.1));
#10073=CARTESIAN_POINT('Origin',(2.33,11.9039921663924,26.1));
#10074=CARTESIAN_POINT('',(0.814999999999999,8.20199608319623,15.1505339059327));
#10075=CARTESIAN_POINT('',(0.814999999999999,8.20199608319623,10.4913834764832));
#10076=CARTESIAN_POINT('',(-0.498427124746186,9.07556504164623,16.4639610306789));
#10077=CARTESIAN_POINT('Origin',(2.33,11.9039921663924,13.6355339059327));
#10078=CARTESIAN_POINT('',(-1.67,11.9039921663924,19.2923881554251));
#10079=CARTESIAN_POINT('Origin',(2.33,11.9039921663924,19.2923881554251));
#10080=CARTESIAN_POINT('',(-1.67,11.9039921663924,10.4913834764832));
#10081=CARTESIAN_POINT('Origin',(-1.67,25.8,26.1));
#10082=CARTESIAN_POINT('',(-1.67,13.1762548131908,19.2923881554251));
#10083=CARTESIAN_POINT('',(-1.67,25.8,19.2923881554251));
#10084=CARTESIAN_POINT('',(-1.67,16.42,25.9));
#10085=CARTESIAN_POINT('Origin',(-1.67,16.42,21.8));
#10086=CARTESIAN_POINT('',(-1.67,34.22,25.9));
#10087=CARTESIAN_POINT('',(-1.67,21.11,25.9));
#10088=CARTESIAN_POINT('',(-1.67,37.4637451868092,19.2923881554251));
#10089=CARTESIAN_POINT('Origin',(-1.67,34.22,21.8));
#10090=CARTESIAN_POINT('',(-1.67,38.7360078336076,19.2923881554251));
#10091=CARTESIAN_POINT('',(-1.67,25.8,19.2923881554251));
#10092=CARTESIAN_POINT('',(-1.67,38.7360078336076,26.1));
#10093=CARTESIAN_POINT('',(-1.67,38.7360078336076,10.4913834764832));
#10094=CARTESIAN_POINT('',(-1.67,25.4,26.1));
#10095=CARTESIAN_POINT('Origin',(2.33,25.8,19.2923881554251));
#10096=CARTESIAN_POINT('',(-0.498427124746186,41.5644349583538,16.4639610306789));
#10097=CARTESIAN_POINT('',(-0.498427124746186,25.8,16.4639610306789));
#10098=CARTESIAN_POINT('Origin',(2.33,38.7360078336076,19.2923881554251));
#10099=CARTESIAN_POINT('',(-0.891985904507383,34.22,16.9219859045074));
#10100=CARTESIAN_POINT('Ctrl Pts',(-1.67,37.4637451868092,19.2923881554251));
#10101=CARTESIAN_POINT('Ctrl Pts',(-1.67,37.1847506000579,18.931492050281));
#10102=CARTESIAN_POINT('Ctrl Pts',(-1.62072060836784,36.8868058729331,18.592793444006));
#10103=CARTESIAN_POINT('Ctrl Pts',(-1.45274696642738,36.2214467096933,17.9436767034047));
#10104=CARTESIAN_POINT('Ctrl Pts',(-1.32588288692426,35.8562362379649,17.6458520703894));
#10105=CARTESIAN_POINT('Ctrl Pts',(-1.12973453968915,35.2916395518549,17.2800817063795));
#10106=CARTESIAN_POINT('Ctrl Pts',(-1.06366388627088,35.1033549699179,17.1724513001231));
#10107=CARTESIAN_POINT('Ctrl Pts',(-0.947277569504823,34.7005913659516,
16.9966098735367));
#10108=CARTESIAN_POINT('Ctrl Pts',(-0.891985904507382,34.4904023872103,
16.9219859045074));
#10109=CARTESIAN_POINT('Ctrl Pts',(-0.891985904507382,34.22,16.9219859045074));
#10110=CARTESIAN_POINT('',(-0.891985904507375,28.4191941978148,16.9219859045074));
#10111=CARTESIAN_POINT('',(-0.891985904507375,25.8,16.9219859045074));
#10112=CARTESIAN_POINT('',(-0.906683604972557,22.449352633972,16.9420947181493));
#10113=CARTESIAN_POINT('Ctrl Pts',(-0.891985904507406,28.4191941978148,
16.9219859045074));
#10114=CARTESIAN_POINT('Ctrl Pts',(-0.899366058740289,25.4940526983492,
16.9320174309719));
#10115=CARTESIAN_POINT('Ctrl Pts',(-0.906683604972558,22.449352633972,16.9420947181493));
#10116=CARTESIAN_POINT('',(-0.891985904507382,22.22,16.9219859045074));
#10117=CARTESIAN_POINT('Ctrl Pts',(-0.906683604972693,22.449352633972,16.9420947181494));
#10118=CARTESIAN_POINT('Ctrl Pts',(-0.897657153177728,22.3774606216783,
16.9296640284013));
#10119=CARTESIAN_POINT('Ctrl Pts',(-0.891985904507382,22.3015805147192,
16.9219859045074));
#10120=CARTESIAN_POINT('Ctrl Pts',(-0.891985904507382,22.22,16.9219859045074));
#10121=CARTESIAN_POINT('',(-0.891985904507375,16.42,16.9219859045074));
#10122=CARTESIAN_POINT('',(-0.891985904507375,25.8,16.9219859045074));
#10123=CARTESIAN_POINT('Ctrl Pts',(-0.891985904507386,16.42,16.9219859045074));
#10124=CARTESIAN_POINT('Ctrl Pts',(-0.891985904507386,16.1495976127897,
16.9219859045074));
#10125=CARTESIAN_POINT('Ctrl Pts',(-0.947277569504822,15.9394086340484,
16.9966098735367));
#10126=CARTESIAN_POINT('Ctrl Pts',(-1.06366388627089,15.5366450300821,17.1724513001231));
#10127=CARTESIAN_POINT('Ctrl Pts',(-1.12973453968915,15.3483604481451,17.2800817063795));
#10128=CARTESIAN_POINT('Ctrl Pts',(-1.32588288692426,14.7837637620351,17.6458520703894));
#10129=CARTESIAN_POINT('Ctrl Pts',(-1.45274696642738,14.4185532903067,17.9436767034047));
#10130=CARTESIAN_POINT('Ctrl Pts',(-1.62072060836784,13.7531941270669,18.592793444006));
#10131=CARTESIAN_POINT('Ctrl Pts',(-1.67,13.4552493999421,18.931492050281));
#10132=CARTESIAN_POINT('Ctrl Pts',(-1.67,13.1762548131908,19.2923881554251));
#10133=CARTESIAN_POINT('Origin',(2.33,38.7360078336076,10.4913834764832));
#10134=CARTESIAN_POINT('',(0.814999999999995,42.4380039168038,15.1505339059327));
#10135=CARTESIAN_POINT('Origin',(2.33,38.7360078336076,13.6355339059327));
#10136=CARTESIAN_POINT('',(0.814999999999994,42.4380039168038,26.1));
#10137=CARTESIAN_POINT('',(0.814999999999995,42.4380039168038,10.4913834764832));
#10138=CARTESIAN_POINT('Origin',(2.33,38.7360078336076,26.1));
#10139=CARTESIAN_POINT('Origin',(-0.700000000000008,46.14,10.4913834764832));
#10140=CARTESIAN_POINT('',(2.12842712474618,43.3115728752538,13.8371067811865));
#10141=CARTESIAN_POINT('Origin',(-0.700000000000008,46.14,16.6655339059327));
#10142=CARTESIAN_POINT('',(3.29999999999999,46.14,11.0086796564404));
#10143=CARTESIAN_POINT('Origin',(-0.700000000000008,46.14,11.0086796564404));
#10144=CARTESIAN_POINT('',(3.29999999999999,46.14,23.6));
#10145=CARTESIAN_POINT('',(3.29999999999999,46.14,10.4913834764832));
#10146=CARTESIAN_POINT('',(2.11680670263339,43.3000000000001,23.6));
#10147=CARTESIAN_POINT('Origin',(-0.700000000000008,46.14,23.6));
#10148=CARTESIAN_POINT('',(2.11680670263339,43.3000000000001,26.1));
#10149=CARTESIAN_POINT('',(2.11680670263339,43.3000000000001,10.4913834764832));
#10150=CARTESIAN_POINT('Origin',(-0.700000000000008,46.14,26.1));
#10151=CARTESIAN_POINT('Origin',(-1.67,25.8,17.6355339059327));
#10152=CARTESIAN_POINT('',(2.12842712474619,7.32842712474622,13.8371067811865));
#10153=CARTESIAN_POINT('Origin',(-0.700000000000001,4.50000000000003,16.6655339059327));
#10154=CARTESIAN_POINT('',(2.12842712474619,11.25,13.8371067811865));
#10155=CARTESIAN_POINT('Origin',(-0.700000000000002,11.25,11.0086796564403));
#10156=CARTESIAN_POINT('',(3.3,4.50000000000003,11.0086796564403));
#10157=CARTESIAN_POINT('Origin',(-0.700000000000001,4.50000000000003,11.0086796564403));
#10158=CARTESIAN_POINT('',(3.3,11.25,11.0086796564403));
#10159=CARTESIAN_POINT('Origin',(-0.700000000000001,4.50000000000003,10.4913834764832));
#10160=CARTESIAN_POINT('',(2.64065861769807,6.69999999999994,26.1));
#10161=CARTESIAN_POINT('Origin',(-0.700000000000001,4.50000000000003,26.1));
#10162=CARTESIAN_POINT('',(2.64065861769807,6.69999999999994,23.6));
#10163=CARTESIAN_POINT('',(2.64065861769807,6.69999999999994,10.4913834764832));
#10164=CARTESIAN_POINT('',(3.3,4.50000000000003,23.6));
#10165=CARTESIAN_POINT('Origin',(-0.700000000000001,4.50000000000003,23.6));
#10166=CARTESIAN_POINT('',(3.3,4.50000000000003,10.4913834764832));
#10167=CARTESIAN_POINT('Origin',(3.3,-3.3,1.6));
#10168=CARTESIAN_POINT('',(3.3,-3.3,23.6));
#10169=CARTESIAN_POINT('',(3.3,-3.3,23.6));
#10170=CARTESIAN_POINT('',(3.3,-3.3,1.6));
#10171=CARTESIAN_POINT('',(3.3,-3.3,1.6));
#10172=CARTESIAN_POINT('',(3.29999999999999,53.3,1.6));
#10173=CARTESIAN_POINT('',(3.3,-3.3,1.6));
#10174=CARTESIAN_POINT('',(3.29999999999998,53.3,23.6));
#10175=CARTESIAN_POINT('',(3.29999999999999,53.3,1.6));
#10176=CARTESIAN_POINT('',(3.3,-3.3,23.6));
#10177=CARTESIAN_POINT('Origin',(-2.17,22.22,21.8));
#10178=CARTESIAN_POINT('',(-2.67,22.4037925223028,18.7054531335355));
#10179=CARTESIAN_POINT('',(-2.67,22.22,18.7));
#10180=CARTESIAN_POINT('Origin',(-2.67,22.22,21.8));
#10181=CARTESIAN_POINT('',(-2.17,22.22,18.2));
#10182=CARTESIAN_POINT('',(-1.67,22.4309059975556,17.7054281469005));
#10183=CARTESIAN_POINT('Ctrl Pts',(-0.906683604972555,22.449352633972,16.9420947181493));
#10184=CARTESIAN_POINT('Ctrl Pts',(-1.30463264121577,22.4401440818907,17.3400522645623));
#10185=CARTESIAN_POINT('Ctrl Pts',(-1.66999999999698,22.4309059975557,17.7054281468974));
#10186=CARTESIAN_POINT('Ctrl Pts',(-1.67,22.4309059975556,17.7054281469005));
#10187=CARTESIAN_POINT('Ctrl Pts',(-2.00125491762381,22.4225304248838,18.0366907922785));
#10188=CARTESIAN_POINT('Ctrl Pts',(-2.33868272889205,22.4134726987019,18.3741269521455));
#10189=CARTESIAN_POINT('Ctrl Pts',(-2.67,22.4037925223027,18.7054531335354));
#10190=CARTESIAN_POINT('Origin',(-2.17,30.01,18.2));
#10191=CARTESIAN_POINT('',(-2.67,28.42,18.7));
#10192=CARTESIAN_POINT('',(-2.67,28.42,18.7));
#10193=CARTESIAN_POINT('',(-2.67,34.22,18.7));
#10194=CARTESIAN_POINT('',(-1.67,34.22,17.7));
#10195=CARTESIAN_POINT('',(-2.67,30.01,18.7));
#10196=CARTESIAN_POINT('Origin',(-2.17,27.1061941691293,18.2011906376189));
#10197=CARTESIAN_POINT('',(-2.67,27.1066473725233,18.7011904322255));
#10198=CARTESIAN_POINT('Origin',(-2.17,34.22,21.8));
#10199=CARTESIAN_POINT('',(-2.67,34.22,24.9));
#10200=CARTESIAN_POINT('',(-1.67,34.22,25.9));
#10201=CARTESIAN_POINT('Origin',(-2.67,34.22,21.8));
#10202=CARTESIAN_POINT('Origin',(-2.17,24.01,18.2));
#10203=CARTESIAN_POINT('',(-2.67,16.42,18.7));
#10204=CARTESIAN_POINT('',(-2.17,16.42,18.2));
#10205=CARTESIAN_POINT('',(-2.67,24.01,18.7));
#10206=CARTESIAN_POINT('Origin',(-2.17,21.11,25.4));
#10207=CARTESIAN_POINT('',(-2.67000000000001,16.42,24.9));
#10208=CARTESIAN_POINT('',(-1.67,16.42,25.9));
#10209=CARTESIAN_POINT('',(-2.67000000000001,21.11,24.9));
#10210=CARTESIAN_POINT('Origin',(-2.17,16.42,21.8));
#10211=CARTESIAN_POINT('Origin',(-2.67,16.42,21.8));
#10212=CARTESIAN_POINT('Origin',(-1.67,22.22,18.7));
#10213=CARTESIAN_POINT('',(-3.52,22.22,18.7));
#10214=CARTESIAN_POINT('',(-1.67,22.22,18.7));
#10215=CARTESIAN_POINT('',(-3.52,16.42,18.7));
#10216=CARTESIAN_POINT('',(-3.52,22.22,18.7));
#10217=CARTESIAN_POINT('',(-1.67,16.42,18.7));
#10218=CARTESIAN_POINT('Origin',(-1.67,22.22,21.8));
#10219=CARTESIAN_POINT('',(-3.52,22.4037925223028,18.7054531335355));
#10220=CARTESIAN_POINT('',(-1.67,22.4037925223028,18.7054531335355));
#10221=CARTESIAN_POINT('Origin',(-3.52,22.22,21.8));
#10222=CARTESIAN_POINT('Origin',(-1.67,28.42,18.7));
#10223=CARTESIAN_POINT('',(-3.52,28.42,18.7));
#10224=CARTESIAN_POINT('',(-1.67,28.42,18.7));
#10225=CARTESIAN_POINT('',(-3.52,28.42,18.7));
#10226=CARTESIAN_POINT('Origin',(-1.67,34.22,18.7));
#10227=CARTESIAN_POINT('',(-3.52,34.22,18.7));
#10228=CARTESIAN_POINT('',(-1.67,34.22,18.7));
#10229=CARTESIAN_POINT('',(-3.52,34.22,18.7));
#10230=CARTESIAN_POINT('Origin',(-102.55,29.59,17.1));
#10231=CARTESIAN_POINT('',(-101.8,29.59,20.6));
#10232=CARTESIAN_POINT('',(-101.8,29.59,20.6));
#10233=CARTESIAN_POINT('',(-101.8,29.5900000000001,13.6));
#10234=CARTESIAN_POINT('',(-103.3,29.5900000000001,12.1));
#10235=CARTESIAN_POINT('Origin',(-101.8,29.59,17.1));
#10236=CARTESIAN_POINT('Origin',(-102.55,38.445,12.85));
#10237=CARTESIAN_POINT('',(-101.8,23.59,13.6));
#10238=CARTESIAN_POINT('',(-103.3,23.5900000000001,12.1));
#10239=CARTESIAN_POINT('',(-101.8,23.59,13.6));
#10240=CARTESIAN_POINT('Origin',(-102.55,41.445,21.35));
#10241=CARTESIAN_POINT('',(-101.8,23.59,20.6));
#10242=CARTESIAN_POINT('',(-101.8,23.59,20.6));
#10243=CARTESIAN_POINT('',(-101.8,29.59,20.6));
#10244=CARTESIAN_POINT('Origin',(-102.55,23.59,17.1));
#10245=CARTESIAN_POINT('Origin',(-101.8,23.59,17.1));
#10246=CARTESIAN_POINT('Origin',(-1.67,34.22,21.8));
#10247=CARTESIAN_POINT('',(-3.52,34.22,24.9));
#10248=CARTESIAN_POINT('',(-1.67,34.22,24.9));
#10249=CARTESIAN_POINT('Origin',(-3.52,34.22,21.8));
#10250=CARTESIAN_POINT('Origin',(-1.67,16.42,24.9));
#10251=CARTESIAN_POINT('',(-3.52,16.42,24.9));
#10252=CARTESIAN_POINT('',(-1.67,16.42,24.9));
#10253=CARTESIAN_POINT('',(-3.52,34.22,24.9));
#10254=CARTESIAN_POINT('Origin',(-1.67,16.42,21.8));
#10255=CARTESIAN_POINT('Origin',(-3.52,16.42,21.8));
#10256=CARTESIAN_POINT('Origin',(-3.52,25.32,21.8));
#10257=CARTESIAN_POINT('',(-3.52,28.42,19.7));
#10258=CARTESIAN_POINT('',(-3.52,34.22,19.7));
#10259=CARTESIAN_POINT('',(-3.52,29.77,19.7));
#10260=CARTESIAN_POINT('',(-3.52,28.42,23.9));
#10261=CARTESIAN_POINT('Origin',(-3.52,28.42,21.8));
#10262=CARTESIAN_POINT('',(-3.52,34.22,23.9));
#10263=CARTESIAN_POINT('',(-3.52,26.87,23.9));
#10264=CARTESIAN_POINT('Origin',(-3.52,34.22,21.8));
#10265=CARTESIAN_POINT('',(-3.52,16.42,19.7));
#10266=CARTESIAN_POINT('',(-3.52,22.22,19.7));
#10267=CARTESIAN_POINT('',(-3.52,23.77,19.7));
#10268=CARTESIAN_POINT('',(-3.52,16.42,23.9));
#10269=CARTESIAN_POINT('Origin',(-3.52,16.42,21.8));
#10270=CARTESIAN_POINT('',(-3.52,22.22,23.9));
#10271=CARTESIAN_POINT('',(-3.52,20.87,23.9));
#10272=CARTESIAN_POINT('Origin',(-3.52,22.22,21.8));
#10273=CARTESIAN_POINT('Origin',(-1.67,28.42,23.9));
#10274=CARTESIAN_POINT('',(-4.17,28.42,23.9));
#10275=CARTESIAN_POINT('',(-1.67,28.42,23.9));
#10276=CARTESIAN_POINT('',(-4.17,34.22,23.9));
#10277=CARTESIAN_POINT('',(-4.17,26.87,23.9));
#10278=CARTESIAN_POINT('',(-1.67,34.22,23.9));
#10279=CARTESIAN_POINT('Origin',(-1.67,28.42,21.8));
#10280=CARTESIAN_POINT('',(-4.17,28.42,19.7));
#10281=CARTESIAN_POINT('',(-1.67,28.42,19.7));
#10282=CARTESIAN_POINT('',(-4.17,27.3383346173608,23.6));
#10283=CARTESIAN_POINT('Origin',(-4.17,28.42,21.8));
#10284=CARTESIAN_POINT('Origin',(-4.17,28.42,21.8));
#10285=CARTESIAN_POINT('Origin',(-1.67,16.42,23.9));
#10286=CARTESIAN_POINT('',(-4.17,16.42,23.9));
#10287=CARTESIAN_POINT('',(-1.67,16.42,23.9));
#10288=CARTESIAN_POINT('',(-4.17,22.22,23.9));
#10289=CARTESIAN_POINT('',(-4.17,20.87,23.9));
#10290=CARTESIAN_POINT('',(-1.67,22.22,23.9));
#10291=CARTESIAN_POINT('Origin',(-1.67,16.42,21.8));
#10292=CARTESIAN_POINT('',(-4.17,16.42,19.7));
#10293=CARTESIAN_POINT('',(-1.67,16.42,19.7));
#10294=CARTESIAN_POINT('',(-4.17,15.3383346173608,23.6));
#10295=CARTESIAN_POINT('Origin',(-4.17,16.42,21.8));
#10296=CARTESIAN_POINT('Origin',(-4.17,16.42,21.8));
#10297=CARTESIAN_POINT('Origin',(-4.17,25.32,21.8));
#10298=CARTESIAN_POINT('',(-4.17,35.3016653826392,23.6));
#10299=CARTESIAN_POINT('',(-4.17,25.4,23.6));
#10300=CARTESIAN_POINT('Origin',(-4.17,34.22,21.8));
#10301=CARTESIAN_POINT('Origin',(-1.67,34.22,19.7));
#10302=CARTESIAN_POINT('',(-4.17,34.22,19.7));
#10303=CARTESIAN_POINT('',(-1.67,34.22,19.7));
#10304=CARTESIAN_POINT('',(-4.17,30.01,19.7));
#10305=CARTESIAN_POINT('Origin',(-1.67,34.22,21.8));
#10306=CARTESIAN_POINT('Origin',(-4.17,34.22,21.8));
#10307=CARTESIAN_POINT('Origin',(-4.17,25.32,21.8));
#10308=CARTESIAN_POINT('',(-4.17,23.3016653826392,23.6));
#10309=CARTESIAN_POINT('',(-4.17,25.4,23.6));
#10310=CARTESIAN_POINT('Origin',(-4.17,22.22,21.8));
#10311=CARTESIAN_POINT('Origin',(-1.67,22.22,19.7));
#10312=CARTESIAN_POINT('',(-4.17,22.22,19.7));
#10313=CARTESIAN_POINT('',(-1.67,22.22,19.7));
#10314=CARTESIAN_POINT('',(-4.17,24.01,19.7));
#10315=CARTESIAN_POINT('Origin',(-1.67,22.22,21.8));
#10316=CARTESIAN_POINT('Origin',(-4.17,22.22,21.8));
#10317=CARTESIAN_POINT('Origin',(-50.,25.,26.1));
#10318=CARTESIAN_POINT('',(10.2999999999999,43.3000000000001,26.1));
#10319=CARTESIAN_POINT('',(-23.35,43.3000000000001,26.1));
#10320=CARTESIAN_POINT('',(10.2999999999999,53.3,26.1));
#10321=CARTESIAN_POINT('Origin',(10.2999999999999,48.3000000000001,26.1));
#10322=CARTESIAN_POINT('',(-110.3,53.3,26.1));
#10323=CARTESIAN_POINT('',(10.2999999999999,53.3,26.1));
#10324=CARTESIAN_POINT('',(-110.3,43.3,26.1));
#10325=CARTESIAN_POINT('Origin',(-110.3,48.3,26.1));
#10326=CARTESIAN_POINT('',(-110.3,43.3,26.1));
#10327=CARTESIAN_POINT('',(-110.299999975905,6.69999998279102,26.1));
#10328=CARTESIAN_POINT('',(-103.3,6.70058075389831,26.1));
#10329=CARTESIAN_POINT('',(-110.2995851394,-3.30000000000001,26.1));
#10330=CARTESIAN_POINT('Origin',(-110.2995851394,1.69999999999997,26.1));
#10331=CARTESIAN_POINT('',(10.2999999999999,-3.29999999999999,26.1));
#10332=CARTESIAN_POINT('',(-110.2995851394,-3.30000000000001,26.1));
#10333=CARTESIAN_POINT('',(10.3,6.69999999999994,26.1));
#10334=CARTESIAN_POINT('Origin',(10.3,1.69999999999997,26.1));
#10335=CARTESIAN_POINT('',(10.3,6.69999999999994,26.1));
#10336=CARTESIAN_POINT('',(-108.3,48.3,26.1));
#10337=CARTESIAN_POINT('Origin',(-110.3,48.3,26.1));
#10338=CARTESIAN_POINT('',(8.29999999999996,1.69999999999997,26.1));
#10339=CARTESIAN_POINT('Origin',(10.3,1.69999999999997,26.1));
#10340=CARTESIAN_POINT('',(-108.2995851394,1.69999999999997,26.1));
#10341=CARTESIAN_POINT('Origin',(-110.2995851394,1.69999999999997,26.1));
#10342=CARTESIAN_POINT('',(12.2999999999999,48.3000000000001,26.1));
#10343=CARTESIAN_POINT('Origin',(10.2999999999999,48.3000000000001,26.1));
#10344=CARTESIAN_POINT('Origin',(-4.17,25.8,16.6));
#10345=CARTESIAN_POINT('',(-4.17,8.50000000000003,16.6));
#10346=CARTESIAN_POINT('',(0.799999999999993,8.50000000000003,11.63));
#10347=CARTESIAN_POINT('',(-0.677500000000002,8.50000000000003,13.1075));
#10348=CARTESIAN_POINT('',(-4.17,42.14,16.6));
#10349=CARTESIAN_POINT('',(-4.17,25.8,16.6));
#10350=CARTESIAN_POINT('',(0.799999999999993,42.14,11.63));
#10351=CARTESIAN_POINT('',(-2.6275,42.14,15.0575));
#10352=CARTESIAN_POINT('',(0.799999999999993,38.3,11.63));
#10353=CARTESIAN_POINT('Origin',(-4.17,25.8,23.6));
#10354=CARTESIAN_POINT('',(-4.17,42.14,23.6));
#10355=CARTESIAN_POINT('',(-4.17,25.4,23.6));
#10356=CARTESIAN_POINT('',(-4.17,42.14,15.6));
#10357=CARTESIAN_POINT('',(-4.17,8.50000000000003,23.6));
#10358=CARTESIAN_POINT('',(-4.17,8.50000000000003,15.6));
#10359=CARTESIAN_POINT('',(-4.17,25.4,23.6));
#10360=CARTESIAN_POINT('',(-4.17,25.4,23.6));
#10361=CARTESIAN_POINT('Origin',(0.799999999999991,50.8,1.6));
#10362=CARTESIAN_POINT('',(0.799999999999993,42.14,7.6));
#10363=CARTESIAN_POINT('',(0.799999999999993,42.14,4.6));
#10364=CARTESIAN_POINT('',(0.799999999999993,50.8,7.6));
#10365=CARTESIAN_POINT('',(0.799999999999992,48.635,7.6));
#10366=CARTESIAN_POINT('',(0.799999999999991,50.8,1.6));
#10367=CARTESIAN_POINT('',(0.799999999999991,50.8,1.6));
#10368=CARTESIAN_POINT('',(0.800000000000001,-0.8,1.6));
#10369=CARTESIAN_POINT('',(0.800000000000001,-0.8,1.6));
#10370=CARTESIAN_POINT('',(0.800000000000001,-0.8,7.6));
#10371=CARTESIAN_POINT('',(0.800000000000001,-0.8,1.6));
#10372=CARTESIAN_POINT('',(0.799999999999998,8.50000000000003,7.6));
#10373=CARTESIAN_POINT('',(0.799999999999995,27.325,7.6));
#10374=CARTESIAN_POINT('',(0.799999999999999,8.50000000000003,4.6));
#10375=CARTESIAN_POINT('Origin',(-7.,42.14,7.6));
#10376=CARTESIAN_POINT('',(-7.,42.14,23.6));
#10377=CARTESIAN_POINT('',(-28.5,42.14,23.6));
#10378=CARTESIAN_POINT('',(-7.,42.14,7.6));
#10379=CARTESIAN_POINT('',(-7.,42.14,7.6));
#10380=CARTESIAN_POINT('',(-7.,42.14,7.6));
#10381=CARTESIAN_POINT('Origin',(-101.8,26.59,17.1));
#10382=CARTESIAN_POINT('',(-101.8,29.59,19.1));
#10383=CARTESIAN_POINT('',(-101.8,29.59,15.1));
#10384=CARTESIAN_POINT('Origin',(-101.8,29.59,17.1));
#10385=CARTESIAN_POINT('',(-101.8,23.59,19.1));
#10386=CARTESIAN_POINT('',(-101.8,25.09,19.1));
#10387=CARTESIAN_POINT('',(-101.8,23.59,15.1));
#10388=CARTESIAN_POINT('Origin',(-101.8,23.59,17.1));
#10389=CARTESIAN_POINT('',(-101.8,28.09,15.1));
#10390=CARTESIAN_POINT('Origin',(-100.8,23.59,19.1));
#10391=CARTESIAN_POINT('',(-100.8,29.59,19.1));
#10392=CARTESIAN_POINT('',(-100.8,29.59,19.1));
#10393=CARTESIAN_POINT('',(-100.8,23.59,19.1));
#10394=CARTESIAN_POINT('',(-100.8,11.395,19.0999999999999));
#10395=CARTESIAN_POINT('',(-100.8,23.59,19.1));
#10396=CARTESIAN_POINT('Origin',(-100.8,29.59,17.1));
#10397=CARTESIAN_POINT('',(-100.8,29.59,15.1));
#10398=CARTESIAN_POINT('',(-100.8,29.59,15.1));
#10399=CARTESIAN_POINT('Origin',(-100.8,29.59,17.1));
#10400=CARTESIAN_POINT('Origin',(-100.8,29.59,15.1));
#10401=CARTESIAN_POINT('',(-100.8,23.59,15.1));
#10402=CARTESIAN_POINT('',(-100.8,23.59,15.1));
#10403=CARTESIAN_POINT('',(-100.8,14.395,15.0999999999999));
#10404=CARTESIAN_POINT('Origin',(-100.8,23.59,17.1));
#10405=CARTESIAN_POINT('Origin',(-100.8,23.59,17.1));
#10406=CARTESIAN_POINT('Origin',(-87.3199999999998,45.64,10.6));
#10407=CARTESIAN_POINT('',(-87.3199999999998,45.64,23.6));
#10408=CARTESIAN_POINT('',(-87.3199999999997,50.8,23.6));
#10409=CARTESIAN_POINT('',(-87.32,35.3200000000004,23.6));
#10410=CARTESIAN_POINT('',(-87.3199999999998,45.64,10.6));
#10411=CARTESIAN_POINT('',(-87.3199999999998,45.64,10.6));
#10412=CARTESIAN_POINT('',(-87.3199999999997,50.8,10.6));
#10413=CARTESIAN_POINT('',(-87.3199999999998,45.64,10.6));
#10414=CARTESIAN_POINT('',(-87.3199999999997,50.8,6.1));
#10415=CARTESIAN_POINT('Origin',(-90.8199999999998,45.64,10.6));
#10416=CARTESIAN_POINT('',(-90.8199999999998,42.14,23.6));
#10417=CARTESIAN_POINT('Origin',(-90.8199999999998,45.64,23.6));
#10418=CARTESIAN_POINT('',(-90.8199999999998,42.14,10.6));
#10419=CARTESIAN_POINT('',(-90.8199999999998,42.14,10.6));
#10420=CARTESIAN_POINT('Origin',(-90.8199999999998,45.64,10.6));
#10421=CARTESIAN_POINT('Origin',(-100.8,42.14,10.6));
#10422=CARTESIAN_POINT('',(-100.8,42.14,23.6));
#10423=CARTESIAN_POINT('',(-75.4,42.14,23.6));
#10424=CARTESIAN_POINT('',(-100.8,42.14,10.6));
#10425=CARTESIAN_POINT('',(-100.8,42.14,6.1));
#10426=CARTESIAN_POINT('',(-90.8199999999998,42.14,10.6));
#10427=CARTESIAN_POINT('Origin',(-90.82,45.64,10.6));
#10428=CARTESIAN_POINT('',(-89.72,45.64,23.6));
#10429=CARTESIAN_POINT('Origin',(-90.82,45.64,23.6));
#10430=CARTESIAN_POINT('',(-89.72,45.64,10.6));
#10431=CARTESIAN_POINT('',(-89.72,45.64,10.6));
#10432=CARTESIAN_POINT('Origin',(-90.82,45.64,10.6));
#10433=CARTESIAN_POINT('Origin',(-94.0599999999998,46.47,10.6));
#10434=CARTESIAN_POINT('',(-100.8,50.8,10.6));
#10435=CARTESIAN_POINT('',(-100.8,22.835,10.6));
#10436=CARTESIAN_POINT('',(-97.4299999999999,50.8,10.6));
#10437=CARTESIAN_POINT('Origin',(-100.8,-0.800000000000001,1.6));
#10438=CARTESIAN_POINT('',(-100.8,50.8,1.6));
#10439=CARTESIAN_POINT('',(-100.8,8.5,23.6));
#10440=CARTESIAN_POINT('',(-100.8,50.8,23.6));
#10441=CARTESIAN_POINT('',(-100.8,8.5,10.6));
#10442=CARTESIAN_POINT('',(-100.8,8.49999999999999,6.1));
#10443=CARTESIAN_POINT('',(-100.8,-0.800000000000001,10.6));
#10444=CARTESIAN_POINT('',(-100.8,1.525,10.6));
#10445=CARTESIAN_POINT('',(-100.8,-0.800000000000001,1.6));
#10446=CARTESIAN_POINT('Origin',(-50.,25.,23.6));
#10447=CARTESIAN_POINT('',(-6.99999999999992,8.50000000000003,23.6));
#10448=CARTESIAN_POINT('',(-24.6,8.50000000000002,23.6));
#10449=CARTESIAN_POINT('',(-10.4999999999999,5.00000000000003,23.6));
#10450=CARTESIAN_POINT('Origin',(-6.99999999999992,5.00000000000003,23.6));
#10451=CARTESIAN_POINT('',(-10.4999999999999,-0.800000000000001,23.6));
#10452=CARTESIAN_POINT('',(-10.4999999999999,15.,23.6));
#10453=CARTESIAN_POINT('',(-87.32,-0.8,23.6));
#10454=CARTESIAN_POINT('',(-100.8,-0.8,23.6));
#10455=CARTESIAN_POINT('',(-87.32,4.99999999999999,23.6));
#10456=CARTESIAN_POINT('',(-87.32,12.1,23.6));
#10457=CARTESIAN_POINT('',(-90.82,8.49999999999999,23.6));
#10458=CARTESIAN_POINT('Origin',(-90.82,5.,23.6));
#10459=CARTESIAN_POINT('',(-70.41,8.49999999999998,23.6));
#10460=CARTESIAN_POINT('',(-56.18,50.8,23.6));
#10461=CARTESIAN_POINT('',(0.799999999999991,50.8,23.6));
#10462=CARTESIAN_POINT('',(-53.4004440603774,44.2693286119642,23.6));
#10463=CARTESIAN_POINT('',(-51.057705583017,38.7649763067448,23.6));
#10464=CARTESIAN_POINT('',(-46.9595559396226,44.2693286119642,23.6));
#10465=CARTESIAN_POINT('Origin',(-50.18,45.64,23.6));
#10466=CARTESIAN_POINT('',(-44.18,50.8,23.6));
#10467=CARTESIAN_POINT('',(-50.6644664104909,35.5645018939888,23.6));
#10468=CARTESIAN_POINT('',(-10.5,50.8,23.6));
#10469=CARTESIAN_POINT('',(0.799999999999991,50.8,23.6));
#10470=CARTESIAN_POINT('',(-10.5,45.64,23.6));
#10471=CARTESIAN_POINT('',(-10.5,37.9,23.6));
#10472=CARTESIAN_POINT('Origin',(-7.00000000000001,45.64,23.6));
#10473=CARTESIAN_POINT('Origin',(-90.82,5.,10.6));
#10474=CARTESIAN_POINT('',(-87.32,4.99999999999999,10.6));
#10475=CARTESIAN_POINT('',(-87.32,4.99999999999999,10.6));
#10476=CARTESIAN_POINT('',(-90.82,8.49999999999999,10.6));
#10477=CARTESIAN_POINT('Origin',(-90.82,5.,10.6));
#10478=CARTESIAN_POINT('',(-90.82,8.49999999999999,10.6));
#10479=CARTESIAN_POINT('Origin',(-87.32,-0.8,10.6));
#10480=CARTESIAN_POINT('',(-87.32,-0.8,10.6));
#10481=CARTESIAN_POINT('',(-87.32,-0.8,6.1));
#10482=CARTESIAN_POINT('',(-87.32,4.99999999999999,10.6));
#10483=CARTESIAN_POINT('Origin',(-90.82,4.99999999999999,10.6));
#10484=CARTESIAN_POINT('',(-89.72,4.99999999999999,23.6));
#10485=CARTESIAN_POINT('Origin',(-90.82,4.99999999999999,23.6));
#10486=CARTESIAN_POINT('',(-89.72,4.99999999999999,10.6));
#10487=CARTESIAN_POINT('',(-89.72,4.99999999999999,10.6));
#10488=CARTESIAN_POINT('Origin',(-90.82,4.99999999999999,10.6));
#10489=CARTESIAN_POINT('Origin',(-90.82,8.49999999999999,10.6));
#10490=CARTESIAN_POINT('',(-90.82,8.49999999999999,10.6));
#10491=CARTESIAN_POINT('Origin',(-94.06,3.85,10.6));
#10492=CARTESIAN_POINT('',(-46.63,-0.8,10.6));
#10493=CARTESIAN_POINT('Origin',(0.800000000000001,-0.8,1.6));
#10494=CARTESIAN_POINT('',(-10.4999999999999,-0.800000000000001,7.6));
#10495=CARTESIAN_POINT('',(-10.4999999999999,-0.8,4.6));
#10496=CARTESIAN_POINT('',(-2.02499999999998,-0.8,7.6));
#10497=CARTESIAN_POINT('',(-75.7174799518876,-0.800000000000001,1.6));
#10498=CARTESIAN_POINT('Origin',(-50.,25.,23.6));
#10499=CARTESIAN_POINT('Origin',(-46.9595559396226,44.2693286119642,7.6));
#10500=CARTESIAN_POINT('',(-46.9595559396226,44.2693286119642,7.6));
#10501=CARTESIAN_POINT('',(-46.9595559396226,44.2693286119642,7.6));
#10502=CARTESIAN_POINT('',(-44.18,50.8,7.6));
#10503=CARTESIAN_POINT('',(-44.18,50.8,7.6));
#10504=CARTESIAN_POINT('',(-44.18,50.8,4.6));
#10505=CARTESIAN_POINT('Origin',(-50.18,45.64,7.6));
#10506=CARTESIAN_POINT('',(-53.4004440603774,44.2693286119642,7.6));
#10507=CARTESIAN_POINT('',(-53.4004440603774,44.2693286119642,7.6));
#10508=CARTESIAN_POINT('Origin',(-50.18,45.64,7.6));
#10509=CARTESIAN_POINT('Origin',(-50.18,45.64,7.6));
#10510=CARTESIAN_POINT('',(-49.08,45.64,23.6));
#10511=CARTESIAN_POINT('Origin',(-50.18,45.64,23.6));
#10512=CARTESIAN_POINT('',(-49.08,45.64,7.6));
#10513=CARTESIAN_POINT('',(-49.08,45.64,7.6));
#10514=CARTESIAN_POINT('Origin',(-50.18,45.64,7.6));
#10515=CARTESIAN_POINT('Origin',(-56.18,50.8,7.6));
#10516=CARTESIAN_POINT('',(-56.18,50.8,7.6));
#10517=CARTESIAN_POINT('',(-56.18,50.8,4.6));
#10518=CARTESIAN_POINT('',(-53.4004440603774,44.2693286119642,7.6));
#10519=CARTESIAN_POINT('Origin',(-50.18,46.47,7.6));
#10520=CARTESIAN_POINT('',(-75.49,50.8,7.6));
#10521=CARTESIAN_POINT('Origin',(-50.,25.,23.6));
#10522=CARTESIAN_POINT('Origin',(-7.00000000000001,45.64,7.6));
#10523=CARTESIAN_POINT('',(-10.5,45.64,7.6));
#10524=CARTESIAN_POINT('',(-10.5,45.64,7.6));
#10525=CARTESIAN_POINT('Origin',(-7.00000000000001,45.64,7.6));
#10526=CARTESIAN_POINT('Origin',(-10.5,50.8,7.6));
#10527=CARTESIAN_POINT('',(-10.5,50.8,7.6));
#10528=CARTESIAN_POINT('',(-10.5,50.8,4.6));
#10529=CARTESIAN_POINT('',(-10.5,45.64,7.6));
#10530=CARTESIAN_POINT('Origin',(-7.00000000000001,45.64,7.6));
#10531=CARTESIAN_POINT('',(-5.90000000000001,45.64,23.6));
#10532=CARTESIAN_POINT('Origin',(-7.00000000000001,45.64,23.6));
#10533=CARTESIAN_POINT('',(-5.90000000000001,45.64,7.6));
#10534=CARTESIAN_POINT('',(-5.90000000000001,45.64,7.6));
#10535=CARTESIAN_POINT('Origin',(-7.00000000000001,45.64,7.6));
#10536=CARTESIAN_POINT('Origin',(-4.85000000000001,46.47,7.6));
#10537=CARTESIAN_POINT('',(-52.825,50.8,7.6));
#10538=CARTESIAN_POINT('Origin',(-50.,25.,23.6));
#10539=CARTESIAN_POINT('Origin',(-10.4999999999999,5.00000000000003,7.6));
#10540=CARTESIAN_POINT('',(-10.4999999999999,5.00000000000003,7.6));
#10541=CARTESIAN_POINT('',(-10.4999999999999,5.00000000000003,7.6));
#10542=CARTESIAN_POINT('',(-10.4999999999999,-0.800000000000001,7.6));
#10543=CARTESIAN_POINT('Origin',(-6.99999999999992,5.00000000000003,7.6));
#10544=CARTESIAN_POINT('',(-6.99999999999992,8.50000000000003,7.6));
#10545=CARTESIAN_POINT('',(-6.99999999999992,8.50000000000003,7.6));
#10546=CARTESIAN_POINT('Origin',(-6.99999999999992,5.00000000000003,7.6));
#10547=CARTESIAN_POINT('Origin',(-6.99999999999992,5.00000000000003,7.6));
#10548=CARTESIAN_POINT('',(-5.89999999999992,5.00000000000003,23.6));
#10549=CARTESIAN_POINT('Origin',(-6.99999999999992,5.00000000000003,23.6));
#10550=CARTESIAN_POINT('',(-5.89999999999992,5.00000000000003,7.6));
#10551=CARTESIAN_POINT('',(-5.89999999999992,5.00000000000003,7.6));
#10552=CARTESIAN_POINT('Origin',(-6.99999999999992,5.00000000000003,7.6));
#10553=CARTESIAN_POINT('Origin',(0.799999999999998,8.50000000000003,7.6));
#10554=CARTESIAN_POINT('',(0.799999999999998,8.50000000000003,7.6));
#10555=CARTESIAN_POINT('Origin',(-4.84999999999996,3.85000000000001,7.6));
#10556=CARTESIAN_POINT('Origin',(-50.,25.,23.6));
#10557=CARTESIAN_POINT('Origin',(-50.,25.,23.6));
#10558=CARTESIAN_POINT('Origin',(-50.,25.,23.6));
#10559=CARTESIAN_POINT('',(10.2999999999999,53.3,23.6));
#10560=CARTESIAN_POINT('',(10.2999999999999,53.3,23.6));
#10561=CARTESIAN_POINT('',(10.2999999999999,43.3000000000001,23.6));
#10562=CARTESIAN_POINT('Origin',(10.2999999999999,48.3000000000001,23.6));
#10563=CARTESIAN_POINT('',(-23.35,43.3000000000001,23.6));
#10564=CARTESIAN_POINT('',(12.2999999999999,48.3000000000001,23.6));
#10565=CARTESIAN_POINT('Origin',(10.2999999999999,48.3000000000001,23.6));
#10566=CARTESIAN_POINT('Origin',(-50.,25.,23.6));
#10567=CARTESIAN_POINT('',(-110.3,43.3,23.6));
#10568=CARTESIAN_POINT('',(-110.3,43.3,23.6));
#10569=CARTESIAN_POINT('',(-110.3,53.3,23.6));
#10570=CARTESIAN_POINT('Origin',(-110.3,48.3,23.6));
#10571=CARTESIAN_POINT('',(10.2999999999999,53.3,23.6));
#10572=CARTESIAN_POINT('',(-108.3,48.3,23.6));
#10573=CARTESIAN_POINT('Origin',(-110.3,48.3,23.6));
#10574=CARTESIAN_POINT('Origin',(-50.,25.,23.6));
#10575=CARTESIAN_POINT('',(-110.2995851394,-3.30000000000001,23.6));
#10576=CARTESIAN_POINT('',(-110.2995851394,-3.30000000000001,23.6));
#10577=CARTESIAN_POINT('',(-110.299999975905,6.69999998279102,23.6));
#10578=CARTESIAN_POINT('Origin',(-110.2995851394,1.69999999999997,23.6));
#10579=CARTESIAN_POINT('',(-103.3,6.70058075389831,23.6));
#10580=CARTESIAN_POINT('',(-108.2995851394,1.69999999999997,23.6));
#10581=CARTESIAN_POINT('Origin',(-110.2995851394,1.69999999999997,23.6));
#10582=CARTESIAN_POINT('Origin',(-50.,25.,23.6));
#10583=CARTESIAN_POINT('',(10.3,6.69999999999994,23.6));
#10584=CARTESIAN_POINT('',(10.3,6.69999999999994,23.6));
#10585=CARTESIAN_POINT('',(10.2999999999999,-3.3,23.6));
#10586=CARTESIAN_POINT('Origin',(10.3,1.69999999999997,23.6));
#10587=CARTESIAN_POINT('',(-110.2995851394,-3.30000000000001,23.6));
#10588=CARTESIAN_POINT('',(8.29999999999996,1.69999999999997,23.6));
#10589=CARTESIAN_POINT('Origin',(10.3,1.69999999999997,23.6));
#10590=CARTESIAN_POINT('Origin',(-110.3,48.3,23.6));
#10591=CARTESIAN_POINT('',(-108.3,48.3,23.6));
#10592=CARTESIAN_POINT('Origin',(10.3,1.69999999999997,23.6));
#10593=CARTESIAN_POINT('',(8.29999999999996,1.69999999999997,23.6));
#10594=CARTESIAN_POINT('Origin',(-110.2995851394,1.69999999999997,23.6));
#10595=CARTESIAN_POINT('',(-108.2995851394,1.69999999999997,23.6));
#10596=CARTESIAN_POINT('Origin',(10.2999999999999,48.3000000000001,23.6));
#10597=CARTESIAN_POINT('',(12.2999999999999,48.3000000000001,23.6));
#10598=CARTESIAN_POINT('Origin',(10.3,6.69999999999994,23.6));
#10599=CARTESIAN_POINT('',(10.3,6.69999999999994,23.6));
#10600=CARTESIAN_POINT('Origin',(10.3,1.69999999999997,23.6));
#10601=CARTESIAN_POINT('',(10.2999999999999,-3.3,23.6));
#10602=CARTESIAN_POINT('Origin',(-110.2995851394,1.69999999999997,23.6));
#10603=CARTESIAN_POINT('',(-110.2995851394,-3.30000000000001,23.6));
#10604=CARTESIAN_POINT('',(-110.299999975905,6.69999998279102,23.6));
#10605=CARTESIAN_POINT('Origin',(-103.3,6.70058075389831,23.6));
#10606=CARTESIAN_POINT('Origin',(-110.3,43.3,23.6));
#10607=CARTESIAN_POINT('',(-110.3,43.3,23.6));
#10608=CARTESIAN_POINT('Origin',(-110.3,48.3,23.6));
#10609=CARTESIAN_POINT('',(-110.3,53.3,23.6));
#10610=CARTESIAN_POINT('Origin',(10.2999999999999,48.3000000000001,23.6));
#10611=CARTESIAN_POINT('',(10.2999999999999,53.3,23.6));
#10612=CARTESIAN_POINT('',(10.2999999999999,43.3000000000001,23.6));
#10613=CARTESIAN_POINT('Origin',(3.29999999999998,43.3000000000001,23.6));
#10614=CARTESIAN_POINT('Origin',(-100.8,50.8,1.6));
#10615=CARTESIAN_POINT('',(-75.7174799518876,50.8,1.6));
#10616=CARTESIAN_POINT('Origin',(3.29999999999999,53.3,1.6));
#10617=CARTESIAN_POINT('',(3.29999999999999,53.3,1.6));
#10618=CARTESIAN_POINT('Origin',(-103.3,-3.3,1.6));
#10619=CARTESIAN_POINT('',(-103.877439855663,-3.3,1.6));
#10620=CARTESIAN_POINT('Origin',(-50.,25.,1.6));
#10621=UNCERTAINTY_MEASURE_WITH_UNIT(LENGTH_MEASURE(0.01),#10625,
'DISTANCE_ACCURACY_VALUE',
'Maximum model space distance between geometric entities at asserted c
onnectivities');
#10622=UNCERTAINTY_MEASURE_WITH_UNIT(LENGTH_MEASURE(0.01),#10625,
'DISTANCE_ACCURACY_VALUE',
'Maximum model space distance between geometric entities at asserted c
onnectivities');
#10623=(
GEOMETRIC_REPRESENTATION_CONTEXT(3)
GLOBAL_UNCERTAINTY_ASSIGNED_CONTEXT((#10621))
GLOBAL_UNIT_ASSIGNED_CONTEXT((#10625,#10627,#10628))
REPRESENTATION_CONTEXT('','3D')
);
#10624=(
GEOMETRIC_REPRESENTATION_CONTEXT(3)
GLOBAL_UNCERTAINTY_ASSIGNED_CONTEXT((#10622))
GLOBAL_UNIT_ASSIGNED_CONTEXT((#10625,#10627,#10628))
REPRESENTATION_CONTEXT('','3D')
);
#10625=(
LENGTH_UNIT()
NAMED_UNIT(*)
SI_UNIT(.MILLI.,.METRE.)
);
#10626=(
LENGTH_UNIT()
NAMED_UNIT(*)
SI_UNIT($,.METRE.)
);
#10627=(
NAMED_UNIT(*)
PLANE_ANGLE_UNIT()
SI_UNIT($,.RADIAN.)
);
#10628=(
NAMED_UNIT(*)
SI_UNIT($,.STERADIAN.)
SOLID_ANGLE_UNIT()
);
#10629=SHAPE_DEFINITION_REPRESENTATION(#10630,#10631);
#10630=PRODUCT_DEFINITION_SHAPE('',$,#10633);
#10631=SHAPE_REPRESENTATION('',(#6185),#10623);
#10632=PRODUCT_DEFINITION_CONTEXT('part definition',#10637,'design');
#10633=PRODUCT_DEFINITION('Gehaeuse 1','Gehaeuse 1 v20',#10634,#10632);
#10634=PRODUCT_DEFINITION_FORMATION('',$,#10639);
#10635=PRODUCT_RELATED_PRODUCT_CATEGORY('Gehaeuse 1 v20',
'Gehaeuse 1 v20',(#10639));
#10636=APPLICATION_PROTOCOL_DEFINITION('international standard',
'automotive_design',2009,#10637);
#10637=APPLICATION_CONTEXT(
'Core Data for Automotive Mechanical Design Process');
#10638=PRODUCT_CONTEXT('part definition',#10637,'mechanical');
#10639=PRODUCT('Gehaeuse 1','Gehaeuse 1 v20',$,(#10638));
#10640=PRESENTATION_STYLE_ASSIGNMENT((#10641));
#10641=SURFACE_STYLE_USAGE(.BOTH.,#10642);
#10642=SURFACE_SIDE_STYLE('',(#10643));
#10643=SURFACE_STYLE_FILL_AREA(#10644);
#10644=FILL_AREA_STYLE('Stahl - satiniert',(#10645));
#10645=FILL_AREA_STYLE_COLOUR('Stahl - satiniert',#10646);
#10646=COLOUR_RGB('Stahl - satiniert',0.627450980392157,0.627450980392157,
0.627450980392157);
ENDSEC;
END-ISO-10303-21;
