ISO-10303-21;
HEADER;
/* Generated by software containing ST-Developer
 * from STEP Tools, Inc. (www.steptools.com) 
 */

FILE_DESCRIPTION(
/* description */ (''),
/* implementation_level */ '2;1');

FILE_NAME(
/* name */ 'Gehaweuse 2.step',
/* time_stamp */ '2026-10-02T07:36:26+02:00',
/* author */ (''),
/* organization */ (''),
/* preprocessor_version */ 'ST-DEVELOPER v20.2',
/* originating_system */ 'Autodesk Translation Framework v15.15.0.0',
/* authorisation */ '');

FILE_SCHEMA (('AUTOMOTIVE_DESIGN { 1 0 10303 214 3 1 1 }'));
ENDSEC;

DATA;
#10=MECHANICAL_DESIGN_GEOMETRIC_PRESENTATION_REPRESENTATION('',(#13),#10355);
#11=SHAPE_REPRESENTATION_RELATIONSHIP('SRR','None',#10362,#12);
#12=ADVANCED_BREP_SHAPE_REPRESENTATION('',(#14),#10354);
#13=STYLED_ITEM('',(#10371),#14);
#14=MANIFOLD_SOLID_BREP('K\X\F6rper1',#6097);
#15=TOROIDAL_SURFACE('',#6297,3.71593815035858,3.1);
#16=ELLIPSE('',#6294,4.3840620433566,3.1);
#17=ELLIPSE('',#6303,4.3840620433566,3.1);
#18=CYLINDRICAL_SURFACE('',#6160,4.);
#19=CYLINDRICAL_SURFACE('',#6164,4.);
#20=CYLINDRICAL_SURFACE('',#6170,2.);
#21=CYLINDRICAL_SURFACE('',#6173,2.);
#22=CYLINDRICAL_SURFACE('',#6237,3.5);
#23=CYLINDRICAL_SURFACE('',#6241,3.5);
#24=CYLINDRICAL_SURFACE('',#6245,3.5);
#25=CYLINDRICAL_SURFACE('',#6249,3.5);
#26=CYLINDRICAL_SURFACE('',#6293,3.1);
#27=CYLINDRICAL_SURFACE('',#6301,3.1);
#28=CYLINDRICAL_SURFACE('',#6313,6.00000019371517);
#29=CYLINDRICAL_SURFACE('',#6336,6.00000019371517);
#30=CYLINDRICAL_SURFACE('',#6340,6.);
#31=CYLINDRICAL_SURFACE('',#6342,1.8);
#32=CYLINDRICAL_SURFACE('',#6346,1.8);
#33=CYLINDRICAL_SURFACE('',#6351,1.8);
#34=CYLINDRICAL_SURFACE('',#6358,1.8);
#35=CYLINDRICAL_SURFACE('',#6361,6.);
#36=CIRCLE('',#6152,5.);
#37=CIRCLE('',#6153,4.);
#38=CIRCLE('',#6157,5.);
#39=CIRCLE('',#6158,4.);
#40=CIRCLE('',#6161,4.);
#41=CIRCLE('',#6165,4.);
#42=CIRCLE('',#6167,2.);
#43=CIRCLE('',#6168,2.);
#44=CIRCLE('',#6171,2.);
#45=CIRCLE('',#6174,2.);
#46=CIRCLE('',#6231,4.5);
#47=CIRCLE('',#6232,3.5);
#48=CIRCLE('',#6234,4.5);
#49=CIRCLE('',#6235,4.49999999999999);
#50=CIRCLE('',#6236,4.49999999999999);
#51=CIRCLE('',#6238,3.5);
#52=CIRCLE('',#6240,3.5);
#53=CIRCLE('',#6242,3.5);
#54=CIRCLE('',#6244,3.5);
#55=CIRCLE('',#6246,3.5);
#56=CIRCLE('',#6248,3.5);
#57=CIRCLE('',#6250,3.5);
#58=CIRCLE('',#6260,6.);
#59=CIRCLE('',#6261,6.00000019371517);
#60=CIRCLE('',#6262,6.00000019371517);
#61=CIRCLE('',#6263,6.);
#62=CIRCLE('',#6295,3.1);
#63=CIRCLE('',#6296,3.1);
#64=CIRCLE('',#6298,3.1);
#65=CIRCLE('',#6299,5.90796917203688);
#66=CIRCLE('',#6300,3.71593815035858);
#67=CIRCLE('',#6302,3.1);
#68=CIRCLE('',#6306,1.8);
#69=CIRCLE('',#6310,6.00000019371517);
#70=CIRCLE('',#6318,5.00000019371517);
#71=CIRCLE('',#6319,6.00000019371517);
#72=CIRCLE('',#6323,1.8);
#73=CIRCLE('',#6333,6.);
#74=CIRCLE('',#6334,1.8);
#75=CIRCLE('',#6343,1.8);
#76=CIRCLE('',#6347,1.8);
#77=CIRCLE('',#6352,1.8);
#78=CIRCLE('',#6356,6.);
#79=CIRCLE('',#6357,1.8);
#80=CIRCLE('',#6359,1.8);
#81=CONICAL_SURFACE('',#6151,4.5,0.785398163397445);
#82=CONICAL_SURFACE('',#6156,4.5,0.785398163397444);
#83=CONICAL_SURFACE('',#6230,4.,0.785398163397448);
#84=CONICAL_SURFACE('',#6239,4.,0.785398163397448);
#85=CONICAL_SURFACE('',#6243,3.99999999999999,0.785398163397448);
#86=CONICAL_SURFACE('',#6247,3.99999999999999,0.785398163397448);
#87=CONICAL_SURFACE('',#6309,5.50000019371517,0.785398163397447);
#88=CONICAL_SURFACE('',#6317,5.50000019371517,0.785398163397447);
#89=FACE_BOUND('',#716,.T.);
#90=FACE_BOUND('',#751,.T.);
#91=FACE_BOUND('',#752,.T.);
#92=FACE_BOUND('',#781,.T.);
#93=FACE_BOUND('',#782,.T.);
#94=FACE_BOUND('',#783,.T.);
#95=FACE_BOUND('',#784,.T.);
#96=FACE_BOUND('',#785,.T.);
#97=FACE_BOUND('',#786,.T.);
#98=FACE_BOUND('',#787,.T.);
#99=FACE_BOUND('',#791,.T.);
#100=FACE_BOUND('',#810,.T.);
#101=FACE_BOUND('',#876,.T.);
#102=FACE_BOUND('',#877,.T.);
#103=FACE_BOUND('',#878,.T.);
#104=FACE_BOUND('',#879,.T.);
#105=FACE_BOUND('',#930,.T.);
#106=FACE_BOUND('',#944,.T.);
#107=FACE_BOUND('',#954,.T.);
#108=FACE_BOUND('',#964,.T.);
#109=FACE_BOUND('',#966,.T.);
#110=FACE_BOUND('',#971,.T.);
#111=FACE_BOUND('',#975,.T.);
#112=FACE_BOUND('',#977,.T.);
#113=FACE_BOUND('',#982,.T.);
#114=FACE_BOUND('',#986,.T.);
#115=FACE_BOUND('',#987,.T.);
#116=FACE_BOUND('',#988,.T.);
#117=FACE_BOUND('',#989,.T.);
#118=FACE_BOUND('',#990,.T.);
#119=FACE_BOUND('',#992,.T.);
#120=PLANE('',#6111);
#121=PLANE('',#6112);
#122=PLANE('',#6113);
#123=PLANE('',#6114);
#124=PLANE('',#6115);
#125=PLANE('',#6116);
#126=PLANE('',#6117);
#127=PLANE('',#6118);
#128=PLANE('',#6119);
#129=PLANE('',#6120);
#130=PLANE('',#6121);
#131=PLANE('',#6122);
#132=PLANE('',#6123);
#133=PLANE('',#6124);
#134=PLANE('',#6125);
#135=PLANE('',#6126);
#136=PLANE('',#6127);
#137=PLANE('',#6128);
#138=PLANE('',#6129);
#139=PLANE('',#6130);
#140=PLANE('',#6131);
#141=PLANE('',#6132);
#142=PLANE('',#6133);
#143=PLANE('',#6134);
#144=PLANE('',#6135);
#145=PLANE('',#6136);
#146=PLANE('',#6137);
#147=PLANE('',#6138);
#148=PLANE('',#6139);
#149=PLANE('',#6140);
#150=PLANE('',#6141);
#151=PLANE('',#6142);
#152=PLANE('',#6143);
#153=PLANE('',#6144);
#154=PLANE('',#6145);
#155=PLANE('',#6146);
#156=PLANE('',#6147);
#157=PLANE('',#6148);
#158=PLANE('',#6149);
#159=PLANE('',#6150);
#160=PLANE('',#6154);
#161=PLANE('',#6155);
#162=PLANE('',#6159);
#163=PLANE('',#6162);
#164=PLANE('',#6163);
#165=PLANE('',#6166);
#166=PLANE('',#6169);
#167=PLANE('',#6172);
#168=PLANE('',#6175);
#169=PLANE('',#6176);
#170=PLANE('',#6177);
#171=PLANE('',#6178);
#172=PLANE('',#6179);
#173=PLANE('',#6180);
#174=PLANE('',#6181);
#175=PLANE('',#6182);
#176=PLANE('',#6183);
#177=PLANE('',#6184);
#178=PLANE('',#6185);
#179=PLANE('',#6186);
#180=PLANE('',#6187);
#181=PLANE('',#6188);
#182=PLANE('',#6189);
#183=PLANE('',#6190);
#184=PLANE('',#6191);
#185=PLANE('',#6192);
#186=PLANE('',#6193);
#187=PLANE('',#6194);
#188=PLANE('',#6195);
#189=PLANE('',#6196);
#190=PLANE('',#6197);
#191=PLANE('',#6198);
#192=PLANE('',#6199);
#193=PLANE('',#6200);
#194=PLANE('',#6201);
#195=PLANE('',#6202);
#196=PLANE('',#6203);
#197=PLANE('',#6204);
#198=PLANE('',#6205);
#199=PLANE('',#6206);
#200=PLANE('',#6207);
#201=PLANE('',#6208);
#202=PLANE('',#6209);
#203=PLANE('',#6210);
#204=PLANE('',#6211);
#205=PLANE('',#6212);
#206=PLANE('',#6213);
#207=PLANE('',#6214);
#208=PLANE('',#6215);
#209=PLANE('',#6216);
#210=PLANE('',#6217);
#211=PLANE('',#6218);
#212=PLANE('',#6219);
#213=PLANE('',#6220);
#214=PLANE('',#6221);
#215=PLANE('',#6222);
#216=PLANE('',#6223);
#217=PLANE('',#6224);
#218=PLANE('',#6225);
#219=PLANE('',#6226);
#220=PLANE('',#6227);
#221=PLANE('',#6228);
#222=PLANE('',#6229);
#223=PLANE('',#6233);
#224=PLANE('',#6251);
#225=PLANE('',#6252);
#226=PLANE('',#6253);
#227=PLANE('',#6254);
#228=PLANE('',#6255);
#229=PLANE('',#6256);
#230=PLANE('',#6257);
#231=PLANE('',#6258);
#232=PLANE('',#6259);
#233=PLANE('',#6264);
#234=PLANE('',#6265);
#235=PLANE('',#6266);
#236=PLANE('',#6267);
#237=PLANE('',#6268);
#238=PLANE('',#6269);
#239=PLANE('',#6270);
#240=PLANE('',#6271);
#241=PLANE('',#6272);
#242=PLANE('',#6273);
#243=PLANE('',#6274);
#244=PLANE('',#6275);
#245=PLANE('',#6276);
#246=PLANE('',#6277);
#247=PLANE('',#6278);
#248=PLANE('',#6279);
#249=PLANE('',#6280);
#250=PLANE('',#6281);
#251=PLANE('',#6282);
#252=PLANE('',#6283);
#253=PLANE('',#6284);
#254=PLANE('',#6285);
#255=PLANE('',#6286);
#256=PLANE('',#6287);
#257=PLANE('',#6288);
#258=PLANE('',#6289);
#259=PLANE('',#6290);
#260=PLANE('',#6291);
#261=PLANE('',#6292);
#262=PLANE('',#6304);
#263=PLANE('',#6305);
#264=PLANE('',#6307);
#265=PLANE('',#6308);
#266=PLANE('',#6311);
#267=PLANE('',#6312);
#268=PLANE('',#6314);
#269=PLANE('',#6315);
#270=PLANE('',#6316);
#271=PLANE('',#6320);
#272=PLANE('',#6321);
#273=PLANE('',#6322);
#274=PLANE('',#6324);
#275=PLANE('',#6325);
#276=PLANE('',#6326);
#277=PLANE('',#6327);
#278=PLANE('',#6328);
#279=PLANE('',#6329);
#280=PLANE('',#6330);
#281=PLANE('',#6331);
#282=PLANE('',#6332);
#283=PLANE('',#6335);
#284=PLANE('',#6337);
#285=PLANE('',#6338);
#286=PLANE('',#6339);
#287=PLANE('',#6341);
#288=PLANE('',#6344);
#289=PLANE('',#6345);
#290=PLANE('',#6348);
#291=PLANE('',#6349);
#292=PLANE('',#6350);
#293=PLANE('',#6353);
#294=PLANE('',#6354);
#295=PLANE('',#6355);
#296=PLANE('',#6360);
#297=PLANE('',#6362);
#298=PLANE('',#6363);
#299=PLANE('',#6364);
#300=PLANE('',#6365);
#301=PLANE('',#6366);
#302=FACE_OUTER_BOUND('',#632,.T.);
#303=FACE_OUTER_BOUND('',#633,.T.);
#304=FACE_OUTER_BOUND('',#634,.T.);
#305=FACE_OUTER_BOUND('',#635,.T.);
#306=FACE_OUTER_BOUND('',#636,.T.);
#307=FACE_OUTER_BOUND('',#637,.T.);
#308=FACE_OUTER_BOUND('',#638,.T.);
#309=FACE_OUTER_BOUND('',#639,.T.);
#310=FACE_OUTER_BOUND('',#640,.T.);
#311=FACE_OUTER_BOUND('',#641,.T.);
#312=FACE_OUTER_BOUND('',#642,.T.);
#313=FACE_OUTER_BOUND('',#643,.T.);
#314=FACE_OUTER_BOUND('',#644,.T.);
#315=FACE_OUTER_BOUND('',#645,.T.);
#316=FACE_OUTER_BOUND('',#646,.T.);
#317=FACE_OUTER_BOUND('',#647,.T.);
#318=FACE_OUTER_BOUND('',#648,.T.);
#319=FACE_OUTER_BOUND('',#649,.T.);
#320=FACE_OUTER_BOUND('',#650,.T.);
#321=FACE_OUTER_BOUND('',#651,.T.);
#322=FACE_OUTER_BOUND('',#652,.T.);
#323=FACE_OUTER_BOUND('',#653,.T.);
#324=FACE_OUTER_BOUND('',#654,.T.);
#325=FACE_OUTER_BOUND('',#655,.T.);
#326=FACE_OUTER_BOUND('',#656,.T.);
#327=FACE_OUTER_BOUND('',#657,.T.);
#328=FACE_OUTER_BOUND('',#658,.T.);
#329=FACE_OUTER_BOUND('',#659,.T.);
#330=FACE_OUTER_BOUND('',#660,.T.);
#331=FACE_OUTER_BOUND('',#661,.T.);
#332=FACE_OUTER_BOUND('',#662,.T.);
#333=FACE_OUTER_BOUND('',#663,.T.);
#334=FACE_OUTER_BOUND('',#664,.T.);
#335=FACE_OUTER_BOUND('',#665,.T.);
#336=FACE_OUTER_BOUND('',#666,.T.);
#337=FACE_OUTER_BOUND('',#667,.T.);
#338=FACE_OUTER_BOUND('',#668,.T.);
#339=FACE_OUTER_BOUND('',#669,.T.);
#340=FACE_OUTER_BOUND('',#670,.T.);
#341=FACE_OUTER_BOUND('',#671,.T.);
#342=FACE_OUTER_BOUND('',#672,.T.);
#343=FACE_OUTER_BOUND('',#673,.T.);
#344=FACE_OUTER_BOUND('',#674,.T.);
#345=FACE_OUTER_BOUND('',#675,.T.);
#346=FACE_OUTER_BOUND('',#676,.T.);
#347=FACE_OUTER_BOUND('',#677,.T.);
#348=FACE_OUTER_BOUND('',#678,.T.);
#349=FACE_OUTER_BOUND('',#679,.T.);
#350=FACE_OUTER_BOUND('',#680,.T.);
#351=FACE_OUTER_BOUND('',#681,.T.);
#352=FACE_OUTER_BOUND('',#682,.T.);
#353=FACE_OUTER_BOUND('',#683,.T.);
#354=FACE_OUTER_BOUND('',#684,.T.);
#355=FACE_OUTER_BOUND('',#685,.T.);
#356=FACE_OUTER_BOUND('',#686,.T.);
#357=FACE_OUTER_BOUND('',#687,.T.);
#358=FACE_OUTER_BOUND('',#688,.T.);
#359=FACE_OUTER_BOUND('',#689,.T.);
#360=FACE_OUTER_BOUND('',#690,.T.);
#361=FACE_OUTER_BOUND('',#691,.T.);
#362=FACE_OUTER_BOUND('',#692,.T.);
#363=FACE_OUTER_BOUND('',#693,.T.);
#364=FACE_OUTER_BOUND('',#694,.T.);
#365=FACE_OUTER_BOUND('',#695,.T.);
#366=FACE_OUTER_BOUND('',#696,.T.);
#367=FACE_OUTER_BOUND('',#697,.T.);
#368=FACE_OUTER_BOUND('',#698,.T.);
#369=FACE_OUTER_BOUND('',#699,.T.);
#370=FACE_OUTER_BOUND('',#700,.T.);
#371=FACE_OUTER_BOUND('',#701,.T.);
#372=FACE_OUTER_BOUND('',#702,.T.);
#373=FACE_OUTER_BOUND('',#703,.T.);
#374=FACE_OUTER_BOUND('',#704,.T.);
#375=FACE_OUTER_BOUND('',#705,.T.);
#376=FACE_OUTER_BOUND('',#706,.T.);
#377=FACE_OUTER_BOUND('',#707,.T.);
#378=FACE_OUTER_BOUND('',#708,.T.);
#379=FACE_OUTER_BOUND('',#709,.T.);
#380=FACE_OUTER_BOUND('',#710,.T.);
#381=FACE_OUTER_BOUND('',#711,.T.);
#382=FACE_OUTER_BOUND('',#712,.T.);
#383=FACE_OUTER_BOUND('',#713,.T.);
#384=FACE_OUTER_BOUND('',#714,.T.);
#385=FACE_OUTER_BOUND('',#715,.T.);
#386=FACE_OUTER_BOUND('',#717,.T.);
#387=FACE_OUTER_BOUND('',#718,.T.);
#388=FACE_OUTER_BOUND('',#719,.T.);
#389=FACE_OUTER_BOUND('',#720,.T.);
#390=FACE_OUTER_BOUND('',#721,.T.);
#391=FACE_OUTER_BOUND('',#722,.T.);
#392=FACE_OUTER_BOUND('',#723,.T.);
#393=FACE_OUTER_BOUND('',#724,.T.);
#394=FACE_OUTER_BOUND('',#725,.T.);
#395=FACE_OUTER_BOUND('',#726,.T.);
#396=FACE_OUTER_BOUND('',#727,.T.);
#397=FACE_OUTER_BOUND('',#728,.T.);
#398=FACE_OUTER_BOUND('',#729,.T.);
#399=FACE_OUTER_BOUND('',#730,.T.);
#400=FACE_OUTER_BOUND('',#731,.T.);
#401=FACE_OUTER_BOUND('',#732,.T.);
#402=FACE_OUTER_BOUND('',#733,.T.);
#403=FACE_OUTER_BOUND('',#734,.T.);
#404=FACE_OUTER_BOUND('',#735,.T.);
#405=FACE_OUTER_BOUND('',#736,.T.);
#406=FACE_OUTER_BOUND('',#737,.T.);
#407=FACE_OUTER_BOUND('',#738,.T.);
#408=FACE_OUTER_BOUND('',#739,.T.);
#409=FACE_OUTER_BOUND('',#740,.T.);
#410=FACE_OUTER_BOUND('',#741,.T.);
#411=FACE_OUTER_BOUND('',#742,.T.);
#412=FACE_OUTER_BOUND('',#743,.T.);
#413=FACE_OUTER_BOUND('',#744,.T.);
#414=FACE_OUTER_BOUND('',#745,.T.);
#415=FACE_OUTER_BOUND('',#746,.T.);
#416=FACE_OUTER_BOUND('',#747,.T.);
#417=FACE_OUTER_BOUND('',#748,.T.);
#418=FACE_OUTER_BOUND('',#749,.T.);
#419=FACE_OUTER_BOUND('',#750,.T.);
#420=FACE_OUTER_BOUND('',#753,.T.);
#421=FACE_OUTER_BOUND('',#754,.T.);
#422=FACE_OUTER_BOUND('',#755,.T.);
#423=FACE_OUTER_BOUND('',#756,.T.);
#424=FACE_OUTER_BOUND('',#757,.T.);
#425=FACE_OUTER_BOUND('',#758,.T.);
#426=FACE_OUTER_BOUND('',#759,.T.);
#427=FACE_OUTER_BOUND('',#760,.T.);
#428=FACE_OUTER_BOUND('',#761,.T.);
#429=FACE_OUTER_BOUND('',#762,.T.);
#430=FACE_OUTER_BOUND('',#763,.T.);
#431=FACE_OUTER_BOUND('',#764,.T.);
#432=FACE_OUTER_BOUND('',#765,.T.);
#433=FACE_OUTER_BOUND('',#766,.T.);
#434=FACE_OUTER_BOUND('',#767,.T.);
#435=FACE_OUTER_BOUND('',#768,.T.);
#436=FACE_OUTER_BOUND('',#769,.T.);
#437=FACE_OUTER_BOUND('',#770,.T.);
#438=FACE_OUTER_BOUND('',#771,.T.);
#439=FACE_OUTER_BOUND('',#772,.T.);
#440=FACE_OUTER_BOUND('',#773,.T.);
#441=FACE_OUTER_BOUND('',#774,.T.);
#442=FACE_OUTER_BOUND('',#775,.T.);
#443=FACE_OUTER_BOUND('',#776,.T.);
#444=FACE_OUTER_BOUND('',#777,.T.);
#445=FACE_OUTER_BOUND('',#778,.T.);
#446=FACE_OUTER_BOUND('',#779,.T.);
#447=FACE_OUTER_BOUND('',#780,.T.);
#448=FACE_OUTER_BOUND('',#788,.T.);
#449=FACE_OUTER_BOUND('',#789,.T.);
#450=FACE_OUTER_BOUND('',#790,.T.);
#451=FACE_OUTER_BOUND('',#792,.T.);
#452=FACE_OUTER_BOUND('',#793,.T.);
#453=FACE_OUTER_BOUND('',#794,.T.);
#454=FACE_OUTER_BOUND('',#795,.T.);
#455=FACE_OUTER_BOUND('',#796,.T.);
#456=FACE_OUTER_BOUND('',#797,.T.);
#457=FACE_OUTER_BOUND('',#798,.T.);
#458=FACE_OUTER_BOUND('',#799,.T.);
#459=FACE_OUTER_BOUND('',#800,.T.);
#460=FACE_OUTER_BOUND('',#801,.T.);
#461=FACE_OUTER_BOUND('',#802,.T.);
#462=FACE_OUTER_BOUND('',#803,.T.);
#463=FACE_OUTER_BOUND('',#804,.T.);
#464=FACE_OUTER_BOUND('',#805,.T.);
#465=FACE_OUTER_BOUND('',#806,.T.);
#466=FACE_OUTER_BOUND('',#807,.T.);
#467=FACE_OUTER_BOUND('',#808,.T.);
#468=FACE_OUTER_BOUND('',#809,.T.);
#469=FACE_OUTER_BOUND('',#811,.T.);
#470=FACE_OUTER_BOUND('',#812,.T.);
#471=FACE_OUTER_BOUND('',#813,.T.);
#472=FACE_OUTER_BOUND('',#814,.T.);
#473=FACE_OUTER_BOUND('',#815,.T.);
#474=FACE_OUTER_BOUND('',#816,.T.);
#475=FACE_OUTER_BOUND('',#817,.T.);
#476=FACE_OUTER_BOUND('',#818,.T.);
#477=FACE_OUTER_BOUND('',#819,.T.);
#478=FACE_OUTER_BOUND('',#820,.T.);
#479=FACE_OUTER_BOUND('',#821,.T.);
#480=FACE_OUTER_BOUND('',#822,.T.);
#481=FACE_OUTER_BOUND('',#823,.T.);
#482=FACE_OUTER_BOUND('',#824,.T.);
#483=FACE_OUTER_BOUND('',#825,.T.);
#484=FACE_OUTER_BOUND('',#826,.T.);
#485=FACE_OUTER_BOUND('',#827,.T.);
#486=FACE_OUTER_BOUND('',#828,.T.);
#487=FACE_OUTER_BOUND('',#829,.T.);
#488=FACE_OUTER_BOUND('',#830,.T.);
#489=FACE_OUTER_BOUND('',#831,.T.);
#490=FACE_OUTER_BOUND('',#832,.T.);
#491=FACE_OUTER_BOUND('',#833,.T.);
#492=FACE_OUTER_BOUND('',#834,.T.);
#493=FACE_OUTER_BOUND('',#835,.T.);
#494=FACE_OUTER_BOUND('',#836,.T.);
#495=FACE_OUTER_BOUND('',#837,.T.);
#496=FACE_OUTER_BOUND('',#838,.T.);
#497=FACE_OUTER_BOUND('',#839,.T.);
#498=FACE_OUTER_BOUND('',#840,.T.);
#499=FACE_OUTER_BOUND('',#841,.T.);
#500=FACE_OUTER_BOUND('',#842,.T.);
#501=FACE_OUTER_BOUND('',#843,.T.);
#502=FACE_OUTER_BOUND('',#844,.T.);
#503=FACE_OUTER_BOUND('',#845,.T.);
#504=FACE_OUTER_BOUND('',#846,.T.);
#505=FACE_OUTER_BOUND('',#847,.T.);
#506=FACE_OUTER_BOUND('',#848,.T.);
#507=FACE_OUTER_BOUND('',#849,.T.);
#508=FACE_OUTER_BOUND('',#850,.T.);
#509=FACE_OUTER_BOUND('',#851,.T.);
#510=FACE_OUTER_BOUND('',#852,.T.);
#511=FACE_OUTER_BOUND('',#853,.T.);
#512=FACE_OUTER_BOUND('',#854,.T.);
#513=FACE_OUTER_BOUND('',#855,.T.);
#514=FACE_OUTER_BOUND('',#856,.T.);
#515=FACE_OUTER_BOUND('',#857,.T.);
#516=FACE_OUTER_BOUND('',#858,.T.);
#517=FACE_OUTER_BOUND('',#859,.T.);
#518=FACE_OUTER_BOUND('',#860,.T.);
#519=FACE_OUTER_BOUND('',#861,.T.);
#520=FACE_OUTER_BOUND('',#862,.T.);
#521=FACE_OUTER_BOUND('',#863,.T.);
#522=FACE_OUTER_BOUND('',#864,.T.);
#523=FACE_OUTER_BOUND('',#865,.T.);
#524=FACE_OUTER_BOUND('',#866,.T.);
#525=FACE_OUTER_BOUND('',#867,.T.);
#526=FACE_OUTER_BOUND('',#868,.T.);
#527=FACE_OUTER_BOUND('',#869,.T.);
#528=FACE_OUTER_BOUND('',#870,.T.);
#529=FACE_OUTER_BOUND('',#871,.T.);
#530=FACE_OUTER_BOUND('',#872,.T.);
#531=FACE_OUTER_BOUND('',#873,.T.);
#532=FACE_OUTER_BOUND('',#874,.T.);
#533=FACE_OUTER_BOUND('',#875,.T.);
#534=FACE_OUTER_BOUND('',#880,.T.);
#535=FACE_OUTER_BOUND('',#881,.T.);
#536=FACE_OUTER_BOUND('',#882,.T.);
#537=FACE_OUTER_BOUND('',#883,.T.);
#538=FACE_OUTER_BOUND('',#884,.T.);
#539=FACE_OUTER_BOUND('',#885,.T.);
#540=FACE_OUTER_BOUND('',#886,.T.);
#541=FACE_OUTER_BOUND('',#887,.T.);
#542=FACE_OUTER_BOUND('',#888,.T.);
#543=FACE_OUTER_BOUND('',#889,.T.);
#544=FACE_OUTER_BOUND('',#890,.T.);
#545=FACE_OUTER_BOUND('',#891,.T.);
#546=FACE_OUTER_BOUND('',#892,.T.);
#547=FACE_OUTER_BOUND('',#893,.T.);
#548=FACE_OUTER_BOUND('',#894,.T.);
#549=FACE_OUTER_BOUND('',#895,.T.);
#550=FACE_OUTER_BOUND('',#896,.T.);
#551=FACE_OUTER_BOUND('',#897,.T.);
#552=FACE_OUTER_BOUND('',#898,.T.);
#553=FACE_OUTER_BOUND('',#899,.T.);
#554=FACE_OUTER_BOUND('',#900,.T.);
#555=FACE_OUTER_BOUND('',#901,.T.);
#556=FACE_OUTER_BOUND('',#902,.T.);
#557=FACE_OUTER_BOUND('',#903,.T.);
#558=FACE_OUTER_BOUND('',#904,.T.);
#559=FACE_OUTER_BOUND('',#905,.T.);
#560=FACE_OUTER_BOUND('',#906,.T.);
#561=FACE_OUTER_BOUND('',#907,.T.);
#562=FACE_OUTER_BOUND('',#908,.T.);
#563=FACE_OUTER_BOUND('',#909,.T.);
#564=FACE_OUTER_BOUND('',#910,.T.);
#565=FACE_OUTER_BOUND('',#911,.T.);
#566=FACE_OUTER_BOUND('',#912,.T.);
#567=FACE_OUTER_BOUND('',#913,.T.);
#568=FACE_OUTER_BOUND('',#914,.T.);
#569=FACE_OUTER_BOUND('',#915,.T.);
#570=FACE_OUTER_BOUND('',#916,.T.);
#571=FACE_OUTER_BOUND('',#917,.T.);
#572=FACE_OUTER_BOUND('',#918,.T.);
#573=FACE_OUTER_BOUND('',#919,.T.);
#574=FACE_OUTER_BOUND('',#920,.T.);
#575=FACE_OUTER_BOUND('',#921,.T.);
#576=FACE_OUTER_BOUND('',#922,.T.);
#577=FACE_OUTER_BOUND('',#923,.T.);
#578=FACE_OUTER_BOUND('',#924,.T.);
#579=FACE_OUTER_BOUND('',#925,.T.);
#580=FACE_OUTER_BOUND('',#926,.T.);
#581=FACE_OUTER_BOUND('',#927,.T.);
#582=FACE_OUTER_BOUND('',#928,.T.);
#583=FACE_OUTER_BOUND('',#929,.T.);
#584=FACE_OUTER_BOUND('',#931,.T.);
#585=FACE_OUTER_BOUND('',#932,.T.);
#586=FACE_OUTER_BOUND('',#933,.T.);
#587=FACE_OUTER_BOUND('',#934,.T.);
#588=FACE_OUTER_BOUND('',#935,.T.);
#589=FACE_OUTER_BOUND('',#936,.T.);
#590=FACE_OUTER_BOUND('',#937,.T.);
#591=FACE_OUTER_BOUND('',#938,.T.);
#592=FACE_OUTER_BOUND('',#939,.T.);
#593=FACE_OUTER_BOUND('',#940,.T.);
#594=FACE_OUTER_BOUND('',#941,.T.);
#595=FACE_OUTER_BOUND('',#942,.T.);
#596=FACE_OUTER_BOUND('',#943,.T.);
#597=FACE_OUTER_BOUND('',#945,.T.);
#598=FACE_OUTER_BOUND('',#946,.T.);
#599=FACE_OUTER_BOUND('',#947,.T.);
#600=FACE_OUTER_BOUND('',#948,.T.);
#601=FACE_OUTER_BOUND('',#949,.T.);
#602=FACE_OUTER_BOUND('',#950,.T.);
#603=FACE_OUTER_BOUND('',#951,.T.);
#604=FACE_OUTER_BOUND('',#952,.T.);
#605=FACE_OUTER_BOUND('',#953,.T.);
#606=FACE_OUTER_BOUND('',#955,.T.);
#607=FACE_OUTER_BOUND('',#956,.T.);
#608=FACE_OUTER_BOUND('',#957,.T.);
#609=FACE_OUTER_BOUND('',#958,.T.);
#610=FACE_OUTER_BOUND('',#959,.T.);
#611=FACE_OUTER_BOUND('',#960,.T.);
#612=FACE_OUTER_BOUND('',#961,.T.);
#613=FACE_OUTER_BOUND('',#962,.T.);
#614=FACE_OUTER_BOUND('',#963,.T.);
#615=FACE_OUTER_BOUND('',#965,.T.);
#616=FACE_OUTER_BOUND('',#967,.T.);
#617=FACE_OUTER_BOUND('',#968,.T.);
#618=FACE_OUTER_BOUND('',#969,.T.);
#619=FACE_OUTER_BOUND('',#970,.T.);
#620=FACE_OUTER_BOUND('',#972,.T.);
#621=FACE_OUTER_BOUND('',#973,.T.);
#622=FACE_OUTER_BOUND('',#974,.T.);
#623=FACE_OUTER_BOUND('',#976,.T.);
#624=FACE_OUTER_BOUND('',#978,.T.);
#625=FACE_OUTER_BOUND('',#979,.T.);
#626=FACE_OUTER_BOUND('',#980,.T.);
#627=FACE_OUTER_BOUND('',#981,.T.);
#628=FACE_OUTER_BOUND('',#983,.T.);
#629=FACE_OUTER_BOUND('',#984,.T.);
#630=FACE_OUTER_BOUND('',#985,.T.);
#631=FACE_OUTER_BOUND('',#991,.T.);
#632=EDGE_LOOP('',(#3880,#3881,#3882,#3883));
#633=EDGE_LOOP('',(#3884,#3885,#3886,#3887));
#634=EDGE_LOOP('',(#3888,#3889,#3890,#3891));
#635=EDGE_LOOP('',(#3892,#3893,#3894,#3895));
#636=EDGE_LOOP('',(#3896,#3897,#3898,#3899));
#637=EDGE_LOOP('',(#3900,#3901,#3902,#3903));
#638=EDGE_LOOP('',(#3904,#3905,#3906,#3907));
#639=EDGE_LOOP('',(#3908,#3909,#3910,#3911));
#640=EDGE_LOOP('',(#3912,#3913,#3914,#3915));
#641=EDGE_LOOP('',(#3916,#3917,#3918,#3919));
#642=EDGE_LOOP('',(#3920,#3921,#3922,#3923));
#643=EDGE_LOOP('',(#3924,#3925,#3926,#3927));
#644=EDGE_LOOP('',(#3928,#3929,#3930,#3931));
#645=EDGE_LOOP('',(#3932,#3933,#3934,#3935));
#646=EDGE_LOOP('',(#3936,#3937,#3938,#3939));
#647=EDGE_LOOP('',(#3940,#3941,#3942,#3943));
#648=EDGE_LOOP('',(#3944,#3945,#3946,#3947));
#649=EDGE_LOOP('',(#3948,#3949,#3950,#3951));
#650=EDGE_LOOP('',(#3952,#3953,#3954,#3955));
#651=EDGE_LOOP('',(#3956,#3957,#3958,#3959));
#652=EDGE_LOOP('',(#3960,#3961,#3962,#3963));
#653=EDGE_LOOP('',(#3964,#3965,#3966,#3967));
#654=EDGE_LOOP('',(#3968,#3969,#3970,#3971));
#655=EDGE_LOOP('',(#3972,#3973,#3974,#3975));
#656=EDGE_LOOP('',(#3976,#3977,#3978,#3979));
#657=EDGE_LOOP('',(#3980,#3981,#3982,#3983));
#658=EDGE_LOOP('',(#3984,#3985,#3986,#3987));
#659=EDGE_LOOP('',(#3988,#3989,#3990,#3991));
#660=EDGE_LOOP('',(#3992,#3993,#3994,#3995));
#661=EDGE_LOOP('',(#3996,#3997,#3998,#3999));
#662=EDGE_LOOP('',(#4000,#4001,#4002,#4003));
#663=EDGE_LOOP('',(#4004,#4005,#4006,#4007));
#664=EDGE_LOOP('',(#4008,#4009,#4010,#4011));
#665=EDGE_LOOP('',(#4012,#4013,#4014,#4015));
#666=EDGE_LOOP('',(#4016,#4017,#4018,#4019));
#667=EDGE_LOOP('',(#4020,#4021,#4022,#4023,#4024,#4025,#4026,#4027,#4028,
#4029,#4030,#4031,#4032,#4033,#4034,#4035,#4036,#4037,#4038,#4039,#4040,
#4041,#4042,#4043,#4044,#4045,#4046,#4047,#4048,#4049,#4050,#4051,#4052,
#4053,#4054));
#668=EDGE_LOOP('',(#4055,#4056,#4057,#4058));
#669=EDGE_LOOP('',(#4059,#4060,#4061,#4062));
#670=EDGE_LOOP('',(#4063,#4064,#4065,#4066));
#671=EDGE_LOOP('',(#4067,#4068,#4069,#4070));
#672=EDGE_LOOP('',(#4071,#4072,#4073,#4074));
#673=EDGE_LOOP('',(#4075,#4076,#4077,#4078));
#674=EDGE_LOOP('',(#4079,#4080,#4081,#4082));
#675=EDGE_LOOP('',(#4083,#4084,#4085,#4086));
#676=EDGE_LOOP('',(#4087,#4088,#4089,#4090,#4091,#4092,#4093,#4094));
#677=EDGE_LOOP('',(#4095,#4096,#4097,#4098));
#678=EDGE_LOOP('',(#4099,#4100,#4101,#4102));
#679=EDGE_LOOP('',(#4103,#4104,#4105,#4106));
#680=EDGE_LOOP('',(#4107,#4108,#4109,#4110));
#681=EDGE_LOOP('',(#4111,#4112,#4113,#4114));
#682=EDGE_LOOP('',(#4115,#4116,#4117,#4118));
#683=EDGE_LOOP('',(#4119,#4120,#4121,#4122));
#684=EDGE_LOOP('',(#4123,#4124,#4125,#4126));
#685=EDGE_LOOP('',(#4127,#4128,#4129,#4130));
#686=EDGE_LOOP('',(#4131,#4132,#4133,#4134));
#687=EDGE_LOOP('',(#4135,#4136,#4137,#4138));
#688=EDGE_LOOP('',(#4139,#4140,#4141,#4142));
#689=EDGE_LOOP('',(#4143,#4144,#4145,#4146));
#690=EDGE_LOOP('',(#4147,#4148,#4149,#4150));
#691=EDGE_LOOP('',(#4151,#4152,#4153,#4154));
#692=EDGE_LOOP('',(#4155,#4156,#4157,#4158));
#693=EDGE_LOOP('',(#4159,#4160,#4161,#4162));
#694=EDGE_LOOP('',(#4163,#4164,#4165,#4166,#4167,#4168,#4169,#4170,#4171,
#4172,#4173,#4174,#4175,#4176,#4177,#4178,#4179));
#695=EDGE_LOOP('',(#4180,#4181,#4182,#4183));
#696=EDGE_LOOP('',(#4184,#4185,#4186,#4187));
#697=EDGE_LOOP('',(#4188,#4189,#4190,#4191));
#698=EDGE_LOOP('',(#4192,#4193,#4194,#4195));
#699=EDGE_LOOP('',(#4196,#4197,#4198,#4199));
#700=EDGE_LOOP('',(#4200,#4201,#4202,#4203));
#701=EDGE_LOOP('',(#4204,#4205,#4206,#4207));
#702=EDGE_LOOP('',(#4208,#4209,#4210,#4211));
#703=EDGE_LOOP('',(#4212,#4213,#4214,#4215));
#704=EDGE_LOOP('',(#4216,#4217,#4218,#4219));
#705=EDGE_LOOP('',(#4220,#4221,#4222,#4223));
#706=EDGE_LOOP('',(#4224,#4225,#4226,#4227));
#707=EDGE_LOOP('',(#4228,#4229,#4230,#4231));
#708=EDGE_LOOP('',(#4232,#4233,#4234,#4235));
#709=EDGE_LOOP('',(#4236,#4237,#4238,#4239));
#710=EDGE_LOOP('',(#4240,#4241,#4242,#4243));
#711=EDGE_LOOP('',(#4244,#4245,#4246,#4247));
#712=EDGE_LOOP('',(#4248,#4249,#4250,#4251));
#713=EDGE_LOOP('',(#4252,#4253,#4254,#4255));
#714=EDGE_LOOP('',(#4256,#4257,#4258,#4259));
#715=EDGE_LOOP('',(#4260,#4261,#4262,#4263,#4264,#4265,#4266,#4267,#4268,
#4269,#4270));
#716=EDGE_LOOP('',(#4271,#4272,#4273,#4274,#4275,#4276,#4277,#4278,#4279));
#717=EDGE_LOOP('',(#4280,#4281,#4282,#4283));
#718=EDGE_LOOP('',(#4284,#4285,#4286,#4287));
#719=EDGE_LOOP('',(#4288,#4289,#4290,#4291));
#720=EDGE_LOOP('',(#4292,#4293,#4294,#4295));
#721=EDGE_LOOP('',(#4296,#4297,#4298,#4299));
#722=EDGE_LOOP('',(#4300,#4301,#4302,#4303));
#723=EDGE_LOOP('',(#4304,#4305,#4306,#4307));
#724=EDGE_LOOP('',(#4308,#4309,#4310,#4311));
#725=EDGE_LOOP('',(#4312,#4313,#4314,#4315));
#726=EDGE_LOOP('',(#4316,#4317,#4318,#4319));
#727=EDGE_LOOP('',(#4320,#4321,#4322,#4323));
#728=EDGE_LOOP('',(#4324,#4325,#4326,#4327));
#729=EDGE_LOOP('',(#4328,#4329,#4330,#4331));
#730=EDGE_LOOP('',(#4332,#4333,#4334,#4335));
#731=EDGE_LOOP('',(#4336,#4337,#4338,#4339));
#732=EDGE_LOOP('',(#4340,#4341,#4342,#4343));
#733=EDGE_LOOP('',(#4344,#4345,#4346,#4347));
#734=EDGE_LOOP('',(#4348,#4349,#4350,#4351));
#735=EDGE_LOOP('',(#4352,#4353,#4354,#4355));
#736=EDGE_LOOP('',(#4356,#4357,#4358,#4359));
#737=EDGE_LOOP('',(#4360,#4361,#4362,#4363));
#738=EDGE_LOOP('',(#4364,#4365,#4366,#4367));
#739=EDGE_LOOP('',(#4368,#4369,#4370,#4371));
#740=EDGE_LOOP('',(#4372,#4373,#4374,#4375));
#741=EDGE_LOOP('',(#4376,#4377,#4378,#4379));
#742=EDGE_LOOP('',(#4380,#4381,#4382,#4383));
#743=EDGE_LOOP('',(#4384,#4385,#4386,#4387));
#744=EDGE_LOOP('',(#4388,#4389,#4390,#4391));
#745=EDGE_LOOP('',(#4392,#4393,#4394,#4395));
#746=EDGE_LOOP('',(#4396,#4397,#4398,#4399));
#747=EDGE_LOOP('',(#4400,#4401,#4402,#4403));
#748=EDGE_LOOP('',(#4404,#4405,#4406,#4407));
#749=EDGE_LOOP('',(#4408,#4409,#4410,#4411));
#750=EDGE_LOOP('',(#4412,#4413,#4414,#4415,#4416,#4417,#4418,#4419,#4420,
#4421,#4422,#4423,#4424,#4425));
#751=EDGE_LOOP('',(#4426,#4427,#4428,#4429,#4430,#4431,#4432,#4433,#4434,
#4435));
#752=EDGE_LOOP('',(#4436,#4437,#4438,#4439,#4440,#4441,#4442,#4443,#4444));
#753=EDGE_LOOP('',(#4445,#4446,#4447,#4448));
#754=EDGE_LOOP('',(#4449,#4450,#4451,#4452));
#755=EDGE_LOOP('',(#4453,#4454,#4455,#4456));
#756=EDGE_LOOP('',(#4457,#4458,#4459,#4460));
#757=EDGE_LOOP('',(#4461,#4462,#4463,#4464));
#758=EDGE_LOOP('',(#4465,#4466,#4467,#4468));
#759=EDGE_LOOP('',(#4469,#4470,#4471,#4472));
#760=EDGE_LOOP('',(#4473,#4474,#4475,#4476));
#761=EDGE_LOOP('',(#4477,#4478,#4479,#4480));
#762=EDGE_LOOP('',(#4481,#4482,#4483,#4484));
#763=EDGE_LOOP('',(#4485,#4486,#4487,#4488));
#764=EDGE_LOOP('',(#4489,#4490,#4491,#4492));
#765=EDGE_LOOP('',(#4493,#4494,#4495,#4496));
#766=EDGE_LOOP('',(#4497,#4498,#4499,#4500));
#767=EDGE_LOOP('',(#4501,#4502,#4503,#4504));
#768=EDGE_LOOP('',(#4505,#4506,#4507,#4508));
#769=EDGE_LOOP('',(#4509,#4510,#4511,#4512));
#770=EDGE_LOOP('',(#4513,#4514,#4515,#4516,#4517,#4518,#4519,#4520,#4521,
#4522,#4523,#4524,#4525,#4526,#4527,#4528,#4529));
#771=EDGE_LOOP('',(#4530,#4531,#4532,#4533,#4534,#4535,#4536,#4537,#4538,
#4539));
#772=EDGE_LOOP('',(#4540,#4541,#4542,#4543,#4544,#4545,#4546,#4547,#4548));
#773=EDGE_LOOP('',(#4549,#4550,#4551,#4552,#4553,#4554,#4555,#4556,#4557));
#774=EDGE_LOOP('',(#4558,#4559,#4560,#4561));
#775=EDGE_LOOP('',(#4562,#4563,#4564,#4565));
#776=EDGE_LOOP('',(#4566,#4567,#4568,#4569));
#777=EDGE_LOOP('',(#4570,#4571,#4572,#4573));
#778=EDGE_LOOP('',(#4574,#4575,#4576,#4577));
#779=EDGE_LOOP('',(#4578,#4579,#4580,#4581));
#780=EDGE_LOOP('',(#4582,#4583,#4584,#4585));
#781=EDGE_LOOP('',(#4586,#4587,#4588,#4589));
#782=EDGE_LOOP('',(#4590,#4591,#4592,#4593,#4594,#4595,#4596,#4597,#4598,
#4599,#4600,#4601,#4602,#4603,#4604,#4605,#4606));
#783=EDGE_LOOP('',(#4607,#4608,#4609,#4610,#4611,#4612,#4613,#4614,#4615,
#4616,#4617,#4618,#4619,#4620));
#784=EDGE_LOOP('',(#4621,#4622,#4623,#4624,#4625,#4626,#4627,#4628,#4629,
#4630,#4631));
#785=EDGE_LOOP('',(#4632,#4633,#4634,#4635,#4636,#4637,#4638,#4639,#4640,
#4641,#4642,#4643,#4644,#4645,#4646,#4647,#4648));
#786=EDGE_LOOP('',(#4649,#4650,#4651,#4652,#4653,#4654,#4655,#4656));
#787=EDGE_LOOP('',(#4657,#4658,#4659,#4660,#4661,#4662,#4663,#4664,#4665,
#4666,#4667,#4668,#4669,#4670,#4671,#4672,#4673,#4674,#4675,#4676,#4677,
#4678,#4679,#4680,#4681,#4682,#4683,#4684,#4685,#4686,#4687,#4688,#4689,
#4690,#4691));
#788=EDGE_LOOP('',(#4692,#4693,#4694,#4695));
#789=EDGE_LOOP('',(#4696,#4697,#4698,#4699));
#790=EDGE_LOOP('',(#4700,#4701,#4702,#4703));
#791=EDGE_LOOP('',(#4704,#4705,#4706,#4707));
#792=EDGE_LOOP('',(#4708,#4709,#4710,#4711));
#793=EDGE_LOOP('',(#4712,#4713,#4714,#4715));
#794=EDGE_LOOP('',(#4716,#4717,#4718,#4719));
#795=EDGE_LOOP('',(#4720,#4721,#4722,#4723));
#796=EDGE_LOOP('',(#4724,#4725,#4726,#4727));
#797=EDGE_LOOP('',(#4728,#4729,#4730,#4731));
#798=EDGE_LOOP('',(#4732,#4733,#4734,#4735));
#799=EDGE_LOOP('',(#4736,#4737,#4738,#4739));
#800=EDGE_LOOP('',(#4740,#4741,#4742,#4743));
#801=EDGE_LOOP('',(#4744,#4745,#4746,#4747));
#802=EDGE_LOOP('',(#4748,#4749,#4750,#4751));
#803=EDGE_LOOP('',(#4752,#4753,#4754,#4755));
#804=EDGE_LOOP('',(#4756,#4757,#4758,#4759));
#805=EDGE_LOOP('',(#4760,#4761,#4762,#4763));
#806=EDGE_LOOP('',(#4764,#4765,#4766,#4767));
#807=EDGE_LOOP('',(#4768,#4769,#4770,#4771));
#808=EDGE_LOOP('',(#4772,#4773,#4774,#4775));
#809=EDGE_LOOP('',(#4776,#4777,#4778,#4779,#4780,#4781,#4782,#4783));
#810=EDGE_LOOP('',(#4784,#4785,#4786,#4787,#4788));
#811=EDGE_LOOP('',(#4789,#4790,#4791,#4792));
#812=EDGE_LOOP('',(#4793,#4794,#4795,#4796));
#813=EDGE_LOOP('',(#4797,#4798,#4799,#4800));
#814=EDGE_LOOP('',(#4801,#4802,#4803,#4804));
#815=EDGE_LOOP('',(#4805,#4806,#4807,#4808));
#816=EDGE_LOOP('',(#4809,#4810,#4811,#4812));
#817=EDGE_LOOP('',(#4813,#4814,#4815,#4816));
#818=EDGE_LOOP('',(#4817,#4818,#4819,#4820));
#819=EDGE_LOOP('',(#4821,#4822,#4823,#4824));
#820=EDGE_LOOP('',(#4825,#4826,#4827,#4828));
#821=EDGE_LOOP('',(#4829,#4830,#4831,#4832));
#822=EDGE_LOOP('',(#4833,#4834,#4835,#4836));
#823=EDGE_LOOP('',(#4837,#4838,#4839,#4840,#4841,#4842,#4843,#4844,#4845,
#4846,#4847,#4848));
#824=EDGE_LOOP('',(#4849,#4850,#4851,#4852));
#825=EDGE_LOOP('',(#4853,#4854,#4855,#4856));
#826=EDGE_LOOP('',(#4857,#4858,#4859,#4860));
#827=EDGE_LOOP('',(#4861,#4862,#4863,#4864));
#828=EDGE_LOOP('',(#4865,#4866,#4867,#4868));
#829=EDGE_LOOP('',(#4869,#4870,#4871,#4872));
#830=EDGE_LOOP('',(#4873,#4874,#4875,#4876,#4877,#4878));
#831=EDGE_LOOP('',(#4879,#4880,#4881,#4882));
#832=EDGE_LOOP('',(#4883,#4884,#4885,#4886));
#833=EDGE_LOOP('',(#4887,#4888,#4889,#4890));
#834=EDGE_LOOP('',(#4891,#4892,#4893,#4894));
#835=EDGE_LOOP('',(#4895,#4896,#4897,#4898));
#836=EDGE_LOOP('',(#4899,#4900,#4901,#4902));
#837=EDGE_LOOP('',(#4903,#4904,#4905,#4906));
#838=EDGE_LOOP('',(#4907,#4908,#4909,#4910));
#839=EDGE_LOOP('',(#4911,#4912,#4913,#4914));
#840=EDGE_LOOP('',(#4915,#4916,#4917,#4918));
#841=EDGE_LOOP('',(#4919,#4920,#4921,#4922,#4923,#4924,#4925,#4926,#4927,
#4928));
#842=EDGE_LOOP('',(#4929,#4930,#4931,#4932));
#843=EDGE_LOOP('',(#4933,#4934,#4935,#4936));
#844=EDGE_LOOP('',(#4937,#4938,#4939,#4940));
#845=EDGE_LOOP('',(#4941,#4942,#4943,#4944));
#846=EDGE_LOOP('',(#4945,#4946,#4947,#4948));
#847=EDGE_LOOP('',(#4949,#4950,#4951,#4952));
#848=EDGE_LOOP('',(#4953,#4954,#4955,#4956));
#849=EDGE_LOOP('',(#4957,#4958,#4959,#4960));
#850=EDGE_LOOP('',(#4961,#4962,#4963,#4964));
#851=EDGE_LOOP('',(#4965,#4966,#4967,#4968));
#852=EDGE_LOOP('',(#4969,#4970,#4971,#4972));
#853=EDGE_LOOP('',(#4973,#4974,#4975,#4976));
#854=EDGE_LOOP('',(#4977,#4978,#4979,#4980));
#855=EDGE_LOOP('',(#4981,#4982,#4983,#4984));
#856=EDGE_LOOP('',(#4985,#4986,#4987,#4988));
#857=EDGE_LOOP('',(#4989,#4990,#4991,#4992));
#858=EDGE_LOOP('',(#4993,#4994,#4995,#4996));
#859=EDGE_LOOP('',(#4997,#4998,#4999,#5000));
#860=EDGE_LOOP('',(#5001,#5002,#5003,#5004));
#861=EDGE_LOOP('',(#5005,#5006,#5007,#5008));
#862=EDGE_LOOP('',(#5009,#5010,#5011,#5012));
#863=EDGE_LOOP('',(#5013,#5014,#5015,#5016));
#864=EDGE_LOOP('',(#5017,#5018,#5019,#5020,#5021,#5022,#5023,#5024,#5025,
#5026,#5027,#5028,#5029,#5030,#5031,#5032,#5033,#5034,#5035,#5036,#5037,
#5038));
#865=EDGE_LOOP('',(#5039,#5040,#5041,#5042,#5043));
#866=EDGE_LOOP('',(#5044,#5045,#5046,#5047,#5048));
#867=EDGE_LOOP('',(#5049,#5050,#5051,#5052));
#868=EDGE_LOOP('',(#5053,#5054,#5055,#5056,#5057));
#869=EDGE_LOOP('',(#5058,#5059,#5060,#5061,#5062,#5063));
#870=EDGE_LOOP('',(#5064,#5065,#5066,#5067));
#871=EDGE_LOOP('',(#5068,#5069,#5070,#5071,#5072,#5073));
#872=EDGE_LOOP('',(#5074,#5075,#5076,#5077,#5078));
#873=EDGE_LOOP('',(#5079,#5080,#5081,#5082,#5083));
#874=EDGE_LOOP('',(#5084,#5085,#5086,#5087));
#875=EDGE_LOOP('',(#5088,#5089,#5090,#5091,#5092,#5093,#5094,#5095));
#876=EDGE_LOOP('',(#5096));
#877=EDGE_LOOP('',(#5097));
#878=EDGE_LOOP('',(#5098));
#879=EDGE_LOOP('',(#5099));
#880=EDGE_LOOP('',(#5100,#5101,#5102,#5103));
#881=EDGE_LOOP('',(#5104,#5105,#5106,#5107));
#882=EDGE_LOOP('',(#5108,#5109,#5110,#5111));
#883=EDGE_LOOP('',(#5112,#5113,#5114,#5115));
#884=EDGE_LOOP('',(#5116,#5117,#5118,#5119));
#885=EDGE_LOOP('',(#5120,#5121,#5122,#5123));
#886=EDGE_LOOP('',(#5124,#5125,#5126,#5127));
#887=EDGE_LOOP('',(#5128,#5129,#5130,#5131,#5132));
#888=EDGE_LOOP('',(#5133,#5134,#5135,#5136));
#889=EDGE_LOOP('',(#5137,#5138,#5139,#5140));
#890=EDGE_LOOP('',(#5141,#5142,#5143,#5144));
#891=EDGE_LOOP('',(#5145,#5146,#5147,#5148));
#892=EDGE_LOOP('',(#5149,#5150,#5151,#5152,#5153));
#893=EDGE_LOOP('',(#5154,#5155,#5156,#5157));
#894=EDGE_LOOP('',(#5158,#5159,#5160,#5161,#5162,#5163,#5164,#5165,#5166,
#5167,#5168,#5169));
#895=EDGE_LOOP('',(#5170,#5171,#5172,#5173,#5174,#5175,#5176,#5177,#5178,
#5179,#5180,#5181,#5182,#5183,#5184,#5185,#5186,#5187,#5188,#5189,#5190,
#5191));
#896=EDGE_LOOP('',(#5192,#5193,#5194,#5195,#5196));
#897=EDGE_LOOP('',(#5197,#5198,#5199,#5200));
#898=EDGE_LOOP('',(#5201,#5202,#5203,#5204));
#899=EDGE_LOOP('',(#5205,#5206,#5207,#5208,#5209));
#900=EDGE_LOOP('',(#5210,#5211,#5212,#5213,#5214));
#901=EDGE_LOOP('',(#5215,#5216,#5217,#5218));
#902=EDGE_LOOP('',(#5219,#5220,#5221,#5222));
#903=EDGE_LOOP('',(#5223,#5224,#5225,#5226));
#904=EDGE_LOOP('',(#5227,#5228,#5229,#5230,#5231));
#905=EDGE_LOOP('',(#5232,#5233,#5234,#5235));
#906=EDGE_LOOP('',(#5236,#5237,#5238,#5239,#5240,#5241));
#907=EDGE_LOOP('',(#5242,#5243,#5244,#5245,#5246,#5247));
#908=EDGE_LOOP('',(#5248,#5249,#5250,#5251));
#909=EDGE_LOOP('',(#5252,#5253,#5254,#5255));
#910=EDGE_LOOP('',(#5256,#5257,#5258,#5259,#5260,#5261));
#911=EDGE_LOOP('',(#5262,#5263,#5264,#5265));
#912=EDGE_LOOP('',(#5266,#5267,#5268,#5269));
#913=EDGE_LOOP('',(#5270,#5271,#5272,#5273));
#914=EDGE_LOOP('',(#5274,#5275,#5276,#5277));
#915=EDGE_LOOP('',(#5278,#5279,#5280,#5281));
#916=EDGE_LOOP('',(#5282,#5283,#5284,#5285,#5286,#5287));
#917=EDGE_LOOP('',(#5288,#5289,#5290,#5291,#5292,#5293));
#918=EDGE_LOOP('',(#5294,#5295,#5296,#5297));
#919=EDGE_LOOP('',(#5298,#5299,#5300,#5301));
#920=EDGE_LOOP('',(#5302,#5303,#5304,#5305));
#921=EDGE_LOOP('',(#5306,#5307,#5308,#5309));
#922=EDGE_LOOP('',(#5310,#5311,#5312,#5313));
#923=EDGE_LOOP('',(#5314,#5315,#5316,#5317,#5318,#5319));
#924=EDGE_LOOP('',(#5320,#5321,#5322,#5323,#5324,#5325));
#925=EDGE_LOOP('',(#5326,#5327,#5328,#5329,#5330));
#926=EDGE_LOOP('',(#5331,#5332,#5333,#5334));
#927=EDGE_LOOP('',(#5335,#5336,#5337,#5338,#5339));
#928=EDGE_LOOP('',(#5340,#5341,#5342,#5343));
#929=EDGE_LOOP('',(#5344,#5345,#5346,#5347,#5348));
#930=EDGE_LOOP('',(#5349));
#931=EDGE_LOOP('',(#5350,#5351,#5352,#5353));
#932=EDGE_LOOP('',(#5354,#5355,#5356,#5357));
#933=EDGE_LOOP('',(#5358,#5359,#5360,#5361));
#934=EDGE_LOOP('',(#5362,#5363,#5364,#5365));
#935=EDGE_LOOP('',(#5366,#5367,#5368,#5369));
#936=EDGE_LOOP('',(#5370,#5371,#5372,#5373));
#937=EDGE_LOOP('',(#5374,#5375,#5376,#5377));
#938=EDGE_LOOP('',(#5378,#5379,#5380,#5381,#5382));
#939=EDGE_LOOP('',(#5383,#5384,#5385,#5386,#5387));
#940=EDGE_LOOP('',(#5388,#5389,#5390,#5391));
#941=EDGE_LOOP('',(#5392,#5393,#5394,#5395,#5396));
#942=EDGE_LOOP('',(#5397,#5398,#5399,#5400));
#943=EDGE_LOOP('',(#5401,#5402,#5403,#5404,#5405));
#944=EDGE_LOOP('',(#5406));
#945=EDGE_LOOP('',(#5407,#5408,#5409,#5410));
#946=EDGE_LOOP('',(#5411,#5412,#5413,#5414));
#947=EDGE_LOOP('',(#5415,#5416,#5417,#5418));
#948=EDGE_LOOP('',(#5419,#5420,#5421,#5422,#5423,#5424));
#949=EDGE_LOOP('',(#5425,#5426,#5427,#5428));
#950=EDGE_LOOP('',(#5429,#5430,#5431,#5432));
#951=EDGE_LOOP('',(#5433,#5434,#5435,#5436));
#952=EDGE_LOOP('',(#5437,#5438,#5439,#5440));
#953=EDGE_LOOP('',(#5441,#5442,#5443,#5444));
#954=EDGE_LOOP('',(#5445));
#955=EDGE_LOOP('',(#5446,#5447,#5448,#5449,#5450,#5451));
#956=EDGE_LOOP('',(#5452,#5453,#5454,#5455));
#957=EDGE_LOOP('',(#5456,#5457,#5458,#5459,#5460,#5461,#5462,#5463));
#958=EDGE_LOOP('',(#5464,#5465,#5466,#5467,#5468,#5469,#5470,#5471));
#959=EDGE_LOOP('',(#5472,#5473,#5474,#5475,#5476,#5477));
#960=EDGE_LOOP('',(#5478,#5479,#5480,#5481));
#961=EDGE_LOOP('',(#5482,#5483,#5484,#5485,#5486));
#962=EDGE_LOOP('',(#5487,#5488,#5489,#5490));
#963=EDGE_LOOP('',(#5491));
#964=EDGE_LOOP('',(#5492));
#965=EDGE_LOOP('',(#5493,#5494,#5495,#5496));
#966=EDGE_LOOP('',(#5497,#5498,#5499,#5500));
#967=EDGE_LOOP('',(#5501,#5502,#5503,#5504));
#968=EDGE_LOOP('',(#5505,#5506,#5507,#5508,#5509,#5510));
#969=EDGE_LOOP('',(#5511,#5512,#5513,#5514));
#970=EDGE_LOOP('',(#5515));
#971=EDGE_LOOP('',(#5516));
#972=EDGE_LOOP('',(#5517,#5518,#5519,#5520));
#973=EDGE_LOOP('',(#5521,#5522,#5523,#5524));
#974=EDGE_LOOP('',(#5525));
#975=EDGE_LOOP('',(#5526));
#976=EDGE_LOOP('',(#5527,#5528,#5529,#5530));
#977=EDGE_LOOP('',(#5531));
#978=EDGE_LOOP('',(#5532,#5533,#5534,#5535));
#979=EDGE_LOOP('',(#5536,#5537,#5538,#5539,#5540,#5541));
#980=EDGE_LOOP('',(#5542,#5543,#5544,#5545));
#981=EDGE_LOOP('',(#5546));
#982=EDGE_LOOP('',(#5547));
#983=EDGE_LOOP('',(#5548,#5549,#5550,#5551));
#984=EDGE_LOOP('',(#5552,#5553,#5554,#5555));
#985=EDGE_LOOP('',(#5556,#5557,#5558,#5559,#5560,#5561,#5562,#5563));
#986=EDGE_LOOP('',(#5564,#5565,#5566,#5567,#5568,#5569,#5570,#5571,#5572,
#5573,#5574,#5575,#5576,#5577,#5578,#5579,#5580,#5581,#5582,#5583,#5584,
#5585));
#987=EDGE_LOOP('',(#5586,#5587,#5588,#5589,#5590,#5591,#5592,#5593,#5594,
#5595));
#988=EDGE_LOOP('',(#5596,#5597,#5598,#5599,#5600,#5601));
#989=EDGE_LOOP('',(#5602,#5603,#5604,#5605,#5606,#5607,#5608,#5609,#5610,
#5611,#5612,#5613));
#990=EDGE_LOOP('',(#5614,#5615,#5616,#5617,#5618,#5619,#5620,#5621));
#991=EDGE_LOOP('',(#5622,#5623,#5624,#5625));
#992=EDGE_LOOP('',(#5626,#5627,#5628,#5629,#5630,#5631,#5632,#5633,#5634,
#5635,#5636,#5637,#5638,#5639,#5640,#5641,#5642,#5643,#5644,#5645));
#993=LINE('',#7488,#1587);
#994=LINE('',#7493,#1588);
#995=LINE('',#7505,#1589);
#996=LINE('',#7520,#1590);
#997=LINE('',#7535,#1591);
#998=LINE('',#7550,#1592);
#999=LINE('',#7565,#1593);
#1000=LINE('',#7580,#1594);
#1001=LINE('',#7595,#1595);
#1002=LINE('',#7610,#1596);
#1003=LINE('',#7625,#1597);
#1004=LINE('',#7640,#1598);
#1005=LINE('',#7655,#1599);
#1006=LINE('',#7670,#1600);
#1007=LINE('',#7685,#1601);
#1008=LINE('',#7691,#1602);
#1009=LINE('',#7693,#1603);
#1010=LINE('',#7694,#1604);
#1011=LINE('',#7706,#1605);
#1012=LINE('',#7721,#1606);
#1013=LINE('',#7736,#1607);
#1014=LINE('',#7751,#1608);
#1015=LINE('',#7766,#1609);
#1016=LINE('',#7781,#1610);
#1017=LINE('',#7796,#1611);
#1018=LINE('',#7811,#1612);
#1019=LINE('',#7826,#1613);
#1020=LINE('',#7841,#1614);
#1021=LINE('',#7856,#1615);
#1022=LINE('',#7871,#1616);
#1023=LINE('',#7886,#1617);
#1024=LINE('',#7901,#1618);
#1025=LINE('',#7916,#1619);
#1026=LINE('',#7931,#1620);
#1027=LINE('',#7946,#1621);
#1028=LINE('',#7961,#1622);
#1029=LINE('',#7967,#1623);
#1030=LINE('',#7969,#1624);
#1031=LINE('',#7970,#1625);
#1032=LINE('',#7987,#1626);
#1033=LINE('',#7989,#1627);
#1034=LINE('',#7991,#1628);
#1035=LINE('',#7992,#1629);
#1036=LINE('',#7995,#1630);
#1037=LINE('',#7997,#1631);
#1038=LINE('',#7998,#1632);
#1039=LINE('',#8001,#1633);
#1040=LINE('',#8003,#1634);
#1041=LINE('',#8004,#1635);
#1042=LINE('',#8007,#1636);
#1043=LINE('',#8009,#1637);
#1044=LINE('',#8010,#1638);
#1045=LINE('',#8013,#1639);
#1046=LINE('',#8015,#1640);
#1047=LINE('',#8016,#1641);
#1048=LINE('',#8019,#1642);
#1049=LINE('',#8021,#1643);
#1050=LINE('',#8022,#1644);
#1051=LINE('',#8025,#1645);
#1052=LINE('',#8027,#1646);
#1053=LINE('',#8028,#1647);
#1054=LINE('',#8030,#1648);
#1055=LINE('',#8031,#1649);
#1056=LINE('',#8045,#1650);
#1057=LINE('',#8050,#1651);
#1058=LINE('',#8062,#1652);
#1059=LINE('',#8077,#1653);
#1060=LINE('',#8092,#1654);
#1061=LINE('',#8107,#1655);
#1062=LINE('',#8113,#1656);
#1063=LINE('',#8115,#1657);
#1064=LINE('',#8116,#1658);
#1065=LINE('',#8119,#1659);
#1066=LINE('',#8121,#1660);
#1067=LINE('',#8122,#1661);
#1068=LINE('',#8125,#1662);
#1069=LINE('',#8127,#1663);
#1070=LINE('',#8128,#1664);
#1071=LINE('',#8140,#1665);
#1072=LINE('',#8155,#1666);
#1073=LINE('',#8170,#1667);
#1074=LINE('',#8185,#1668);
#1075=LINE('',#8200,#1669);
#1076=LINE('',#8215,#1670);
#1077=LINE('',#8221,#1671);
#1078=LINE('',#8223,#1672);
#1079=LINE('',#8224,#1673);
#1080=LINE('',#8227,#1674);
#1081=LINE('',#8229,#1675);
#1082=LINE('',#8230,#1676);
#1083=LINE('',#8232,#1677);
#1084=LINE('',#8233,#1678);
#1085=LINE('',#8247,#1679);
#1086=LINE('',#8252,#1680);
#1087=LINE('',#8264,#1681);
#1088=LINE('',#8279,#1682);
#1089=LINE('',#8294,#1683);
#1090=LINE('',#8309,#1684);
#1091=LINE('',#8324,#1685);
#1092=LINE('',#8339,#1686);
#1093=LINE('',#8354,#1687);
#1094=LINE('',#8382,#1688);
#1095=LINE('',#8387,#1689);
#1096=LINE('',#8399,#1690);
#1097=LINE('',#8414,#1691);
#1098=LINE('',#8429,#1692);
#1099=LINE('',#8444,#1693);
#1100=LINE('',#8459,#1694);
#1101=LINE('',#8474,#1695);
#1102=LINE('',#8489,#1696);
#1103=LINE('',#8504,#1697);
#1104=LINE('',#8519,#1698);
#1105=LINE('',#8539,#1699);
#1106=LINE('',#8541,#1700);
#1107=LINE('',#8543,#1701);
#1108=LINE('',#8544,#1702);
#1109=LINE('',#8556,#1703);
#1110=LINE('',#8571,#1704);
#1111=LINE('',#8586,#1705);
#1112=LINE('',#8601,#1706);
#1113=LINE('',#8616,#1707);
#1114=LINE('',#8631,#1708);
#1115=LINE('',#8637,#1709);
#1116=LINE('',#8639,#1710);
#1117=LINE('',#8640,#1711);
#1118=LINE('',#8642,#1712);
#1119=LINE('',#8643,#1713);
#1120=LINE('',#8647,#1714);
#1121=LINE('',#8649,#1715);
#1122=LINE('',#8651,#1716);
#1123=LINE('',#8652,#1717);
#1124=LINE('',#8664,#1718);
#1125=LINE('',#8679,#1719);
#1126=LINE('',#8694,#1720);
#1127=LINE('',#8709,#1721);
#1128=LINE('',#8724,#1722);
#1129=LINE('',#8739,#1723);
#1130=LINE('',#8754,#1724);
#1131=LINE('',#8760,#1725);
#1132=LINE('',#8762,#1726);
#1133=LINE('',#8763,#1727);
#1134=LINE('',#8765,#1728);
#1135=LINE('',#8766,#1729);
#1136=LINE('',#8779,#1730);
#1137=LINE('',#8784,#1731);
#1138=LINE('',#8796,#1732);
#1139=LINE('',#8811,#1733);
#1140=LINE('',#8826,#1734);
#1141=LINE('',#8841,#1735);
#1142=LINE('',#8856,#1736);
#1143=LINE('',#8871,#1737);
#1144=LINE('',#8886,#1738);
#1145=LINE('',#8901,#1739);
#1146=LINE('',#8916,#1740);
#1147=LINE('',#8931,#1741);
#1148=LINE('',#8937,#1742);
#1149=LINE('',#8939,#1743);
#1150=LINE('',#8940,#1744);
#1151=LINE('',#8943,#1745);
#1152=LINE('',#8945,#1746);
#1153=LINE('',#8946,#1747);
#1154=LINE('',#8948,#1748);
#1155=LINE('',#8949,#1749);
#1156=LINE('',#8963,#1750);
#1157=LINE('',#8968,#1751);
#1158=LINE('',#8980,#1752);
#1159=LINE('',#8995,#1753);
#1160=LINE('',#9010,#1754);
#1161=LINE('',#9025,#1755);
#1162=LINE('',#9031,#1756);
#1163=LINE('',#9033,#1757);
#1164=LINE('',#9034,#1758);
#1165=LINE('',#9037,#1759);
#1166=LINE('',#9039,#1760);
#1167=LINE('',#9040,#1761);
#1168=LINE('',#9043,#1762);
#1169=LINE('',#9045,#1763);
#1170=LINE('',#9046,#1764);
#1171=LINE('',#9058,#1765);
#1172=LINE('',#9073,#1766);
#1173=LINE('',#9088,#1767);
#1174=LINE('',#9103,#1768);
#1175=LINE('',#9118,#1769);
#1176=LINE('',#9133,#1770);
#1177=LINE('',#9139,#1771);
#1178=LINE('',#9141,#1772);
#1179=LINE('',#9142,#1773);
#1180=LINE('',#9145,#1774);
#1181=LINE('',#9147,#1775);
#1182=LINE('',#9148,#1776);
#1183=LINE('',#9150,#1777);
#1184=LINE('',#9151,#1778);
#1185=LINE('',#9159,#1779);
#1186=LINE('',#9163,#1780);
#1187=LINE('',#9167,#1781);
#1188=LINE('',#9169,#1782);
#1189=LINE('',#9170,#1783);
#1190=LINE('',#9174,#1784);
#1191=LINE('',#9175,#1785);
#1192=LINE('',#9176,#1786);
#1193=LINE('',#9182,#1787);
#1194=LINE('',#9184,#1788);
#1195=LINE('',#9185,#1789);
#1196=LINE('',#9188,#1790);
#1197=LINE('',#9193,#1791);
#1198=LINE('',#9195,#1792);
#1199=LINE('',#9197,#1793);
#1200=LINE('',#9198,#1794);
#1201=LINE('',#9201,#1795);
#1202=LINE('',#9202,#1796);
#1203=LINE('',#9210,#1797);
#1204=LINE('',#9213,#1798);
#1205=LINE('',#9216,#1799);
#1206=LINE('',#9218,#1800);
#1207=LINE('',#9219,#1801);
#1208=LINE('',#9222,#1802);
#1209=LINE('',#9226,#1803);
#1210=LINE('',#9227,#1804);
#1211=LINE('',#9242,#1805);
#1212=LINE('',#9247,#1806);
#1213=LINE('',#9259,#1807);
#1214=LINE('',#9265,#1808);
#1215=LINE('',#9267,#1809);
#1216=LINE('',#9268,#1810);
#1217=LINE('',#9271,#1811);
#1218=LINE('',#9273,#1812);
#1219=LINE('',#9274,#1813);
#1220=LINE('',#9276,#1814);
#1221=LINE('',#9277,#1815);
#1222=LINE('',#9281,#1816);
#1223=LINE('',#9283,#1817);
#1224=LINE('',#9285,#1818);
#1225=LINE('',#9286,#1819);
#1226=LINE('',#9289,#1820);
#1227=LINE('',#9291,#1821);
#1228=LINE('',#9292,#1822);
#1229=LINE('',#9295,#1823);
#1230=LINE('',#9297,#1824);
#1231=LINE('',#9298,#1825);
#1232=LINE('',#9301,#1826);
#1233=LINE('',#9303,#1827);
#1234=LINE('',#9304,#1828);
#1235=LINE('',#9307,#1829);
#1236=LINE('',#9309,#1830);
#1237=LINE('',#9310,#1831);
#1238=LINE('',#9313,#1832);
#1239=LINE('',#9315,#1833);
#1240=LINE('',#9316,#1834);
#1241=LINE('',#9319,#1835);
#1242=LINE('',#9321,#1836);
#1243=LINE('',#9322,#1837);
#1244=LINE('',#9324,#1838);
#1245=LINE('',#9325,#1839);
#1246=LINE('',#9330,#1840);
#1247=LINE('',#9332,#1841);
#1248=LINE('',#9334,#1842);
#1249=LINE('',#9335,#1843);
#1250=LINE('',#9338,#1844);
#1251=LINE('',#9340,#1845);
#1252=LINE('',#9341,#1846);
#1253=LINE('',#9344,#1847);
#1254=LINE('',#9346,#1848);
#1255=LINE('',#9347,#1849);
#1256=LINE('',#9350,#1850);
#1257=LINE('',#9352,#1851);
#1258=LINE('',#9353,#1852);
#1259=LINE('',#9356,#1853);
#1260=LINE('',#9358,#1854);
#1261=LINE('',#9359,#1855);
#1262=LINE('',#9362,#1856);
#1263=LINE('',#9364,#1857);
#1264=LINE('',#9365,#1858);
#1265=LINE('',#9368,#1859);
#1266=LINE('',#9370,#1860);
#1267=LINE('',#9371,#1861);
#1268=LINE('',#9374,#1862);
#1269=LINE('',#9376,#1863);
#1270=LINE('',#9377,#1864);
#1271=LINE('',#9380,#1865);
#1272=LINE('',#9382,#1866);
#1273=LINE('',#9383,#1867);
#1274=LINE('',#9386,#1868);
#1275=LINE('',#9388,#1869);
#1276=LINE('',#9389,#1870);
#1277=LINE('',#9392,#1871);
#1278=LINE('',#9394,#1872);
#1279=LINE('',#9395,#1873);
#1280=LINE('',#9397,#1874);
#1281=LINE('',#9398,#1875);
#1282=LINE('',#9403,#1876);
#1283=LINE('',#9405,#1877);
#1284=LINE('',#9407,#1878);
#1285=LINE('',#9408,#1879);
#1286=LINE('',#9411,#1880);
#1287=LINE('',#9413,#1881);
#1288=LINE('',#9414,#1882);
#1289=LINE('',#9417,#1883);
#1290=LINE('',#9419,#1884);
#1291=LINE('',#9420,#1885);
#1292=LINE('',#9423,#1886);
#1293=LINE('',#9425,#1887);
#1294=LINE('',#9426,#1888);
#1295=LINE('',#9429,#1889);
#1296=LINE('',#9431,#1890);
#1297=LINE('',#9432,#1891);
#1298=LINE('',#9434,#1892);
#1299=LINE('',#9435,#1893);
#1300=LINE('',#9440,#1894);
#1301=LINE('',#9442,#1895);
#1302=LINE('',#9444,#1896);
#1303=LINE('',#9445,#1897);
#1304=LINE('',#9448,#1898);
#1305=LINE('',#9450,#1899);
#1306=LINE('',#9451,#1900);
#1307=LINE('',#9454,#1901);
#1308=LINE('',#9456,#1902);
#1309=LINE('',#9457,#1903);
#1310=LINE('',#9460,#1904);
#1311=LINE('',#9462,#1905);
#1312=LINE('',#9463,#1906);
#1313=LINE('',#9466,#1907);
#1314=LINE('',#9468,#1908);
#1315=LINE('',#9469,#1909);
#1316=LINE('',#9472,#1910);
#1317=LINE('',#9474,#1911);
#1318=LINE('',#9475,#1912);
#1319=LINE('',#9478,#1913);
#1320=LINE('',#9480,#1914);
#1321=LINE('',#9481,#1915);
#1322=LINE('',#9484,#1916);
#1323=LINE('',#9486,#1917);
#1324=LINE('',#9487,#1918);
#1325=LINE('',#9490,#1919);
#1326=LINE('',#9492,#1920);
#1327=LINE('',#9493,#1921);
#1328=LINE('',#9495,#1922);
#1329=LINE('',#9496,#1923);
#1330=LINE('',#9510,#1924);
#1331=LINE('',#9515,#1925);
#1332=LINE('',#9527,#1926);
#1333=LINE('',#9542,#1927);
#1334=LINE('',#9557,#1928);
#1335=LINE('',#9572,#1929);
#1336=LINE('',#9587,#1930);
#1337=LINE('',#9602,#1931);
#1338=LINE('',#9617,#1932);
#1339=LINE('',#9632,#1933);
#1340=LINE('',#9638,#1934);
#1341=LINE('',#9640,#1935);
#1342=LINE('',#9641,#1936);
#1343=LINE('',#9653,#1937);
#1344=LINE('',#9668,#1938);
#1345=LINE('',#9683,#1939);
#1346=LINE('',#9698,#1940);
#1347=LINE('',#9713,#1941);
#1348=LINE('',#9728,#1942);
#1349=LINE('',#9743,#1943);
#1350=LINE('',#9758,#1944);
#1351=LINE('',#9773,#1945);
#1352=LINE('',#9788,#1946);
#1353=LINE('',#9794,#1947);
#1354=LINE('',#9796,#1948);
#1355=LINE('',#9797,#1949);
#1356=LINE('',#9815,#1950);
#1357=LINE('',#9817,#1951);
#1358=LINE('',#9819,#1952);
#1359=LINE('',#9821,#1953);
#1360=LINE('',#9822,#1954);
#1361=LINE('',#9825,#1955);
#1362=LINE('',#9827,#1956);
#1363=LINE('',#9828,#1957);
#1364=LINE('',#9831,#1958);
#1365=LINE('',#9833,#1959);
#1366=LINE('',#9835,#1960);
#1367=LINE('',#9836,#1961);
#1368=LINE('',#9839,#1962);
#1369=LINE('',#9841,#1963);
#1370=LINE('',#9843,#1964);
#1371=LINE('',#9845,#1965);
#1372=LINE('',#9846,#1966);
#1373=LINE('',#9849,#1967);
#1374=LINE('',#9850,#1968);
#1375=LINE('',#9853,#1969);
#1376=LINE('',#9855,#1970);
#1377=LINE('',#9857,#1971);
#1378=LINE('',#9858,#1972);
#1379=LINE('',#9861,#1973);
#1380=LINE('',#9863,#1974);
#1381=LINE('',#9864,#1975);
#1382=LINE('',#9867,#1976);
#1383=LINE('',#9869,#1977);
#1384=LINE('',#9870,#1978);
#1385=LINE('',#9875,#1979);
#1386=LINE('',#9880,#1980);
#1387=LINE('',#9882,#1981);
#1388=LINE('',#9883,#1982);
#1389=LINE('',#9885,#1983);
#1390=LINE('',#9887,#1984);
#1391=LINE('',#9888,#1985);
#1392=LINE('',#9897,#1986);
#1393=LINE('',#9901,#1987);
#1394=LINE('',#9905,#1988);
#1395=LINE('',#9909,#1989);
#1396=LINE('',#9913,#1990);
#1397=LINE('',#9917,#1991);
#1398=LINE('',#9921,#1992);
#1399=LINE('',#9924,#1993);
#1400=LINE('',#9926,#1994);
#1401=LINE('',#9927,#1995);
#1402=LINE('',#9929,#1996);
#1403=LINE('',#9930,#1997);
#1404=LINE('',#9932,#1998);
#1405=LINE('',#9934,#1999);
#1406=LINE('',#9936,#2000);
#1407=LINE('',#9937,#2001);
#1408=LINE('',#9940,#2002);
#1409=LINE('',#9943,#2003);
#1410=LINE('',#9945,#2004);
#1411=LINE('',#9947,#2005);
#1412=LINE('',#9949,#2006);
#1413=LINE('',#9951,#2007);
#1414=LINE('',#9953,#2008);
#1415=LINE('',#9955,#2009);
#1416=LINE('',#9957,#2010);
#1417=LINE('',#9958,#2011);
#1418=LINE('',#9961,#2012);
#1419=LINE('',#9963,#2013);
#1420=LINE('',#9967,#2014);
#1421=LINE('',#9969,#2015);
#1422=LINE('',#9971,#2016);
#1423=LINE('',#9975,#2017);
#1424=LINE('',#9977,#2018);
#1425=LINE('',#9979,#2019);
#1426=LINE('',#9983,#2020);
#1427=LINE('',#9985,#2021);
#1428=LINE('',#9987,#2022);
#1429=LINE('',#9991,#2023);
#1430=LINE('',#9992,#2024);
#1431=LINE('',#9996,#2025);
#1432=LINE('',#9998,#2026);
#1433=LINE('',#10000,#2027);
#1434=LINE('',#10002,#2028);
#1435=LINE('',#10003,#2029);
#1436=LINE('',#10006,#2030);
#1437=LINE('',#10007,#2031);
#1438=LINE('',#10008,#2032);
#1439=LINE('',#10011,#2033);
#1440=LINE('',#10012,#2034);
#1441=LINE('',#10016,#2035);
#1442=LINE('',#10018,#2036);
#1443=LINE('',#10020,#2037);
#1444=LINE('',#10022,#2038);
#1445=LINE('',#10023,#2039);
#1446=LINE('',#10026,#2040);
#1447=LINE('',#10028,#2041);
#1448=LINE('',#10030,#2042);
#1449=LINE('',#10031,#2043);
#1450=LINE('',#10034,#2044);
#1451=LINE('',#10035,#2045);
#1452=LINE('',#10038,#2046);
#1453=LINE('',#10039,#2047);
#1454=LINE('',#10042,#2048);
#1455=LINE('',#10043,#2049);
#1456=LINE('',#10046,#2050);
#1457=LINE('',#10048,#2051);
#1458=LINE('',#10049,#2052);
#1459=LINE('',#10051,#2053);
#1460=LINE('',#10052,#2054);
#1461=LINE('',#10056,#2055);
#1462=LINE('',#10057,#2056);
#1463=LINE('',#10059,#2057);
#1464=LINE('',#10060,#2058);
#1465=LINE('',#10062,#2059);
#1466=LINE('',#10063,#2060);
#1467=LINE('',#10068,#2061);
#1468=LINE('',#10070,#2062);
#1469=LINE('',#10072,#2063);
#1470=LINE('',#10073,#2064);
#1471=LINE('',#10076,#2065);
#1472=LINE('',#10078,#2066);
#1473=LINE('',#10079,#2067);
#1474=LINE('',#10082,#2068);
#1475=LINE('',#10084,#2069);
#1476=LINE('',#10085,#2070);
#1477=LINE('',#10088,#2071);
#1478=LINE('',#10090,#2072);
#1479=LINE('',#10091,#2073);
#1480=LINE('',#10094,#2074);
#1481=LINE('',#10096,#2075);
#1482=LINE('',#10097,#2076);
#1483=LINE('',#10099,#2077);
#1484=LINE('',#10101,#2078);
#1485=LINE('',#10105,#2079);
#1486=LINE('',#10107,#2080);
#1487=LINE('',#10109,#2081);
#1488=LINE('',#10110,#2082);
#1489=LINE('',#10113,#2083);
#1490=LINE('',#10115,#2084);
#1491=LINE('',#10116,#2085);
#1492=LINE('',#10119,#2086);
#1493=LINE('',#10121,#2087);
#1494=LINE('',#10122,#2088);
#1495=LINE('',#10126,#2089);
#1496=LINE('',#10127,#2090);
#1497=LINE('',#10128,#2091);
#1498=LINE('',#10131,#2092);
#1499=LINE('',#10133,#2093);
#1500=LINE('',#10134,#2094);
#1501=LINE('',#10136,#2095);
#1502=LINE('',#10138,#2096);
#1503=LINE('',#10144,#2097);
#1504=LINE('',#10148,#2098);
#1505=LINE('',#10160,#2099);
#1506=LINE('',#10162,#2100);
#1507=LINE('',#10166,#2101);
#1508=LINE('',#10168,#2102);
#1509=LINE('',#10169,#2103);
#1510=LINE('',#10171,#2104);
#1511=LINE('',#10175,#2105);
#1512=LINE('',#10178,#2106);
#1513=LINE('',#10180,#2107);
#1514=LINE('',#10181,#2108);
#1515=LINE('',#10184,#2109);
#1516=LINE('',#10188,#2110);
#1517=LINE('',#10189,#2111);
#1518=LINE('',#10191,#2112);
#1519=LINE('',#10192,#2113);
#1520=LINE('',#10194,#2114);
#1521=LINE('',#10196,#2115);
#1522=LINE('',#10199,#2116);
#1523=LINE('',#10200,#2117);
#1524=LINE('',#10204,#2118);
#1525=LINE('',#10206,#2119);
#1526=LINE('',#10208,#2120);
#1527=LINE('',#10210,#2121);
#1528=LINE('',#10211,#2122);
#1529=LINE('',#10215,#2123);
#1530=LINE('',#10221,#2124);
#1531=LINE('',#10222,#2125);
#1532=LINE('',#10224,#2126);
#1533=LINE('',#10225,#2127);
#1534=LINE('',#10228,#2128);
#1535=LINE('',#10230,#2129);
#1536=LINE('',#10231,#2130);
#1537=LINE('',#10233,#2131);
#1538=LINE('',#10237,#2132);
#1539=LINE('',#10241,#2133);
#1540=LINE('',#10243,#2134);
#1541=LINE('',#10245,#2135);
#1542=LINE('',#10246,#2136);
#1543=LINE('',#10248,#2137);
#1544=LINE('',#10250,#2138);
#1545=LINE('',#10251,#2139);
#1546=LINE('',#10254,#2140);
#1547=LINE('',#10255,#2141);
#1548=LINE('',#10258,#2142);
#1549=LINE('',#10259,#2143);
#1550=LINE('',#10261,#2144);
#1551=LINE('',#10263,#2145);
#1552=LINE('',#10264,#2146);
#1553=LINE('',#10268,#2147);
#1554=LINE('',#10270,#2148);
#1555=LINE('',#10272,#2149);
#1556=LINE('',#10273,#2150);
#1557=LINE('',#10276,#2151);
#1558=LINE('',#10279,#2152);
#1559=LINE('',#10284,#2153);
#1560=LINE('',#10285,#2154);
#1561=LINE('',#10286,#2155);
#1562=LINE('',#10288,#2156);
#1563=LINE('',#10290,#2157);
#1564=LINE('',#10291,#2158);
#1565=LINE('',#10292,#2159);
#1566=LINE('',#10295,#2160);
#1567=LINE('',#10296,#2161);
#1568=LINE('',#10297,#2162);
#1569=LINE('',#10299,#2163);
#1570=LINE('',#10301,#2164);
#1571=LINE('',#10303,#2165);
#1572=LINE('',#10307,#2166);
#1573=LINE('',#10310,#2167);
#1574=LINE('',#10311,#2168);
#1575=LINE('',#10315,#2169);
#1576=LINE('',#10317,#2170);
#1577=LINE('',#10319,#2171);
#1578=LINE('',#10324,#2172);
#1579=LINE('',#10329,#2173);
#1580=LINE('',#10336,#2174);
#1581=LINE('',#10338,#2175);
#1582=LINE('',#10343,#2176);
#1583=LINE('',#10344,#2177);
#1584=LINE('',#10347,#2178);
#1585=LINE('',#10348,#2179);
#1586=LINE('',#10350,#2180);
#1587=VECTOR('',#6369,10.);
#1588=VECTOR('',#6370,10.);
#1589=VECTOR('',#6371,10.);
#1590=VECTOR('',#6372,10.);
#1591=VECTOR('',#6373,10.);
#1592=VECTOR('',#6374,10.);
#1593=VECTOR('',#6375,10.);
#1594=VECTOR('',#6376,10.);
#1595=VECTOR('',#6377,10.);
#1596=VECTOR('',#6378,10.);
#1597=VECTOR('',#6379,10.);
#1598=VECTOR('',#6380,10.);
#1599=VECTOR('',#6381,10.);
#1600=VECTOR('',#6382,10.);
#1601=VECTOR('',#6383,10.);
#1602=VECTOR('',#6386,10.);
#1603=VECTOR('',#6387,10.);
#1604=VECTOR('',#6388,10.);
#1605=VECTOR('',#6389,10.);
#1606=VECTOR('',#6390,10.);
#1607=VECTOR('',#6391,10.);
#1608=VECTOR('',#6392,10.);
#1609=VECTOR('',#6393,10.);
#1610=VECTOR('',#6394,10.);
#1611=VECTOR('',#6395,10.);
#1612=VECTOR('',#6396,10.);
#1613=VECTOR('',#6397,10.);
#1614=VECTOR('',#6398,10.);
#1615=VECTOR('',#6399,10.);
#1616=VECTOR('',#6400,10.);
#1617=VECTOR('',#6401,10.);
#1618=VECTOR('',#6402,10.);
#1619=VECTOR('',#6403,10.);
#1620=VECTOR('',#6404,10.);
#1621=VECTOR('',#6405,10.);
#1622=VECTOR('',#6406,10.);
#1623=VECTOR('',#6409,10.);
#1624=VECTOR('',#6410,10.);
#1625=VECTOR('',#6411,10.);
#1626=VECTOR('',#6416,10.);
#1627=VECTOR('',#6417,10.);
#1628=VECTOR('',#6418,10.);
#1629=VECTOR('',#6419,10.);
#1630=VECTOR('',#6422,10.);
#1631=VECTOR('',#6423,10.);
#1632=VECTOR('',#6424,10.);
#1633=VECTOR('',#6427,10.);
#1634=VECTOR('',#6428,10.);
#1635=VECTOR('',#6429,10.);
#1636=VECTOR('',#6432,10.);
#1637=VECTOR('',#6433,10.);
#1638=VECTOR('',#6434,10.);
#1639=VECTOR('',#6437,10.);
#1640=VECTOR('',#6438,10.);
#1641=VECTOR('',#6439,10.);
#1642=VECTOR('',#6442,10.);
#1643=VECTOR('',#6443,10.);
#1644=VECTOR('',#6444,10.);
#1645=VECTOR('',#6447,10.);
#1646=VECTOR('',#6448,10.);
#1647=VECTOR('',#6449,10.);
#1648=VECTOR('',#6452,10.);
#1649=VECTOR('',#6453,10.);
#1650=VECTOR('',#6456,10.);
#1651=VECTOR('',#6457,10.);
#1652=VECTOR('',#6458,10.);
#1653=VECTOR('',#6459,10.);
#1654=VECTOR('',#6460,10.);
#1655=VECTOR('',#6461,10.);
#1656=VECTOR('',#6464,10.);
#1657=VECTOR('',#6465,10.);
#1658=VECTOR('',#6466,10.);
#1659=VECTOR('',#6469,10.);
#1660=VECTOR('',#6470,10.);
#1661=VECTOR('',#6471,10.);
#1662=VECTOR('',#6474,10.);
#1663=VECTOR('',#6475,10.);
#1664=VECTOR('',#6476,10.);
#1665=VECTOR('',#6477,10.);
#1666=VECTOR('',#6478,10.);
#1667=VECTOR('',#6479,10.);
#1668=VECTOR('',#6480,10.);
#1669=VECTOR('',#6481,10.);
#1670=VECTOR('',#6482,10.);
#1671=VECTOR('',#6485,10.);
#1672=VECTOR('',#6486,10.);
#1673=VECTOR('',#6487,10.);
#1674=VECTOR('',#6490,10.);
#1675=VECTOR('',#6491,10.);
#1676=VECTOR('',#6492,10.);
#1677=VECTOR('',#6495,10.);
#1678=VECTOR('',#6496,10.);
#1679=VECTOR('',#6499,10.);
#1680=VECTOR('',#6500,10.);
#1681=VECTOR('',#6501,10.);
#1682=VECTOR('',#6502,10.);
#1683=VECTOR('',#6503,10.);
#1684=VECTOR('',#6504,10.);
#1685=VECTOR('',#6505,10.);
#1686=VECTOR('',#6506,10.);
#1687=VECTOR('',#6507,10.);
#1688=VECTOR('',#6508,10.);
#1689=VECTOR('',#6509,10.);
#1690=VECTOR('',#6510,10.);
#1691=VECTOR('',#6511,10.);
#1692=VECTOR('',#6512,10.);
#1693=VECTOR('',#6513,10.);
#1694=VECTOR('',#6514,10.);
#1695=VECTOR('',#6515,10.);
#1696=VECTOR('',#6516,10.);
#1697=VECTOR('',#6517,10.);
#1698=VECTOR('',#6518,10.);
#1699=VECTOR('',#6523,10.);
#1700=VECTOR('',#6524,10.);
#1701=VECTOR('',#6525,10.);
#1702=VECTOR('',#6526,10.);
#1703=VECTOR('',#6527,10.);
#1704=VECTOR('',#6528,10.);
#1705=VECTOR('',#6529,10.);
#1706=VECTOR('',#6530,10.);
#1707=VECTOR('',#6531,10.);
#1708=VECTOR('',#6532,10.);
#1709=VECTOR('',#6535,10.);
#1710=VECTOR('',#6536,10.);
#1711=VECTOR('',#6537,10.);
#1712=VECTOR('',#6540,10.);
#1713=VECTOR('',#6541,10.);
#1714=VECTOR('',#6544,10.);
#1715=VECTOR('',#6545,10.);
#1716=VECTOR('',#6546,10.);
#1717=VECTOR('',#6547,10.);
#1718=VECTOR('',#6548,10.);
#1719=VECTOR('',#6549,10.);
#1720=VECTOR('',#6550,10.);
#1721=VECTOR('',#6551,10.);
#1722=VECTOR('',#6552,10.);
#1723=VECTOR('',#6553,10.);
#1724=VECTOR('',#6554,10.);
#1725=VECTOR('',#6557,10.);
#1726=VECTOR('',#6558,10.);
#1727=VECTOR('',#6559,10.);
#1728=VECTOR('',#6562,10.);
#1729=VECTOR('',#6563,10.);
#1730=VECTOR('',#6564,10.);
#1731=VECTOR('',#6565,10.);
#1732=VECTOR('',#6566,10.);
#1733=VECTOR('',#6567,10.);
#1734=VECTOR('',#6568,10.);
#1735=VECTOR('',#6569,10.);
#1736=VECTOR('',#6570,10.);
#1737=VECTOR('',#6571,10.);
#1738=VECTOR('',#6572,10.);
#1739=VECTOR('',#6573,10.);
#1740=VECTOR('',#6574,10.);
#1741=VECTOR('',#6575,10.);
#1742=VECTOR('',#6578,10.);
#1743=VECTOR('',#6579,10.);
#1744=VECTOR('',#6580,10.);
#1745=VECTOR('',#6583,10.);
#1746=VECTOR('',#6584,10.);
#1747=VECTOR('',#6585,10.);
#1748=VECTOR('',#6588,10.);
#1749=VECTOR('',#6589,10.);
#1750=VECTOR('',#6592,10.);
#1751=VECTOR('',#6593,10.);
#1752=VECTOR('',#6594,10.);
#1753=VECTOR('',#6595,10.);
#1754=VECTOR('',#6596,10.);
#1755=VECTOR('',#6597,10.);
#1756=VECTOR('',#6600,10.);
#1757=VECTOR('',#6601,10.);
#1758=VECTOR('',#6602,10.);
#1759=VECTOR('',#6605,10.);
#1760=VECTOR('',#6606,10.);
#1761=VECTOR('',#6607,10.);
#1762=VECTOR('',#6610,10.);
#1763=VECTOR('',#6611,10.);
#1764=VECTOR('',#6612,10.);
#1765=VECTOR('',#6613,10.);
#1766=VECTOR('',#6614,10.);
#1767=VECTOR('',#6615,10.);
#1768=VECTOR('',#6616,10.);
#1769=VECTOR('',#6617,10.);
#1770=VECTOR('',#6618,10.);
#1771=VECTOR('',#6621,10.);
#1772=VECTOR('',#6622,10.);
#1773=VECTOR('',#6623,10.);
#1774=VECTOR('',#6626,10.);
#1775=VECTOR('',#6627,10.);
#1776=VECTOR('',#6628,10.);
#1777=VECTOR('',#6631,10.);
#1778=VECTOR('',#6632,10.);
#1779=VECTOR('',#6643,10.);
#1780=VECTOR('',#6646,10.);
#1781=VECTOR('',#6651,10.);
#1782=VECTOR('',#6652,10.);
#1783=VECTOR('',#6653,10.);
#1784=VECTOR('',#6656,10.);
#1785=VECTOR('',#6657,10.);
#1786=VECTOR('',#6658,10.);
#1787=VECTOR('',#6667,10.);
#1788=VECTOR('',#6668,10.);
#1789=VECTOR('',#6669,10.);
#1790=VECTOR('',#6672,10.);
#1791=VECTOR('',#6677,10.);
#1792=VECTOR('',#6678,10.);
#1793=VECTOR('',#6679,10.);
#1794=VECTOR('',#6680,10.);
#1795=VECTOR('',#6683,10.);
#1796=VECTOR('',#6684,10.);
#1797=VECTOR('',#6693,10.);
#1798=VECTOR('',#6696,10.);
#1799=VECTOR('',#6699,10.);
#1800=VECTOR('',#6700,10.);
#1801=VECTOR('',#6701,10.);
#1802=VECTOR('',#6704,10.);
#1803=VECTOR('',#6709,10.);
#1804=VECTOR('',#6710,10.);
#1805=VECTOR('',#6715,10.);
#1806=VECTOR('',#6716,10.);
#1807=VECTOR('',#6717,10.);
#1808=VECTOR('',#6720,10.);
#1809=VECTOR('',#6721,10.);
#1810=VECTOR('',#6722,10.);
#1811=VECTOR('',#6725,10.);
#1812=VECTOR('',#6726,10.);
#1813=VECTOR('',#6727,10.);
#1814=VECTOR('',#6730,10.);
#1815=VECTOR('',#6731,10.);
#1816=VECTOR('',#6734,10.);
#1817=VECTOR('',#6735,10.);
#1818=VECTOR('',#6736,10.);
#1819=VECTOR('',#6737,10.);
#1820=VECTOR('',#6740,10.);
#1821=VECTOR('',#6741,10.);
#1822=VECTOR('',#6742,10.);
#1823=VECTOR('',#6745,10.);
#1824=VECTOR('',#6746,10.);
#1825=VECTOR('',#6747,10.);
#1826=VECTOR('',#6750,10.);
#1827=VECTOR('',#6751,10.);
#1828=VECTOR('',#6752,10.);
#1829=VECTOR('',#6755,10.);
#1830=VECTOR('',#6756,10.);
#1831=VECTOR('',#6757,10.);
#1832=VECTOR('',#6760,10.);
#1833=VECTOR('',#6761,10.);
#1834=VECTOR('',#6762,10.);
#1835=VECTOR('',#6765,10.);
#1836=VECTOR('',#6766,10.);
#1837=VECTOR('',#6767,10.);
#1838=VECTOR('',#6770,10.);
#1839=VECTOR('',#6771,10.);
#1840=VECTOR('',#6776,10.);
#1841=VECTOR('',#6777,10.);
#1842=VECTOR('',#6778,10.);
#1843=VECTOR('',#6779,10.);
#1844=VECTOR('',#6782,10.);
#1845=VECTOR('',#6783,10.);
#1846=VECTOR('',#6784,10.);
#1847=VECTOR('',#6787,10.);
#1848=VECTOR('',#6788,10.);
#1849=VECTOR('',#6789,10.);
#1850=VECTOR('',#6792,10.);
#1851=VECTOR('',#6793,10.);
#1852=VECTOR('',#6794,10.);
#1853=VECTOR('',#6797,10.);
#1854=VECTOR('',#6798,10.);
#1855=VECTOR('',#6799,10.);
#1856=VECTOR('',#6802,10.);
#1857=VECTOR('',#6803,10.);
#1858=VECTOR('',#6804,10.);
#1859=VECTOR('',#6807,10.);
#1860=VECTOR('',#6808,10.);
#1861=VECTOR('',#6809,10.);
#1862=VECTOR('',#6812,10.);
#1863=VECTOR('',#6813,10.);
#1864=VECTOR('',#6814,10.);
#1865=VECTOR('',#6817,10.);
#1866=VECTOR('',#6818,10.);
#1867=VECTOR('',#6819,10.);
#1868=VECTOR('',#6822,10.);
#1869=VECTOR('',#6823,10.);
#1870=VECTOR('',#6824,10.);
#1871=VECTOR('',#6827,10.);
#1872=VECTOR('',#6828,10.);
#1873=VECTOR('',#6829,10.);
#1874=VECTOR('',#6832,10.);
#1875=VECTOR('',#6833,10.);
#1876=VECTOR('',#6838,10.);
#1877=VECTOR('',#6839,10.);
#1878=VECTOR('',#6840,10.);
#1879=VECTOR('',#6841,10.);
#1880=VECTOR('',#6844,10.);
#1881=VECTOR('',#6845,10.);
#1882=VECTOR('',#6846,10.);
#1883=VECTOR('',#6849,10.);
#1884=VECTOR('',#6850,10.);
#1885=VECTOR('',#6851,10.);
#1886=VECTOR('',#6854,10.);
#1887=VECTOR('',#6855,10.);
#1888=VECTOR('',#6856,10.);
#1889=VECTOR('',#6859,10.);
#1890=VECTOR('',#6860,10.);
#1891=VECTOR('',#6861,10.);
#1892=VECTOR('',#6864,10.);
#1893=VECTOR('',#6865,10.);
#1894=VECTOR('',#6870,10.);
#1895=VECTOR('',#6871,10.);
#1896=VECTOR('',#6872,10.);
#1897=VECTOR('',#6873,10.);
#1898=VECTOR('',#6876,10.);
#1899=VECTOR('',#6877,10.);
#1900=VECTOR('',#6878,10.);
#1901=VECTOR('',#6881,10.);
#1902=VECTOR('',#6882,10.);
#1903=VECTOR('',#6883,10.);
#1904=VECTOR('',#6886,10.);
#1905=VECTOR('',#6887,10.);
#1906=VECTOR('',#6888,10.);
#1907=VECTOR('',#6891,10.);
#1908=VECTOR('',#6892,10.);
#1909=VECTOR('',#6893,10.);
#1910=VECTOR('',#6896,10.);
#1911=VECTOR('',#6897,10.);
#1912=VECTOR('',#6898,10.);
#1913=VECTOR('',#6901,10.);
#1914=VECTOR('',#6902,10.);
#1915=VECTOR('',#6903,10.);
#1916=VECTOR('',#6906,10.);
#1917=VECTOR('',#6907,10.);
#1918=VECTOR('',#6908,10.);
#1919=VECTOR('',#6911,10.);
#1920=VECTOR('',#6912,10.);
#1921=VECTOR('',#6913,10.);
#1922=VECTOR('',#6916,10.);
#1923=VECTOR('',#6917,10.);
#1924=VECTOR('',#6920,10.);
#1925=VECTOR('',#6921,10.);
#1926=VECTOR('',#6922,10.);
#1927=VECTOR('',#6923,10.);
#1928=VECTOR('',#6924,10.);
#1929=VECTOR('',#6925,10.);
#1930=VECTOR('',#6926,10.);
#1931=VECTOR('',#6927,10.);
#1932=VECTOR('',#6928,10.);
#1933=VECTOR('',#6929,10.);
#1934=VECTOR('',#6932,10.);
#1935=VECTOR('',#6933,10.);
#1936=VECTOR('',#6934,10.);
#1937=VECTOR('',#6935,10.);
#1938=VECTOR('',#6936,10.);
#1939=VECTOR('',#6937,10.);
#1940=VECTOR('',#6938,10.);
#1941=VECTOR('',#6939,10.);
#1942=VECTOR('',#6940,10.);
#1943=VECTOR('',#6941,10.);
#1944=VECTOR('',#6942,10.);
#1945=VECTOR('',#6943,10.);
#1946=VECTOR('',#6944,10.);
#1947=VECTOR('',#6947,10.);
#1948=VECTOR('',#6948,10.);
#1949=VECTOR('',#6949,10.);
#1950=VECTOR('',#6956,10.);
#1951=VECTOR('',#6957,10.);
#1952=VECTOR('',#6958,10.);
#1953=VECTOR('',#6959,10.);
#1954=VECTOR('',#6960,10.);
#1955=VECTOR('',#6963,10.);
#1956=VECTOR('',#6964,10.);
#1957=VECTOR('',#6965,10.);
#1958=VECTOR('',#6968,10.);
#1959=VECTOR('',#6969,10.);
#1960=VECTOR('',#6970,10.);
#1961=VECTOR('',#6971,10.);
#1962=VECTOR('',#6974,10.);
#1963=VECTOR('',#6975,10.);
#1964=VECTOR('',#6976,10.);
#1965=VECTOR('',#6977,10.);
#1966=VECTOR('',#6978,10.);
#1967=VECTOR('',#6981,10.);
#1968=VECTOR('',#6982,10.);
#1969=VECTOR('',#6985,10.);
#1970=VECTOR('',#6986,10.);
#1971=VECTOR('',#6987,10.);
#1972=VECTOR('',#6988,10.);
#1973=VECTOR('',#6991,10.);
#1974=VECTOR('',#6992,10.);
#1975=VECTOR('',#6993,10.);
#1976=VECTOR('',#6996,10.);
#1977=VECTOR('',#6997,10.);
#1978=VECTOR('',#6998,10.);
#1979=VECTOR('',#7003,4.);
#1980=VECTOR('',#7008,10.);
#1981=VECTOR('',#7009,10.);
#1982=VECTOR('',#7010,10.);
#1983=VECTOR('',#7011,10.);
#1984=VECTOR('',#7012,10.);
#1985=VECTOR('',#7013,10.);
#1986=VECTOR('',#7022,3.5);
#1987=VECTOR('',#7027,4.);
#1988=VECTOR('',#7032,3.5);
#1989=VECTOR('',#7037,4.);
#1990=VECTOR('',#7042,3.5);
#1991=VECTOR('',#7047,4.);
#1992=VECTOR('',#7052,3.5);
#1993=VECTOR('',#7057,10.);
#1994=VECTOR('',#7058,10.);
#1995=VECTOR('',#7059,10.);
#1996=VECTOR('',#7062,10.);
#1997=VECTOR('',#7063,10.);
#1998=VECTOR('',#7066,10.);
#1999=VECTOR('',#7069,10.);
#2000=VECTOR('',#7072,10.);
#2001=VECTOR('',#7073,10.);
#2002=VECTOR('',#7078,10.);
#2003=VECTOR('',#7081,10.);
#2004=VECTOR('',#7082,10.);
#2005=VECTOR('',#7083,10.);
#2006=VECTOR('',#7084,10.);
#2007=VECTOR('',#7085,10.);
#2008=VECTOR('',#7086,10.);
#2009=VECTOR('',#7087,10.);
#2010=VECTOR('',#7088,10.);
#2011=VECTOR('',#7089,10.);
#2012=VECTOR('',#7092,10.);
#2013=VECTOR('',#7093,10.);
#2014=VECTOR('',#7096,10.);
#2015=VECTOR('',#7097,10.);
#2016=VECTOR('',#7098,10.);
#2017=VECTOR('',#7101,10.);
#2018=VECTOR('',#7102,10.);
#2019=VECTOR('',#7103,10.);
#2020=VECTOR('',#7106,10.);
#2021=VECTOR('',#7107,10.);
#2022=VECTOR('',#7108,10.);
#2023=VECTOR('',#7111,10.);
#2024=VECTOR('',#7112,10.);
#2025=VECTOR('',#7115,10.);
#2026=VECTOR('',#7116,10.);
#2027=VECTOR('',#7117,10.);
#2028=VECTOR('',#7118,10.);
#2029=VECTOR('',#7119,10.);
#2030=VECTOR('',#7122,10.);
#2031=VECTOR('',#7123,10.);
#2032=VECTOR('',#7124,10.);
#2033=VECTOR('',#7127,10.);
#2034=VECTOR('',#7128,10.);
#2035=VECTOR('',#7131,10.);
#2036=VECTOR('',#7132,10.);
#2037=VECTOR('',#7133,10.);
#2038=VECTOR('',#7134,10.);
#2039=VECTOR('',#7135,10.);
#2040=VECTOR('',#7138,10.);
#2041=VECTOR('',#7139,10.);
#2042=VECTOR('',#7140,10.);
#2043=VECTOR('',#7141,10.);
#2044=VECTOR('',#7144,10.);
#2045=VECTOR('',#7145,10.);
#2046=VECTOR('',#7148,10.);
#2047=VECTOR('',#7149,10.);
#2048=VECTOR('',#7152,10.);
#2049=VECTOR('',#7153,10.);
#2050=VECTOR('',#7156,10.);
#2051=VECTOR('',#7157,10.);
#2052=VECTOR('',#7158,10.);
#2053=VECTOR('',#7161,10.);
#2054=VECTOR('',#7162,10.);
#2055=VECTOR('',#7167,10.);
#2056=VECTOR('',#7168,10.);
#2057=VECTOR('',#7171,10.);
#2058=VECTOR('',#7172,10.);
#2059=VECTOR('',#7175,10.);
#2060=VECTOR('',#7176,10.);
#2061=VECTOR('',#7181,10.);
#2062=VECTOR('',#7182,10.);
#2063=VECTOR('',#7183,10.);
#2064=VECTOR('',#7184,10.);
#2065=VECTOR('',#7187,10.);
#2066=VECTOR('',#7188,10.);
#2067=VECTOR('',#7189,10.);
#2068=VECTOR('',#7192,10.);
#2069=VECTOR('',#7193,10.);
#2070=VECTOR('',#7194,10.);
#2071=VECTOR('',#7197,10.);
#2072=VECTOR('',#7198,10.);
#2073=VECTOR('',#7199,10.);
#2074=VECTOR('',#7202,10.);
#2075=VECTOR('',#7203,10.);
#2076=VECTOR('',#7204,10.);
#2077=VECTOR('',#7207,10.);
#2078=VECTOR('',#7210,10.);
#2079=VECTOR('',#7213,10.);
#2080=VECTOR('',#7214,10.);
#2081=VECTOR('',#7215,10.);
#2082=VECTOR('',#7216,10.);
#2083=VECTOR('',#7219,10.);
#2084=VECTOR('',#7220,10.);
#2085=VECTOR('',#7221,10.);
#2086=VECTOR('',#7224,10.);
#2087=VECTOR('',#7225,10.);
#2088=VECTOR('',#7226,10.);
#2089=VECTOR('',#7229,10.);
#2090=VECTOR('',#7230,10.);
#2091=VECTOR('',#7231,10.);
#2092=VECTOR('',#7234,10.);
#2093=VECTOR('',#7235,10.);
#2094=VECTOR('',#7236,10.);
#2095=VECTOR('',#7239,10.);
#2096=VECTOR('',#7242,10.);
#2097=VECTOR('',#7247,10.);
#2098=VECTOR('',#7250,10.);
#2099=VECTOR('',#7265,10.);
#2100=VECTOR('',#7266,10.);
#2101=VECTOR('',#7271,10.);
#2102=VECTOR('',#7272,10.);
#2103=VECTOR('',#7273,10.);
#2104=VECTOR('',#7276,10.);
#2105=VECTOR('',#7281,10.);
#2106=VECTOR('',#7284,10.);
#2107=VECTOR('',#7285,10.);
#2108=VECTOR('',#7286,10.);
#2109=VECTOR('',#7289,10.);
#2110=VECTOR('',#7294,10.);
#2111=VECTOR('',#7295,10.);
#2112=VECTOR('',#7298,10.);
#2113=VECTOR('',#7299,10.);
#2114=VECTOR('',#7302,10.);
#2115=VECTOR('',#7305,10.);
#2116=VECTOR('',#7308,10.);
#2117=VECTOR('',#7309,10.);
#2118=VECTOR('',#7312,10.);
#2119=VECTOR('',#7313,10.);
#2120=VECTOR('',#7314,10.);
#2121=VECTOR('',#7315,10.);
#2122=VECTOR('',#7316,10.);
#2123=VECTOR('',#7319,10.);
#2124=VECTOR('',#7326,10.);
#2125=VECTOR('',#7327,10.);
#2126=VECTOR('',#7328,10.);
#2127=VECTOR('',#7329,10.);
#2128=VECTOR('',#7332,10.);
#2129=VECTOR('',#7333,10.);
#2130=VECTOR('',#7334,10.);
#2131=VECTOR('',#7337,10.);
#2132=VECTOR('',#7342,10.);
#2133=VECTOR('',#7345,10.);
#2134=VECTOR('',#7346,10.);
#2135=VECTOR('',#7347,10.);
#2136=VECTOR('',#7348,10.);
#2137=VECTOR('',#7351,10.);
#2138=VECTOR('',#7352,10.);
#2139=VECTOR('',#7353,10.);
#2140=VECTOR('',#7356,10.);
#2141=VECTOR('',#7357,10.);
#2142=VECTOR('',#7360,10.);
#2143=VECTOR('',#7361,10.);
#2144=VECTOR('',#7364,10.);
#2145=VECTOR('',#7367,10.);
#2146=VECTOR('',#7368,10.);
#2147=VECTOR('',#7371,10.);
#2148=VECTOR('',#7372,10.);
#2149=VECTOR('',#7373,10.);
#2150=VECTOR('',#7374,10.);
#2151=VECTOR('',#7377,10.);
#2152=VECTOR('',#7380,10.);
#2153=VECTOR('',#7385,10.);
#2154=VECTOR('',#7386,10.);
#2155=VECTOR('',#7387,10.);
#2156=VECTOR('',#7390,10.);
#2157=VECTOR('',#7393,10.);
#2158=VECTOR('',#7394,10.);
#2159=VECTOR('',#7395,10.);
#2160=VECTOR('',#7398,10.);
#2161=VECTOR('',#7399,10.);
#2162=VECTOR('',#7400,10.);
#2163=VECTOR('',#7403,10.);
#2164=VECTOR('',#7406,10.);
#2165=VECTOR('',#7409,10.);
#2166=VECTOR('',#7414,1.8);
#2167=VECTOR('',#7419,10.);
#2168=VECTOR('',#7420,10.);
#2169=VECTOR('',#7425,1.8);
#2170=VECTOR('',#7428,10.);
#2171=VECTOR('',#7431,10.);
#2172=VECTOR('',#7438,1.8);
#2173=VECTOR('',#7445,10.);
#2174=VECTOR('',#7454,1.8);
#2175=VECTOR('',#7457,10.);
#2176=VECTOR('',#7464,10.);
#2177=VECTOR('',#7465,10.);
#2178=VECTOR('',#7468,10.);
#2179=VECTOR('',#7469,10.);
#2180=VECTOR('',#7472,10.);
#2181=B_SPLINE_CURVE_WITH_KNOTS('',2,(#7484,#7485,#7486),.UNSPECIFIED.,
 .F.,.F.,(3,3),(0.,1.),.UNSPECIFIED.);
#2182=B_SPLINE_CURVE_WITH_KNOTS('',2,(#7490,#7491,#7492),.UNSPECIFIED.,
 .F.,.F.,(3,3),(0.,1.),.UNSPECIFIED.);
#2183=B_SPLINE_CURVE_WITH_KNOTS('',2,(#7501,#7502,#7503),.UNSPECIFIED.,
 .F.,.F.,(3,3),(0.,1.),.UNSPECIFIED.);
#2184=B_SPLINE_CURVE_WITH_KNOTS('',2,(#7506,#7507,#7508),.UNSPECIFIED.,
 .F.,.F.,(3,3),(0.,1.),.UNSPECIFIED.);
#2185=B_SPLINE_CURVE_WITH_KNOTS('',2,(#7516,#7517,#7518),.UNSPECIFIED.,
 .F.,.F.,(3,3),(0.,1.),.UNSPECIFIED.);
#2186=B_SPLINE_CURVE_WITH_KNOTS('',2,(#7521,#7522,#7523),.UNSPECIFIED.,
 .F.,.F.,(3,3),(0.,1.),.UNSPECIFIED.);
#2187=B_SPLINE_CURVE_WITH_KNOTS('',2,(#7531,#7532,#7533),.UNSPECIFIED.,
 .F.,.F.,(3,3),(0.,1.),.UNSPECIFIED.);
#2188=B_SPLINE_CURVE_WITH_KNOTS('',2,(#7536,#7537,#7538),.UNSPECIFIED.,
 .F.,.F.,(3,3),(0.,1.),.UNSPECIFIED.);
#2189=B_SPLINE_CURVE_WITH_KNOTS('',2,(#7546,#7547,#7548),.UNSPECIFIED.,
 .F.,.F.,(3,3),(0.,1.),.UNSPECIFIED.);
#2190=B_SPLINE_CURVE_WITH_KNOTS('',2,(#7551,#7552,#7553),.UNSPECIFIED.,
 .F.,.F.,(3,3),(0.,1.),.UNSPECIFIED.);
#2191=B_SPLINE_CURVE_WITH_KNOTS('',2,(#7561,#7562,#7563),.UNSPECIFIED.,
 .F.,.F.,(3,3),(0.,1.),.UNSPECIFIED.);
#2192=B_SPLINE_CURVE_WITH_KNOTS('',2,(#7566,#7567,#7568),.UNSPECIFIED.,
 .F.,.F.,(3,3),(0.,1.),.UNSPECIFIED.);
#2193=B_SPLINE_CURVE_WITH_KNOTS('',2,(#7576,#7577,#7578),.UNSPECIFIED.,
 .F.,.F.,(3,3),(0.,1.),.UNSPECIFIED.);
#2194=B_SPLINE_CURVE_WITH_KNOTS('',2,(#7581,#7582,#7583),.UNSPECIFIED.,
 .F.,.F.,(3,3),(0.,1.),.UNSPECIFIED.);
#2195=B_SPLINE_CURVE_WITH_KNOTS('',2,(#7591,#7592,#7593),.UNSPECIFIED.,
 .F.,.F.,(3,3),(0.,1.),.UNSPECIFIED.);
#2196=B_SPLINE_CURVE_WITH_KNOTS('',2,(#7596,#7597,#7598),.UNSPECIFIED.,
 .F.,.F.,(3,3),(0.,1.),.UNSPECIFIED.);
#2197=B_SPLINE_CURVE_WITH_KNOTS('',2,(#7606,#7607,#7608),.UNSPECIFIED.,
 .F.,.F.,(3,3),(0.,1.),.UNSPECIFIED.);
#2198=B_SPLINE_CURVE_WITH_KNOTS('',2,(#7611,#7612,#7613),.UNSPECIFIED.,
 .F.,.F.,(3,3),(0.,1.),.UNSPECIFIED.);
#2199=B_SPLINE_CURVE_WITH_KNOTS('',2,(#7621,#7622,#7623),.UNSPECIFIED.,
 .F.,.F.,(3,3),(0.,1.),.UNSPECIFIED.);
#2200=B_SPLINE_CURVE_WITH_KNOTS('',2,(#7626,#7627,#7628),.UNSPECIFIED.,
 .F.,.F.,(3,3),(0.,1.),.UNSPECIFIED.);
#2201=B_SPLINE_CURVE_WITH_KNOTS('',2,(#7636,#7637,#7638),.UNSPECIFIED.,
 .F.,.F.,(3,3),(0.,1.),.UNSPECIFIED.);
#2202=B_SPLINE_CURVE_WITH_KNOTS('',2,(#7641,#7642,#7643),.UNSPECIFIED.,
 .F.,.F.,(3,3),(0.,1.),.UNSPECIFIED.);
#2203=B_SPLINE_CURVE_WITH_KNOTS('',2,(#7651,#7652,#7653),.UNSPECIFIED.,
 .F.,.F.,(3,3),(0.,1.),.UNSPECIFIED.);
#2204=B_SPLINE_CURVE_WITH_KNOTS('',2,(#7656,#7657,#7658),.UNSPECIFIED.,
 .F.,.F.,(3,3),(0.,1.),.UNSPECIFIED.);
#2205=B_SPLINE_CURVE_WITH_KNOTS('',2,(#7666,#7667,#7668),.UNSPECIFIED.,
 .F.,.F.,(3,3),(0.,1.),.UNSPECIFIED.);
#2206=B_SPLINE_CURVE_WITH_KNOTS('',2,(#7671,#7672,#7673),.UNSPECIFIED.,
 .F.,.F.,(3,3),(0.,1.),.UNSPECIFIED.);
#2207=B_SPLINE_CURVE_WITH_KNOTS('',2,(#7681,#7682,#7683),.UNSPECIFIED.,
 .F.,.F.,(3,3),(0.,1.),.UNSPECIFIED.);
#2208=B_SPLINE_CURVE_WITH_KNOTS('',2,(#7686,#7687,#7688),.UNSPECIFIED.,
 .F.,.F.,(3,3),(0.,1.),.UNSPECIFIED.);
#2209=B_SPLINE_CURVE_WITH_KNOTS('',2,(#7702,#7703,#7704),.UNSPECIFIED.,
 .F.,.F.,(3,3),(0.,1.),.UNSPECIFIED.);
#2210=B_SPLINE_CURVE_WITH_KNOTS('',2,(#7707,#7708,#7709),.UNSPECIFIED.,
 .F.,.F.,(3,3),(0.,1.),.UNSPECIFIED.);
#2211=B_SPLINE_CURVE_WITH_KNOTS('',2,(#7717,#7718,#7719),.UNSPECIFIED.,
 .F.,.F.,(3,3),(0.,1.),.UNSPECIFIED.);
#2212=B_SPLINE_CURVE_WITH_KNOTS('',2,(#7722,#7723,#7724),.UNSPECIFIED.,
 .F.,.F.,(3,3),(0.,1.),.UNSPECIFIED.);
#2213=B_SPLINE_CURVE_WITH_KNOTS('',2,(#7732,#7733,#7734),.UNSPECIFIED.,
 .F.,.F.,(3,3),(0.,1.),.UNSPECIFIED.);
#2214=B_SPLINE_CURVE_WITH_KNOTS('',2,(#7737,#7738,#7739),.UNSPECIFIED.,
 .F.,.F.,(3,3),(0.,1.),.UNSPECIFIED.);
#2215=B_SPLINE_CURVE_WITH_KNOTS('',2,(#7747,#7748,#7749),.UNSPECIFIED.,
 .F.,.F.,(3,3),(0.,1.),.UNSPECIFIED.);
#2216=B_SPLINE_CURVE_WITH_KNOTS('',2,(#7752,#7753,#7754),.UNSPECIFIED.,
 .F.,.F.,(3,3),(0.,1.),.UNSPECIFIED.);
#2217=B_SPLINE_CURVE_WITH_KNOTS('',2,(#7762,#7763,#7764),.UNSPECIFIED.,
 .F.,.F.,(3,3),(0.,1.),.UNSPECIFIED.);
#2218=B_SPLINE_CURVE_WITH_KNOTS('',2,(#7767,#7768,#7769),.UNSPECIFIED.,
 .F.,.F.,(3,3),(0.,1.),.UNSPECIFIED.);
#2219=B_SPLINE_CURVE_WITH_KNOTS('',2,(#7777,#7778,#7779),.UNSPECIFIED.,
 .F.,.F.,(3,3),(0.,1.),.UNSPECIFIED.);
#2220=B_SPLINE_CURVE_WITH_KNOTS('',2,(#7782,#7783,#7784),.UNSPECIFIED.,
 .F.,.F.,(3,3),(0.,1.),.UNSPECIFIED.);
#2221=B_SPLINE_CURVE_WITH_KNOTS('',2,(#7792,#7793,#7794),.UNSPECIFIED.,
 .F.,.F.,(3,3),(0.,1.),.UNSPECIFIED.);
#2222=B_SPLINE_CURVE_WITH_KNOTS('',2,(#7797,#7798,#7799),.UNSPECIFIED.,
 .F.,.F.,(3,3),(0.,1.),.UNSPECIFIED.);
#2223=B_SPLINE_CURVE_WITH_KNOTS('',2,(#7807,#7808,#7809),.UNSPECIFIED.,
 .F.,.F.,(3,3),(0.,1.),.UNSPECIFIED.);
#2224=B_SPLINE_CURVE_WITH_KNOTS('',2,(#7812,#7813,#7814),.UNSPECIFIED.,
 .F.,.F.,(3,3),(0.,1.),.UNSPECIFIED.);
#2225=B_SPLINE_CURVE_WITH_KNOTS('',2,(#7822,#7823,#7824),.UNSPECIFIED.,
 .F.,.F.,(3,3),(0.,1.),.UNSPECIFIED.);
#2226=B_SPLINE_CURVE_WITH_KNOTS('',2,(#7827,#7828,#7829),.UNSPECIFIED.,
 .F.,.F.,(3,3),(0.,1.),.UNSPECIFIED.);
#2227=B_SPLINE_CURVE_WITH_KNOTS('',2,(#7837,#7838,#7839),.UNSPECIFIED.,
 .F.,.F.,(3,3),(0.,1.),.UNSPECIFIED.);
#2228=B_SPLINE_CURVE_WITH_KNOTS('',2,(#7842,#7843,#7844),.UNSPECIFIED.,
 .F.,.F.,(3,3),(0.,1.),.UNSPECIFIED.);
#2229=B_SPLINE_CURVE_WITH_KNOTS('',2,(#7852,#7853,#7854),.UNSPECIFIED.,
 .F.,.F.,(3,3),(0.,1.),.UNSPECIFIED.);
#2230=B_SPLINE_CURVE_WITH_KNOTS('',2,(#7857,#7858,#7859),.UNSPECIFIED.,
 .F.,.F.,(3,3),(0.,1.),.UNSPECIFIED.);
#2231=B_SPLINE_CURVE_WITH_KNOTS('',2,(#7867,#7868,#7869),.UNSPECIFIED.,
 .F.,.F.,(3,3),(0.,1.),.UNSPECIFIED.);
#2232=B_SPLINE_CURVE_WITH_KNOTS('',2,(#7872,#7873,#7874),.UNSPECIFIED.,
 .F.,.F.,(3,3),(0.,1.),.UNSPECIFIED.);
#2233=B_SPLINE_CURVE_WITH_KNOTS('',2,(#7882,#7883,#7884),.UNSPECIFIED.,
 .F.,.F.,(3,3),(0.,1.),.UNSPECIFIED.);
#2234=B_SPLINE_CURVE_WITH_KNOTS('',2,(#7887,#7888,#7889),.UNSPECIFIED.,
 .F.,.F.,(3,3),(0.,1.),.UNSPECIFIED.);
#2235=B_SPLINE_CURVE_WITH_KNOTS('',2,(#7897,#7898,#7899),.UNSPECIFIED.,
 .F.,.F.,(3,3),(0.,1.),.UNSPECIFIED.);
#2236=B_SPLINE_CURVE_WITH_KNOTS('',2,(#7902,#7903,#7904),.UNSPECIFIED.,
 .F.,.F.,(3,3),(0.,1.),.UNSPECIFIED.);
#2237=B_SPLINE_CURVE_WITH_KNOTS('',2,(#7912,#7913,#7914),.UNSPECIFIED.,
 .F.,.F.,(3,3),(0.,1.),.UNSPECIFIED.);
#2238=B_SPLINE_CURVE_WITH_KNOTS('',2,(#7917,#7918,#7919),.UNSPECIFIED.,
 .F.,.F.,(3,3),(0.,1.),.UNSPECIFIED.);
#2239=B_SPLINE_CURVE_WITH_KNOTS('',2,(#7927,#7928,#7929),.UNSPECIFIED.,
 .F.,.F.,(3,3),(0.,1.),.UNSPECIFIED.);
#2240=B_SPLINE_CURVE_WITH_KNOTS('',2,(#7932,#7933,#7934),.UNSPECIFIED.,
 .F.,.F.,(3,3),(0.,1.),.UNSPECIFIED.);
#2241=B_SPLINE_CURVE_WITH_KNOTS('',2,(#7942,#7943,#7944),.UNSPECIFIED.,
 .F.,.F.,(3,3),(0.,1.),.UNSPECIFIED.);
#2242=B_SPLINE_CURVE_WITH_KNOTS('',2,(#7947,#7948,#7949),.UNSPECIFIED.,
 .F.,.F.,(3,3),(0.,1.),.UNSPECIFIED.);
#2243=B_SPLINE_CURVE_WITH_KNOTS('',2,(#7957,#7958,#7959),.UNSPECIFIED.,
 .F.,.F.,(3,3),(0.,1.),.UNSPECIFIED.);
#2244=B_SPLINE_CURVE_WITH_KNOTS('',2,(#7962,#7963,#7964),.UNSPECIFIED.,
 .F.,.F.,(3,3),(0.,1.),.UNSPECIFIED.);
#2245=B_SPLINE_CURVE_WITH_KNOTS('',2,(#7977,#7978,#7979),.UNSPECIFIED.,
 .F.,.F.,(3,3),(0.,1.),.UNSPECIFIED.);
#2246=B_SPLINE_CURVE_WITH_KNOTS('',2,(#7980,#7981,#7982),.UNSPECIFIED.,
 .F.,.F.,(3,3),(0.,1.),.UNSPECIFIED.);
#2247=B_SPLINE_CURVE_WITH_KNOTS('',2,(#8041,#8042,#8043),.UNSPECIFIED.,
 .F.,.F.,(3,3),(0.,1.),.UNSPECIFIED.);
#2248=B_SPLINE_CURVE_WITH_KNOTS('',2,(#8047,#8048,#8049),.UNSPECIFIED.,
 .F.,.F.,(3,3),(0.,1.),.UNSPECIFIED.);
#2249=B_SPLINE_CURVE_WITH_KNOTS('',2,(#8058,#8059,#8060),.UNSPECIFIED.,
 .F.,.F.,(3,3),(0.,1.),.UNSPECIFIED.);
#2250=B_SPLINE_CURVE_WITH_KNOTS('',2,(#8063,#8064,#8065),.UNSPECIFIED.,
 .F.,.F.,(3,3),(0.,1.),.UNSPECIFIED.);
#2251=B_SPLINE_CURVE_WITH_KNOTS('',2,(#8073,#8074,#8075),.UNSPECIFIED.,
 .F.,.F.,(3,3),(0.,1.),.UNSPECIFIED.);
#2252=B_SPLINE_CURVE_WITH_KNOTS('',2,(#8078,#8079,#8080),.UNSPECIFIED.,
 .F.,.F.,(3,3),(0.,1.),.UNSPECIFIED.);
#2253=B_SPLINE_CURVE_WITH_KNOTS('',2,(#8088,#8089,#8090),.UNSPECIFIED.,
 .F.,.F.,(3,3),(0.,1.),.UNSPECIFIED.);
#2254=B_SPLINE_CURVE_WITH_KNOTS('',2,(#8093,#8094,#8095),.UNSPECIFIED.,
 .F.,.F.,(3,3),(0.,1.),.UNSPECIFIED.);
#2255=B_SPLINE_CURVE_WITH_KNOTS('',2,(#8103,#8104,#8105),.UNSPECIFIED.,
 .F.,.F.,(3,3),(0.,1.),.UNSPECIFIED.);
#2256=B_SPLINE_CURVE_WITH_KNOTS('',2,(#8108,#8109,#8110),.UNSPECIFIED.,
 .F.,.F.,(3,3),(0.,1.),.UNSPECIFIED.);
#2257=B_SPLINE_CURVE_WITH_KNOTS('',2,(#8136,#8137,#8138),.UNSPECIFIED.,
 .F.,.F.,(3,3),(0.,1.),.UNSPECIFIED.);
#2258=B_SPLINE_CURVE_WITH_KNOTS('',2,(#8141,#8142,#8143),.UNSPECIFIED.,
 .F.,.F.,(3,3),(0.,1.),.UNSPECIFIED.);
#2259=B_SPLINE_CURVE_WITH_KNOTS('',2,(#8151,#8152,#8153),.UNSPECIFIED.,
 .F.,.F.,(3,3),(0.,1.),.UNSPECIFIED.);
#2260=B_SPLINE_CURVE_WITH_KNOTS('',2,(#8156,#8157,#8158),.UNSPECIFIED.,
 .F.,.F.,(3,3),(0.,1.),.UNSPECIFIED.);
#2261=B_SPLINE_CURVE_WITH_KNOTS('',2,(#8166,#8167,#8168),.UNSPECIFIED.,
 .F.,.F.,(3,3),(0.,1.),.UNSPECIFIED.);
#2262=B_SPLINE_CURVE_WITH_KNOTS('',2,(#8171,#8172,#8173),.UNSPECIFIED.,
 .F.,.F.,(3,3),(0.,1.),.UNSPECIFIED.);
#2263=B_SPLINE_CURVE_WITH_KNOTS('',2,(#8181,#8182,#8183),.UNSPECIFIED.,
 .F.,.F.,(3,3),(0.,1.),.UNSPECIFIED.);
#2264=B_SPLINE_CURVE_WITH_KNOTS('',2,(#8186,#8187,#8188),.UNSPECIFIED.,
 .F.,.F.,(3,3),(0.,1.),.UNSPECIFIED.);
#2265=B_SPLINE_CURVE_WITH_KNOTS('',2,(#8196,#8197,#8198),.UNSPECIFIED.,
 .F.,.F.,(3,3),(0.,1.),.UNSPECIFIED.);
#2266=B_SPLINE_CURVE_WITH_KNOTS('',2,(#8201,#8202,#8203),.UNSPECIFIED.,
 .F.,.F.,(3,3),(0.,1.),.UNSPECIFIED.);
#2267=B_SPLINE_CURVE_WITH_KNOTS('',2,(#8211,#8212,#8213),.UNSPECIFIED.,
 .F.,.F.,(3,3),(0.,1.),.UNSPECIFIED.);
#2268=B_SPLINE_CURVE_WITH_KNOTS('',2,(#8216,#8217,#8218),.UNSPECIFIED.,
 .F.,.F.,(3,3),(0.,1.),.UNSPECIFIED.);
#2269=B_SPLINE_CURVE_WITH_KNOTS('',2,(#8243,#8244,#8245),.UNSPECIFIED.,
 .F.,.F.,(3,3),(0.,1.),.UNSPECIFIED.);
#2270=B_SPLINE_CURVE_WITH_KNOTS('',2,(#8249,#8250,#8251),.UNSPECIFIED.,
 .F.,.F.,(3,3),(0.,1.),.UNSPECIFIED.);
#2271=B_SPLINE_CURVE_WITH_KNOTS('',2,(#8260,#8261,#8262),.UNSPECIFIED.,
 .F.,.F.,(3,3),(0.,1.),.UNSPECIFIED.);
#2272=B_SPLINE_CURVE_WITH_KNOTS('',2,(#8265,#8266,#8267),.UNSPECIFIED.,
 .F.,.F.,(3,3),(0.,1.),.UNSPECIFIED.);
#2273=B_SPLINE_CURVE_WITH_KNOTS('',2,(#8275,#8276,#8277),.UNSPECIFIED.,
 .F.,.F.,(3,3),(0.,1.),.UNSPECIFIED.);
#2274=B_SPLINE_CURVE_WITH_KNOTS('',2,(#8280,#8281,#8282),.UNSPECIFIED.,
 .F.,.F.,(3,3),(0.,1.),.UNSPECIFIED.);
#2275=B_SPLINE_CURVE_WITH_KNOTS('',2,(#8290,#8291,#8292),.UNSPECIFIED.,
 .F.,.F.,(3,3),(0.,1.),.UNSPECIFIED.);
#2276=B_SPLINE_CURVE_WITH_KNOTS('',2,(#8295,#8296,#8297),.UNSPECIFIED.,
 .F.,.F.,(3,3),(0.,1.),.UNSPECIFIED.);
#2277=B_SPLINE_CURVE_WITH_KNOTS('',2,(#8305,#8306,#8307),.UNSPECIFIED.,
 .F.,.F.,(3,3),(0.,1.),.UNSPECIFIED.);
#2278=B_SPLINE_CURVE_WITH_KNOTS('',2,(#8310,#8311,#8312),.UNSPECIFIED.,
 .F.,.F.,(3,3),(0.,1.),.UNSPECIFIED.);
#2279=B_SPLINE_CURVE_WITH_KNOTS('',2,(#8320,#8321,#8322),.UNSPECIFIED.,
 .F.,.F.,(3,3),(0.,1.),.UNSPECIFIED.);
#2280=B_SPLINE_CURVE_WITH_KNOTS('',2,(#8325,#8326,#8327),.UNSPECIFIED.,
 .F.,.F.,(3,3),(0.,1.),.UNSPECIFIED.);
#2281=B_SPLINE_CURVE_WITH_KNOTS('',2,(#8335,#8336,#8337),.UNSPECIFIED.,
 .F.,.F.,(3,3),(0.,1.),.UNSPECIFIED.);
#2282=B_SPLINE_CURVE_WITH_KNOTS('',2,(#8340,#8341,#8342),.UNSPECIFIED.,
 .F.,.F.,(3,3),(0.,1.),.UNSPECIFIED.);
#2283=B_SPLINE_CURVE_WITH_KNOTS('',2,(#8350,#8351,#8352),.UNSPECIFIED.,
 .F.,.F.,(3,3),(0.,1.),.UNSPECIFIED.);
#2284=B_SPLINE_CURVE_WITH_KNOTS('',2,(#8355,#8356,#8357),.UNSPECIFIED.,
 .F.,.F.,(3,3),(0.,1.),.UNSPECIFIED.);
#2285=B_SPLINE_CURVE_WITH_KNOTS('',2,(#8364,#8365,#8366),.UNSPECIFIED.,
 .F.,.F.,(3,3),(0.,1.),.UNSPECIFIED.);
#2286=B_SPLINE_CURVE_WITH_KNOTS('',2,(#8367,#8368,#8369),.UNSPECIFIED.,
 .F.,.F.,(3,3),(0.,1.),.UNSPECIFIED.);
#2287=B_SPLINE_CURVE_WITH_KNOTS('',2,(#8378,#8379,#8380),.UNSPECIFIED.,
 .F.,.F.,(3,3),(0.,1.),.UNSPECIFIED.);
#2288=B_SPLINE_CURVE_WITH_KNOTS('',2,(#8384,#8385,#8386),.UNSPECIFIED.,
 .F.,.F.,(3,3),(0.,1.),.UNSPECIFIED.);
#2289=B_SPLINE_CURVE_WITH_KNOTS('',2,(#8395,#8396,#8397),.UNSPECIFIED.,
 .F.,.F.,(3,3),(0.,1.),.UNSPECIFIED.);
#2290=B_SPLINE_CURVE_WITH_KNOTS('',2,(#8400,#8401,#8402),.UNSPECIFIED.,
 .F.,.F.,(3,3),(0.,1.),.UNSPECIFIED.);
#2291=B_SPLINE_CURVE_WITH_KNOTS('',2,(#8410,#8411,#8412),.UNSPECIFIED.,
 .F.,.F.,(3,3),(0.,1.),.UNSPECIFIED.);
#2292=B_SPLINE_CURVE_WITH_KNOTS('',2,(#8415,#8416,#8417),.UNSPECIFIED.,
 .F.,.F.,(3,3),(0.,1.),.UNSPECIFIED.);
#2293=B_SPLINE_CURVE_WITH_KNOTS('',2,(#8425,#8426,#8427),.UNSPECIFIED.,
 .F.,.F.,(3,3),(0.,1.),.UNSPECIFIED.);
#2294=B_SPLINE_CURVE_WITH_KNOTS('',2,(#8430,#8431,#8432),.UNSPECIFIED.,
 .F.,.F.,(3,3),(0.,1.),.UNSPECIFIED.);
#2295=B_SPLINE_CURVE_WITH_KNOTS('',2,(#8440,#8441,#8442),.UNSPECIFIED.,
 .F.,.F.,(3,3),(0.,1.),.UNSPECIFIED.);
#2296=B_SPLINE_CURVE_WITH_KNOTS('',2,(#8445,#8446,#8447),.UNSPECIFIED.,
 .F.,.F.,(3,3),(0.,1.),.UNSPECIFIED.);
#2297=B_SPLINE_CURVE_WITH_KNOTS('',2,(#8455,#8456,#8457),.UNSPECIFIED.,
 .F.,.F.,(3,3),(0.,1.),.UNSPECIFIED.);
#2298=B_SPLINE_CURVE_WITH_KNOTS('',2,(#8460,#8461,#8462),.UNSPECIFIED.,
 .F.,.F.,(3,3),(0.,1.),.UNSPECIFIED.);
#2299=B_SPLINE_CURVE_WITH_KNOTS('',2,(#8470,#8471,#8472),.UNSPECIFIED.,
 .F.,.F.,(3,3),(0.,1.),.UNSPECIFIED.);
#2300=B_SPLINE_CURVE_WITH_KNOTS('',2,(#8475,#8476,#8477),.UNSPECIFIED.,
 .F.,.F.,(3,3),(0.,1.),.UNSPECIFIED.);
#2301=B_SPLINE_CURVE_WITH_KNOTS('',2,(#8485,#8486,#8487),.UNSPECIFIED.,
 .F.,.F.,(3,3),(0.,1.),.UNSPECIFIED.);
#2302=B_SPLINE_CURVE_WITH_KNOTS('',2,(#8490,#8491,#8492),.UNSPECIFIED.,
 .F.,.F.,(3,3),(0.,1.),.UNSPECIFIED.);
#2303=B_SPLINE_CURVE_WITH_KNOTS('',2,(#8500,#8501,#8502),.UNSPECIFIED.,
 .F.,.F.,(3,3),(0.,1.),.UNSPECIFIED.);
#2304=B_SPLINE_CURVE_WITH_KNOTS('',2,(#8505,#8506,#8507),.UNSPECIFIED.,
 .F.,.F.,(3,3),(0.,1.),.UNSPECIFIED.);
#2305=B_SPLINE_CURVE_WITH_KNOTS('',2,(#8515,#8516,#8517),.UNSPECIFIED.,
 .F.,.F.,(3,3),(0.,1.),.UNSPECIFIED.);
#2306=B_SPLINE_CURVE_WITH_KNOTS('',2,(#8520,#8521,#8522),.UNSPECIFIED.,
 .F.,.F.,(3,3),(0.,1.),.UNSPECIFIED.);
#2307=B_SPLINE_CURVE_WITH_KNOTS('',2,(#8529,#8530,#8531),.UNSPECIFIED.,
 .F.,.F.,(3,3),(0.,1.),.UNSPECIFIED.);
#2308=B_SPLINE_CURVE_WITH_KNOTS('',2,(#8532,#8533,#8534),.UNSPECIFIED.,
 .F.,.F.,(3,3),(0.,1.),.UNSPECIFIED.);
#2309=B_SPLINE_CURVE_WITH_KNOTS('',2,(#8552,#8553,#8554),.UNSPECIFIED.,
 .F.,.F.,(3,3),(0.,1.),.UNSPECIFIED.);
#2310=B_SPLINE_CURVE_WITH_KNOTS('',2,(#8557,#8558,#8559),.UNSPECIFIED.,
 .F.,.F.,(3,3),(0.,1.),.UNSPECIFIED.);
#2311=B_SPLINE_CURVE_WITH_KNOTS('',2,(#8567,#8568,#8569),.UNSPECIFIED.,
 .F.,.F.,(3,3),(0.,1.),.UNSPECIFIED.);
#2312=B_SPLINE_CURVE_WITH_KNOTS('',2,(#8572,#8573,#8574),.UNSPECIFIED.,
 .F.,.F.,(3,3),(0.,1.),.UNSPECIFIED.);
#2313=B_SPLINE_CURVE_WITH_KNOTS('',2,(#8582,#8583,#8584),.UNSPECIFIED.,
 .F.,.F.,(3,3),(0.,1.),.UNSPECIFIED.);
#2314=B_SPLINE_CURVE_WITH_KNOTS('',2,(#8587,#8588,#8589),.UNSPECIFIED.,
 .F.,.F.,(3,3),(0.,1.),.UNSPECIFIED.);
#2315=B_SPLINE_CURVE_WITH_KNOTS('',2,(#8597,#8598,#8599),.UNSPECIFIED.,
 .F.,.F.,(3,3),(0.,1.),.UNSPECIFIED.);
#2316=B_SPLINE_CURVE_WITH_KNOTS('',2,(#8602,#8603,#8604),.UNSPECIFIED.,
 .F.,.F.,(3,3),(0.,1.),.UNSPECIFIED.);
#2317=B_SPLINE_CURVE_WITH_KNOTS('',2,(#8612,#8613,#8614),.UNSPECIFIED.,
 .F.,.F.,(3,3),(0.,1.),.UNSPECIFIED.);
#2318=B_SPLINE_CURVE_WITH_KNOTS('',2,(#8617,#8618,#8619),.UNSPECIFIED.,
 .F.,.F.,(3,3),(0.,1.),.UNSPECIFIED.);
#2319=B_SPLINE_CURVE_WITH_KNOTS('',2,(#8627,#8628,#8629),.UNSPECIFIED.,
 .F.,.F.,(3,3),(0.,1.),.UNSPECIFIED.);
#2320=B_SPLINE_CURVE_WITH_KNOTS('',2,(#8632,#8633,#8634),.UNSPECIFIED.,
 .F.,.F.,(3,3),(0.,1.),.UNSPECIFIED.);
#2321=B_SPLINE_CURVE_WITH_KNOTS('',2,(#8660,#8661,#8662),.UNSPECIFIED.,
 .F.,.F.,(3,3),(0.,1.),.UNSPECIFIED.);
#2322=B_SPLINE_CURVE_WITH_KNOTS('',2,(#8665,#8666,#8667),.UNSPECIFIED.,
 .F.,.F.,(3,3),(0.,1.),.UNSPECIFIED.);
#2323=B_SPLINE_CURVE_WITH_KNOTS('',2,(#8675,#8676,#8677),.UNSPECIFIED.,
 .F.,.F.,(3,3),(0.,1.),.UNSPECIFIED.);
#2324=B_SPLINE_CURVE_WITH_KNOTS('',2,(#8680,#8681,#8682),.UNSPECIFIED.,
 .F.,.F.,(3,3),(0.,1.),.UNSPECIFIED.);
#2325=B_SPLINE_CURVE_WITH_KNOTS('',2,(#8690,#8691,#8692),.UNSPECIFIED.,
 .F.,.F.,(3,3),(0.,1.),.UNSPECIFIED.);
#2326=B_SPLINE_CURVE_WITH_KNOTS('',2,(#8695,#8696,#8697),.UNSPECIFIED.,
 .F.,.F.,(3,3),(0.,1.),.UNSPECIFIED.);
#2327=B_SPLINE_CURVE_WITH_KNOTS('',2,(#8705,#8706,#8707),.UNSPECIFIED.,
 .F.,.F.,(3,3),(0.,1.),.UNSPECIFIED.);
#2328=B_SPLINE_CURVE_WITH_KNOTS('',2,(#8710,#8711,#8712),.UNSPECIFIED.,
 .F.,.F.,(3,3),(0.,1.),.UNSPECIFIED.);
#2329=B_SPLINE_CURVE_WITH_KNOTS('',2,(#8720,#8721,#8722),.UNSPECIFIED.,
 .F.,.F.,(3,3),(0.,1.),.UNSPECIFIED.);
#2330=B_SPLINE_CURVE_WITH_KNOTS('',2,(#8725,#8726,#8727),.UNSPECIFIED.,
 .F.,.F.,(3,3),(0.,1.),.UNSPECIFIED.);
#2331=B_SPLINE_CURVE_WITH_KNOTS('',2,(#8735,#8736,#8737),.UNSPECIFIED.,
 .F.,.F.,(3,3),(0.,1.),.UNSPECIFIED.);
#2332=B_SPLINE_CURVE_WITH_KNOTS('',2,(#8740,#8741,#8742),.UNSPECIFIED.,
 .F.,.F.,(3,3),(0.,1.),.UNSPECIFIED.);
#2333=B_SPLINE_CURVE_WITH_KNOTS('',2,(#8750,#8751,#8752),.UNSPECIFIED.,
 .F.,.F.,(3,3),(0.,1.),.UNSPECIFIED.);
#2334=B_SPLINE_CURVE_WITH_KNOTS('',2,(#8755,#8756,#8757),.UNSPECIFIED.,
 .F.,.F.,(3,3),(0.,1.),.UNSPECIFIED.);
#2335=B_SPLINE_CURVE_WITH_KNOTS('',2,(#8775,#8776,#8777),.UNSPECIFIED.,
 .F.,.F.,(3,3),(0.,1.),.UNSPECIFIED.);
#2336=B_SPLINE_CURVE_WITH_KNOTS('',2,(#8781,#8782,#8783),.UNSPECIFIED.,
 .F.,.F.,(3,3),(0.,1.),.UNSPECIFIED.);
#2337=B_SPLINE_CURVE_WITH_KNOTS('',2,(#8792,#8793,#8794),.UNSPECIFIED.,
 .F.,.F.,(3,3),(0.,1.),.UNSPECIFIED.);
#2338=B_SPLINE_CURVE_WITH_KNOTS('',2,(#8797,#8798,#8799),.UNSPECIFIED.,
 .F.,.F.,(3,3),(0.,1.),.UNSPECIFIED.);
#2339=B_SPLINE_CURVE_WITH_KNOTS('',2,(#8807,#8808,#8809),.UNSPECIFIED.,
 .F.,.F.,(3,3),(0.,1.),.UNSPECIFIED.);
#2340=B_SPLINE_CURVE_WITH_KNOTS('',2,(#8812,#8813,#8814),.UNSPECIFIED.,
 .F.,.F.,(3,3),(0.,1.),.UNSPECIFIED.);
#2341=B_SPLINE_CURVE_WITH_KNOTS('',2,(#8822,#8823,#8824),.UNSPECIFIED.,
 .F.,.F.,(3,3),(0.,1.),.UNSPECIFIED.);
#2342=B_SPLINE_CURVE_WITH_KNOTS('',2,(#8827,#8828,#8829),.UNSPECIFIED.,
 .F.,.F.,(3,3),(0.,1.),.UNSPECIFIED.);
#2343=B_SPLINE_CURVE_WITH_KNOTS('',2,(#8837,#8838,#8839),.UNSPECIFIED.,
 .F.,.F.,(3,3),(0.,1.),.UNSPECIFIED.);
#2344=B_SPLINE_CURVE_WITH_KNOTS('',2,(#8842,#8843,#8844),.UNSPECIFIED.,
 .F.,.F.,(3,3),(0.,1.),.UNSPECIFIED.);
#2345=B_SPLINE_CURVE_WITH_KNOTS('',2,(#8852,#8853,#8854),.UNSPECIFIED.,
 .F.,.F.,(3,3),(0.,1.),.UNSPECIFIED.);
#2346=B_SPLINE_CURVE_WITH_KNOTS('',2,(#8857,#8858,#8859),.UNSPECIFIED.,
 .F.,.F.,(3,3),(0.,1.),.UNSPECIFIED.);
#2347=B_SPLINE_CURVE_WITH_KNOTS('',2,(#8867,#8868,#8869),.UNSPECIFIED.,
 .F.,.F.,(3,3),(0.,1.),.UNSPECIFIED.);
#2348=B_SPLINE_CURVE_WITH_KNOTS('',2,(#8872,#8873,#8874),.UNSPECIFIED.,
 .F.,.F.,(3,3),(0.,1.),.UNSPECIFIED.);
#2349=B_SPLINE_CURVE_WITH_KNOTS('',2,(#8882,#8883,#8884),.UNSPECIFIED.,
 .F.,.F.,(3,3),(0.,1.),.UNSPECIFIED.);
#2350=B_SPLINE_CURVE_WITH_KNOTS('',2,(#8887,#8888,#8889),.UNSPECIFIED.,
 .F.,.F.,(3,3),(0.,1.),.UNSPECIFIED.);
#2351=B_SPLINE_CURVE_WITH_KNOTS('',2,(#8897,#8898,#8899),.UNSPECIFIED.,
 .F.,.F.,(3,3),(0.,1.),.UNSPECIFIED.);
#2352=B_SPLINE_CURVE_WITH_KNOTS('',2,(#8902,#8903,#8904),.UNSPECIFIED.,
 .F.,.F.,(3,3),(0.,1.),.UNSPECIFIED.);
#2353=B_SPLINE_CURVE_WITH_KNOTS('',2,(#8912,#8913,#8914),.UNSPECIFIED.,
 .F.,.F.,(3,3),(0.,1.),.UNSPECIFIED.);
#2354=B_SPLINE_CURVE_WITH_KNOTS('',2,(#8917,#8918,#8919),.UNSPECIFIED.,
 .F.,.F.,(3,3),(0.,1.),.UNSPECIFIED.);
#2355=B_SPLINE_CURVE_WITH_KNOTS('',2,(#8927,#8928,#8929),.UNSPECIFIED.,
 .F.,.F.,(3,3),(0.,1.),.UNSPECIFIED.);
#2356=B_SPLINE_CURVE_WITH_KNOTS('',2,(#8932,#8933,#8934),.UNSPECIFIED.,
 .F.,.F.,(3,3),(0.,1.),.UNSPECIFIED.);
#2357=B_SPLINE_CURVE_WITH_KNOTS('',2,(#8959,#8960,#8961),.UNSPECIFIED.,
 .F.,.F.,(3,3),(0.,1.),.UNSPECIFIED.);
#2358=B_SPLINE_CURVE_WITH_KNOTS('',2,(#8965,#8966,#8967),.UNSPECIFIED.,
 .F.,.F.,(3,3),(0.,1.),.UNSPECIFIED.);
#2359=B_SPLINE_CURVE_WITH_KNOTS('',2,(#8976,#8977,#8978),.UNSPECIFIED.,
 .F.,.F.,(3,3),(0.,1.),.UNSPECIFIED.);
#2360=B_SPLINE_CURVE_WITH_KNOTS('',2,(#8981,#8982,#8983),.UNSPECIFIED.,
 .F.,.F.,(3,3),(0.,1.),.UNSPECIFIED.);
#2361=B_SPLINE_CURVE_WITH_KNOTS('',2,(#8991,#8992,#8993),.UNSPECIFIED.,
 .F.,.F.,(3,3),(0.,1.),.UNSPECIFIED.);
#2362=B_SPLINE_CURVE_WITH_KNOTS('',2,(#8996,#8997,#8998),.UNSPECIFIED.,
 .F.,.F.,(3,3),(0.,1.),.UNSPECIFIED.);
#2363=B_SPLINE_CURVE_WITH_KNOTS('',2,(#9006,#9007,#9008),.UNSPECIFIED.,
 .F.,.F.,(3,3),(0.,1.),.UNSPECIFIED.);
#2364=B_SPLINE_CURVE_WITH_KNOTS('',2,(#9011,#9012,#9013),.UNSPECIFIED.,
 .F.,.F.,(3,3),(0.,1.),.UNSPECIFIED.);
#2365=B_SPLINE_CURVE_WITH_KNOTS('',2,(#9021,#9022,#9023),.UNSPECIFIED.,
 .F.,.F.,(3,3),(0.,1.),.UNSPECIFIED.);
#2366=B_SPLINE_CURVE_WITH_KNOTS('',2,(#9026,#9027,#9028),.UNSPECIFIED.,
 .F.,.F.,(3,3),(0.,1.),.UNSPECIFIED.);
#2367=B_SPLINE_CURVE_WITH_KNOTS('',2,(#9054,#9055,#9056),.UNSPECIFIED.,
 .F.,.F.,(3,3),(0.,1.),.UNSPECIFIED.);
#2368=B_SPLINE_CURVE_WITH_KNOTS('',2,(#9059,#9060,#9061),.UNSPECIFIED.,
 .F.,.F.,(3,3),(0.,1.),.UNSPECIFIED.);
#2369=B_SPLINE_CURVE_WITH_KNOTS('',2,(#9069,#9070,#9071),.UNSPECIFIED.,
 .F.,.F.,(3,3),(0.,1.),.UNSPECIFIED.);
#2370=B_SPLINE_CURVE_WITH_KNOTS('',2,(#9074,#9075,#9076),.UNSPECIFIED.,
 .F.,.F.,(3,3),(0.,1.),.UNSPECIFIED.);
#2371=B_SPLINE_CURVE_WITH_KNOTS('',2,(#9084,#9085,#9086),.UNSPECIFIED.,
 .F.,.F.,(3,3),(0.,1.),.UNSPECIFIED.);
#2372=B_SPLINE_CURVE_WITH_KNOTS('',2,(#9089,#9090,#9091),.UNSPECIFIED.,
 .F.,.F.,(3,3),(0.,1.),.UNSPECIFIED.);
#2373=B_SPLINE_CURVE_WITH_KNOTS('',2,(#9099,#9100,#9101),.UNSPECIFIED.,
 .F.,.F.,(3,3),(0.,1.),.UNSPECIFIED.);
#2374=B_SPLINE_CURVE_WITH_KNOTS('',2,(#9104,#9105,#9106),.UNSPECIFIED.,
 .F.,.F.,(3,3),(0.,1.),.UNSPECIFIED.);
#2375=B_SPLINE_CURVE_WITH_KNOTS('',2,(#9114,#9115,#9116),.UNSPECIFIED.,
 .F.,.F.,(3,3),(0.,1.),.UNSPECIFIED.);
#2376=B_SPLINE_CURVE_WITH_KNOTS('',2,(#9119,#9120,#9121),.UNSPECIFIED.,
 .F.,.F.,(3,3),(0.,1.),.UNSPECIFIED.);
#2377=B_SPLINE_CURVE_WITH_KNOTS('',2,(#9129,#9130,#9131),.UNSPECIFIED.,
 .F.,.F.,(3,3),(0.,1.),.UNSPECIFIED.);
#2378=B_SPLINE_CURVE_WITH_KNOTS('',2,(#9134,#9135,#9136),.UNSPECIFIED.,
 .F.,.F.,(3,3),(0.,1.),.UNSPECIFIED.);
#2379=B_SPLINE_CURVE_WITH_KNOTS('',2,(#9238,#9239,#9240),.UNSPECIFIED.,
 .F.,.F.,(3,3),(0.,1.),.UNSPECIFIED.);
#2380=B_SPLINE_CURVE_WITH_KNOTS('',2,(#9244,#9245,#9246),.UNSPECIFIED.,
 .F.,.F.,(3,3),(0.,1.),.UNSPECIFIED.);
#2381=B_SPLINE_CURVE_WITH_KNOTS('',2,(#9255,#9256,#9257),.UNSPECIFIED.,
 .F.,.F.,(3,3),(0.,1.),.UNSPECIFIED.);
#2382=B_SPLINE_CURVE_WITH_KNOTS('',2,(#9260,#9261,#9262),.UNSPECIFIED.,
 .F.,.F.,(3,3),(0.,1.),.UNSPECIFIED.);
#2383=B_SPLINE_CURVE_WITH_KNOTS('',2,(#9506,#9507,#9508),.UNSPECIFIED.,
 .F.,.F.,(3,3),(0.,1.),.UNSPECIFIED.);
#2384=B_SPLINE_CURVE_WITH_KNOTS('',2,(#9512,#9513,#9514),.UNSPECIFIED.,
 .F.,.F.,(3,3),(0.,1.),.UNSPECIFIED.);
#2385=B_SPLINE_CURVE_WITH_KNOTS('',2,(#9523,#9524,#9525),.UNSPECIFIED.,
 .F.,.F.,(3,3),(0.,1.),.UNSPECIFIED.);
#2386=B_SPLINE_CURVE_WITH_KNOTS('',2,(#9528,#9529,#9530),.UNSPECIFIED.,
 .F.,.F.,(3,3),(0.,1.),.UNSPECIFIED.);
#2387=B_SPLINE_CURVE_WITH_KNOTS('',2,(#9538,#9539,#9540),.UNSPECIFIED.,
 .F.,.F.,(3,3),(0.,1.),.UNSPECIFIED.);
#2388=B_SPLINE_CURVE_WITH_KNOTS('',2,(#9543,#9544,#9545),.UNSPECIFIED.,
 .F.,.F.,(3,3),(0.,1.),.UNSPECIFIED.);
#2389=B_SPLINE_CURVE_WITH_KNOTS('',2,(#9553,#9554,#9555),.UNSPECIFIED.,
 .F.,.F.,(3,3),(0.,1.),.UNSPECIFIED.);
#2390=B_SPLINE_CURVE_WITH_KNOTS('',2,(#9558,#9559,#9560),.UNSPECIFIED.,
 .F.,.F.,(3,3),(0.,1.),.UNSPECIFIED.);
#2391=B_SPLINE_CURVE_WITH_KNOTS('',2,(#9568,#9569,#9570),.UNSPECIFIED.,
 .F.,.F.,(3,3),(0.,1.),.UNSPECIFIED.);
#2392=B_SPLINE_CURVE_WITH_KNOTS('',2,(#9573,#9574,#9575),.UNSPECIFIED.,
 .F.,.F.,(3,3),(0.,1.),.UNSPECIFIED.);
#2393=B_SPLINE_CURVE_WITH_KNOTS('',2,(#9583,#9584,#9585),.UNSPECIFIED.,
 .F.,.F.,(3,3),(0.,1.),.UNSPECIFIED.);
#2394=B_SPLINE_CURVE_WITH_KNOTS('',2,(#9588,#9589,#9590),.UNSPECIFIED.,
 .F.,.F.,(3,3),(0.,1.),.UNSPECIFIED.);
#2395=B_SPLINE_CURVE_WITH_KNOTS('',2,(#9598,#9599,#9600),.UNSPECIFIED.,
 .F.,.F.,(3,3),(0.,1.),.UNSPECIFIED.);
#2396=B_SPLINE_CURVE_WITH_KNOTS('',2,(#9603,#9604,#9605),.UNSPECIFIED.,
 .F.,.F.,(3,3),(0.,1.),.UNSPECIFIED.);
#2397=B_SPLINE_CURVE_WITH_KNOTS('',2,(#9613,#9614,#9615),.UNSPECIFIED.,
 .F.,.F.,(3,3),(0.,1.),.UNSPECIFIED.);
#2398=B_SPLINE_CURVE_WITH_KNOTS('',2,(#9618,#9619,#9620),.UNSPECIFIED.,
 .F.,.F.,(3,3),(0.,1.),.UNSPECIFIED.);
#2399=B_SPLINE_CURVE_WITH_KNOTS('',2,(#9628,#9629,#9630),.UNSPECIFIED.,
 .F.,.F.,(3,3),(0.,1.),.UNSPECIFIED.);
#2400=B_SPLINE_CURVE_WITH_KNOTS('',2,(#9633,#9634,#9635),.UNSPECIFIED.,
 .F.,.F.,(3,3),(0.,1.),.UNSPECIFIED.);
#2401=B_SPLINE_CURVE_WITH_KNOTS('',2,(#9649,#9650,#9651),.UNSPECIFIED.,
 .F.,.F.,(3,3),(0.,1.),.UNSPECIFIED.);
#2402=B_SPLINE_CURVE_WITH_KNOTS('',2,(#9654,#9655,#9656),.UNSPECIFIED.,
 .F.,.F.,(3,3),(0.,1.),.UNSPECIFIED.);
#2403=B_SPLINE_CURVE_WITH_KNOTS('',2,(#9664,#9665,#9666),.UNSPECIFIED.,
 .F.,.F.,(3,3),(0.,1.),.UNSPECIFIED.);
#2404=B_SPLINE_CURVE_WITH_KNOTS('',2,(#9669,#9670,#9671),.UNSPECIFIED.,
 .F.,.F.,(3,3),(0.,1.),.UNSPECIFIED.);
#2405=B_SPLINE_CURVE_WITH_KNOTS('',2,(#9679,#9680,#9681),.UNSPECIFIED.,
 .F.,.F.,(3,3),(0.,1.),.UNSPECIFIED.);
#2406=B_SPLINE_CURVE_WITH_KNOTS('',2,(#9684,#9685,#9686),.UNSPECIFIED.,
 .F.,.F.,(3,3),(0.,1.),.UNSPECIFIED.);
#2407=B_SPLINE_CURVE_WITH_KNOTS('',2,(#9694,#9695,#9696),.UNSPECIFIED.,
 .F.,.F.,(3,3),(0.,1.),.UNSPECIFIED.);
#2408=B_SPLINE_CURVE_WITH_KNOTS('',2,(#9699,#9700,#9701),.UNSPECIFIED.,
 .F.,.F.,(3,3),(0.,1.),.UNSPECIFIED.);
#2409=B_SPLINE_CURVE_WITH_KNOTS('',2,(#9709,#9710,#9711),.UNSPECIFIED.,
 .F.,.F.,(3,3),(0.,1.),.UNSPECIFIED.);
#2410=B_SPLINE_CURVE_WITH_KNOTS('',2,(#9714,#9715,#9716),.UNSPECIFIED.,
 .F.,.F.,(3,3),(0.,1.),.UNSPECIFIED.);
#2411=B_SPLINE_CURVE_WITH_KNOTS('',2,(#9724,#9725,#9726),.UNSPECIFIED.,
 .F.,.F.,(3,3),(0.,1.),.UNSPECIFIED.);
#2412=B_SPLINE_CURVE_WITH_KNOTS('',2,(#9729,#9730,#9731),.UNSPECIFIED.,
 .F.,.F.,(3,3),(0.,1.),.UNSPECIFIED.);
#2413=B_SPLINE_CURVE_WITH_KNOTS('',2,(#9739,#9740,#9741),.UNSPECIFIED.,
 .F.,.F.,(3,3),(0.,1.),.UNSPECIFIED.);
#2414=B_SPLINE_CURVE_WITH_KNOTS('',2,(#9744,#9745,#9746),.UNSPECIFIED.,
 .F.,.F.,(3,3),(0.,1.),.UNSPECIFIED.);
#2415=B_SPLINE_CURVE_WITH_KNOTS('',2,(#9754,#9755,#9756),.UNSPECIFIED.,
 .F.,.F.,(3,3),(0.,1.),.UNSPECIFIED.);
#2416=B_SPLINE_CURVE_WITH_KNOTS('',2,(#9759,#9760,#9761),.UNSPECIFIED.,
 .F.,.F.,(3,3),(0.,1.),.UNSPECIFIED.);
#2417=B_SPLINE_CURVE_WITH_KNOTS('',2,(#9769,#9770,#9771),.UNSPECIFIED.,
 .F.,.F.,(3,3),(0.,1.),.UNSPECIFIED.);
#2418=B_SPLINE_CURVE_WITH_KNOTS('',2,(#9774,#9775,#9776),.UNSPECIFIED.,
 .F.,.F.,(3,3),(0.,1.),.UNSPECIFIED.);
#2419=B_SPLINE_CURVE_WITH_KNOTS('',2,(#9784,#9785,#9786),.UNSPECIFIED.,
 .F.,.F.,(3,3),(0.,1.),.UNSPECIFIED.);
#2420=B_SPLINE_CURVE_WITH_KNOTS('',2,(#9789,#9790,#9791),.UNSPECIFIED.,
 .F.,.F.,(3,3),(0.,1.),.UNSPECIFIED.);
#2421=B_SPLINE_CURVE_WITH_KNOTS('',2,(#9804,#9805,#9806),.UNSPECIFIED.,
 .F.,.F.,(3,3),(0.,1.),.UNSPECIFIED.);
#2422=B_SPLINE_CURVE_WITH_KNOTS('',2,(#9807,#9808,#9809),.UNSPECIFIED.,
 .F.,.F.,(3,3),(0.,1.),.UNSPECIFIED.);
#2423=VERTEX_POINT('',#7482);
#2424=VERTEX_POINT('',#7483);
#2425=VERTEX_POINT('',#7487);
#2426=VERTEX_POINT('',#7489);
#2427=VERTEX_POINT('',#7500);
#2428=VERTEX_POINT('',#7504);
#2429=VERTEX_POINT('',#7515);
#2430=VERTEX_POINT('',#7519);
#2431=VERTEX_POINT('',#7530);
#2432=VERTEX_POINT('',#7534);
#2433=VERTEX_POINT('',#7545);
#2434=VERTEX_POINT('',#7549);
#2435=VERTEX_POINT('',#7560);
#2436=VERTEX_POINT('',#7564);
#2437=VERTEX_POINT('',#7575);
#2438=VERTEX_POINT('',#7579);
#2439=VERTEX_POINT('',#7590);
#2440=VERTEX_POINT('',#7594);
#2441=VERTEX_POINT('',#7605);
#2442=VERTEX_POINT('',#7609);
#2443=VERTEX_POINT('',#7620);
#2444=VERTEX_POINT('',#7624);
#2445=VERTEX_POINT('',#7635);
#2446=VERTEX_POINT('',#7639);
#2447=VERTEX_POINT('',#7650);
#2448=VERTEX_POINT('',#7654);
#2449=VERTEX_POINT('',#7665);
#2450=VERTEX_POINT('',#7669);
#2451=VERTEX_POINT('',#7680);
#2452=VERTEX_POINT('',#7684);
#2453=VERTEX_POINT('',#7690);
#2454=VERTEX_POINT('',#7692);
#2455=VERTEX_POINT('',#7701);
#2456=VERTEX_POINT('',#7705);
#2457=VERTEX_POINT('',#7716);
#2458=VERTEX_POINT('',#7720);
#2459=VERTEX_POINT('',#7731);
#2460=VERTEX_POINT('',#7735);
#2461=VERTEX_POINT('',#7746);
#2462=VERTEX_POINT('',#7750);
#2463=VERTEX_POINT('',#7761);
#2464=VERTEX_POINT('',#7765);
#2465=VERTEX_POINT('',#7776);
#2466=VERTEX_POINT('',#7780);
#2467=VERTEX_POINT('',#7791);
#2468=VERTEX_POINT('',#7795);
#2469=VERTEX_POINT('',#7806);
#2470=VERTEX_POINT('',#7810);
#2471=VERTEX_POINT('',#7821);
#2472=VERTEX_POINT('',#7825);
#2473=VERTEX_POINT('',#7836);
#2474=VERTEX_POINT('',#7840);
#2475=VERTEX_POINT('',#7851);
#2476=VERTEX_POINT('',#7855);
#2477=VERTEX_POINT('',#7866);
#2478=VERTEX_POINT('',#7870);
#2479=VERTEX_POINT('',#7881);
#2480=VERTEX_POINT('',#7885);
#2481=VERTEX_POINT('',#7896);
#2482=VERTEX_POINT('',#7900);
#2483=VERTEX_POINT('',#7911);
#2484=VERTEX_POINT('',#7915);
#2485=VERTEX_POINT('',#7926);
#2486=VERTEX_POINT('',#7930);
#2487=VERTEX_POINT('',#7941);
#2488=VERTEX_POINT('',#7945);
#2489=VERTEX_POINT('',#7956);
#2490=VERTEX_POINT('',#7960);
#2491=VERTEX_POINT('',#7966);
#2492=VERTEX_POINT('',#7968);
#2493=VERTEX_POINT('',#7985);
#2494=VERTEX_POINT('',#7986);
#2495=VERTEX_POINT('',#7988);
#2496=VERTEX_POINT('',#7990);
#2497=VERTEX_POINT('',#7994);
#2498=VERTEX_POINT('',#7996);
#2499=VERTEX_POINT('',#8000);
#2500=VERTEX_POINT('',#8002);
#2501=VERTEX_POINT('',#8006);
#2502=VERTEX_POINT('',#8008);
#2503=VERTEX_POINT('',#8012);
#2504=VERTEX_POINT('',#8014);
#2505=VERTEX_POINT('',#8018);
#2506=VERTEX_POINT('',#8020);
#2507=VERTEX_POINT('',#8024);
#2508=VERTEX_POINT('',#8026);
#2509=VERTEX_POINT('',#8039);
#2510=VERTEX_POINT('',#8040);
#2511=VERTEX_POINT('',#8044);
#2512=VERTEX_POINT('',#8046);
#2513=VERTEX_POINT('',#8057);
#2514=VERTEX_POINT('',#8061);
#2515=VERTEX_POINT('',#8072);
#2516=VERTEX_POINT('',#8076);
#2517=VERTEX_POINT('',#8087);
#2518=VERTEX_POINT('',#8091);
#2519=VERTEX_POINT('',#8102);
#2520=VERTEX_POINT('',#8106);
#2521=VERTEX_POINT('',#8112);
#2522=VERTEX_POINT('',#8114);
#2523=VERTEX_POINT('',#8118);
#2524=VERTEX_POINT('',#8120);
#2525=VERTEX_POINT('',#8124);
#2526=VERTEX_POINT('',#8126);
#2527=VERTEX_POINT('',#8135);
#2528=VERTEX_POINT('',#8139);
#2529=VERTEX_POINT('',#8150);
#2530=VERTEX_POINT('',#8154);
#2531=VERTEX_POINT('',#8165);
#2532=VERTEX_POINT('',#8169);
#2533=VERTEX_POINT('',#8180);
#2534=VERTEX_POINT('',#8184);
#2535=VERTEX_POINT('',#8195);
#2536=VERTEX_POINT('',#8199);
#2537=VERTEX_POINT('',#8210);
#2538=VERTEX_POINT('',#8214);
#2539=VERTEX_POINT('',#8220);
#2540=VERTEX_POINT('',#8222);
#2541=VERTEX_POINT('',#8226);
#2542=VERTEX_POINT('',#8228);
#2543=VERTEX_POINT('',#8241);
#2544=VERTEX_POINT('',#8242);
#2545=VERTEX_POINT('',#8246);
#2546=VERTEX_POINT('',#8248);
#2547=VERTEX_POINT('',#8259);
#2548=VERTEX_POINT('',#8263);
#2549=VERTEX_POINT('',#8274);
#2550=VERTEX_POINT('',#8278);
#2551=VERTEX_POINT('',#8289);
#2552=VERTEX_POINT('',#8293);
#2553=VERTEX_POINT('',#8304);
#2554=VERTEX_POINT('',#8308);
#2555=VERTEX_POINT('',#8319);
#2556=VERTEX_POINT('',#8323);
#2557=VERTEX_POINT('',#8334);
#2558=VERTEX_POINT('',#8338);
#2559=VERTEX_POINT('',#8349);
#2560=VERTEX_POINT('',#8353);
#2561=VERTEX_POINT('',#8376);
#2562=VERTEX_POINT('',#8377);
#2563=VERTEX_POINT('',#8381);
#2564=VERTEX_POINT('',#8383);
#2565=VERTEX_POINT('',#8394);
#2566=VERTEX_POINT('',#8398);
#2567=VERTEX_POINT('',#8409);
#2568=VERTEX_POINT('',#8413);
#2569=VERTEX_POINT('',#8424);
#2570=VERTEX_POINT('',#8428);
#2571=VERTEX_POINT('',#8439);
#2572=VERTEX_POINT('',#8443);
#2573=VERTEX_POINT('',#8454);
#2574=VERTEX_POINT('',#8458);
#2575=VERTEX_POINT('',#8469);
#2576=VERTEX_POINT('',#8473);
#2577=VERTEX_POINT('',#8484);
#2578=VERTEX_POINT('',#8488);
#2579=VERTEX_POINT('',#8499);
#2580=VERTEX_POINT('',#8503);
#2581=VERTEX_POINT('',#8514);
#2582=VERTEX_POINT('',#8518);
#2583=VERTEX_POINT('',#8537);
#2584=VERTEX_POINT('',#8538);
#2585=VERTEX_POINT('',#8540);
#2586=VERTEX_POINT('',#8542);
#2587=VERTEX_POINT('',#8551);
#2588=VERTEX_POINT('',#8555);
#2589=VERTEX_POINT('',#8566);
#2590=VERTEX_POINT('',#8570);
#2591=VERTEX_POINT('',#8581);
#2592=VERTEX_POINT('',#8585);
#2593=VERTEX_POINT('',#8596);
#2594=VERTEX_POINT('',#8600);
#2595=VERTEX_POINT('',#8611);
#2596=VERTEX_POINT('',#8615);
#2597=VERTEX_POINT('',#8626);
#2598=VERTEX_POINT('',#8630);
#2599=VERTEX_POINT('',#8636);
#2600=VERTEX_POINT('',#8638);
#2601=VERTEX_POINT('',#8645);
#2602=VERTEX_POINT('',#8646);
#2603=VERTEX_POINT('',#8648);
#2604=VERTEX_POINT('',#8650);
#2605=VERTEX_POINT('',#8659);
#2606=VERTEX_POINT('',#8663);
#2607=VERTEX_POINT('',#8674);
#2608=VERTEX_POINT('',#8678);
#2609=VERTEX_POINT('',#8689);
#2610=VERTEX_POINT('',#8693);
#2611=VERTEX_POINT('',#8704);
#2612=VERTEX_POINT('',#8708);
#2613=VERTEX_POINT('',#8719);
#2614=VERTEX_POINT('',#8723);
#2615=VERTEX_POINT('',#8734);
#2616=VERTEX_POINT('',#8738);
#2617=VERTEX_POINT('',#8749);
#2618=VERTEX_POINT('',#8753);
#2619=VERTEX_POINT('',#8759);
#2620=VERTEX_POINT('',#8761);
#2621=VERTEX_POINT('',#8773);
#2622=VERTEX_POINT('',#8774);
#2623=VERTEX_POINT('',#8778);
#2624=VERTEX_POINT('',#8780);
#2625=VERTEX_POINT('',#8791);
#2626=VERTEX_POINT('',#8795);
#2627=VERTEX_POINT('',#8806);
#2628=VERTEX_POINT('',#8810);
#2629=VERTEX_POINT('',#8821);
#2630=VERTEX_POINT('',#8825);
#2631=VERTEX_POINT('',#8836);
#2632=VERTEX_POINT('',#8840);
#2633=VERTEX_POINT('',#8851);
#2634=VERTEX_POINT('',#8855);
#2635=VERTEX_POINT('',#8866);
#2636=VERTEX_POINT('',#8870);
#2637=VERTEX_POINT('',#8881);
#2638=VERTEX_POINT('',#8885);
#2639=VERTEX_POINT('',#8896);
#2640=VERTEX_POINT('',#8900);
#2641=VERTEX_POINT('',#8911);
#2642=VERTEX_POINT('',#8915);
#2643=VERTEX_POINT('',#8926);
#2644=VERTEX_POINT('',#8930);
#2645=VERTEX_POINT('',#8936);
#2646=VERTEX_POINT('',#8938);
#2647=VERTEX_POINT('',#8942);
#2648=VERTEX_POINT('',#8944);
#2649=VERTEX_POINT('',#8957);
#2650=VERTEX_POINT('',#8958);
#2651=VERTEX_POINT('',#8962);
#2652=VERTEX_POINT('',#8964);
#2653=VERTEX_POINT('',#8975);
#2654=VERTEX_POINT('',#8979);
#2655=VERTEX_POINT('',#8990);
#2656=VERTEX_POINT('',#8994);
#2657=VERTEX_POINT('',#9005);
#2658=VERTEX_POINT('',#9009);
#2659=VERTEX_POINT('',#9020);
#2660=VERTEX_POINT('',#9024);
#2661=VERTEX_POINT('',#9030);
#2662=VERTEX_POINT('',#9032);
#2663=VERTEX_POINT('',#9036);
#2664=VERTEX_POINT('',#9038);
#2665=VERTEX_POINT('',#9042);
#2666=VERTEX_POINT('',#9044);
#2667=VERTEX_POINT('',#9053);
#2668=VERTEX_POINT('',#9057);
#2669=VERTEX_POINT('',#9068);
#2670=VERTEX_POINT('',#9072);
#2671=VERTEX_POINT('',#9083);
#2672=VERTEX_POINT('',#9087);
#2673=VERTEX_POINT('',#9098);
#2674=VERTEX_POINT('',#9102);
#2675=VERTEX_POINT('',#9113);
#2676=VERTEX_POINT('',#9117);
#2677=VERTEX_POINT('',#9128);
#2678=VERTEX_POINT('',#9132);
#2679=VERTEX_POINT('',#9138);
#2680=VERTEX_POINT('',#9140);
#2681=VERTEX_POINT('',#9144);
#2682=VERTEX_POINT('',#9146);
#2683=VERTEX_POINT('',#9157);
#2684=VERTEX_POINT('',#9158);
#2685=VERTEX_POINT('',#9160);
#2686=VERTEX_POINT('',#9162);
#2687=VERTEX_POINT('',#9166);
#2688=VERTEX_POINT('',#9168);
#2689=VERTEX_POINT('',#9172);
#2690=VERTEX_POINT('',#9173);
#2691=VERTEX_POINT('',#9181);
#2692=VERTEX_POINT('',#9183);
#2693=VERTEX_POINT('',#9187);
#2694=VERTEX_POINT('',#9191);
#2695=VERTEX_POINT('',#9192);
#2696=VERTEX_POINT('',#9194);
#2697=VERTEX_POINT('',#9196);
#2698=VERTEX_POINT('',#9200);
#2699=VERTEX_POINT('',#9206);
#2700=VERTEX_POINT('',#9207);
#2701=VERTEX_POINT('',#9209);
#2702=VERTEX_POINT('',#9211);
#2703=VERTEX_POINT('',#9215);
#2704=VERTEX_POINT('',#9217);
#2705=VERTEX_POINT('',#9221);
#2706=VERTEX_POINT('',#9225);
#2707=VERTEX_POINT('',#9236);
#2708=VERTEX_POINT('',#9237);
#2709=VERTEX_POINT('',#9241);
#2710=VERTEX_POINT('',#9243);
#2711=VERTEX_POINT('',#9254);
#2712=VERTEX_POINT('',#9258);
#2713=VERTEX_POINT('',#9264);
#2714=VERTEX_POINT('',#9266);
#2715=VERTEX_POINT('',#9270);
#2716=VERTEX_POINT('',#9272);
#2717=VERTEX_POINT('',#9279);
#2718=VERTEX_POINT('',#9280);
#2719=VERTEX_POINT('',#9282);
#2720=VERTEX_POINT('',#9284);
#2721=VERTEX_POINT('',#9288);
#2722=VERTEX_POINT('',#9290);
#2723=VERTEX_POINT('',#9294);
#2724=VERTEX_POINT('',#9296);
#2725=VERTEX_POINT('',#9300);
#2726=VERTEX_POINT('',#9302);
#2727=VERTEX_POINT('',#9306);
#2728=VERTEX_POINT('',#9308);
#2729=VERTEX_POINT('',#9312);
#2730=VERTEX_POINT('',#9314);
#2731=VERTEX_POINT('',#9318);
#2732=VERTEX_POINT('',#9320);
#2733=VERTEX_POINT('',#9328);
#2734=VERTEX_POINT('',#9329);
#2735=VERTEX_POINT('',#9331);
#2736=VERTEX_POINT('',#9333);
#2737=VERTEX_POINT('',#9337);
#2738=VERTEX_POINT('',#9339);
#2739=VERTEX_POINT('',#9343);
#2740=VERTEX_POINT('',#9345);
#2741=VERTEX_POINT('',#9349);
#2742=VERTEX_POINT('',#9351);
#2743=VERTEX_POINT('',#9355);
#2744=VERTEX_POINT('',#9357);
#2745=VERTEX_POINT('',#9361);
#2746=VERTEX_POINT('',#9363);
#2747=VERTEX_POINT('',#9367);
#2748=VERTEX_POINT('',#9369);
#2749=VERTEX_POINT('',#9373);
#2750=VERTEX_POINT('',#9375);
#2751=VERTEX_POINT('',#9379);
#2752=VERTEX_POINT('',#9381);
#2753=VERTEX_POINT('',#9385);
#2754=VERTEX_POINT('',#9387);
#2755=VERTEX_POINT('',#9391);
#2756=VERTEX_POINT('',#9393);
#2757=VERTEX_POINT('',#9401);
#2758=VERTEX_POINT('',#9402);
#2759=VERTEX_POINT('',#9404);
#2760=VERTEX_POINT('',#9406);
#2761=VERTEX_POINT('',#9410);
#2762=VERTEX_POINT('',#9412);
#2763=VERTEX_POINT('',#9416);
#2764=VERTEX_POINT('',#9418);
#2765=VERTEX_POINT('',#9422);
#2766=VERTEX_POINT('',#9424);
#2767=VERTEX_POINT('',#9428);
#2768=VERTEX_POINT('',#9430);
#2769=VERTEX_POINT('',#9438);
#2770=VERTEX_POINT('',#9439);
#2771=VERTEX_POINT('',#9441);
#2772=VERTEX_POINT('',#9443);
#2773=VERTEX_POINT('',#9447);
#2774=VERTEX_POINT('',#9449);
#2775=VERTEX_POINT('',#9453);
#2776=VERTEX_POINT('',#9455);
#2777=VERTEX_POINT('',#9459);
#2778=VERTEX_POINT('',#9461);
#2779=VERTEX_POINT('',#9465);
#2780=VERTEX_POINT('',#9467);
#2781=VERTEX_POINT('',#9471);
#2782=VERTEX_POINT('',#9473);
#2783=VERTEX_POINT('',#9477);
#2784=VERTEX_POINT('',#9479);
#2785=VERTEX_POINT('',#9483);
#2786=VERTEX_POINT('',#9485);
#2787=VERTEX_POINT('',#9489);
#2788=VERTEX_POINT('',#9491);
#2789=VERTEX_POINT('',#9504);
#2790=VERTEX_POINT('',#9505);
#2791=VERTEX_POINT('',#9509);
#2792=VERTEX_POINT('',#9511);
#2793=VERTEX_POINT('',#9522);
#2794=VERTEX_POINT('',#9526);
#2795=VERTEX_POINT('',#9537);
#2796=VERTEX_POINT('',#9541);
#2797=VERTEX_POINT('',#9552);
#2798=VERTEX_POINT('',#9556);
#2799=VERTEX_POINT('',#9567);
#2800=VERTEX_POINT('',#9571);
#2801=VERTEX_POINT('',#9582);
#2802=VERTEX_POINT('',#9586);
#2803=VERTEX_POINT('',#9597);
#2804=VERTEX_POINT('',#9601);
#2805=VERTEX_POINT('',#9612);
#2806=VERTEX_POINT('',#9616);
#2807=VERTEX_POINT('',#9627);
#2808=VERTEX_POINT('',#9631);
#2809=VERTEX_POINT('',#9637);
#2810=VERTEX_POINT('',#9639);
#2811=VERTEX_POINT('',#9648);
#2812=VERTEX_POINT('',#9652);
#2813=VERTEX_POINT('',#9663);
#2814=VERTEX_POINT('',#9667);
#2815=VERTEX_POINT('',#9678);
#2816=VERTEX_POINT('',#9682);
#2817=VERTEX_POINT('',#9693);
#2818=VERTEX_POINT('',#9697);
#2819=VERTEX_POINT('',#9708);
#2820=VERTEX_POINT('',#9712);
#2821=VERTEX_POINT('',#9723);
#2822=VERTEX_POINT('',#9727);
#2823=VERTEX_POINT('',#9738);
#2824=VERTEX_POINT('',#9742);
#2825=VERTEX_POINT('',#9753);
#2826=VERTEX_POINT('',#9757);
#2827=VERTEX_POINT('',#9768);
#2828=VERTEX_POINT('',#9772);
#2829=VERTEX_POINT('',#9783);
#2830=VERTEX_POINT('',#9787);
#2831=VERTEX_POINT('',#9793);
#2832=VERTEX_POINT('',#9795);
#2833=VERTEX_POINT('',#9813);
#2834=VERTEX_POINT('',#9814);
#2835=VERTEX_POINT('',#9816);
#2836=VERTEX_POINT('',#9818);
#2837=VERTEX_POINT('',#9820);
#2838=VERTEX_POINT('',#9824);
#2839=VERTEX_POINT('',#9826);
#2840=VERTEX_POINT('',#9830);
#2841=VERTEX_POINT('',#9832);
#2842=VERTEX_POINT('',#9834);
#2843=VERTEX_POINT('',#9838);
#2844=VERTEX_POINT('',#9840);
#2845=VERTEX_POINT('',#9842);
#2846=VERTEX_POINT('',#9844);
#2847=VERTEX_POINT('',#9848);
#2848=VERTEX_POINT('',#9852);
#2849=VERTEX_POINT('',#9854);
#2850=VERTEX_POINT('',#9856);
#2851=VERTEX_POINT('',#9860);
#2852=VERTEX_POINT('',#9862);
#2853=VERTEX_POINT('',#9866);
#2854=VERTEX_POINT('',#9868);
#2855=VERTEX_POINT('',#9872);
#2856=VERTEX_POINT('',#9874);
#2857=VERTEX_POINT('',#9878);
#2858=VERTEX_POINT('',#9879);
#2859=VERTEX_POINT('',#9881);
#2860=VERTEX_POINT('',#9884);
#2861=VERTEX_POINT('',#9886);
#2862=VERTEX_POINT('',#9889);
#2863=VERTEX_POINT('',#9891);
#2864=VERTEX_POINT('',#9893);
#2865=VERTEX_POINT('',#9896);
#2866=VERTEX_POINT('',#9900);
#2867=VERTEX_POINT('',#9904);
#2868=VERTEX_POINT('',#9908);
#2869=VERTEX_POINT('',#9912);
#2870=VERTEX_POINT('',#9916);
#2871=VERTEX_POINT('',#9920);
#2872=VERTEX_POINT('',#9925);
#2873=VERTEX_POINT('',#9942);
#2874=VERTEX_POINT('',#9944);
#2875=VERTEX_POINT('',#9946);
#2876=VERTEX_POINT('',#9948);
#2877=VERTEX_POINT('',#9950);
#2878=VERTEX_POINT('',#9952);
#2879=VERTEX_POINT('',#9954);
#2880=VERTEX_POINT('',#9956);
#2881=VERTEX_POINT('',#9960);
#2882=VERTEX_POINT('',#9962);
#2883=VERTEX_POINT('',#9964);
#2884=VERTEX_POINT('',#9966);
#2885=VERTEX_POINT('',#9968);
#2886=VERTEX_POINT('',#9970);
#2887=VERTEX_POINT('',#9972);
#2888=VERTEX_POINT('',#9974);
#2889=VERTEX_POINT('',#9976);
#2890=VERTEX_POINT('',#9978);
#2891=VERTEX_POINT('',#9980);
#2892=VERTEX_POINT('',#9982);
#2893=VERTEX_POINT('',#9984);
#2894=VERTEX_POINT('',#9986);
#2895=VERTEX_POINT('',#9988);
#2896=VERTEX_POINT('',#9990);
#2897=VERTEX_POINT('',#9994);
#2898=VERTEX_POINT('',#9995);
#2899=VERTEX_POINT('',#9997);
#2900=VERTEX_POINT('',#9999);
#2901=VERTEX_POINT('',#10001);
#2902=VERTEX_POINT('',#10005);
#2903=VERTEX_POINT('',#10010);
#2904=VERTEX_POINT('',#10014);
#2905=VERTEX_POINT('',#10015);
#2906=VERTEX_POINT('',#10017);
#2907=VERTEX_POINT('',#10019);
#2908=VERTEX_POINT('',#10021);
#2909=VERTEX_POINT('',#10025);
#2910=VERTEX_POINT('',#10027);
#2911=VERTEX_POINT('',#10029);
#2912=VERTEX_POINT('',#10033);
#2913=VERTEX_POINT('',#10037);
#2914=VERTEX_POINT('',#10041);
#2915=VERTEX_POINT('',#10045);
#2916=VERTEX_POINT('',#10047);
#2917=VERTEX_POINT('',#10055);
#2918=VERTEX_POINT('',#10066);
#2919=VERTEX_POINT('',#10067);
#2920=VERTEX_POINT('',#10069);
#2921=VERTEX_POINT('',#10071);
#2922=VERTEX_POINT('',#10075);
#2923=VERTEX_POINT('',#10077);
#2924=VERTEX_POINT('',#10081);
#2925=VERTEX_POINT('',#10083);
#2926=VERTEX_POINT('',#10087);
#2927=VERTEX_POINT('',#10089);
#2928=VERTEX_POINT('',#10093);
#2929=VERTEX_POINT('',#10095);
#2930=VERTEX_POINT('',#10103);
#2931=VERTEX_POINT('',#10104);
#2932=VERTEX_POINT('',#10106);
#2933=VERTEX_POINT('',#10108);
#2934=VERTEX_POINT('',#10112);
#2935=VERTEX_POINT('',#10114);
#2936=VERTEX_POINT('',#10118);
#2937=VERTEX_POINT('',#10120);
#2938=VERTEX_POINT('',#10124);
#2939=VERTEX_POINT('',#10125);
#2940=VERTEX_POINT('',#10130);
#2941=VERTEX_POINT('',#10132);
#2942=VERTEX_POINT('',#10140);
#2943=VERTEX_POINT('',#10141);
#2944=VERTEX_POINT('',#10143);
#2945=VERTEX_POINT('',#10145);
#2946=VERTEX_POINT('',#10147);
#2947=VERTEX_POINT('',#10151);
#2948=VERTEX_POINT('',#10152);
#2949=VERTEX_POINT('',#10157);
#2950=VERTEX_POINT('',#10158);
#2951=VERTEX_POINT('',#10161);
#2952=VERTEX_POINT('',#10165);
#2953=VERTEX_POINT('',#10167);
#2954=VERTEX_POINT('',#10172);
#2955=VERTEX_POINT('',#10177);
#2956=VERTEX_POINT('',#10179);
#2957=VERTEX_POINT('',#10183);
#2958=VERTEX_POINT('',#10187);
#2959=VERTEX_POINT('',#10198);
#2960=VERTEX_POINT('',#10202);
#2961=VERTEX_POINT('',#10203);
#2962=VERTEX_POINT('',#10205);
#2963=VERTEX_POINT('',#10207);
#2964=VERTEX_POINT('',#10209);
#2965=VERTEX_POINT('',#10213);
#2966=VERTEX_POINT('',#10214);
#2967=VERTEX_POINT('',#10219);
#2968=VERTEX_POINT('',#10220);
#2969=VERTEX_POINT('',#10223);
#2970=VERTEX_POINT('',#10227);
#2971=VERTEX_POINT('',#10229);
#2972=VERTEX_POINT('',#10234);
#2973=VERTEX_POINT('',#10239);
#2974=VERTEX_POINT('',#10240);
#2975=VERTEX_POINT('',#10242);
#2976=VERTEX_POINT('',#10244);
#2977=VERTEX_POINT('',#10249);
#2978=VERTEX_POINT('',#10253);
#2979=VERTEX_POINT('',#10257);
#2980=VERTEX_POINT('',#10266);
#2981=VERTEX_POINT('',#10267);
#2982=VERTEX_POINT('',#10269);
#2983=VERTEX_POINT('',#10271);
#2984=VERTEX_POINT('',#10275);
#2985=VERTEX_POINT('',#10277);
#2986=VERTEX_POINT('',#10280);
#2987=VERTEX_POINT('',#10283);
#2988=VERTEX_POINT('',#10294);
#2989=VERTEX_POINT('',#10305);
#2990=VERTEX_POINT('',#10313);
#2991=VERTEX_POINT('',#10322);
#2992=VERTEX_POINT('',#10328);
#2993=VERTEX_POINT('',#10331);
#2994=VERTEX_POINT('',#10334);
#2995=VERTEX_POINT('',#10342);
#2996=VERTEX_POINT('',#10346);
#2997=EDGE_CURVE('',#2423,#2424,#2181,.T.);
#2998=EDGE_CURVE('',#2423,#2425,#993,.T.);
#2999=EDGE_CURVE('',#2425,#2426,#2182,.T.);
#3000=EDGE_CURVE('',#2424,#2426,#994,.T.);
#3001=EDGE_CURVE('',#2427,#2423,#2183,.T.);
#3002=EDGE_CURVE('',#2427,#2428,#995,.T.);
#3003=EDGE_CURVE('',#2428,#2425,#2184,.T.);
#3004=EDGE_CURVE('',#2429,#2427,#2185,.T.);
#3005=EDGE_CURVE('',#2429,#2430,#996,.T.);
#3006=EDGE_CURVE('',#2430,#2428,#2186,.T.);
#3007=EDGE_CURVE('',#2431,#2429,#2187,.T.);
#3008=EDGE_CURVE('',#2431,#2432,#997,.T.);
#3009=EDGE_CURVE('',#2432,#2430,#2188,.T.);
#3010=EDGE_CURVE('',#2433,#2431,#2189,.T.);
#3011=EDGE_CURVE('',#2433,#2434,#998,.T.);
#3012=EDGE_CURVE('',#2434,#2432,#2190,.T.);
#3013=EDGE_CURVE('',#2435,#2433,#2191,.T.);
#3014=EDGE_CURVE('',#2435,#2436,#999,.T.);
#3015=EDGE_CURVE('',#2436,#2434,#2192,.T.);
#3016=EDGE_CURVE('',#2437,#2435,#2193,.T.);
#3017=EDGE_CURVE('',#2437,#2438,#1000,.T.);
#3018=EDGE_CURVE('',#2438,#2436,#2194,.T.);
#3019=EDGE_CURVE('',#2439,#2437,#2195,.T.);
#3020=EDGE_CURVE('',#2439,#2440,#1001,.T.);
#3021=EDGE_CURVE('',#2440,#2438,#2196,.T.);
#3022=EDGE_CURVE('',#2441,#2439,#2197,.T.);
#3023=EDGE_CURVE('',#2441,#2442,#1002,.T.);
#3024=EDGE_CURVE('',#2442,#2440,#2198,.T.);
#3025=EDGE_CURVE('',#2443,#2441,#2199,.T.);
#3026=EDGE_CURVE('',#2443,#2444,#1003,.T.);
#3027=EDGE_CURVE('',#2444,#2442,#2200,.T.);
#3028=EDGE_CURVE('',#2445,#2443,#2201,.T.);
#3029=EDGE_CURVE('',#2445,#2446,#1004,.T.);
#3030=EDGE_CURVE('',#2446,#2444,#2202,.T.);
#3031=EDGE_CURVE('',#2447,#2445,#2203,.T.);
#3032=EDGE_CURVE('',#2447,#2448,#1005,.T.);
#3033=EDGE_CURVE('',#2448,#2446,#2204,.T.);
#3034=EDGE_CURVE('',#2449,#2447,#2205,.T.);
#3035=EDGE_CURVE('',#2449,#2450,#1006,.T.);
#3036=EDGE_CURVE('',#2450,#2448,#2206,.T.);
#3037=EDGE_CURVE('',#2451,#2449,#2207,.T.);
#3038=EDGE_CURVE('',#2451,#2452,#1007,.T.);
#3039=EDGE_CURVE('',#2452,#2450,#2208,.T.);
#3040=EDGE_CURVE('',#2453,#2451,#1008,.T.);
#3041=EDGE_CURVE('',#2453,#2454,#1009,.T.);
#3042=EDGE_CURVE('',#2454,#2452,#1010,.T.);
#3043=EDGE_CURVE('',#2455,#2453,#2209,.T.);
#3044=EDGE_CURVE('',#2455,#2456,#1011,.T.);
#3045=EDGE_CURVE('',#2456,#2454,#2210,.T.);
#3046=EDGE_CURVE('',#2457,#2455,#2211,.T.);
#3047=EDGE_CURVE('',#2457,#2458,#1012,.T.);
#3048=EDGE_CURVE('',#2458,#2456,#2212,.T.);
#3049=EDGE_CURVE('',#2459,#2457,#2213,.T.);
#3050=EDGE_CURVE('',#2459,#2460,#1013,.T.);
#3051=EDGE_CURVE('',#2460,#2458,#2214,.T.);
#3052=EDGE_CURVE('',#2461,#2459,#2215,.T.);
#3053=EDGE_CURVE('',#2461,#2462,#1014,.T.);
#3054=EDGE_CURVE('',#2462,#2460,#2216,.T.);
#3055=EDGE_CURVE('',#2463,#2461,#2217,.T.);
#3056=EDGE_CURVE('',#2463,#2464,#1015,.T.);
#3057=EDGE_CURVE('',#2464,#2462,#2218,.T.);
#3058=EDGE_CURVE('',#2465,#2463,#2219,.T.);
#3059=EDGE_CURVE('',#2465,#2466,#1016,.T.);
#3060=EDGE_CURVE('',#2466,#2464,#2220,.T.);
#3061=EDGE_CURVE('',#2467,#2465,#2221,.T.);
#3062=EDGE_CURVE('',#2467,#2468,#1017,.T.);
#3063=EDGE_CURVE('',#2468,#2466,#2222,.T.);
#3064=EDGE_CURVE('',#2469,#2467,#2223,.T.);
#3065=EDGE_CURVE('',#2469,#2470,#1018,.T.);
#3066=EDGE_CURVE('',#2470,#2468,#2224,.T.);
#3067=EDGE_CURVE('',#2471,#2469,#2225,.T.);
#3068=EDGE_CURVE('',#2471,#2472,#1019,.T.);
#3069=EDGE_CURVE('',#2472,#2470,#2226,.T.);
#3070=EDGE_CURVE('',#2473,#2471,#2227,.T.);
#3071=EDGE_CURVE('',#2473,#2474,#1020,.T.);
#3072=EDGE_CURVE('',#2474,#2472,#2228,.T.);
#3073=EDGE_CURVE('',#2475,#2473,#2229,.T.);
#3074=EDGE_CURVE('',#2475,#2476,#1021,.T.);
#3075=EDGE_CURVE('',#2476,#2474,#2230,.T.);
#3076=EDGE_CURVE('',#2477,#2475,#2231,.T.);
#3077=EDGE_CURVE('',#2477,#2478,#1022,.T.);
#3078=EDGE_CURVE('',#2478,#2476,#2232,.T.);
#3079=EDGE_CURVE('',#2479,#2477,#2233,.T.);
#3080=EDGE_CURVE('',#2479,#2480,#1023,.T.);
#3081=EDGE_CURVE('',#2480,#2478,#2234,.T.);
#3082=EDGE_CURVE('',#2481,#2479,#2235,.T.);
#3083=EDGE_CURVE('',#2481,#2482,#1024,.T.);
#3084=EDGE_CURVE('',#2482,#2480,#2236,.T.);
#3085=EDGE_CURVE('',#2483,#2481,#2237,.T.);
#3086=EDGE_CURVE('',#2483,#2484,#1025,.T.);
#3087=EDGE_CURVE('',#2484,#2482,#2238,.T.);
#3088=EDGE_CURVE('',#2485,#2483,#2239,.T.);
#3089=EDGE_CURVE('',#2485,#2486,#1026,.T.);
#3090=EDGE_CURVE('',#2486,#2484,#2240,.T.);
#3091=EDGE_CURVE('',#2487,#2485,#2241,.T.);
#3092=EDGE_CURVE('',#2487,#2488,#1027,.T.);
#3093=EDGE_CURVE('',#2488,#2486,#2242,.T.);
#3094=EDGE_CURVE('',#2489,#2487,#2243,.T.);
#3095=EDGE_CURVE('',#2489,#2490,#1028,.T.);
#3096=EDGE_CURVE('',#2490,#2488,#2244,.T.);
#3097=EDGE_CURVE('',#2491,#2489,#1029,.T.);
#3098=EDGE_CURVE('',#2491,#2492,#1030,.T.);
#3099=EDGE_CURVE('',#2492,#2490,#1031,.T.);
#3100=EDGE_CURVE('',#2424,#2491,#2245,.T.);
#3101=EDGE_CURVE('',#2426,#2492,#2246,.T.);
#3102=EDGE_CURVE('',#2493,#2494,#1032,.T.);
#3103=EDGE_CURVE('',#2493,#2495,#1033,.T.);
#3104=EDGE_CURVE('',#2495,#2496,#1034,.T.);
#3105=EDGE_CURVE('',#2494,#2496,#1035,.T.);
#3106=EDGE_CURVE('',#2497,#2493,#1036,.T.);
#3107=EDGE_CURVE('',#2497,#2498,#1037,.T.);
#3108=EDGE_CURVE('',#2498,#2495,#1038,.T.);
#3109=EDGE_CURVE('',#2499,#2497,#1039,.T.);
#3110=EDGE_CURVE('',#2499,#2500,#1040,.T.);
#3111=EDGE_CURVE('',#2500,#2498,#1041,.T.);
#3112=EDGE_CURVE('',#2501,#2499,#1042,.T.);
#3113=EDGE_CURVE('',#2501,#2502,#1043,.T.);
#3114=EDGE_CURVE('',#2502,#2500,#1044,.T.);
#3115=EDGE_CURVE('',#2503,#2501,#1045,.T.);
#3116=EDGE_CURVE('',#2503,#2504,#1046,.T.);
#3117=EDGE_CURVE('',#2504,#2502,#1047,.T.);
#3118=EDGE_CURVE('',#2505,#2503,#1048,.T.);
#3119=EDGE_CURVE('',#2505,#2506,#1049,.T.);
#3120=EDGE_CURVE('',#2506,#2504,#1050,.T.);
#3121=EDGE_CURVE('',#2507,#2505,#1051,.T.);
#3122=EDGE_CURVE('',#2507,#2508,#1052,.T.);
#3123=EDGE_CURVE('',#2508,#2506,#1053,.T.);
#3124=EDGE_CURVE('',#2494,#2507,#1054,.T.);
#3125=EDGE_CURVE('',#2496,#2508,#1055,.T.);
#3126=EDGE_CURVE('',#2509,#2510,#2247,.T.);
#3127=EDGE_CURVE('',#2509,#2511,#1056,.T.);
#3128=EDGE_CURVE('',#2511,#2512,#2248,.T.);
#3129=EDGE_CURVE('',#2510,#2512,#1057,.T.);
#3130=EDGE_CURVE('',#2513,#2509,#2249,.T.);
#3131=EDGE_CURVE('',#2513,#2514,#1058,.T.);
#3132=EDGE_CURVE('',#2514,#2511,#2250,.T.);
#3133=EDGE_CURVE('',#2515,#2513,#2251,.T.);
#3134=EDGE_CURVE('',#2515,#2516,#1059,.T.);
#3135=EDGE_CURVE('',#2516,#2514,#2252,.T.);
#3136=EDGE_CURVE('',#2517,#2515,#2253,.T.);
#3137=EDGE_CURVE('',#2517,#2518,#1060,.T.);
#3138=EDGE_CURVE('',#2518,#2516,#2254,.T.);
#3139=EDGE_CURVE('',#2519,#2517,#2255,.T.);
#3140=EDGE_CURVE('',#2519,#2520,#1061,.T.);
#3141=EDGE_CURVE('',#2520,#2518,#2256,.T.);
#3142=EDGE_CURVE('',#2521,#2519,#1062,.T.);
#3143=EDGE_CURVE('',#2521,#2522,#1063,.T.);
#3144=EDGE_CURVE('',#2522,#2520,#1064,.T.);
#3145=EDGE_CURVE('',#2523,#2521,#1065,.T.);
#3146=EDGE_CURVE('',#2523,#2524,#1066,.T.);
#3147=EDGE_CURVE('',#2524,#2522,#1067,.T.);
#3148=EDGE_CURVE('',#2525,#2523,#1068,.T.);
#3149=EDGE_CURVE('',#2525,#2526,#1069,.T.);
#3150=EDGE_CURVE('',#2526,#2524,#1070,.T.);
#3151=EDGE_CURVE('',#2527,#2525,#2257,.T.);
#3152=EDGE_CURVE('',#2527,#2528,#1071,.T.);
#3153=EDGE_CURVE('',#2528,#2526,#2258,.T.);
#3154=EDGE_CURVE('',#2529,#2527,#2259,.T.);
#3155=EDGE_CURVE('',#2529,#2530,#1072,.T.);
#3156=EDGE_CURVE('',#2530,#2528,#2260,.T.);
#3157=EDGE_CURVE('',#2531,#2529,#2261,.T.);
#3158=EDGE_CURVE('',#2531,#2532,#1073,.T.);
#3159=EDGE_CURVE('',#2532,#2530,#2262,.T.);
#3160=EDGE_CURVE('',#2533,#2531,#2263,.T.);
#3161=EDGE_CURVE('',#2533,#2534,#1074,.T.);
#3162=EDGE_CURVE('',#2534,#2532,#2264,.T.);
#3163=EDGE_CURVE('',#2535,#2533,#2265,.T.);
#3164=EDGE_CURVE('',#2535,#2536,#1075,.T.);
#3165=EDGE_CURVE('',#2536,#2534,#2266,.T.);
#3166=EDGE_CURVE('',#2537,#2535,#2267,.T.);
#3167=EDGE_CURVE('',#2537,#2538,#1076,.T.);
#3168=EDGE_CURVE('',#2538,#2536,#2268,.T.);
#3169=EDGE_CURVE('',#2539,#2537,#1077,.T.);
#3170=EDGE_CURVE('',#2539,#2540,#1078,.T.);
#3171=EDGE_CURVE('',#2540,#2538,#1079,.T.);
#3172=EDGE_CURVE('',#2541,#2539,#1080,.T.);
#3173=EDGE_CURVE('',#2541,#2542,#1081,.T.);
#3174=EDGE_CURVE('',#2542,#2540,#1082,.T.);
#3175=EDGE_CURVE('',#2510,#2541,#1083,.T.);
#3176=EDGE_CURVE('',#2512,#2542,#1084,.T.);
#3177=EDGE_CURVE('',#2543,#2544,#2269,.T.);
#3178=EDGE_CURVE('',#2543,#2545,#1085,.T.);
#3179=EDGE_CURVE('',#2545,#2546,#2270,.T.);
#3180=EDGE_CURVE('',#2544,#2546,#1086,.T.);
#3181=EDGE_CURVE('',#2547,#2543,#2271,.T.);
#3182=EDGE_CURVE('',#2547,#2548,#1087,.T.);
#3183=EDGE_CURVE('',#2548,#2545,#2272,.T.);
#3184=EDGE_CURVE('',#2549,#2547,#2273,.T.);
#3185=EDGE_CURVE('',#2549,#2550,#1088,.T.);
#3186=EDGE_CURVE('',#2550,#2548,#2274,.T.);
#3187=EDGE_CURVE('',#2551,#2549,#2275,.T.);
#3188=EDGE_CURVE('',#2551,#2552,#1089,.T.);
#3189=EDGE_CURVE('',#2552,#2550,#2276,.T.);
#3190=EDGE_CURVE('',#2553,#2551,#2277,.T.);
#3191=EDGE_CURVE('',#2553,#2554,#1090,.T.);
#3192=EDGE_CURVE('',#2554,#2552,#2278,.T.);
#3193=EDGE_CURVE('',#2555,#2553,#2279,.T.);
#3194=EDGE_CURVE('',#2555,#2556,#1091,.T.);
#3195=EDGE_CURVE('',#2556,#2554,#2280,.T.);
#3196=EDGE_CURVE('',#2557,#2555,#2281,.T.);
#3197=EDGE_CURVE('',#2557,#2558,#1092,.T.);
#3198=EDGE_CURVE('',#2558,#2556,#2282,.T.);
#3199=EDGE_CURVE('',#2559,#2557,#2283,.T.);
#3200=EDGE_CURVE('',#2559,#2560,#1093,.T.);
#3201=EDGE_CURVE('',#2560,#2558,#2284,.T.);
#3202=EDGE_CURVE('',#2544,#2559,#2285,.T.);
#3203=EDGE_CURVE('',#2546,#2560,#2286,.T.);
#3204=EDGE_CURVE('',#2561,#2562,#2287,.T.);
#3205=EDGE_CURVE('',#2561,#2563,#1094,.T.);
#3206=EDGE_CURVE('',#2563,#2564,#2288,.T.);
#3207=EDGE_CURVE('',#2562,#2564,#1095,.T.);
#3208=EDGE_CURVE('',#2565,#2561,#2289,.T.);
#3209=EDGE_CURVE('',#2565,#2566,#1096,.T.);
#3210=EDGE_CURVE('',#2566,#2563,#2290,.T.);
#3211=EDGE_CURVE('',#2567,#2565,#2291,.T.);
#3212=EDGE_CURVE('',#2567,#2568,#1097,.T.);
#3213=EDGE_CURVE('',#2568,#2566,#2292,.T.);
#3214=EDGE_CURVE('',#2569,#2567,#2293,.T.);
#3215=EDGE_CURVE('',#2569,#2570,#1098,.T.);
#3216=EDGE_CURVE('',#2570,#2568,#2294,.T.);
#3217=EDGE_CURVE('',#2571,#2569,#2295,.T.);
#3218=EDGE_CURVE('',#2571,#2572,#1099,.T.);
#3219=EDGE_CURVE('',#2572,#2570,#2296,.T.);
#3220=EDGE_CURVE('',#2573,#2571,#2297,.T.);
#3221=EDGE_CURVE('',#2573,#2574,#1100,.T.);
#3222=EDGE_CURVE('',#2574,#2572,#2298,.T.);
#3223=EDGE_CURVE('',#2575,#2573,#2299,.T.);
#3224=EDGE_CURVE('',#2575,#2576,#1101,.T.);
#3225=EDGE_CURVE('',#2576,#2574,#2300,.T.);
#3226=EDGE_CURVE('',#2577,#2575,#2301,.T.);
#3227=EDGE_CURVE('',#2577,#2578,#1102,.T.);
#3228=EDGE_CURVE('',#2578,#2576,#2302,.T.);
#3229=EDGE_CURVE('',#2579,#2577,#2303,.T.);
#3230=EDGE_CURVE('',#2579,#2580,#1103,.T.);
#3231=EDGE_CURVE('',#2580,#2578,#2304,.T.);
#3232=EDGE_CURVE('',#2581,#2579,#2305,.T.);
#3233=EDGE_CURVE('',#2581,#2582,#1104,.T.);
#3234=EDGE_CURVE('',#2582,#2580,#2306,.T.);
#3235=EDGE_CURVE('',#2562,#2581,#2307,.T.);
#3236=EDGE_CURVE('',#2564,#2582,#2308,.T.);
#3237=EDGE_CURVE('',#2583,#2584,#1105,.T.);
#3238=EDGE_CURVE('',#2583,#2585,#1106,.T.);
#3239=EDGE_CURVE('',#2585,#2586,#1107,.T.);
#3240=EDGE_CURVE('',#2584,#2586,#1108,.T.);
#3241=EDGE_CURVE('',#2587,#2583,#2309,.T.);
#3242=EDGE_CURVE('',#2587,#2588,#1109,.T.);
#3243=EDGE_CURVE('',#2588,#2585,#2310,.T.);
#3244=EDGE_CURVE('',#2589,#2587,#2311,.T.);
#3245=EDGE_CURVE('',#2589,#2590,#1110,.T.);
#3246=EDGE_CURVE('',#2590,#2588,#2312,.T.);
#3247=EDGE_CURVE('',#2591,#2589,#2313,.T.);
#3248=EDGE_CURVE('',#2591,#2592,#1111,.T.);
#3249=EDGE_CURVE('',#2592,#2590,#2314,.T.);
#3250=EDGE_CURVE('',#2593,#2591,#2315,.T.);
#3251=EDGE_CURVE('',#2593,#2594,#1112,.T.);
#3252=EDGE_CURVE('',#2594,#2592,#2316,.T.);
#3253=EDGE_CURVE('',#2595,#2593,#2317,.T.);
#3254=EDGE_CURVE('',#2595,#2596,#1113,.T.);
#3255=EDGE_CURVE('',#2596,#2594,#2318,.T.);
#3256=EDGE_CURVE('',#2597,#2595,#2319,.T.);
#3257=EDGE_CURVE('',#2597,#2598,#1114,.T.);
#3258=EDGE_CURVE('',#2598,#2596,#2320,.T.);
#3259=EDGE_CURVE('',#2599,#2597,#1115,.T.);
#3260=EDGE_CURVE('',#2599,#2600,#1116,.T.);
#3261=EDGE_CURVE('',#2600,#2598,#1117,.T.);
#3262=EDGE_CURVE('',#2584,#2599,#1118,.T.);
#3263=EDGE_CURVE('',#2586,#2600,#1119,.T.);
#3264=EDGE_CURVE('',#2601,#2602,#1120,.T.);
#3265=EDGE_CURVE('',#2601,#2603,#1121,.T.);
#3266=EDGE_CURVE('',#2603,#2604,#1122,.T.);
#3267=EDGE_CURVE('',#2602,#2604,#1123,.T.);
#3268=EDGE_CURVE('',#2605,#2601,#2321,.T.);
#3269=EDGE_CURVE('',#2605,#2606,#1124,.T.);
#3270=EDGE_CURVE('',#2606,#2603,#2322,.T.);
#3271=EDGE_CURVE('',#2607,#2605,#2323,.T.);
#3272=EDGE_CURVE('',#2607,#2608,#1125,.T.);
#3273=EDGE_CURVE('',#2608,#2606,#2324,.T.);
#3274=EDGE_CURVE('',#2609,#2607,#2325,.T.);
#3275=EDGE_CURVE('',#2609,#2610,#1126,.T.);
#3276=EDGE_CURVE('',#2610,#2608,#2326,.T.);
#3277=EDGE_CURVE('',#2611,#2609,#2327,.T.);
#3278=EDGE_CURVE('',#2611,#2612,#1127,.T.);
#3279=EDGE_CURVE('',#2612,#2610,#2328,.T.);
#3280=EDGE_CURVE('',#2613,#2611,#2329,.T.);
#3281=EDGE_CURVE('',#2613,#2614,#1128,.T.);
#3282=EDGE_CURVE('',#2614,#2612,#2330,.T.);
#3283=EDGE_CURVE('',#2615,#2613,#2331,.T.);
#3284=EDGE_CURVE('',#2615,#2616,#1129,.T.);
#3285=EDGE_CURVE('',#2616,#2614,#2332,.T.);
#3286=EDGE_CURVE('',#2617,#2615,#2333,.T.);
#3287=EDGE_CURVE('',#2617,#2618,#1130,.T.);
#3288=EDGE_CURVE('',#2618,#2616,#2334,.T.);
#3289=EDGE_CURVE('',#2619,#2617,#1131,.T.);
#3290=EDGE_CURVE('',#2619,#2620,#1132,.T.);
#3291=EDGE_CURVE('',#2620,#2618,#1133,.T.);
#3292=EDGE_CURVE('',#2602,#2619,#1134,.T.);
#3293=EDGE_CURVE('',#2604,#2620,#1135,.T.);
#3294=EDGE_CURVE('',#2621,#2622,#2335,.T.);
#3295=EDGE_CURVE('',#2621,#2623,#1136,.T.);
#3296=EDGE_CURVE('',#2623,#2624,#2336,.T.);
#3297=EDGE_CURVE('',#2622,#2624,#1137,.T.);
#3298=EDGE_CURVE('',#2625,#2621,#2337,.T.);
#3299=EDGE_CURVE('',#2625,#2626,#1138,.T.);
#3300=EDGE_CURVE('',#2626,#2623,#2338,.T.);
#3301=EDGE_CURVE('',#2627,#2625,#2339,.T.);
#3302=EDGE_CURVE('',#2627,#2628,#1139,.T.);
#3303=EDGE_CURVE('',#2628,#2626,#2340,.T.);
#3304=EDGE_CURVE('',#2629,#2627,#2341,.T.);
#3305=EDGE_CURVE('',#2629,#2630,#1140,.T.);
#3306=EDGE_CURVE('',#2630,#2628,#2342,.T.);
#3307=EDGE_CURVE('',#2631,#2629,#2343,.T.);
#3308=EDGE_CURVE('',#2631,#2632,#1141,.T.);
#3309=EDGE_CURVE('',#2632,#2630,#2344,.T.);
#3310=EDGE_CURVE('',#2633,#2631,#2345,.T.);
#3311=EDGE_CURVE('',#2633,#2634,#1142,.T.);
#3312=EDGE_CURVE('',#2634,#2632,#2346,.T.);
#3313=EDGE_CURVE('',#2635,#2633,#2347,.T.);
#3314=EDGE_CURVE('',#2635,#2636,#1143,.T.);
#3315=EDGE_CURVE('',#2636,#2634,#2348,.T.);
#3316=EDGE_CURVE('',#2637,#2635,#2349,.T.);
#3317=EDGE_CURVE('',#2637,#2638,#1144,.T.);
#3318=EDGE_CURVE('',#2638,#2636,#2350,.T.);
#3319=EDGE_CURVE('',#2639,#2637,#2351,.T.);
#3320=EDGE_CURVE('',#2639,#2640,#1145,.T.);
#3321=EDGE_CURVE('',#2640,#2638,#2352,.T.);
#3322=EDGE_CURVE('',#2641,#2639,#2353,.T.);
#3323=EDGE_CURVE('',#2641,#2642,#1146,.T.);
#3324=EDGE_CURVE('',#2642,#2640,#2354,.T.);
#3325=EDGE_CURVE('',#2643,#2641,#2355,.T.);
#3326=EDGE_CURVE('',#2643,#2644,#1147,.T.);
#3327=EDGE_CURVE('',#2644,#2642,#2356,.T.);
#3328=EDGE_CURVE('',#2645,#2643,#1148,.T.);
#3329=EDGE_CURVE('',#2645,#2646,#1149,.T.);
#3330=EDGE_CURVE('',#2646,#2644,#1150,.T.);
#3331=EDGE_CURVE('',#2647,#2645,#1151,.T.);
#3332=EDGE_CURVE('',#2647,#2648,#1152,.T.);
#3333=EDGE_CURVE('',#2648,#2646,#1153,.T.);
#3334=EDGE_CURVE('',#2622,#2647,#1154,.T.);
#3335=EDGE_CURVE('',#2624,#2648,#1155,.T.);
#3336=EDGE_CURVE('',#2649,#2650,#2357,.T.);
#3337=EDGE_CURVE('',#2649,#2651,#1156,.T.);
#3338=EDGE_CURVE('',#2651,#2652,#2358,.T.);
#3339=EDGE_CURVE('',#2650,#2652,#1157,.T.);
#3340=EDGE_CURVE('',#2653,#2649,#2359,.T.);
#3341=EDGE_CURVE('',#2653,#2654,#1158,.T.);
#3342=EDGE_CURVE('',#2654,#2651,#2360,.T.);
#3343=EDGE_CURVE('',#2655,#2653,#2361,.T.);
#3344=EDGE_CURVE('',#2655,#2656,#1159,.T.);
#3345=EDGE_CURVE('',#2656,#2654,#2362,.T.);
#3346=EDGE_CURVE('',#2657,#2655,#2363,.T.);
#3347=EDGE_CURVE('',#2657,#2658,#1160,.T.);
#3348=EDGE_CURVE('',#2658,#2656,#2364,.T.);
#3349=EDGE_CURVE('',#2659,#2657,#2365,.T.);
#3350=EDGE_CURVE('',#2659,#2660,#1161,.T.);
#3351=EDGE_CURVE('',#2660,#2658,#2366,.T.);
#3352=EDGE_CURVE('',#2661,#2659,#1162,.T.);
#3353=EDGE_CURVE('',#2661,#2662,#1163,.T.);
#3354=EDGE_CURVE('',#2662,#2660,#1164,.T.);
#3355=EDGE_CURVE('',#2663,#2661,#1165,.T.);
#3356=EDGE_CURVE('',#2663,#2664,#1166,.T.);
#3357=EDGE_CURVE('',#2664,#2662,#1167,.T.);
#3358=EDGE_CURVE('',#2665,#2663,#1168,.T.);
#3359=EDGE_CURVE('',#2665,#2666,#1169,.T.);
#3360=EDGE_CURVE('',#2666,#2664,#1170,.T.);
#3361=EDGE_CURVE('',#2667,#2665,#2367,.T.);
#3362=EDGE_CURVE('',#2667,#2668,#1171,.T.);
#3363=EDGE_CURVE('',#2668,#2666,#2368,.T.);
#3364=EDGE_CURVE('',#2669,#2667,#2369,.T.);
#3365=EDGE_CURVE('',#2669,#2670,#1172,.T.);
#3366=EDGE_CURVE('',#2670,#2668,#2370,.T.);
#3367=EDGE_CURVE('',#2671,#2669,#2371,.T.);
#3368=EDGE_CURVE('',#2671,#2672,#1173,.T.);
#3369=EDGE_CURVE('',#2672,#2670,#2372,.T.);
#3370=EDGE_CURVE('',#2673,#2671,#2373,.T.);
#3371=EDGE_CURVE('',#2673,#2674,#1174,.T.);
#3372=EDGE_CURVE('',#2674,#2672,#2374,.T.);
#3373=EDGE_CURVE('',#2675,#2673,#2375,.T.);
#3374=EDGE_CURVE('',#2675,#2676,#1175,.T.);
#3375=EDGE_CURVE('',#2676,#2674,#2376,.T.);
#3376=EDGE_CURVE('',#2677,#2675,#2377,.T.);
#3377=EDGE_CURVE('',#2677,#2678,#1176,.T.);
#3378=EDGE_CURVE('',#2678,#2676,#2378,.T.);
#3379=EDGE_CURVE('',#2679,#2677,#1177,.T.);
#3380=EDGE_CURVE('',#2679,#2680,#1178,.T.);
#3381=EDGE_CURVE('',#2680,#2678,#1179,.T.);
#3382=EDGE_CURVE('',#2681,#2679,#1180,.T.);
#3383=EDGE_CURVE('',#2681,#2682,#1181,.T.);
#3384=EDGE_CURVE('',#2682,#2680,#1182,.T.);
#3385=EDGE_CURVE('',#2650,#2681,#1183,.T.);
#3386=EDGE_CURVE('',#2652,#2682,#1184,.T.);
#3387=EDGE_CURVE('',#2683,#2684,#1185,.T.);
#3388=EDGE_CURVE('',#2684,#2685,#36,.T.);
#3389=EDGE_CURVE('',#2685,#2686,#1186,.T.);
#3390=EDGE_CURVE('',#2686,#2683,#37,.T.);
#3391=EDGE_CURVE('',#2685,#2687,#1187,.T.);
#3392=EDGE_CURVE('',#2687,#2688,#1188,.T.);
#3393=EDGE_CURVE('',#2688,#2686,#1189,.T.);
#3394=EDGE_CURVE('',#2689,#2690,#1190,.T.);
#3395=EDGE_CURVE('',#2690,#2684,#1191,.T.);
#3396=EDGE_CURVE('',#2683,#2689,#1192,.T.);
#3397=EDGE_CURVE('',#2687,#2690,#38,.T.);
#3398=EDGE_CURVE('',#2689,#2688,#39,.T.);
#3399=EDGE_CURVE('',#2683,#2691,#1193,.T.);
#3400=EDGE_CURVE('',#2691,#2692,#1194,.T.);
#3401=EDGE_CURVE('',#2689,#2692,#1195,.T.);
#3402=EDGE_CURVE('',#2686,#2693,#1196,.T.);
#3403=EDGE_CURVE('',#2693,#2691,#40,.T.);
#3404=EDGE_CURVE('',#2694,#2695,#1197,.T.);
#3405=EDGE_CURVE('',#2696,#2694,#1198,.T.);
#3406=EDGE_CURVE('',#2696,#2697,#1199,.T.);
#3407=EDGE_CURVE('',#2697,#2695,#1200,.T.);
#3408=EDGE_CURVE('',#2688,#2698,#1201,.T.);
#3409=EDGE_CURVE('',#2698,#2693,#1202,.T.);
#3410=EDGE_CURVE('',#2692,#2698,#41,.T.);
#3411=EDGE_CURVE('',#2699,#2700,#42,.T.);
#3412=EDGE_CURVE('',#2701,#2699,#1203,.T.);
#3413=EDGE_CURVE('',#2702,#2701,#43,.T.);
#3414=EDGE_CURVE('',#2700,#2702,#1204,.T.);
#3415=EDGE_CURVE('',#2699,#2703,#1205,.T.);
#3416=EDGE_CURVE('',#2704,#2703,#1206,.T.);
#3417=EDGE_CURVE('',#2701,#2704,#1207,.T.);
#3418=EDGE_CURVE('',#2700,#2705,#1208,.T.);
#3419=EDGE_CURVE('',#2703,#2705,#44,.T.);
#3420=EDGE_CURVE('',#2702,#2706,#1209,.T.);
#3421=EDGE_CURVE('',#2705,#2706,#1210,.T.);
#3422=EDGE_CURVE('',#2706,#2704,#45,.T.);
#3423=EDGE_CURVE('',#2707,#2708,#2379,.T.);
#3424=EDGE_CURVE('',#2707,#2709,#1211,.T.);
#3425=EDGE_CURVE('',#2709,#2710,#2380,.T.);
#3426=EDGE_CURVE('',#2708,#2710,#1212,.T.);
#3427=EDGE_CURVE('',#2711,#2707,#2381,.T.);
#3428=EDGE_CURVE('',#2711,#2712,#1213,.T.);
#3429=EDGE_CURVE('',#2712,#2709,#2382,.T.);
#3430=EDGE_CURVE('',#2713,#2711,#1214,.T.);
#3431=EDGE_CURVE('',#2713,#2714,#1215,.T.);
#3432=EDGE_CURVE('',#2714,#2712,#1216,.T.);
#3433=EDGE_CURVE('',#2715,#2713,#1217,.T.);
#3434=EDGE_CURVE('',#2715,#2716,#1218,.T.);
#3435=EDGE_CURVE('',#2716,#2714,#1219,.T.);
#3436=EDGE_CURVE('',#2708,#2715,#1220,.T.);
#3437=EDGE_CURVE('',#2710,#2716,#1221,.T.);
#3438=EDGE_CURVE('',#2717,#2718,#1222,.T.);
#3439=EDGE_CURVE('',#2717,#2719,#1223,.T.);
#3440=EDGE_CURVE('',#2719,#2720,#1224,.T.);
#3441=EDGE_CURVE('',#2718,#2720,#1225,.T.);
#3442=EDGE_CURVE('',#2721,#2717,#1226,.T.);
#3443=EDGE_CURVE('',#2721,#2722,#1227,.T.);
#3444=EDGE_CURVE('',#2722,#2719,#1228,.T.);
#3445=EDGE_CURVE('',#2723,#2721,#1229,.T.);
#3446=EDGE_CURVE('',#2723,#2724,#1230,.T.);
#3447=EDGE_CURVE('',#2724,#2722,#1231,.T.);
#3448=EDGE_CURVE('',#2725,#2723,#1232,.T.);
#3449=EDGE_CURVE('',#2725,#2726,#1233,.T.);
#3450=EDGE_CURVE('',#2726,#2724,#1234,.T.);
#3451=EDGE_CURVE('',#2727,#2725,#1235,.T.);
#3452=EDGE_CURVE('',#2727,#2728,#1236,.T.);
#3453=EDGE_CURVE('',#2728,#2726,#1237,.T.);
#3454=EDGE_CURVE('',#2729,#2727,#1238,.T.);
#3455=EDGE_CURVE('',#2729,#2730,#1239,.T.);
#3456=EDGE_CURVE('',#2730,#2728,#1240,.T.);
#3457=EDGE_CURVE('',#2731,#2729,#1241,.T.);
#3458=EDGE_CURVE('',#2731,#2732,#1242,.T.);
#3459=EDGE_CURVE('',#2732,#2730,#1243,.T.);
#3460=EDGE_CURVE('',#2718,#2731,#1244,.T.);
#3461=EDGE_CURVE('',#2720,#2732,#1245,.T.);
#3462=EDGE_CURVE('',#2733,#2734,#1246,.T.);
#3463=EDGE_CURVE('',#2733,#2735,#1247,.T.);
#3464=EDGE_CURVE('',#2735,#2736,#1248,.T.);
#3465=EDGE_CURVE('',#2734,#2736,#1249,.T.);
#3466=EDGE_CURVE('',#2737,#2733,#1250,.T.);
#3467=EDGE_CURVE('',#2737,#2738,#1251,.T.);
#3468=EDGE_CURVE('',#2738,#2735,#1252,.T.);
#3469=EDGE_CURVE('',#2739,#2737,#1253,.T.);
#3470=EDGE_CURVE('',#2739,#2740,#1254,.T.);
#3471=EDGE_CURVE('',#2740,#2738,#1255,.T.);
#3472=EDGE_CURVE('',#2741,#2739,#1256,.T.);
#3473=EDGE_CURVE('',#2741,#2742,#1257,.T.);
#3474=EDGE_CURVE('',#2742,#2740,#1258,.T.);
#3475=EDGE_CURVE('',#2743,#2741,#1259,.T.);
#3476=EDGE_CURVE('',#2743,#2744,#1260,.T.);
#3477=EDGE_CURVE('',#2744,#2742,#1261,.T.);
#3478=EDGE_CURVE('',#2745,#2743,#1262,.T.);
#3479=EDGE_CURVE('',#2745,#2746,#1263,.T.);
#3480=EDGE_CURVE('',#2746,#2744,#1264,.T.);
#3481=EDGE_CURVE('',#2747,#2745,#1265,.T.);
#3482=EDGE_CURVE('',#2747,#2748,#1266,.T.);
#3483=EDGE_CURVE('',#2748,#2746,#1267,.T.);
#3484=EDGE_CURVE('',#2749,#2747,#1268,.T.);
#3485=EDGE_CURVE('',#2749,#2750,#1269,.T.);
#3486=EDGE_CURVE('',#2750,#2748,#1270,.T.);
#3487=EDGE_CURVE('',#2751,#2749,#1271,.T.);
#3488=EDGE_CURVE('',#2751,#2752,#1272,.T.);
#3489=EDGE_CURVE('',#2752,#2750,#1273,.T.);
#3490=EDGE_CURVE('',#2753,#2751,#1274,.T.);
#3491=EDGE_CURVE('',#2753,#2754,#1275,.T.);
#3492=EDGE_CURVE('',#2754,#2752,#1276,.T.);
#3493=EDGE_CURVE('',#2755,#2753,#1277,.T.);
#3494=EDGE_CURVE('',#2755,#2756,#1278,.T.);
#3495=EDGE_CURVE('',#2756,#2754,#1279,.T.);
#3496=EDGE_CURVE('',#2734,#2755,#1280,.T.);
#3497=EDGE_CURVE('',#2736,#2756,#1281,.T.);
#3498=EDGE_CURVE('',#2757,#2758,#1282,.T.);
#3499=EDGE_CURVE('',#2757,#2759,#1283,.T.);
#3500=EDGE_CURVE('',#2759,#2760,#1284,.T.);
#3501=EDGE_CURVE('',#2758,#2760,#1285,.T.);
#3502=EDGE_CURVE('',#2761,#2757,#1286,.T.);
#3503=EDGE_CURVE('',#2761,#2762,#1287,.T.);
#3504=EDGE_CURVE('',#2762,#2759,#1288,.T.);
#3505=EDGE_CURVE('',#2763,#2761,#1289,.T.);
#3506=EDGE_CURVE('',#2763,#2764,#1290,.T.);
#3507=EDGE_CURVE('',#2764,#2762,#1291,.T.);
#3508=EDGE_CURVE('',#2765,#2763,#1292,.T.);
#3509=EDGE_CURVE('',#2765,#2766,#1293,.T.);
#3510=EDGE_CURVE('',#2766,#2764,#1294,.T.);
#3511=EDGE_CURVE('',#2767,#2765,#1295,.T.);
#3512=EDGE_CURVE('',#2767,#2768,#1296,.T.);
#3513=EDGE_CURVE('',#2768,#2766,#1297,.T.);
#3514=EDGE_CURVE('',#2758,#2767,#1298,.T.);
#3515=EDGE_CURVE('',#2760,#2768,#1299,.T.);
#3516=EDGE_CURVE('',#2769,#2770,#1300,.T.);
#3517=EDGE_CURVE('',#2769,#2771,#1301,.T.);
#3518=EDGE_CURVE('',#2771,#2772,#1302,.T.);
#3519=EDGE_CURVE('',#2770,#2772,#1303,.T.);
#3520=EDGE_CURVE('',#2773,#2769,#1304,.T.);
#3521=EDGE_CURVE('',#2773,#2774,#1305,.T.);
#3522=EDGE_CURVE('',#2774,#2771,#1306,.T.);
#3523=EDGE_CURVE('',#2775,#2773,#1307,.T.);
#3524=EDGE_CURVE('',#2775,#2776,#1308,.T.);
#3525=EDGE_CURVE('',#2776,#2774,#1309,.T.);
#3526=EDGE_CURVE('',#2777,#2775,#1310,.T.);
#3527=EDGE_CURVE('',#2777,#2778,#1311,.T.);
#3528=EDGE_CURVE('',#2778,#2776,#1312,.T.);
#3529=EDGE_CURVE('',#2779,#2777,#1313,.T.);
#3530=EDGE_CURVE('',#2779,#2780,#1314,.T.);
#3531=EDGE_CURVE('',#2780,#2778,#1315,.T.);
#3532=EDGE_CURVE('',#2781,#2779,#1316,.T.);
#3533=EDGE_CURVE('',#2781,#2782,#1317,.T.);
#3534=EDGE_CURVE('',#2782,#2780,#1318,.T.);
#3535=EDGE_CURVE('',#2783,#2781,#1319,.T.);
#3536=EDGE_CURVE('',#2783,#2784,#1320,.T.);
#3537=EDGE_CURVE('',#2784,#2782,#1321,.T.);
#3538=EDGE_CURVE('',#2785,#2783,#1322,.T.);
#3539=EDGE_CURVE('',#2785,#2786,#1323,.T.);
#3540=EDGE_CURVE('',#2786,#2784,#1324,.T.);
#3541=EDGE_CURVE('',#2787,#2785,#1325,.T.);
#3542=EDGE_CURVE('',#2787,#2788,#1326,.T.);
#3543=EDGE_CURVE('',#2788,#2786,#1327,.T.);
#3544=EDGE_CURVE('',#2770,#2787,#1328,.T.);
#3545=EDGE_CURVE('',#2772,#2788,#1329,.T.);
#3546=EDGE_CURVE('',#2789,#2790,#2383,.T.);
#3547=EDGE_CURVE('',#2789,#2791,#1330,.T.);
#3548=EDGE_CURVE('',#2791,#2792,#2384,.T.);
#3549=EDGE_CURVE('',#2790,#2792,#1331,.T.);
#3550=EDGE_CURVE('',#2793,#2789,#2385,.T.);
#3551=EDGE_CURVE('',#2793,#2794,#1332,.T.);
#3552=EDGE_CURVE('',#2794,#2791,#2386,.T.);
#3553=EDGE_CURVE('',#2795,#2793,#2387,.T.);
#3554=EDGE_CURVE('',#2795,#2796,#1333,.T.);
#3555=EDGE_CURVE('',#2796,#2794,#2388,.T.);
#3556=EDGE_CURVE('',#2797,#2795,#2389,.T.);
#3557=EDGE_CURVE('',#2797,#2798,#1334,.T.);
#3558=EDGE_CURVE('',#2798,#2796,#2390,.T.);
#3559=EDGE_CURVE('',#2799,#2797,#2391,.T.);
#3560=EDGE_CURVE('',#2799,#2800,#1335,.T.);
#3561=EDGE_CURVE('',#2800,#2798,#2392,.T.);
#3562=EDGE_CURVE('',#2801,#2799,#2393,.T.);
#3563=EDGE_CURVE('',#2801,#2802,#1336,.T.);
#3564=EDGE_CURVE('',#2802,#2800,#2394,.T.);
#3565=EDGE_CURVE('',#2803,#2801,#2395,.T.);
#3566=EDGE_CURVE('',#2803,#2804,#1337,.T.);
#3567=EDGE_CURVE('',#2804,#2802,#2396,.T.);
#3568=EDGE_CURVE('',#2805,#2803,#2397,.T.);
#3569=EDGE_CURVE('',#2805,#2806,#1338,.T.);
#3570=EDGE_CURVE('',#2806,#2804,#2398,.T.);
#3571=EDGE_CURVE('',#2807,#2805,#2399,.T.);
#3572=EDGE_CURVE('',#2807,#2808,#1339,.T.);
#3573=EDGE_CURVE('',#2808,#2806,#2400,.T.);
#3574=EDGE_CURVE('',#2809,#2807,#1340,.T.);
#3575=EDGE_CURVE('',#2809,#2810,#1341,.T.);
#3576=EDGE_CURVE('',#2810,#2808,#1342,.T.);
#3577=EDGE_CURVE('',#2811,#2809,#2401,.T.);
#3578=EDGE_CURVE('',#2811,#2812,#1343,.T.);
#3579=EDGE_CURVE('',#2812,#2810,#2402,.T.);
#3580=EDGE_CURVE('',#2813,#2811,#2403,.T.);
#3581=EDGE_CURVE('',#2813,#2814,#1344,.T.);
#3582=EDGE_CURVE('',#2814,#2812,#2404,.T.);
#3583=EDGE_CURVE('',#2815,#2813,#2405,.T.);
#3584=EDGE_CURVE('',#2815,#2816,#1345,.T.);
#3585=EDGE_CURVE('',#2816,#2814,#2406,.T.);
#3586=EDGE_CURVE('',#2817,#2815,#2407,.T.);
#3587=EDGE_CURVE('',#2817,#2818,#1346,.T.);
#3588=EDGE_CURVE('',#2818,#2816,#2408,.T.);
#3589=EDGE_CURVE('',#2819,#2817,#2409,.T.);
#3590=EDGE_CURVE('',#2819,#2820,#1347,.T.);
#3591=EDGE_CURVE('',#2820,#2818,#2410,.T.);
#3592=EDGE_CURVE('',#2821,#2819,#2411,.T.);
#3593=EDGE_CURVE('',#2821,#2822,#1348,.T.);
#3594=EDGE_CURVE('',#2822,#2820,#2412,.T.);
#3595=EDGE_CURVE('',#2823,#2821,#2413,.T.);
#3596=EDGE_CURVE('',#2823,#2824,#1349,.T.);
#3597=EDGE_CURVE('',#2824,#2822,#2414,.T.);
#3598=EDGE_CURVE('',#2825,#2823,#2415,.T.);
#3599=EDGE_CURVE('',#2825,#2826,#1350,.T.);
#3600=EDGE_CURVE('',#2826,#2824,#2416,.T.);
#3601=EDGE_CURVE('',#2827,#2825,#2417,.T.);
#3602=EDGE_CURVE('',#2827,#2828,#1351,.T.);
#3603=EDGE_CURVE('',#2828,#2826,#2418,.T.);
#3604=EDGE_CURVE('',#2829,#2827,#2419,.T.);
#3605=EDGE_CURVE('',#2829,#2830,#1352,.T.);
#3606=EDGE_CURVE('',#2830,#2828,#2420,.T.);
#3607=EDGE_CURVE('',#2831,#2829,#1353,.T.);
#3608=EDGE_CURVE('',#2831,#2832,#1354,.T.);
#3609=EDGE_CURVE('',#2832,#2830,#1355,.T.);
#3610=EDGE_CURVE('',#2790,#2831,#2421,.T.);
#3611=EDGE_CURVE('',#2792,#2832,#2422,.T.);
#3612=EDGE_CURVE('',#2833,#2834,#1356,.T.);
#3613=EDGE_CURVE('',#2834,#2835,#1357,.T.);
#3614=EDGE_CURVE('',#2835,#2836,#1358,.T.);
#3615=EDGE_CURVE('',#2836,#2837,#1359,.T.);
#3616=EDGE_CURVE('',#2837,#2833,#1360,.T.);
#3617=EDGE_CURVE('',#2838,#2833,#1361,.T.);
#3618=EDGE_CURVE('',#2837,#2839,#1362,.T.);
#3619=EDGE_CURVE('',#2839,#2838,#1363,.T.);
#3620=EDGE_CURVE('',#2839,#2840,#1364,.T.);
#3621=EDGE_CURVE('',#2840,#2841,#1365,.T.);
#3622=EDGE_CURVE('',#2841,#2842,#1366,.T.);
#3623=EDGE_CURVE('',#2842,#2838,#1367,.T.);
#3624=EDGE_CURVE('',#2833,#2843,#1368,.T.);
#3625=EDGE_CURVE('',#2844,#2843,#1369,.T.);
#3626=EDGE_CURVE('',#2845,#2844,#1370,.T.);
#3627=EDGE_CURVE('',#2845,#2846,#1371,.T.);
#3628=EDGE_CURVE('',#2834,#2846,#1372,.T.);
#3629=EDGE_CURVE('',#2838,#2847,#1373,.T.);
#3630=EDGE_CURVE('',#2843,#2847,#1374,.T.);
#3631=EDGE_CURVE('',#2848,#2842,#1375,.T.);
#3632=EDGE_CURVE('',#2849,#2848,#1376,.T.);
#3633=EDGE_CURVE('',#2849,#2850,#1377,.T.);
#3634=EDGE_CURVE('',#2847,#2850,#1378,.T.);
#3635=EDGE_CURVE('',#2851,#2841,#1379,.T.);
#3636=EDGE_CURVE('',#2851,#2852,#1380,.T.);
#3637=EDGE_CURVE('',#2852,#2848,#1381,.T.);
#3638=EDGE_CURVE('',#2840,#2853,#1382,.T.);
#3639=EDGE_CURVE('',#2854,#2853,#1383,.T.);
#3640=EDGE_CURVE('',#2854,#2851,#1384,.T.);
#3641=EDGE_CURVE('',#2855,#2855,#46,.T.);
#3642=EDGE_CURVE('',#2855,#2856,#1385,.T.);
#3643=EDGE_CURVE('',#2856,#2856,#47,.T.);
#3644=EDGE_CURVE('',#2857,#2858,#1386,.T.);
#3645=EDGE_CURVE('',#2859,#2857,#1387,.T.);
#3646=EDGE_CURVE('',#2852,#2859,#1388,.T.);
#3647=EDGE_CURVE('',#2860,#2854,#1389,.T.);
#3648=EDGE_CURVE('',#2861,#2860,#1390,.T.);
#3649=EDGE_CURVE('',#2858,#2861,#1391,.T.);
#3650=EDGE_CURVE('',#2862,#2862,#48,.T.);
#3651=EDGE_CURVE('',#2863,#2863,#49,.T.);
#3652=EDGE_CURVE('',#2864,#2864,#50,.T.);
#3653=EDGE_CURVE('',#2856,#2865,#1392,.T.);
#3654=EDGE_CURVE('',#2865,#2865,#51,.T.);
#3655=EDGE_CURVE('',#2862,#2866,#1393,.T.);
#3656=EDGE_CURVE('',#2866,#2866,#52,.T.);
#3657=EDGE_CURVE('',#2866,#2867,#1394,.T.);
#3658=EDGE_CURVE('',#2867,#2867,#53,.T.);
#3659=EDGE_CURVE('',#2864,#2868,#1395,.T.);
#3660=EDGE_CURVE('',#2868,#2868,#54,.T.);
#3661=EDGE_CURVE('',#2868,#2869,#1396,.T.);
#3662=EDGE_CURVE('',#2869,#2869,#55,.T.);
#3663=EDGE_CURVE('',#2863,#2870,#1397,.T.);
#3664=EDGE_CURVE('',#2870,#2870,#56,.T.);
#3665=EDGE_CURVE('',#2870,#2871,#1398,.T.);
#3666=EDGE_CURVE('',#2871,#2871,#57,.T.);
#3667=EDGE_CURVE('',#2857,#2835,#1399,.T.);
#3668=EDGE_CURVE('',#2858,#2872,#1400,.T.);
#3669=EDGE_CURVE('',#2872,#2836,#1401,.T.);
#3670=EDGE_CURVE('',#2861,#2695,#1402,.T.);
#3671=EDGE_CURVE('',#2695,#2872,#1403,.T.);
#3672=EDGE_CURVE('',#2860,#2694,#1404,.T.);
#3673=EDGE_CURVE('',#2853,#2694,#1405,.T.);
#3674=EDGE_CURVE('',#2846,#2848,#1406,.T.);
#3675=EDGE_CURVE('',#2859,#2846,#1407,.T.);
#3676=EDGE_CURVE('',#2845,#2849,#1408,.T.);
#3677=EDGE_CURVE('',#2873,#2850,#1409,.T.);
#3678=EDGE_CURVE('',#2874,#2873,#1410,.T.);
#3679=EDGE_CURVE('',#2874,#2875,#1411,.T.);
#3680=EDGE_CURVE('',#2875,#2876,#1412,.T.);
#3681=EDGE_CURVE('',#2876,#2877,#1413,.T.);
#3682=EDGE_CURVE('',#2877,#2878,#1414,.T.);
#3683=EDGE_CURVE('',#2878,#2879,#1415,.T.);
#3684=EDGE_CURVE('',#2879,#2880,#1416,.T.);
#3685=EDGE_CURVE('',#2844,#2880,#1417,.T.);
#3686=EDGE_CURVE('',#2880,#2881,#1418,.T.);
#3687=EDGE_CURVE('',#2882,#2881,#1419,.T.);
#3688=EDGE_CURVE('',#2883,#2882,#58,.T.);
#3689=EDGE_CURVE('',#2884,#2883,#1420,.T.);
#3690=EDGE_CURVE('',#2884,#2885,#1421,.T.);
#3691=EDGE_CURVE('',#2886,#2885,#1422,.T.);
#3692=EDGE_CURVE('',#2887,#2886,#59,.T.);
#3693=EDGE_CURVE('',#2888,#2887,#1423,.T.);
#3694=EDGE_CURVE('',#2888,#2889,#1424,.T.);
#3695=EDGE_CURVE('',#2890,#2889,#1425,.T.);
#3696=EDGE_CURVE('',#2891,#2890,#60,.T.);
#3697=EDGE_CURVE('',#2892,#2891,#1426,.T.);
#3698=EDGE_CURVE('',#2892,#2893,#1427,.T.);
#3699=EDGE_CURVE('',#2894,#2893,#1428,.T.);
#3700=EDGE_CURVE('',#2895,#2894,#61,.T.);
#3701=EDGE_CURVE('',#2896,#2895,#1429,.T.);
#3702=EDGE_CURVE('',#2896,#2873,#1430,.T.);
#3703=EDGE_CURVE('',#2897,#2898,#1431,.T.);
#3704=EDGE_CURVE('',#2898,#2899,#1432,.T.);
#3705=EDGE_CURVE('',#2899,#2900,#1433,.T.);
#3706=EDGE_CURVE('',#2900,#2901,#1434,.T.);
#3707=EDGE_CURVE('',#2901,#2897,#1435,.T.);
#3708=EDGE_CURVE('',#2900,#2902,#1436,.T.);
#3709=EDGE_CURVE('',#2902,#2877,#1437,.T.);
#3710=EDGE_CURVE('',#2877,#2901,#1438,.T.);
#3711=EDGE_CURVE('',#2899,#2903,#1439,.T.);
#3712=EDGE_CURVE('',#2903,#2902,#1440,.T.);
#3713=EDGE_CURVE('',#2904,#2905,#1441,.T.);
#3714=EDGE_CURVE('',#2905,#2906,#1442,.T.);
#3715=EDGE_CURVE('',#2906,#2907,#1443,.T.);
#3716=EDGE_CURVE('',#2907,#2908,#1444,.T.);
#3717=EDGE_CURVE('',#2908,#2904,#1445,.T.);
#3718=EDGE_CURVE('',#2904,#2909,#1446,.T.);
#3719=EDGE_CURVE('',#2910,#2909,#1447,.T.);
#3720=EDGE_CURVE('',#2911,#2910,#1448,.T.);
#3721=EDGE_CURVE('',#2905,#2911,#1449,.T.);
#3722=EDGE_CURVE('',#2908,#2912,#1450,.T.);
#3723=EDGE_CURVE('',#2909,#2912,#1451,.T.);
#3724=EDGE_CURVE('',#2907,#2913,#1452,.T.);
#3725=EDGE_CURVE('',#2912,#2913,#1453,.T.);
#3726=EDGE_CURVE('',#2898,#2914,#1454,.T.);
#3727=EDGE_CURVE('',#2914,#2903,#1455,.T.);
#3728=EDGE_CURVE('',#2915,#2897,#1456,.T.);
#3729=EDGE_CURVE('',#2915,#2916,#1457,.T.);
#3730=EDGE_CURVE('',#2916,#2914,#1458,.T.);
#3731=EDGE_CURVE('',#2879,#2915,#1459,.T.);
#3732=EDGE_CURVE('',#2878,#2916,#1460,.T.);
#3733=EDGE_CURVE('',#2897,#2917,#1461,.T.);
#3734=EDGE_CURVE('',#2917,#2881,#1462,.T.);
#3735=EDGE_CURVE('',#2911,#2874,#1463,.T.);
#3736=EDGE_CURVE('',#2875,#2910,#1464,.T.);
#3737=EDGE_CURVE('',#2906,#2876,#1465,.T.);
#3738=EDGE_CURVE('',#2913,#2876,#1466,.T.);
#3739=EDGE_CURVE('',#2918,#2919,#1467,.T.);
#3740=EDGE_CURVE('',#2920,#2919,#1468,.T.);
#3741=EDGE_CURVE('',#2921,#2920,#1469,.T.);
#3742=EDGE_CURVE('',#2918,#2921,#1470,.T.);
#3743=EDGE_CURVE('',#2921,#2922,#1471,.T.);
#3744=EDGE_CURVE('',#2923,#2920,#1472,.T.);
#3745=EDGE_CURVE('',#2922,#2923,#1473,.T.);
#3746=EDGE_CURVE('',#2922,#2924,#1474,.T.);
#3747=EDGE_CURVE('',#2925,#2923,#1475,.T.);
#3748=EDGE_CURVE('',#2924,#2925,#1476,.T.);
#3749=EDGE_CURVE('',#2924,#2926,#1477,.T.);
#3750=EDGE_CURVE('',#2927,#2925,#1478,.T.);
#3751=EDGE_CURVE('',#2926,#2927,#1479,.T.);
#3752=EDGE_CURVE('',#2926,#2928,#1480,.T.);
#3753=EDGE_CURVE('',#2929,#2927,#1481,.T.);
#3754=EDGE_CURVE('',#2928,#2929,#1482,.T.);
#3755=EDGE_CURVE('',#2929,#2919,#1483,.T.);
#3756=EDGE_CURVE('',#2918,#2928,#1484,.T.);
#3757=EDGE_CURVE('',#2930,#2931,#1485,.T.);
#3758=EDGE_CURVE('',#2931,#2932,#1486,.T.);
#3759=EDGE_CURVE('',#2933,#2932,#1487,.T.);
#3760=EDGE_CURVE('',#2930,#2933,#1488,.T.);
#3761=EDGE_CURVE('',#2934,#2930,#1489,.T.);
#3762=EDGE_CURVE('',#2935,#2933,#1490,.T.);
#3763=EDGE_CURVE('',#2934,#2935,#1491,.T.);
#3764=EDGE_CURVE('',#2936,#2934,#1492,.T.);
#3765=EDGE_CURVE('',#2937,#2935,#1493,.T.);
#3766=EDGE_CURVE('',#2936,#2937,#1494,.T.);
#3767=EDGE_CURVE('',#2938,#2939,#1495,.T.);
#3768=EDGE_CURVE('',#2939,#2936,#1496,.T.);
#3769=EDGE_CURVE('',#2938,#2937,#1497,.T.);
#3770=EDGE_CURVE('',#2931,#2940,#1498,.T.);
#3771=EDGE_CURVE('',#2941,#2940,#1499,.T.);
#3772=EDGE_CURVE('',#2932,#2941,#1500,.T.);
#3773=EDGE_CURVE('',#2938,#2941,#1501,.T.);
#3774=EDGE_CURVE('',#2940,#2939,#1502,.T.);
#3775=EDGE_CURVE('',#2942,#2943,#16,.T.);
#3776=EDGE_CURVE('',#2943,#2944,#1503,.T.);
#3777=EDGE_CURVE('',#2944,#2945,#62,.T.);
#3778=EDGE_CURVE('',#2945,#2946,#1504,.T.);
#3779=EDGE_CURVE('',#2946,#2942,#63,.T.);
#3780=EDGE_CURVE('',#2947,#2948,#64,.T.);
#3781=EDGE_CURVE('',#2948,#2945,#65,.T.);
#3782=EDGE_CURVE('',#2944,#2947,#66,.T.);
#3783=EDGE_CURVE('',#2949,#2950,#67,.T.);
#3784=EDGE_CURVE('',#2950,#2948,#1505,.T.);
#3785=EDGE_CURVE('',#2947,#2951,#1506,.T.);
#3786=EDGE_CURVE('',#2951,#2949,#17,.T.);
#3787=EDGE_CURVE('',#2951,#2952,#1507,.T.);
#3788=EDGE_CURVE('',#2952,#2953,#1508,.T.);
#3789=EDGE_CURVE('',#2953,#2949,#1509,.T.);
#3790=EDGE_CURVE('',#2952,#2943,#1510,.T.);
#3791=EDGE_CURVE('',#2954,#2954,#68,.T.);
#3792=EDGE_CURVE('',#2942,#2953,#1511,.T.);
#3793=EDGE_CURVE('',#2945,#2955,#1512,.T.);
#3794=EDGE_CURVE('',#2955,#2956,#1513,.T.);
#3795=EDGE_CURVE('',#2956,#2946,#1514,.T.);
#3796=EDGE_CURVE('',#2948,#2957,#1515,.T.);
#3797=EDGE_CURVE('',#2957,#2955,#69,.T.);
#3798=EDGE_CURVE('',#2950,#2958,#1516,.T.);
#3799=EDGE_CURVE('',#2958,#2957,#1517,.T.);
#3800=EDGE_CURVE('',#2955,#2890,#1518,.T.);
#3801=EDGE_CURVE('',#2956,#2889,#1519,.T.);
#3802=EDGE_CURVE('',#2957,#2891,#1520,.T.);
#3803=EDGE_CURVE('',#2892,#2958,#1521,.T.);
#3804=EDGE_CURVE('',#2953,#2959,#1522,.T.);
#3805=EDGE_CURVE('',#2959,#2958,#1523,.T.);
#3806=EDGE_CURVE('',#2960,#2961,#1524,.T.);
#3807=EDGE_CURVE('',#2961,#2962,#1525,.T.);
#3808=EDGE_CURVE('',#2962,#2963,#1526,.T.);
#3809=EDGE_CURVE('',#2963,#2964,#1527,.T.);
#3810=EDGE_CURVE('',#2964,#2960,#1528,.T.);
#3811=EDGE_CURVE('',#2965,#2966,#1529,.T.);
#3812=EDGE_CURVE('',#2966,#2963,#70,.T.);
#3813=EDGE_CURVE('',#2962,#2965,#71,.T.);
#3814=EDGE_CURVE('',#2967,#2968,#1530,.T.);
#3815=EDGE_CURVE('',#2968,#2966,#1531,.T.);
#3816=EDGE_CURVE('',#2965,#2969,#1532,.T.);
#3817=EDGE_CURVE('',#2969,#2967,#1533,.T.);
#3818=EDGE_CURVE('',#2964,#2970,#1534,.T.);
#3819=EDGE_CURVE('',#2970,#2971,#1535,.T.);
#3820=EDGE_CURVE('',#2971,#2960,#1536,.T.);
#3821=EDGE_CURVE('',#2970,#2968,#1537,.T.);
#3822=EDGE_CURVE('',#2972,#2972,#72,.T.);
#3823=EDGE_CURVE('',#2967,#2971,#1538,.T.);
#3824=EDGE_CURVE('',#2973,#2974,#1539,.T.);
#3825=EDGE_CURVE('',#2974,#2975,#1540,.T.);
#3826=EDGE_CURVE('',#2975,#2976,#1541,.T.);
#3827=EDGE_CURVE('',#2976,#2973,#1542,.T.);
#3828=EDGE_CURVE('',#2917,#2976,#1543,.T.);
#3829=EDGE_CURVE('',#2917,#2977,#1544,.T.);
#3830=EDGE_CURVE('',#2973,#2977,#1545,.T.);
#3831=EDGE_CURVE('',#2978,#2975,#1546,.T.);
#3832=EDGE_CURVE('',#2978,#2882,#1547,.T.);
#3833=EDGE_CURVE('',#2971,#2979,#1548,.T.);
#3834=EDGE_CURVE('',#2979,#2961,#1549,.T.);
#3835=EDGE_CURVE('',#2969,#2979,#1550,.T.);
#3836=EDGE_CURVE('',#2886,#2965,#1551,.T.);
#3837=EDGE_CURVE('',#2969,#2885,#1552,.T.);
#3838=EDGE_CURVE('',#2980,#2981,#1553,.T.);
#3839=EDGE_CURVE('',#2981,#2982,#1554,.T.);
#3840=EDGE_CURVE('',#2982,#2983,#1555,.T.);
#3841=EDGE_CURVE('',#2983,#2980,#1556,.T.);
#3842=EDGE_CURVE('',#2981,#2984,#1557,.T.);
#3843=EDGE_CURVE('',#2984,#2985,#73,.T.);
#3844=EDGE_CURVE('',#2985,#2982,#1558,.T.);
#3845=EDGE_CURVE('',#2986,#2986,#74,.T.);
#3846=EDGE_CURVE('',#2980,#2987,#1559,.T.);
#3847=EDGE_CURVE('',#2896,#2987,#1560,.T.);
#3848=EDGE_CURVE('',#2984,#2895,#1561,.T.);
#3849=EDGE_CURVE('',#2962,#2887,#1562,.T.);
#3850=EDGE_CURVE('',#2919,#2969,#1563,.T.);
#3851=EDGE_CURVE('',#2884,#2977,#1564,.T.);
#3852=EDGE_CURVE('',#2977,#2918,#1565,.T.);
#3853=EDGE_CURVE('',#2939,#2988,#1566,.T.);
#3854=EDGE_CURVE('',#2988,#2893,#1567,.T.);
#3855=EDGE_CURVE('',#2958,#2938,#1568,.T.);
#3856=EDGE_CURVE('',#2987,#2905,#1569,.T.);
#3857=EDGE_CURVE('',#2894,#2985,#1570,.T.);
#3858=EDGE_CURVE('',#2956,#2959,#1571,.T.);
#3859=EDGE_CURVE('',#2989,#2989,#75,.T.);
#3860=EDGE_CURVE('',#2989,#2954,#1572,.T.);
#3861=EDGE_CURVE('',#2888,#2961,#1573,.T.);
#3862=EDGE_CURVE('',#2961,#2956,#1574,.T.);
#3863=EDGE_CURVE('',#2990,#2990,#76,.T.);
#3864=EDGE_CURVE('',#2990,#2986,#1575,.T.);
#3865=EDGE_CURVE('',#2983,#2988,#1576,.T.);
#3866=EDGE_CURVE('',#2988,#2987,#1577,.T.);
#3867=EDGE_CURVE('',#2991,#2991,#77,.T.);
#3868=EDGE_CURVE('',#2991,#2972,#1578,.T.);
#3869=EDGE_CURVE('',#2974,#2992,#1579,.T.);
#3870=EDGE_CURVE('',#2992,#2978,#78,.T.);
#3871=EDGE_CURVE('',#2993,#2993,#79,.T.);
#3872=EDGE_CURVE('',#2994,#2994,#80,.T.);
#3873=EDGE_CURVE('',#2994,#2993,#1580,.T.);
#3874=EDGE_CURVE('',#2992,#2883,#1581,.T.);
#3875=EDGE_CURVE('',#2697,#2995,#1582,.T.);
#3876=EDGE_CURVE('',#2995,#2872,#1583,.T.);
#3877=EDGE_CURVE('',#2996,#2853,#1584,.T.);
#3878=EDGE_CURVE('',#2996,#2696,#1585,.T.);
#3879=EDGE_CURVE('',#2995,#2996,#1586,.T.);
#3880=ORIENTED_EDGE('',*,*,#2997,.F.);
#3881=ORIENTED_EDGE('',*,*,#2998,.T.);
#3882=ORIENTED_EDGE('',*,*,#2999,.T.);
#3883=ORIENTED_EDGE('',*,*,#3000,.F.);
#3884=ORIENTED_EDGE('',*,*,#3001,.F.);
#3885=ORIENTED_EDGE('',*,*,#3002,.T.);
#3886=ORIENTED_EDGE('',*,*,#3003,.T.);
#3887=ORIENTED_EDGE('',*,*,#2998,.F.);
#3888=ORIENTED_EDGE('',*,*,#3004,.F.);
#3889=ORIENTED_EDGE('',*,*,#3005,.T.);
#3890=ORIENTED_EDGE('',*,*,#3006,.T.);
#3891=ORIENTED_EDGE('',*,*,#3002,.F.);
#3892=ORIENTED_EDGE('',*,*,#3007,.F.);
#3893=ORIENTED_EDGE('',*,*,#3008,.T.);
#3894=ORIENTED_EDGE('',*,*,#3009,.T.);
#3895=ORIENTED_EDGE('',*,*,#3005,.F.);
#3896=ORIENTED_EDGE('',*,*,#3010,.F.);
#3897=ORIENTED_EDGE('',*,*,#3011,.T.);
#3898=ORIENTED_EDGE('',*,*,#3012,.T.);
#3899=ORIENTED_EDGE('',*,*,#3008,.F.);
#3900=ORIENTED_EDGE('',*,*,#3013,.F.);
#3901=ORIENTED_EDGE('',*,*,#3014,.T.);
#3902=ORIENTED_EDGE('',*,*,#3015,.T.);
#3903=ORIENTED_EDGE('',*,*,#3011,.F.);
#3904=ORIENTED_EDGE('',*,*,#3016,.F.);
#3905=ORIENTED_EDGE('',*,*,#3017,.T.);
#3906=ORIENTED_EDGE('',*,*,#3018,.T.);
#3907=ORIENTED_EDGE('',*,*,#3014,.F.);
#3908=ORIENTED_EDGE('',*,*,#3019,.F.);
#3909=ORIENTED_EDGE('',*,*,#3020,.T.);
#3910=ORIENTED_EDGE('',*,*,#3021,.T.);
#3911=ORIENTED_EDGE('',*,*,#3017,.F.);
#3912=ORIENTED_EDGE('',*,*,#3022,.F.);
#3913=ORIENTED_EDGE('',*,*,#3023,.T.);
#3914=ORIENTED_EDGE('',*,*,#3024,.T.);
#3915=ORIENTED_EDGE('',*,*,#3020,.F.);
#3916=ORIENTED_EDGE('',*,*,#3025,.F.);
#3917=ORIENTED_EDGE('',*,*,#3026,.T.);
#3918=ORIENTED_EDGE('',*,*,#3027,.T.);
#3919=ORIENTED_EDGE('',*,*,#3023,.F.);
#3920=ORIENTED_EDGE('',*,*,#3028,.F.);
#3921=ORIENTED_EDGE('',*,*,#3029,.T.);
#3922=ORIENTED_EDGE('',*,*,#3030,.T.);
#3923=ORIENTED_EDGE('',*,*,#3026,.F.);
#3924=ORIENTED_EDGE('',*,*,#3031,.F.);
#3925=ORIENTED_EDGE('',*,*,#3032,.T.);
#3926=ORIENTED_EDGE('',*,*,#3033,.T.);
#3927=ORIENTED_EDGE('',*,*,#3029,.F.);
#3928=ORIENTED_EDGE('',*,*,#3034,.F.);
#3929=ORIENTED_EDGE('',*,*,#3035,.T.);
#3930=ORIENTED_EDGE('',*,*,#3036,.T.);
#3931=ORIENTED_EDGE('',*,*,#3032,.F.);
#3932=ORIENTED_EDGE('',*,*,#3037,.F.);
#3933=ORIENTED_EDGE('',*,*,#3038,.T.);
#3934=ORIENTED_EDGE('',*,*,#3039,.T.);
#3935=ORIENTED_EDGE('',*,*,#3035,.F.);
#3936=ORIENTED_EDGE('',*,*,#3040,.F.);
#3937=ORIENTED_EDGE('',*,*,#3041,.T.);
#3938=ORIENTED_EDGE('',*,*,#3042,.T.);
#3939=ORIENTED_EDGE('',*,*,#3038,.F.);
#3940=ORIENTED_EDGE('',*,*,#3043,.F.);
#3941=ORIENTED_EDGE('',*,*,#3044,.T.);
#3942=ORIENTED_EDGE('',*,*,#3045,.T.);
#3943=ORIENTED_EDGE('',*,*,#3041,.F.);
#3944=ORIENTED_EDGE('',*,*,#3046,.F.);
#3945=ORIENTED_EDGE('',*,*,#3047,.T.);
#3946=ORIENTED_EDGE('',*,*,#3048,.T.);
#3947=ORIENTED_EDGE('',*,*,#3044,.F.);
#3948=ORIENTED_EDGE('',*,*,#3049,.F.);
#3949=ORIENTED_EDGE('',*,*,#3050,.T.);
#3950=ORIENTED_EDGE('',*,*,#3051,.T.);
#3951=ORIENTED_EDGE('',*,*,#3047,.F.);
#3952=ORIENTED_EDGE('',*,*,#3052,.F.);
#3953=ORIENTED_EDGE('',*,*,#3053,.T.);
#3954=ORIENTED_EDGE('',*,*,#3054,.T.);
#3955=ORIENTED_EDGE('',*,*,#3050,.F.);
#3956=ORIENTED_EDGE('',*,*,#3055,.F.);
#3957=ORIENTED_EDGE('',*,*,#3056,.T.);
#3958=ORIENTED_EDGE('',*,*,#3057,.T.);
#3959=ORIENTED_EDGE('',*,*,#3053,.F.);
#3960=ORIENTED_EDGE('',*,*,#3058,.F.);
#3961=ORIENTED_EDGE('',*,*,#3059,.T.);
#3962=ORIENTED_EDGE('',*,*,#3060,.T.);
#3963=ORIENTED_EDGE('',*,*,#3056,.F.);
#3964=ORIENTED_EDGE('',*,*,#3061,.F.);
#3965=ORIENTED_EDGE('',*,*,#3062,.T.);
#3966=ORIENTED_EDGE('',*,*,#3063,.T.);
#3967=ORIENTED_EDGE('',*,*,#3059,.F.);
#3968=ORIENTED_EDGE('',*,*,#3064,.F.);
#3969=ORIENTED_EDGE('',*,*,#3065,.T.);
#3970=ORIENTED_EDGE('',*,*,#3066,.T.);
#3971=ORIENTED_EDGE('',*,*,#3062,.F.);
#3972=ORIENTED_EDGE('',*,*,#3067,.F.);
#3973=ORIENTED_EDGE('',*,*,#3068,.T.);
#3974=ORIENTED_EDGE('',*,*,#3069,.T.);
#3975=ORIENTED_EDGE('',*,*,#3065,.F.);
#3976=ORIENTED_EDGE('',*,*,#3070,.F.);
#3977=ORIENTED_EDGE('',*,*,#3071,.T.);
#3978=ORIENTED_EDGE('',*,*,#3072,.T.);
#3979=ORIENTED_EDGE('',*,*,#3068,.F.);
#3980=ORIENTED_EDGE('',*,*,#3073,.F.);
#3981=ORIENTED_EDGE('',*,*,#3074,.T.);
#3982=ORIENTED_EDGE('',*,*,#3075,.T.);
#3983=ORIENTED_EDGE('',*,*,#3071,.F.);
#3984=ORIENTED_EDGE('',*,*,#3076,.F.);
#3985=ORIENTED_EDGE('',*,*,#3077,.T.);
#3986=ORIENTED_EDGE('',*,*,#3078,.T.);
#3987=ORIENTED_EDGE('',*,*,#3074,.F.);
#3988=ORIENTED_EDGE('',*,*,#3079,.F.);
#3989=ORIENTED_EDGE('',*,*,#3080,.T.);
#3990=ORIENTED_EDGE('',*,*,#3081,.T.);
#3991=ORIENTED_EDGE('',*,*,#3077,.F.);
#3992=ORIENTED_EDGE('',*,*,#3082,.F.);
#3993=ORIENTED_EDGE('',*,*,#3083,.T.);
#3994=ORIENTED_EDGE('',*,*,#3084,.T.);
#3995=ORIENTED_EDGE('',*,*,#3080,.F.);
#3996=ORIENTED_EDGE('',*,*,#3085,.F.);
#3997=ORIENTED_EDGE('',*,*,#3086,.T.);
#3998=ORIENTED_EDGE('',*,*,#3087,.T.);
#3999=ORIENTED_EDGE('',*,*,#3083,.F.);
#4000=ORIENTED_EDGE('',*,*,#3088,.F.);
#4001=ORIENTED_EDGE('',*,*,#3089,.T.);
#4002=ORIENTED_EDGE('',*,*,#3090,.T.);
#4003=ORIENTED_EDGE('',*,*,#3086,.F.);
#4004=ORIENTED_EDGE('',*,*,#3091,.F.);
#4005=ORIENTED_EDGE('',*,*,#3092,.T.);
#4006=ORIENTED_EDGE('',*,*,#3093,.T.);
#4007=ORIENTED_EDGE('',*,*,#3089,.F.);
#4008=ORIENTED_EDGE('',*,*,#3094,.F.);
#4009=ORIENTED_EDGE('',*,*,#3095,.T.);
#4010=ORIENTED_EDGE('',*,*,#3096,.T.);
#4011=ORIENTED_EDGE('',*,*,#3092,.F.);
#4012=ORIENTED_EDGE('',*,*,#3097,.F.);
#4013=ORIENTED_EDGE('',*,*,#3098,.T.);
#4014=ORIENTED_EDGE('',*,*,#3099,.T.);
#4015=ORIENTED_EDGE('',*,*,#3095,.F.);
#4016=ORIENTED_EDGE('',*,*,#3100,.F.);
#4017=ORIENTED_EDGE('',*,*,#3000,.T.);
#4018=ORIENTED_EDGE('',*,*,#3101,.T.);
#4019=ORIENTED_EDGE('',*,*,#3098,.F.);
#4020=ORIENTED_EDGE('',*,*,#3101,.F.);
#4021=ORIENTED_EDGE('',*,*,#2999,.F.);
#4022=ORIENTED_EDGE('',*,*,#3003,.F.);
#4023=ORIENTED_EDGE('',*,*,#3006,.F.);
#4024=ORIENTED_EDGE('',*,*,#3009,.F.);
#4025=ORIENTED_EDGE('',*,*,#3012,.F.);
#4026=ORIENTED_EDGE('',*,*,#3015,.F.);
#4027=ORIENTED_EDGE('',*,*,#3018,.F.);
#4028=ORIENTED_EDGE('',*,*,#3021,.F.);
#4029=ORIENTED_EDGE('',*,*,#3024,.F.);
#4030=ORIENTED_EDGE('',*,*,#3027,.F.);
#4031=ORIENTED_EDGE('',*,*,#3030,.F.);
#4032=ORIENTED_EDGE('',*,*,#3033,.F.);
#4033=ORIENTED_EDGE('',*,*,#3036,.F.);
#4034=ORIENTED_EDGE('',*,*,#3039,.F.);
#4035=ORIENTED_EDGE('',*,*,#3042,.F.);
#4036=ORIENTED_EDGE('',*,*,#3045,.F.);
#4037=ORIENTED_EDGE('',*,*,#3048,.F.);
#4038=ORIENTED_EDGE('',*,*,#3051,.F.);
#4039=ORIENTED_EDGE('',*,*,#3054,.F.);
#4040=ORIENTED_EDGE('',*,*,#3057,.F.);
#4041=ORIENTED_EDGE('',*,*,#3060,.F.);
#4042=ORIENTED_EDGE('',*,*,#3063,.F.);
#4043=ORIENTED_EDGE('',*,*,#3066,.F.);
#4044=ORIENTED_EDGE('',*,*,#3069,.F.);
#4045=ORIENTED_EDGE('',*,*,#3072,.F.);
#4046=ORIENTED_EDGE('',*,*,#3075,.F.);
#4047=ORIENTED_EDGE('',*,*,#3078,.F.);
#4048=ORIENTED_EDGE('',*,*,#3081,.F.);
#4049=ORIENTED_EDGE('',*,*,#3084,.F.);
#4050=ORIENTED_EDGE('',*,*,#3087,.F.);
#4051=ORIENTED_EDGE('',*,*,#3090,.F.);
#4052=ORIENTED_EDGE('',*,*,#3093,.F.);
#4053=ORIENTED_EDGE('',*,*,#3096,.F.);
#4054=ORIENTED_EDGE('',*,*,#3099,.F.);
#4055=ORIENTED_EDGE('',*,*,#3102,.F.);
#4056=ORIENTED_EDGE('',*,*,#3103,.T.);
#4057=ORIENTED_EDGE('',*,*,#3104,.T.);
#4058=ORIENTED_EDGE('',*,*,#3105,.F.);
#4059=ORIENTED_EDGE('',*,*,#3106,.F.);
#4060=ORIENTED_EDGE('',*,*,#3107,.T.);
#4061=ORIENTED_EDGE('',*,*,#3108,.T.);
#4062=ORIENTED_EDGE('',*,*,#3103,.F.);
#4063=ORIENTED_EDGE('',*,*,#3109,.F.);
#4064=ORIENTED_EDGE('',*,*,#3110,.T.);
#4065=ORIENTED_EDGE('',*,*,#3111,.T.);
#4066=ORIENTED_EDGE('',*,*,#3107,.F.);
#4067=ORIENTED_EDGE('',*,*,#3112,.F.);
#4068=ORIENTED_EDGE('',*,*,#3113,.T.);
#4069=ORIENTED_EDGE('',*,*,#3114,.T.);
#4070=ORIENTED_EDGE('',*,*,#3110,.F.);
#4071=ORIENTED_EDGE('',*,*,#3115,.F.);
#4072=ORIENTED_EDGE('',*,*,#3116,.T.);
#4073=ORIENTED_EDGE('',*,*,#3117,.T.);
#4074=ORIENTED_EDGE('',*,*,#3113,.F.);
#4075=ORIENTED_EDGE('',*,*,#3118,.F.);
#4076=ORIENTED_EDGE('',*,*,#3119,.T.);
#4077=ORIENTED_EDGE('',*,*,#3120,.T.);
#4078=ORIENTED_EDGE('',*,*,#3116,.F.);
#4079=ORIENTED_EDGE('',*,*,#3121,.F.);
#4080=ORIENTED_EDGE('',*,*,#3122,.T.);
#4081=ORIENTED_EDGE('',*,*,#3123,.T.);
#4082=ORIENTED_EDGE('',*,*,#3119,.F.);
#4083=ORIENTED_EDGE('',*,*,#3124,.F.);
#4084=ORIENTED_EDGE('',*,*,#3105,.T.);
#4085=ORIENTED_EDGE('',*,*,#3125,.T.);
#4086=ORIENTED_EDGE('',*,*,#3122,.F.);
#4087=ORIENTED_EDGE('',*,*,#3125,.F.);
#4088=ORIENTED_EDGE('',*,*,#3104,.F.);
#4089=ORIENTED_EDGE('',*,*,#3108,.F.);
#4090=ORIENTED_EDGE('',*,*,#3111,.F.);
#4091=ORIENTED_EDGE('',*,*,#3114,.F.);
#4092=ORIENTED_EDGE('',*,*,#3117,.F.);
#4093=ORIENTED_EDGE('',*,*,#3120,.F.);
#4094=ORIENTED_EDGE('',*,*,#3123,.F.);
#4095=ORIENTED_EDGE('',*,*,#3126,.F.);
#4096=ORIENTED_EDGE('',*,*,#3127,.T.);
#4097=ORIENTED_EDGE('',*,*,#3128,.T.);
#4098=ORIENTED_EDGE('',*,*,#3129,.F.);
#4099=ORIENTED_EDGE('',*,*,#3130,.F.);
#4100=ORIENTED_EDGE('',*,*,#3131,.T.);
#4101=ORIENTED_EDGE('',*,*,#3132,.T.);
#4102=ORIENTED_EDGE('',*,*,#3127,.F.);
#4103=ORIENTED_EDGE('',*,*,#3133,.F.);
#4104=ORIENTED_EDGE('',*,*,#3134,.T.);
#4105=ORIENTED_EDGE('',*,*,#3135,.T.);
#4106=ORIENTED_EDGE('',*,*,#3131,.F.);
#4107=ORIENTED_EDGE('',*,*,#3136,.F.);
#4108=ORIENTED_EDGE('',*,*,#3137,.T.);
#4109=ORIENTED_EDGE('',*,*,#3138,.T.);
#4110=ORIENTED_EDGE('',*,*,#3134,.F.);
#4111=ORIENTED_EDGE('',*,*,#3139,.F.);
#4112=ORIENTED_EDGE('',*,*,#3140,.T.);
#4113=ORIENTED_EDGE('',*,*,#3141,.T.);
#4114=ORIENTED_EDGE('',*,*,#3137,.F.);
#4115=ORIENTED_EDGE('',*,*,#3142,.F.);
#4116=ORIENTED_EDGE('',*,*,#3143,.T.);
#4117=ORIENTED_EDGE('',*,*,#3144,.T.);
#4118=ORIENTED_EDGE('',*,*,#3140,.F.);
#4119=ORIENTED_EDGE('',*,*,#3145,.F.);
#4120=ORIENTED_EDGE('',*,*,#3146,.T.);
#4121=ORIENTED_EDGE('',*,*,#3147,.T.);
#4122=ORIENTED_EDGE('',*,*,#3143,.F.);
#4123=ORIENTED_EDGE('',*,*,#3148,.F.);
#4124=ORIENTED_EDGE('',*,*,#3149,.T.);
#4125=ORIENTED_EDGE('',*,*,#3150,.T.);
#4126=ORIENTED_EDGE('',*,*,#3146,.F.);
#4127=ORIENTED_EDGE('',*,*,#3151,.F.);
#4128=ORIENTED_EDGE('',*,*,#3152,.T.);
#4129=ORIENTED_EDGE('',*,*,#3153,.T.);
#4130=ORIENTED_EDGE('',*,*,#3149,.F.);
#4131=ORIENTED_EDGE('',*,*,#3154,.F.);
#4132=ORIENTED_EDGE('',*,*,#3155,.T.);
#4133=ORIENTED_EDGE('',*,*,#3156,.T.);
#4134=ORIENTED_EDGE('',*,*,#3152,.F.);
#4135=ORIENTED_EDGE('',*,*,#3157,.F.);
#4136=ORIENTED_EDGE('',*,*,#3158,.T.);
#4137=ORIENTED_EDGE('',*,*,#3159,.T.);
#4138=ORIENTED_EDGE('',*,*,#3155,.F.);
#4139=ORIENTED_EDGE('',*,*,#3160,.F.);
#4140=ORIENTED_EDGE('',*,*,#3161,.T.);
#4141=ORIENTED_EDGE('',*,*,#3162,.T.);
#4142=ORIENTED_EDGE('',*,*,#3158,.F.);
#4143=ORIENTED_EDGE('',*,*,#3163,.F.);
#4144=ORIENTED_EDGE('',*,*,#3164,.T.);
#4145=ORIENTED_EDGE('',*,*,#3165,.T.);
#4146=ORIENTED_EDGE('',*,*,#3161,.F.);
#4147=ORIENTED_EDGE('',*,*,#3166,.F.);
#4148=ORIENTED_EDGE('',*,*,#3167,.T.);
#4149=ORIENTED_EDGE('',*,*,#3168,.T.);
#4150=ORIENTED_EDGE('',*,*,#3164,.F.);
#4151=ORIENTED_EDGE('',*,*,#3169,.F.);
#4152=ORIENTED_EDGE('',*,*,#3170,.T.);
#4153=ORIENTED_EDGE('',*,*,#3171,.T.);
#4154=ORIENTED_EDGE('',*,*,#3167,.F.);
#4155=ORIENTED_EDGE('',*,*,#3172,.F.);
#4156=ORIENTED_EDGE('',*,*,#3173,.T.);
#4157=ORIENTED_EDGE('',*,*,#3174,.T.);
#4158=ORIENTED_EDGE('',*,*,#3170,.F.);
#4159=ORIENTED_EDGE('',*,*,#3175,.F.);
#4160=ORIENTED_EDGE('',*,*,#3129,.T.);
#4161=ORIENTED_EDGE('',*,*,#3176,.T.);
#4162=ORIENTED_EDGE('',*,*,#3173,.F.);
#4163=ORIENTED_EDGE('',*,*,#3176,.F.);
#4164=ORIENTED_EDGE('',*,*,#3128,.F.);
#4165=ORIENTED_EDGE('',*,*,#3132,.F.);
#4166=ORIENTED_EDGE('',*,*,#3135,.F.);
#4167=ORIENTED_EDGE('',*,*,#3138,.F.);
#4168=ORIENTED_EDGE('',*,*,#3141,.F.);
#4169=ORIENTED_EDGE('',*,*,#3144,.F.);
#4170=ORIENTED_EDGE('',*,*,#3147,.F.);
#4171=ORIENTED_EDGE('',*,*,#3150,.F.);
#4172=ORIENTED_EDGE('',*,*,#3153,.F.);
#4173=ORIENTED_EDGE('',*,*,#3156,.F.);
#4174=ORIENTED_EDGE('',*,*,#3159,.F.);
#4175=ORIENTED_EDGE('',*,*,#3162,.F.);
#4176=ORIENTED_EDGE('',*,*,#3165,.F.);
#4177=ORIENTED_EDGE('',*,*,#3168,.F.);
#4178=ORIENTED_EDGE('',*,*,#3171,.F.);
#4179=ORIENTED_EDGE('',*,*,#3174,.F.);
#4180=ORIENTED_EDGE('',*,*,#3177,.F.);
#4181=ORIENTED_EDGE('',*,*,#3178,.T.);
#4182=ORIENTED_EDGE('',*,*,#3179,.T.);
#4183=ORIENTED_EDGE('',*,*,#3180,.F.);
#4184=ORIENTED_EDGE('',*,*,#3181,.F.);
#4185=ORIENTED_EDGE('',*,*,#3182,.T.);
#4186=ORIENTED_EDGE('',*,*,#3183,.T.);
#4187=ORIENTED_EDGE('',*,*,#3178,.F.);
#4188=ORIENTED_EDGE('',*,*,#3184,.F.);
#4189=ORIENTED_EDGE('',*,*,#3185,.T.);
#4190=ORIENTED_EDGE('',*,*,#3186,.T.);
#4191=ORIENTED_EDGE('',*,*,#3182,.F.);
#4192=ORIENTED_EDGE('',*,*,#3187,.F.);
#4193=ORIENTED_EDGE('',*,*,#3188,.T.);
#4194=ORIENTED_EDGE('',*,*,#3189,.T.);
#4195=ORIENTED_EDGE('',*,*,#3185,.F.);
#4196=ORIENTED_EDGE('',*,*,#3190,.F.);
#4197=ORIENTED_EDGE('',*,*,#3191,.T.);
#4198=ORIENTED_EDGE('',*,*,#3192,.T.);
#4199=ORIENTED_EDGE('',*,*,#3188,.F.);
#4200=ORIENTED_EDGE('',*,*,#3193,.F.);
#4201=ORIENTED_EDGE('',*,*,#3194,.T.);
#4202=ORIENTED_EDGE('',*,*,#3195,.T.);
#4203=ORIENTED_EDGE('',*,*,#3191,.F.);
#4204=ORIENTED_EDGE('',*,*,#3196,.F.);
#4205=ORIENTED_EDGE('',*,*,#3197,.T.);
#4206=ORIENTED_EDGE('',*,*,#3198,.T.);
#4207=ORIENTED_EDGE('',*,*,#3194,.F.);
#4208=ORIENTED_EDGE('',*,*,#3199,.F.);
#4209=ORIENTED_EDGE('',*,*,#3200,.T.);
#4210=ORIENTED_EDGE('',*,*,#3201,.T.);
#4211=ORIENTED_EDGE('',*,*,#3197,.F.);
#4212=ORIENTED_EDGE('',*,*,#3202,.F.);
#4213=ORIENTED_EDGE('',*,*,#3180,.T.);
#4214=ORIENTED_EDGE('',*,*,#3203,.T.);
#4215=ORIENTED_EDGE('',*,*,#3200,.F.);
#4216=ORIENTED_EDGE('',*,*,#3204,.F.);
#4217=ORIENTED_EDGE('',*,*,#3205,.T.);
#4218=ORIENTED_EDGE('',*,*,#3206,.T.);
#4219=ORIENTED_EDGE('',*,*,#3207,.F.);
#4220=ORIENTED_EDGE('',*,*,#3208,.F.);
#4221=ORIENTED_EDGE('',*,*,#3209,.T.);
#4222=ORIENTED_EDGE('',*,*,#3210,.T.);
#4223=ORIENTED_EDGE('',*,*,#3205,.F.);
#4224=ORIENTED_EDGE('',*,*,#3211,.F.);
#4225=ORIENTED_EDGE('',*,*,#3212,.T.);
#4226=ORIENTED_EDGE('',*,*,#3213,.T.);
#4227=ORIENTED_EDGE('',*,*,#3209,.F.);
#4228=ORIENTED_EDGE('',*,*,#3214,.F.);
#4229=ORIENTED_EDGE('',*,*,#3215,.T.);
#4230=ORIENTED_EDGE('',*,*,#3216,.T.);
#4231=ORIENTED_EDGE('',*,*,#3212,.F.);
#4232=ORIENTED_EDGE('',*,*,#3217,.F.);
#4233=ORIENTED_EDGE('',*,*,#3218,.T.);
#4234=ORIENTED_EDGE('',*,*,#3219,.T.);
#4235=ORIENTED_EDGE('',*,*,#3215,.F.);
#4236=ORIENTED_EDGE('',*,*,#3220,.F.);
#4237=ORIENTED_EDGE('',*,*,#3221,.T.);
#4238=ORIENTED_EDGE('',*,*,#3222,.T.);
#4239=ORIENTED_EDGE('',*,*,#3218,.F.);
#4240=ORIENTED_EDGE('',*,*,#3223,.F.);
#4241=ORIENTED_EDGE('',*,*,#3224,.T.);
#4242=ORIENTED_EDGE('',*,*,#3225,.T.);
#4243=ORIENTED_EDGE('',*,*,#3221,.F.);
#4244=ORIENTED_EDGE('',*,*,#3226,.F.);
#4245=ORIENTED_EDGE('',*,*,#3227,.T.);
#4246=ORIENTED_EDGE('',*,*,#3228,.T.);
#4247=ORIENTED_EDGE('',*,*,#3224,.F.);
#4248=ORIENTED_EDGE('',*,*,#3229,.F.);
#4249=ORIENTED_EDGE('',*,*,#3230,.T.);
#4250=ORIENTED_EDGE('',*,*,#3231,.T.);
#4251=ORIENTED_EDGE('',*,*,#3227,.F.);
#4252=ORIENTED_EDGE('',*,*,#3232,.F.);
#4253=ORIENTED_EDGE('',*,*,#3233,.T.);
#4254=ORIENTED_EDGE('',*,*,#3234,.T.);
#4255=ORIENTED_EDGE('',*,*,#3230,.F.);
#4256=ORIENTED_EDGE('',*,*,#3235,.F.);
#4257=ORIENTED_EDGE('',*,*,#3207,.T.);
#4258=ORIENTED_EDGE('',*,*,#3236,.T.);
#4259=ORIENTED_EDGE('',*,*,#3233,.F.);
#4260=ORIENTED_EDGE('',*,*,#3236,.F.);
#4261=ORIENTED_EDGE('',*,*,#3206,.F.);
#4262=ORIENTED_EDGE('',*,*,#3210,.F.);
#4263=ORIENTED_EDGE('',*,*,#3213,.F.);
#4264=ORIENTED_EDGE('',*,*,#3216,.F.);
#4265=ORIENTED_EDGE('',*,*,#3219,.F.);
#4266=ORIENTED_EDGE('',*,*,#3222,.F.);
#4267=ORIENTED_EDGE('',*,*,#3225,.F.);
#4268=ORIENTED_EDGE('',*,*,#3228,.F.);
#4269=ORIENTED_EDGE('',*,*,#3231,.F.);
#4270=ORIENTED_EDGE('',*,*,#3234,.F.);
#4271=ORIENTED_EDGE('',*,*,#3203,.F.);
#4272=ORIENTED_EDGE('',*,*,#3179,.F.);
#4273=ORIENTED_EDGE('',*,*,#3183,.F.);
#4274=ORIENTED_EDGE('',*,*,#3186,.F.);
#4275=ORIENTED_EDGE('',*,*,#3189,.F.);
#4276=ORIENTED_EDGE('',*,*,#3192,.F.);
#4277=ORIENTED_EDGE('',*,*,#3195,.F.);
#4278=ORIENTED_EDGE('',*,*,#3198,.F.);
#4279=ORIENTED_EDGE('',*,*,#3201,.F.);
#4280=ORIENTED_EDGE('',*,*,#3237,.F.);
#4281=ORIENTED_EDGE('',*,*,#3238,.T.);
#4282=ORIENTED_EDGE('',*,*,#3239,.T.);
#4283=ORIENTED_EDGE('',*,*,#3240,.F.);
#4284=ORIENTED_EDGE('',*,*,#3241,.F.);
#4285=ORIENTED_EDGE('',*,*,#3242,.T.);
#4286=ORIENTED_EDGE('',*,*,#3243,.T.);
#4287=ORIENTED_EDGE('',*,*,#3238,.F.);
#4288=ORIENTED_EDGE('',*,*,#3244,.F.);
#4289=ORIENTED_EDGE('',*,*,#3245,.T.);
#4290=ORIENTED_EDGE('',*,*,#3246,.T.);
#4291=ORIENTED_EDGE('',*,*,#3242,.F.);
#4292=ORIENTED_EDGE('',*,*,#3247,.F.);
#4293=ORIENTED_EDGE('',*,*,#3248,.T.);
#4294=ORIENTED_EDGE('',*,*,#3249,.T.);
#4295=ORIENTED_EDGE('',*,*,#3245,.F.);
#4296=ORIENTED_EDGE('',*,*,#3250,.F.);
#4297=ORIENTED_EDGE('',*,*,#3251,.T.);
#4298=ORIENTED_EDGE('',*,*,#3252,.T.);
#4299=ORIENTED_EDGE('',*,*,#3248,.F.);
#4300=ORIENTED_EDGE('',*,*,#3253,.F.);
#4301=ORIENTED_EDGE('',*,*,#3254,.T.);
#4302=ORIENTED_EDGE('',*,*,#3255,.T.);
#4303=ORIENTED_EDGE('',*,*,#3251,.F.);
#4304=ORIENTED_EDGE('',*,*,#3256,.F.);
#4305=ORIENTED_EDGE('',*,*,#3257,.T.);
#4306=ORIENTED_EDGE('',*,*,#3258,.T.);
#4307=ORIENTED_EDGE('',*,*,#3254,.F.);
#4308=ORIENTED_EDGE('',*,*,#3259,.F.);
#4309=ORIENTED_EDGE('',*,*,#3260,.T.);
#4310=ORIENTED_EDGE('',*,*,#3261,.T.);
#4311=ORIENTED_EDGE('',*,*,#3257,.F.);
#4312=ORIENTED_EDGE('',*,*,#3262,.F.);
#4313=ORIENTED_EDGE('',*,*,#3240,.T.);
#4314=ORIENTED_EDGE('',*,*,#3263,.T.);
#4315=ORIENTED_EDGE('',*,*,#3260,.F.);
#4316=ORIENTED_EDGE('',*,*,#3264,.F.);
#4317=ORIENTED_EDGE('',*,*,#3265,.T.);
#4318=ORIENTED_EDGE('',*,*,#3266,.T.);
#4319=ORIENTED_EDGE('',*,*,#3267,.F.);
#4320=ORIENTED_EDGE('',*,*,#3268,.F.);
#4321=ORIENTED_EDGE('',*,*,#3269,.T.);
#4322=ORIENTED_EDGE('',*,*,#3270,.T.);
#4323=ORIENTED_EDGE('',*,*,#3265,.F.);
#4324=ORIENTED_EDGE('',*,*,#3271,.F.);
#4325=ORIENTED_EDGE('',*,*,#3272,.T.);
#4326=ORIENTED_EDGE('',*,*,#3273,.T.);
#4327=ORIENTED_EDGE('',*,*,#3269,.F.);
#4328=ORIENTED_EDGE('',*,*,#3274,.F.);
#4329=ORIENTED_EDGE('',*,*,#3275,.T.);
#4330=ORIENTED_EDGE('',*,*,#3276,.T.);
#4331=ORIENTED_EDGE('',*,*,#3272,.F.);
#4332=ORIENTED_EDGE('',*,*,#3277,.F.);
#4333=ORIENTED_EDGE('',*,*,#3278,.T.);
#4334=ORIENTED_EDGE('',*,*,#3279,.T.);
#4335=ORIENTED_EDGE('',*,*,#3275,.F.);
#4336=ORIENTED_EDGE('',*,*,#3280,.F.);
#4337=ORIENTED_EDGE('',*,*,#3281,.T.);
#4338=ORIENTED_EDGE('',*,*,#3282,.T.);
#4339=ORIENTED_EDGE('',*,*,#3278,.F.);
#4340=ORIENTED_EDGE('',*,*,#3283,.F.);
#4341=ORIENTED_EDGE('',*,*,#3284,.T.);
#4342=ORIENTED_EDGE('',*,*,#3285,.T.);
#4343=ORIENTED_EDGE('',*,*,#3281,.F.);
#4344=ORIENTED_EDGE('',*,*,#3286,.F.);
#4345=ORIENTED_EDGE('',*,*,#3287,.T.);
#4346=ORIENTED_EDGE('',*,*,#3288,.T.);
#4347=ORIENTED_EDGE('',*,*,#3284,.F.);
#4348=ORIENTED_EDGE('',*,*,#3289,.F.);
#4349=ORIENTED_EDGE('',*,*,#3290,.T.);
#4350=ORIENTED_EDGE('',*,*,#3291,.T.);
#4351=ORIENTED_EDGE('',*,*,#3287,.F.);
#4352=ORIENTED_EDGE('',*,*,#3292,.F.);
#4353=ORIENTED_EDGE('',*,*,#3267,.T.);
#4354=ORIENTED_EDGE('',*,*,#3293,.T.);
#4355=ORIENTED_EDGE('',*,*,#3290,.F.);
#4356=ORIENTED_EDGE('',*,*,#3294,.F.);
#4357=ORIENTED_EDGE('',*,*,#3295,.T.);
#4358=ORIENTED_EDGE('',*,*,#3296,.T.);
#4359=ORIENTED_EDGE('',*,*,#3297,.F.);
#4360=ORIENTED_EDGE('',*,*,#3298,.F.);
#4361=ORIENTED_EDGE('',*,*,#3299,.T.);
#4362=ORIENTED_EDGE('',*,*,#3300,.T.);
#4363=ORIENTED_EDGE('',*,*,#3295,.F.);
#4364=ORIENTED_EDGE('',*,*,#3301,.F.);
#4365=ORIENTED_EDGE('',*,*,#3302,.T.);
#4366=ORIENTED_EDGE('',*,*,#3303,.T.);
#4367=ORIENTED_EDGE('',*,*,#3299,.F.);
#4368=ORIENTED_EDGE('',*,*,#3304,.F.);
#4369=ORIENTED_EDGE('',*,*,#3305,.T.);
#4370=ORIENTED_EDGE('',*,*,#3306,.T.);
#4371=ORIENTED_EDGE('',*,*,#3302,.F.);
#4372=ORIENTED_EDGE('',*,*,#3307,.F.);
#4373=ORIENTED_EDGE('',*,*,#3308,.T.);
#4374=ORIENTED_EDGE('',*,*,#3309,.T.);
#4375=ORIENTED_EDGE('',*,*,#3305,.F.);
#4376=ORIENTED_EDGE('',*,*,#3310,.F.);
#4377=ORIENTED_EDGE('',*,*,#3311,.T.);
#4378=ORIENTED_EDGE('',*,*,#3312,.T.);
#4379=ORIENTED_EDGE('',*,*,#3308,.F.);
#4380=ORIENTED_EDGE('',*,*,#3313,.F.);
#4381=ORIENTED_EDGE('',*,*,#3314,.T.);
#4382=ORIENTED_EDGE('',*,*,#3315,.T.);
#4383=ORIENTED_EDGE('',*,*,#3311,.F.);
#4384=ORIENTED_EDGE('',*,*,#3316,.F.);
#4385=ORIENTED_EDGE('',*,*,#3317,.T.);
#4386=ORIENTED_EDGE('',*,*,#3318,.T.);
#4387=ORIENTED_EDGE('',*,*,#3314,.F.);
#4388=ORIENTED_EDGE('',*,*,#3319,.F.);
#4389=ORIENTED_EDGE('',*,*,#3320,.T.);
#4390=ORIENTED_EDGE('',*,*,#3321,.T.);
#4391=ORIENTED_EDGE('',*,*,#3317,.F.);
#4392=ORIENTED_EDGE('',*,*,#3322,.F.);
#4393=ORIENTED_EDGE('',*,*,#3323,.T.);
#4394=ORIENTED_EDGE('',*,*,#3324,.T.);
#4395=ORIENTED_EDGE('',*,*,#3320,.F.);
#4396=ORIENTED_EDGE('',*,*,#3325,.F.);
#4397=ORIENTED_EDGE('',*,*,#3326,.T.);
#4398=ORIENTED_EDGE('',*,*,#3327,.T.);
#4399=ORIENTED_EDGE('',*,*,#3323,.F.);
#4400=ORIENTED_EDGE('',*,*,#3328,.F.);
#4401=ORIENTED_EDGE('',*,*,#3329,.T.);
#4402=ORIENTED_EDGE('',*,*,#3330,.T.);
#4403=ORIENTED_EDGE('',*,*,#3326,.F.);
#4404=ORIENTED_EDGE('',*,*,#3331,.F.);
#4405=ORIENTED_EDGE('',*,*,#3332,.T.);
#4406=ORIENTED_EDGE('',*,*,#3333,.T.);
#4407=ORIENTED_EDGE('',*,*,#3329,.F.);
#4408=ORIENTED_EDGE('',*,*,#3334,.F.);
#4409=ORIENTED_EDGE('',*,*,#3297,.T.);
#4410=ORIENTED_EDGE('',*,*,#3335,.T.);
#4411=ORIENTED_EDGE('',*,*,#3332,.F.);
#4412=ORIENTED_EDGE('',*,*,#3335,.F.);
#4413=ORIENTED_EDGE('',*,*,#3296,.F.);
#4414=ORIENTED_EDGE('',*,*,#3300,.F.);
#4415=ORIENTED_EDGE('',*,*,#3303,.F.);
#4416=ORIENTED_EDGE('',*,*,#3306,.F.);
#4417=ORIENTED_EDGE('',*,*,#3309,.F.);
#4418=ORIENTED_EDGE('',*,*,#3312,.F.);
#4419=ORIENTED_EDGE('',*,*,#3315,.F.);
#4420=ORIENTED_EDGE('',*,*,#3318,.F.);
#4421=ORIENTED_EDGE('',*,*,#3321,.F.);
#4422=ORIENTED_EDGE('',*,*,#3324,.F.);
#4423=ORIENTED_EDGE('',*,*,#3327,.F.);
#4424=ORIENTED_EDGE('',*,*,#3330,.F.);
#4425=ORIENTED_EDGE('',*,*,#3333,.F.);
#4426=ORIENTED_EDGE('',*,*,#3293,.F.);
#4427=ORIENTED_EDGE('',*,*,#3266,.F.);
#4428=ORIENTED_EDGE('',*,*,#3270,.F.);
#4429=ORIENTED_EDGE('',*,*,#3273,.F.);
#4430=ORIENTED_EDGE('',*,*,#3276,.F.);
#4431=ORIENTED_EDGE('',*,*,#3279,.F.);
#4432=ORIENTED_EDGE('',*,*,#3282,.F.);
#4433=ORIENTED_EDGE('',*,*,#3285,.F.);
#4434=ORIENTED_EDGE('',*,*,#3288,.F.);
#4435=ORIENTED_EDGE('',*,*,#3291,.F.);
#4436=ORIENTED_EDGE('',*,*,#3263,.F.);
#4437=ORIENTED_EDGE('',*,*,#3239,.F.);
#4438=ORIENTED_EDGE('',*,*,#3243,.F.);
#4439=ORIENTED_EDGE('',*,*,#3246,.F.);
#4440=ORIENTED_EDGE('',*,*,#3249,.F.);
#4441=ORIENTED_EDGE('',*,*,#3252,.F.);
#4442=ORIENTED_EDGE('',*,*,#3255,.F.);
#4443=ORIENTED_EDGE('',*,*,#3258,.F.);
#4444=ORIENTED_EDGE('',*,*,#3261,.F.);
#4445=ORIENTED_EDGE('',*,*,#3336,.F.);
#4446=ORIENTED_EDGE('',*,*,#3337,.T.);
#4447=ORIENTED_EDGE('',*,*,#3338,.T.);
#4448=ORIENTED_EDGE('',*,*,#3339,.F.);
#4449=ORIENTED_EDGE('',*,*,#3340,.F.);
#4450=ORIENTED_EDGE('',*,*,#3341,.T.);
#4451=ORIENTED_EDGE('',*,*,#3342,.T.);
#4452=ORIENTED_EDGE('',*,*,#3337,.F.);
#4453=ORIENTED_EDGE('',*,*,#3343,.F.);
#4454=ORIENTED_EDGE('',*,*,#3344,.T.);
#4455=ORIENTED_EDGE('',*,*,#3345,.T.);
#4456=ORIENTED_EDGE('',*,*,#3341,.F.);
#4457=ORIENTED_EDGE('',*,*,#3346,.F.);
#4458=ORIENTED_EDGE('',*,*,#3347,.T.);
#4459=ORIENTED_EDGE('',*,*,#3348,.T.);
#4460=ORIENTED_EDGE('',*,*,#3344,.F.);
#4461=ORIENTED_EDGE('',*,*,#3349,.F.);
#4462=ORIENTED_EDGE('',*,*,#3350,.T.);
#4463=ORIENTED_EDGE('',*,*,#3351,.T.);
#4464=ORIENTED_EDGE('',*,*,#3347,.F.);
#4465=ORIENTED_EDGE('',*,*,#3352,.F.);
#4466=ORIENTED_EDGE('',*,*,#3353,.T.);
#4467=ORIENTED_EDGE('',*,*,#3354,.T.);
#4468=ORIENTED_EDGE('',*,*,#3350,.F.);
#4469=ORIENTED_EDGE('',*,*,#3355,.F.);
#4470=ORIENTED_EDGE('',*,*,#3356,.T.);
#4471=ORIENTED_EDGE('',*,*,#3357,.T.);
#4472=ORIENTED_EDGE('',*,*,#3353,.F.);
#4473=ORIENTED_EDGE('',*,*,#3358,.F.);
#4474=ORIENTED_EDGE('',*,*,#3359,.T.);
#4475=ORIENTED_EDGE('',*,*,#3360,.T.);
#4476=ORIENTED_EDGE('',*,*,#3356,.F.);
#4477=ORIENTED_EDGE('',*,*,#3361,.F.);
#4478=ORIENTED_EDGE('',*,*,#3362,.T.);
#4479=ORIENTED_EDGE('',*,*,#3363,.T.);
#4480=ORIENTED_EDGE('',*,*,#3359,.F.);
#4481=ORIENTED_EDGE('',*,*,#3364,.F.);
#4482=ORIENTED_EDGE('',*,*,#3365,.T.);
#4483=ORIENTED_EDGE('',*,*,#3366,.T.);
#4484=ORIENTED_EDGE('',*,*,#3362,.F.);
#4485=ORIENTED_EDGE('',*,*,#3367,.F.);
#4486=ORIENTED_EDGE('',*,*,#3368,.T.);
#4487=ORIENTED_EDGE('',*,*,#3369,.T.);
#4488=ORIENTED_EDGE('',*,*,#3365,.F.);
#4489=ORIENTED_EDGE('',*,*,#3370,.F.);
#4490=ORIENTED_EDGE('',*,*,#3371,.T.);
#4491=ORIENTED_EDGE('',*,*,#3372,.T.);
#4492=ORIENTED_EDGE('',*,*,#3368,.F.);
#4493=ORIENTED_EDGE('',*,*,#3373,.F.);
#4494=ORIENTED_EDGE('',*,*,#3374,.T.);
#4495=ORIENTED_EDGE('',*,*,#3375,.T.);
#4496=ORIENTED_EDGE('',*,*,#3371,.F.);
#4497=ORIENTED_EDGE('',*,*,#3376,.F.);
#4498=ORIENTED_EDGE('',*,*,#3377,.T.);
#4499=ORIENTED_EDGE('',*,*,#3378,.T.);
#4500=ORIENTED_EDGE('',*,*,#3374,.F.);
#4501=ORIENTED_EDGE('',*,*,#3379,.F.);
#4502=ORIENTED_EDGE('',*,*,#3380,.T.);
#4503=ORIENTED_EDGE('',*,*,#3381,.T.);
#4504=ORIENTED_EDGE('',*,*,#3377,.F.);
#4505=ORIENTED_EDGE('',*,*,#3382,.F.);
#4506=ORIENTED_EDGE('',*,*,#3383,.T.);
#4507=ORIENTED_EDGE('',*,*,#3384,.T.);
#4508=ORIENTED_EDGE('',*,*,#3380,.F.);
#4509=ORIENTED_EDGE('',*,*,#3385,.F.);
#4510=ORIENTED_EDGE('',*,*,#3339,.T.);
#4511=ORIENTED_EDGE('',*,*,#3386,.T.);
#4512=ORIENTED_EDGE('',*,*,#3383,.F.);
#4513=ORIENTED_EDGE('',*,*,#3386,.F.);
#4514=ORIENTED_EDGE('',*,*,#3338,.F.);
#4515=ORIENTED_EDGE('',*,*,#3342,.F.);
#4516=ORIENTED_EDGE('',*,*,#3345,.F.);
#4517=ORIENTED_EDGE('',*,*,#3348,.F.);
#4518=ORIENTED_EDGE('',*,*,#3351,.F.);
#4519=ORIENTED_EDGE('',*,*,#3354,.F.);
#4520=ORIENTED_EDGE('',*,*,#3357,.F.);
#4521=ORIENTED_EDGE('',*,*,#3360,.F.);
#4522=ORIENTED_EDGE('',*,*,#3363,.F.);
#4523=ORIENTED_EDGE('',*,*,#3366,.F.);
#4524=ORIENTED_EDGE('',*,*,#3369,.F.);
#4525=ORIENTED_EDGE('',*,*,#3372,.F.);
#4526=ORIENTED_EDGE('',*,*,#3375,.F.);
#4527=ORIENTED_EDGE('',*,*,#3378,.F.);
#4528=ORIENTED_EDGE('',*,*,#3381,.F.);
#4529=ORIENTED_EDGE('',*,*,#3384,.F.);
#4530=ORIENTED_EDGE('',*,*,#3264,.T.);
#4531=ORIENTED_EDGE('',*,*,#3292,.T.);
#4532=ORIENTED_EDGE('',*,*,#3289,.T.);
#4533=ORIENTED_EDGE('',*,*,#3286,.T.);
#4534=ORIENTED_EDGE('',*,*,#3283,.T.);
#4535=ORIENTED_EDGE('',*,*,#3280,.T.);
#4536=ORIENTED_EDGE('',*,*,#3277,.T.);
#4537=ORIENTED_EDGE('',*,*,#3274,.T.);
#4538=ORIENTED_EDGE('',*,*,#3271,.T.);
#4539=ORIENTED_EDGE('',*,*,#3268,.T.);
#4540=ORIENTED_EDGE('',*,*,#3237,.T.);
#4541=ORIENTED_EDGE('',*,*,#3262,.T.);
#4542=ORIENTED_EDGE('',*,*,#3259,.T.);
#4543=ORIENTED_EDGE('',*,*,#3256,.T.);
#4544=ORIENTED_EDGE('',*,*,#3253,.T.);
#4545=ORIENTED_EDGE('',*,*,#3250,.T.);
#4546=ORIENTED_EDGE('',*,*,#3247,.T.);
#4547=ORIENTED_EDGE('',*,*,#3244,.T.);
#4548=ORIENTED_EDGE('',*,*,#3241,.T.);
#4549=ORIENTED_EDGE('',*,*,#3177,.T.);
#4550=ORIENTED_EDGE('',*,*,#3202,.T.);
#4551=ORIENTED_EDGE('',*,*,#3199,.T.);
#4552=ORIENTED_EDGE('',*,*,#3196,.T.);
#4553=ORIENTED_EDGE('',*,*,#3193,.T.);
#4554=ORIENTED_EDGE('',*,*,#3190,.T.);
#4555=ORIENTED_EDGE('',*,*,#3187,.T.);
#4556=ORIENTED_EDGE('',*,*,#3184,.T.);
#4557=ORIENTED_EDGE('',*,*,#3181,.T.);
#4558=ORIENTED_EDGE('',*,*,#3387,.T.);
#4559=ORIENTED_EDGE('',*,*,#3388,.T.);
#4560=ORIENTED_EDGE('',*,*,#3389,.T.);
#4561=ORIENTED_EDGE('',*,*,#3390,.T.);
#4562=ORIENTED_EDGE('',*,*,#3389,.F.);
#4563=ORIENTED_EDGE('',*,*,#3391,.T.);
#4564=ORIENTED_EDGE('',*,*,#3392,.T.);
#4565=ORIENTED_EDGE('',*,*,#3393,.T.);
#4566=ORIENTED_EDGE('',*,*,#3394,.T.);
#4567=ORIENTED_EDGE('',*,*,#3395,.T.);
#4568=ORIENTED_EDGE('',*,*,#3387,.F.);
#4569=ORIENTED_EDGE('',*,*,#3396,.T.);
#4570=ORIENTED_EDGE('',*,*,#3392,.F.);
#4571=ORIENTED_EDGE('',*,*,#3397,.T.);
#4572=ORIENTED_EDGE('',*,*,#3394,.F.);
#4573=ORIENTED_EDGE('',*,*,#3398,.T.);
#4574=ORIENTED_EDGE('',*,*,#3396,.F.);
#4575=ORIENTED_EDGE('',*,*,#3399,.T.);
#4576=ORIENTED_EDGE('',*,*,#3400,.T.);
#4577=ORIENTED_EDGE('',*,*,#3401,.F.);
#4578=ORIENTED_EDGE('',*,*,#3390,.F.);
#4579=ORIENTED_EDGE('',*,*,#3402,.T.);
#4580=ORIENTED_EDGE('',*,*,#3403,.T.);
#4581=ORIENTED_EDGE('',*,*,#3399,.F.);
#4582=ORIENTED_EDGE('',*,*,#3404,.F.);
#4583=ORIENTED_EDGE('',*,*,#3405,.F.);
#4584=ORIENTED_EDGE('',*,*,#3406,.T.);
#4585=ORIENTED_EDGE('',*,*,#3407,.T.);
#4586=ORIENTED_EDGE('',*,*,#3388,.F.);
#4587=ORIENTED_EDGE('',*,*,#3395,.F.);
#4588=ORIENTED_EDGE('',*,*,#3397,.F.);
#4589=ORIENTED_EDGE('',*,*,#3391,.F.);
#4590=ORIENTED_EDGE('',*,*,#3336,.T.);
#4591=ORIENTED_EDGE('',*,*,#3385,.T.);
#4592=ORIENTED_EDGE('',*,*,#3382,.T.);
#4593=ORIENTED_EDGE('',*,*,#3379,.T.);
#4594=ORIENTED_EDGE('',*,*,#3376,.T.);
#4595=ORIENTED_EDGE('',*,*,#3373,.T.);
#4596=ORIENTED_EDGE('',*,*,#3370,.T.);
#4597=ORIENTED_EDGE('',*,*,#3367,.T.);
#4598=ORIENTED_EDGE('',*,*,#3364,.T.);
#4599=ORIENTED_EDGE('',*,*,#3361,.T.);
#4600=ORIENTED_EDGE('',*,*,#3358,.T.);
#4601=ORIENTED_EDGE('',*,*,#3355,.T.);
#4602=ORIENTED_EDGE('',*,*,#3352,.T.);
#4603=ORIENTED_EDGE('',*,*,#3349,.T.);
#4604=ORIENTED_EDGE('',*,*,#3346,.T.);
#4605=ORIENTED_EDGE('',*,*,#3343,.T.);
#4606=ORIENTED_EDGE('',*,*,#3340,.T.);
#4607=ORIENTED_EDGE('',*,*,#3294,.T.);
#4608=ORIENTED_EDGE('',*,*,#3334,.T.);
#4609=ORIENTED_EDGE('',*,*,#3331,.T.);
#4610=ORIENTED_EDGE('',*,*,#3328,.T.);
#4611=ORIENTED_EDGE('',*,*,#3325,.T.);
#4612=ORIENTED_EDGE('',*,*,#3322,.T.);
#4613=ORIENTED_EDGE('',*,*,#3319,.T.);
#4614=ORIENTED_EDGE('',*,*,#3316,.T.);
#4615=ORIENTED_EDGE('',*,*,#3313,.T.);
#4616=ORIENTED_EDGE('',*,*,#3310,.T.);
#4617=ORIENTED_EDGE('',*,*,#3307,.T.);
#4618=ORIENTED_EDGE('',*,*,#3304,.T.);
#4619=ORIENTED_EDGE('',*,*,#3301,.T.);
#4620=ORIENTED_EDGE('',*,*,#3298,.T.);
#4621=ORIENTED_EDGE('',*,*,#3204,.T.);
#4622=ORIENTED_EDGE('',*,*,#3235,.T.);
#4623=ORIENTED_EDGE('',*,*,#3232,.T.);
#4624=ORIENTED_EDGE('',*,*,#3229,.T.);
#4625=ORIENTED_EDGE('',*,*,#3226,.T.);
#4626=ORIENTED_EDGE('',*,*,#3223,.T.);
#4627=ORIENTED_EDGE('',*,*,#3220,.T.);
#4628=ORIENTED_EDGE('',*,*,#3217,.T.);
#4629=ORIENTED_EDGE('',*,*,#3214,.T.);
#4630=ORIENTED_EDGE('',*,*,#3211,.T.);
#4631=ORIENTED_EDGE('',*,*,#3208,.T.);
#4632=ORIENTED_EDGE('',*,*,#3126,.T.);
#4633=ORIENTED_EDGE('',*,*,#3175,.T.);
#4634=ORIENTED_EDGE('',*,*,#3172,.T.);
#4635=ORIENTED_EDGE('',*,*,#3169,.T.);
#4636=ORIENTED_EDGE('',*,*,#3166,.T.);
#4637=ORIENTED_EDGE('',*,*,#3163,.T.);
#4638=ORIENTED_EDGE('',*,*,#3160,.T.);
#4639=ORIENTED_EDGE('',*,*,#3157,.T.);
#4640=ORIENTED_EDGE('',*,*,#3154,.T.);
#4641=ORIENTED_EDGE('',*,*,#3151,.T.);
#4642=ORIENTED_EDGE('',*,*,#3148,.T.);
#4643=ORIENTED_EDGE('',*,*,#3145,.T.);
#4644=ORIENTED_EDGE('',*,*,#3142,.T.);
#4645=ORIENTED_EDGE('',*,*,#3139,.T.);
#4646=ORIENTED_EDGE('',*,*,#3136,.T.);
#4647=ORIENTED_EDGE('',*,*,#3133,.T.);
#4648=ORIENTED_EDGE('',*,*,#3130,.T.);
#4649=ORIENTED_EDGE('',*,*,#3102,.T.);
#4650=ORIENTED_EDGE('',*,*,#3124,.T.);
#4651=ORIENTED_EDGE('',*,*,#3121,.T.);
#4652=ORIENTED_EDGE('',*,*,#3118,.T.);
#4653=ORIENTED_EDGE('',*,*,#3115,.T.);
#4654=ORIENTED_EDGE('',*,*,#3112,.T.);
#4655=ORIENTED_EDGE('',*,*,#3109,.T.);
#4656=ORIENTED_EDGE('',*,*,#3106,.T.);
#4657=ORIENTED_EDGE('',*,*,#2997,.T.);
#4658=ORIENTED_EDGE('',*,*,#3100,.T.);
#4659=ORIENTED_EDGE('',*,*,#3097,.T.);
#4660=ORIENTED_EDGE('',*,*,#3094,.T.);
#4661=ORIENTED_EDGE('',*,*,#3091,.T.);
#4662=ORIENTED_EDGE('',*,*,#3088,.T.);
#4663=ORIENTED_EDGE('',*,*,#3085,.T.);
#4664=ORIENTED_EDGE('',*,*,#3082,.T.);
#4665=ORIENTED_EDGE('',*,*,#3079,.T.);
#4666=ORIENTED_EDGE('',*,*,#3076,.T.);
#4667=ORIENTED_EDGE('',*,*,#3073,.T.);
#4668=ORIENTED_EDGE('',*,*,#3070,.T.);
#4669=ORIENTED_EDGE('',*,*,#3067,.T.);
#4670=ORIENTED_EDGE('',*,*,#3064,.T.);
#4671=ORIENTED_EDGE('',*,*,#3061,.T.);
#4672=ORIENTED_EDGE('',*,*,#3058,.T.);
#4673=ORIENTED_EDGE('',*,*,#3055,.T.);
#4674=ORIENTED_EDGE('',*,*,#3052,.T.);
#4675=ORIENTED_EDGE('',*,*,#3049,.T.);
#4676=ORIENTED_EDGE('',*,*,#3046,.T.);
#4677=ORIENTED_EDGE('',*,*,#3043,.T.);
#4678=ORIENTED_EDGE('',*,*,#3040,.T.);
#4679=ORIENTED_EDGE('',*,*,#3037,.T.);
#4680=ORIENTED_EDGE('',*,*,#3034,.T.);
#4681=ORIENTED_EDGE('',*,*,#3031,.T.);
#4682=ORIENTED_EDGE('',*,*,#3028,.T.);
#4683=ORIENTED_EDGE('',*,*,#3025,.T.);
#4684=ORIENTED_EDGE('',*,*,#3022,.T.);
#4685=ORIENTED_EDGE('',*,*,#3019,.T.);
#4686=ORIENTED_EDGE('',*,*,#3016,.T.);
#4687=ORIENTED_EDGE('',*,*,#3013,.T.);
#4688=ORIENTED_EDGE('',*,*,#3010,.T.);
#4689=ORIENTED_EDGE('',*,*,#3007,.T.);
#4690=ORIENTED_EDGE('',*,*,#3004,.T.);
#4691=ORIENTED_EDGE('',*,*,#3001,.T.);
#4692=ORIENTED_EDGE('',*,*,#3393,.F.);
#4693=ORIENTED_EDGE('',*,*,#3408,.T.);
#4694=ORIENTED_EDGE('',*,*,#3409,.T.);
#4695=ORIENTED_EDGE('',*,*,#3402,.F.);
#4696=ORIENTED_EDGE('',*,*,#3398,.F.);
#4697=ORIENTED_EDGE('',*,*,#3401,.T.);
#4698=ORIENTED_EDGE('',*,*,#3410,.T.);
#4699=ORIENTED_EDGE('',*,*,#3408,.F.);
#4700=ORIENTED_EDGE('',*,*,#3410,.F.);
#4701=ORIENTED_EDGE('',*,*,#3400,.F.);
#4702=ORIENTED_EDGE('',*,*,#3403,.F.);
#4703=ORIENTED_EDGE('',*,*,#3409,.F.);
#4704=ORIENTED_EDGE('',*,*,#3411,.F.);
#4705=ORIENTED_EDGE('',*,*,#3412,.F.);
#4706=ORIENTED_EDGE('',*,*,#3413,.F.);
#4707=ORIENTED_EDGE('',*,*,#3414,.F.);
#4708=ORIENTED_EDGE('',*,*,#3412,.T.);
#4709=ORIENTED_EDGE('',*,*,#3415,.T.);
#4710=ORIENTED_EDGE('',*,*,#3416,.F.);
#4711=ORIENTED_EDGE('',*,*,#3417,.F.);
#4712=ORIENTED_EDGE('',*,*,#3411,.T.);
#4713=ORIENTED_EDGE('',*,*,#3418,.T.);
#4714=ORIENTED_EDGE('',*,*,#3419,.F.);
#4715=ORIENTED_EDGE('',*,*,#3415,.F.);
#4716=ORIENTED_EDGE('',*,*,#3414,.T.);
#4717=ORIENTED_EDGE('',*,*,#3420,.T.);
#4718=ORIENTED_EDGE('',*,*,#3421,.F.);
#4719=ORIENTED_EDGE('',*,*,#3418,.F.);
#4720=ORIENTED_EDGE('',*,*,#3413,.T.);
#4721=ORIENTED_EDGE('',*,*,#3417,.T.);
#4722=ORIENTED_EDGE('',*,*,#3422,.F.);
#4723=ORIENTED_EDGE('',*,*,#3420,.F.);
#4724=ORIENTED_EDGE('',*,*,#3423,.F.);
#4725=ORIENTED_EDGE('',*,*,#3424,.T.);
#4726=ORIENTED_EDGE('',*,*,#3425,.T.);
#4727=ORIENTED_EDGE('',*,*,#3426,.F.);
#4728=ORIENTED_EDGE('',*,*,#3427,.F.);
#4729=ORIENTED_EDGE('',*,*,#3428,.T.);
#4730=ORIENTED_EDGE('',*,*,#3429,.T.);
#4731=ORIENTED_EDGE('',*,*,#3424,.F.);
#4732=ORIENTED_EDGE('',*,*,#3430,.F.);
#4733=ORIENTED_EDGE('',*,*,#3431,.T.);
#4734=ORIENTED_EDGE('',*,*,#3432,.T.);
#4735=ORIENTED_EDGE('',*,*,#3428,.F.);
#4736=ORIENTED_EDGE('',*,*,#3433,.F.);
#4737=ORIENTED_EDGE('',*,*,#3434,.T.);
#4738=ORIENTED_EDGE('',*,*,#3435,.T.);
#4739=ORIENTED_EDGE('',*,*,#3431,.F.);
#4740=ORIENTED_EDGE('',*,*,#3436,.F.);
#4741=ORIENTED_EDGE('',*,*,#3426,.T.);
#4742=ORIENTED_EDGE('',*,*,#3437,.T.);
#4743=ORIENTED_EDGE('',*,*,#3434,.F.);
#4744=ORIENTED_EDGE('',*,*,#3438,.F.);
#4745=ORIENTED_EDGE('',*,*,#3439,.T.);
#4746=ORIENTED_EDGE('',*,*,#3440,.T.);
#4747=ORIENTED_EDGE('',*,*,#3441,.F.);
#4748=ORIENTED_EDGE('',*,*,#3442,.F.);
#4749=ORIENTED_EDGE('',*,*,#3443,.T.);
#4750=ORIENTED_EDGE('',*,*,#3444,.T.);
#4751=ORIENTED_EDGE('',*,*,#3439,.F.);
#4752=ORIENTED_EDGE('',*,*,#3445,.F.);
#4753=ORIENTED_EDGE('',*,*,#3446,.T.);
#4754=ORIENTED_EDGE('',*,*,#3447,.T.);
#4755=ORIENTED_EDGE('',*,*,#3443,.F.);
#4756=ORIENTED_EDGE('',*,*,#3448,.F.);
#4757=ORIENTED_EDGE('',*,*,#3449,.T.);
#4758=ORIENTED_EDGE('',*,*,#3450,.T.);
#4759=ORIENTED_EDGE('',*,*,#3446,.F.);
#4760=ORIENTED_EDGE('',*,*,#3451,.F.);
#4761=ORIENTED_EDGE('',*,*,#3452,.T.);
#4762=ORIENTED_EDGE('',*,*,#3453,.T.);
#4763=ORIENTED_EDGE('',*,*,#3449,.F.);
#4764=ORIENTED_EDGE('',*,*,#3454,.F.);
#4765=ORIENTED_EDGE('',*,*,#3455,.T.);
#4766=ORIENTED_EDGE('',*,*,#3456,.T.);
#4767=ORIENTED_EDGE('',*,*,#3452,.F.);
#4768=ORIENTED_EDGE('',*,*,#3457,.F.);
#4769=ORIENTED_EDGE('',*,*,#3458,.T.);
#4770=ORIENTED_EDGE('',*,*,#3459,.T.);
#4771=ORIENTED_EDGE('',*,*,#3455,.F.);
#4772=ORIENTED_EDGE('',*,*,#3460,.F.);
#4773=ORIENTED_EDGE('',*,*,#3441,.T.);
#4774=ORIENTED_EDGE('',*,*,#3461,.T.);
#4775=ORIENTED_EDGE('',*,*,#3458,.F.);
#4776=ORIENTED_EDGE('',*,*,#3461,.F.);
#4777=ORIENTED_EDGE('',*,*,#3440,.F.);
#4778=ORIENTED_EDGE('',*,*,#3444,.F.);
#4779=ORIENTED_EDGE('',*,*,#3447,.F.);
#4780=ORIENTED_EDGE('',*,*,#3450,.F.);
#4781=ORIENTED_EDGE('',*,*,#3453,.F.);
#4782=ORIENTED_EDGE('',*,*,#3456,.F.);
#4783=ORIENTED_EDGE('',*,*,#3459,.F.);
#4784=ORIENTED_EDGE('',*,*,#3437,.F.);
#4785=ORIENTED_EDGE('',*,*,#3425,.F.);
#4786=ORIENTED_EDGE('',*,*,#3429,.F.);
#4787=ORIENTED_EDGE('',*,*,#3432,.F.);
#4788=ORIENTED_EDGE('',*,*,#3435,.F.);
#4789=ORIENTED_EDGE('',*,*,#3462,.F.);
#4790=ORIENTED_EDGE('',*,*,#3463,.T.);
#4791=ORIENTED_EDGE('',*,*,#3464,.T.);
#4792=ORIENTED_EDGE('',*,*,#3465,.F.);
#4793=ORIENTED_EDGE('',*,*,#3466,.F.);
#4794=ORIENTED_EDGE('',*,*,#3467,.T.);
#4795=ORIENTED_EDGE('',*,*,#3468,.T.);
#4796=ORIENTED_EDGE('',*,*,#3463,.F.);
#4797=ORIENTED_EDGE('',*,*,#3469,.F.);
#4798=ORIENTED_EDGE('',*,*,#3470,.T.);
#4799=ORIENTED_EDGE('',*,*,#3471,.T.);
#4800=ORIENTED_EDGE('',*,*,#3467,.F.);
#4801=ORIENTED_EDGE('',*,*,#3472,.F.);
#4802=ORIENTED_EDGE('',*,*,#3473,.T.);
#4803=ORIENTED_EDGE('',*,*,#3474,.T.);
#4804=ORIENTED_EDGE('',*,*,#3470,.F.);
#4805=ORIENTED_EDGE('',*,*,#3475,.F.);
#4806=ORIENTED_EDGE('',*,*,#3476,.T.);
#4807=ORIENTED_EDGE('',*,*,#3477,.T.);
#4808=ORIENTED_EDGE('',*,*,#3473,.F.);
#4809=ORIENTED_EDGE('',*,*,#3478,.F.);
#4810=ORIENTED_EDGE('',*,*,#3479,.T.);
#4811=ORIENTED_EDGE('',*,*,#3480,.T.);
#4812=ORIENTED_EDGE('',*,*,#3476,.F.);
#4813=ORIENTED_EDGE('',*,*,#3481,.F.);
#4814=ORIENTED_EDGE('',*,*,#3482,.T.);
#4815=ORIENTED_EDGE('',*,*,#3483,.T.);
#4816=ORIENTED_EDGE('',*,*,#3479,.F.);
#4817=ORIENTED_EDGE('',*,*,#3484,.F.);
#4818=ORIENTED_EDGE('',*,*,#3485,.T.);
#4819=ORIENTED_EDGE('',*,*,#3486,.T.);
#4820=ORIENTED_EDGE('',*,*,#3482,.F.);
#4821=ORIENTED_EDGE('',*,*,#3487,.F.);
#4822=ORIENTED_EDGE('',*,*,#3488,.T.);
#4823=ORIENTED_EDGE('',*,*,#3489,.T.);
#4824=ORIENTED_EDGE('',*,*,#3485,.F.);
#4825=ORIENTED_EDGE('',*,*,#3490,.F.);
#4826=ORIENTED_EDGE('',*,*,#3491,.T.);
#4827=ORIENTED_EDGE('',*,*,#3492,.T.);
#4828=ORIENTED_EDGE('',*,*,#3488,.F.);
#4829=ORIENTED_EDGE('',*,*,#3493,.F.);
#4830=ORIENTED_EDGE('',*,*,#3494,.T.);
#4831=ORIENTED_EDGE('',*,*,#3495,.T.);
#4832=ORIENTED_EDGE('',*,*,#3491,.F.);
#4833=ORIENTED_EDGE('',*,*,#3496,.F.);
#4834=ORIENTED_EDGE('',*,*,#3465,.T.);
#4835=ORIENTED_EDGE('',*,*,#3497,.T.);
#4836=ORIENTED_EDGE('',*,*,#3494,.F.);
#4837=ORIENTED_EDGE('',*,*,#3497,.F.);
#4838=ORIENTED_EDGE('',*,*,#3464,.F.);
#4839=ORIENTED_EDGE('',*,*,#3468,.F.);
#4840=ORIENTED_EDGE('',*,*,#3471,.F.);
#4841=ORIENTED_EDGE('',*,*,#3474,.F.);
#4842=ORIENTED_EDGE('',*,*,#3477,.F.);
#4843=ORIENTED_EDGE('',*,*,#3480,.F.);
#4844=ORIENTED_EDGE('',*,*,#3483,.F.);
#4845=ORIENTED_EDGE('',*,*,#3486,.F.);
#4846=ORIENTED_EDGE('',*,*,#3489,.F.);
#4847=ORIENTED_EDGE('',*,*,#3492,.F.);
#4848=ORIENTED_EDGE('',*,*,#3495,.F.);
#4849=ORIENTED_EDGE('',*,*,#3498,.F.);
#4850=ORIENTED_EDGE('',*,*,#3499,.T.);
#4851=ORIENTED_EDGE('',*,*,#3500,.T.);
#4852=ORIENTED_EDGE('',*,*,#3501,.F.);
#4853=ORIENTED_EDGE('',*,*,#3502,.F.);
#4854=ORIENTED_EDGE('',*,*,#3503,.T.);
#4855=ORIENTED_EDGE('',*,*,#3504,.T.);
#4856=ORIENTED_EDGE('',*,*,#3499,.F.);
#4857=ORIENTED_EDGE('',*,*,#3505,.F.);
#4858=ORIENTED_EDGE('',*,*,#3506,.T.);
#4859=ORIENTED_EDGE('',*,*,#3507,.T.);
#4860=ORIENTED_EDGE('',*,*,#3503,.F.);
#4861=ORIENTED_EDGE('',*,*,#3508,.F.);
#4862=ORIENTED_EDGE('',*,*,#3509,.T.);
#4863=ORIENTED_EDGE('',*,*,#3510,.T.);
#4864=ORIENTED_EDGE('',*,*,#3506,.F.);
#4865=ORIENTED_EDGE('',*,*,#3511,.F.);
#4866=ORIENTED_EDGE('',*,*,#3512,.T.);
#4867=ORIENTED_EDGE('',*,*,#3513,.T.);
#4868=ORIENTED_EDGE('',*,*,#3509,.F.);
#4869=ORIENTED_EDGE('',*,*,#3514,.F.);
#4870=ORIENTED_EDGE('',*,*,#3501,.T.);
#4871=ORIENTED_EDGE('',*,*,#3515,.T.);
#4872=ORIENTED_EDGE('',*,*,#3512,.F.);
#4873=ORIENTED_EDGE('',*,*,#3515,.F.);
#4874=ORIENTED_EDGE('',*,*,#3500,.F.);
#4875=ORIENTED_EDGE('',*,*,#3504,.F.);
#4876=ORIENTED_EDGE('',*,*,#3507,.F.);
#4877=ORIENTED_EDGE('',*,*,#3510,.F.);
#4878=ORIENTED_EDGE('',*,*,#3513,.F.);
#4879=ORIENTED_EDGE('',*,*,#3516,.F.);
#4880=ORIENTED_EDGE('',*,*,#3517,.T.);
#4881=ORIENTED_EDGE('',*,*,#3518,.T.);
#4882=ORIENTED_EDGE('',*,*,#3519,.F.);
#4883=ORIENTED_EDGE('',*,*,#3520,.F.);
#4884=ORIENTED_EDGE('',*,*,#3521,.T.);
#4885=ORIENTED_EDGE('',*,*,#3522,.T.);
#4886=ORIENTED_EDGE('',*,*,#3517,.F.);
#4887=ORIENTED_EDGE('',*,*,#3523,.F.);
#4888=ORIENTED_EDGE('',*,*,#3524,.T.);
#4889=ORIENTED_EDGE('',*,*,#3525,.T.);
#4890=ORIENTED_EDGE('',*,*,#3521,.F.);
#4891=ORIENTED_EDGE('',*,*,#3526,.F.);
#4892=ORIENTED_EDGE('',*,*,#3527,.T.);
#4893=ORIENTED_EDGE('',*,*,#3528,.T.);
#4894=ORIENTED_EDGE('',*,*,#3524,.F.);
#4895=ORIENTED_EDGE('',*,*,#3529,.F.);
#4896=ORIENTED_EDGE('',*,*,#3530,.T.);
#4897=ORIENTED_EDGE('',*,*,#3531,.T.);
#4898=ORIENTED_EDGE('',*,*,#3527,.F.);
#4899=ORIENTED_EDGE('',*,*,#3532,.F.);
#4900=ORIENTED_EDGE('',*,*,#3533,.T.);
#4901=ORIENTED_EDGE('',*,*,#3534,.T.);
#4902=ORIENTED_EDGE('',*,*,#3530,.F.);
#4903=ORIENTED_EDGE('',*,*,#3535,.F.);
#4904=ORIENTED_EDGE('',*,*,#3536,.T.);
#4905=ORIENTED_EDGE('',*,*,#3537,.T.);
#4906=ORIENTED_EDGE('',*,*,#3533,.F.);
#4907=ORIENTED_EDGE('',*,*,#3538,.F.);
#4908=ORIENTED_EDGE('',*,*,#3539,.T.);
#4909=ORIENTED_EDGE('',*,*,#3540,.T.);
#4910=ORIENTED_EDGE('',*,*,#3536,.F.);
#4911=ORIENTED_EDGE('',*,*,#3541,.F.);
#4912=ORIENTED_EDGE('',*,*,#3542,.T.);
#4913=ORIENTED_EDGE('',*,*,#3543,.T.);
#4914=ORIENTED_EDGE('',*,*,#3539,.F.);
#4915=ORIENTED_EDGE('',*,*,#3544,.F.);
#4916=ORIENTED_EDGE('',*,*,#3519,.T.);
#4917=ORIENTED_EDGE('',*,*,#3545,.T.);
#4918=ORIENTED_EDGE('',*,*,#3542,.F.);
#4919=ORIENTED_EDGE('',*,*,#3545,.F.);
#4920=ORIENTED_EDGE('',*,*,#3518,.F.);
#4921=ORIENTED_EDGE('',*,*,#3522,.F.);
#4922=ORIENTED_EDGE('',*,*,#3525,.F.);
#4923=ORIENTED_EDGE('',*,*,#3528,.F.);
#4924=ORIENTED_EDGE('',*,*,#3531,.F.);
#4925=ORIENTED_EDGE('',*,*,#3534,.F.);
#4926=ORIENTED_EDGE('',*,*,#3537,.F.);
#4927=ORIENTED_EDGE('',*,*,#3540,.F.);
#4928=ORIENTED_EDGE('',*,*,#3543,.F.);
#4929=ORIENTED_EDGE('',*,*,#3546,.F.);
#4930=ORIENTED_EDGE('',*,*,#3547,.T.);
#4931=ORIENTED_EDGE('',*,*,#3548,.T.);
#4932=ORIENTED_EDGE('',*,*,#3549,.F.);
#4933=ORIENTED_EDGE('',*,*,#3550,.F.);
#4934=ORIENTED_EDGE('',*,*,#3551,.T.);
#4935=ORIENTED_EDGE('',*,*,#3552,.T.);
#4936=ORIENTED_EDGE('',*,*,#3547,.F.);
#4937=ORIENTED_EDGE('',*,*,#3553,.F.);
#4938=ORIENTED_EDGE('',*,*,#3554,.T.);
#4939=ORIENTED_EDGE('',*,*,#3555,.T.);
#4940=ORIENTED_EDGE('',*,*,#3551,.F.);
#4941=ORIENTED_EDGE('',*,*,#3556,.F.);
#4942=ORIENTED_EDGE('',*,*,#3557,.T.);
#4943=ORIENTED_EDGE('',*,*,#3558,.T.);
#4944=ORIENTED_EDGE('',*,*,#3554,.F.);
#4945=ORIENTED_EDGE('',*,*,#3559,.F.);
#4946=ORIENTED_EDGE('',*,*,#3560,.T.);
#4947=ORIENTED_EDGE('',*,*,#3561,.T.);
#4948=ORIENTED_EDGE('',*,*,#3557,.F.);
#4949=ORIENTED_EDGE('',*,*,#3562,.F.);
#4950=ORIENTED_EDGE('',*,*,#3563,.T.);
#4951=ORIENTED_EDGE('',*,*,#3564,.T.);
#4952=ORIENTED_EDGE('',*,*,#3560,.F.);
#4953=ORIENTED_EDGE('',*,*,#3565,.F.);
#4954=ORIENTED_EDGE('',*,*,#3566,.T.);
#4955=ORIENTED_EDGE('',*,*,#3567,.T.);
#4956=ORIENTED_EDGE('',*,*,#3563,.F.);
#4957=ORIENTED_EDGE('',*,*,#3568,.F.);
#4958=ORIENTED_EDGE('',*,*,#3569,.T.);
#4959=ORIENTED_EDGE('',*,*,#3570,.T.);
#4960=ORIENTED_EDGE('',*,*,#3566,.F.);
#4961=ORIENTED_EDGE('',*,*,#3571,.F.);
#4962=ORIENTED_EDGE('',*,*,#3572,.T.);
#4963=ORIENTED_EDGE('',*,*,#3573,.T.);
#4964=ORIENTED_EDGE('',*,*,#3569,.F.);
#4965=ORIENTED_EDGE('',*,*,#3574,.F.);
#4966=ORIENTED_EDGE('',*,*,#3575,.T.);
#4967=ORIENTED_EDGE('',*,*,#3576,.T.);
#4968=ORIENTED_EDGE('',*,*,#3572,.F.);
#4969=ORIENTED_EDGE('',*,*,#3577,.F.);
#4970=ORIENTED_EDGE('',*,*,#3578,.T.);
#4971=ORIENTED_EDGE('',*,*,#3579,.T.);
#4972=ORIENTED_EDGE('',*,*,#3575,.F.);
#4973=ORIENTED_EDGE('',*,*,#3580,.F.);
#4974=ORIENTED_EDGE('',*,*,#3581,.T.);
#4975=ORIENTED_EDGE('',*,*,#3582,.T.);
#4976=ORIENTED_EDGE('',*,*,#3578,.F.);
#4977=ORIENTED_EDGE('',*,*,#3583,.F.);
#4978=ORIENTED_EDGE('',*,*,#3584,.T.);
#4979=ORIENTED_EDGE('',*,*,#3585,.T.);
#4980=ORIENTED_EDGE('',*,*,#3581,.F.);
#4981=ORIENTED_EDGE('',*,*,#3586,.F.);
#4982=ORIENTED_EDGE('',*,*,#3587,.T.);
#4983=ORIENTED_EDGE('',*,*,#3588,.T.);
#4984=ORIENTED_EDGE('',*,*,#3584,.F.);
#4985=ORIENTED_EDGE('',*,*,#3589,.F.);
#4986=ORIENTED_EDGE('',*,*,#3590,.T.);
#4987=ORIENTED_EDGE('',*,*,#3591,.T.);
#4988=ORIENTED_EDGE('',*,*,#3587,.F.);
#4989=ORIENTED_EDGE('',*,*,#3592,.F.);
#4990=ORIENTED_EDGE('',*,*,#3593,.T.);
#4991=ORIENTED_EDGE('',*,*,#3594,.T.);
#4992=ORIENTED_EDGE('',*,*,#3590,.F.);
#4993=ORIENTED_EDGE('',*,*,#3595,.F.);
#4994=ORIENTED_EDGE('',*,*,#3596,.T.);
#4995=ORIENTED_EDGE('',*,*,#3597,.T.);
#4996=ORIENTED_EDGE('',*,*,#3593,.F.);
#4997=ORIENTED_EDGE('',*,*,#3598,.F.);
#4998=ORIENTED_EDGE('',*,*,#3599,.T.);
#4999=ORIENTED_EDGE('',*,*,#3600,.T.);
#5000=ORIENTED_EDGE('',*,*,#3596,.F.);
#5001=ORIENTED_EDGE('',*,*,#3601,.F.);
#5002=ORIENTED_EDGE('',*,*,#3602,.T.);
#5003=ORIENTED_EDGE('',*,*,#3603,.T.);
#5004=ORIENTED_EDGE('',*,*,#3599,.F.);
#5005=ORIENTED_EDGE('',*,*,#3604,.F.);
#5006=ORIENTED_EDGE('',*,*,#3605,.T.);
#5007=ORIENTED_EDGE('',*,*,#3606,.T.);
#5008=ORIENTED_EDGE('',*,*,#3602,.F.);
#5009=ORIENTED_EDGE('',*,*,#3607,.F.);
#5010=ORIENTED_EDGE('',*,*,#3608,.T.);
#5011=ORIENTED_EDGE('',*,*,#3609,.T.);
#5012=ORIENTED_EDGE('',*,*,#3605,.F.);
#5013=ORIENTED_EDGE('',*,*,#3610,.F.);
#5014=ORIENTED_EDGE('',*,*,#3549,.T.);
#5015=ORIENTED_EDGE('',*,*,#3611,.T.);
#5016=ORIENTED_EDGE('',*,*,#3608,.F.);
#5017=ORIENTED_EDGE('',*,*,#3611,.F.);
#5018=ORIENTED_EDGE('',*,*,#3548,.F.);
#5019=ORIENTED_EDGE('',*,*,#3552,.F.);
#5020=ORIENTED_EDGE('',*,*,#3555,.F.);
#5021=ORIENTED_EDGE('',*,*,#3558,.F.);
#5022=ORIENTED_EDGE('',*,*,#3561,.F.);
#5023=ORIENTED_EDGE('',*,*,#3564,.F.);
#5024=ORIENTED_EDGE('',*,*,#3567,.F.);
#5025=ORIENTED_EDGE('',*,*,#3570,.F.);
#5026=ORIENTED_EDGE('',*,*,#3573,.F.);
#5027=ORIENTED_EDGE('',*,*,#3576,.F.);
#5028=ORIENTED_EDGE('',*,*,#3579,.F.);
#5029=ORIENTED_EDGE('',*,*,#3582,.F.);
#5030=ORIENTED_EDGE('',*,*,#3585,.F.);
#5031=ORIENTED_EDGE('',*,*,#3588,.F.);
#5032=ORIENTED_EDGE('',*,*,#3591,.F.);
#5033=ORIENTED_EDGE('',*,*,#3594,.F.);
#5034=ORIENTED_EDGE('',*,*,#3597,.F.);
#5035=ORIENTED_EDGE('',*,*,#3600,.F.);
#5036=ORIENTED_EDGE('',*,*,#3603,.F.);
#5037=ORIENTED_EDGE('',*,*,#3606,.F.);
#5038=ORIENTED_EDGE('',*,*,#3609,.F.);
#5039=ORIENTED_EDGE('',*,*,#3423,.T.);
#5040=ORIENTED_EDGE('',*,*,#3436,.T.);
#5041=ORIENTED_EDGE('',*,*,#3433,.T.);
#5042=ORIENTED_EDGE('',*,*,#3430,.T.);
#5043=ORIENTED_EDGE('',*,*,#3427,.T.);
#5044=ORIENTED_EDGE('',*,*,#3612,.T.);
#5045=ORIENTED_EDGE('',*,*,#3613,.T.);
#5046=ORIENTED_EDGE('',*,*,#3614,.T.);
#5047=ORIENTED_EDGE('',*,*,#3615,.T.);
#5048=ORIENTED_EDGE('',*,*,#3616,.T.);
#5049=ORIENTED_EDGE('',*,*,#3617,.T.);
#5050=ORIENTED_EDGE('',*,*,#3616,.F.);
#5051=ORIENTED_EDGE('',*,*,#3618,.T.);
#5052=ORIENTED_EDGE('',*,*,#3619,.T.);
#5053=ORIENTED_EDGE('',*,*,#3620,.T.);
#5054=ORIENTED_EDGE('',*,*,#3621,.T.);
#5055=ORIENTED_EDGE('',*,*,#3622,.T.);
#5056=ORIENTED_EDGE('',*,*,#3623,.T.);
#5057=ORIENTED_EDGE('',*,*,#3619,.F.);
#5058=ORIENTED_EDGE('',*,*,#3612,.F.);
#5059=ORIENTED_EDGE('',*,*,#3624,.T.);
#5060=ORIENTED_EDGE('',*,*,#3625,.F.);
#5061=ORIENTED_EDGE('',*,*,#3626,.F.);
#5062=ORIENTED_EDGE('',*,*,#3627,.T.);
#5063=ORIENTED_EDGE('',*,*,#3628,.F.);
#5064=ORIENTED_EDGE('',*,*,#3617,.F.);
#5065=ORIENTED_EDGE('',*,*,#3629,.T.);
#5066=ORIENTED_EDGE('',*,*,#3630,.F.);
#5067=ORIENTED_EDGE('',*,*,#3624,.F.);
#5068=ORIENTED_EDGE('',*,*,#3623,.F.);
#5069=ORIENTED_EDGE('',*,*,#3631,.F.);
#5070=ORIENTED_EDGE('',*,*,#3632,.F.);
#5071=ORIENTED_EDGE('',*,*,#3633,.T.);
#5072=ORIENTED_EDGE('',*,*,#3634,.F.);
#5073=ORIENTED_EDGE('',*,*,#3629,.F.);
#5074=ORIENTED_EDGE('',*,*,#3622,.F.);
#5075=ORIENTED_EDGE('',*,*,#3635,.F.);
#5076=ORIENTED_EDGE('',*,*,#3636,.T.);
#5077=ORIENTED_EDGE('',*,*,#3637,.T.);
#5078=ORIENTED_EDGE('',*,*,#3631,.T.);
#5079=ORIENTED_EDGE('',*,*,#3621,.F.);
#5080=ORIENTED_EDGE('',*,*,#3638,.T.);
#5081=ORIENTED_EDGE('',*,*,#3639,.F.);
#5082=ORIENTED_EDGE('',*,*,#3640,.T.);
#5083=ORIENTED_EDGE('',*,*,#3635,.T.);
#5084=ORIENTED_EDGE('',*,*,#3641,.T.);
#5085=ORIENTED_EDGE('',*,*,#3642,.T.);
#5086=ORIENTED_EDGE('',*,*,#3643,.T.);
#5087=ORIENTED_EDGE('',*,*,#3642,.F.);
#5088=ORIENTED_EDGE('',*,*,#3644,.F.);
#5089=ORIENTED_EDGE('',*,*,#3645,.F.);
#5090=ORIENTED_EDGE('',*,*,#3646,.F.);
#5091=ORIENTED_EDGE('',*,*,#3636,.F.);
#5092=ORIENTED_EDGE('',*,*,#3640,.F.);
#5093=ORIENTED_EDGE('',*,*,#3647,.F.);
#5094=ORIENTED_EDGE('',*,*,#3648,.F.);
#5095=ORIENTED_EDGE('',*,*,#3649,.F.);
#5096=ORIENTED_EDGE('',*,*,#3650,.F.);
#5097=ORIENTED_EDGE('',*,*,#3651,.F.);
#5098=ORIENTED_EDGE('',*,*,#3652,.F.);
#5099=ORIENTED_EDGE('',*,*,#3641,.F.);
#5100=ORIENTED_EDGE('',*,*,#3643,.F.);
#5101=ORIENTED_EDGE('',*,*,#3653,.T.);
#5102=ORIENTED_EDGE('',*,*,#3654,.F.);
#5103=ORIENTED_EDGE('',*,*,#3653,.F.);
#5104=ORIENTED_EDGE('',*,*,#3650,.T.);
#5105=ORIENTED_EDGE('',*,*,#3655,.T.);
#5106=ORIENTED_EDGE('',*,*,#3656,.T.);
#5107=ORIENTED_EDGE('',*,*,#3655,.F.);
#5108=ORIENTED_EDGE('',*,*,#3656,.F.);
#5109=ORIENTED_EDGE('',*,*,#3657,.T.);
#5110=ORIENTED_EDGE('',*,*,#3658,.F.);
#5111=ORIENTED_EDGE('',*,*,#3657,.F.);
#5112=ORIENTED_EDGE('',*,*,#3652,.T.);
#5113=ORIENTED_EDGE('',*,*,#3659,.T.);
#5114=ORIENTED_EDGE('',*,*,#3660,.T.);
#5115=ORIENTED_EDGE('',*,*,#3659,.F.);
#5116=ORIENTED_EDGE('',*,*,#3660,.F.);
#5117=ORIENTED_EDGE('',*,*,#3661,.T.);
#5118=ORIENTED_EDGE('',*,*,#3662,.F.);
#5119=ORIENTED_EDGE('',*,*,#3661,.F.);
#5120=ORIENTED_EDGE('',*,*,#3651,.T.);
#5121=ORIENTED_EDGE('',*,*,#3663,.T.);
#5122=ORIENTED_EDGE('',*,*,#3664,.T.);
#5123=ORIENTED_EDGE('',*,*,#3663,.F.);
#5124=ORIENTED_EDGE('',*,*,#3664,.F.);
#5125=ORIENTED_EDGE('',*,*,#3665,.T.);
#5126=ORIENTED_EDGE('',*,*,#3666,.F.);
#5127=ORIENTED_EDGE('',*,*,#3665,.F.);
#5128=ORIENTED_EDGE('',*,*,#3614,.F.);
#5129=ORIENTED_EDGE('',*,*,#3667,.F.);
#5130=ORIENTED_EDGE('',*,*,#3644,.T.);
#5131=ORIENTED_EDGE('',*,*,#3668,.T.);
#5132=ORIENTED_EDGE('',*,*,#3669,.T.);
#5133=ORIENTED_EDGE('',*,*,#3649,.T.);
#5134=ORIENTED_EDGE('',*,*,#3670,.T.);
#5135=ORIENTED_EDGE('',*,*,#3671,.T.);
#5136=ORIENTED_EDGE('',*,*,#3668,.F.);
#5137=ORIENTED_EDGE('',*,*,#3648,.T.);
#5138=ORIENTED_EDGE('',*,*,#3672,.T.);
#5139=ORIENTED_EDGE('',*,*,#3404,.T.);
#5140=ORIENTED_EDGE('',*,*,#3670,.F.);
#5141=ORIENTED_EDGE('',*,*,#3647,.T.);
#5142=ORIENTED_EDGE('',*,*,#3639,.T.);
#5143=ORIENTED_EDGE('',*,*,#3673,.T.);
#5144=ORIENTED_EDGE('',*,*,#3672,.F.);
#5145=ORIENTED_EDGE('',*,*,#3674,.T.);
#5146=ORIENTED_EDGE('',*,*,#3637,.F.);
#5147=ORIENTED_EDGE('',*,*,#3646,.T.);
#5148=ORIENTED_EDGE('',*,*,#3675,.T.);
#5149=ORIENTED_EDGE('',*,*,#3613,.F.);
#5150=ORIENTED_EDGE('',*,*,#3628,.T.);
#5151=ORIENTED_EDGE('',*,*,#3675,.F.);
#5152=ORIENTED_EDGE('',*,*,#3645,.T.);
#5153=ORIENTED_EDGE('',*,*,#3667,.T.);
#5154=ORIENTED_EDGE('',*,*,#3674,.F.);
#5155=ORIENTED_EDGE('',*,*,#3627,.F.);
#5156=ORIENTED_EDGE('',*,*,#3676,.T.);
#5157=ORIENTED_EDGE('',*,*,#3632,.T.);
#5158=ORIENTED_EDGE('',*,*,#3625,.T.);
#5159=ORIENTED_EDGE('',*,*,#3630,.T.);
#5160=ORIENTED_EDGE('',*,*,#3634,.T.);
#5161=ORIENTED_EDGE('',*,*,#3677,.F.);
#5162=ORIENTED_EDGE('',*,*,#3678,.F.);
#5163=ORIENTED_EDGE('',*,*,#3679,.T.);
#5164=ORIENTED_EDGE('',*,*,#3680,.T.);
#5165=ORIENTED_EDGE('',*,*,#3681,.T.);
#5166=ORIENTED_EDGE('',*,*,#3682,.T.);
#5167=ORIENTED_EDGE('',*,*,#3683,.T.);
#5168=ORIENTED_EDGE('',*,*,#3684,.T.);
#5169=ORIENTED_EDGE('',*,*,#3685,.F.);
#5170=ORIENTED_EDGE('',*,*,#3685,.T.);
#5171=ORIENTED_EDGE('',*,*,#3686,.T.);
#5172=ORIENTED_EDGE('',*,*,#3687,.F.);
#5173=ORIENTED_EDGE('',*,*,#3688,.F.);
#5174=ORIENTED_EDGE('',*,*,#3689,.F.);
#5175=ORIENTED_EDGE('',*,*,#3690,.T.);
#5176=ORIENTED_EDGE('',*,*,#3691,.F.);
#5177=ORIENTED_EDGE('',*,*,#3692,.F.);
#5178=ORIENTED_EDGE('',*,*,#3693,.F.);
#5179=ORIENTED_EDGE('',*,*,#3694,.T.);
#5180=ORIENTED_EDGE('',*,*,#3695,.F.);
#5181=ORIENTED_EDGE('',*,*,#3696,.F.);
#5182=ORIENTED_EDGE('',*,*,#3697,.F.);
#5183=ORIENTED_EDGE('',*,*,#3698,.T.);
#5184=ORIENTED_EDGE('',*,*,#3699,.F.);
#5185=ORIENTED_EDGE('',*,*,#3700,.F.);
#5186=ORIENTED_EDGE('',*,*,#3701,.F.);
#5187=ORIENTED_EDGE('',*,*,#3702,.T.);
#5188=ORIENTED_EDGE('',*,*,#3677,.T.);
#5189=ORIENTED_EDGE('',*,*,#3633,.F.);
#5190=ORIENTED_EDGE('',*,*,#3676,.F.);
#5191=ORIENTED_EDGE('',*,*,#3626,.T.);
#5192=ORIENTED_EDGE('',*,*,#3703,.T.);
#5193=ORIENTED_EDGE('',*,*,#3704,.T.);
#5194=ORIENTED_EDGE('',*,*,#3705,.T.);
#5195=ORIENTED_EDGE('',*,*,#3706,.T.);
#5196=ORIENTED_EDGE('',*,*,#3707,.T.);
#5197=ORIENTED_EDGE('',*,*,#3706,.F.);
#5198=ORIENTED_EDGE('',*,*,#3708,.T.);
#5199=ORIENTED_EDGE('',*,*,#3709,.T.);
#5200=ORIENTED_EDGE('',*,*,#3710,.T.);
#5201=ORIENTED_EDGE('',*,*,#3705,.F.);
#5202=ORIENTED_EDGE('',*,*,#3711,.T.);
#5203=ORIENTED_EDGE('',*,*,#3712,.T.);
#5204=ORIENTED_EDGE('',*,*,#3708,.F.);
#5205=ORIENTED_EDGE('',*,*,#3713,.T.);
#5206=ORIENTED_EDGE('',*,*,#3714,.T.);
#5207=ORIENTED_EDGE('',*,*,#3715,.T.);
#5208=ORIENTED_EDGE('',*,*,#3716,.T.);
#5209=ORIENTED_EDGE('',*,*,#3717,.T.);
#5210=ORIENTED_EDGE('',*,*,#3713,.F.);
#5211=ORIENTED_EDGE('',*,*,#3718,.T.);
#5212=ORIENTED_EDGE('',*,*,#3719,.F.);
#5213=ORIENTED_EDGE('',*,*,#3720,.F.);
#5214=ORIENTED_EDGE('',*,*,#3721,.F.);
#5215=ORIENTED_EDGE('',*,*,#3717,.F.);
#5216=ORIENTED_EDGE('',*,*,#3722,.T.);
#5217=ORIENTED_EDGE('',*,*,#3723,.F.);
#5218=ORIENTED_EDGE('',*,*,#3718,.F.);
#5219=ORIENTED_EDGE('',*,*,#3716,.F.);
#5220=ORIENTED_EDGE('',*,*,#3724,.T.);
#5221=ORIENTED_EDGE('',*,*,#3725,.F.);
#5222=ORIENTED_EDGE('',*,*,#3722,.F.);
#5223=ORIENTED_EDGE('',*,*,#3704,.F.);
#5224=ORIENTED_EDGE('',*,*,#3726,.T.);
#5225=ORIENTED_EDGE('',*,*,#3727,.T.);
#5226=ORIENTED_EDGE('',*,*,#3711,.F.);
#5227=ORIENTED_EDGE('',*,*,#3703,.F.);
#5228=ORIENTED_EDGE('',*,*,#3728,.F.);
#5229=ORIENTED_EDGE('',*,*,#3729,.T.);
#5230=ORIENTED_EDGE('',*,*,#3730,.T.);
#5231=ORIENTED_EDGE('',*,*,#3726,.F.);
#5232=ORIENTED_EDGE('',*,*,#3731,.F.);
#5233=ORIENTED_EDGE('',*,*,#3683,.F.);
#5234=ORIENTED_EDGE('',*,*,#3732,.T.);
#5235=ORIENTED_EDGE('',*,*,#3729,.F.);
#5236=ORIENTED_EDGE('',*,*,#3709,.F.);
#5237=ORIENTED_EDGE('',*,*,#3712,.F.);
#5238=ORIENTED_EDGE('',*,*,#3727,.F.);
#5239=ORIENTED_EDGE('',*,*,#3730,.F.);
#5240=ORIENTED_EDGE('',*,*,#3732,.F.);
#5241=ORIENTED_EDGE('',*,*,#3682,.F.);
#5242=ORIENTED_EDGE('',*,*,#3731,.T.);
#5243=ORIENTED_EDGE('',*,*,#3728,.T.);
#5244=ORIENTED_EDGE('',*,*,#3733,.T.);
#5245=ORIENTED_EDGE('',*,*,#3734,.T.);
#5246=ORIENTED_EDGE('',*,*,#3686,.F.);
#5247=ORIENTED_EDGE('',*,*,#3684,.F.);
#5248=ORIENTED_EDGE('',*,*,#3735,.F.);
#5249=ORIENTED_EDGE('',*,*,#3720,.T.);
#5250=ORIENTED_EDGE('',*,*,#3736,.F.);
#5251=ORIENTED_EDGE('',*,*,#3679,.F.);
#5252=ORIENTED_EDGE('',*,*,#3715,.F.);
#5253=ORIENTED_EDGE('',*,*,#3737,.T.);
#5254=ORIENTED_EDGE('',*,*,#3738,.F.);
#5255=ORIENTED_EDGE('',*,*,#3724,.F.);
#5256=ORIENTED_EDGE('',*,*,#3738,.T.);
#5257=ORIENTED_EDGE('',*,*,#3680,.F.);
#5258=ORIENTED_EDGE('',*,*,#3736,.T.);
#5259=ORIENTED_EDGE('',*,*,#3719,.T.);
#5260=ORIENTED_EDGE('',*,*,#3723,.T.);
#5261=ORIENTED_EDGE('',*,*,#3725,.T.);
#5262=ORIENTED_EDGE('',*,*,#3739,.T.);
#5263=ORIENTED_EDGE('',*,*,#3740,.F.);
#5264=ORIENTED_EDGE('',*,*,#3741,.F.);
#5265=ORIENTED_EDGE('',*,*,#3742,.F.);
#5266=ORIENTED_EDGE('',*,*,#3743,.F.);
#5267=ORIENTED_EDGE('',*,*,#3741,.T.);
#5268=ORIENTED_EDGE('',*,*,#3744,.F.);
#5269=ORIENTED_EDGE('',*,*,#3745,.F.);
#5270=ORIENTED_EDGE('',*,*,#3746,.F.);
#5271=ORIENTED_EDGE('',*,*,#3745,.T.);
#5272=ORIENTED_EDGE('',*,*,#3747,.F.);
#5273=ORIENTED_EDGE('',*,*,#3748,.F.);
#5274=ORIENTED_EDGE('',*,*,#3749,.F.);
#5275=ORIENTED_EDGE('',*,*,#3748,.T.);
#5276=ORIENTED_EDGE('',*,*,#3750,.F.);
#5277=ORIENTED_EDGE('',*,*,#3751,.F.);
#5278=ORIENTED_EDGE('',*,*,#3752,.F.);
#5279=ORIENTED_EDGE('',*,*,#3751,.T.);
#5280=ORIENTED_EDGE('',*,*,#3753,.F.);
#5281=ORIENTED_EDGE('',*,*,#3754,.F.);
#5282=ORIENTED_EDGE('',*,*,#3753,.T.);
#5283=ORIENTED_EDGE('',*,*,#3750,.T.);
#5284=ORIENTED_EDGE('',*,*,#3747,.T.);
#5285=ORIENTED_EDGE('',*,*,#3744,.T.);
#5286=ORIENTED_EDGE('',*,*,#3740,.T.);
#5287=ORIENTED_EDGE('',*,*,#3755,.F.);
#5288=ORIENTED_EDGE('',*,*,#3752,.T.);
#5289=ORIENTED_EDGE('',*,*,#3756,.F.);
#5290=ORIENTED_EDGE('',*,*,#3742,.T.);
#5291=ORIENTED_EDGE('',*,*,#3743,.T.);
#5292=ORIENTED_EDGE('',*,*,#3746,.T.);
#5293=ORIENTED_EDGE('',*,*,#3749,.T.);
#5294=ORIENTED_EDGE('',*,*,#3757,.T.);
#5295=ORIENTED_EDGE('',*,*,#3758,.T.);
#5296=ORIENTED_EDGE('',*,*,#3759,.F.);
#5297=ORIENTED_EDGE('',*,*,#3760,.F.);
#5298=ORIENTED_EDGE('',*,*,#3761,.T.);
#5299=ORIENTED_EDGE('',*,*,#3760,.T.);
#5300=ORIENTED_EDGE('',*,*,#3762,.F.);
#5301=ORIENTED_EDGE('',*,*,#3763,.F.);
#5302=ORIENTED_EDGE('',*,*,#3764,.T.);
#5303=ORIENTED_EDGE('',*,*,#3763,.T.);
#5304=ORIENTED_EDGE('',*,*,#3765,.F.);
#5305=ORIENTED_EDGE('',*,*,#3766,.F.);
#5306=ORIENTED_EDGE('',*,*,#3767,.T.);
#5307=ORIENTED_EDGE('',*,*,#3768,.T.);
#5308=ORIENTED_EDGE('',*,*,#3766,.T.);
#5309=ORIENTED_EDGE('',*,*,#3769,.F.);
#5310=ORIENTED_EDGE('',*,*,#3770,.T.);
#5311=ORIENTED_EDGE('',*,*,#3771,.F.);
#5312=ORIENTED_EDGE('',*,*,#3772,.F.);
#5313=ORIENTED_EDGE('',*,*,#3758,.F.);
#5314=ORIENTED_EDGE('',*,*,#3772,.T.);
#5315=ORIENTED_EDGE('',*,*,#3773,.F.);
#5316=ORIENTED_EDGE('',*,*,#3769,.T.);
#5317=ORIENTED_EDGE('',*,*,#3765,.T.);
#5318=ORIENTED_EDGE('',*,*,#3762,.T.);
#5319=ORIENTED_EDGE('',*,*,#3759,.T.);
#5320=ORIENTED_EDGE('',*,*,#3770,.F.);
#5321=ORIENTED_EDGE('',*,*,#3757,.F.);
#5322=ORIENTED_EDGE('',*,*,#3761,.F.);
#5323=ORIENTED_EDGE('',*,*,#3764,.F.);
#5324=ORIENTED_EDGE('',*,*,#3768,.F.);
#5325=ORIENTED_EDGE('',*,*,#3774,.F.);
#5326=ORIENTED_EDGE('',*,*,#3775,.T.);
#5327=ORIENTED_EDGE('',*,*,#3776,.T.);
#5328=ORIENTED_EDGE('',*,*,#3777,.T.);
#5329=ORIENTED_EDGE('',*,*,#3778,.T.);
#5330=ORIENTED_EDGE('',*,*,#3779,.T.);
#5331=ORIENTED_EDGE('',*,*,#3780,.T.);
#5332=ORIENTED_EDGE('',*,*,#3781,.T.);
#5333=ORIENTED_EDGE('',*,*,#3777,.F.);
#5334=ORIENTED_EDGE('',*,*,#3782,.T.);
#5335=ORIENTED_EDGE('',*,*,#3783,.T.);
#5336=ORIENTED_EDGE('',*,*,#3784,.T.);
#5337=ORIENTED_EDGE('',*,*,#3780,.F.);
#5338=ORIENTED_EDGE('',*,*,#3785,.T.);
#5339=ORIENTED_EDGE('',*,*,#3786,.T.);
#5340=ORIENTED_EDGE('',*,*,#3786,.F.);
#5341=ORIENTED_EDGE('',*,*,#3787,.T.);
#5342=ORIENTED_EDGE('',*,*,#3788,.T.);
#5343=ORIENTED_EDGE('',*,*,#3789,.T.);
#5344=ORIENTED_EDGE('',*,*,#3785,.F.);
#5345=ORIENTED_EDGE('',*,*,#3782,.F.);
#5346=ORIENTED_EDGE('',*,*,#3776,.F.);
#5347=ORIENTED_EDGE('',*,*,#3790,.F.);
#5348=ORIENTED_EDGE('',*,*,#3787,.F.);
#5349=ORIENTED_EDGE('',*,*,#3791,.T.);
#5350=ORIENTED_EDGE('',*,*,#3775,.F.);
#5351=ORIENTED_EDGE('',*,*,#3792,.T.);
#5352=ORIENTED_EDGE('',*,*,#3788,.F.);
#5353=ORIENTED_EDGE('',*,*,#3790,.T.);
#5354=ORIENTED_EDGE('',*,*,#3778,.F.);
#5355=ORIENTED_EDGE('',*,*,#3793,.T.);
#5356=ORIENTED_EDGE('',*,*,#3794,.T.);
#5357=ORIENTED_EDGE('',*,*,#3795,.T.);
#5358=ORIENTED_EDGE('',*,*,#3781,.F.);
#5359=ORIENTED_EDGE('',*,*,#3796,.T.);
#5360=ORIENTED_EDGE('',*,*,#3797,.T.);
#5361=ORIENTED_EDGE('',*,*,#3793,.F.);
#5362=ORIENTED_EDGE('',*,*,#3784,.F.);
#5363=ORIENTED_EDGE('',*,*,#3798,.T.);
#5364=ORIENTED_EDGE('',*,*,#3799,.T.);
#5365=ORIENTED_EDGE('',*,*,#3796,.F.);
#5366=ORIENTED_EDGE('',*,*,#3794,.F.);
#5367=ORIENTED_EDGE('',*,*,#3800,.T.);
#5368=ORIENTED_EDGE('',*,*,#3695,.T.);
#5369=ORIENTED_EDGE('',*,*,#3801,.F.);
#5370=ORIENTED_EDGE('',*,*,#3797,.F.);
#5371=ORIENTED_EDGE('',*,*,#3802,.T.);
#5372=ORIENTED_EDGE('',*,*,#3696,.T.);
#5373=ORIENTED_EDGE('',*,*,#3800,.F.);
#5374=ORIENTED_EDGE('',*,*,#3799,.F.);
#5375=ORIENTED_EDGE('',*,*,#3803,.F.);
#5376=ORIENTED_EDGE('',*,*,#3697,.T.);
#5377=ORIENTED_EDGE('',*,*,#3802,.F.);
#5378=ORIENTED_EDGE('',*,*,#3783,.F.);
#5379=ORIENTED_EDGE('',*,*,#3789,.F.);
#5380=ORIENTED_EDGE('',*,*,#3804,.T.);
#5381=ORIENTED_EDGE('',*,*,#3805,.T.);
#5382=ORIENTED_EDGE('',*,*,#3798,.F.);
#5383=ORIENTED_EDGE('',*,*,#3806,.T.);
#5384=ORIENTED_EDGE('',*,*,#3807,.T.);
#5385=ORIENTED_EDGE('',*,*,#3808,.T.);
#5386=ORIENTED_EDGE('',*,*,#3809,.T.);
#5387=ORIENTED_EDGE('',*,*,#3810,.T.);
#5388=ORIENTED_EDGE('',*,*,#3811,.T.);
#5389=ORIENTED_EDGE('',*,*,#3812,.T.);
#5390=ORIENTED_EDGE('',*,*,#3808,.F.);
#5391=ORIENTED_EDGE('',*,*,#3813,.T.);
#5392=ORIENTED_EDGE('',*,*,#3814,.T.);
#5393=ORIENTED_EDGE('',*,*,#3815,.T.);
#5394=ORIENTED_EDGE('',*,*,#3811,.F.);
#5395=ORIENTED_EDGE('',*,*,#3816,.T.);
#5396=ORIENTED_EDGE('',*,*,#3817,.T.);
#5397=ORIENTED_EDGE('',*,*,#3810,.F.);
#5398=ORIENTED_EDGE('',*,*,#3818,.T.);
#5399=ORIENTED_EDGE('',*,*,#3819,.T.);
#5400=ORIENTED_EDGE('',*,*,#3820,.T.);
#5401=ORIENTED_EDGE('',*,*,#3809,.F.);
#5402=ORIENTED_EDGE('',*,*,#3812,.F.);
#5403=ORIENTED_EDGE('',*,*,#3815,.F.);
#5404=ORIENTED_EDGE('',*,*,#3821,.F.);
#5405=ORIENTED_EDGE('',*,*,#3818,.F.);
#5406=ORIENTED_EDGE('',*,*,#3822,.T.);
#5407=ORIENTED_EDGE('',*,*,#3814,.F.);
#5408=ORIENTED_EDGE('',*,*,#3823,.T.);
#5409=ORIENTED_EDGE('',*,*,#3819,.F.);
#5410=ORIENTED_EDGE('',*,*,#3821,.T.);
#5411=ORIENTED_EDGE('',*,*,#3824,.T.);
#5412=ORIENTED_EDGE('',*,*,#3825,.T.);
#5413=ORIENTED_EDGE('',*,*,#3826,.T.);
#5414=ORIENTED_EDGE('',*,*,#3827,.T.);
#5415=ORIENTED_EDGE('',*,*,#3827,.F.);
#5416=ORIENTED_EDGE('',*,*,#3828,.F.);
#5417=ORIENTED_EDGE('',*,*,#3829,.T.);
#5418=ORIENTED_EDGE('',*,*,#3830,.F.);
#5419=ORIENTED_EDGE('',*,*,#3826,.F.);
#5420=ORIENTED_EDGE('',*,*,#3831,.F.);
#5421=ORIENTED_EDGE('',*,*,#3832,.T.);
#5422=ORIENTED_EDGE('',*,*,#3687,.T.);
#5423=ORIENTED_EDGE('',*,*,#3734,.F.);
#5424=ORIENTED_EDGE('',*,*,#3828,.T.);
#5425=ORIENTED_EDGE('',*,*,#3806,.F.);
#5426=ORIENTED_EDGE('',*,*,#3820,.F.);
#5427=ORIENTED_EDGE('',*,*,#3833,.T.);
#5428=ORIENTED_EDGE('',*,*,#3834,.T.);
#5429=ORIENTED_EDGE('',*,*,#3817,.F.);
#5430=ORIENTED_EDGE('',*,*,#3835,.T.);
#5431=ORIENTED_EDGE('',*,*,#3833,.F.);
#5432=ORIENTED_EDGE('',*,*,#3823,.F.);
#5433=ORIENTED_EDGE('',*,*,#3816,.F.);
#5434=ORIENTED_EDGE('',*,*,#3836,.F.);
#5435=ORIENTED_EDGE('',*,*,#3691,.T.);
#5436=ORIENTED_EDGE('',*,*,#3837,.F.);
#5437=ORIENTED_EDGE('',*,*,#3838,.T.);
#5438=ORIENTED_EDGE('',*,*,#3839,.T.);
#5439=ORIENTED_EDGE('',*,*,#3840,.T.);
#5440=ORIENTED_EDGE('',*,*,#3841,.T.);
#5441=ORIENTED_EDGE('',*,*,#3839,.F.);
#5442=ORIENTED_EDGE('',*,*,#3842,.T.);
#5443=ORIENTED_EDGE('',*,*,#3843,.T.);
#5444=ORIENTED_EDGE('',*,*,#3844,.T.);
#5445=ORIENTED_EDGE('',*,*,#3845,.T.);
#5446=ORIENTED_EDGE('',*,*,#3838,.F.);
#5447=ORIENTED_EDGE('',*,*,#3846,.T.);
#5448=ORIENTED_EDGE('',*,*,#3847,.F.);
#5449=ORIENTED_EDGE('',*,*,#3701,.T.);
#5450=ORIENTED_EDGE('',*,*,#3848,.F.);
#5451=ORIENTED_EDGE('',*,*,#3842,.F.);
#5452=ORIENTED_EDGE('',*,*,#3813,.F.);
#5453=ORIENTED_EDGE('',*,*,#3849,.T.);
#5454=ORIENTED_EDGE('',*,*,#3692,.T.);
#5455=ORIENTED_EDGE('',*,*,#3836,.T.);
#5456=ORIENTED_EDGE('',*,*,#3755,.T.);
#5457=ORIENTED_EDGE('',*,*,#3850,.T.);
#5458=ORIENTED_EDGE('',*,*,#3837,.T.);
#5459=ORIENTED_EDGE('',*,*,#3690,.F.);
#5460=ORIENTED_EDGE('',*,*,#3851,.T.);
#5461=ORIENTED_EDGE('',*,*,#3852,.T.);
#5462=ORIENTED_EDGE('',*,*,#3756,.T.);
#5463=ORIENTED_EDGE('',*,*,#3754,.T.);
#5464=ORIENTED_EDGE('',*,*,#3774,.T.);
#5465=ORIENTED_EDGE('',*,*,#3853,.T.);
#5466=ORIENTED_EDGE('',*,*,#3854,.T.);
#5467=ORIENTED_EDGE('',*,*,#3698,.F.);
#5468=ORIENTED_EDGE('',*,*,#3803,.T.);
#5469=ORIENTED_EDGE('',*,*,#3855,.T.);
#5470=ORIENTED_EDGE('',*,*,#3773,.T.);
#5471=ORIENTED_EDGE('',*,*,#3771,.T.);
#5472=ORIENTED_EDGE('',*,*,#3735,.T.);
#5473=ORIENTED_EDGE('',*,*,#3678,.T.);
#5474=ORIENTED_EDGE('',*,*,#3702,.F.);
#5475=ORIENTED_EDGE('',*,*,#3847,.T.);
#5476=ORIENTED_EDGE('',*,*,#3856,.T.);
#5477=ORIENTED_EDGE('',*,*,#3721,.T.);
#5478=ORIENTED_EDGE('',*,*,#3857,.T.);
#5479=ORIENTED_EDGE('',*,*,#3843,.F.);
#5480=ORIENTED_EDGE('',*,*,#3848,.T.);
#5481=ORIENTED_EDGE('',*,*,#3700,.T.);
#5482=ORIENTED_EDGE('',*,*,#3779,.F.);
#5483=ORIENTED_EDGE('',*,*,#3795,.F.);
#5484=ORIENTED_EDGE('',*,*,#3858,.T.);
#5485=ORIENTED_EDGE('',*,*,#3804,.F.);
#5486=ORIENTED_EDGE('',*,*,#3792,.F.);
#5487=ORIENTED_EDGE('',*,*,#3859,.F.);
#5488=ORIENTED_EDGE('',*,*,#3860,.T.);
#5489=ORIENTED_EDGE('',*,*,#3791,.F.);
#5490=ORIENTED_EDGE('',*,*,#3860,.F.);
#5491=ORIENTED_EDGE('',*,*,#3658,.T.);
#5492=ORIENTED_EDGE('',*,*,#3859,.T.);
#5493=ORIENTED_EDGE('',*,*,#3861,.T.);
#5494=ORIENTED_EDGE('',*,*,#3862,.T.);
#5495=ORIENTED_EDGE('',*,*,#3801,.T.);
#5496=ORIENTED_EDGE('',*,*,#3694,.F.);
#5497=ORIENTED_EDGE('',*,*,#3416,.T.);
#5498=ORIENTED_EDGE('',*,*,#3419,.T.);
#5499=ORIENTED_EDGE('',*,*,#3421,.T.);
#5500=ORIENTED_EDGE('',*,*,#3422,.T.);
#5501=ORIENTED_EDGE('',*,*,#3863,.F.);
#5502=ORIENTED_EDGE('',*,*,#3864,.T.);
#5503=ORIENTED_EDGE('',*,*,#3845,.F.);
#5504=ORIENTED_EDGE('',*,*,#3864,.F.);
#5505=ORIENTED_EDGE('',*,*,#3840,.F.);
#5506=ORIENTED_EDGE('',*,*,#3844,.F.);
#5507=ORIENTED_EDGE('',*,*,#3857,.F.);
#5508=ORIENTED_EDGE('',*,*,#3699,.T.);
#5509=ORIENTED_EDGE('',*,*,#3854,.F.);
#5510=ORIENTED_EDGE('',*,*,#3865,.F.);
#5511=ORIENTED_EDGE('',*,*,#3841,.F.);
#5512=ORIENTED_EDGE('',*,*,#3865,.T.);
#5513=ORIENTED_EDGE('',*,*,#3866,.T.);
#5514=ORIENTED_EDGE('',*,*,#3846,.F.);
#5515=ORIENTED_EDGE('',*,*,#3666,.T.);
#5516=ORIENTED_EDGE('',*,*,#3863,.T.);
#5517=ORIENTED_EDGE('',*,*,#3867,.F.);
#5518=ORIENTED_EDGE('',*,*,#3868,.T.);
#5519=ORIENTED_EDGE('',*,*,#3822,.F.);
#5520=ORIENTED_EDGE('',*,*,#3868,.F.);
#5521=ORIENTED_EDGE('',*,*,#3807,.F.);
#5522=ORIENTED_EDGE('',*,*,#3861,.F.);
#5523=ORIENTED_EDGE('',*,*,#3693,.T.);
#5524=ORIENTED_EDGE('',*,*,#3849,.F.);
#5525=ORIENTED_EDGE('',*,*,#3654,.T.);
#5526=ORIENTED_EDGE('',*,*,#3867,.T.);
#5527=ORIENTED_EDGE('',*,*,#3825,.F.);
#5528=ORIENTED_EDGE('',*,*,#3869,.T.);
#5529=ORIENTED_EDGE('',*,*,#3870,.T.);
#5530=ORIENTED_EDGE('',*,*,#3831,.T.);
#5531=ORIENTED_EDGE('',*,*,#3871,.T.);
#5532=ORIENTED_EDGE('',*,*,#3872,.F.);
#5533=ORIENTED_EDGE('',*,*,#3873,.T.);
#5534=ORIENTED_EDGE('',*,*,#3871,.F.);
#5535=ORIENTED_EDGE('',*,*,#3873,.F.);
#5536=ORIENTED_EDGE('',*,*,#3824,.F.);
#5537=ORIENTED_EDGE('',*,*,#3830,.T.);
#5538=ORIENTED_EDGE('',*,*,#3851,.F.);
#5539=ORIENTED_EDGE('',*,*,#3689,.T.);
#5540=ORIENTED_EDGE('',*,*,#3874,.F.);
#5541=ORIENTED_EDGE('',*,*,#3869,.F.);
#5542=ORIENTED_EDGE('',*,*,#3832,.F.);
#5543=ORIENTED_EDGE('',*,*,#3870,.F.);
#5544=ORIENTED_EDGE('',*,*,#3874,.T.);
#5545=ORIENTED_EDGE('',*,*,#3688,.T.);
#5546=ORIENTED_EDGE('',*,*,#3662,.T.);
#5547=ORIENTED_EDGE('',*,*,#3872,.T.);
#5548=ORIENTED_EDGE('',*,*,#3671,.F.);
#5549=ORIENTED_EDGE('',*,*,#3407,.F.);
#5550=ORIENTED_EDGE('',*,*,#3875,.T.);
#5551=ORIENTED_EDGE('',*,*,#3876,.T.);
#5552=ORIENTED_EDGE('',*,*,#3673,.F.);
#5553=ORIENTED_EDGE('',*,*,#3877,.F.);
#5554=ORIENTED_EDGE('',*,*,#3878,.T.);
#5555=ORIENTED_EDGE('',*,*,#3405,.T.);
#5556=ORIENTED_EDGE('',*,*,#3615,.F.);
#5557=ORIENTED_EDGE('',*,*,#3669,.F.);
#5558=ORIENTED_EDGE('',*,*,#3876,.F.);
#5559=ORIENTED_EDGE('',*,*,#3879,.T.);
#5560=ORIENTED_EDGE('',*,*,#3877,.T.);
#5561=ORIENTED_EDGE('',*,*,#3638,.F.);
#5562=ORIENTED_EDGE('',*,*,#3620,.F.);
#5563=ORIENTED_EDGE('',*,*,#3618,.F.);
#5564=ORIENTED_EDGE('',*,*,#3546,.T.);
#5565=ORIENTED_EDGE('',*,*,#3610,.T.);
#5566=ORIENTED_EDGE('',*,*,#3607,.T.);
#5567=ORIENTED_EDGE('',*,*,#3604,.T.);
#5568=ORIENTED_EDGE('',*,*,#3601,.T.);
#5569=ORIENTED_EDGE('',*,*,#3598,.T.);
#5570=ORIENTED_EDGE('',*,*,#3595,.T.);
#5571=ORIENTED_EDGE('',*,*,#3592,.T.);
#5572=ORIENTED_EDGE('',*,*,#3589,.T.);
#5573=ORIENTED_EDGE('',*,*,#3586,.T.);
#5574=ORIENTED_EDGE('',*,*,#3583,.T.);
#5575=ORIENTED_EDGE('',*,*,#3580,.T.);
#5576=ORIENTED_EDGE('',*,*,#3577,.T.);
#5577=ORIENTED_EDGE('',*,*,#3574,.T.);
#5578=ORIENTED_EDGE('',*,*,#3571,.T.);
#5579=ORIENTED_EDGE('',*,*,#3568,.T.);
#5580=ORIENTED_EDGE('',*,*,#3565,.T.);
#5581=ORIENTED_EDGE('',*,*,#3562,.T.);
#5582=ORIENTED_EDGE('',*,*,#3559,.T.);
#5583=ORIENTED_EDGE('',*,*,#3556,.T.);
#5584=ORIENTED_EDGE('',*,*,#3553,.T.);
#5585=ORIENTED_EDGE('',*,*,#3550,.T.);
#5586=ORIENTED_EDGE('',*,*,#3516,.T.);
#5587=ORIENTED_EDGE('',*,*,#3544,.T.);
#5588=ORIENTED_EDGE('',*,*,#3541,.T.);
#5589=ORIENTED_EDGE('',*,*,#3538,.T.);
#5590=ORIENTED_EDGE('',*,*,#3535,.T.);
#5591=ORIENTED_EDGE('',*,*,#3532,.T.);
#5592=ORIENTED_EDGE('',*,*,#3529,.T.);
#5593=ORIENTED_EDGE('',*,*,#3526,.T.);
#5594=ORIENTED_EDGE('',*,*,#3523,.T.);
#5595=ORIENTED_EDGE('',*,*,#3520,.T.);
#5596=ORIENTED_EDGE('',*,*,#3498,.T.);
#5597=ORIENTED_EDGE('',*,*,#3514,.T.);
#5598=ORIENTED_EDGE('',*,*,#3511,.T.);
#5599=ORIENTED_EDGE('',*,*,#3508,.T.);
#5600=ORIENTED_EDGE('',*,*,#3505,.T.);
#5601=ORIENTED_EDGE('',*,*,#3502,.T.);
#5602=ORIENTED_EDGE('',*,*,#3462,.T.);
#5603=ORIENTED_EDGE('',*,*,#3496,.T.);
#5604=ORIENTED_EDGE('',*,*,#3493,.T.);
#5605=ORIENTED_EDGE('',*,*,#3490,.T.);
#5606=ORIENTED_EDGE('',*,*,#3487,.T.);
#5607=ORIENTED_EDGE('',*,*,#3484,.T.);
#5608=ORIENTED_EDGE('',*,*,#3481,.T.);
#5609=ORIENTED_EDGE('',*,*,#3478,.T.);
#5610=ORIENTED_EDGE('',*,*,#3475,.T.);
#5611=ORIENTED_EDGE('',*,*,#3472,.T.);
#5612=ORIENTED_EDGE('',*,*,#3469,.T.);
#5613=ORIENTED_EDGE('',*,*,#3466,.T.);
#5614=ORIENTED_EDGE('',*,*,#3438,.T.);
#5615=ORIENTED_EDGE('',*,*,#3460,.T.);
#5616=ORIENTED_EDGE('',*,*,#3457,.T.);
#5617=ORIENTED_EDGE('',*,*,#3454,.T.);
#5618=ORIENTED_EDGE('',*,*,#3451,.T.);
#5619=ORIENTED_EDGE('',*,*,#3448,.T.);
#5620=ORIENTED_EDGE('',*,*,#3445,.T.);
#5621=ORIENTED_EDGE('',*,*,#3442,.T.);
#5622=ORIENTED_EDGE('',*,*,#3879,.F.);
#5623=ORIENTED_EDGE('',*,*,#3875,.F.);
#5624=ORIENTED_EDGE('',*,*,#3406,.F.);
#5625=ORIENTED_EDGE('',*,*,#3878,.F.);
#5626=ORIENTED_EDGE('',*,*,#3805,.F.);
#5627=ORIENTED_EDGE('',*,*,#3858,.F.);
#5628=ORIENTED_EDGE('',*,*,#3862,.F.);
#5629=ORIENTED_EDGE('',*,*,#3834,.F.);
#5630=ORIENTED_EDGE('',*,*,#3835,.F.);
#5631=ORIENTED_EDGE('',*,*,#3850,.F.);
#5632=ORIENTED_EDGE('',*,*,#3739,.F.);
#5633=ORIENTED_EDGE('',*,*,#3852,.F.);
#5634=ORIENTED_EDGE('',*,*,#3829,.F.);
#5635=ORIENTED_EDGE('',*,*,#3733,.F.);
#5636=ORIENTED_EDGE('',*,*,#3707,.F.);
#5637=ORIENTED_EDGE('',*,*,#3710,.F.);
#5638=ORIENTED_EDGE('',*,*,#3681,.F.);
#5639=ORIENTED_EDGE('',*,*,#3737,.F.);
#5640=ORIENTED_EDGE('',*,*,#3714,.F.);
#5641=ORIENTED_EDGE('',*,*,#3856,.F.);
#5642=ORIENTED_EDGE('',*,*,#3866,.F.);
#5643=ORIENTED_EDGE('',*,*,#3853,.F.);
#5644=ORIENTED_EDGE('',*,*,#3767,.F.);
#5645=ORIENTED_EDGE('',*,*,#3855,.F.);
#5646=B_SPLINE_SURFACE_WITH_KNOTS('',2,1,((#7476,#7477),(#7478,#7479),(#7480,
#7481)),.UNSPECIFIED.,.F.,.F.,.F.,(3,3),(2,2),(0.,1.),(0.,0.05),
 .UNSPECIFIED.);
#5647=B_SPLINE_SURFACE_WITH_KNOTS('',2,1,((#7494,#7495),(#7496,#7497),(#7498,
#7499)),.UNSPECIFIED.,.F.,.F.,.F.,(3,3),(2,2),(0.,1.),(0.,0.05),
 .UNSPECIFIED.);
#5648=B_SPLINE_SURFACE_WITH_KNOTS('',2,1,((#7509,#7510),(#7511,#7512),(#7513,
#7514)),.UNSPECIFIED.,.F.,.F.,.F.,(3,3),(2,2),(0.,1.),(0.,0.05),
 .UNSPECIFIED.);
#5649=B_SPLINE_SURFACE_WITH_KNOTS('',2,1,((#7524,#7525),(#7526,#7527),(#7528,
#7529)),.UNSPECIFIED.,.F.,.F.,.F.,(3,3),(2,2),(0.,1.),(0.,0.05),
 .UNSPECIFIED.);
#5650=B_SPLINE_SURFACE_WITH_KNOTS('',2,1,((#7539,#7540),(#7541,#7542),(#7543,
#7544)),.UNSPECIFIED.,.F.,.F.,.F.,(3,3),(2,2),(0.,1.),(0.,0.05),
 .UNSPECIFIED.);
#5651=B_SPLINE_SURFACE_WITH_KNOTS('',2,1,((#7554,#7555),(#7556,#7557),(#7558,
#7559)),.UNSPECIFIED.,.F.,.F.,.F.,(3,3),(2,2),(0.,1.),(0.,0.05),
 .UNSPECIFIED.);
#5652=B_SPLINE_SURFACE_WITH_KNOTS('',2,1,((#7569,#7570),(#7571,#7572),(#7573,
#7574)),.UNSPECIFIED.,.F.,.F.,.F.,(3,3),(2,2),(0.,1.),(0.,0.05),
 .UNSPECIFIED.);
#5653=B_SPLINE_SURFACE_WITH_KNOTS('',2,1,((#7584,#7585),(#7586,#7587),(#7588,
#7589)),.UNSPECIFIED.,.F.,.F.,.F.,(3,3),(2,2),(0.,1.),(0.,0.05),
 .UNSPECIFIED.);
#5654=B_SPLINE_SURFACE_WITH_KNOTS('',2,1,((#7599,#7600),(#7601,#7602),(#7603,
#7604)),.UNSPECIFIED.,.F.,.F.,.F.,(3,3),(2,2),(0.,1.),(0.,0.05),
 .UNSPECIFIED.);
#5655=B_SPLINE_SURFACE_WITH_KNOTS('',2,1,((#7614,#7615),(#7616,#7617),(#7618,
#7619)),.UNSPECIFIED.,.F.,.F.,.F.,(3,3),(2,2),(0.,1.),(0.,0.05),
 .UNSPECIFIED.);
#5656=B_SPLINE_SURFACE_WITH_KNOTS('',2,1,((#7629,#7630),(#7631,#7632),(#7633,
#7634)),.UNSPECIFIED.,.F.,.F.,.F.,(3,3),(2,2),(0.,1.),(0.,0.05),
 .UNSPECIFIED.);
#5657=B_SPLINE_SURFACE_WITH_KNOTS('',2,1,((#7644,#7645),(#7646,#7647),(#7648,
#7649)),.UNSPECIFIED.,.F.,.F.,.F.,(3,3),(2,2),(0.,1.),(0.,0.05),
 .UNSPECIFIED.);
#5658=B_SPLINE_SURFACE_WITH_KNOTS('',2,1,((#7659,#7660),(#7661,#7662),(#7663,
#7664)),.UNSPECIFIED.,.F.,.F.,.F.,(3,3),(2,2),(0.,1.),(0.,0.05),
 .UNSPECIFIED.);
#5659=B_SPLINE_SURFACE_WITH_KNOTS('',2,1,((#7674,#7675),(#7676,#7677),(#7678,
#7679)),.UNSPECIFIED.,.F.,.F.,.F.,(3,3),(2,2),(0.,1.),(0.,0.05),
 .UNSPECIFIED.);
#5660=B_SPLINE_SURFACE_WITH_KNOTS('',2,1,((#7695,#7696),(#7697,#7698),(#7699,
#7700)),.UNSPECIFIED.,.F.,.F.,.F.,(3,3),(2,2),(0.,1.),(0.,0.05),
 .UNSPECIFIED.);
#5661=B_SPLINE_SURFACE_WITH_KNOTS('',2,1,((#7710,#7711),(#7712,#7713),(#7714,
#7715)),.UNSPECIFIED.,.F.,.F.,.F.,(3,3),(2,2),(0.,1.),(0.,0.05),
 .UNSPECIFIED.);
#5662=B_SPLINE_SURFACE_WITH_KNOTS('',2,1,((#7725,#7726),(#7727,#7728),(#7729,
#7730)),.UNSPECIFIED.,.F.,.F.,.F.,(3,3),(2,2),(0.,1.),(0.,0.05),
 .UNSPECIFIED.);
#5663=B_SPLINE_SURFACE_WITH_KNOTS('',2,1,((#7740,#7741),(#7742,#7743),(#7744,
#7745)),.UNSPECIFIED.,.F.,.F.,.F.,(3,3),(2,2),(0.,1.),(0.,0.05),
 .UNSPECIFIED.);
#5664=B_SPLINE_SURFACE_WITH_KNOTS('',2,1,((#7755,#7756),(#7757,#7758),(#7759,
#7760)),.UNSPECIFIED.,.F.,.F.,.F.,(3,3),(2,2),(0.,1.),(0.,0.05),
 .UNSPECIFIED.);
#5665=B_SPLINE_SURFACE_WITH_KNOTS('',2,1,((#7770,#7771),(#7772,#7773),(#7774,
#7775)),.UNSPECIFIED.,.F.,.F.,.F.,(3,3),(2,2),(0.,1.),(0.,0.05),
 .UNSPECIFIED.);
#5666=B_SPLINE_SURFACE_WITH_KNOTS('',2,1,((#7785,#7786),(#7787,#7788),(#7789,
#7790)),.UNSPECIFIED.,.F.,.F.,.F.,(3,3),(2,2),(0.,1.),(0.,0.05),
 .UNSPECIFIED.);
#5667=B_SPLINE_SURFACE_WITH_KNOTS('',2,1,((#7800,#7801),(#7802,#7803),(#7804,
#7805)),.UNSPECIFIED.,.F.,.F.,.F.,(3,3),(2,2),(0.,1.),(0.,0.05),
 .UNSPECIFIED.);
#5668=B_SPLINE_SURFACE_WITH_KNOTS('',2,1,((#7815,#7816),(#7817,#7818),(#7819,
#7820)),.UNSPECIFIED.,.F.,.F.,.F.,(3,3),(2,2),(0.,1.),(0.,0.05),
 .UNSPECIFIED.);
#5669=B_SPLINE_SURFACE_WITH_KNOTS('',2,1,((#7830,#7831),(#7832,#7833),(#7834,
#7835)),.UNSPECIFIED.,.F.,.F.,.F.,(3,3),(2,2),(0.,1.),(0.,0.05),
 .UNSPECIFIED.);
#5670=B_SPLINE_SURFACE_WITH_KNOTS('',2,1,((#7845,#7846),(#7847,#7848),(#7849,
#7850)),.UNSPECIFIED.,.F.,.F.,.F.,(3,3),(2,2),(0.,1.),(0.,0.05),
 .UNSPECIFIED.);
#5671=B_SPLINE_SURFACE_WITH_KNOTS('',2,1,((#7860,#7861),(#7862,#7863),(#7864,
#7865)),.UNSPECIFIED.,.F.,.F.,.F.,(3,3),(2,2),(0.,1.),(0.,0.05),
 .UNSPECIFIED.);
#5672=B_SPLINE_SURFACE_WITH_KNOTS('',2,1,((#7875,#7876),(#7877,#7878),(#7879,
#7880)),.UNSPECIFIED.,.F.,.F.,.F.,(3,3),(2,2),(0.,1.),(0.,0.05),
 .UNSPECIFIED.);
#5673=B_SPLINE_SURFACE_WITH_KNOTS('',2,1,((#7890,#7891),(#7892,#7893),(#7894,
#7895)),.UNSPECIFIED.,.F.,.F.,.F.,(3,3),(2,2),(0.,1.),(0.,0.05),
 .UNSPECIFIED.);
#5674=B_SPLINE_SURFACE_WITH_KNOTS('',2,1,((#7905,#7906),(#7907,#7908),(#7909,
#7910)),.UNSPECIFIED.,.F.,.F.,.F.,(3,3),(2,2),(0.,1.),(0.,0.05),
 .UNSPECIFIED.);
#5675=B_SPLINE_SURFACE_WITH_KNOTS('',2,1,((#7920,#7921),(#7922,#7923),(#7924,
#7925)),.UNSPECIFIED.,.F.,.F.,.F.,(3,3),(2,2),(0.,1.),(0.,0.05),
 .UNSPECIFIED.);
#5676=B_SPLINE_SURFACE_WITH_KNOTS('',2,1,((#7935,#7936),(#7937,#7938),(#7939,
#7940)),.UNSPECIFIED.,.F.,.F.,.F.,(3,3),(2,2),(0.,1.),(0.,0.05),
 .UNSPECIFIED.);
#5677=B_SPLINE_SURFACE_WITH_KNOTS('',2,1,((#7950,#7951),(#7952,#7953),(#7954,
#7955)),.UNSPECIFIED.,.F.,.F.,.F.,(3,3),(2,2),(0.,1.),(0.,0.05),
 .UNSPECIFIED.);
#5678=B_SPLINE_SURFACE_WITH_KNOTS('',2,1,((#7971,#7972),(#7973,#7974),(#7975,
#7976)),.UNSPECIFIED.,.F.,.F.,.F.,(3,3),(2,2),(0.,1.),(0.,0.05),
 .UNSPECIFIED.);
#5679=B_SPLINE_SURFACE_WITH_KNOTS('',2,1,((#8033,#8034),(#8035,#8036),(#8037,
#8038)),.UNSPECIFIED.,.F.,.F.,.F.,(3,3),(2,2),(0.,1.),(0.,0.05),
 .UNSPECIFIED.);
#5680=B_SPLINE_SURFACE_WITH_KNOTS('',2,1,((#8051,#8052),(#8053,#8054),(#8055,
#8056)),.UNSPECIFIED.,.F.,.F.,.F.,(3,3),(2,2),(0.,1.),(0.,0.05),
 .UNSPECIFIED.);
#5681=B_SPLINE_SURFACE_WITH_KNOTS('',2,1,((#8066,#8067),(#8068,#8069),(#8070,
#8071)),.UNSPECIFIED.,.F.,.F.,.F.,(3,3),(2,2),(0.,1.),(0.,0.05),
 .UNSPECIFIED.);
#5682=B_SPLINE_SURFACE_WITH_KNOTS('',2,1,((#8081,#8082),(#8083,#8084),(#8085,
#8086)),.UNSPECIFIED.,.F.,.F.,.F.,(3,3),(2,2),(0.,1.),(0.,0.05),
 .UNSPECIFIED.);
#5683=B_SPLINE_SURFACE_WITH_KNOTS('',2,1,((#8096,#8097),(#8098,#8099),(#8100,
#8101)),.UNSPECIFIED.,.F.,.F.,.F.,(3,3),(2,2),(0.,1.),(0.,0.05),
 .UNSPECIFIED.);
#5684=B_SPLINE_SURFACE_WITH_KNOTS('',2,1,((#8129,#8130),(#8131,#8132),(#8133,
#8134)),.UNSPECIFIED.,.F.,.F.,.F.,(3,3),(2,2),(0.,1.),(0.,0.05),
 .UNSPECIFIED.);
#5685=B_SPLINE_SURFACE_WITH_KNOTS('',2,1,((#8144,#8145),(#8146,#8147),(#8148,
#8149)),.UNSPECIFIED.,.F.,.F.,.F.,(3,3),(2,2),(0.,1.),(0.,0.05),
 .UNSPECIFIED.);
#5686=B_SPLINE_SURFACE_WITH_KNOTS('',2,1,((#8159,#8160),(#8161,#8162),(#8163,
#8164)),.UNSPECIFIED.,.F.,.F.,.F.,(3,3),(2,2),(0.,1.),(0.,0.05),
 .UNSPECIFIED.);
#5687=B_SPLINE_SURFACE_WITH_KNOTS('',2,1,((#8174,#8175),(#8176,#8177),(#8178,
#8179)),.UNSPECIFIED.,.F.,.F.,.F.,(3,3),(2,2),(0.,1.),(0.,0.05),
 .UNSPECIFIED.);
#5688=B_SPLINE_SURFACE_WITH_KNOTS('',2,1,((#8189,#8190),(#8191,#8192),(#8193,
#8194)),.UNSPECIFIED.,.F.,.F.,.F.,(3,3),(2,2),(0.,1.),(0.,0.05),
 .UNSPECIFIED.);
#5689=B_SPLINE_SURFACE_WITH_KNOTS('',2,1,((#8204,#8205),(#8206,#8207),(#8208,
#8209)),.UNSPECIFIED.,.F.,.F.,.F.,(3,3),(2,2),(0.,1.),(0.,0.05),
 .UNSPECIFIED.);
#5690=B_SPLINE_SURFACE_WITH_KNOTS('',2,1,((#8235,#8236),(#8237,#8238),(#8239,
#8240)),.UNSPECIFIED.,.F.,.F.,.F.,(3,3),(2,2),(0.,1.),(0.,0.05),
 .UNSPECIFIED.);
#5691=B_SPLINE_SURFACE_WITH_KNOTS('',2,1,((#8253,#8254),(#8255,#8256),(#8257,
#8258)),.UNSPECIFIED.,.F.,.F.,.F.,(3,3),(2,2),(0.,1.),(0.,0.05),
 .UNSPECIFIED.);
#5692=B_SPLINE_SURFACE_WITH_KNOTS('',2,1,((#8268,#8269),(#8270,#8271),(#8272,
#8273)),.UNSPECIFIED.,.F.,.F.,.F.,(3,3),(2,2),(0.,1.),(0.,0.05),
 .UNSPECIFIED.);
#5693=B_SPLINE_SURFACE_WITH_KNOTS('',2,1,((#8283,#8284),(#8285,#8286),(#8287,
#8288)),.UNSPECIFIED.,.F.,.F.,.F.,(3,3),(2,2),(0.,1.),(0.,0.05),
 .UNSPECIFIED.);
#5694=B_SPLINE_SURFACE_WITH_KNOTS('',2,1,((#8298,#8299),(#8300,#8301),(#8302,
#8303)),.UNSPECIFIED.,.F.,.F.,.F.,(3,3),(2,2),(0.,1.),(0.,0.05),
 .UNSPECIFIED.);
#5695=B_SPLINE_SURFACE_WITH_KNOTS('',2,1,((#8313,#8314),(#8315,#8316),(#8317,
#8318)),.UNSPECIFIED.,.F.,.F.,.F.,(3,3),(2,2),(0.,1.),(0.,0.05),
 .UNSPECIFIED.);
#5696=B_SPLINE_SURFACE_WITH_KNOTS('',2,1,((#8328,#8329),(#8330,#8331),(#8332,
#8333)),.UNSPECIFIED.,.F.,.F.,.F.,(3,3),(2,2),(0.,1.),(0.,0.05),
 .UNSPECIFIED.);
#5697=B_SPLINE_SURFACE_WITH_KNOTS('',2,1,((#8343,#8344),(#8345,#8346),(#8347,
#8348)),.UNSPECIFIED.,.F.,.F.,.F.,(3,3),(2,2),(0.,1.),(0.,0.05),
 .UNSPECIFIED.);
#5698=B_SPLINE_SURFACE_WITH_KNOTS('',2,1,((#8358,#8359),(#8360,#8361),(#8362,
#8363)),.UNSPECIFIED.,.F.,.F.,.F.,(3,3),(2,2),(0.,1.),(0.,0.05),
 .UNSPECIFIED.);
#5699=B_SPLINE_SURFACE_WITH_KNOTS('',2,1,((#8370,#8371),(#8372,#8373),(#8374,
#8375)),.UNSPECIFIED.,.F.,.F.,.F.,(3,3),(2,2),(0.,1.),(0.,0.05),
 .UNSPECIFIED.);
#5700=B_SPLINE_SURFACE_WITH_KNOTS('',2,1,((#8388,#8389),(#8390,#8391),(#8392,
#8393)),.UNSPECIFIED.,.F.,.F.,.F.,(3,3),(2,2),(0.,1.),(0.,0.05),
 .UNSPECIFIED.);
#5701=B_SPLINE_SURFACE_WITH_KNOTS('',2,1,((#8403,#8404),(#8405,#8406),(#8407,
#8408)),.UNSPECIFIED.,.F.,.F.,.F.,(3,3),(2,2),(0.,1.),(0.,0.05),
 .UNSPECIFIED.);
#5702=B_SPLINE_SURFACE_WITH_KNOTS('',2,1,((#8418,#8419),(#8420,#8421),(#8422,
#8423)),.UNSPECIFIED.,.F.,.F.,.F.,(3,3),(2,2),(0.,1.),(0.,0.05),
 .UNSPECIFIED.);
#5703=B_SPLINE_SURFACE_WITH_KNOTS('',2,1,((#8433,#8434),(#8435,#8436),(#8437,
#8438)),.UNSPECIFIED.,.F.,.F.,.F.,(3,3),(2,2),(0.,1.),(0.,0.05),
 .UNSPECIFIED.);
#5704=B_SPLINE_SURFACE_WITH_KNOTS('',2,1,((#8448,#8449),(#8450,#8451),(#8452,
#8453)),.UNSPECIFIED.,.F.,.F.,.F.,(3,3),(2,2),(0.,1.),(0.,0.05),
 .UNSPECIFIED.);
#5705=B_SPLINE_SURFACE_WITH_KNOTS('',2,1,((#8463,#8464),(#8465,#8466),(#8467,
#8468)),.UNSPECIFIED.,.F.,.F.,.F.,(3,3),(2,2),(0.,1.),(0.,0.05),
 .UNSPECIFIED.);
#5706=B_SPLINE_SURFACE_WITH_KNOTS('',2,1,((#8478,#8479),(#8480,#8481),(#8482,
#8483)),.UNSPECIFIED.,.F.,.F.,.F.,(3,3),(2,2),(0.,1.),(0.,0.05),
 .UNSPECIFIED.);
#5707=B_SPLINE_SURFACE_WITH_KNOTS('',2,1,((#8493,#8494),(#8495,#8496),(#8497,
#8498)),.UNSPECIFIED.,.F.,.F.,.F.,(3,3),(2,2),(0.,1.),(0.,0.05),
 .UNSPECIFIED.);
#5708=B_SPLINE_SURFACE_WITH_KNOTS('',2,1,((#8508,#8509),(#8510,#8511),(#8512,
#8513)),.UNSPECIFIED.,.F.,.F.,.F.,(3,3),(2,2),(0.,1.),(0.,0.05),
 .UNSPECIFIED.);
#5709=B_SPLINE_SURFACE_WITH_KNOTS('',2,1,((#8523,#8524),(#8525,#8526),(#8527,
#8528)),.UNSPECIFIED.,.F.,.F.,.F.,(3,3),(2,2),(0.,1.),(0.,0.05),
 .UNSPECIFIED.);
#5710=B_SPLINE_SURFACE_WITH_KNOTS('',2,1,((#8545,#8546),(#8547,#8548),(#8549,
#8550)),.UNSPECIFIED.,.F.,.F.,.F.,(3,3),(2,2),(0.,1.),(0.,0.05),
 .UNSPECIFIED.);
#5711=B_SPLINE_SURFACE_WITH_KNOTS('',2,1,((#8560,#8561),(#8562,#8563),(#8564,
#8565)),.UNSPECIFIED.,.F.,.F.,.F.,(3,3),(2,2),(0.,1.),(0.,0.05),
 .UNSPECIFIED.);
#5712=B_SPLINE_SURFACE_WITH_KNOTS('',2,1,((#8575,#8576),(#8577,#8578),(#8579,
#8580)),.UNSPECIFIED.,.F.,.F.,.F.,(3,3),(2,2),(0.,1.),(0.,0.05),
 .UNSPECIFIED.);
#5713=B_SPLINE_SURFACE_WITH_KNOTS('',2,1,((#8590,#8591),(#8592,#8593),(#8594,
#8595)),.UNSPECIFIED.,.F.,.F.,.F.,(3,3),(2,2),(0.,1.),(0.,0.05),
 .UNSPECIFIED.);
#5714=B_SPLINE_SURFACE_WITH_KNOTS('',2,1,((#8605,#8606),(#8607,#8608),(#8609,
#8610)),.UNSPECIFIED.,.F.,.F.,.F.,(3,3),(2,2),(0.,1.),(0.,0.05),
 .UNSPECIFIED.);
#5715=B_SPLINE_SURFACE_WITH_KNOTS('',2,1,((#8620,#8621),(#8622,#8623),(#8624,
#8625)),.UNSPECIFIED.,.F.,.F.,.F.,(3,3),(2,2),(0.,1.),(0.,0.05),
 .UNSPECIFIED.);
#5716=B_SPLINE_SURFACE_WITH_KNOTS('',2,1,((#8653,#8654),(#8655,#8656),(#8657,
#8658)),.UNSPECIFIED.,.F.,.F.,.F.,(3,3),(2,2),(0.,1.),(0.,0.05),
 .UNSPECIFIED.);
#5717=B_SPLINE_SURFACE_WITH_KNOTS('',2,1,((#8668,#8669),(#8670,#8671),(#8672,
#8673)),.UNSPECIFIED.,.F.,.F.,.F.,(3,3),(2,2),(0.,1.),(0.,0.05),
 .UNSPECIFIED.);
#5718=B_SPLINE_SURFACE_WITH_KNOTS('',2,1,((#8683,#8684),(#8685,#8686),(#8687,
#8688)),.UNSPECIFIED.,.F.,.F.,.F.,(3,3),(2,2),(0.,1.),(0.,0.05),
 .UNSPECIFIED.);
#5719=B_SPLINE_SURFACE_WITH_KNOTS('',2,1,((#8698,#8699),(#8700,#8701),(#8702,
#8703)),.UNSPECIFIED.,.F.,.F.,.F.,(3,3),(2,2),(0.,1.),(0.,0.05),
 .UNSPECIFIED.);
#5720=B_SPLINE_SURFACE_WITH_KNOTS('',2,1,((#8713,#8714),(#8715,#8716),(#8717,
#8718)),.UNSPECIFIED.,.F.,.F.,.F.,(3,3),(2,2),(0.,1.),(0.,0.05),
 .UNSPECIFIED.);
#5721=B_SPLINE_SURFACE_WITH_KNOTS('',2,1,((#8728,#8729),(#8730,#8731),(#8732,
#8733)),.UNSPECIFIED.,.F.,.F.,.F.,(3,3),(2,2),(0.,1.),(0.,0.05),
 .UNSPECIFIED.);
#5722=B_SPLINE_SURFACE_WITH_KNOTS('',2,1,((#8743,#8744),(#8745,#8746),(#8747,
#8748)),.UNSPECIFIED.,.F.,.F.,.F.,(3,3),(2,2),(0.,1.),(0.,0.05),
 .UNSPECIFIED.);
#5723=B_SPLINE_SURFACE_WITH_KNOTS('',2,1,((#8767,#8768),(#8769,#8770),(#8771,
#8772)),.UNSPECIFIED.,.F.,.F.,.F.,(3,3),(2,2),(0.,1.),(0.,0.05),
 .UNSPECIFIED.);
#5724=B_SPLINE_SURFACE_WITH_KNOTS('',2,1,((#8785,#8786),(#8787,#8788),(#8789,
#8790)),.UNSPECIFIED.,.F.,.F.,.F.,(3,3),(2,2),(0.,1.),(0.,0.05),
 .UNSPECIFIED.);
#5725=B_SPLINE_SURFACE_WITH_KNOTS('',2,1,((#8800,#8801),(#8802,#8803),(#8804,
#8805)),.UNSPECIFIED.,.F.,.F.,.F.,(3,3),(2,2),(0.,1.),(0.,0.05),
 .UNSPECIFIED.);
#5726=B_SPLINE_SURFACE_WITH_KNOTS('',2,1,((#8815,#8816),(#8817,#8818),(#8819,
#8820)),.UNSPECIFIED.,.F.,.F.,.F.,(3,3),(2,2),(0.,1.),(0.,0.05),
 .UNSPECIFIED.);
#5727=B_SPLINE_SURFACE_WITH_KNOTS('',2,1,((#8830,#8831),(#8832,#8833),(#8834,
#8835)),.UNSPECIFIED.,.F.,.F.,.F.,(3,3),(2,2),(0.,1.),(0.,0.05),
 .UNSPECIFIED.);
#5728=B_SPLINE_SURFACE_WITH_KNOTS('',2,1,((#8845,#8846),(#8847,#8848),(#8849,
#8850)),.UNSPECIFIED.,.F.,.F.,.F.,(3,3),(2,2),(0.,1.),(0.,0.05),
 .UNSPECIFIED.);
#5729=B_SPLINE_SURFACE_WITH_KNOTS('',2,1,((#8860,#8861),(#8862,#8863),(#8864,
#8865)),.UNSPECIFIED.,.F.,.F.,.F.,(3,3),(2,2),(0.,1.),(0.,0.05),
 .UNSPECIFIED.);
#5730=B_SPLINE_SURFACE_WITH_KNOTS('',2,1,((#8875,#8876),(#8877,#8878),(#8879,
#8880)),.UNSPECIFIED.,.F.,.F.,.F.,(3,3),(2,2),(0.,1.),(0.,0.05),
 .UNSPECIFIED.);
#5731=B_SPLINE_SURFACE_WITH_KNOTS('',2,1,((#8890,#8891),(#8892,#8893),(#8894,
#8895)),.UNSPECIFIED.,.F.,.F.,.F.,(3,3),(2,2),(0.,1.),(0.,0.05),
 .UNSPECIFIED.);
#5732=B_SPLINE_SURFACE_WITH_KNOTS('',2,1,((#8905,#8906),(#8907,#8908),(#8909,
#8910)),.UNSPECIFIED.,.F.,.F.,.F.,(3,3),(2,2),(0.,1.),(0.,0.05),
 .UNSPECIFIED.);
#5733=B_SPLINE_SURFACE_WITH_KNOTS('',2,1,((#8920,#8921),(#8922,#8923),(#8924,
#8925)),.UNSPECIFIED.,.F.,.F.,.F.,(3,3),(2,2),(0.,1.),(0.,0.05),
 .UNSPECIFIED.);
#5734=B_SPLINE_SURFACE_WITH_KNOTS('',2,1,((#8951,#8952),(#8953,#8954),(#8955,
#8956)),.UNSPECIFIED.,.F.,.F.,.F.,(3,3),(2,2),(0.,1.),(0.,0.05),
 .UNSPECIFIED.);
#5735=B_SPLINE_SURFACE_WITH_KNOTS('',2,1,((#8969,#8970),(#8971,#8972),(#8973,
#8974)),.UNSPECIFIED.,.F.,.F.,.F.,(3,3),(2,2),(0.,1.),(0.,0.05),
 .UNSPECIFIED.);
#5736=B_SPLINE_SURFACE_WITH_KNOTS('',2,1,((#8984,#8985),(#8986,#8987),(#8988,
#8989)),.UNSPECIFIED.,.F.,.F.,.F.,(3,3),(2,2),(0.,1.),(0.,0.05),
 .UNSPECIFIED.);
#5737=B_SPLINE_SURFACE_WITH_KNOTS('',2,1,((#8999,#9000),(#9001,#9002),(#9003,
#9004)),.UNSPECIFIED.,.F.,.F.,.F.,(3,3),(2,2),(0.,1.),(0.,0.05),
 .UNSPECIFIED.);
#5738=B_SPLINE_SURFACE_WITH_KNOTS('',2,1,((#9014,#9015),(#9016,#9017),(#9018,
#9019)),.UNSPECIFIED.,.F.,.F.,.F.,(3,3),(2,2),(0.,1.),(0.,0.05),
 .UNSPECIFIED.);
#5739=B_SPLINE_SURFACE_WITH_KNOTS('',2,1,((#9047,#9048),(#9049,#9050),(#9051,
#9052)),.UNSPECIFIED.,.F.,.F.,.F.,(3,3),(2,2),(0.,1.),(0.,0.05),
 .UNSPECIFIED.);
#5740=B_SPLINE_SURFACE_WITH_KNOTS('',2,1,((#9062,#9063),(#9064,#9065),(#9066,
#9067)),.UNSPECIFIED.,.F.,.F.,.F.,(3,3),(2,2),(0.,1.),(0.,0.05),
 .UNSPECIFIED.);
#5741=B_SPLINE_SURFACE_WITH_KNOTS('',2,1,((#9077,#9078),(#9079,#9080),(#9081,
#9082)),.UNSPECIFIED.,.F.,.F.,.F.,(3,3),(2,2),(0.,1.),(0.,0.05),
 .UNSPECIFIED.);
#5742=B_SPLINE_SURFACE_WITH_KNOTS('',2,1,((#9092,#9093),(#9094,#9095),(#9096,
#9097)),.UNSPECIFIED.,.F.,.F.,.F.,(3,3),(2,2),(0.,1.),(0.,0.05),
 .UNSPECIFIED.);
#5743=B_SPLINE_SURFACE_WITH_KNOTS('',2,1,((#9107,#9108),(#9109,#9110),(#9111,
#9112)),.UNSPECIFIED.,.F.,.F.,.F.,(3,3),(2,2),(0.,1.),(0.,0.05),
 .UNSPECIFIED.);
#5744=B_SPLINE_SURFACE_WITH_KNOTS('',2,1,((#9122,#9123),(#9124,#9125),(#9126,
#9127)),.UNSPECIFIED.,.F.,.F.,.F.,(3,3),(2,2),(0.,1.),(0.,0.05),
 .UNSPECIFIED.);
#5745=B_SPLINE_SURFACE_WITH_KNOTS('',2,1,((#9230,#9231),(#9232,#9233),(#9234,
#9235)),.UNSPECIFIED.,.F.,.F.,.F.,(3,3),(2,2),(0.,1.),(0.,0.0500000000000007),
 .UNSPECIFIED.);
#5746=B_SPLINE_SURFACE_WITH_KNOTS('',2,1,((#9248,#9249),(#9250,#9251),(#9252,
#9253)),.UNSPECIFIED.,.F.,.F.,.F.,(3,3),(2,2),(0.,1.),(0.,0.0500000000000007),
 .UNSPECIFIED.);
#5747=B_SPLINE_SURFACE_WITH_KNOTS('',2,1,((#9498,#9499),(#9500,#9501),(#9502,
#9503)),.UNSPECIFIED.,.F.,.F.,.F.,(3,3),(2,2),(0.,1.),(0.,0.0500000000000007),
 .UNSPECIFIED.);
#5748=B_SPLINE_SURFACE_WITH_KNOTS('',2,1,((#9516,#9517),(#9518,#9519),(#9520,
#9521)),.UNSPECIFIED.,.F.,.F.,.F.,(3,3),(2,2),(0.,1.),(0.,0.0500000000000007),
 .UNSPECIFIED.);
#5749=B_SPLINE_SURFACE_WITH_KNOTS('',2,1,((#9531,#9532),(#9533,#9534),(#9535,
#9536)),.UNSPECIFIED.,.F.,.F.,.F.,(3,3),(2,2),(0.,1.),(0.,0.0500000000000007),
 .UNSPECIFIED.);
#5750=B_SPLINE_SURFACE_WITH_KNOTS('',2,1,((#9546,#9547),(#9548,#9549),(#9550,
#9551)),.UNSPECIFIED.,.F.,.F.,.F.,(3,3),(2,2),(0.,1.),(0.,0.0500000000000007),
 .UNSPECIFIED.);
#5751=B_SPLINE_SURFACE_WITH_KNOTS('',2,1,((#9561,#9562),(#9563,#9564),(#9565,
#9566)),.UNSPECIFIED.,.F.,.F.,.F.,(3,3),(2,2),(0.,1.),(0.,0.0500000000000007),
 .UNSPECIFIED.);
#5752=B_SPLINE_SURFACE_WITH_KNOTS('',2,1,((#9576,#9577),(#9578,#9579),(#9580,
#9581)),.UNSPECIFIED.,.F.,.F.,.F.,(3,3),(2,2),(0.,1.),(0.,0.0500000000000007),
 .UNSPECIFIED.);
#5753=B_SPLINE_SURFACE_WITH_KNOTS('',2,1,((#9591,#9592),(#9593,#9594),(#9595,
#9596)),.UNSPECIFIED.,.F.,.F.,.F.,(3,3),(2,2),(0.,1.),(0.,0.0500000000000007),
 .UNSPECIFIED.);
#5754=B_SPLINE_SURFACE_WITH_KNOTS('',2,1,((#9606,#9607),(#9608,#9609),(#9610,
#9611)),.UNSPECIFIED.,.F.,.F.,.F.,(3,3),(2,2),(0.,1.),(0.,0.0500000000000007),
 .UNSPECIFIED.);
#5755=B_SPLINE_SURFACE_WITH_KNOTS('',2,1,((#9621,#9622),(#9623,#9624),(#9625,
#9626)),.UNSPECIFIED.,.F.,.F.,.F.,(3,3),(2,2),(0.,1.),(0.,0.0500000000000007),
 .UNSPECIFIED.);
#5756=B_SPLINE_SURFACE_WITH_KNOTS('',2,1,((#9642,#9643),(#9644,#9645),(#9646,
#9647)),.UNSPECIFIED.,.F.,.F.,.F.,(3,3),(2,2),(0.,1.),(0.,0.0500000000000007),
 .UNSPECIFIED.);
#5757=B_SPLINE_SURFACE_WITH_KNOTS('',2,1,((#9657,#9658),(#9659,#9660),(#9661,
#9662)),.UNSPECIFIED.,.F.,.F.,.F.,(3,3),(2,2),(0.,1.),(0.,0.0500000000000007),
 .UNSPECIFIED.);
#5758=B_SPLINE_SURFACE_WITH_KNOTS('',2,1,((#9672,#9673),(#9674,#9675),(#9676,
#9677)),.UNSPECIFIED.,.F.,.F.,.F.,(3,3),(2,2),(0.,1.),(0.,0.0500000000000007),
 .UNSPECIFIED.);
#5759=B_SPLINE_SURFACE_WITH_KNOTS('',2,1,((#9687,#9688),(#9689,#9690),(#9691,
#9692)),.UNSPECIFIED.,.F.,.F.,.F.,(3,3),(2,2),(0.,1.),(0.,0.0500000000000007),
 .UNSPECIFIED.);
#5760=B_SPLINE_SURFACE_WITH_KNOTS('',2,1,((#9702,#9703),(#9704,#9705),(#9706,
#9707)),.UNSPECIFIED.,.F.,.F.,.F.,(3,3),(2,2),(0.,1.),(0.,0.0500000000000007),
 .UNSPECIFIED.);
#5761=B_SPLINE_SURFACE_WITH_KNOTS('',2,1,((#9717,#9718),(#9719,#9720),(#9721,
#9722)),.UNSPECIFIED.,.F.,.F.,.F.,(3,3),(2,2),(0.,1.),(0.,0.0500000000000007),
 .UNSPECIFIED.);
#5762=B_SPLINE_SURFACE_WITH_KNOTS('',2,1,((#9732,#9733),(#9734,#9735),(#9736,
#9737)),.UNSPECIFIED.,.F.,.F.,.F.,(3,3),(2,2),(0.,1.),(0.,0.0500000000000007),
 .UNSPECIFIED.);
#5763=B_SPLINE_SURFACE_WITH_KNOTS('',2,1,((#9747,#9748),(#9749,#9750),(#9751,
#9752)),.UNSPECIFIED.,.F.,.F.,.F.,(3,3),(2,2),(0.,1.),(0.,0.0500000000000007),
 .UNSPECIFIED.);
#5764=B_SPLINE_SURFACE_WITH_KNOTS('',2,1,((#9762,#9763),(#9764,#9765),(#9766,
#9767)),.UNSPECIFIED.,.F.,.F.,.F.,(3,3),(2,2),(0.,1.),(0.,0.0500000000000007),
 .UNSPECIFIED.);
#5765=B_SPLINE_SURFACE_WITH_KNOTS('',2,1,((#9777,#9778),(#9779,#9780),(#9781,
#9782)),.UNSPECIFIED.,.F.,.F.,.F.,(3,3),(2,2),(0.,1.),(0.,0.0500000000000007),
 .UNSPECIFIED.);
#5766=B_SPLINE_SURFACE_WITH_KNOTS('',2,1,((#9798,#9799),(#9800,#9801),(#9802,
#9803)),.UNSPECIFIED.,.F.,.F.,.F.,(3,3),(2,2),(0.,1.),(0.,0.0500000000000007),
 .UNSPECIFIED.);
#5767=ADVANCED_FACE('',(#302),#5646,.F.);
#5768=ADVANCED_FACE('',(#303),#5647,.F.);
#5769=ADVANCED_FACE('',(#304),#5648,.F.);
#5770=ADVANCED_FACE('',(#305),#5649,.F.);
#5771=ADVANCED_FACE('',(#306),#5650,.F.);
#5772=ADVANCED_FACE('',(#307),#5651,.F.);
#5773=ADVANCED_FACE('',(#308),#5652,.F.);
#5774=ADVANCED_FACE('',(#309),#5653,.F.);
#5775=ADVANCED_FACE('',(#310),#5654,.F.);
#5776=ADVANCED_FACE('',(#311),#5655,.F.);
#5777=ADVANCED_FACE('',(#312),#5656,.F.);
#5778=ADVANCED_FACE('',(#313),#5657,.F.);
#5779=ADVANCED_FACE('',(#314),#5658,.F.);
#5780=ADVANCED_FACE('',(#315),#5659,.F.);
#5781=ADVANCED_FACE('',(#316),#120,.F.);
#5782=ADVANCED_FACE('',(#317),#5660,.F.);
#5783=ADVANCED_FACE('',(#318),#5661,.F.);
#5784=ADVANCED_FACE('',(#319),#5662,.F.);
#5785=ADVANCED_FACE('',(#320),#5663,.F.);
#5786=ADVANCED_FACE('',(#321),#5664,.F.);
#5787=ADVANCED_FACE('',(#322),#5665,.F.);
#5788=ADVANCED_FACE('',(#323),#5666,.F.);
#5789=ADVANCED_FACE('',(#324),#5667,.F.);
#5790=ADVANCED_FACE('',(#325),#5668,.F.);
#5791=ADVANCED_FACE('',(#326),#5669,.F.);
#5792=ADVANCED_FACE('',(#327),#5670,.F.);
#5793=ADVANCED_FACE('',(#328),#5671,.F.);
#5794=ADVANCED_FACE('',(#329),#5672,.F.);
#5795=ADVANCED_FACE('',(#330),#5673,.F.);
#5796=ADVANCED_FACE('',(#331),#5674,.F.);
#5797=ADVANCED_FACE('',(#332),#5675,.F.);
#5798=ADVANCED_FACE('',(#333),#5676,.F.);
#5799=ADVANCED_FACE('',(#334),#5677,.F.);
#5800=ADVANCED_FACE('',(#335),#121,.F.);
#5801=ADVANCED_FACE('',(#336),#5678,.F.);
#5802=ADVANCED_FACE('',(#337),#122,.T.);
#5803=ADVANCED_FACE('',(#338),#123,.F.);
#5804=ADVANCED_FACE('',(#339),#124,.F.);
#5805=ADVANCED_FACE('',(#340),#125,.F.);
#5806=ADVANCED_FACE('',(#341),#126,.F.);
#5807=ADVANCED_FACE('',(#342),#127,.F.);
#5808=ADVANCED_FACE('',(#343),#128,.F.);
#5809=ADVANCED_FACE('',(#344),#129,.F.);
#5810=ADVANCED_FACE('',(#345),#130,.F.);
#5811=ADVANCED_FACE('',(#346),#131,.F.);
#5812=ADVANCED_FACE('',(#347),#5679,.F.);
#5813=ADVANCED_FACE('',(#348),#5680,.F.);
#5814=ADVANCED_FACE('',(#349),#5681,.F.);
#5815=ADVANCED_FACE('',(#350),#5682,.F.);
#5816=ADVANCED_FACE('',(#351),#5683,.F.);
#5817=ADVANCED_FACE('',(#352),#132,.F.);
#5818=ADVANCED_FACE('',(#353),#133,.F.);
#5819=ADVANCED_FACE('',(#354),#134,.F.);
#5820=ADVANCED_FACE('',(#355),#5684,.F.);
#5821=ADVANCED_FACE('',(#356),#5685,.F.);
#5822=ADVANCED_FACE('',(#357),#5686,.F.);
#5823=ADVANCED_FACE('',(#358),#5687,.F.);
#5824=ADVANCED_FACE('',(#359),#5688,.F.);
#5825=ADVANCED_FACE('',(#360),#5689,.F.);
#5826=ADVANCED_FACE('',(#361),#135,.F.);
#5827=ADVANCED_FACE('',(#362),#136,.F.);
#5828=ADVANCED_FACE('',(#363),#137,.F.);
#5829=ADVANCED_FACE('',(#364),#138,.T.);
#5830=ADVANCED_FACE('',(#365),#5690,.F.);
#5831=ADVANCED_FACE('',(#366),#5691,.F.);
#5832=ADVANCED_FACE('',(#367),#5692,.F.);
#5833=ADVANCED_FACE('',(#368),#5693,.F.);
#5834=ADVANCED_FACE('',(#369),#5694,.F.);
#5835=ADVANCED_FACE('',(#370),#5695,.F.);
#5836=ADVANCED_FACE('',(#371),#5696,.F.);
#5837=ADVANCED_FACE('',(#372),#5697,.F.);
#5838=ADVANCED_FACE('',(#373),#5698,.F.);
#5839=ADVANCED_FACE('',(#374),#5699,.F.);
#5840=ADVANCED_FACE('',(#375),#5700,.F.);
#5841=ADVANCED_FACE('',(#376),#5701,.F.);
#5842=ADVANCED_FACE('',(#377),#5702,.F.);
#5843=ADVANCED_FACE('',(#378),#5703,.F.);
#5844=ADVANCED_FACE('',(#379),#5704,.F.);
#5845=ADVANCED_FACE('',(#380),#5705,.F.);
#5846=ADVANCED_FACE('',(#381),#5706,.F.);
#5847=ADVANCED_FACE('',(#382),#5707,.F.);
#5848=ADVANCED_FACE('',(#383),#5708,.F.);
#5849=ADVANCED_FACE('',(#384),#5709,.F.);
#5850=ADVANCED_FACE('',(#385,#89),#139,.T.);
#5851=ADVANCED_FACE('',(#386),#140,.F.);
#5852=ADVANCED_FACE('',(#387),#5710,.F.);
#5853=ADVANCED_FACE('',(#388),#5711,.F.);
#5854=ADVANCED_FACE('',(#389),#5712,.F.);
#5855=ADVANCED_FACE('',(#390),#5713,.F.);
#5856=ADVANCED_FACE('',(#391),#5714,.F.);
#5857=ADVANCED_FACE('',(#392),#5715,.F.);
#5858=ADVANCED_FACE('',(#393),#141,.F.);
#5859=ADVANCED_FACE('',(#394),#142,.F.);
#5860=ADVANCED_FACE('',(#395),#143,.F.);
#5861=ADVANCED_FACE('',(#396),#5716,.F.);
#5862=ADVANCED_FACE('',(#397),#5717,.F.);
#5863=ADVANCED_FACE('',(#398),#5718,.F.);
#5864=ADVANCED_FACE('',(#399),#5719,.F.);
#5865=ADVANCED_FACE('',(#400),#5720,.F.);
#5866=ADVANCED_FACE('',(#401),#5721,.F.);
#5867=ADVANCED_FACE('',(#402),#5722,.F.);
#5868=ADVANCED_FACE('',(#403),#144,.F.);
#5869=ADVANCED_FACE('',(#404),#145,.F.);
#5870=ADVANCED_FACE('',(#405),#5723,.F.);
#5871=ADVANCED_FACE('',(#406),#5724,.F.);
#5872=ADVANCED_FACE('',(#407),#5725,.F.);
#5873=ADVANCED_FACE('',(#408),#5726,.F.);
#5874=ADVANCED_FACE('',(#409),#5727,.F.);
#5875=ADVANCED_FACE('',(#410),#5728,.F.);
#5876=ADVANCED_FACE('',(#411),#5729,.F.);
#5877=ADVANCED_FACE('',(#412),#5730,.F.);
#5878=ADVANCED_FACE('',(#413),#5731,.F.);
#5879=ADVANCED_FACE('',(#414),#5732,.F.);
#5880=ADVANCED_FACE('',(#415),#5733,.F.);
#5881=ADVANCED_FACE('',(#416),#146,.F.);
#5882=ADVANCED_FACE('',(#417),#147,.F.);
#5883=ADVANCED_FACE('',(#418),#148,.F.);
#5884=ADVANCED_FACE('',(#419,#90,#91),#149,.T.);
#5885=ADVANCED_FACE('',(#420),#5734,.F.);
#5886=ADVANCED_FACE('',(#421),#5735,.F.);
#5887=ADVANCED_FACE('',(#422),#5736,.F.);
#5888=ADVANCED_FACE('',(#423),#5737,.F.);
#5889=ADVANCED_FACE('',(#424),#5738,.F.);
#5890=ADVANCED_FACE('',(#425),#150,.F.);
#5891=ADVANCED_FACE('',(#426),#151,.F.);
#5892=ADVANCED_FACE('',(#427),#152,.F.);
#5893=ADVANCED_FACE('',(#428),#5739,.F.);
#5894=ADVANCED_FACE('',(#429),#5740,.F.);
#5895=ADVANCED_FACE('',(#430),#5741,.F.);
#5896=ADVANCED_FACE('',(#431),#5742,.F.);
#5897=ADVANCED_FACE('',(#432),#5743,.F.);
#5898=ADVANCED_FACE('',(#433),#5744,.F.);
#5899=ADVANCED_FACE('',(#434),#153,.F.);
#5900=ADVANCED_FACE('',(#435),#154,.F.);
#5901=ADVANCED_FACE('',(#436),#155,.F.);
#5902=ADVANCED_FACE('',(#437),#156,.T.);
#5903=ADVANCED_FACE('',(#438),#157,.T.);
#5904=ADVANCED_FACE('',(#439),#158,.T.);
#5905=ADVANCED_FACE('',(#440),#159,.T.);
#5906=ADVANCED_FACE('',(#441),#81,.F.);
#5907=ADVANCED_FACE('',(#442),#160,.T.);
#5908=ADVANCED_FACE('',(#443),#161,.T.);
#5909=ADVANCED_FACE('',(#444),#82,.F.);
#5910=ADVANCED_FACE('',(#445),#162,.F.);
#5911=ADVANCED_FACE('',(#446),#18,.F.);
#5912=ADVANCED_FACE('',(#447,#92,#93,#94,#95,#96,#97,#98),#163,.T.);
#5913=ADVANCED_FACE('',(#448),#164,.F.);
#5914=ADVANCED_FACE('',(#449),#19,.F.);
#5915=ADVANCED_FACE('',(#450,#99),#165,.T.);
#5916=ADVANCED_FACE('',(#451),#166,.F.);
#5917=ADVANCED_FACE('',(#452),#20,.F.);
#5918=ADVANCED_FACE('',(#453),#167,.F.);
#5919=ADVANCED_FACE('',(#454),#21,.F.);
#5920=ADVANCED_FACE('',(#455),#5745,.F.);
#5921=ADVANCED_FACE('',(#456),#5746,.F.);
#5922=ADVANCED_FACE('',(#457),#168,.F.);
#5923=ADVANCED_FACE('',(#458),#169,.F.);
#5924=ADVANCED_FACE('',(#459),#170,.F.);
#5925=ADVANCED_FACE('',(#460),#171,.F.);
#5926=ADVANCED_FACE('',(#461),#172,.F.);
#5927=ADVANCED_FACE('',(#462),#173,.F.);
#5928=ADVANCED_FACE('',(#463),#174,.F.);
#5929=ADVANCED_FACE('',(#464),#175,.F.);
#5930=ADVANCED_FACE('',(#465),#176,.F.);
#5931=ADVANCED_FACE('',(#466),#177,.F.);
#5932=ADVANCED_FACE('',(#467),#178,.F.);
#5933=ADVANCED_FACE('',(#468,#100),#179,.T.);
#5934=ADVANCED_FACE('',(#469),#180,.F.);
#5935=ADVANCED_FACE('',(#470),#181,.F.);
#5936=ADVANCED_FACE('',(#471),#182,.F.);
#5937=ADVANCED_FACE('',(#472),#183,.F.);
#5938=ADVANCED_FACE('',(#473),#184,.F.);
#5939=ADVANCED_FACE('',(#474),#185,.F.);
#5940=ADVANCED_FACE('',(#475),#186,.F.);
#5941=ADVANCED_FACE('',(#476),#187,.F.);
#5942=ADVANCED_FACE('',(#477),#188,.F.);
#5943=ADVANCED_FACE('',(#478),#189,.F.);
#5944=ADVANCED_FACE('',(#479),#190,.F.);
#5945=ADVANCED_FACE('',(#480),#191,.F.);
#5946=ADVANCED_FACE('',(#481),#192,.F.);
#5947=ADVANCED_FACE('',(#482),#193,.F.);
#5948=ADVANCED_FACE('',(#483),#194,.F.);
#5949=ADVANCED_FACE('',(#484),#195,.F.);
#5950=ADVANCED_FACE('',(#485),#196,.F.);
#5951=ADVANCED_FACE('',(#486),#197,.F.);
#5952=ADVANCED_FACE('',(#487),#198,.F.);
#5953=ADVANCED_FACE('',(#488),#199,.F.);
#5954=ADVANCED_FACE('',(#489),#200,.F.);
#5955=ADVANCED_FACE('',(#490),#201,.F.);
#5956=ADVANCED_FACE('',(#491),#202,.F.);
#5957=ADVANCED_FACE('',(#492),#203,.F.);
#5958=ADVANCED_FACE('',(#493),#204,.F.);
#5959=ADVANCED_FACE('',(#494),#205,.F.);
#5960=ADVANCED_FACE('',(#495),#206,.F.);
#5961=ADVANCED_FACE('',(#496),#207,.F.);
#5962=ADVANCED_FACE('',(#497),#208,.F.);
#5963=ADVANCED_FACE('',(#498),#209,.F.);
#5964=ADVANCED_FACE('',(#499),#210,.F.);
#5965=ADVANCED_FACE('',(#500),#5747,.F.);
#5966=ADVANCED_FACE('',(#501),#5748,.F.);
#5967=ADVANCED_FACE('',(#502),#5749,.F.);
#5968=ADVANCED_FACE('',(#503),#5750,.F.);
#5969=ADVANCED_FACE('',(#504),#5751,.F.);
#5970=ADVANCED_FACE('',(#505),#5752,.F.);
#5971=ADVANCED_FACE('',(#506),#5753,.F.);
#5972=ADVANCED_FACE('',(#507),#5754,.F.);
#5973=ADVANCED_FACE('',(#508),#5755,.F.);
#5974=ADVANCED_FACE('',(#509),#211,.F.);
#5975=ADVANCED_FACE('',(#510),#5756,.F.);
#5976=ADVANCED_FACE('',(#511),#5757,.F.);
#5977=ADVANCED_FACE('',(#512),#5758,.F.);
#5978=ADVANCED_FACE('',(#513),#5759,.F.);
#5979=ADVANCED_FACE('',(#514),#5760,.F.);
#5980=ADVANCED_FACE('',(#515),#5761,.F.);
#5981=ADVANCED_FACE('',(#516),#5762,.F.);
#5982=ADVANCED_FACE('',(#517),#5763,.F.);
#5983=ADVANCED_FACE('',(#518),#5764,.F.);
#5984=ADVANCED_FACE('',(#519),#5765,.F.);
#5985=ADVANCED_FACE('',(#520),#212,.F.);
#5986=ADVANCED_FACE('',(#521),#5766,.F.);
#5987=ADVANCED_FACE('',(#522),#213,.T.);
#5988=ADVANCED_FACE('',(#523),#214,.T.);
#5989=ADVANCED_FACE('',(#524),#215,.T.);
#5990=ADVANCED_FACE('',(#525),#216,.T.);
#5991=ADVANCED_FACE('',(#526),#217,.T.);
#5992=ADVANCED_FACE('',(#527),#218,.T.);
#5993=ADVANCED_FACE('',(#528),#219,.F.);
#5994=ADVANCED_FACE('',(#529),#220,.T.);
#5995=ADVANCED_FACE('',(#530),#221,.T.);
#5996=ADVANCED_FACE('',(#531),#222,.T.);
#5997=ADVANCED_FACE('',(#532),#83,.F.);
#5998=ADVANCED_FACE('',(#533,#101,#102,#103,#104),#223,.T.);
#5999=ADVANCED_FACE('',(#534),#22,.F.);
#6000=ADVANCED_FACE('',(#535),#84,.F.);
#6001=ADVANCED_FACE('',(#536),#23,.F.);
#6002=ADVANCED_FACE('',(#537),#85,.F.);
#6003=ADVANCED_FACE('',(#538),#24,.F.);
#6004=ADVANCED_FACE('',(#539),#86,.F.);
#6005=ADVANCED_FACE('',(#540),#25,.F.);
#6006=ADVANCED_FACE('',(#541),#224,.T.);
#6007=ADVANCED_FACE('',(#542),#225,.T.);
#6008=ADVANCED_FACE('',(#543),#226,.T.);
#6009=ADVANCED_FACE('',(#544),#227,.T.);
#6010=ADVANCED_FACE('',(#545),#228,.T.);
#6011=ADVANCED_FACE('',(#546),#229,.T.);
#6012=ADVANCED_FACE('',(#547),#230,.T.);
#6013=ADVANCED_FACE('',(#548),#231,.T.);
#6014=ADVANCED_FACE('',(#549),#232,.F.);
#6015=ADVANCED_FACE('',(#550),#233,.T.);
#6016=ADVANCED_FACE('',(#551),#234,.F.);
#6017=ADVANCED_FACE('',(#552),#235,.F.);
#6018=ADVANCED_FACE('',(#553),#236,.T.);
#6019=ADVANCED_FACE('',(#554),#237,.T.);
#6020=ADVANCED_FACE('',(#555),#238,.T.);
#6021=ADVANCED_FACE('',(#556),#239,.T.);
#6022=ADVANCED_FACE('',(#557),#240,.F.);
#6023=ADVANCED_FACE('',(#558),#241,.F.);
#6024=ADVANCED_FACE('',(#559),#242,.F.);
#6025=ADVANCED_FACE('',(#560),#243,.F.);
#6026=ADVANCED_FACE('',(#561),#244,.T.);
#6027=ADVANCED_FACE('',(#562),#245,.T.);
#6028=ADVANCED_FACE('',(#563),#246,.T.);
#6029=ADVANCED_FACE('',(#564),#247,.T.);
#6030=ADVANCED_FACE('',(#565),#248,.T.);
#6031=ADVANCED_FACE('',(#566),#249,.T.);
#6032=ADVANCED_FACE('',(#567),#250,.T.);
#6033=ADVANCED_FACE('',(#568),#251,.T.);
#6034=ADVANCED_FACE('',(#569),#252,.T.);
#6035=ADVANCED_FACE('',(#570),#253,.T.);
#6036=ADVANCED_FACE('',(#571),#254,.F.);
#6037=ADVANCED_FACE('',(#572),#255,.T.);
#6038=ADVANCED_FACE('',(#573),#256,.T.);
#6039=ADVANCED_FACE('',(#574),#257,.T.);
#6040=ADVANCED_FACE('',(#575),#258,.T.);
#6041=ADVANCED_FACE('',(#576),#259,.T.);
#6042=ADVANCED_FACE('',(#577),#260,.T.);
#6043=ADVANCED_FACE('',(#578),#261,.F.);
#6044=ADVANCED_FACE('',(#579),#26,.T.);
#6045=ADVANCED_FACE('',(#580),#15,.T.);
#6046=ADVANCED_FACE('',(#581),#27,.T.);
#6047=ADVANCED_FACE('',(#582),#262,.T.);
#6048=ADVANCED_FACE('',(#583,#105),#263,.F.);
#6049=ADVANCED_FACE('',(#584),#264,.T.);
#6050=ADVANCED_FACE('',(#585),#265,.T.);
#6051=ADVANCED_FACE('',(#586),#87,.T.);
#6052=ADVANCED_FACE('',(#587),#266,.T.);
#6053=ADVANCED_FACE('',(#588),#267,.T.);
#6054=ADVANCED_FACE('',(#589),#28,.T.);
#6055=ADVANCED_FACE('',(#590),#268,.T.);
#6056=ADVANCED_FACE('',(#591),#269,.T.);
#6057=ADVANCED_FACE('',(#592),#270,.T.);
#6058=ADVANCED_FACE('',(#593),#88,.T.);
#6059=ADVANCED_FACE('',(#594),#271,.T.);
#6060=ADVANCED_FACE('',(#595),#272,.T.);
#6061=ADVANCED_FACE('',(#596,#106),#273,.F.);
#6062=ADVANCED_FACE('',(#597),#274,.T.);
#6063=ADVANCED_FACE('',(#598),#275,.T.);
#6064=ADVANCED_FACE('',(#599),#276,.T.);
#6065=ADVANCED_FACE('',(#600),#277,.T.);
#6066=ADVANCED_FACE('',(#601),#278,.T.);
#6067=ADVANCED_FACE('',(#602),#279,.T.);
#6068=ADVANCED_FACE('',(#603),#280,.T.);
#6069=ADVANCED_FACE('',(#604),#281,.T.);
#6070=ADVANCED_FACE('',(#605,#107),#282,.F.);
#6071=ADVANCED_FACE('',(#606),#283,.T.);
#6072=ADVANCED_FACE('',(#607),#29,.T.);
#6073=ADVANCED_FACE('',(#608),#284,.T.);
#6074=ADVANCED_FACE('',(#609),#285,.T.);
#6075=ADVANCED_FACE('',(#610),#286,.T.);
#6076=ADVANCED_FACE('',(#611),#30,.T.);
#6077=ADVANCED_FACE('',(#612),#287,.T.);
#6078=ADVANCED_FACE('',(#613),#31,.F.);
#6079=ADVANCED_FACE('',(#614,#108),#288,.T.);
#6080=ADVANCED_FACE('',(#615,#109),#289,.T.);
#6081=ADVANCED_FACE('',(#616),#32,.F.);
#6082=ADVANCED_FACE('',(#617),#290,.T.);
#6083=ADVANCED_FACE('',(#618),#291,.T.);
#6084=ADVANCED_FACE('',(#619,#110),#292,.T.);
#6085=ADVANCED_FACE('',(#620),#33,.F.);
#6086=ADVANCED_FACE('',(#621),#293,.T.);
#6087=ADVANCED_FACE('',(#622,#111),#294,.T.);
#6088=ADVANCED_FACE('',(#623,#112),#295,.F.);
#6089=ADVANCED_FACE('',(#624),#34,.F.);
#6090=ADVANCED_FACE('',(#625),#296,.T.);
#6091=ADVANCED_FACE('',(#626),#35,.T.);
#6092=ADVANCED_FACE('',(#627,#113),#297,.T.);
#6093=ADVANCED_FACE('',(#628),#298,.T.);
#6094=ADVANCED_FACE('',(#629),#299,.T.);
#6095=ADVANCED_FACE('',(#630,#114,#115,#116,#117,#118),#300,.T.);
#6096=ADVANCED_FACE('',(#631,#119),#301,.F.);
#6097=CLOSED_SHELL('',(#5767,#5768,#5769,#5770,#5771,#5772,#5773,#5774,
#5775,#5776,#5777,#5778,#5779,#5780,#5781,#5782,#5783,#5784,#5785,#5786,
#5787,#5788,#5789,#5790,#5791,#5792,#5793,#5794,#5795,#5796,#5797,#5798,
#5799,#5800,#5801,#5802,#5803,#5804,#5805,#5806,#5807,#5808,#5809,#5810,
#5811,#5812,#5813,#5814,#5815,#5816,#5817,#5818,#5819,#5820,#5821,#5822,
#5823,#5824,#5825,#5826,#5827,#5828,#5829,#5830,#5831,#5832,#5833,#5834,
#5835,#5836,#5837,#5838,#5839,#5840,#5841,#5842,#5843,#5844,#5845,#5846,
#5847,#5848,#5849,#5850,#5851,#5852,#5853,#5854,#5855,#5856,#5857,#5858,
#5859,#5860,#5861,#5862,#5863,#5864,#5865,#5866,#5867,#5868,#5869,#5870,
#5871,#5872,#5873,#5874,#5875,#5876,#5877,#5878,#5879,#5880,#5881,#5882,
#5883,#5884,#5885,#5886,#5887,#5888,#5889,#5890,#5891,#5892,#5893,#5894,
#5895,#5896,#5897,#5898,#5899,#5900,#5901,#5902,#5903,#5904,#5905,#5906,
#5907,#5908,#5909,#5910,#5911,#5912,#5913,#5914,#5915,#5916,#5917,#5918,
#5919,#5920,#5921,#5922,#5923,#5924,#5925,#5926,#5927,#5928,#5929,#5930,
#5931,#5932,#5933,#5934,#5935,#5936,#5937,#5938,#5939,#5940,#5941,#5942,
#5943,#5944,#5945,#5946,#5947,#5948,#5949,#5950,#5951,#5952,#5953,#5954,
#5955,#5956,#5957,#5958,#5959,#5960,#5961,#5962,#5963,#5964,#5965,#5966,
#5967,#5968,#5969,#5970,#5971,#5972,#5973,#5974,#5975,#5976,#5977,#5978,
#5979,#5980,#5981,#5982,#5983,#5984,#5985,#5986,#5987,#5988,#5989,#5990,
#5991,#5992,#5993,#5994,#5995,#5996,#5997,#5998,#5999,#6000,#6001,#6002,
#6003,#6004,#6005,#6006,#6007,#6008,#6009,#6010,#6011,#6012,#6013,#6014,
#6015,#6016,#6017,#6018,#6019,#6020,#6021,#6022,#6023,#6024,#6025,#6026,
#6027,#6028,#6029,#6030,#6031,#6032,#6033,#6034,#6035,#6036,#6037,#6038,
#6039,#6040,#6041,#6042,#6043,#6044,#6045,#6046,#6047,#6048,#6049,#6050,
#6051,#6052,#6053,#6054,#6055,#6056,#6057,#6058,#6059,#6060,#6061,#6062,
#6063,#6064,#6065,#6066,#6067,#6068,#6069,#6070,#6071,#6072,#6073,#6074,
#6075,#6076,#6077,#6078,#6079,#6080,#6081,#6082,#6083,#6084,#6085,#6086,
#6087,#6088,#6089,#6090,#6091,#6092,#6093,#6094,#6095,#6096));
#6098=DERIVED_UNIT_ELEMENT(#6100,1.);
#6099=DERIVED_UNIT_ELEMENT(#10357,-3.);
#6100=(
MASS_UNIT()
NAMED_UNIT(*)
SI_UNIT(.KILO.,.GRAM.)
);
#6101=DERIVED_UNIT((#6098,#6099));
#6102=MEASURE_REPRESENTATION_ITEM('density measure',
POSITIVE_RATIO_MEASURE(7850.),#6101);
#6103=PROPERTY_DEFINITION_REPRESENTATION(#6108,#6105);
#6104=PROPERTY_DEFINITION_REPRESENTATION(#6109,#6106);
#6105=REPRESENTATION('material name',(#6107),#10354);
#6106=REPRESENTATION('density',(#6102),#10354);
#6107=DESCRIPTIVE_REPRESENTATION_ITEM('Stahl','Stahl');
#6108=PROPERTY_DEFINITION('material property','material name',#10364);
#6109=PROPERTY_DEFINITION('material property','density of part',#10364);
#6110=AXIS2_PLACEMENT_3D('',#7475,#6367,#6368);
#6111=AXIS2_PLACEMENT_3D('',#7689,#6384,#6385);
#6112=AXIS2_PLACEMENT_3D('',#7965,#6407,#6408);
#6113=AXIS2_PLACEMENT_3D('',#7983,#6412,#6413);
#6114=AXIS2_PLACEMENT_3D('',#7984,#6414,#6415);
#6115=AXIS2_PLACEMENT_3D('',#7993,#6420,#6421);
#6116=AXIS2_PLACEMENT_3D('',#7999,#6425,#6426);
#6117=AXIS2_PLACEMENT_3D('',#8005,#6430,#6431);
#6118=AXIS2_PLACEMENT_3D('',#8011,#6435,#6436);
#6119=AXIS2_PLACEMENT_3D('',#8017,#6440,#6441);
#6120=AXIS2_PLACEMENT_3D('',#8023,#6445,#6446);
#6121=AXIS2_PLACEMENT_3D('',#8029,#6450,#6451);
#6122=AXIS2_PLACEMENT_3D('',#8032,#6454,#6455);
#6123=AXIS2_PLACEMENT_3D('',#8111,#6462,#6463);
#6124=AXIS2_PLACEMENT_3D('',#8117,#6467,#6468);
#6125=AXIS2_PLACEMENT_3D('',#8123,#6472,#6473);
#6126=AXIS2_PLACEMENT_3D('',#8219,#6483,#6484);
#6127=AXIS2_PLACEMENT_3D('',#8225,#6488,#6489);
#6128=AXIS2_PLACEMENT_3D('',#8231,#6493,#6494);
#6129=AXIS2_PLACEMENT_3D('',#8234,#6497,#6498);
#6130=AXIS2_PLACEMENT_3D('',#8535,#6519,#6520);
#6131=AXIS2_PLACEMENT_3D('',#8536,#6521,#6522);
#6132=AXIS2_PLACEMENT_3D('',#8635,#6533,#6534);
#6133=AXIS2_PLACEMENT_3D('',#8641,#6538,#6539);
#6134=AXIS2_PLACEMENT_3D('',#8644,#6542,#6543);
#6135=AXIS2_PLACEMENT_3D('',#8758,#6555,#6556);
#6136=AXIS2_PLACEMENT_3D('',#8764,#6560,#6561);
#6137=AXIS2_PLACEMENT_3D('',#8935,#6576,#6577);
#6138=AXIS2_PLACEMENT_3D('',#8941,#6581,#6582);
#6139=AXIS2_PLACEMENT_3D('',#8947,#6586,#6587);
#6140=AXIS2_PLACEMENT_3D('',#8950,#6590,#6591);
#6141=AXIS2_PLACEMENT_3D('',#9029,#6598,#6599);
#6142=AXIS2_PLACEMENT_3D('',#9035,#6603,#6604);
#6143=AXIS2_PLACEMENT_3D('',#9041,#6608,#6609);
#6144=AXIS2_PLACEMENT_3D('',#9137,#6619,#6620);
#6145=AXIS2_PLACEMENT_3D('',#9143,#6624,#6625);
#6146=AXIS2_PLACEMENT_3D('',#9149,#6629,#6630);
#6147=AXIS2_PLACEMENT_3D('',#9152,#6633,#6634);
#6148=AXIS2_PLACEMENT_3D('',#9153,#6635,#6636);
#6149=AXIS2_PLACEMENT_3D('',#9154,#6637,#6638);
#6150=AXIS2_PLACEMENT_3D('',#9155,#6639,#6640);
#6151=AXIS2_PLACEMENT_3D('',#9156,#6641,#6642);
#6152=AXIS2_PLACEMENT_3D('',#9161,#6644,#6645);
#6153=AXIS2_PLACEMENT_3D('',#9164,#6647,#6648);
#6154=AXIS2_PLACEMENT_3D('',#9165,#6649,#6650);
#6155=AXIS2_PLACEMENT_3D('',#9171,#6654,#6655);
#6156=AXIS2_PLACEMENT_3D('',#9177,#6659,#6660);
#6157=AXIS2_PLACEMENT_3D('',#9178,#6661,#6662);
#6158=AXIS2_PLACEMENT_3D('',#9179,#6663,#6664);
#6159=AXIS2_PLACEMENT_3D('',#9180,#6665,#6666);
#6160=AXIS2_PLACEMENT_3D('',#9186,#6670,#6671);
#6161=AXIS2_PLACEMENT_3D('',#9189,#6673,#6674);
#6162=AXIS2_PLACEMENT_3D('',#9190,#6675,#6676);
#6163=AXIS2_PLACEMENT_3D('',#9199,#6681,#6682);
#6164=AXIS2_PLACEMENT_3D('',#9203,#6685,#6686);
#6165=AXIS2_PLACEMENT_3D('',#9204,#6687,#6688);
#6166=AXIS2_PLACEMENT_3D('',#9205,#6689,#6690);
#6167=AXIS2_PLACEMENT_3D('',#9208,#6691,#6692);
#6168=AXIS2_PLACEMENT_3D('',#9212,#6694,#6695);
#6169=AXIS2_PLACEMENT_3D('',#9214,#6697,#6698);
#6170=AXIS2_PLACEMENT_3D('',#9220,#6702,#6703);
#6171=AXIS2_PLACEMENT_3D('',#9223,#6705,#6706);
#6172=AXIS2_PLACEMENT_3D('',#9224,#6707,#6708);
#6173=AXIS2_PLACEMENT_3D('',#9228,#6711,#6712);
#6174=AXIS2_PLACEMENT_3D('',#9229,#6713,#6714);
#6175=AXIS2_PLACEMENT_3D('',#9263,#6718,#6719);
#6176=AXIS2_PLACEMENT_3D('',#9269,#6723,#6724);
#6177=AXIS2_PLACEMENT_3D('',#9275,#6728,#6729);
#6178=AXIS2_PLACEMENT_3D('',#9278,#6732,#6733);
#6179=AXIS2_PLACEMENT_3D('',#9287,#6738,#6739);
#6180=AXIS2_PLACEMENT_3D('',#9293,#6743,#6744);
#6181=AXIS2_PLACEMENT_3D('',#9299,#6748,#6749);
#6182=AXIS2_PLACEMENT_3D('',#9305,#6753,#6754);
#6183=AXIS2_PLACEMENT_3D('',#9311,#6758,#6759);
#6184=AXIS2_PLACEMENT_3D('',#9317,#6763,#6764);
#6185=AXIS2_PLACEMENT_3D('',#9323,#6768,#6769);
#6186=AXIS2_PLACEMENT_3D('',#9326,#6772,#6773);
#6187=AXIS2_PLACEMENT_3D('',#9327,#6774,#6775);
#6188=AXIS2_PLACEMENT_3D('',#9336,#6780,#6781);
#6189=AXIS2_PLACEMENT_3D('',#9342,#6785,#6786);
#6190=AXIS2_PLACEMENT_3D('',#9348,#6790,#6791);
#6191=AXIS2_PLACEMENT_3D('',#9354,#6795,#6796);
#6192=AXIS2_PLACEMENT_3D('',#9360,#6800,#6801);
#6193=AXIS2_PLACEMENT_3D('',#9366,#6805,#6806);
#6194=AXIS2_PLACEMENT_3D('',#9372,#6810,#6811);
#6195=AXIS2_PLACEMENT_3D('',#9378,#6815,#6816);
#6196=AXIS2_PLACEMENT_3D('',#9384,#6820,#6821);
#6197=AXIS2_PLACEMENT_3D('',#9390,#6825,#6826);
#6198=AXIS2_PLACEMENT_3D('',#9396,#6830,#6831);
#6199=AXIS2_PLACEMENT_3D('',#9399,#6834,#6835);
#6200=AXIS2_PLACEMENT_3D('',#9400,#6836,#6837);
#6201=AXIS2_PLACEMENT_3D('',#9409,#6842,#6843);
#6202=AXIS2_PLACEMENT_3D('',#9415,#6847,#6848);
#6203=AXIS2_PLACEMENT_3D('',#9421,#6852,#6853);
#6204=AXIS2_PLACEMENT_3D('',#9427,#6857,#6858);
#6205=AXIS2_PLACEMENT_3D('',#9433,#6862,#6863);
#6206=AXIS2_PLACEMENT_3D('',#9436,#6866,#6867);
#6207=AXIS2_PLACEMENT_3D('',#9437,#6868,#6869);
#6208=AXIS2_PLACEMENT_3D('',#9446,#6874,#6875);
#6209=AXIS2_PLACEMENT_3D('',#9452,#6879,#6880);
#6210=AXIS2_PLACEMENT_3D('',#9458,#6884,#6885);
#6211=AXIS2_PLACEMENT_3D('',#9464,#6889,#6890);
#6212=AXIS2_PLACEMENT_3D('',#9470,#6894,#6895);
#6213=AXIS2_PLACEMENT_3D('',#9476,#6899,#6900);
#6214=AXIS2_PLACEMENT_3D('',#9482,#6904,#6905);
#6215=AXIS2_PLACEMENT_3D('',#9488,#6909,#6910);
#6216=AXIS2_PLACEMENT_3D('',#9494,#6914,#6915);
#6217=AXIS2_PLACEMENT_3D('',#9497,#6918,#6919);
#6218=AXIS2_PLACEMENT_3D('',#9636,#6930,#6931);
#6219=AXIS2_PLACEMENT_3D('',#9792,#6945,#6946);
#6220=AXIS2_PLACEMENT_3D('',#9810,#6950,#6951);
#6221=AXIS2_PLACEMENT_3D('',#9811,#6952,#6953);
#6222=AXIS2_PLACEMENT_3D('',#9812,#6954,#6955);
#6223=AXIS2_PLACEMENT_3D('',#9823,#6961,#6962);
#6224=AXIS2_PLACEMENT_3D('',#9829,#6966,#6967);
#6225=AXIS2_PLACEMENT_3D('',#9837,#6972,#6973);
#6226=AXIS2_PLACEMENT_3D('',#9847,#6979,#6980);
#6227=AXIS2_PLACEMENT_3D('',#9851,#6983,#6984);
#6228=AXIS2_PLACEMENT_3D('',#9859,#6989,#6990);
#6229=AXIS2_PLACEMENT_3D('',#9865,#6994,#6995);
#6230=AXIS2_PLACEMENT_3D('',#9871,#6999,#7000);
#6231=AXIS2_PLACEMENT_3D('',#9873,#7001,#7002);
#6232=AXIS2_PLACEMENT_3D('',#9876,#7004,#7005);
#6233=AXIS2_PLACEMENT_3D('',#9877,#7006,#7007);
#6234=AXIS2_PLACEMENT_3D('',#9890,#7014,#7015);
#6235=AXIS2_PLACEMENT_3D('',#9892,#7016,#7017);
#6236=AXIS2_PLACEMENT_3D('',#9894,#7018,#7019);
#6237=AXIS2_PLACEMENT_3D('',#9895,#7020,#7021);
#6238=AXIS2_PLACEMENT_3D('',#9898,#7023,#7024);
#6239=AXIS2_PLACEMENT_3D('',#9899,#7025,#7026);
#6240=AXIS2_PLACEMENT_3D('',#9902,#7028,#7029);
#6241=AXIS2_PLACEMENT_3D('',#9903,#7030,#7031);
#6242=AXIS2_PLACEMENT_3D('',#9906,#7033,#7034);
#6243=AXIS2_PLACEMENT_3D('',#9907,#7035,#7036);
#6244=AXIS2_PLACEMENT_3D('',#9910,#7038,#7039);
#6245=AXIS2_PLACEMENT_3D('',#9911,#7040,#7041);
#6246=AXIS2_PLACEMENT_3D('',#9914,#7043,#7044);
#6247=AXIS2_PLACEMENT_3D('',#9915,#7045,#7046);
#6248=AXIS2_PLACEMENT_3D('',#9918,#7048,#7049);
#6249=AXIS2_PLACEMENT_3D('',#9919,#7050,#7051);
#6250=AXIS2_PLACEMENT_3D('',#9922,#7053,#7054);
#6251=AXIS2_PLACEMENT_3D('',#9923,#7055,#7056);
#6252=AXIS2_PLACEMENT_3D('',#9928,#7060,#7061);
#6253=AXIS2_PLACEMENT_3D('',#9931,#7064,#7065);
#6254=AXIS2_PLACEMENT_3D('',#9933,#7067,#7068);
#6255=AXIS2_PLACEMENT_3D('',#9935,#7070,#7071);
#6256=AXIS2_PLACEMENT_3D('',#9938,#7074,#7075);
#6257=AXIS2_PLACEMENT_3D('',#9939,#7076,#7077);
#6258=AXIS2_PLACEMENT_3D('',#9941,#7079,#7080);
#6259=AXIS2_PLACEMENT_3D('',#9959,#7090,#7091);
#6260=AXIS2_PLACEMENT_3D('',#9965,#7094,#7095);
#6261=AXIS2_PLACEMENT_3D('',#9973,#7099,#7100);
#6262=AXIS2_PLACEMENT_3D('',#9981,#7104,#7105);
#6263=AXIS2_PLACEMENT_3D('',#9989,#7109,#7110);
#6264=AXIS2_PLACEMENT_3D('',#9993,#7113,#7114);
#6265=AXIS2_PLACEMENT_3D('',#10004,#7120,#7121);
#6266=AXIS2_PLACEMENT_3D('',#10009,#7125,#7126);
#6267=AXIS2_PLACEMENT_3D('',#10013,#7129,#7130);
#6268=AXIS2_PLACEMENT_3D('',#10024,#7136,#7137);
#6269=AXIS2_PLACEMENT_3D('',#10032,#7142,#7143);
#6270=AXIS2_PLACEMENT_3D('',#10036,#7146,#7147);
#6271=AXIS2_PLACEMENT_3D('',#10040,#7150,#7151);
#6272=AXIS2_PLACEMENT_3D('',#10044,#7154,#7155);
#6273=AXIS2_PLACEMENT_3D('',#10050,#7159,#7160);
#6274=AXIS2_PLACEMENT_3D('',#10053,#7163,#7164);
#6275=AXIS2_PLACEMENT_3D('',#10054,#7165,#7166);
#6276=AXIS2_PLACEMENT_3D('',#10058,#7169,#7170);
#6277=AXIS2_PLACEMENT_3D('',#10061,#7173,#7174);
#6278=AXIS2_PLACEMENT_3D('',#10064,#7177,#7178);
#6279=AXIS2_PLACEMENT_3D('',#10065,#7179,#7180);
#6280=AXIS2_PLACEMENT_3D('',#10074,#7185,#7186);
#6281=AXIS2_PLACEMENT_3D('',#10080,#7190,#7191);
#6282=AXIS2_PLACEMENT_3D('',#10086,#7195,#7196);
#6283=AXIS2_PLACEMENT_3D('',#10092,#7200,#7201);
#6284=AXIS2_PLACEMENT_3D('',#10098,#7205,#7206);
#6285=AXIS2_PLACEMENT_3D('',#10100,#7208,#7209);
#6286=AXIS2_PLACEMENT_3D('',#10102,#7211,#7212);
#6287=AXIS2_PLACEMENT_3D('',#10111,#7217,#7218);
#6288=AXIS2_PLACEMENT_3D('',#10117,#7222,#7223);
#6289=AXIS2_PLACEMENT_3D('',#10123,#7227,#7228);
#6290=AXIS2_PLACEMENT_3D('',#10129,#7232,#7233);
#6291=AXIS2_PLACEMENT_3D('',#10135,#7237,#7238);
#6292=AXIS2_PLACEMENT_3D('',#10137,#7240,#7241);
#6293=AXIS2_PLACEMENT_3D('',#10139,#7243,#7244);
#6294=AXIS2_PLACEMENT_3D('',#10142,#7245,#7246);
#6295=AXIS2_PLACEMENT_3D('',#10146,#7248,#7249);
#6296=AXIS2_PLACEMENT_3D('',#10149,#7251,#7252);
#6297=AXIS2_PLACEMENT_3D('',#10150,#7253,#7254);
#6298=AXIS2_PLACEMENT_3D('',#10153,#7255,#7256);
#6299=AXIS2_PLACEMENT_3D('',#10154,#7257,#7258);
#6300=AXIS2_PLACEMENT_3D('',#10155,#7259,#7260);
#6301=AXIS2_PLACEMENT_3D('',#10156,#7261,#7262);
#6302=AXIS2_PLACEMENT_3D('',#10159,#7263,#7264);
#6303=AXIS2_PLACEMENT_3D('',#10163,#7267,#7268);
#6304=AXIS2_PLACEMENT_3D('',#10164,#7269,#7270);
#6305=AXIS2_PLACEMENT_3D('',#10170,#7274,#7275);
#6306=AXIS2_PLACEMENT_3D('',#10173,#7277,#7278);
#6307=AXIS2_PLACEMENT_3D('',#10174,#7279,#7280);
#6308=AXIS2_PLACEMENT_3D('',#10176,#7282,#7283);
#6309=AXIS2_PLACEMENT_3D('',#10182,#7287,#7288);
#6310=AXIS2_PLACEMENT_3D('',#10185,#7290,#7291);
#6311=AXIS2_PLACEMENT_3D('',#10186,#7292,#7293);
#6312=AXIS2_PLACEMENT_3D('',#10190,#7296,#7297);
#6313=AXIS2_PLACEMENT_3D('',#10193,#7300,#7301);
#6314=AXIS2_PLACEMENT_3D('',#10195,#7303,#7304);
#6315=AXIS2_PLACEMENT_3D('',#10197,#7306,#7307);
#6316=AXIS2_PLACEMENT_3D('',#10201,#7310,#7311);
#6317=AXIS2_PLACEMENT_3D('',#10212,#7317,#7318);
#6318=AXIS2_PLACEMENT_3D('',#10216,#7320,#7321);
#6319=AXIS2_PLACEMENT_3D('',#10217,#7322,#7323);
#6320=AXIS2_PLACEMENT_3D('',#10218,#7324,#7325);
#6321=AXIS2_PLACEMENT_3D('',#10226,#7330,#7331);
#6322=AXIS2_PLACEMENT_3D('',#10232,#7335,#7336);
#6323=AXIS2_PLACEMENT_3D('',#10235,#7338,#7339);
#6324=AXIS2_PLACEMENT_3D('',#10236,#7340,#7341);
#6325=AXIS2_PLACEMENT_3D('',#10238,#7343,#7344);
#6326=AXIS2_PLACEMENT_3D('',#10247,#7349,#7350);
#6327=AXIS2_PLACEMENT_3D('',#10252,#7354,#7355);
#6328=AXIS2_PLACEMENT_3D('',#10256,#7358,#7359);
#6329=AXIS2_PLACEMENT_3D('',#10260,#7362,#7363);
#6330=AXIS2_PLACEMENT_3D('',#10262,#7365,#7366);
#6331=AXIS2_PLACEMENT_3D('',#10265,#7369,#7370);
#6332=AXIS2_PLACEMENT_3D('',#10274,#7375,#7376);
#6333=AXIS2_PLACEMENT_3D('',#10278,#7378,#7379);
#6334=AXIS2_PLACEMENT_3D('',#10281,#7381,#7382);
#6335=AXIS2_PLACEMENT_3D('',#10282,#7383,#7384);
#6336=AXIS2_PLACEMENT_3D('',#10287,#7388,#7389);
#6337=AXIS2_PLACEMENT_3D('',#10289,#7391,#7392);
#6338=AXIS2_PLACEMENT_3D('',#10293,#7396,#7397);
#6339=AXIS2_PLACEMENT_3D('',#10298,#7401,#7402);
#6340=AXIS2_PLACEMENT_3D('',#10300,#7404,#7405);
#6341=AXIS2_PLACEMENT_3D('',#10302,#7407,#7408);
#6342=AXIS2_PLACEMENT_3D('',#10304,#7410,#7411);
#6343=AXIS2_PLACEMENT_3D('',#10306,#7412,#7413);
#6344=AXIS2_PLACEMENT_3D('',#10308,#7415,#7416);
#6345=AXIS2_PLACEMENT_3D('',#10309,#7417,#7418);
#6346=AXIS2_PLACEMENT_3D('',#10312,#7421,#7422);
#6347=AXIS2_PLACEMENT_3D('',#10314,#7423,#7424);
#6348=AXIS2_PLACEMENT_3D('',#10316,#7426,#7427);
#6349=AXIS2_PLACEMENT_3D('',#10318,#7429,#7430);
#6350=AXIS2_PLACEMENT_3D('',#10320,#7432,#7433);
#6351=AXIS2_PLACEMENT_3D('',#10321,#7434,#7435);
#6352=AXIS2_PLACEMENT_3D('',#10323,#7436,#7437);
#6353=AXIS2_PLACEMENT_3D('',#10325,#7439,#7440);
#6354=AXIS2_PLACEMENT_3D('',#10326,#7441,#7442);
#6355=AXIS2_PLACEMENT_3D('',#10327,#7443,#7444);
#6356=AXIS2_PLACEMENT_3D('',#10330,#7446,#7447);
#6357=AXIS2_PLACEMENT_3D('',#10332,#7448,#7449);
#6358=AXIS2_PLACEMENT_3D('',#10333,#7450,#7451);
#6359=AXIS2_PLACEMENT_3D('',#10335,#7452,#7453);
#6360=AXIS2_PLACEMENT_3D('',#10337,#7455,#7456);
#6361=AXIS2_PLACEMENT_3D('',#10339,#7458,#7459);
#6362=AXIS2_PLACEMENT_3D('',#10340,#7460,#7461);
#6363=AXIS2_PLACEMENT_3D('',#10341,#7462,#7463);
#6364=AXIS2_PLACEMENT_3D('',#10345,#7466,#7467);
#6365=AXIS2_PLACEMENT_3D('',#10349,#7470,#7471);
#6366=AXIS2_PLACEMENT_3D('',#10351,#7473,#7474);
#6367=DIRECTION('axis',(0.,0.,1.));
#6368=DIRECTION('refdir',(1.,0.,0.));
#6369=DIRECTION('',(-1.,0.,0.));
#6370=DIRECTION('',(-1.,0.,0.));
#6371=DIRECTION('',(-1.,0.,0.));
#6372=DIRECTION('',(-1.,0.,0.));
#6373=DIRECTION('',(-1.,0.,0.));
#6374=DIRECTION('',(-1.,0.,0.));
#6375=DIRECTION('',(-1.,0.,0.));
#6376=DIRECTION('',(-1.,0.,0.));
#6377=DIRECTION('',(-1.,0.,0.));
#6378=DIRECTION('',(-1.,0.,0.));
#6379=DIRECTION('',(-1.,0.,0.));
#6380=DIRECTION('',(-1.,0.,0.));
#6381=DIRECTION('',(-1.,0.,0.));
#6382=DIRECTION('',(-1.,0.,0.));
#6383=DIRECTION('',(-1.,0.,0.));
#6384=DIRECTION('center_axis',(0.,-0.0648251774655907,0.997896636113458));
#6385=DIRECTION('ref_axis',(6.24313797612664E-18,0.997896636113458,0.0648251774655907));
#6386=DIRECTION('',(-3.13183836497287E-16,0.997896636113458,0.0648251774655907));
#6387=DIRECTION('',(-1.,0.,0.));
#6388=DIRECTION('',(6.24313797612664E-18,0.997896636113458,0.0648251774655907));
#6389=DIRECTION('',(-1.,0.,0.));
#6390=DIRECTION('',(-1.,0.,0.));
#6391=DIRECTION('',(-1.,0.,0.));
#6392=DIRECTION('',(-1.,0.,0.));
#6393=DIRECTION('',(-1.,0.,0.));
#6394=DIRECTION('',(-1.,0.,0.));
#6395=DIRECTION('',(-1.,0.,0.));
#6396=DIRECTION('',(-1.,0.,0.));
#6397=DIRECTION('',(-1.,0.,0.));
#6398=DIRECTION('',(-1.,0.,0.));
#6399=DIRECTION('',(-1.,0.,0.));
#6400=DIRECTION('',(-1.,0.,0.));
#6401=DIRECTION('',(-1.,0.,0.));
#6402=DIRECTION('',(-1.,0.,0.));
#6403=DIRECTION('',(-1.,0.,0.));
#6404=DIRECTION('',(-1.,0.,0.));
#6405=DIRECTION('',(-1.,0.,0.));
#6406=DIRECTION('',(-1.,0.,0.));
#6407=DIRECTION('center_axis',(0.,0.0768771494883237,-0.997040572838714));
#6408=DIRECTION('ref_axis',(-7.24482826980418E-18,-0.997040572838714,-0.0768771494883237));
#6409=DIRECTION('',(3.12915166205228E-16,-0.997040572838714,-0.0768771494883237));
#6410=DIRECTION('',(-1.,0.,0.));
#6411=DIRECTION('',(-7.24482826980418E-18,-0.997040572838714,-0.0768771494883237));
#6412=DIRECTION('center_axis',(1.,-8.53109876780936E-19,-8.31748205041779E-17));
#6413=DIRECTION('ref_axis',(8.53109876780936E-19,1.,0.));
#6414=DIRECTION('center_axis',(0.,-0.99994740288363,0.0102562891087844));
#6415=DIRECTION('ref_axis',(8.31791954900026E-17,0.0102562891087844,0.99994740288363));
#6416=DIRECTION('',(-3.21887443555749E-18,0.0102562891087844,0.99994740288363));
#6417=DIRECTION('',(-1.,0.,0.));
#6418=DIRECTION('',(8.31791954900026E-17,0.0102562891087844,0.99994740288363));
#6419=DIRECTION('',(-1.,0.,0.));
#6420=DIRECTION('center_axis',(0.,0.0102562891087778,0.99994740288363));
#6421=DIRECTION('ref_axis',(0.,0.99994740288363,-0.0102562891087778));
#6422=DIRECTION('',(-3.13827457270822E-16,0.99994740288363,-0.0102562891087778));
#6423=DIRECTION('',(-1.,0.,0.));
#6424=DIRECTION('',(0.,0.99994740288363,-0.0102562891087778));
#6425=DIRECTION('center_axis',(0.,-0.99994740288363,0.0102562891087847));
#6426=DIRECTION('ref_axis',(8.31791954900028E-17,0.0102562891087847,0.99994740288363));
#6427=DIRECTION('',(-3.21887443555761E-18,0.0102562891087847,0.99994740288363));
#6428=DIRECTION('',(-1.,0.,0.));
#6429=DIRECTION('',(8.31791954900028E-17,0.0102562891087847,0.99994740288363));
#6430=DIRECTION('center_axis',(0.,-0.0102562891087771,-0.99994740288363));
#6431=DIRECTION('ref_axis',(0.,-0.99994740288363,0.0102562891087771));
#6432=DIRECTION('',(3.13827457270822E-16,-0.99994740288363,0.0102562891087771));
#6433=DIRECTION('',(-1.,0.,0.));
#6434=DIRECTION('',(0.,-0.99994740288363,0.0102562891087771));
#6435=DIRECTION('center_axis',(0.,0.99994740288363,-0.0102562891087847));
#6436=DIRECTION('ref_axis',(-8.31791954900028E-17,-0.0102562891087847,-0.99994740288363));
#6437=DIRECTION('',(3.21887443555761E-18,-0.0102562891087847,-0.99994740288363));
#6438=DIRECTION('',(-1.,0.,0.));
#6439=DIRECTION('',(-8.31791954900028E-17,-0.0102562891087847,-0.99994740288363));
#6440=DIRECTION('center_axis',(0.,0.010256289108776,0.99994740288363));
#6441=DIRECTION('ref_axis',(0.,0.99994740288363,-0.010256289108776));
#6442=DIRECTION('',(-3.13827457270822E-16,0.99994740288363,-0.010256289108776));
#6443=DIRECTION('',(-1.,0.,0.));
#6444=DIRECTION('',(0.,0.99994740288363,-0.010256289108776));
#6445=DIRECTION('center_axis',(0.,0.99994740288363,-0.0102562891087844));
#6446=DIRECTION('ref_axis',(-8.31791954900026E-17,-0.0102562891087844,-0.99994740288363));
#6447=DIRECTION('',(3.21887443555749E-18,-0.0102562891087844,-0.99994740288363));
#6448=DIRECTION('',(-1.,0.,0.));
#6449=DIRECTION('',(-8.31791954900026E-17,-0.0102562891087844,-0.99994740288363));
#6450=DIRECTION('center_axis',(0.,0.0102562891087779,0.99994740288363));
#6451=DIRECTION('ref_axis',(0.,0.99994740288363,-0.0102562891087779));
#6452=DIRECTION('',(-3.13827457270822E-16,0.99994740288363,-0.0102562891087779));
#6453=DIRECTION('',(0.,0.99994740288363,-0.0102562891087779));
#6454=DIRECTION('center_axis',(-1.,0.,0.));
#6455=DIRECTION('ref_axis',(0.,0.,1.));
#6456=DIRECTION('',(-1.,0.,0.));
#6457=DIRECTION('',(-1.,0.,0.));
#6458=DIRECTION('',(-1.,0.,0.));
#6459=DIRECTION('',(-1.,0.,0.));
#6460=DIRECTION('',(-1.,0.,0.));
#6461=DIRECTION('',(-1.,0.,0.));
#6462=DIRECTION('center_axis',(0.,-0.99994740288363,0.0102562891087832));
#6463=DIRECTION('ref_axis',(8.31791954900026E-17,0.0102562891087832,0.99994740288363));
#6464=DIRECTION('',(-3.21887443555713E-18,0.0102562891087832,0.99994740288363));
#6465=DIRECTION('',(-1.,0.,0.));
#6466=DIRECTION('',(8.31791954900026E-17,0.0102562891087832,0.99994740288363));
#6467=DIRECTION('center_axis',(0.,-0.010256289108778,-0.99994740288363));
#6468=DIRECTION('ref_axis',(0.,-0.99994740288363,0.010256289108778));
#6469=DIRECTION('',(3.13827457270822E-16,-0.99994740288363,0.010256289108778));
#6470=DIRECTION('',(-1.,0.,0.));
#6471=DIRECTION('',(0.,-0.99994740288363,0.010256289108778));
#6472=DIRECTION('center_axis',(0.,0.99994740288363,-0.0102562891087843));
#6473=DIRECTION('ref_axis',(-8.31791954900026E-17,-0.0102562891087843,-0.99994740288363));
#6474=DIRECTION('',(3.21887443555749E-18,-0.0102562891087843,-0.99994740288363));
#6475=DIRECTION('',(-1.,0.,0.));
#6476=DIRECTION('',(-8.31791954900026E-17,-0.0102562891087843,-0.99994740288363));
#6477=DIRECTION('',(-1.,0.,0.));
#6478=DIRECTION('',(-1.,0.,0.));
#6479=DIRECTION('',(-1.,0.,0.));
#6480=DIRECTION('',(-1.,0.,0.));
#6481=DIRECTION('',(-1.,0.,0.));
#6482=DIRECTION('',(-1.,0.,0.));
#6483=DIRECTION('center_axis',(0.,-0.99994740288363,0.0102562891087843));
#6484=DIRECTION('ref_axis',(8.31791954900026E-17,0.0102562891087843,0.99994740288363));
#6485=DIRECTION('',(-3.21887443555749E-18,0.0102562891087843,0.99994740288363));
#6486=DIRECTION('',(-1.,0.,0.));
#6487=DIRECTION('',(8.31791954900026E-17,0.0102562891087843,0.99994740288363));
#6488=DIRECTION('center_axis',(0.,-0.010256289108778,-0.99994740288363));
#6489=DIRECTION('ref_axis',(0.,-0.99994740288363,0.010256289108778));
#6490=DIRECTION('',(3.13827457270822E-16,-0.99994740288363,0.010256289108778));
#6491=DIRECTION('',(-1.,0.,0.));
#6492=DIRECTION('',(0.,-0.99994740288363,0.010256289108778));
#6493=DIRECTION('center_axis',(0.,0.99994740288363,-0.0102562891087832));
#6494=DIRECTION('ref_axis',(-8.31791954900026E-17,-0.0102562891087832,-0.99994740288363));
#6495=DIRECTION('',(3.21887443555713E-18,-0.0102562891087832,-0.99994740288363));
#6496=DIRECTION('',(-8.31791954900026E-17,-0.0102562891087832,-0.99994740288363));
#6497=DIRECTION('center_axis',(1.,-8.53109876780936E-19,-8.31748205041779E-17));
#6498=DIRECTION('ref_axis',(8.53109876780936E-19,1.,0.));
#6499=DIRECTION('',(-1.,0.,0.));
#6500=DIRECTION('',(-1.,0.,0.));
#6501=DIRECTION('',(-1.,0.,0.));
#6502=DIRECTION('',(-1.,0.,0.));
#6503=DIRECTION('',(-1.,0.,0.));
#6504=DIRECTION('',(-1.,0.,0.));
#6505=DIRECTION('',(-1.,0.,0.));
#6506=DIRECTION('',(-1.,0.,0.));
#6507=DIRECTION('',(-1.,0.,0.));
#6508=DIRECTION('',(-1.,0.,0.));
#6509=DIRECTION('',(-1.,0.,0.));
#6510=DIRECTION('',(-1.,0.,0.));
#6511=DIRECTION('',(-1.,0.,0.));
#6512=DIRECTION('',(-1.,0.,0.));
#6513=DIRECTION('',(-1.,0.,0.));
#6514=DIRECTION('',(-1.,0.,0.));
#6515=DIRECTION('',(-1.,0.,0.));
#6516=DIRECTION('',(-1.,0.,0.));
#6517=DIRECTION('',(-1.,0.,0.));
#6518=DIRECTION('',(-1.,0.,0.));
#6519=DIRECTION('center_axis',(1.,-8.53109876780936E-19,-8.31748205041779E-17));
#6520=DIRECTION('ref_axis',(8.53109876780936E-19,1.,0.));
#6521=DIRECTION('center_axis',(0.,0.0102562891087772,0.99994740288363));
#6522=DIRECTION('ref_axis',(0.,0.99994740288363,-0.0102562891087772));
#6523=DIRECTION('',(-3.13827457270822E-16,0.99994740288363,-0.0102562891087772));
#6524=DIRECTION('',(-1.,0.,0.));
#6525=DIRECTION('',(0.,0.99994740288363,-0.0102562891087772));
#6526=DIRECTION('',(-1.,0.,0.));
#6527=DIRECTION('',(-1.,0.,0.));
#6528=DIRECTION('',(-1.,0.,0.));
#6529=DIRECTION('',(-1.,0.,0.));
#6530=DIRECTION('',(-1.,0.,0.));
#6531=DIRECTION('',(-1.,0.,0.));
#6532=DIRECTION('',(-1.,0.,0.));
#6533=DIRECTION('center_axis',(0.,-0.0102562891087758,-0.99994740288363));
#6534=DIRECTION('ref_axis',(0.,-0.99994740288363,0.0102562891087758));
#6535=DIRECTION('',(3.13827457270822E-16,-0.99994740288363,0.0102562891087758));
#6536=DIRECTION('',(-1.,0.,0.));
#6537=DIRECTION('',(0.,-0.99994740288363,0.0102562891087758));
#6538=DIRECTION('center_axis',(0.,-0.99994740288363,0.0102562891087821));
#6539=DIRECTION('ref_axis',(8.31791954900025E-17,0.0102562891087821,0.99994740288363));
#6540=DIRECTION('',(-3.21887443555679E-18,0.0102562891087821,0.99994740288363));
#6541=DIRECTION('',(8.31791954900025E-17,0.0102562891087821,0.99994740288363));
#6542=DIRECTION('center_axis',(0.,0.0102562891087753,0.99994740288363));
#6543=DIRECTION('ref_axis',(0.,0.99994740288363,-0.0102562891087753));
#6544=DIRECTION('',(-3.13827457270822E-16,0.99994740288363,-0.0102562891087753));
#6545=DIRECTION('',(-1.,0.,0.));
#6546=DIRECTION('',(0.,0.99994740288363,-0.0102562891087753));
#6547=DIRECTION('',(-1.,0.,0.));
#6548=DIRECTION('',(-1.,0.,0.));
#6549=DIRECTION('',(-1.,0.,0.));
#6550=DIRECTION('',(-1.,0.,0.));
#6551=DIRECTION('',(-1.,0.,0.));
#6552=DIRECTION('',(-1.,0.,0.));
#6553=DIRECTION('',(-1.,0.,0.));
#6554=DIRECTION('',(-1.,0.,0.));
#6555=DIRECTION('center_axis',(0.,-0.0102562891087767,-0.99994740288363));
#6556=DIRECTION('ref_axis',(0.,-0.99994740288363,0.0102562891087767));
#6557=DIRECTION('',(3.13827457270822E-16,-0.99994740288363,0.0102562891087767));
#6558=DIRECTION('',(-1.,0.,0.));
#6559=DIRECTION('',(0.,-0.99994740288363,0.0102562891087767));
#6560=DIRECTION('center_axis',(0.,-0.99994740288363,0.0102562891087826));
#6561=DIRECTION('ref_axis',(8.31791954900026E-17,0.0102562891087825,0.99994740288363));
#6562=DIRECTION('',(-3.21887443555692E-18,0.0102562891087825,0.99994740288363));
#6563=DIRECTION('',(8.31791954900026E-17,0.0102562891087825,0.99994740288363));
#6564=DIRECTION('',(-1.,0.,0.));
#6565=DIRECTION('',(-1.,0.,0.));
#6566=DIRECTION('',(-1.,0.,0.));
#6567=DIRECTION('',(-1.,0.,0.));
#6568=DIRECTION('',(-1.,0.,0.));
#6569=DIRECTION('',(-1.,0.,0.));
#6570=DIRECTION('',(-1.,0.,0.));
#6571=DIRECTION('',(-1.,0.,0.));
#6572=DIRECTION('',(-1.,0.,0.));
#6573=DIRECTION('',(-1.,0.,0.));
#6574=DIRECTION('',(-1.,0.,0.));
#6575=DIRECTION('',(-1.,0.,0.));
#6576=DIRECTION('center_axis',(0.,-0.0102562891087769,-0.99994740288363));
#6577=DIRECTION('ref_axis',(0.,-0.99994740288363,0.0102562891087769));
#6578=DIRECTION('',(3.13827457270822E-16,-0.99994740288363,0.0102562891087769));
#6579=DIRECTION('',(-1.,0.,0.));
#6580=DIRECTION('',(0.,-0.99994740288363,0.0102562891087769));
#6581=DIRECTION('center_axis',(0.,0.99994740288363,-0.0102562891087844));
#6582=DIRECTION('ref_axis',(-8.31791954900026E-17,-0.0102562891087844,-0.99994740288363));
#6583=DIRECTION('',(3.21887443555751E-18,-0.0102562891087844,-0.99994740288363));
#6584=DIRECTION('',(-1.,0.,0.));
#6585=DIRECTION('',(-8.31791954900026E-17,-0.0102562891087844,-0.99994740288363));
#6586=DIRECTION('center_axis',(0.,0.0102562891087764,0.99994740288363));
#6587=DIRECTION('ref_axis',(0.,0.99994740288363,-0.0102562891087764));
#6588=DIRECTION('',(-3.13827457270822E-16,0.99994740288363,-0.0102562891087764));
#6589=DIRECTION('',(0.,0.99994740288363,-0.0102562891087764));
#6590=DIRECTION('center_axis',(1.,-8.53109876780936E-19,-8.31748205041779E-17));
#6591=DIRECTION('ref_axis',(8.53109876780936E-19,1.,0.));
#6592=DIRECTION('',(-1.,0.,0.));
#6593=DIRECTION('',(-1.,0.,0.));
#6594=DIRECTION('',(-1.,0.,0.));
#6595=DIRECTION('',(-1.,0.,0.));
#6596=DIRECTION('',(-1.,0.,0.));
#6597=DIRECTION('',(-1.,0.,0.));
#6598=DIRECTION('center_axis',(0.,-0.99994740288363,0.0102562891087832));
#6599=DIRECTION('ref_axis',(8.31791954900026E-17,0.0102562891087832,0.99994740288363));
#6600=DIRECTION('',(-3.21887443555713E-18,0.0102562891087832,0.99994740288363));
#6601=DIRECTION('',(-1.,0.,0.));
#6602=DIRECTION('',(8.31791954900026E-17,0.0102562891087832,0.99994740288363));
#6603=DIRECTION('center_axis',(0.,-0.0102562891087764,-0.99994740288363));
#6604=DIRECTION('ref_axis',(0.,-0.99994740288363,0.0102562891087764));
#6605=DIRECTION('',(3.13827457270822E-16,-0.99994740288363,0.0102562891087764));
#6606=DIRECTION('',(-1.,0.,0.));
#6607=DIRECTION('',(0.,-0.99994740288363,0.0102562891087764));
#6608=DIRECTION('center_axis',(0.,0.99994740288363,-0.0102562891087843));
#6609=DIRECTION('ref_axis',(-8.31791954900026E-17,-0.0102562891087843,-0.99994740288363));
#6610=DIRECTION('',(3.21887443555749E-18,-0.0102562891087843,-0.99994740288363));
#6611=DIRECTION('',(-1.,0.,0.));
#6612=DIRECTION('',(-8.31791954900026E-17,-0.0102562891087843,-0.99994740288363));
#6613=DIRECTION('',(-1.,0.,0.));
#6614=DIRECTION('',(-1.,0.,0.));
#6615=DIRECTION('',(-1.,0.,0.));
#6616=DIRECTION('',(-1.,0.,0.));
#6617=DIRECTION('',(-1.,0.,0.));
#6618=DIRECTION('',(-1.,0.,0.));
#6619=DIRECTION('center_axis',(0.,-0.99994740288363,0.0102562891087843));
#6620=DIRECTION('ref_axis',(8.31791954900026E-17,0.0102562891087843,0.99994740288363));
#6621=DIRECTION('',(-3.21887443555749E-18,0.0102562891087843,0.99994740288363));
#6622=DIRECTION('',(-1.,0.,0.));
#6623=DIRECTION('',(8.31791954900026E-17,0.0102562891087843,0.99994740288363));
#6624=DIRECTION('center_axis',(0.,-0.010256289108777,-0.99994740288363));
#6625=DIRECTION('ref_axis',(0.,-0.99994740288363,0.010256289108777));
#6626=DIRECTION('',(3.13827457270822E-16,-0.99994740288363,0.010256289108777));
#6627=DIRECTION('',(-1.,0.,0.));
#6628=DIRECTION('',(0.,-0.99994740288363,0.010256289108777));
#6629=DIRECTION('center_axis',(0.,0.99994740288363,-0.0102562891087832));
#6630=DIRECTION('ref_axis',(-8.31791954900026E-17,-0.0102562891087832,-0.99994740288363));
#6631=DIRECTION('',(3.21887443555713E-18,-0.0102562891087832,-0.99994740288363));
#6632=DIRECTION('',(-8.31791954900026E-17,-0.0102562891087832,-0.99994740288363));
#6633=DIRECTION('center_axis',(1.,-8.53109876780936E-19,-8.31748205041779E-17));
#6634=DIRECTION('ref_axis',(8.53109876780936E-19,1.,0.));
#6635=DIRECTION('center_axis',(1.,3.13843964558348E-16,0.));
#6636=DIRECTION('ref_axis',(3.13843964558348E-16,-1.,0.));
#6637=DIRECTION('center_axis',(1.,3.13843964558348E-16,0.));
#6638=DIRECTION('ref_axis',(3.13843964558348E-16,-1.,0.));
#6639=DIRECTION('center_axis',(1.,3.13843964558348E-16,0.));
#6640=DIRECTION('ref_axis',(3.13843964558348E-16,-1.,0.));
#6641=DIRECTION('center_axis',(1.,0.,0.));
#6642=DIRECTION('ref_axis',(-1.93575997551289E-31,1.11022302462516E-15,
-1.));
#6643=DIRECTION('',(0.70710678118655,0.,-0.707106781186545));
#6644=DIRECTION('center_axis',(1.,3.13843964558348E-16,0.));
#6645=DIRECTION('ref_axis',(-3.4843679559232E-31,1.11022302462516E-15,-1.));
#6646=DIRECTION('',(-0.70710678118655,0.,-0.707106781186545));
#6647=DIRECTION('center_axis',(-1.,-3.13843964558348E-16,0.));
#6648=DIRECTION('ref_axis',(0.,1.11022302462516E-15,-1.));
#6649=DIRECTION('center_axis',(0.707106781186547,3.52762233797327E-16,-0.707106781186548));
#6650=DIRECTION('ref_axis',(-0.707106781186548,0.,-0.707106781186547));
#6651=DIRECTION('',(3.13843964558348E-16,-1.,-1.8503717077086E-16));
#6652=DIRECTION('',(-0.707106781186547,0.,-0.707106781186547));
#6653=DIRECTION('',(-3.13843964558348E-16,1.,1.8503717077086E-16));
#6654=DIRECTION('center_axis',(0.707106781186548,2.21921195573678E-16,0.707106781186548));
#6655=DIRECTION('ref_axis',(0.707106781186548,0.,-0.707106781186548));
#6656=DIRECTION('',(0.707106781186547,0.,-0.707106781186547));
#6657=DIRECTION('',(-3.13843964558348E-16,1.,0.));
#6658=DIRECTION('',(3.13843964558348E-16,-1.,0.));
#6659=DIRECTION('center_axis',(1.,0.,0.));
#6660=DIRECTION('ref_axis',(0.,0.,1.));
#6661=DIRECTION('center_axis',(1.,3.13843964558348E-16,0.));
#6662=DIRECTION('ref_axis',(0.,0.,1.));
#6663=DIRECTION('center_axis',(-1.,-3.13843964558348E-16,0.));
#6664=DIRECTION('ref_axis',(0.,0.,1.));
#6665=DIRECTION('center_axis',(0.,0.,-1.));
#6666=DIRECTION('ref_axis',(-9.25185853854297E-17,-1.,0.));
#6667=DIRECTION('',(-1.,0.,0.));
#6668=DIRECTION('',(-9.25185853854297E-17,-1.,0.));
#6669=DIRECTION('',(-1.,0.,0.));
#6670=DIRECTION('center_axis',(-1.,0.,0.));
#6671=DIRECTION('ref_axis',(0.,1.11022302462516E-15,-1.));
#6672=DIRECTION('',(-1.,0.,0.));
#6673=DIRECTION('center_axis',(-1.,0.,0.));
#6674=DIRECTION('ref_axis',(0.,1.11022302462516E-15,-1.));
#6675=DIRECTION('center_axis',(1.,3.13843964558348E-16,0.));
#6676=DIRECTION('ref_axis',(3.13843964558348E-16,-1.,0.));
#6677=DIRECTION('',(3.13843964558348E-16,-1.,0.));
#6678=DIRECTION('',(0.,0.,-1.));
#6679=DIRECTION('',(3.13843964558348E-16,-1.,0.));
#6680=DIRECTION('',(0.,0.,-1.));
#6681=DIRECTION('center_axis',(0.,-1.8503717077086E-16,1.));
#6682=DIRECTION('ref_axis',(9.25185853854299E-17,1.,1.8503717077086E-16));
#6683=DIRECTION('',(-1.,0.,0.));
#6684=DIRECTION('',(9.25185853854299E-17,1.,1.8503717077086E-16));
#6685=DIRECTION('center_axis',(-1.,0.,0.));
#6686=DIRECTION('ref_axis',(0.,0.,1.));
#6687=DIRECTION('center_axis',(-1.,0.,0.));
#6688=DIRECTION('ref_axis',(0.,0.,1.));
#6689=DIRECTION('center_axis',(1.,0.,0.));
#6690=DIRECTION('ref_axis',(0.,1.,0.));
#6691=DIRECTION('center_axis',(1.,0.,0.));
#6692=DIRECTION('ref_axis',(0.,0.,1.));
#6693=DIRECTION('',(0.,-1.,-3.7007434154172E-16));
#6694=DIRECTION('center_axis',(1.,0.,0.));
#6695=DIRECTION('ref_axis',(0.,2.22044604925031E-15,-1.));
#6696=DIRECTION('',(0.,1.,0.));
#6697=DIRECTION('center_axis',(0.,-3.7007434154172E-16,1.));
#6698=DIRECTION('ref_axis',(9.25185853854299E-17,1.,3.7007434154172E-16));
#6699=DIRECTION('',(-1.,0.,0.));
#6700=DIRECTION('',(1.855750695231E-16,-1.,-3.7007434154172E-16));
#6701=DIRECTION('',(-1.,0.,0.));
#6702=DIRECTION('center_axis',(-1.,0.,0.));
#6703=DIRECTION('ref_axis',(0.,0.,1.));
#6704=DIRECTION('',(-1.,0.,0.));
#6705=DIRECTION('center_axis',(1.,1.855750695231E-16,0.));
#6706=DIRECTION('ref_axis',(0.,0.,1.));
#6707=DIRECTION('center_axis',(0.,0.,-1.));
#6708=DIRECTION('ref_axis',(-9.25185853854297E-17,-1.,0.));
#6709=DIRECTION('',(-1.,0.,0.));
#6710=DIRECTION('',(-1.855750695231E-16,1.,0.));
#6711=DIRECTION('center_axis',(-1.,0.,0.));
#6712=DIRECTION('ref_axis',(0.,2.22044604925031E-15,-1.));
#6713=DIRECTION('center_axis',(1.,1.855750695231E-16,0.));
#6714=DIRECTION('ref_axis',(0.,2.22044604925031E-15,-1.));
#6715=DIRECTION('',(1.,0.,0.));
#6716=DIRECTION('',(1.,0.,0.));
#6717=DIRECTION('',(1.,0.,0.));
#6718=DIRECTION('center_axis',(0.,-0.935759709150708,0.352638294474922));
#6719=DIRECTION('ref_axis',(0.,-0.352638294474922,-0.935759709150708));
#6720=DIRECTION('',(-2.21346800786208E-16,-0.352638294474922,-0.935759709150708));
#6721=DIRECTION('',(1.,0.,0.));
#6722=DIRECTION('',(0.,-0.352638294474922,-0.935759709150708));
#6723=DIRECTION('center_axis',(0.,0.,-1.));
#6724=DIRECTION('ref_axis',(0.,1.,0.));
#6725=DIRECTION('',(6.27687929116696E-16,1.,0.));
#6726=DIRECTION('',(1.,0.,0.));
#6727=DIRECTION('',(0.,1.,0.));
#6728=DIRECTION('center_axis',(0.,0.936508043256727,0.350646096392725));
#6729=DIRECTION('ref_axis',(0.,-0.350646096392725,0.936508043256727));
#6730=DIRECTION('',(-2.20096322097603E-16,-0.350646096392725,0.936508043256727));
#6731=DIRECTION('',(0.,-0.350646096392725,0.936508043256727));
#6732=DIRECTION('center_axis',(0.,0.940102126154556,0.340892933924545));
#6733=DIRECTION('ref_axis',(0.,-0.340892933924545,0.940102126154556));
#6734=DIRECTION('',(-2.13974379745612E-16,-0.340892933924545,0.940102126154556));
#6735=DIRECTION('',(1.,0.,0.));
#6736=DIRECTION('',(0.,-0.340892933924545,0.940102126154556));
#6737=DIRECTION('',(1.,0.,0.));
#6738=DIRECTION('center_axis',(0.,0.,1.));
#6739=DIRECTION('ref_axis',(0.,-1.,0.));
#6740=DIRECTION('',(-6.27687929116696E-16,-1.,0.));
#6741=DIRECTION('',(1.,0.,0.));
#6742=DIRECTION('',(0.,-1.,0.));
#6743=DIRECTION('center_axis',(0.,-0.933183015563908,0.359401529578064));
#6744=DIRECTION('ref_axis',(0.,-0.359401529578064,-0.933183015563907));
#6745=DIRECTION('',(-2.25592001822228E-16,-0.359401529578064,-0.933183015563907));
#6746=DIRECTION('',(1.,0.,0.));
#6747=DIRECTION('',(0.,-0.359401529578064,-0.933183015563907));
#6748=DIRECTION('center_axis',(0.,0.,1.));
#6749=DIRECTION('ref_axis',(0.,-1.,0.));
#6750=DIRECTION('',(-6.27687929116696E-16,-1.,0.));
#6751=DIRECTION('',(1.,0.,0.));
#6752=DIRECTION('',(0.,-1.,0.));
#6753=DIRECTION('center_axis',(0.,0.925486568455476,-0.378780426643865));
#6754=DIRECTION('ref_axis',(0.,0.378780426643865,0.925486568455476));
#6755=DIRECTION('',(2.37755901590026E-16,0.378780426643865,0.925486568455476));
#6756=DIRECTION('',(1.,0.,0.));
#6757=DIRECTION('',(0.,0.378780426643865,0.925486568455476));
#6758=DIRECTION('center_axis',(0.,0.,-1.));
#6759=DIRECTION('ref_axis',(0.,1.,0.));
#6760=DIRECTION('',(6.27687929116696E-16,1.,0.));
#6761=DIRECTION('',(1.,0.,0.));
#6762=DIRECTION('',(0.,1.,0.));
#6763=DIRECTION('center_axis',(0.,-0.933526027474919,-0.358509631707291));
#6764=DIRECTION('ref_axis',(0.,0.358509631707291,-0.933526027474919));
#6765=DIRECTION('',(2.25032168294739E-16,0.358509631707291,-0.933526027474919));
#6766=DIRECTION('',(1.,0.,0.));
#6767=DIRECTION('',(0.,0.358509631707291,-0.933526027474919));
#6768=DIRECTION('center_axis',(0.,0.,1.));
#6769=DIRECTION('ref_axis',(0.,-1.,0.));
#6770=DIRECTION('',(-6.27687929116696E-16,-1.,0.));
#6771=DIRECTION('',(0.,-1.,0.));
#6772=DIRECTION('center_axis',(-1.,0.,0.));
#6773=DIRECTION('ref_axis',(0.,-1.,0.));
#6774=DIRECTION('center_axis',(0.,0.999998391443301,-0.00179363062279008));
#6775=DIRECTION('ref_axis',(0.,0.00179363062279008,0.999998391443301));
#6776=DIRECTION('',(1.1258402912194E-18,0.00179363062279008,0.999998391443301));
#6777=DIRECTION('',(1.,0.,0.));
#6778=DIRECTION('',(0.,0.00179363062279008,0.999998391443301));
#6779=DIRECTION('',(1.,0.,0.));
#6780=DIRECTION('center_axis',(0.,0.0017936306227902,0.999998391443301));
#6781=DIRECTION('ref_axis',(0.,-0.999998391443301,0.0017936306227902));
#6782=DIRECTION('',(-6.27686919445073E-16,-0.999998391443301,0.0017936306227902));
#6783=DIRECTION('',(1.,0.,0.));
#6784=DIRECTION('',(0.,-0.999998391443301,0.0017936306227902));
#6785=DIRECTION('center_axis',(0.,-0.999998391443301,0.00179363062279008));
#6786=DIRECTION('ref_axis',(0.,-0.00179363062279008,-0.999998391443301));
#6787=DIRECTION('',(-1.1258402912194E-18,-0.00179363062279008,-0.999998391443301));
#6788=DIRECTION('',(1.,0.,0.));
#6789=DIRECTION('',(0.,-0.00179363062279008,-0.999998391443301));
#6790=DIRECTION('center_axis',(0.,0.00179363062279217,0.999998391443301));
#6791=DIRECTION('ref_axis',(0.,-0.999998391443301,0.00179363062279217));
#6792=DIRECTION('',(-6.27686919445073E-16,-0.999998391443301,0.00179363062279217));
#6793=DIRECTION('',(1.,0.,0.));
#6794=DIRECTION('',(0.,-0.999998391443301,0.00179363062279217));
#6795=DIRECTION('center_axis',(0.,0.999998391443301,-0.00179363062278999));
#6796=DIRECTION('ref_axis',(0.,0.00179363062278999,0.999998391443301));
#6797=DIRECTION('',(1.12584029121934E-18,0.00179363062278999,0.999998391443301));
#6798=DIRECTION('',(1.,0.,0.));
#6799=DIRECTION('',(0.,0.00179363062278999,0.999998391443301));
#6800=DIRECTION('center_axis',(0.,-0.00179363062279217,-0.999998391443301));
#6801=DIRECTION('ref_axis',(0.,0.999998391443301,-0.00179363062279217));
#6802=DIRECTION('',(6.27686919445073E-16,0.999998391443301,-0.00179363062279217));
#6803=DIRECTION('',(1.,0.,0.));
#6804=DIRECTION('',(0.,0.999998391443301,-0.00179363062279217));
#6805=DIRECTION('center_axis',(0.,-0.999998391443301,0.00179363062279136));
#6806=DIRECTION('ref_axis',(0.,-0.00179363062279136,-0.999998391443301));
#6807=DIRECTION('',(-1.1258402912202E-18,-0.00179363062279136,-0.999998391443301));
#6808=DIRECTION('',(1.,0.,0.));
#6809=DIRECTION('',(0.,-0.00179363062279136,-0.999998391443301));
#6810=DIRECTION('center_axis',(0.,-0.0017936306227902,-0.999998391443301));
#6811=DIRECTION('ref_axis',(0.,0.999998391443301,-0.0017936306227902));
#6812=DIRECTION('',(6.27686919445073E-16,0.999998391443301,-0.0017936306227902));
#6813=DIRECTION('',(1.,0.,0.));
#6814=DIRECTION('',(0.,0.999998391443301,-0.0017936306227902));
#6815=DIRECTION('center_axis',(0.,0.999998391443301,-0.00179363062279136));
#6816=DIRECTION('ref_axis',(0.,0.00179363062279136,0.999998391443301));
#6817=DIRECTION('',(1.1258402912202E-18,0.00179363062279136,0.999998391443301));
#6818=DIRECTION('',(1.,0.,0.));
#6819=DIRECTION('',(0.,0.00179363062279136,0.999998391443301));
#6820=DIRECTION('center_axis',(0.,-0.00179363062279018,-0.999998391443301));
#6821=DIRECTION('ref_axis',(0.,0.999998391443301,-0.00179363062279018));
#6822=DIRECTION('',(6.27686919445073E-16,0.999998391443301,-0.00179363062279018));
#6823=DIRECTION('',(1.,0.,0.));
#6824=DIRECTION('',(0.,0.999998391443301,-0.00179363062279018));
#6825=DIRECTION('center_axis',(0.,-0.999998391443301,0.00179363062278999));
#6826=DIRECTION('ref_axis',(0.,-0.00179363062278999,-0.999998391443301));
#6827=DIRECTION('',(-1.12584029121934E-18,-0.00179363062278999,-0.999998391443301));
#6828=DIRECTION('',(1.,0.,0.));
#6829=DIRECTION('',(0.,-0.00179363062278999,-0.999998391443301));
#6830=DIRECTION('center_axis',(0.,0.00179363062279018,0.999998391443301));
#6831=DIRECTION('ref_axis',(0.,-0.999998391443301,0.00179363062279018));
#6832=DIRECTION('',(-6.27686919445073E-16,-0.999998391443301,0.00179363062279018));
#6833=DIRECTION('',(0.,-0.999998391443301,0.00179363062279018));
#6834=DIRECTION('center_axis',(1.,0.,0.));
#6835=DIRECTION('ref_axis',(0.,0.,-1.));
#6836=DIRECTION('center_axis',(0.,0.999998391443301,-0.00179363062278805));
#6837=DIRECTION('ref_axis',(0.,0.00179363062278805,0.999998391443301));
#6838=DIRECTION('',(1.12584029121812E-18,0.00179363062278805,0.999998391443301));
#6839=DIRECTION('',(1.,0.,0.));
#6840=DIRECTION('',(0.,0.00179363062278805,0.999998391443301));
#6841=DIRECTION('',(1.,0.,0.));
#6842=DIRECTION('center_axis',(0.,-0.00179363062279003,-0.999998391443301));
#6843=DIRECTION('ref_axis',(0.,0.999998391443301,-0.00179363062279003));
#6844=DIRECTION('',(6.27686919445073E-16,0.999998391443301,-0.00179363062279003));
#6845=DIRECTION('',(1.,0.,0.));
#6846=DIRECTION('',(0.,0.999998391443301,-0.00179363062279003));
#6847=DIRECTION('center_axis',(0.,0.999998391443301,-0.00179363062279025));
#6848=DIRECTION('ref_axis',(0.,0.00179363062279025,0.999998391443301));
#6849=DIRECTION('',(1.1258402912195E-18,0.00179363062279025,0.999998391443301));
#6850=DIRECTION('',(1.,0.,0.));
#6851=DIRECTION('',(0.,0.00179363062279025,0.999998391443301));
#6852=DIRECTION('center_axis',(0.,-0.00179363062278673,-0.999998391443301));
#6853=DIRECTION('ref_axis',(0.,0.999998391443301,-0.00179363062278673));
#6854=DIRECTION('',(6.27686919445073E-16,0.999998391443301,-0.00179363062278673));
#6855=DIRECTION('',(1.,0.,0.));
#6856=DIRECTION('',(0.,0.999998391443301,-0.00179363062278673));
#6857=DIRECTION('center_axis',(0.,-0.999998391443301,0.00179363062278999));
#6858=DIRECTION('ref_axis',(0.,-0.00179363062278999,-0.999998391443301));
#6859=DIRECTION('',(-1.12584029121934E-18,-0.00179363062278999,-0.999998391443301));
#6860=DIRECTION('',(1.,0.,0.));
#6861=DIRECTION('',(0.,-0.00179363062278999,-0.999998391443301));
#6862=DIRECTION('center_axis',(0.,0.00179363062278933,0.999998391443301));
#6863=DIRECTION('ref_axis',(0.,-0.999998391443301,0.00179363062278933));
#6864=DIRECTION('',(-6.27686919445073E-16,-0.999998391443301,0.00179363062278933));
#6865=DIRECTION('',(0.,-0.999998391443301,0.00179363062278933));
#6866=DIRECTION('center_axis',(1.,0.,0.));
#6867=DIRECTION('ref_axis',(0.,0.,-1.));
#6868=DIRECTION('center_axis',(0.,1.,9.41890587001637E-16));
#6869=DIRECTION('ref_axis',(0.,-9.41890587001637E-16,1.));
#6870=DIRECTION('',(-5.91213352009567E-31,-9.41890587001637E-16,1.));
#6871=DIRECTION('',(1.,0.,0.));
#6872=DIRECTION('',(0.,-9.41890587001637E-16,1.));
#6873=DIRECTION('',(1.,0.,0.));
#6874=DIRECTION('center_axis',(0.,-0.831383540492331,0.555699026990723));
#6875=DIRECTION('ref_axis',(0.,-0.555699026990723,-0.831383540492331));
#6876=DIRECTION('',(-3.4880557146397E-16,-0.555699026990723,-0.831383540492331));
#6877=DIRECTION('',(1.,0.,0.));
#6878=DIRECTION('',(0.,-0.555699026990723,-0.831383540492331));
#6879=DIRECTION('center_axis',(0.,0.,1.));
#6880=DIRECTION('ref_axis',(0.,-1.,0.));
#6881=DIRECTION('',(-6.27687929116696E-16,-1.,0.));
#6882=DIRECTION('',(1.,0.,0.));
#6883=DIRECTION('',(0.,-1.,0.));
#6884=DIRECTION('center_axis',(0.,1.,7.40148653672573E-16));
#6885=DIRECTION('ref_axis',(0.,-7.40148653672573E-16,1.));
#6886=DIRECTION('',(-4.64582375662248E-31,-7.40148653672573E-16,1.));
#6887=DIRECTION('',(1.,0.,0.));
#6888=DIRECTION('',(0.,-7.40148653672573E-16,1.));
#6889=DIRECTION('center_axis',(0.,0.,-1.));
#6890=DIRECTION('ref_axis',(0.,1.,0.));
#6891=DIRECTION('',(6.27687929116696E-16,1.,0.));
#6892=DIRECTION('',(1.,0.,0.));
#6893=DIRECTION('',(0.,1.,0.));
#6894=DIRECTION('center_axis',(0.,-1.,-9.42708847755886E-16));
#6895=DIRECTION('ref_axis',(0.,9.42708847755886E-16,-1.));
#6896=DIRECTION('',(5.91726964407879E-31,9.42708847755886E-16,-1.));
#6897=DIRECTION('',(1.,0.,0.));
#6898=DIRECTION('',(0.,9.42708847755886E-16,-1.));
#6899=DIRECTION('center_axis',(0.,0.831160401740049,-0.556032720781179));
#6900=DIRECTION('ref_axis',(0.,0.556032720781179,0.831160401740049));
#6901=DIRECTION('',(3.4901502702826E-16,0.556032720781179,0.831160401740049));
#6902=DIRECTION('',(1.,0.,0.));
#6903=DIRECTION('',(0.,0.556032720781179,0.831160401740049));
#6904=DIRECTION('center_axis',(0.,0.,-1.));
#6905=DIRECTION('ref_axis',(0.,1.,0.));
#6906=DIRECTION('',(6.27687929116696E-16,1.,0.));
#6907=DIRECTION('',(1.,0.,0.));
#6908=DIRECTION('',(0.,1.,0.));
#6909=DIRECTION('center_axis',(0.,-1.,-7.40148653672573E-16));
#6910=DIRECTION('ref_axis',(0.,7.40148653672573E-16,-1.));
#6911=DIRECTION('',(4.64582375662248E-31,7.40148653672573E-16,-1.));
#6912=DIRECTION('',(1.,0.,0.));
#6913=DIRECTION('',(0.,7.40148653672573E-16,-1.));
#6914=DIRECTION('center_axis',(0.,0.,1.));
#6915=DIRECTION('ref_axis',(0.,-1.,0.));
#6916=DIRECTION('',(-6.27687929116696E-16,-1.,0.));
#6917=DIRECTION('',(0.,-1.,0.));
#6918=DIRECTION('center_axis',(1.,0.,0.));
#6919=DIRECTION('ref_axis',(0.,0.,-1.));
#6920=DIRECTION('',(1.,0.,0.));
#6921=DIRECTION('',(1.,0.,0.));
#6922=DIRECTION('',(1.,0.,0.));
#6923=DIRECTION('',(1.,0.,0.));
#6924=DIRECTION('',(1.,0.,0.));
#6925=DIRECTION('',(1.,0.,0.));
#6926=DIRECTION('',(1.,0.,0.));
#6927=DIRECTION('',(1.,0.,0.));
#6928=DIRECTION('',(1.,0.,0.));
#6929=DIRECTION('',(1.,0.,0.));
#6930=DIRECTION('center_axis',(0.,0.229323511061228,0.973350259297521));
#6931=DIRECTION('ref_axis',(0.,-0.973350259297521,0.229323511061228));
#6932=DIRECTION('',(-6.1096020856366E-16,-0.973350259297521,0.229323511061228));
#6933=DIRECTION('',(1.,0.,0.));
#6934=DIRECTION('',(0.,-0.973350259297521,0.229323511061228));
#6935=DIRECTION('',(1.,0.,0.));
#6936=DIRECTION('',(1.,0.,0.));
#6937=DIRECTION('',(1.,0.,0.));
#6938=DIRECTION('',(1.,0.,0.));
#6939=DIRECTION('',(1.,0.,0.));
#6940=DIRECTION('',(1.,0.,0.));
#6941=DIRECTION('',(1.,0.,0.));
#6942=DIRECTION('',(1.,0.,0.));
#6943=DIRECTION('',(1.,0.,0.));
#6944=DIRECTION('',(1.,0.,0.));
#6945=DIRECTION('center_axis',(0.,0.244886841874694,-0.969551666842277));
#6946=DIRECTION('ref_axis',(0.,0.969551666842277,0.244886841874694));
#6947=DIRECTION('',(6.0857587793187E-16,0.969551666842277,0.244886841874694));
#6948=DIRECTION('',(1.,0.,0.));
#6949=DIRECTION('',(0.,0.969551666842277,0.244886841874694));
#6950=DIRECTION('center_axis',(-1.,0.,0.));
#6951=DIRECTION('ref_axis',(0.,-1.,0.));
#6952=DIRECTION('center_axis',(-1.,6.27687929116696E-16,0.));
#6953=DIRECTION('ref_axis',(6.27687929116696E-16,1.,0.));
#6954=DIRECTION('center_axis',(-0.70710678118656,0.707106781186535,0.));
#6955=DIRECTION('ref_axis',(0.,0.,1.));
#6956=DIRECTION('',(0.,0.,-1.));
#6957=DIRECTION('',(-0.577350269189612,-0.577350269189633,-0.577350269189633));
#6958=DIRECTION('',(-0.577350269189617,-0.577350269189637,0.577350269189623));
#6959=DIRECTION('',(0.,0.,1.));
#6960=DIRECTION('',(0.577350269189624,0.577350269189627,-0.577350269189627));
#6961=DIRECTION('center_axis',(-0.707106781186549,4.43842391147358E-16,
-0.707106781186546));
#6962=DIRECTION('ref_axis',(-0.707106781186546,0.,0.707106781186549));
#6963=DIRECTION('',(-6.27687929116696E-16,-1.,0.));
#6964=DIRECTION('',(6.27687929116696E-16,1.,0.));
#6965=DIRECTION('',(0.57735026918961,-0.577350269189634,-0.577350269189634));
#6966=DIRECTION('center_axis',(-0.707106781186538,-0.707106781186557,0.));
#6967=DIRECTION('ref_axis',(0.,0.,1.));
#6968=DIRECTION('',(0.,0.,-1.));
#6969=DIRECTION('',(0.577350269189626,-0.577350269189611,-0.57735026918964));
#6970=DIRECTION('',(0.577350269189636,-0.577350269189621,0.57735026918962));
#6971=DIRECTION('',(0.,0.,1.));
#6972=DIRECTION('center_axis',(0.,1.,0.));
#6973=DIRECTION('ref_axis',(1.,0.,0.));
#6974=DIRECTION('',(1.,0.,0.));
#6975=DIRECTION('',(0.,0.,1.));
#6976=DIRECTION('',(-1.,0.,0.));
#6977=DIRECTION('',(0.,0.,-1.));
#6978=DIRECTION('',(1.,0.,0.));
#6979=DIRECTION('center_axis',(0.,0.,1.));
#6980=DIRECTION('ref_axis',(0.,-1.,0.));
#6981=DIRECTION('',(1.,0.,0.));
#6982=DIRECTION('',(0.,1.,0.));
#6983=DIRECTION('center_axis',(-5.50981909527933E-16,-1.,0.));
#6984=DIRECTION('ref_axis',(-1.,5.50981909527933E-16,0.));
#6985=DIRECTION('',(-1.,5.50981909527933E-16,0.));
#6986=DIRECTION('',(0.,0.,-1.));
#6987=DIRECTION('',(-1.,5.50981909527933E-16,0.));
#6988=DIRECTION('',(0.,0.,-1.));
#6989=DIRECTION('center_axis',(-3.89603044538314E-16,-0.707106781186548,
-0.707106781186548));
#6990=DIRECTION('ref_axis',(-1.,0.,5.50981909527933E-16));
#6991=DIRECTION('',(-0.577350269189611,-0.577350269189652,0.577350269189614));
#6992=DIRECTION('',(1.,-5.50981909527933E-16,0.));
#6993=DIRECTION('',(-0.577350269189625,-0.577350269189628,0.577350269189625));
#6994=DIRECTION('center_axis',(-0.707106781186556,4.43842391147362E-16,
-0.707106781186539));
#6995=DIRECTION('ref_axis',(-0.707106781186539,0.,0.707106781186556));
#6996=DIRECTION('',(6.27687929116696E-16,1.,0.));
#6997=DIRECTION('',(-0.577350269189619,0.577350269189629,0.577350269189629));
#6998=DIRECTION('',(-6.27687929116696E-16,-1.,0.));
#6999=DIRECTION('center_axis',(0.,0.,-1.));
#7000=DIRECTION('ref_axis',(1.,0.,0.));
#7001=DIRECTION('center_axis',(0.,0.,-1.));
#7002=DIRECTION('ref_axis',(1.,0.,0.));
#7003=DIRECTION('',(0.707106781186547,-8.65956056235493E-17,0.707106781186548));
#7004=DIRECTION('center_axis',(0.,0.,1.));
#7005=DIRECTION('ref_axis',(1.,0.,0.));
#7006=DIRECTION('center_axis',(0.,0.,-1.));
#7007=DIRECTION('ref_axis',(1.,0.,0.));
#7008=DIRECTION('',(-6.27687929116696E-16,-1.,0.));
#7009=DIRECTION('',(-1.,0.,0.));
#7010=DIRECTION('',(0.,-1.,0.));
#7011=DIRECTION('',(-1.,0.,0.));
#7012=DIRECTION('',(-3.13843964558348E-16,1.,0.));
#7013=DIRECTION('',(1.,-5.1700840729653E-18,0.));
#7014=DIRECTION('center_axis',(0.,0.,-1.));
#7015=DIRECTION('ref_axis',(1.,0.,0.));
#7016=DIRECTION('center_axis',(0.,0.,-1.));
#7017=DIRECTION('ref_axis',(1.,0.,0.));
#7018=DIRECTION('center_axis',(0.,0.,-1.));
#7019=DIRECTION('ref_axis',(1.,0.,0.));
#7020=DIRECTION('center_axis',(0.,0.,-1.));
#7021=DIRECTION('ref_axis',(1.,0.,0.));
#7022=DIRECTION('',(0.,0.,1.));
#7023=DIRECTION('center_axis',(0.,0.,-1.));
#7024=DIRECTION('ref_axis',(1.,0.,0.));
#7025=DIRECTION('center_axis',(0.,0.,-1.));
#7026=DIRECTION('ref_axis',(1.,0.,0.));
#7027=DIRECTION('',(0.707106781186547,-8.65956056235493E-17,0.707106781186548));
#7028=DIRECTION('center_axis',(0.,0.,1.));
#7029=DIRECTION('ref_axis',(1.,0.,0.));
#7030=DIRECTION('center_axis',(0.,0.,-1.));
#7031=DIRECTION('ref_axis',(1.,0.,0.));
#7032=DIRECTION('',(0.,0.,1.));
#7033=DIRECTION('center_axis',(0.,0.,-1.));
#7034=DIRECTION('ref_axis',(1.,0.,0.));
#7035=DIRECTION('center_axis',(0.,0.,-1.));
#7036=DIRECTION('ref_axis',(1.,0.,0.));
#7037=DIRECTION('',(0.707106781186548,-8.65956056235493E-17,0.707106781186548));
#7038=DIRECTION('center_axis',(0.,0.,1.));
#7039=DIRECTION('ref_axis',(1.,0.,0.));
#7040=DIRECTION('center_axis',(0.,0.,-1.));
#7041=DIRECTION('ref_axis',(1.,0.,0.));
#7042=DIRECTION('',(0.,0.,1.));
#7043=DIRECTION('center_axis',(0.,0.,-1.));
#7044=DIRECTION('ref_axis',(1.,0.,0.));
#7045=DIRECTION('center_axis',(0.,0.,-1.));
#7046=DIRECTION('ref_axis',(1.,0.,0.));
#7047=DIRECTION('',(0.707106781186548,-8.65956056235493E-17,0.707106781186548));
#7048=DIRECTION('center_axis',(0.,0.,1.));
#7049=DIRECTION('ref_axis',(1.,0.,0.));
#7050=DIRECTION('center_axis',(0.,0.,-1.));
#7051=DIRECTION('ref_axis',(1.,0.,0.));
#7052=DIRECTION('',(0.,0.,1.));
#7053=DIRECTION('center_axis',(0.,0.,-1.));
#7054=DIRECTION('ref_axis',(1.,0.,0.));
#7055=DIRECTION('center_axis',(-0.707106781186551,4.43842391147359E-16,
-0.707106781186544));
#7056=DIRECTION('ref_axis',(-0.707106781186544,0.,0.707106781186551));
#7057=DIRECTION('',(-0.577350269189632,0.577350269189607,0.577350269189638));
#7058=DIRECTION('',(-0.577350269189626,-0.577350269189628,0.577350269189623));
#7059=DIRECTION('',(6.27687929116696E-16,1.,0.));
#7060=DIRECTION('center_axis',(-3.65580150729833E-18,-0.707106781186548,
-0.707106781186548));
#7061=DIRECTION('ref_axis',(-1.,0.,5.1700840729653E-18));
#7062=DIRECTION('',(0.577350269189627,-0.577350269189624,0.577350269189627));
#7063=DIRECTION('',(-1.,5.1700840729653E-18,0.));
#7064=DIRECTION('center_axis',(0.707106781186548,2.21921195573678E-16,-0.707106781186548));
#7065=DIRECTION('ref_axis',(-0.707106781186548,0.,-0.707106781186548));
#7066=DIRECTION('',(0.577350269189626,0.577350269189626,0.577350269189626));
#7067=DIRECTION('center_axis',(0.,0.707106781186548,-0.707106781186548));
#7068=DIRECTION('ref_axis',(-1.,0.,0.));
#7069=DIRECTION('',(1.,0.,0.));
#7070=DIRECTION('center_axis',(-0.707106781186548,0.,-0.707106781186548));
#7071=DIRECTION('ref_axis',(-0.707106781186548,0.,0.707106781186548));
#7072=DIRECTION('',(0.,1.,0.));
#7073=DIRECTION('',(-0.577350269189625,0.577350269189628,0.577350269189625));
#7074=DIRECTION('center_axis',(0.,0.707106781186548,-0.707106781186548));
#7075=DIRECTION('ref_axis',(-1.,0.,0.));
#7076=DIRECTION('center_axis',(-1.,0.,0.));
#7077=DIRECTION('ref_axis',(0.,1.,0.));
#7078=DIRECTION('',(0.,1.,0.));
#7079=DIRECTION('center_axis',(1.,0.,0.));
#7080=DIRECTION('ref_axis',(0.,-1.,0.));
#7081=DIRECTION('',(0.,-1.,0.));
#7082=DIRECTION('',(0.,0.,-1.));
#7083=DIRECTION('',(0.,-1.,0.));
#7084=DIRECTION('',(0.,0.,1.));
#7085=DIRECTION('',(0.,-1.,0.));
#7086=DIRECTION('',(0.,0.,-1.));
#7087=DIRECTION('',(0.,-1.,0.));
#7088=DIRECTION('',(0.,0.,-1.));
#7089=DIRECTION('',(0.,-1.,0.));
#7090=DIRECTION('center_axis',(0.,0.,-1.));
#7091=DIRECTION('ref_axis',(1.,0.,0.));
#7092=DIRECTION('',(1.,0.,0.));
#7093=DIRECTION('',(0.,-1.,0.));
#7094=DIRECTION('center_axis',(0.,0.,1.));
#7095=DIRECTION('ref_axis',(-1.,-9.25185853854298E-17,0.));
#7096=DIRECTION('',(0.,1.,0.));
#7097=DIRECTION('',(1.,0.,0.));
#7098=DIRECTION('',(0.,-1.,0.));
#7099=DIRECTION('center_axis',(0.,0.,1.));
#7100=DIRECTION('ref_axis',(-1.,1.24176294864004E-8,0.));
#7101=DIRECTION('',(-1.,-2.8467257041671E-16,0.));
#7102=DIRECTION('',(-1.855750695231E-16,1.,0.));
#7103=DIRECTION('',(1.,0.,0.));
#7104=DIRECTION('center_axis',(0.,0.,1.));
#7105=DIRECTION('ref_axis',(1.85037164796775E-16,-1.,0.));
#7106=DIRECTION('',(0.,-1.,0.));
#7107=DIRECTION('',(-1.,0.,0.));
#7108=DIRECTION('',(0.,1.,0.));
#7109=DIRECTION('center_axis',(0.,0.,1.));
#7110=DIRECTION('ref_axis',(1.,0.,0.));
#7111=DIRECTION('',(0.,-1.,0.));
#7112=DIRECTION('',(-1.,0.,0.));
#7113=DIRECTION('center_axis',(1.18419455722228E-15,-0.707106781186547,
0.707106781186548));
#7114=DIRECTION('ref_axis',(1.,0.,-1.67470400331216E-15));
#7115=DIRECTION('',(9.90634304942877E-15,0.707106781186548,0.707106781186547));
#7116=DIRECTION('',(-1.,0.,1.67470400331216E-15));
#7117=DIRECTION('',(-0.577350269189655,-0.577350269189612,-0.577350269189611));
#7118=DIRECTION('',(-0.161115707883246,-0.697868801664497,-0.697868801664496));
#7119=DIRECTION('',(1.,0.,0.));
#7120=DIRECTION('center_axis',(0.974370064785235,0.,-0.224951054343865));
#7121=DIRECTION('ref_axis',(-0.224951054343865,0.,-0.974370064785235));
#7122=DIRECTION('',(0.,1.,0.));
#7123=DIRECTION('',(-0.224951054343865,0.,-0.974370064785235));
#7124=DIRECTION('',(0.,-1.,0.));
#7125=DIRECTION('center_axis',(0.70710678118652,0.,-0.707106781186575));
#7126=DIRECTION('ref_axis',(-0.707106781186575,0.,-0.70710678118652));
#7127=DIRECTION('',(0.,1.,0.));
#7128=DIRECTION('',(-0.707106781186575,0.,-0.70710678118652));
#7129=DIRECTION('center_axis',(1.18419455722228E-15,0.707106781186549,0.707106781186546));
#7130=DIRECTION('ref_axis',(1.,0.,-1.67470400331216E-15));
#7131=DIRECTION('',(-9.90634304942879E-15,0.707106781186546,-0.707106781186549));
#7132=DIRECTION('',(-1.,0.,0.));
#7133=DIRECTION('',(0.161115707883247,-0.697868801664495,0.697868801664497));
#7134=DIRECTION('',(0.577350269189656,-0.57735026918961,0.577350269189611));
#7135=DIRECTION('',(1.,0.,-1.67470400331216E-15));
#7136=DIRECTION('center_axis',(1.,0.,-1.40096846940226E-14));
#7137=DIRECTION('ref_axis',(1.40096846940226E-14,0.,1.));
#7138=DIRECTION('',(0.,-1.,0.));
#7139=DIRECTION('',(1.40096846940226E-14,0.,1.));
#7140=DIRECTION('',(0.,-1.,0.));
#7141=DIRECTION('',(-1.40096846940226E-14,0.,-1.));
#7142=DIRECTION('center_axis',(1.67470400331216E-15,0.,1.));
#7143=DIRECTION('ref_axis',(-1.,0.,1.67470400331216E-15));
#7144=DIRECTION('',(0.,-1.,0.));
#7145=DIRECTION('',(-1.,0.,1.67470400331216E-15));
#7146=DIRECTION('center_axis',(-0.70710678118652,0.,0.707106781186575));
#7147=DIRECTION('ref_axis',(-0.707106781186575,0.,-0.70710678118652));
#7148=DIRECTION('',(0.,-1.,0.));
#7149=DIRECTION('',(-0.707106781186575,0.,-0.70710678118652));
#7150=DIRECTION('center_axis',(-1.67470400331216E-15,0.,-1.));
#7151=DIRECTION('ref_axis',(-1.,0.,1.67470400331216E-15));
#7152=DIRECTION('',(0.,1.,0.));
#7153=DIRECTION('',(-1.,0.,1.67470400331216E-15));
#7154=DIRECTION('center_axis',(-1.,0.,1.40096846940226E-14));
#7155=DIRECTION('ref_axis',(1.40096846940226E-14,0.,1.));
#7156=DIRECTION('',(1.40096846940226E-14,0.,1.));
#7157=DIRECTION('',(0.,1.,0.));
#7158=DIRECTION('',(1.40096846940226E-14,0.,1.));
#7159=DIRECTION('center_axis',(-0.866025403784428,0.,0.500000000000018));
#7160=DIRECTION('ref_axis',(0.500000000000018,0.,0.866025403784428));
#7161=DIRECTION('',(0.500000000000018,0.,0.866025403784428));
#7162=DIRECTION('',(0.500000000000018,0.,0.866025403784428));
#7163=DIRECTION('center_axis',(0.,-1.,0.));
#7164=DIRECTION('ref_axis',(0.,0.,-1.));
#7165=DIRECTION('center_axis',(0.,1.,0.));
#7166=DIRECTION('ref_axis',(1.,0.,0.));
#7167=DIRECTION('',(1.,0.,0.));
#7168=DIRECTION('',(0.,0.,-1.));
#7169=DIRECTION('center_axis',(0.866025403784428,0.,-0.500000000000018));
#7170=DIRECTION('ref_axis',(0.500000000000018,0.,0.866025403784428));
#7171=DIRECTION('',(-0.500000000000018,0.,-0.866025403784428));
#7172=DIRECTION('',(0.500000000000018,0.,0.866025403784428));
#7173=DIRECTION('center_axis',(-0.974370064785235,0.,0.224951054343865));
#7174=DIRECTION('ref_axis',(-0.224951054343865,0.,-0.974370064785235));
#7175=DIRECTION('',(0.,-1.,0.));
#7176=DIRECTION('',(-0.224951054343865,0.,-0.974370064785235));
#7177=DIRECTION('center_axis',(0.,-1.,0.));
#7178=DIRECTION('ref_axis',(0.,0.,-1.));
#7179=DIRECTION('center_axis',(0.,-1.,0.));
#7180=DIRECTION('ref_axis',(0.,0.,-1.));
#7181=DIRECTION('',(1.,0.,0.));
#7182=DIRECTION('',(0.,0.,-1.));
#7183=DIRECTION('',(1.,0.,0.));
#7184=DIRECTION('',(0.,0.,1.));
#7185=DIRECTION('center_axis',(0.,-0.707106781186542,0.707106781186553));
#7186=DIRECTION('ref_axis',(0.,-0.707106781186553,-0.707106781186542));
#7187=DIRECTION('',(0.,0.707106781186553,0.707106781186542));
#7188=DIRECTION('',(0.,-0.707106781186553,-0.707106781186542));
#7189=DIRECTION('',(1.,0.,0.));
#7190=DIRECTION('center_axis',(0.,0.,1.));
#7191=DIRECTION('ref_axis',(0.,-1.,0.));
#7192=DIRECTION('',(0.,1.,0.));
#7193=DIRECTION('',(0.,-1.,0.));
#7194=DIRECTION('',(1.,0.,0.));
#7195=DIRECTION('center_axis',(0.,1.,-6.15874093318817E-15));
#7196=DIRECTION('ref_axis',(0.,6.15874093318817E-15,1.));
#7197=DIRECTION('',(0.,-6.15874093318817E-15,-1.));
#7198=DIRECTION('',(0.,6.15874093318817E-15,1.));
#7199=DIRECTION('',(1.,0.,0.));
#7200=DIRECTION('center_axis',(0.,0.866025403784432,-0.500000000000011));
#7201=DIRECTION('ref_axis',(0.,0.500000000000011,0.866025403784432));
#7202=DIRECTION('',(0.,-0.500000000000011,-0.866025403784432));
#7203=DIRECTION('',(0.,0.500000000000011,0.866025403784432));
#7204=DIRECTION('',(1.,0.,0.));
#7205=DIRECTION('center_axis',(1.,0.,0.));
#7206=DIRECTION('ref_axis',(0.,0.,-1.));
#7207=DIRECTION('',(0.,0.,1.));
#7208=DIRECTION('center_axis',(1.,0.,0.));
#7209=DIRECTION('ref_axis',(0.,1.,0.));
#7210=DIRECTION('',(0.,0.,-1.));
#7211=DIRECTION('center_axis',(0.,-1.,-6.15874093318817E-15));
#7212=DIRECTION('ref_axis',(0.,6.15874093318817E-15,-1.));
#7213=DIRECTION('',(0.,6.15874093318817E-15,-1.));
#7214=DIRECTION('',(1.,0.,0.));
#7215=DIRECTION('',(0.,6.15874093318817E-15,-1.));
#7216=DIRECTION('',(1.,0.,0.));
#7217=DIRECTION('center_axis',(0.,0.,1.));
#7218=DIRECTION('ref_axis',(0.,-1.,0.));
#7219=DIRECTION('',(0.,-1.,0.));
#7220=DIRECTION('',(0.,-1.,0.));
#7221=DIRECTION('',(1.,0.,0.));
#7222=DIRECTION('center_axis',(0.,0.707106781186542,0.707106781186553));
#7223=DIRECTION('ref_axis',(0.,-0.707106781186553,0.707106781186542));
#7224=DIRECTION('',(0.,-0.707106781186553,0.707106781186542));
#7225=DIRECTION('',(0.,-0.707106781186553,0.707106781186542));
#7226=DIRECTION('',(1.,0.,0.));
#7227=DIRECTION('center_axis',(0.,1.,0.));
#7228=DIRECTION('ref_axis',(0.,0.,1.));
#7229=DIRECTION('',(-1.,0.,0.));
#7230=DIRECTION('',(0.,0.,1.));
#7231=DIRECTION('',(0.,0.,1.));
#7232=DIRECTION('center_axis',(0.,-0.866025403784432,-0.500000000000011));
#7233=DIRECTION('ref_axis',(0.,0.500000000000011,-0.866025403784432));
#7234=DIRECTION('',(0.,0.500000000000011,-0.866025403784432));
#7235=DIRECTION('',(-1.,0.,0.));
#7236=DIRECTION('',(0.,0.500000000000011,-0.866025403784432));
#7237=DIRECTION('center_axis',(1.,0.,0.));
#7238=DIRECTION('ref_axis',(0.,0.,-1.));
#7239=DIRECTION('',(0.,0.,-1.));
#7240=DIRECTION('center_axis',(1.,0.,0.));
#7241=DIRECTION('ref_axis',(0.,1.,0.));
#7242=DIRECTION('',(0.,0.,1.));
#7243=DIRECTION('center_axis',(-1.,0.,0.));
#7244=DIRECTION('ref_axis',(0.,-0.38268343236509,0.923879532511287));
#7245=DIRECTION('center_axis',(-0.707106781186547,-1.31896205597289E-16,
-0.707106781186548));
#7246=DIRECTION('ref_axis',(-0.707106781186548,1.5827544946409E-16,0.707106781186547));
#7247=DIRECTION('',(-1.,0.,0.));
#7248=DIRECTION('center_axis',(1.,0.,0.));
#7249=DIRECTION('ref_axis',(0.,0.,1.));
#7250=DIRECTION('',(1.,0.,0.));
#7251=DIRECTION('center_axis',(-1.,-1.86529402781236E-16,0.));
#7252=DIRECTION('ref_axis',(0.,-0.38268343236509,0.923879532511287));
#7253=DIRECTION('center_axis',(0.,0.,-1.));
#7254=DIRECTION('ref_axis',(-1.,0.,0.));
#7255=DIRECTION('center_axis',(0.,-1.,0.));
#7256=DIRECTION('ref_axis',(0.,0.,1.));
#7257=DIRECTION('center_axis',(0.,0.,1.));
#7258=DIRECTION('ref_axis',(-0.707106781186548,-0.707106781186547,0.));
#7259=DIRECTION('center_axis',(0.,0.,-1.));
#7260=DIRECTION('ref_axis',(-0.707106781186548,-0.707106781186547,0.));
#7261=DIRECTION('center_axis',(0.,1.,0.));
#7262=DIRECTION('ref_axis',(-0.38268343236509,0.,0.923879532511287));
#7263=DIRECTION('center_axis',(0.,-1.,0.));
#7264=DIRECTION('ref_axis',(-0.38268343236509,0.,0.923879532511287));
#7265=DIRECTION('',(0.,-1.,0.));
#7266=DIRECTION('',(0.,1.,0.));
#7267=DIRECTION('center_axis',(0.,-0.707106781186548,-0.707106781186548));
#7268=DIRECTION('ref_axis',(0.,-0.707106781186547,0.707106781186547));
#7269=DIRECTION('center_axis',(0.,0.707106781186548,0.707106781186548));
#7270=DIRECTION('ref_axis',(1.,0.,0.));
#7271=DIRECTION('',(1.,0.,0.));
#7272=DIRECTION('',(0.577350269189627,0.577350269189625,-0.577350269189625));
#7273=DIRECTION('',(-1.,0.,0.));
#7274=DIRECTION('center_axis',(0.,0.,-1.));
#7275=DIRECTION('ref_axis',(1.,0.,0.));
#7276=DIRECTION('',(1.86529402781236E-16,-1.,0.));
#7277=DIRECTION('center_axis',(0.,0.,-1.));
#7278=DIRECTION('ref_axis',(1.,0.,0.));
#7279=DIRECTION('center_axis',(0.707106781186547,1.31896205597289E-16,0.707106781186548));
#7280=DIRECTION('ref_axis',(0.707106781186548,0.,-0.707106781186547));
#7281=DIRECTION('',(-1.86529402781236E-16,1.,0.));
#7282=DIRECTION('center_axis',(0.,-0.707106781186548,0.707106781186548));
#7283=DIRECTION('ref_axis',(1.,0.,0.));
#7284=DIRECTION('',(0.,-0.707106781186548,-0.707106781186548));
#7285=DIRECTION('',(1.,0.,0.));
#7286=DIRECTION('',(-1.31896205597289E-16,0.707106781186548,0.707106781186548));
#7287=DIRECTION('center_axis',(0.,0.,-1.));
#7288=DIRECTION('ref_axis',(1.85037164796775E-16,-1.,0.));
#7289=DIRECTION('',(-0.707106781186547,0.,-0.707106781186547));
#7290=DIRECTION('center_axis',(0.,0.,1.));
#7291=DIRECTION('ref_axis',(1.85037164796775E-16,-1.,0.));
#7292=DIRECTION('center_axis',(-0.707106781186548,0.,0.707106781186548));
#7293=DIRECTION('ref_axis',(0.707106781186548,0.,0.707106781186548));
#7294=DIRECTION('',(-0.707106781186548,0.,-0.707106781186548));
#7295=DIRECTION('',(0.,-1.,0.));
#7296=DIRECTION('center_axis',(0.,-1.,0.));
#7297=DIRECTION('ref_axis',(-1.,0.,0.));
#7298=DIRECTION('',(0.,0.,-1.));
#7299=DIRECTION('',(0.,0.,-1.));
#7300=DIRECTION('center_axis',(0.,0.,-1.));
#7301=DIRECTION('ref_axis',(1.85037164796775E-16,-1.,0.));
#7302=DIRECTION('',(0.,0.,-1.));
#7303=DIRECTION('center_axis',(-1.,0.,0.));
#7304=DIRECTION('ref_axis',(0.,1.,0.));
#7305=DIRECTION('',(0.,0.,1.));
#7306=DIRECTION('center_axis',(0.,1.,0.));
#7307=DIRECTION('ref_axis',(1.,0.,0.));
#7308=DIRECTION('',(0.,0.,-1.));
#7309=DIRECTION('',(-1.,0.,0.));
#7310=DIRECTION('center_axis',(-2.0129390495946E-16,0.707106781186548,0.707106781186547));
#7311=DIRECTION('ref_axis',(1.,0.,2.8467257041671E-16));
#7312=DIRECTION('',(-1.33058680754939E-16,0.707106781186547,-0.707106781186548));
#7313=DIRECTION('',(-1.,-2.8467257041671E-16,0.));
#7314=DIRECTION('',(0.,-0.707106781186547,0.707106781186548));
#7315=DIRECTION('',(1.,2.8467257041671E-16,0.));
#7316=DIRECTION('',(0.577350269189626,0.577350269189625,-0.577350269189626));
#7317=DIRECTION('center_axis',(0.,0.,-1.));
#7318=DIRECTION('ref_axis',(-1.,1.24176294864004E-8,0.));
#7319=DIRECTION('',(0.707106781186547,-8.78058977622051E-9,0.707106781186548));
#7320=DIRECTION('center_axis',(0.,0.,-1.));
#7321=DIRECTION('ref_axis',(-1.,1.24176294864004E-8,0.));
#7322=DIRECTION('center_axis',(0.,0.,1.));
#7323=DIRECTION('ref_axis',(-1.,1.24176294864004E-8,0.));
#7324=DIRECTION('center_axis',(-0.707106781186548,0.,0.707106781186548));
#7325=DIRECTION('ref_axis',(0.707106781186548,0.,0.707106781186548));
#7326=DIRECTION('',(0.577350269189626,0.577350269189626,0.577350269189626));
#7327=DIRECTION('',(0.,1.,0.));
#7328=DIRECTION('',(0.,-1.,0.));
#7329=DIRECTION('',(0.707106781186548,0.,0.707106781186548));
#7330=DIRECTION('center_axis',(0.707106781186547,1.33058680754939E-16,0.707106781186548));
#7331=DIRECTION('ref_axis',(0.707106781186548,0.,-0.707106781186547));
#7332=DIRECTION('',(1.88173390915107E-16,-1.,0.));
#7333=DIRECTION('',(0.577350269189626,-0.577350269189626,-0.577350269189625));
#7334=DIRECTION('',(-1.88173390915107E-16,1.,0.));
#7335=DIRECTION('center_axis',(0.,0.,-1.));
#7336=DIRECTION('ref_axis',(1.,0.,0.));
#7337=DIRECTION('',(-1.,0.,0.));
#7338=DIRECTION('center_axis',(0.,0.,-1.));
#7339=DIRECTION('ref_axis',(1.,0.,0.));
#7340=DIRECTION('center_axis',(0.,-0.707106781186547,0.707106781186548));
#7341=DIRECTION('ref_axis',(1.,0.,0.));
#7342=DIRECTION('',(1.,0.,0.));
#7343=DIRECTION('center_axis',(0.,-0.707106781186547,0.707106781186548));
#7344=DIRECTION('ref_axis',(1.,0.,0.));
#7345=DIRECTION('',(0.,0.707106781186548,0.707106781186547));
#7346=DIRECTION('',(-1.,0.,0.));
#7347=DIRECTION('',(0.,-0.707106781186548,-0.707106781186547));
#7348=DIRECTION('',(1.,0.,0.));
#7349=DIRECTION('center_axis',(0.,-1.,0.));
#7350=DIRECTION('ref_axis',(-1.,0.,0.));
#7351=DIRECTION('',(0.,0.,1.));
#7352=DIRECTION('',(1.,0.,0.));
#7353=DIRECTION('',(0.,0.,-1.));
#7354=DIRECTION('center_axis',(-1.,0.,0.));
#7355=DIRECTION('ref_axis',(0.,1.,0.));
#7356=DIRECTION('',(0.,-1.,0.));
#7357=DIRECTION('',(0.,0.,-1.));
#7358=DIRECTION('center_axis',(1.,1.88173390915107E-16,0.));
#7359=DIRECTION('ref_axis',(1.88173390915107E-16,-1.,0.));
#7360=DIRECTION('',(0.,0.,-1.));
#7361=DIRECTION('',(-1.855750695231E-16,1.,0.));
#7362=DIRECTION('center_axis',(0.,-1.,0.));
#7363=DIRECTION('ref_axis',(-1.,0.,0.));
#7364=DIRECTION('',(1.,0.,0.));
#7365=DIRECTION('center_axis',(-1.,0.,0.));
#7366=DIRECTION('ref_axis',(0.,1.,0.));
#7367=DIRECTION('',(0.,0.,1.));
#7368=DIRECTION('',(0.,0.,-1.));
#7369=DIRECTION('center_axis',(0.,0.707106781186548,0.707106781186548));
#7370=DIRECTION('ref_axis',(1.,0.,0.));
#7371=DIRECTION('',(0.,-0.707106781186548,0.707106781186548));
#7372=DIRECTION('',(1.,0.,0.));
#7373=DIRECTION('',(0.,0.707106781186548,-0.707106781186548));
#7374=DIRECTION('',(-1.,0.,0.));
#7375=DIRECTION('center_axis',(0.,0.,-1.));
#7376=DIRECTION('ref_axis',(1.,0.,0.));
#7377=DIRECTION('',(0.,-1.,0.));
#7378=DIRECTION('center_axis',(0.,0.,1.));
#7379=DIRECTION('ref_axis',(1.,0.,0.));
#7380=DIRECTION('',(0.,1.,0.));
#7381=DIRECTION('center_axis',(0.,0.,-1.));
#7382=DIRECTION('ref_axis',(1.,0.,0.));
#7383=DIRECTION('center_axis',(-1.,0.,0.));
#7384=DIRECTION('ref_axis',(0.,1.,0.));
#7385=DIRECTION('',(0.,0.,-1.));
#7386=DIRECTION('',(0.,0.,1.));
#7387=DIRECTION('',(0.,0.,-1.));
#7388=DIRECTION('center_axis',(0.,0.,-1.));
#7389=DIRECTION('ref_axis',(-1.,1.24176294864004E-8,0.));
#7390=DIRECTION('',(0.,0.,-1.));
#7391=DIRECTION('center_axis',(0.,1.,0.));
#7392=DIRECTION('ref_axis',(1.,0.,0.));
#7393=DIRECTION('',(1.,0.,0.));
#7394=DIRECTION('',(0.,0.,1.));
#7395=DIRECTION('',(1.,0.,0.));
#7396=DIRECTION('center_axis',(0.,-1.,0.));
#7397=DIRECTION('ref_axis',(-1.,0.,0.));
#7398=DIRECTION('',(-1.,0.,0.));
#7399=DIRECTION('',(0.,0.,-1.));
#7400=DIRECTION('',(-1.,0.,0.));
#7401=DIRECTION('center_axis',(0.,-1.,0.));
#7402=DIRECTION('ref_axis',(-1.,0.,0.));
#7403=DIRECTION('',(-1.,0.,0.));
#7404=DIRECTION('center_axis',(0.,0.,-1.));
#7405=DIRECTION('ref_axis',(1.,0.,0.));
#7406=DIRECTION('',(0.,0.,1.));
#7407=DIRECTION('center_axis',(1.,1.86529402781236E-16,0.));
#7408=DIRECTION('ref_axis',(1.86529402781236E-16,-1.,0.));
#7409=DIRECTION('',(-1.855750695231E-16,1.,0.));
#7410=DIRECTION('center_axis',(0.,0.,-1.));
#7411=DIRECTION('ref_axis',(1.,0.,0.));
#7412=DIRECTION('center_axis',(0.,0.,1.));
#7413=DIRECTION('ref_axis',(1.,0.,0.));
#7414=DIRECTION('',(0.,0.,1.));
#7415=DIRECTION('center_axis',(0.,0.,-1.));
#7416=DIRECTION('ref_axis',(1.,0.,0.));
#7417=DIRECTION('center_axis',(-1.,-1.855750695231E-16,0.));
#7418=DIRECTION('ref_axis',(-1.855750695231E-16,1.,0.));
#7419=DIRECTION('',(0.,0.,1.));
#7420=DIRECTION('',(-1.855750695231E-16,1.,0.));
#7421=DIRECTION('center_axis',(0.,0.,-1.));
#7422=DIRECTION('ref_axis',(1.,0.,0.));
#7423=DIRECTION('center_axis',(0.,0.,1.));
#7424=DIRECTION('ref_axis',(1.,0.,0.));
#7425=DIRECTION('',(0.,0.,1.));
#7426=DIRECTION('center_axis',(1.,0.,0.));
#7427=DIRECTION('ref_axis',(0.,-1.,0.));
#7428=DIRECTION('',(0.,0.,-1.));
#7429=DIRECTION('center_axis',(0.,1.,0.));
#7430=DIRECTION('ref_axis',(1.,0.,0.));
#7431=DIRECTION('',(-1.,0.,0.));
#7432=DIRECTION('center_axis',(0.,0.,-1.));
#7433=DIRECTION('ref_axis',(1.,0.,0.));
#7434=DIRECTION('center_axis',(0.,0.,-1.));
#7435=DIRECTION('ref_axis',(1.,0.,0.));
#7436=DIRECTION('center_axis',(0.,0.,1.));
#7437=DIRECTION('ref_axis',(1.,0.,0.));
#7438=DIRECTION('',(0.,0.,1.));
#7439=DIRECTION('center_axis',(-2.8467257041671E-16,1.,0.));
#7440=DIRECTION('ref_axis',(1.,2.8467257041671E-16,0.));
#7441=DIRECTION('center_axis',(0.,0.,-1.));
#7442=DIRECTION('ref_axis',(1.,0.,0.));
#7443=DIRECTION('center_axis',(0.,0.,-1.));
#7444=DIRECTION('ref_axis',(1.,0.,0.));
#7445=DIRECTION('',(0.,1.,0.));
#7446=DIRECTION('center_axis',(0.,0.,1.));
#7447=DIRECTION('ref_axis',(-1.,-9.25185853854298E-17,0.));
#7448=DIRECTION('center_axis',(0.,0.,-1.));
#7449=DIRECTION('ref_axis',(1.,0.,0.));
#7450=DIRECTION('center_axis',(0.,0.,-1.));
#7451=DIRECTION('ref_axis',(1.,0.,0.));
#7452=DIRECTION('center_axis',(0.,0.,1.));
#7453=DIRECTION('ref_axis',(1.,0.,0.));
#7454=DIRECTION('',(0.,0.,1.));
#7455=DIRECTION('center_axis',(1.,0.,0.));
#7456=DIRECTION('ref_axis',(0.,-1.,0.));
#7457=DIRECTION('',(0.,0.,-1.));
#7458=DIRECTION('center_axis',(0.,0.,-1.));
#7459=DIRECTION('ref_axis',(-1.,-9.25185853854298E-17,0.));
#7460=DIRECTION('center_axis',(0.,0.,-1.));
#7461=DIRECTION('ref_axis',(1.,0.,0.));
#7462=DIRECTION('center_axis',(-5.1700840729653E-18,-1.,0.));
#7463=DIRECTION('ref_axis',(-1.,5.1700840729653E-18,0.));
#7464=DIRECTION('',(-1.,5.1700840729653E-18,0.));
#7465=DIRECTION('',(0.,0.,-1.));
#7466=DIRECTION('center_axis',(0.,1.,0.));
#7467=DIRECTION('ref_axis',(1.,0.,0.));
#7468=DIRECTION('',(0.,0.,-1.));
#7469=DIRECTION('',(1.,0.,0.));
#7470=DIRECTION('center_axis',(-1.,6.27687929116696E-16,0.));
#7471=DIRECTION('ref_axis',(6.27687929116696E-16,1.,0.));
#7472=DIRECTION('',(6.27687929116696E-16,1.,0.));
#7473=DIRECTION('center_axis',(0.,0.,-1.));
#7474=DIRECTION('ref_axis',(1.,0.,0.));
#7475=CARTESIAN_POINT('',(0.,0.,0.));
#7476=CARTESIAN_POINT('Ctrl Pts',(3.29999999999999,31.9962591018974,-14.9155064625141));
#7477=CARTESIAN_POINT('Ctrl Pts',(2.79999999999999,31.9962591018974,-14.9155064625141));
#7478=CARTESIAN_POINT('Ctrl Pts',(3.29999999999999,32.2702660541218,-15.0370135790759));
#7479=CARTESIAN_POINT('Ctrl Pts',(2.79999999999999,32.2702660541218,-15.0370135790759));
#7480=CARTESIAN_POINT('Ctrl Pts',(3.29999999999999,32.4243610012765,-15.2770106205201));
#7481=CARTESIAN_POINT('Ctrl Pts',(2.79999999999999,32.4243610012765,-15.2770106205201));
#7482=CARTESIAN_POINT('',(3.29999999999999,31.9962591018974,-14.9155064625141));
#7483=CARTESIAN_POINT('',(3.29999999999999,32.4243610012765,-15.2770106205201));
#7484=CARTESIAN_POINT('Ctrl Pts',(3.29999999999999,31.9962591018974,-14.9155064625141));
#7485=CARTESIAN_POINT('Ctrl Pts',(3.29999999999999,32.2702660541218,-15.0370135790759));
#7486=CARTESIAN_POINT('Ctrl Pts',(3.29999999999999,32.4243610012765,-15.2770106205201));
#7487=CARTESIAN_POINT('',(2.79999999999999,31.9962591018974,-14.9155064625141));
#7488=CARTESIAN_POINT('',(3.29999999999999,31.9962591018974,-14.9155064625141));
#7489=CARTESIAN_POINT('',(2.79999999999999,32.4243610012765,-15.2770106205201));
#7490=CARTESIAN_POINT('Ctrl Pts',(2.79999999999999,31.9962591018974,-14.9155064625141));
#7491=CARTESIAN_POINT('Ctrl Pts',(2.79999999999999,32.2702660541218,-15.0370135790759));
#7492=CARTESIAN_POINT('Ctrl Pts',(2.79999999999999,32.4243610012765,-15.2770106205201));
#7493=CARTESIAN_POINT('',(3.29999999999999,32.4243610012765,-15.2770106205201));
#7494=CARTESIAN_POINT('Ctrl Pts',(3.29999999999999,31.3150430097581,-14.7898229696435));
#7495=CARTESIAN_POINT('Ctrl Pts',(2.79999999999999,31.3150430097581,-14.7898229696435));
#7496=CARTESIAN_POINT('Ctrl Pts',(3.29999999999999,31.7222521466163,-14.7939996439599));
#7497=CARTESIAN_POINT('Ctrl Pts',(2.79999999999999,31.7222521466163,-14.7939996439599));
#7498=CARTESIAN_POINT('Ctrl Pts',(3.29999999999999,31.9962591018974,-14.9155064625141));
#7499=CARTESIAN_POINT('Ctrl Pts',(2.79999999999999,31.9962591018974,-14.9155064625141));
#7500=CARTESIAN_POINT('',(3.29999999999999,31.3150430097581,-14.7898229696435));
#7501=CARTESIAN_POINT('Ctrl Pts',(3.29999999999999,31.3150430097581,-14.7898229696435));
#7502=CARTESIAN_POINT('Ctrl Pts',(3.29999999999999,31.7222521466163,-14.7939996439599));
#7503=CARTESIAN_POINT('Ctrl Pts',(3.29999999999999,31.9962591018974,-14.9155064625141));
#7504=CARTESIAN_POINT('',(2.79999999999999,31.3150430097581,-14.7898229696435));
#7505=CARTESIAN_POINT('',(3.29999999999999,31.3150430097581,-14.7898229696435));
#7506=CARTESIAN_POINT('Ctrl Pts',(2.79999999999999,31.3150430097581,-14.7898229696435));
#7507=CARTESIAN_POINT('Ctrl Pts',(2.79999999999999,31.7222521466163,-14.7939996439599));
#7508=CARTESIAN_POINT('Ctrl Pts',(2.79999999999999,31.9962591018974,-14.9155064625141));
#7509=CARTESIAN_POINT('Ctrl Pts',(3.29999999999999,30.7357629278372,-14.9015546017773));
#7510=CARTESIAN_POINT('Ctrl Pts',(2.79999999999999,30.7357629278372,-14.9015546017773));
#7511=CARTESIAN_POINT('Ctrl Pts',(3.29999999999999,30.9937774619038,-14.7865278039878));
#7512=CARTESIAN_POINT('Ctrl Pts',(2.79999999999999,30.9937774619038,-14.7865278039878));
#7513=CARTESIAN_POINT('Ctrl Pts',(3.29999999999999,31.3150430097581,-14.7898229696435));
#7514=CARTESIAN_POINT('Ctrl Pts',(2.79999999999999,31.3150430097581,-14.7898229696435));
#7515=CARTESIAN_POINT('',(3.29999999999999,30.7357629278372,-14.9015546017773));
#7516=CARTESIAN_POINT('Ctrl Pts',(3.29999999999999,30.7357629278372,-14.9015546017773));
#7517=CARTESIAN_POINT('Ctrl Pts',(3.29999999999999,30.9937774619038,-14.7865278039878));
#7518=CARTESIAN_POINT('Ctrl Pts',(3.29999999999999,31.3150430097581,-14.7898229696435));
#7519=CARTESIAN_POINT('',(2.79999999999999,30.7357629278372,-14.9015546017773));
#7520=CARTESIAN_POINT('',(3.29999999999999,30.7357629278372,-14.9015546017773));
#7521=CARTESIAN_POINT('Ctrl Pts',(2.79999999999999,30.7357629278372,-14.9015546017773));
#7522=CARTESIAN_POINT('Ctrl Pts',(2.79999999999999,30.9937774619038,-14.7865278039878));
#7523=CARTESIAN_POINT('Ctrl Pts',(2.79999999999999,31.3150430097581,-14.7898229696435));
#7524=CARTESIAN_POINT('Ctrl Pts',(3.29999999999999,30.3384756433304,-15.2269649764269));
#7525=CARTESIAN_POINT('Ctrl Pts',(2.79999999999999,30.3384756433304,-15.2269649764269));
#7526=CARTESIAN_POINT('Ctrl Pts',(3.29999999999999,30.4777480957631,-15.0165813965101));
#7527=CARTESIAN_POINT('Ctrl Pts',(2.79999999999999,30.4777480957631,-15.0165813965101));
#7528=CARTESIAN_POINT('Ctrl Pts',(3.29999999999999,30.7357629278372,-14.9015546017773));
#7529=CARTESIAN_POINT('Ctrl Pts',(2.79999999999999,30.7357629278372,-14.9015546017773));
#7530=CARTESIAN_POINT('',(3.29999999999999,30.3384756433304,-15.2269649764269));
#7531=CARTESIAN_POINT('Ctrl Pts',(3.29999999999999,30.3384756433304,-15.2269649764269));
#7532=CARTESIAN_POINT('Ctrl Pts',(3.29999999999999,30.4777480957631,-15.0165813965101));
#7533=CARTESIAN_POINT('Ctrl Pts',(3.29999999999999,30.7357629278372,-14.9015546017773));
#7534=CARTESIAN_POINT('',(2.79999999999999,30.3384756433304,-15.2269649764269));
#7535=CARTESIAN_POINT('',(3.29999999999999,30.3384756433304,-15.2269649764269));
#7536=CARTESIAN_POINT('Ctrl Pts',(2.79999999999999,30.3384756433304,-15.2269649764269));
#7537=CARTESIAN_POINT('Ctrl Pts',(2.79999999999999,30.4777480957631,-15.0165813965101));
#7538=CARTESIAN_POINT('Ctrl Pts',(2.79999999999999,30.7357629278372,-14.9015546017773));
#7539=CARTESIAN_POINT('Ctrl Pts',(3.29999999999999,30.1967469614303,-15.6767630467472));
#7540=CARTESIAN_POINT('Ctrl Pts',(2.79999999999999,30.1967469614303,-15.6767630467472));
#7541=CARTESIAN_POINT('Ctrl Pts',(3.29999999999999,30.1992025948826,-15.4373485502305));
#7542=CARTESIAN_POINT('Ctrl Pts',(2.79999999999999,30.1992025948826,-15.4373485502305));
#7543=CARTESIAN_POINT('Ctrl Pts',(3.29999999999999,30.3384756433304,-15.2269649764269));
#7544=CARTESIAN_POINT('Ctrl Pts',(2.79999999999999,30.3384756433304,-15.2269649764269));
#7545=CARTESIAN_POINT('',(3.29999999999999,30.1967469614303,-15.6767630467472));
#7546=CARTESIAN_POINT('Ctrl Pts',(3.29999999999999,30.1967469614303,-15.6767630467472));
#7547=CARTESIAN_POINT('Ctrl Pts',(3.29999999999999,30.1992025948826,-15.4373485502305));
#7548=CARTESIAN_POINT('Ctrl Pts',(3.29999999999999,30.3384756433304,-15.2269649764269));
#7549=CARTESIAN_POINT('',(2.79999999999999,30.1967469614303,-15.6767630467472));
#7550=CARTESIAN_POINT('',(3.29999999999999,30.1967469614303,-15.6767630467472));
#7551=CARTESIAN_POINT('Ctrl Pts',(2.79999999999999,30.1967469614303,-15.6767630467472));
#7552=CARTESIAN_POINT('Ctrl Pts',(2.79999999999999,30.1992025948826,-15.4373485502305));
#7553=CARTESIAN_POINT('Ctrl Pts',(2.79999999999999,30.3384756433304,-15.2269649764269));
#7554=CARTESIAN_POINT('Ctrl Pts',(3.29999999999999,30.317193744017,-16.1046920985569));
#7555=CARTESIAN_POINT('Ctrl Pts',(2.79999999999999,30.317193744017,-16.1046920985569));
#7556=CARTESIAN_POINT('Ctrl Pts',(3.29999999999999,30.1942703412776,-15.9182236630933));
#7557=CARTESIAN_POINT('Ctrl Pts',(2.79999999999999,30.1942703412776,-15.9182236630933));
#7558=CARTESIAN_POINT('Ctrl Pts',(3.29999999999999,30.1967469614303,-15.6767630467472));
#7559=CARTESIAN_POINT('Ctrl Pts',(2.79999999999999,30.1967469614303,-15.6767630467472));
#7560=CARTESIAN_POINT('',(3.29999999999999,30.317193744017,-16.1046920985569));
#7561=CARTESIAN_POINT('Ctrl Pts',(3.29999999999999,30.317193744017,-16.1046920985569));
#7562=CARTESIAN_POINT('Ctrl Pts',(3.29999999999999,30.1942703412776,-15.9182236630933));
#7563=CARTESIAN_POINT('Ctrl Pts',(3.29999999999999,30.1967469614303,-15.6767630467472));
#7564=CARTESIAN_POINT('',(2.79999999999999,30.317193744017,-16.1046920985569));
#7565=CARTESIAN_POINT('',(3.29999999999999,30.317193744017,-16.1046920985569));
#7566=CARTESIAN_POINT('Ctrl Pts',(2.79999999999999,30.317193744017,-16.1046920985569));
#7567=CARTESIAN_POINT('Ctrl Pts',(2.79999999999999,30.1942703412776,-15.9182236630933));
#7568=CARTESIAN_POINT('Ctrl Pts',(2.79999999999999,30.1967469614303,-15.6767630467472));
#7569=CARTESIAN_POINT('Ctrl Pts',(3.29999999999999,30.7008024408945,-16.4145771986857));
#7570=CARTESIAN_POINT('Ctrl Pts',(2.79999999999999,30.7008024408945,-16.4145771986857));
#7571=CARTESIAN_POINT('Ctrl Pts',(3.29999999999999,30.4401171482847,-16.2911603850167));
#7572=CARTESIAN_POINT('Ctrl Pts',(2.79999999999999,30.4401171482847,-16.2911603850167));
#7573=CARTESIAN_POINT('Ctrl Pts',(3.29999999999999,30.317193744017,-16.1046920985569));
#7574=CARTESIAN_POINT('Ctrl Pts',(2.79999999999999,30.317193744017,-16.1046920985569));
#7575=CARTESIAN_POINT('',(3.29999999999999,30.7008024408945,-16.4145771986857));
#7576=CARTESIAN_POINT('Ctrl Pts',(3.29999999999999,30.7008024408945,-16.4145771986857));
#7577=CARTESIAN_POINT('Ctrl Pts',(3.29999999999999,30.4401171482847,-16.2911603850167));
#7578=CARTESIAN_POINT('Ctrl Pts',(3.29999999999999,30.317193744017,-16.1046920985569));
#7579=CARTESIAN_POINT('',(2.79999999999999,30.7008024408945,-16.4145771986857));
#7580=CARTESIAN_POINT('',(3.29999999999999,30.7008024408945,-16.4145771986857));
#7581=CARTESIAN_POINT('Ctrl Pts',(2.79999999999999,30.7008024408945,-16.4145771986857));
#7582=CARTESIAN_POINT('Ctrl Pts',(2.79999999999999,30.4401171482847,-16.2911603850167));
#7583=CARTESIAN_POINT('Ctrl Pts',(2.79999999999999,30.317193744017,-16.1046920985569));
#7584=CARTESIAN_POINT('Ctrl Pts',(3.29999999999999,31.362856877064,-16.6127148610636));
#7585=CARTESIAN_POINT('Ctrl Pts',(2.79999999999999,31.362856877064,-16.6127148610636));
#7586=CARTESIAN_POINT('Ctrl Pts',(3.29999999999999,30.8800351605039,-16.4982753692631));
#7587=CARTESIAN_POINT('Ctrl Pts',(2.79999999999999,30.8800351605039,-16.4982753692631));
#7588=CARTESIAN_POINT('Ctrl Pts',(3.29999999999999,30.7008024408945,-16.4145771986857));
#7589=CARTESIAN_POINT('Ctrl Pts',(2.79999999999999,30.7008024408945,-16.4145771986857));
#7590=CARTESIAN_POINT('',(3.29999999999999,31.362856877064,-16.6127148610636));
#7591=CARTESIAN_POINT('Ctrl Pts',(3.29999999999999,31.362856877064,-16.6127148610636));
#7592=CARTESIAN_POINT('Ctrl Pts',(3.29999999999999,30.8800351605039,-16.4982753692631));
#7593=CARTESIAN_POINT('Ctrl Pts',(3.29999999999999,30.7008024408945,-16.4145771986857));
#7594=CARTESIAN_POINT('',(2.79999999999999,31.362856877064,-16.6127148610636));
#7595=CARTESIAN_POINT('',(3.29999999999999,31.362856877064,-16.6127148610636));
#7596=CARTESIAN_POINT('Ctrl Pts',(2.79999999999999,31.362856877064,-16.6127148610636));
#7597=CARTESIAN_POINT('Ctrl Pts',(2.79999999999999,30.8800351605039,-16.4982753692631));
#7598=CARTESIAN_POINT('Ctrl Pts',(2.79999999999999,30.7008024408945,-16.4145771986857));
#7599=CARTESIAN_POINT('Ctrl Pts',(3.29999999999999,31.9591998400541,-16.8326898572899));
#7600=CARTESIAN_POINT('Ctrl Pts',(2.79999999999999,31.9591998400541,-16.8326898572899));
#7601=CARTESIAN_POINT('Ctrl Pts',(3.29999999999999,31.8456785920957,-16.7271545018679));
#7602=CARTESIAN_POINT('Ctrl Pts',(2.79999999999999,31.8456785920957,-16.7271545018679));
#7603=CARTESIAN_POINT('Ctrl Pts',(3.29999999999999,31.362856877064,-16.6127148610636));
#7604=CARTESIAN_POINT('Ctrl Pts',(2.79999999999999,31.362856877064,-16.6127148610636));
#7605=CARTESIAN_POINT('',(3.29999999999999,31.9591998400541,-16.8326898572899));
#7606=CARTESIAN_POINT('Ctrl Pts',(3.29999999999999,31.9591998400541,-16.8326898572899));
#7607=CARTESIAN_POINT('Ctrl Pts',(3.29999999999999,31.8456785920957,-16.7271545018679));
#7608=CARTESIAN_POINT('Ctrl Pts',(3.29999999999999,31.362856877064,-16.6127148610636));
#7609=CARTESIAN_POINT('',(2.79999999999999,31.9591998400541,-16.8326898572899));
#7610=CARTESIAN_POINT('',(3.29999999999999,31.9591998400541,-16.8326898572899));
#7611=CARTESIAN_POINT('Ctrl Pts',(2.79999999999999,31.9591998400541,-16.8326898572899));
#7612=CARTESIAN_POINT('Ctrl Pts',(2.79999999999999,31.8456785920957,-16.7271545018679));
#7613=CARTESIAN_POINT('Ctrl Pts',(2.79999999999999,31.362856877064,-16.6127148610636));
#7614=CARTESIAN_POINT('Ctrl Pts',(3.29999999999999,32.0731091286073,-17.0999023312616));
#7615=CARTESIAN_POINT('Ctrl Pts',(2.79999999999999,32.0731091286073,-17.0999023312616));
#7616=CARTESIAN_POINT('Ctrl Pts',(3.29999999999999,32.0747672063137,-16.9382463484159));
#7617=CARTESIAN_POINT('Ctrl Pts',(2.79999999999999,32.0747672063137,-16.9382463484159));
#7618=CARTESIAN_POINT('Ctrl Pts',(3.29999999999999,31.9591998400541,-16.8326898572899));
#7619=CARTESIAN_POINT('Ctrl Pts',(2.79999999999999,31.9591998400541,-16.8326898572899));
#7620=CARTESIAN_POINT('',(3.29999999999999,32.0731091286073,-17.0999023312616));
#7621=CARTESIAN_POINT('Ctrl Pts',(3.29999999999999,32.0731091286073,-17.0999023312616));
#7622=CARTESIAN_POINT('Ctrl Pts',(3.29999999999999,32.0747672063137,-16.9382463484159));
#7623=CARTESIAN_POINT('Ctrl Pts',(3.29999999999999,31.9591998400541,-16.8326898572899));
#7624=CARTESIAN_POINT('',(2.79999999999999,32.0731091286073,-17.0999023312616));
#7625=CARTESIAN_POINT('',(3.29999999999999,32.0731091286073,-17.0999023312616));
#7626=CARTESIAN_POINT('Ctrl Pts',(2.79999999999999,32.0731091286073,-17.0999023312616));
#7627=CARTESIAN_POINT('Ctrl Pts',(2.79999999999999,32.0747672063137,-16.9382463484159));
#7628=CARTESIAN_POINT('Ctrl Pts',(2.79999999999999,31.9591998400541,-16.8326898572899));
#7629=CARTESIAN_POINT('Ctrl Pts',(3.29999999999999,31.9051199854614,-17.4164088405505));
#7630=CARTESIAN_POINT('Ctrl Pts',(2.79999999999999,31.9051199854614,-17.4164088405505));
#7631=CARTESIAN_POINT('Ctrl Pts',(3.29999999999999,32.071199192157,-17.2861135401062));
#7632=CARTESIAN_POINT('Ctrl Pts',(2.79999999999999,32.071199192157,-17.2861135401062));
#7633=CARTESIAN_POINT('Ctrl Pts',(3.29999999999999,32.0731091286073,-17.0999023312616));
#7634=CARTESIAN_POINT('Ctrl Pts',(2.79999999999999,32.0731091286073,-17.0999023312616));
#7635=CARTESIAN_POINT('',(3.29999999999999,31.9051199854614,-17.4164088405505));
#7636=CARTESIAN_POINT('Ctrl Pts',(3.29999999999999,31.9051199854614,-17.4164088405505));
#7637=CARTESIAN_POINT('Ctrl Pts',(3.29999999999999,32.071199192157,-17.2861135401062));
#7638=CARTESIAN_POINT('Ctrl Pts',(3.29999999999999,32.0731091286073,-17.0999023312616));
#7639=CARTESIAN_POINT('',(2.79999999999999,31.9051199854614,-17.4164088405505));
#7640=CARTESIAN_POINT('',(3.29999999999999,31.9051199854614,-17.4164088405505));
#7641=CARTESIAN_POINT('Ctrl Pts',(2.79999999999999,31.9051199854614,-17.4164088405505));
#7642=CARTESIAN_POINT('Ctrl Pts',(2.79999999999999,32.071199192157,-17.2861135401062));
#7643=CARTESIAN_POINT('Ctrl Pts',(2.79999999999999,32.0731091286073,-17.0999023312616));
#7644=CARTESIAN_POINT('Ctrl Pts',(3.29999999999999,31.3788962720837,-17.5430102005228));
#7645=CARTESIAN_POINT('Ctrl Pts',(2.79999999999999,31.3788962720837,-17.5430102005228));
#7646=CARTESIAN_POINT('Ctrl Pts',(3.29999999999999,31.7390410767734,-17.5467041440515));
#7647=CARTESIAN_POINT('Ctrl Pts',(2.79999999999999,31.7390410767734,-17.5467041440515));
#7648=CARTESIAN_POINT('Ctrl Pts',(3.29999999999999,31.9051199854614,-17.4164088405505));
#7649=CARTESIAN_POINT('Ctrl Pts',(2.79999999999999,31.9051199854614,-17.4164088405505));
#7650=CARTESIAN_POINT('',(3.29999999999999,31.3788962720837,-17.5430102005228));
#7651=CARTESIAN_POINT('Ctrl Pts',(3.29999999999999,31.3788962720837,-17.5430102005228));
#7652=CARTESIAN_POINT('Ctrl Pts',(3.29999999999999,31.7390410767734,-17.5467041440515));
#7653=CARTESIAN_POINT('Ctrl Pts',(3.29999999999999,31.9051199854614,-17.4164088405505));
#7654=CARTESIAN_POINT('',(2.79999999999999,31.3788962720837,-17.5430102005228));
#7655=CARTESIAN_POINT('',(3.29999999999999,31.3788962720837,-17.5430102005228));
#7656=CARTESIAN_POINT('Ctrl Pts',(2.79999999999999,31.3788962720837,-17.5430102005228));
#7657=CARTESIAN_POINT('Ctrl Pts',(2.79999999999999,31.7390410767734,-17.5467041440515));
#7658=CARTESIAN_POINT('Ctrl Pts',(2.79999999999999,31.9051199854614,-17.4164088405505));
#7659=CARTESIAN_POINT('Ctrl Pts',(3.29999999999999,30.8575625965106,-17.3923618537579));
#7660=CARTESIAN_POINT('Ctrl Pts',(2.79999999999999,30.8575625965106,-17.3923618537579));
#7661=CARTESIAN_POINT('Ctrl Pts',(3.29999999999999,31.0330752002229,-17.5394631730664));
#7662=CARTESIAN_POINT('Ctrl Pts',(2.79999999999999,31.0330752002229,-17.5394631730664));
#7663=CARTESIAN_POINT('Ctrl Pts',(3.29999999999999,31.3788962720837,-17.5430102005228));
#7664=CARTESIAN_POINT('Ctrl Pts',(2.79999999999999,31.3788962720837,-17.5430102005228));
#7665=CARTESIAN_POINT('',(3.29999999999999,30.8575625965106,-17.3923618537579));
#7666=CARTESIAN_POINT('Ctrl Pts',(3.29999999999999,30.8575625965106,-17.3923618537579));
#7667=CARTESIAN_POINT('Ctrl Pts',(3.29999999999999,31.0330752002229,-17.5394631730664));
#7668=CARTESIAN_POINT('Ctrl Pts',(3.29999999999999,31.3788962720837,-17.5430102005228));
#7669=CARTESIAN_POINT('',(2.79999999999999,30.8575625965106,-17.3923618537579));
#7670=CARTESIAN_POINT('',(3.29999999999999,30.8575625965106,-17.3923618537579));
#7671=CARTESIAN_POINT('Ctrl Pts',(2.79999999999999,30.8575625965106,-17.3923618537579));
#7672=CARTESIAN_POINT('Ctrl Pts',(2.79999999999999,31.0330752002229,-17.5394631730664));
#7673=CARTESIAN_POINT('Ctrl Pts',(2.79999999999999,31.3788962720837,-17.5430102005228));
#7674=CARTESIAN_POINT('Ctrl Pts',(3.29999999999999,30.6542731842504,-16.9605134476467));
#7675=CARTESIAN_POINT('Ctrl Pts',(2.79999999999999,30.6542731842504,-16.9605134476467));
#7676=CARTESIAN_POINT('Ctrl Pts',(3.29999999999999,30.6820499897416,-17.245260832457));
#7677=CARTESIAN_POINT('Ctrl Pts',(2.79999999999999,30.6820499897416,-17.245260832457));
#7678=CARTESIAN_POINT('Ctrl Pts',(3.29999999999999,30.8575625965106,-17.3923618537579));
#7679=CARTESIAN_POINT('Ctrl Pts',(2.79999999999999,30.8575625965106,-17.3923618537579));
#7680=CARTESIAN_POINT('',(3.29999999999999,30.6542731842504,-16.9605134476467));
#7681=CARTESIAN_POINT('Ctrl Pts',(3.29999999999999,30.6542731842504,-16.9605134476467));
#7682=CARTESIAN_POINT('Ctrl Pts',(3.29999999999999,30.6820499897416,-17.245260832457));
#7683=CARTESIAN_POINT('Ctrl Pts',(3.29999999999999,30.8575625965106,-17.3923618537579));
#7684=CARTESIAN_POINT('',(2.79999999999999,30.6542731842504,-16.9605134476467));
#7685=CARTESIAN_POINT('',(3.29999999999999,30.6542731842504,-16.9605134476467));
#7686=CARTESIAN_POINT('Ctrl Pts',(2.79999999999999,30.6542731842504,-16.9605134476467));
#7687=CARTESIAN_POINT('Ctrl Pts',(2.79999999999999,30.6820499897416,-17.245260832457));
#7688=CARTESIAN_POINT('Ctrl Pts',(2.79999999999999,30.8575625965106,-17.3923618537579));
#7689=CARTESIAN_POINT('Origin',(3.29999999999999,30.2733712584834,-16.9852575283874));
#7690=CARTESIAN_POINT('',(3.29999999999999,30.2733712584834,-16.9852575283874));
#7691=CARTESIAN_POINT('',(3.29999999999999,42.1453659569628,-16.2140311955711));
#7692=CARTESIAN_POINT('',(2.79999999999999,30.2733712584834,-16.9852575283874));
#7693=CARTESIAN_POINT('',(3.29999999999999,30.2733712584834,-16.9852575283874));
#7694=CARTESIAN_POINT('',(2.79999999999999,30.2733712584834,-16.9852575283874));
#7695=CARTESIAN_POINT('Ctrl Pts',(3.29999999999999,30.4158555058172,-17.4594587306078));
#7696=CARTESIAN_POINT('Ctrl Pts',(2.79999999999999,30.4158555058172,-17.4594587306078));
#7697=CARTESIAN_POINT('Ctrl Pts',(3.29999999999999,30.2808955574646,-17.2493321966313));
#7698=CARTESIAN_POINT('Ctrl Pts',(2.79999999999999,30.2808955574646,-17.2493321966313));
#7699=CARTESIAN_POINT('Ctrl Pts',(3.29999999999999,30.2733712584834,-16.9852575283874));
#7700=CARTESIAN_POINT('Ctrl Pts',(2.79999999999999,30.2733712584834,-16.9852575283874));
#7701=CARTESIAN_POINT('',(3.29999999999999,30.4158555058172,-17.4594587306078));
#7702=CARTESIAN_POINT('Ctrl Pts',(3.29999999999999,30.4158555058172,-17.4594587306078));
#7703=CARTESIAN_POINT('Ctrl Pts',(3.29999999999999,30.2808955574646,-17.2493321966313));
#7704=CARTESIAN_POINT('Ctrl Pts',(3.29999999999999,30.2733712584834,-16.9852575283874));
#7705=CARTESIAN_POINT('',(2.79999999999999,30.4158555058172,-17.4594587306078));
#7706=CARTESIAN_POINT('',(3.29999999999999,30.4158555058172,-17.4594587306078));
#7707=CARTESIAN_POINT('Ctrl Pts',(2.79999999999999,30.4158555058172,-17.4594587306078));
#7708=CARTESIAN_POINT('Ctrl Pts',(2.79999999999999,30.2808955574646,-17.2493321966313));
#7709=CARTESIAN_POINT('Ctrl Pts',(2.79999999999999,30.2733712584834,-16.9852575283874));
#7710=CARTESIAN_POINT('Ctrl Pts',(3.29999999999999,30.8044748591327,-17.7796276447104));
#7711=CARTESIAN_POINT('Ctrl Pts',(2.79999999999999,30.8044748591327,-17.7796276447104));
#7712=CARTESIAN_POINT('Ctrl Pts',(3.29999999999999,30.5508148581548,-17.669585258471));
#7713=CARTESIAN_POINT('Ctrl Pts',(2.79999999999999,30.5508148581548,-17.669585258471));
#7714=CARTESIAN_POINT('Ctrl Pts',(3.29999999999999,30.4158555058172,-17.4594587306078));
#7715=CARTESIAN_POINT('Ctrl Pts',(2.79999999999999,30.4158555058172,-17.4594587306078));
#7716=CARTESIAN_POINT('',(3.29999999999999,30.8044748591327,-17.7796276447104));
#7717=CARTESIAN_POINT('Ctrl Pts',(3.29999999999999,30.8044748591327,-17.7796276447104));
#7718=CARTESIAN_POINT('Ctrl Pts',(3.29999999999999,30.5508148581548,-17.669585258471));
#7719=CARTESIAN_POINT('Ctrl Pts',(3.29999999999999,30.4158555058172,-17.4594587306078));
#7720=CARTESIAN_POINT('',(2.79999999999999,30.8044748591327,-17.7796276447104));
#7721=CARTESIAN_POINT('',(3.29999999999999,30.8044748591327,-17.7796276447104));
#7722=CARTESIAN_POINT('Ctrl Pts',(2.79999999999999,30.8044748591327,-17.7796276447104));
#7723=CARTESIAN_POINT('Ctrl Pts',(2.79999999999999,30.5508148581548,-17.669585258471));
#7724=CARTESIAN_POINT('Ctrl Pts',(2.79999999999999,30.4158555058172,-17.4594587306078));
#7725=CARTESIAN_POINT('Ctrl Pts',(3.29999999999999,31.3916774218926,-17.8930914178718));
#7726=CARTESIAN_POINT('Ctrl Pts',(2.79999999999999,31.3916774218926,-17.8930914178718));
#7727=CARTESIAN_POINT('Ctrl Pts',(3.29999999999999,31.0581342610389,-17.8896703228441));
#7728=CARTESIAN_POINT('Ctrl Pts',(2.79999999999999,31.0581342610389,-17.8896703228441));
#7729=CARTESIAN_POINT('Ctrl Pts',(3.29999999999999,30.8044748591327,-17.7796276447104));
#7730=CARTESIAN_POINT('Ctrl Pts',(2.79999999999999,30.8044748591327,-17.7796276447104));
#7731=CARTESIAN_POINT('',(3.29999999999999,31.3916774218926,-17.8930914178718));
#7732=CARTESIAN_POINT('Ctrl Pts',(3.29999999999999,31.3916774218926,-17.8930914178718));
#7733=CARTESIAN_POINT('Ctrl Pts',(3.29999999999999,31.0581342610389,-17.8896703228441));
#7734=CARTESIAN_POINT('Ctrl Pts',(3.29999999999999,30.8044748591327,-17.7796276447104));
#7735=CARTESIAN_POINT('',(2.79999999999999,31.3916774218926,-17.8930914178718));
#7736=CARTESIAN_POINT('',(3.29999999999999,31.3916774218926,-17.8930914178718));
#7737=CARTESIAN_POINT('Ctrl Pts',(2.79999999999999,31.3916774218926,-17.8930914178718));
#7738=CARTESIAN_POINT('Ctrl Pts',(2.79999999999999,31.0581342610389,-17.8896703228441));
#7739=CARTESIAN_POINT('Ctrl Pts',(2.79999999999999,30.8044748591327,-17.7796276447104));
#7740=CARTESIAN_POINT('Ctrl Pts',(3.29999999999999,31.9431753875835,-17.7964235346382));
#7741=CARTESIAN_POINT('Ctrl Pts',(2.79999999999999,31.9431753875835,-17.7964235346382));
#7742=CARTESIAN_POINT('Ctrl Pts',(3.29999999999999,31.6945264012438,-17.8961976879412));
#7743=CARTESIAN_POINT('Ctrl Pts',(2.79999999999999,31.6945264012438,-17.8961976879412));
#7744=CARTESIAN_POINT('Ctrl Pts',(3.29999999999999,31.3916774218926,-17.8930914178718));
#7745=CARTESIAN_POINT('Ctrl Pts',(2.79999999999999,31.3916774218926,-17.8930914178718));
#7746=CARTESIAN_POINT('',(3.29999999999999,31.9431753875835,-17.7964235346382));
#7747=CARTESIAN_POINT('Ctrl Pts',(3.29999999999999,31.9431753875835,-17.7964235346382));
#7748=CARTESIAN_POINT('Ctrl Pts',(3.29999999999999,31.6945264012438,-17.8961976879412));
#7749=CARTESIAN_POINT('Ctrl Pts',(3.29999999999999,31.3916774218926,-17.8930914178718));
#7750=CARTESIAN_POINT('',(2.79999999999999,31.9431753875835,-17.7964235346382));
#7751=CARTESIAN_POINT('',(3.29999999999999,31.9431753875835,-17.7964235346382));
#7752=CARTESIAN_POINT('Ctrl Pts',(2.79999999999999,31.9431753875835,-17.7964235346382));
#7753=CARTESIAN_POINT('Ctrl Pts',(2.79999999999999,31.6945264012438,-17.8961976879412));
#7754=CARTESIAN_POINT('Ctrl Pts',(2.79999999999999,31.3916774218926,-17.8930914178718));
#7755=CARTESIAN_POINT('Ctrl Pts',(3.29999999999999,32.322765132958,-17.5005055843892));
#7756=CARTESIAN_POINT('Ctrl Pts',(2.79999999999999,32.322765132958,-17.5005055843892));
#7757=CARTESIAN_POINT('Ctrl Pts',(3.29999999999999,32.1918243769798,-17.6966490833276));
#7758=CARTESIAN_POINT('Ctrl Pts',(2.79999999999999,32.1918243769798,-17.6966490833276));
#7759=CARTESIAN_POINT('Ctrl Pts',(3.29999999999999,31.9431753875835,-17.7964235346382));
#7760=CARTESIAN_POINT('Ctrl Pts',(2.79999999999999,31.9431753875835,-17.7964235346382));
#7761=CARTESIAN_POINT('',(3.29999999999999,32.322765132958,-17.5005055843892));
#7762=CARTESIAN_POINT('Ctrl Pts',(3.29999999999999,32.322765132958,-17.5005055843892));
#7763=CARTESIAN_POINT('Ctrl Pts',(3.29999999999999,32.1918243769798,-17.6966490833276));
#7764=CARTESIAN_POINT('Ctrl Pts',(3.29999999999999,31.9431753875835,-17.7964235346382));
#7765=CARTESIAN_POINT('',(2.79999999999999,32.322765132958,-17.5005055843892));
#7766=CARTESIAN_POINT('',(3.29999999999999,32.322765132958,-17.5005055843892));
#7767=CARTESIAN_POINT('Ctrl Pts',(2.79999999999999,32.322765132958,-17.5005055843892));
#7768=CARTESIAN_POINT('Ctrl Pts',(2.79999999999999,32.1918243769798,-17.6966490833276));
#7769=CARTESIAN_POINT('Ctrl Pts',(2.79999999999999,31.9431753875835,-17.7964235346382));
#7770=CARTESIAN_POINT('Ctrl Pts',(3.29999999999999,32.45603558996,-17.0772254999413));
#7771=CARTESIAN_POINT('Ctrl Pts',(2.79999999999999,32.45603558996,-17.0772254999413));
#7772=CARTESIAN_POINT('Ctrl Pts',(3.29999999999999,32.4537058858797,-17.3043623834584));
#7773=CARTESIAN_POINT('Ctrl Pts',(2.79999999999999,32.4537058858797,-17.3043623834584));
#7774=CARTESIAN_POINT('Ctrl Pts',(3.29999999999999,32.322765132958,-17.5005055843892));
#7775=CARTESIAN_POINT('Ctrl Pts',(2.79999999999999,32.322765132958,-17.5005055843892));
#7776=CARTESIAN_POINT('',(3.29999999999999,32.45603558996,-17.0772254999413));
#7777=CARTESIAN_POINT('Ctrl Pts',(3.29999999999999,32.45603558996,-17.0772254999413));
#7778=CARTESIAN_POINT('Ctrl Pts',(3.29999999999999,32.4537058858797,-17.3043623834584));
#7779=CARTESIAN_POINT('Ctrl Pts',(3.29999999999999,32.322765132958,-17.5005055843892));
#7780=CARTESIAN_POINT('',(2.79999999999999,32.45603558996,-17.0772254999413));
#7781=CARTESIAN_POINT('',(3.29999999999999,32.45603558996,-17.0772254999413));
#7782=CARTESIAN_POINT('Ctrl Pts',(2.79999999999999,32.45603558996,-17.0772254999413));
#7783=CARTESIAN_POINT('Ctrl Pts',(2.79999999999999,32.4537058858797,-17.3043623834584));
#7784=CARTESIAN_POINT('Ctrl Pts',(2.79999999999999,32.322765132958,-17.5005055843892));
#7785=CARTESIAN_POINT('Ctrl Pts',(3.29999999999999,32.3544827403174,-16.7026989757364));
#7786=CARTESIAN_POINT('Ctrl Pts',(2.79999999999999,32.3544827403174,-16.7026989757364));
#7787=CARTESIAN_POINT('Ctrl Pts',(3.29999999999999,32.4581554102254,-16.8705514537604));
#7788=CARTESIAN_POINT('Ctrl Pts',(2.79999999999999,32.4581554102254,-16.8705514537604));
#7789=CARTESIAN_POINT('Ctrl Pts',(3.29999999999999,32.45603558996,-17.0772254999413));
#7790=CARTESIAN_POINT('Ctrl Pts',(2.79999999999999,32.45603558996,-17.0772254999413));
#7791=CARTESIAN_POINT('',(3.29999999999999,32.3544827403174,-16.7026989757364));
#7792=CARTESIAN_POINT('Ctrl Pts',(3.29999999999999,32.3544827403174,-16.7026989757364));
#7793=CARTESIAN_POINT('Ctrl Pts',(3.29999999999999,32.4581554102254,-16.8705514537604));
#7794=CARTESIAN_POINT('Ctrl Pts',(3.29999999999999,32.45603558996,-17.0772254999413));
#7795=CARTESIAN_POINT('',(2.79999999999999,32.3544827403174,-16.7026989757364));
#7796=CARTESIAN_POINT('',(3.29999999999999,32.3544827403174,-16.7026989757364));
#7797=CARTESIAN_POINT('Ctrl Pts',(2.79999999999999,32.3544827403174,-16.7026989757364));
#7798=CARTESIAN_POINT('Ctrl Pts',(2.79999999999999,32.4581554102254,-16.8705514537604));
#7799=CARTESIAN_POINT('Ctrl Pts',(2.79999999999999,32.45603558996,-17.0772254999413));
#7800=CARTESIAN_POINT('Ctrl Pts',(3.29999999999999,32.037105455061,-16.4200974932205));
#7801=CARTESIAN_POINT('Ctrl Pts',(2.79999999999999,32.037105455061,-16.4200974932205));
#7802=CARTESIAN_POINT('Ctrl Pts',(3.29999999999999,32.2508100704095,-16.5348464977123));
#7803=CARTESIAN_POINT('Ctrl Pts',(2.79999999999999,32.2508100704095,-16.5348464977123));
#7804=CARTESIAN_POINT('Ctrl Pts',(3.29999999999999,32.3544827403174,-16.7026989757364));
#7805=CARTESIAN_POINT('Ctrl Pts',(2.79999999999999,32.3544827403174,-16.7026989757364));
#7806=CARTESIAN_POINT('',(3.29999999999999,32.037105455061,-16.4200974932205));
#7807=CARTESIAN_POINT('Ctrl Pts',(3.29999999999999,32.037105455061,-16.4200974932205));
#7808=CARTESIAN_POINT('Ctrl Pts',(3.29999999999999,32.2508100704095,-16.5348464977123));
#7809=CARTESIAN_POINT('Ctrl Pts',(3.29999999999999,32.3544827403174,-16.7026989757364));
#7810=CARTESIAN_POINT('',(2.79999999999999,32.037105455061,-16.4200974932205));
#7811=CARTESIAN_POINT('',(3.29999999999999,32.037105455061,-16.4200974932205));
#7812=CARTESIAN_POINT('Ctrl Pts',(2.79999999999999,32.037105455061,-16.4200974932205));
#7813=CARTESIAN_POINT('Ctrl Pts',(2.79999999999999,32.2508100704095,-16.5348464977123));
#7814=CARTESIAN_POINT('Ctrl Pts',(2.79999999999999,32.3544827403174,-16.7026989757364));
#7815=CARTESIAN_POINT('Ctrl Pts',(3.29999999999999,31.4599292719877,-16.2269235297668));
#7816=CARTESIAN_POINT('Ctrl Pts',(2.79999999999999,31.4599292719877,-16.2269235297668));
#7817=CARTESIAN_POINT('Ctrl Pts',(3.29999999999999,31.8722594314383,-16.3304075812196));
#7818=CARTESIAN_POINT('Ctrl Pts',(2.79999999999999,31.8722594314383,-16.3304075812196));
#7819=CARTESIAN_POINT('Ctrl Pts',(3.29999999999999,32.037105455061,-16.4200974932205));
#7820=CARTESIAN_POINT('Ctrl Pts',(2.79999999999999,32.037105455061,-16.4200974932205));
#7821=CARTESIAN_POINT('',(3.29999999999999,31.4599292719877,-16.2269235297668));
#7822=CARTESIAN_POINT('Ctrl Pts',(3.29999999999999,31.4599292719877,-16.2269235297668));
#7823=CARTESIAN_POINT('Ctrl Pts',(3.29999999999999,31.8722594314383,-16.3304075812196));
#7824=CARTESIAN_POINT('Ctrl Pts',(3.29999999999999,32.037105455061,-16.4200974932205));
#7825=CARTESIAN_POINT('',(2.79999999999999,31.4599292719877,-16.2269235297668));
#7826=CARTESIAN_POINT('',(3.29999999999999,31.4599292719877,-16.2269235297668));
#7827=CARTESIAN_POINT('Ctrl Pts',(2.79999999999999,31.4599292719877,-16.2269235297668));
#7828=CARTESIAN_POINT('Ctrl Pts',(2.79999999999999,31.8722594314383,-16.3304075812196));
#7829=CARTESIAN_POINT('Ctrl Pts',(2.79999999999999,32.037105455061,-16.4200974932205));
#7830=CARTESIAN_POINT('Ctrl Pts',(3.29999999999999,30.9273518362158,-16.0751365411182));
#7831=CARTESIAN_POINT('Ctrl Pts',(2.79999999999999,30.9273518362158,-16.0751365411182));
#7832=CARTESIAN_POINT('Ctrl Pts',(3.29999999999999,31.0475991155937,-16.1234391803065));
#7833=CARTESIAN_POINT('Ctrl Pts',(2.79999999999999,31.0475991155937,-16.1234391803065));
#7834=CARTESIAN_POINT('Ctrl Pts',(3.29999999999999,31.4599292719877,-16.2269235297668));
#7835=CARTESIAN_POINT('Ctrl Pts',(2.79999999999999,31.4599292719877,-16.2269235297668));
#7836=CARTESIAN_POINT('',(3.29999999999999,30.9273518362158,-16.0751365411182));
#7837=CARTESIAN_POINT('Ctrl Pts',(3.29999999999999,30.9273518362158,-16.0751365411182));
#7838=CARTESIAN_POINT('Ctrl Pts',(3.29999999999999,31.0475991155937,-16.1234391803065));
#7839=CARTESIAN_POINT('Ctrl Pts',(3.29999999999999,31.4599292719877,-16.2269235297668));
#7840=CARTESIAN_POINT('',(2.79999999999999,30.9273518362158,-16.0751365411182));
#7841=CARTESIAN_POINT('',(3.29999999999999,30.9273518362158,-16.0751365411182));
#7842=CARTESIAN_POINT('Ctrl Pts',(2.79999999999999,30.9273518362158,-16.0751365411182));
#7843=CARTESIAN_POINT('Ctrl Pts',(2.79999999999999,31.0475991155937,-16.1234391803065));
#7844=CARTESIAN_POINT('Ctrl Pts',(2.79999999999999,31.4599292719877,-16.2269235297668));
#7845=CARTESIAN_POINT('Ctrl Pts',(3.29999999999999,30.6590586453255,-15.8953633071182));
#7846=CARTESIAN_POINT('Ctrl Pts',(2.79999999999999,30.6590586453255,-15.8953633071182));
#7847=CARTESIAN_POINT('Ctrl Pts',(3.29999999999999,30.7398285010584,-16.0015860536868));
#7848=CARTESIAN_POINT('Ctrl Pts',(2.79999999999999,30.7398285010584,-16.0015860536868));
#7849=CARTESIAN_POINT('Ctrl Pts',(3.29999999999999,30.9273518362158,-16.0751365411182));
#7850=CARTESIAN_POINT('Ctrl Pts',(2.79999999999999,30.9273518362158,-16.0751365411182));
#7851=CARTESIAN_POINT('',(3.29999999999999,30.6590586453255,-15.8953633071182));
#7852=CARTESIAN_POINT('Ctrl Pts',(3.29999999999999,30.6590586453255,-15.8953633071182));
#7853=CARTESIAN_POINT('Ctrl Pts',(3.29999999999999,30.7398285010584,-16.0015860536868));
#7854=CARTESIAN_POINT('Ctrl Pts',(3.29999999999999,30.9273518362158,-16.0751365411182));
#7855=CARTESIAN_POINT('',(2.79999999999999,30.6590586453255,-15.8953633071182));
#7856=CARTESIAN_POINT('',(3.29999999999999,30.6590586453255,-15.8953633071182));
#7857=CARTESIAN_POINT('Ctrl Pts',(2.79999999999999,30.6590586453255,-15.8953633071182));
#7858=CARTESIAN_POINT('Ctrl Pts',(2.79999999999999,30.7398285010584,-16.0015860536868));
#7859=CARTESIAN_POINT('Ctrl Pts',(2.79999999999999,30.9273518362158,-16.0751365411182));
#7860=CARTESIAN_POINT('Ctrl Pts',(3.29999999999999,30.5797363889973,-15.6479472599234));
#7861=CARTESIAN_POINT('Ctrl Pts',(2.79999999999999,30.5797363889973,-15.6479472599234));
#7862=CARTESIAN_POINT('Ctrl Pts',(3.29999999999999,30.5782881935776,-15.7891405544365));
#7863=CARTESIAN_POINT('Ctrl Pts',(2.79999999999999,30.5782881935776,-15.7891405544365));
#7864=CARTESIAN_POINT('Ctrl Pts',(3.29999999999999,30.6590586453255,-15.8953633071182));
#7865=CARTESIAN_POINT('Ctrl Pts',(2.79999999999999,30.6590586453255,-15.8953633071182));
#7866=CARTESIAN_POINT('',(3.29999999999999,30.5797363889973,-15.6479472599234));
#7867=CARTESIAN_POINT('Ctrl Pts',(3.29999999999999,30.5797363889973,-15.6479472599234));
#7868=CARTESIAN_POINT('Ctrl Pts',(3.29999999999999,30.5782881935776,-15.7891405544365));
#7869=CARTESIAN_POINT('Ctrl Pts',(3.29999999999999,30.6590586453255,-15.8953633071182));
#7870=CARTESIAN_POINT('',(2.79999999999999,30.5797363889973,-15.6479472599234));
#7871=CARTESIAN_POINT('',(3.29999999999999,30.5797363889973,-15.6479472599234));
#7872=CARTESIAN_POINT('Ctrl Pts',(2.79999999999999,30.5797363889973,-15.6479472599234));
#7873=CARTESIAN_POINT('Ctrl Pts',(2.79999999999999,30.5782881935776,-15.7891405544365));
#7874=CARTESIAN_POINT('Ctrl Pts',(2.79999999999999,30.6590586453255,-15.8953633071182));
#7875=CARTESIAN_POINT('Ctrl Pts',(3.29999999999999,30.667291248726,-15.3920105711931));
#7876=CARTESIAN_POINT('Ctrl Pts',(2.79999999999999,30.667291248726,-15.3920105711931));
#7877=CARTESIAN_POINT('Ctrl Pts',(3.29999999999999,30.58116359466,-15.5088003832473));
#7878=CARTESIAN_POINT('Ctrl Pts',(2.79999999999999,30.58116359466,-15.5088003832473));
#7879=CARTESIAN_POINT('Ctrl Pts',(3.29999999999999,30.5797363889973,-15.6479472599234));
#7880=CARTESIAN_POINT('Ctrl Pts',(2.79999999999999,30.5797363889973,-15.6479472599234));
#7881=CARTESIAN_POINT('',(3.29999999999999,30.667291248726,-15.3920105711931));
#7882=CARTESIAN_POINT('Ctrl Pts',(3.29999999999999,30.667291248726,-15.3920105711931));
#7883=CARTESIAN_POINT('Ctrl Pts',(3.29999999999999,30.58116359466,-15.5088003832473));
#7884=CARTESIAN_POINT('Ctrl Pts',(3.29999999999999,30.5797363889973,-15.6479472599234));
#7885=CARTESIAN_POINT('',(2.79999999999999,30.667291248726,-15.3920105711931));
#7886=CARTESIAN_POINT('',(3.29999999999999,30.667291248726,-15.3920105711931));
#7887=CARTESIAN_POINT('Ctrl Pts',(2.79999999999999,30.667291248726,-15.3920105711931));
#7888=CARTESIAN_POINT('Ctrl Pts',(2.79999999999999,30.58116359466,-15.5088003832473));
#7889=CARTESIAN_POINT('Ctrl Pts',(2.79999999999999,30.5797363889973,-15.6479472599234));
#7890=CARTESIAN_POINT('Ctrl Pts',(3.29999999999999,30.9280448167606,-15.209477444652));
#7891=CARTESIAN_POINT('Ctrl Pts',(2.79999999999999,30.9280448167606,-15.209477444652));
#7892=CARTESIAN_POINT('Ctrl Pts',(3.29999999999999,30.7534183098336,-15.2752204550181));
#7893=CARTESIAN_POINT('Ctrl Pts',(2.79999999999999,30.7534183098336,-15.2752204550181));
#7894=CARTESIAN_POINT('Ctrl Pts',(3.29999999999999,30.667291248726,-15.3920105711931));
#7895=CARTESIAN_POINT('Ctrl Pts',(2.79999999999999,30.667291248726,-15.3920105711931));
#7896=CARTESIAN_POINT('',(3.29999999999999,30.9280448167606,-15.209477444652));
#7897=CARTESIAN_POINT('Ctrl Pts',(3.29999999999999,30.9280448167606,-15.209477444652));
#7898=CARTESIAN_POINT('Ctrl Pts',(3.29999999999999,30.7534183098336,-15.2752204550181));
#7899=CARTESIAN_POINT('Ctrl Pts',(3.29999999999999,30.667291248726,-15.3920105711931));
#7900=CARTESIAN_POINT('',(2.79999999999999,30.9280448167606,-15.209477444652));
#7901=CARTESIAN_POINT('',(3.29999999999999,30.9280448167606,-15.209477444652));
#7902=CARTESIAN_POINT('Ctrl Pts',(2.79999999999999,30.9280448167606,-15.209477444652));
#7903=CARTESIAN_POINT('Ctrl Pts',(2.79999999999999,30.7534183098336,-15.2752204550181));
#7904=CARTESIAN_POINT('Ctrl Pts',(2.79999999999999,30.667291248726,-15.3920105711931));
#7905=CARTESIAN_POINT('Ctrl Pts',(3.29999999999999,31.3298076111897,-15.1460641322531));
#7906=CARTESIAN_POINT('Ctrl Pts',(2.79999999999999,31.3298076111897,-15.1460641322531));
#7907=CARTESIAN_POINT('Ctrl Pts',(3.29999999999999,31.1026707276726,-15.1437344281727));
#7908=CARTESIAN_POINT('Ctrl Pts',(2.79999999999999,31.1026707276726,-15.1437344281727));
#7909=CARTESIAN_POINT('Ctrl Pts',(3.29999999999999,30.9280448167606,-15.209477444652));
#7910=CARTESIAN_POINT('Ctrl Pts',(2.79999999999999,30.9280448167606,-15.209477444652));
#7911=CARTESIAN_POINT('',(3.29999999999999,31.3298076111897,-15.1460641322531));
#7912=CARTESIAN_POINT('Ctrl Pts',(3.29999999999999,31.3298076111897,-15.1460641322531));
#7913=CARTESIAN_POINT('Ctrl Pts',(3.29999999999999,31.1026707276726,-15.1437344281727));
#7914=CARTESIAN_POINT('Ctrl Pts',(3.29999999999999,30.9280448167606,-15.209477444652));
#7915=CARTESIAN_POINT('',(2.79999999999999,31.3298076111897,-15.1460641322531));
#7916=CARTESIAN_POINT('',(3.29999999999999,31.3298076111897,-15.1460641322531));
#7917=CARTESIAN_POINT('Ctrl Pts',(2.79999999999999,31.3298076111897,-15.1460641322531));
#7918=CARTESIAN_POINT('Ctrl Pts',(2.79999999999999,31.1026707276726,-15.1437344281727));
#7919=CARTESIAN_POINT('Ctrl Pts',(2.79999999999999,30.9280448167606,-15.209477444652));
#7920=CARTESIAN_POINT('Ctrl Pts',(3.29999999999999,31.7893070439522,-15.2397995703273));
#7921=CARTESIAN_POINT('Ctrl Pts',(2.79999999999999,31.7893070439522,-15.2397995703273));
#7922=CARTESIAN_POINT('Ctrl Pts',(3.29999999999999,31.5855922583724,-15.1486876715348));
#7923=CARTESIAN_POINT('Ctrl Pts',(2.79999999999999,31.5855922583724,-15.1486876715348));
#7924=CARTESIAN_POINT('Ctrl Pts',(3.29999999999999,31.3298076111897,-15.1460641322531));
#7925=CARTESIAN_POINT('Ctrl Pts',(2.79999999999999,31.3298076111897,-15.1460641322531));
#7926=CARTESIAN_POINT('',(3.29999999999999,31.7893070439522,-15.2397995703273));
#7927=CARTESIAN_POINT('Ctrl Pts',(3.29999999999999,31.7893070439522,-15.2397995703273));
#7928=CARTESIAN_POINT('Ctrl Pts',(3.29999999999999,31.5855922583724,-15.1486876715348));
#7929=CARTESIAN_POINT('Ctrl Pts',(3.29999999999999,31.3298076111897,-15.1460641322531));
#7930=CARTESIAN_POINT('',(2.79999999999999,31.7893070439522,-15.2397995703273));
#7931=CARTESIAN_POINT('',(3.29999999999999,31.7893070439522,-15.2397995703273));
#7932=CARTESIAN_POINT('Ctrl Pts',(2.79999999999999,31.7893070439522,-15.2397995703273));
#7933=CARTESIAN_POINT('Ctrl Pts',(2.79999999999999,31.5855922583724,-15.1486876715348));
#7934=CARTESIAN_POINT('Ctrl Pts',(2.79999999999999,31.3298076111897,-15.1460641322531));
#7935=CARTESIAN_POINT('Ctrl Pts',(3.29999999999999,32.088739998143,-15.476170885003));
#7936=CARTESIAN_POINT('Ctrl Pts',(2.79999999999999,32.088739998143,-15.476170885003));
#7937=CARTESIAN_POINT('Ctrl Pts',(3.29999999999999,31.9930215315244,-15.3309114660631));
#7938=CARTESIAN_POINT('Ctrl Pts',(2.79999999999999,31.9930215315244,-15.3309114660631));
#7939=CARTESIAN_POINT('Ctrl Pts',(3.29999999999999,31.7893070439522,-15.2397995703273));
#7940=CARTESIAN_POINT('Ctrl Pts',(2.79999999999999,31.7893070439522,-15.2397995703273));
#7941=CARTESIAN_POINT('',(3.29999999999999,32.088739998143,-15.476170885003));
#7942=CARTESIAN_POINT('Ctrl Pts',(3.29999999999999,32.088739998143,-15.476170885003));
#7943=CARTESIAN_POINT('Ctrl Pts',(3.29999999999999,31.9930215315244,-15.3309114660631));
#7944=CARTESIAN_POINT('Ctrl Pts',(3.29999999999999,31.7893070439522,-15.2397995703273));
#7945=CARTESIAN_POINT('',(2.79999999999999,32.088739998143,-15.476170885003));
#7946=CARTESIAN_POINT('',(3.29999999999999,32.088739998143,-15.476170885003));
#7947=CARTESIAN_POINT('Ctrl Pts',(2.79999999999999,32.088739998143,-15.476170885003));
#7948=CARTESIAN_POINT('Ctrl Pts',(2.79999999999999,31.9930215315244,-15.3309114660631));
#7949=CARTESIAN_POINT('Ctrl Pts',(2.79999999999999,31.7893070439522,-15.2397995703273));
#7950=CARTESIAN_POINT('Ctrl Pts',(3.29999999999999,32.2087513942743,-15.846793618124));
#7951=CARTESIAN_POINT('Ctrl Pts',(2.79999999999999,32.2087513942743,-15.846793618124));
#7952=CARTESIAN_POINT('Ctrl Pts',(3.29999999999999,32.1844584647617,-15.6214303039428));
#7953=CARTESIAN_POINT('Ctrl Pts',(2.79999999999999,32.1844584647617,-15.6214303039428));
#7954=CARTESIAN_POINT('Ctrl Pts',(3.29999999999999,32.088739998143,-15.476170885003));
#7955=CARTESIAN_POINT('Ctrl Pts',(2.79999999999999,32.088739998143,-15.476170885003));
#7956=CARTESIAN_POINT('',(3.29999999999999,32.2087513942743,-15.846793618124));
#7957=CARTESIAN_POINT('Ctrl Pts',(3.29999999999999,32.2087513942743,-15.846793618124));
#7958=CARTESIAN_POINT('Ctrl Pts',(3.29999999999999,32.1844584647617,-15.6214303039428));
#7959=CARTESIAN_POINT('Ctrl Pts',(3.29999999999999,32.088739998143,-15.476170885003));
#7960=CARTESIAN_POINT('',(2.79999999999999,32.2087513942743,-15.846793618124));
#7961=CARTESIAN_POINT('',(3.29999999999999,32.2087513942743,-15.846793618124));
#7962=CARTESIAN_POINT('Ctrl Pts',(2.79999999999999,32.2087513942743,-15.846793618124));
#7963=CARTESIAN_POINT('Ctrl Pts',(2.79999999999999,32.1844584647617,-15.6214303039428));
#7964=CARTESIAN_POINT('Ctrl Pts',(2.79999999999999,32.088739998143,-15.476170885003));
#7965=CARTESIAN_POINT('Origin',(3.29999999999999,32.5835560414593,-15.8178941794496));
#7966=CARTESIAN_POINT('',(3.29999999999999,32.5835560414593,-15.8178941794496));
#7967=CARTESIAN_POINT('',(3.29999999999999,43.3181486562838,-14.9901997970671));
#7968=CARTESIAN_POINT('',(2.79999999999999,32.5835560414593,-15.8178941794496));
#7969=CARTESIAN_POINT('',(3.29999999999999,32.5835560414593,-15.8178941794496));
#7970=CARTESIAN_POINT('',(2.79999999999999,32.5835560414593,-15.8178941794496));
#7971=CARTESIAN_POINT('Ctrl Pts',(3.29999999999999,32.4243610012765,-15.2770106205201));
#7972=CARTESIAN_POINT('Ctrl Pts',(2.79999999999999,32.4243610012765,-15.2770106205201));
#7973=CARTESIAN_POINT('Ctrl Pts',(3.29999999999999,32.5784562494953,-15.5170073670133));
#7974=CARTESIAN_POINT('Ctrl Pts',(2.79999999999999,32.5784562494953,-15.5170073670133));
#7975=CARTESIAN_POINT('Ctrl Pts',(3.29999999999999,32.5835560414593,-15.8178941794496));
#7976=CARTESIAN_POINT('Ctrl Pts',(2.79999999999999,32.5835560414593,-15.8178941794496));
#7977=CARTESIAN_POINT('Ctrl Pts',(3.29999999999999,32.4243610012765,-15.2770106205201));
#7978=CARTESIAN_POINT('Ctrl Pts',(3.29999999999999,32.5784562494953,-15.5170073670133));
#7979=CARTESIAN_POINT('Ctrl Pts',(3.29999999999999,32.5835560414593,-15.8178941794496));
#7980=CARTESIAN_POINT('Ctrl Pts',(2.79999999999999,32.4243610012765,-15.2770106205201));
#7981=CARTESIAN_POINT('Ctrl Pts',(2.79999999999999,32.5784562494953,-15.5170073670133));
#7982=CARTESIAN_POINT('Ctrl Pts',(2.79999999999999,32.5835560414593,-15.8178941794496));
#7983=CARTESIAN_POINT('Origin',(2.79999999999999,26.3523014605902,-16.2891753037101));
#7984=CARTESIAN_POINT('Origin',(3.29999999999999,18.2300866890424,-17.3528895965702));
#7985=CARTESIAN_POINT('',(3.29999999999999,18.2300866890424,-17.3528895965702));
#7986=CARTESIAN_POINT('',(3.29999999999999,18.2572245772204,-14.70705341591));
#7987=CARTESIAN_POINT('',(3.29999999999999,18.2983520133663,-10.6972919392951));
#7988=CARTESIAN_POINT('',(2.79999999999999,18.2300866890424,-17.3528895965702));
#7989=CARTESIAN_POINT('',(3.29999999999999,18.2300866890424,-17.3528895965702));
#7990=CARTESIAN_POINT('',(2.79999999999999,18.2572245772204,-14.70705341591));
#7991=CARTESIAN_POINT('',(2.79999999999999,18.2300866890424,-17.3528895965702));
#7992=CARTESIAN_POINT('',(3.29999999999999,18.2572245772204,-14.70705341591));
#7993=CARTESIAN_POINT('Origin',(3.29999999999999,17.2376428778293,-17.342710270515));
#7994=CARTESIAN_POINT('',(3.29999999999999,17.2376428778293,-17.342710270515));
#7995=CARTESIAN_POINT('',(3.29999999999999,35.2005561145908,-17.5269527925325));
#7996=CARTESIAN_POINT('',(2.79999999999999,17.2376428778293,-17.342710270515));
#7997=CARTESIAN_POINT('',(3.29999999999999,17.2376428778293,-17.342710270515));
#7998=CARTESIAN_POINT('',(2.79999999999999,17.2376428778293,-17.342710270515));
#7999=CARTESIAN_POINT('Origin',(3.29999999999999,17.2340118974583,-17.6967164177087));
#8000=CARTESIAN_POINT('',(3.29999999999999,17.2340118974583,-17.6967164177087));
#8001=CARTESIAN_POINT('',(3.29999999999999,17.3040927119678,-10.8641156868368));
#8002=CARTESIAN_POINT('',(2.79999999999999,17.2340118974583,-17.6967164177087));
#8003=CARTESIAN_POINT('',(3.29999999999999,17.2340118974583,-17.6967164177087));
#8004=CARTESIAN_POINT('',(2.79999999999999,17.2340118974583,-17.6967164177087));
#8005=CARTESIAN_POINT('Origin',(3.29999999999999,19.6117855199288,-17.7211048341764));
#8006=CARTESIAN_POINT('',(3.29999999999999,19.6117855199288,-17.7211048341764));
#8007=CARTESIAN_POINT('',(3.29999999999999,36.385811945455,-17.89315314796));
#8008=CARTESIAN_POINT('',(2.79999999999999,19.6117855199288,-17.7211048341764));
#8009=CARTESIAN_POINT('',(3.29999999999999,19.6117855199288,-17.7211048341764));
#8010=CARTESIAN_POINT('',(2.79999999999999,19.6117855199288,-17.7211048341764));
#8011=CARTESIAN_POINT('Origin',(3.29999999999999,19.6154165002998,-17.3670986869826));
#8012=CARTESIAN_POINT('',(3.29999999999999,19.6154165002998,-17.3670986869826));
#8013=CARTESIAN_POINT('',(3.29999999999999,19.6836818246238,-10.7115010297076));
#8014=CARTESIAN_POINT('',(2.79999999999999,19.6154165002998,-17.3670986869826));
#8015=CARTESIAN_POINT('',(3.29999999999999,19.6154165002998,-17.3670986869826));
#8016=CARTESIAN_POINT('',(2.79999999999999,19.6154165002998,-17.3670986869826));
#8017=CARTESIAN_POINT('Origin',(3.29999999999999,18.6270649287457,-17.3569613343282));
#8018=CARTESIAN_POINT('',(3.29999999999999,18.6270649287457,-17.3569613343282));
#8019=CARTESIAN_POINT('',(3.29999999999999,35.8952671400489,-17.534078324439));
#8020=CARTESIAN_POINT('',(2.79999999999999,18.6270649287457,-17.3569613343282));
#8021=CARTESIAN_POINT('',(3.29999999999999,18.6270649287457,-17.3569613343282));
#8022=CARTESIAN_POINT('',(2.79999999999999,18.6270649287457,-17.3569613343282));
#8023=CARTESIAN_POINT('Origin',(3.29999999999999,18.6542028169237,-14.711125153668));
#8024=CARTESIAN_POINT('',(3.29999999999999,18.6542028169237,-14.711125153668));
#8025=CARTESIAN_POINT('',(3.29999999999999,18.7088991971587,-9.37844558672299));
#8026=CARTESIAN_POINT('',(2.79999999999999,18.6542028169237,-14.711125153668));
#8027=CARTESIAN_POINT('',(3.29999999999999,18.6542028169237,-14.711125153668));
#8028=CARTESIAN_POINT('',(2.79999999999999,18.6542028169237,-14.711125153668));
#8029=CARTESIAN_POINT('Origin',(3.29999999999999,18.2572245772204,-14.70705341591));
#8030=CARTESIAN_POINT('',(3.29999999999999,35.7239159083752,-14.8862062748999));
#8031=CARTESIAN_POINT('',(2.79999999999999,18.2572245772204,-14.70705341591));
#8032=CARTESIAN_POINT('Origin',(2.79999999999999,26.3523014605902,-16.2891753037101));
#8033=CARTESIAN_POINT('Ctrl Pts',(3.29999999999999,20.6564154331702,-15.2371450166839));
#8034=CARTESIAN_POINT('Ctrl Pts',(2.79999999999999,20.6564154331702,-15.2371450166839));
#8035=CARTESIAN_POINT('Ctrl Pts',(3.29999999999999,20.4681689545183,-15.4337239081909));
#8036=CARTESIAN_POINT('Ctrl Pts',(2.79999999999999,20.4681689545183,-15.4337239081909));
#8037=CARTESIAN_POINT('Ctrl Pts',(3.29999999999999,20.4623761789529,-15.9984964902283));
#8038=CARTESIAN_POINT('Ctrl Pts',(2.79999999999999,20.4623761789529,-15.9984964902283));
#8039=CARTESIAN_POINT('',(3.29999999999999,20.6564154331702,-15.2371450166839));
#8040=CARTESIAN_POINT('',(3.29999999999999,20.4623761789529,-15.9984964902283));
#8041=CARTESIAN_POINT('Ctrl Pts',(3.29999999999999,20.6564154331702,-15.2371450166839));
#8042=CARTESIAN_POINT('Ctrl Pts',(3.29999999999999,20.4681689545183,-15.4337239081909));
#8043=CARTESIAN_POINT('Ctrl Pts',(3.29999999999999,20.4623761789529,-15.9984964902283));
#8044=CARTESIAN_POINT('',(2.79999999999999,20.6564154331702,-15.2371450166839));
#8045=CARTESIAN_POINT('',(3.29999999999999,20.6564154331702,-15.2371450166839));
#8046=CARTESIAN_POINT('',(2.79999999999999,20.4623761789529,-15.9984964902283));
#8047=CARTESIAN_POINT('Ctrl Pts',(2.79999999999999,20.6564154331702,-15.2371450166839));
#8048=CARTESIAN_POINT('Ctrl Pts',(2.79999999999999,20.4681689545183,-15.4337239081909));
#8049=CARTESIAN_POINT('Ctrl Pts',(2.79999999999999,20.4623761789529,-15.9984964902283));
#8050=CARTESIAN_POINT('',(3.29999999999999,20.4623761789529,-15.9984964902283));
#8051=CARTESIAN_POINT('Ctrl Pts',(3.29999999999999,21.2825661242055,-15.0450576336215));
#8052=CARTESIAN_POINT('Ctrl Pts',(2.79999999999999,21.2825661242055,-15.0450576336215));
#8053=CARTESIAN_POINT('Ctrl Pts',(3.29999999999999,20.8446631038523,-15.0405661374034));
#8054=CARTESIAN_POINT('Ctrl Pts',(2.79999999999999,20.8446631038523,-15.0405661374034));
#8055=CARTESIAN_POINT('Ctrl Pts',(3.29999999999999,20.6564154331702,-15.2371450166839));
#8056=CARTESIAN_POINT('Ctrl Pts',(2.79999999999999,20.6564154331702,-15.2371450166839));
#8057=CARTESIAN_POINT('',(3.29999999999999,21.2825661242055,-15.0450576336215));
#8058=CARTESIAN_POINT('Ctrl Pts',(3.29999999999999,21.2825661242055,-15.0450576336215));
#8059=CARTESIAN_POINT('Ctrl Pts',(3.29999999999999,20.8446631038523,-15.0405661374034));
#8060=CARTESIAN_POINT('Ctrl Pts',(3.29999999999999,20.6564154331702,-15.2371450166839));
#8061=CARTESIAN_POINT('',(2.79999999999999,21.2825661242055,-15.0450576336215));
#8062=CARTESIAN_POINT('',(3.29999999999999,21.2825661242055,-15.0450576336215));
#8063=CARTESIAN_POINT('Ctrl Pts',(2.79999999999999,21.2825661242055,-15.0450576336215));
#8064=CARTESIAN_POINT('Ctrl Pts',(2.79999999999999,20.8446631038523,-15.0405661374034));
#8065=CARTESIAN_POINT('Ctrl Pts',(2.79999999999999,20.6564154331702,-15.2371450166839));
#8066=CARTESIAN_POINT('Ctrl Pts',(3.29999999999999,21.7143257152029,-15.1497642859858));
#8067=CARTESIAN_POINT('Ctrl Pts',(2.79999999999999,21.7143257152029,-15.1497642859858));
#8068=CARTESIAN_POINT('Ctrl Pts',(3.29999999999999,21.5383507713882,-15.0476811729031));
#8069=CARTESIAN_POINT('Ctrl Pts',(2.79999999999999,21.5383507713882,-15.0476811729031));
#8070=CARTESIAN_POINT('Ctrl Pts',(3.29999999999999,21.2825661242055,-15.0450576336215));
#8071=CARTESIAN_POINT('Ctrl Pts',(2.79999999999999,21.2825661242055,-15.0450576336215));
#8072=CARTESIAN_POINT('',(3.29999999999999,21.7143257152029,-15.1497642859858));
#8073=CARTESIAN_POINT('Ctrl Pts',(3.29999999999999,21.7143257152029,-15.1497642859858));
#8074=CARTESIAN_POINT('Ctrl Pts',(3.29999999999999,21.5383507713882,-15.0476811729031));
#8075=CARTESIAN_POINT('Ctrl Pts',(3.29999999999999,21.2825661242055,-15.0450576336215));
#8076=CARTESIAN_POINT('',(2.79999999999999,21.7143257152029,-15.1497642859858));
#8077=CARTESIAN_POINT('',(3.29999999999999,21.7143257152029,-15.1497642859858));
#8078=CARTESIAN_POINT('Ctrl Pts',(2.79999999999999,21.7143257152029,-15.1497642859858));
#8079=CARTESIAN_POINT('Ctrl Pts',(2.79999999999999,21.5383507713882,-15.0476811729031));
#8080=CARTESIAN_POINT('Ctrl Pts',(2.79999999999999,21.2825661242055,-15.0450576336215));
#8081=CARTESIAN_POINT('Ctrl Pts',(3.29999999999999,21.9610435390488,-15.4377803298161));
#8082=CARTESIAN_POINT('Ctrl Pts',(2.79999999999999,21.9610435390488,-15.4377803298161));
#8083=CARTESIAN_POINT('Ctrl Pts',(3.29999999999999,21.8903006590177,-15.2518473990685));
#8084=CARTESIAN_POINT('Ctrl Pts',(2.79999999999999,21.8903006590177,-15.2518473990685));
#8085=CARTESIAN_POINT('Ctrl Pts',(3.29999999999999,21.7143257152029,-15.1497642859858));
#8086=CARTESIAN_POINT('Ctrl Pts',(2.79999999999999,21.7143257152029,-15.1497642859858));
#8087=CARTESIAN_POINT('',(3.29999999999999,21.9610435390488,-15.4377803298161));
#8088=CARTESIAN_POINT('Ctrl Pts',(3.29999999999999,21.9610435390488,-15.4377803298161));
#8089=CARTESIAN_POINT('Ctrl Pts',(3.29999999999999,21.8903006590177,-15.2518473990685));
#8090=CARTESIAN_POINT('Ctrl Pts',(3.29999999999999,21.7143257152029,-15.1497642859858));
#8091=CARTESIAN_POINT('',(2.79999999999999,21.9610435390488,-15.4377803298161));
#8092=CARTESIAN_POINT('',(3.29999999999999,21.9610435390488,-15.4377803298161));
#8093=CARTESIAN_POINT('Ctrl Pts',(2.79999999999999,21.9610435390488,-15.4377803298161));
#8094=CARTESIAN_POINT('Ctrl Pts',(2.79999999999999,21.8903006590177,-15.2518473990685));
#8095=CARTESIAN_POINT('Ctrl Pts',(2.79999999999999,21.7143257152029,-15.1497642859858));
#8096=CARTESIAN_POINT('Ctrl Pts',(3.29999999999999,22.0277776475363,-16.0145525447635));
#8097=CARTESIAN_POINT('Ctrl Pts',(2.79999999999999,22.0277776475363,-16.0145525447635));
#8098=CARTESIAN_POINT('Ctrl Pts',(3.29999999999999,22.0317864129668,-15.6237138565788));
#8099=CARTESIAN_POINT('Ctrl Pts',(2.79999999999999,22.0317864129668,-15.6237138565788));
#8100=CARTESIAN_POINT('Ctrl Pts',(3.29999999999999,21.9610435390488,-15.4377803298161));
#8101=CARTESIAN_POINT('Ctrl Pts',(2.79999999999999,21.9610435390488,-15.4377803298161));
#8102=CARTESIAN_POINT('',(3.29999999999999,22.0277776475363,-16.0145525447635));
#8103=CARTESIAN_POINT('Ctrl Pts',(3.29999999999999,22.0277776475363,-16.0145525447635));
#8104=CARTESIAN_POINT('Ctrl Pts',(3.29999999999999,22.0317864129668,-15.6237138565788));
#8105=CARTESIAN_POINT('Ctrl Pts',(3.29999999999999,21.9610435390488,-15.4377803298161));
#8106=CARTESIAN_POINT('',(2.79999999999999,22.0277776475363,-16.0145525447635));
#8107=CARTESIAN_POINT('',(3.29999999999999,22.0277776475363,-16.0145525447635));
#8108=CARTESIAN_POINT('Ctrl Pts',(2.79999999999999,22.0277776475363,-16.0145525447635));
#8109=CARTESIAN_POINT('Ctrl Pts',(2.79999999999999,22.0317864129668,-15.6237138565788));
#8110=CARTESIAN_POINT('Ctrl Pts',(2.79999999999999,21.9610435390488,-15.4377803298161));
#8111=CARTESIAN_POINT('Origin',(3.29999999999999,22.0100215327242,-17.7457031298741));
#8112=CARTESIAN_POINT('',(3.29999999999999,22.0100215327242,-17.7457031298741));
#8113=CARTESIAN_POINT('',(3.29999999999999,22.0801023472336,-10.9131023990022));
#8114=CARTESIAN_POINT('',(2.79999999999999,22.0100215327242,-17.7457031298741));
#8115=CARTESIAN_POINT('',(3.29999999999999,22.0100215327242,-17.7457031298741));
#8116=CARTESIAN_POINT('',(2.79999999999999,22.0100215327242,-17.7457031298741));
#8117=CARTESIAN_POINT('Origin',(3.29999999999999,22.4069997724275,-17.7497748676321));
#8118=CARTESIAN_POINT('',(3.29999999999999,22.4069997724275,-17.7497748676321));
#8119=CARTESIAN_POINT('',(3.29999999999999,37.7834190717043,-17.9074881646879));
#8120=CARTESIAN_POINT('',(2.79999999999999,22.4069997724275,-17.7497748676321));
#8121=CARTESIAN_POINT('',(3.29999999999999,22.4069997724275,-17.7497748676321));
#8122=CARTESIAN_POINT('',(2.79999999999999,22.4069997724275,-17.7497748676321));
#8123=CARTESIAN_POINT('Origin',(3.29999999999999,22.42477687394,-16.016578162692));
#8124=CARTESIAN_POINT('',(3.29999999999999,22.42477687394,-16.016578162692));
#8125=CARTESIAN_POINT('',(3.29999999999999,22.4859691376932,-10.0505757842901));
#8126=CARTESIAN_POINT('',(2.79999999999999,22.42477687394,-16.016578162692));
#8127=CARTESIAN_POINT('',(3.29999999999999,22.42477687394,-16.016578162692));
#8128=CARTESIAN_POINT('',(2.79999999999999,22.42477687394,-16.016578162692));
#8129=CARTESIAN_POINT('Ctrl Pts',(3.29999999999999,22.317899024644,-15.2633959710898));
#8130=CARTESIAN_POINT('Ctrl Pts',(2.79999999999999,22.317899024644,-15.2633959710898));
#8131=CARTESIAN_POINT('Ctrl Pts',(3.29999999999999,22.4296671510878,-15.5397955874957));
#8132=CARTESIAN_POINT('Ctrl Pts',(2.79999999999999,22.4296671510878,-15.5397955874957));
#8133=CARTESIAN_POINT('Ctrl Pts',(3.29999999999999,22.42477687394,-16.016578162692));
#8134=CARTESIAN_POINT('Ctrl Pts',(2.79999999999999,22.42477687394,-16.016578162692));
#8135=CARTESIAN_POINT('',(3.29999999999999,22.317899024644,-15.2633959710898));
#8136=CARTESIAN_POINT('Ctrl Pts',(3.29999999999999,22.317899024644,-15.2633959710898));
#8137=CARTESIAN_POINT('Ctrl Pts',(3.29999999999999,22.4296671510878,-15.5397955874957));
#8138=CARTESIAN_POINT('Ctrl Pts',(3.29999999999999,22.42477687394,-16.016578162692));
#8139=CARTESIAN_POINT('',(2.79999999999999,22.317899024644,-15.2633959710898));
#8140=CARTESIAN_POINT('',(3.29999999999999,22.317899024644,-15.2633959710898));
#8141=CARTESIAN_POINT('Ctrl Pts',(2.79999999999999,22.317899024644,-15.2633959710898));
#8142=CARTESIAN_POINT('Ctrl Pts',(2.79999999999999,22.4296671510878,-15.5397955874957));
#8143=CARTESIAN_POINT('Ctrl Pts',(2.79999999999999,22.42477687394,-16.016578162692));
#8144=CARTESIAN_POINT('Ctrl Pts',(3.29999999999999,21.9395573198572,-14.8389610385676));
#8145=CARTESIAN_POINT('Ctrl Pts',(2.79999999999999,21.9395573198572,-14.8389610385676));
#8146=CARTESIAN_POINT('Ctrl Pts',(3.29999999999999,22.20612970617,-14.9869963424575));
#8147=CARTESIAN_POINT('Ctrl Pts',(2.79999999999999,22.20612970617,-14.9869963424575));
#8148=CARTESIAN_POINT('Ctrl Pts',(3.29999999999999,22.317899024644,-15.2633959710898));
#8149=CARTESIAN_POINT('Ctrl Pts',(2.79999999999999,22.317899024644,-15.2633959710898));
#8150=CARTESIAN_POINT('',(3.29999999999999,21.9395573198572,-14.8389610385676));
#8151=CARTESIAN_POINT('Ctrl Pts',(3.29999999999999,21.9395573198572,-14.8389610385676));
#8152=CARTESIAN_POINT('Ctrl Pts',(3.29999999999999,22.20612970617,-14.9869963424575));
#8153=CARTESIAN_POINT('Ctrl Pts',(3.29999999999999,22.317899024644,-15.2633959710898));
#8154=CARTESIAN_POINT('',(2.79999999999999,21.9395573198572,-14.8389610385676));
#8155=CARTESIAN_POINT('',(3.29999999999999,21.9395573198572,-14.8389610385676));
#8156=CARTESIAN_POINT('Ctrl Pts',(2.79999999999999,21.9395573198572,-14.8389610385676));
#8157=CARTESIAN_POINT('Ctrl Pts',(2.79999999999999,22.20612970617,-14.9869963424575));
#8158=CARTESIAN_POINT('Ctrl Pts',(2.79999999999999,22.317899024644,-15.2633959710898));
#8159=CARTESIAN_POINT('Ctrl Pts',(3.29999999999999,21.2514520608007,-14.6866024422965));
#8160=CARTESIAN_POINT('Ctrl Pts',(2.79999999999999,21.2514520608007,-14.6866024422965));
#8161=CARTESIAN_POINT('Ctrl Pts',(3.29999999999999,21.6729861225181,-14.6909260449117));
#8162=CARTESIAN_POINT('Ctrl Pts',(2.79999999999999,21.6729861225181,-14.6909260449117));
#8163=CARTESIAN_POINT('Ctrl Pts',(3.29999999999999,21.9395573198572,-14.8389610385676));
#8164=CARTESIAN_POINT('Ctrl Pts',(2.79999999999999,21.9395573198572,-14.8389610385676));
#8165=CARTESIAN_POINT('',(3.29999999999999,21.2514520608007,-14.6866024422965));
#8166=CARTESIAN_POINT('Ctrl Pts',(3.29999999999999,21.2514520608007,-14.6866024422965));
#8167=CARTESIAN_POINT('Ctrl Pts',(3.29999999999999,21.6729861225181,-14.6909260449117));
#8168=CARTESIAN_POINT('Ctrl Pts',(3.29999999999999,21.9395573198572,-14.8389610385676));
#8169=CARTESIAN_POINT('',(2.79999999999999,21.2514520608007,-14.6866024422965));
#8170=CARTESIAN_POINT('',(3.29999999999999,21.2514520608007,-14.6866024422965));
#8171=CARTESIAN_POINT('Ctrl Pts',(2.79999999999999,21.2514520608007,-14.6866024422965));
#8172=CARTESIAN_POINT('Ctrl Pts',(2.79999999999999,21.6729861225181,-14.6909260449117));
#8173=CARTESIAN_POINT('Ctrl Pts',(2.79999999999999,21.9395573198572,-14.8389610385676));
#8174=CARTESIAN_POINT('Ctrl Pts',(3.29999999999999,20.5488921283402,-14.8461855307156));
#8175=CARTESIAN_POINT('Ctrl Pts',(2.79999999999999,20.5488921283402,-14.8461855307156));
#8176=CARTESIAN_POINT('Ctrl Pts',(3.29999999999999,20.8176412801064,-14.6821529194791));
#8177=CARTESIAN_POINT('Ctrl Pts',(2.79999999999999,20.8176412801064,-14.6821529194791));
#8178=CARTESIAN_POINT('Ctrl Pts',(3.29999999999999,21.2514520608007,-14.6866024422965));
#8179=CARTESIAN_POINT('Ctrl Pts',(2.79999999999999,21.2514520608007,-14.6866024422965));
#8180=CARTESIAN_POINT('',(3.29999999999999,20.5488921283402,-14.8461855307156));
#8181=CARTESIAN_POINT('Ctrl Pts',(3.29999999999999,20.5488921283402,-14.8461855307156));
#8182=CARTESIAN_POINT('Ctrl Pts',(3.29999999999999,20.8176412801064,-14.6821529194791));
#8183=CARTESIAN_POINT('Ctrl Pts',(3.29999999999999,21.2514520608007,-14.6866024422965));
#8184=CARTESIAN_POINT('',(2.79999999999999,20.5488921283402,-14.8461855307156));
#8185=CARTESIAN_POINT('',(3.29999999999999,20.5488921283402,-14.8461855307156));
#8186=CARTESIAN_POINT('Ctrl Pts',(2.79999999999999,20.5488921283402,-14.8461855307156));
#8187=CARTESIAN_POINT('Ctrl Pts',(2.79999999999999,20.8176412801064,-14.6821529194791));
#8188=CARTESIAN_POINT('Ctrl Pts',(2.79999999999999,21.2514520608007,-14.6866024422965));
#8189=CARTESIAN_POINT('Ctrl Pts',(3.29999999999999,20.1751001619922,-15.2751845636941));
#8190=CARTESIAN_POINT('Ctrl Pts',(2.79999999999999,20.1751001619922,-15.2751845636941));
#8191=CARTESIAN_POINT('Ctrl Pts',(3.29999999999999,20.280142976574,-15.0102181419522));
#8192=CARTESIAN_POINT('Ctrl Pts',(2.79999999999999,20.280142976574,-15.0102181419522));
#8193=CARTESIAN_POINT('Ctrl Pts',(3.29999999999999,20.5488921283402,-14.8461855307156));
#8194=CARTESIAN_POINT('Ctrl Pts',(2.79999999999999,20.5488921283402,-14.8461855307156));
#8195=CARTESIAN_POINT('',(3.29999999999999,20.1751001619922,-15.2751845636941));
#8196=CARTESIAN_POINT('Ctrl Pts',(3.29999999999999,20.1751001619922,-15.2751845636941));
#8197=CARTESIAN_POINT('Ctrl Pts',(3.29999999999999,20.280142976574,-15.0102181419522));
#8198=CARTESIAN_POINT('Ctrl Pts',(3.29999999999999,20.5488921283402,-14.8461855307156));
#8199=CARTESIAN_POINT('',(2.79999999999999,20.1751001619922,-15.2751845636941));
#8200=CARTESIAN_POINT('',(3.29999999999999,20.1751001619922,-15.2751845636941));
#8201=CARTESIAN_POINT('Ctrl Pts',(2.79999999999999,20.1751001619922,-15.2751845636941));
#8202=CARTESIAN_POINT('Ctrl Pts',(2.79999999999999,20.280142976574,-15.0102181419522));
#8203=CARTESIAN_POINT('Ctrl Pts',(2.79999999999999,20.5488921283402,-14.8461855307156));
#8204=CARTESIAN_POINT('Ctrl Pts',(3.29999999999999,20.06541892595,-15.9923786326408));
#8205=CARTESIAN_POINT('Ctrl Pts',(2.79999999999999,20.06541892595,-15.9923786326408));
#8206=CARTESIAN_POINT('Ctrl Pts',(3.29999999999999,20.0700573443537,-15.5401512834435));
#8207=CARTESIAN_POINT('Ctrl Pts',(2.79999999999999,20.0700573443537,-15.5401512834435));
#8208=CARTESIAN_POINT('Ctrl Pts',(3.29999999999999,20.1751001619922,-15.2751845636941));
#8209=CARTESIAN_POINT('Ctrl Pts',(2.79999999999999,20.1751001619922,-15.2751845636941));
#8210=CARTESIAN_POINT('',(3.29999999999999,20.06541892595,-15.9923786326408));
#8211=CARTESIAN_POINT('Ctrl Pts',(3.29999999999999,20.06541892595,-15.9923786326408));
#8212=CARTESIAN_POINT('Ctrl Pts',(3.29999999999999,20.0700573443537,-15.5401512834435));
#8213=CARTESIAN_POINT('Ctrl Pts',(3.29999999999999,20.1751001619922,-15.2751845636941));
#8214=CARTESIAN_POINT('',(2.79999999999999,20.06541892595,-15.9923786326408));
#8215=CARTESIAN_POINT('',(3.29999999999999,20.06541892595,-15.9923786326408));
#8216=CARTESIAN_POINT('Ctrl Pts',(2.79999999999999,20.06541892595,-15.9923786326408));
#8217=CARTESIAN_POINT('Ctrl Pts',(2.79999999999999,20.0700573443537,-15.5401512834435));
#8218=CARTESIAN_POINT('Ctrl Pts',(2.79999999999999,20.1751001619922,-15.2751845636941));
#8219=CARTESIAN_POINT('Origin',(3.29999999999999,20.0476418244374,-17.7255753375809));
#8220=CARTESIAN_POINT('',(3.29999999999999,20.0476418244374,-17.7255753375809));
#8221=CARTESIAN_POINT('',(3.29999999999999,20.1177226389469,-10.892974606709));
#8222=CARTESIAN_POINT('',(2.79999999999999,20.0476418244374,-17.7255753375809));
#8223=CARTESIAN_POINT('',(3.29999999999999,20.0476418244374,-17.7255753375809));
#8224=CARTESIAN_POINT('',(2.79999999999999,20.0476418244374,-17.7255753375809));
#8225=CARTESIAN_POINT('Origin',(3.29999999999999,20.4446200641408,-17.7296470753389));
#8226=CARTESIAN_POINT('',(3.29999999999999,20.4446200641408,-17.7296470753389));
#8227=CARTESIAN_POINT('',(3.29999999999999,36.802229217561,-17.8974242685413));
#8228=CARTESIAN_POINT('',(2.79999999999999,20.4446200641408,-17.7296470753389));
#8229=CARTESIAN_POINT('',(3.29999999999999,20.4446200641408,-17.7296470753389));
#8230=CARTESIAN_POINT('',(2.79999999999999,20.4446200641408,-17.7296470753389));
#8231=CARTESIAN_POINT('Origin',(3.29999999999999,20.4623761789529,-15.9984964902283));
#8232=CARTESIAN_POINT('',(3.29999999999999,20.5235789360563,-10.0314710519116));
#8233=CARTESIAN_POINT('',(2.79999999999999,20.4623761789529,-15.9984964902283));
#8234=CARTESIAN_POINT('Origin',(2.79999999999999,26.3523014605902,-16.2891753037101));
#8235=CARTESIAN_POINT('Ctrl Pts',(3.29999999999999,24.358014204803,-17.4812307861684));
#8236=CARTESIAN_POINT('Ctrl Pts',(2.79999999999999,24.358014204803,-17.4812307861684));
#8237=CARTESIAN_POINT('Ctrl Pts',(3.29999999999999,24.7795470744902,-17.4855543765572));
#8238=CARTESIAN_POINT('Ctrl Pts',(2.79999999999999,24.7795470744902,-17.4855543765572));
#8239=CARTESIAN_POINT('Ctrl Pts',(3.29999999999999,25.0863892591109,-17.1991228365964));
#8240=CARTESIAN_POINT('Ctrl Pts',(2.79999999999999,25.0863892591109,-17.1991228365964));
#8241=CARTESIAN_POINT('',(3.29999999999999,24.358014204803,-17.4812307861684));
#8242=CARTESIAN_POINT('',(3.29999999999999,25.0863892591109,-17.1991228365964));
#8243=CARTESIAN_POINT('Ctrl Pts',(3.29999999999999,24.358014204803,-17.4812307861684));
#8244=CARTESIAN_POINT('Ctrl Pts',(3.29999999999999,24.7795470744902,-17.4855543765572));
#8245=CARTESIAN_POINT('Ctrl Pts',(3.29999999999999,25.0863892591109,-17.1991228365964));
#8246=CARTESIAN_POINT('',(2.79999999999999,24.358014204803,-17.4812307861684));
#8247=CARTESIAN_POINT('',(3.29999999999999,24.358014204803,-17.4812307861684));
#8248=CARTESIAN_POINT('',(2.79999999999999,25.0863892591109,-17.1991228365964));
#8249=CARTESIAN_POINT('Ctrl Pts',(2.79999999999999,24.358014204803,-17.4812307861684));
#8250=CARTESIAN_POINT('Ctrl Pts',(2.79999999999999,24.7795470744902,-17.4855543765572));
#8251=CARTESIAN_POINT('Ctrl Pts',(2.79999999999999,25.0863892591109,-17.1991228365964));
#8252=CARTESIAN_POINT('',(3.29999999999999,25.0863892591109,-17.1991228365964));
#8253=CARTESIAN_POINT('Ctrl Pts',(3.29999999999999,23.8244556840455,-17.325340915507));
#8254=CARTESIAN_POINT('Ctrl Pts',(2.79999999999999,23.8244556840455,-17.325340915507));
#8255=CARTESIAN_POINT('Ctrl Pts',(3.29999999999999,24.0613047769704,-17.4781874884266));
#8256=CARTESIAN_POINT('Ctrl Pts',(2.79999999999999,24.0613047769704,-17.4781874884266));
#8257=CARTESIAN_POINT('Ctrl Pts',(3.29999999999999,24.358014204803,-17.4812307861684));
#8258=CARTESIAN_POINT('Ctrl Pts',(2.79999999999999,24.358014204803,-17.4812307861684));
#8259=CARTESIAN_POINT('',(3.29999999999999,23.8244556840455,-17.325340915507));
#8260=CARTESIAN_POINT('Ctrl Pts',(3.29999999999999,23.8244556840455,-17.325340915507));
#8261=CARTESIAN_POINT('Ctrl Pts',(3.29999999999999,24.0613047769704,-17.4781874884266));
#8262=CARTESIAN_POINT('Ctrl Pts',(3.29999999999999,24.358014204803,-17.4812307861684));
#8263=CARTESIAN_POINT('',(2.79999999999999,23.8244556840455,-17.325340915507));
#8264=CARTESIAN_POINT('',(3.29999999999999,23.8244556840455,-17.325340915507));
#8265=CARTESIAN_POINT('Ctrl Pts',(2.79999999999999,23.8244556840455,-17.325340915507));
#8266=CARTESIAN_POINT('Ctrl Pts',(2.79999999999999,24.0613047769704,-17.4781874884266));
#8267=CARTESIAN_POINT('Ctrl Pts',(2.79999999999999,24.358014204803,-17.4812307861684));
#8268=CARTESIAN_POINT('Ctrl Pts',(3.29999999999999,23.4666090431928,-16.8980465456933));
#8269=CARTESIAN_POINT('Ctrl Pts',(2.79999999999999,23.4666090431928,-16.8980465456933));
#8270=CARTESIAN_POINT('Ctrl Pts',(3.29999999999999,23.5876065911205,-17.1724943425873));
#8271=CARTESIAN_POINT('Ctrl Pts',(2.79999999999999,23.5876065911205,-17.1724943425873));
#8272=CARTESIAN_POINT('Ctrl Pts',(3.29999999999999,23.8244556840455,-17.325340915507));
#8273=CARTESIAN_POINT('Ctrl Pts',(2.79999999999999,23.8244556840455,-17.325340915507));
#8274=CARTESIAN_POINT('',(3.29999999999999,23.4666090431928,-16.8980465456933));
#8275=CARTESIAN_POINT('Ctrl Pts',(3.29999999999999,23.4666090431928,-16.8980465456933));
#8276=CARTESIAN_POINT('Ctrl Pts',(3.29999999999999,23.5876065911205,-17.1724943425873));
#8277=CARTESIAN_POINT('Ctrl Pts',(3.29999999999999,23.8244556840455,-17.325340915507));
#8278=CARTESIAN_POINT('',(2.79999999999999,23.4666090431928,-16.8980465456933));
#8279=CARTESIAN_POINT('',(3.29999999999999,23.4666090431928,-16.8980465456933));
#8280=CARTESIAN_POINT('Ctrl Pts',(2.79999999999999,23.4666090431928,-16.8980465456933));
#8281=CARTESIAN_POINT('Ctrl Pts',(2.79999999999999,23.5876065911205,-17.1724943425873));
#8282=CARTESIAN_POINT('Ctrl Pts',(2.79999999999999,23.8244556840455,-17.325340915507));
#8283=CARTESIAN_POINT('Ctrl Pts',(3.29999999999999,23.3493684034797,-16.2573151376097));
#8284=CARTESIAN_POINT('Ctrl Pts',(2.79999999999999,23.3493684034797,-16.2573151376097));
#8285=CARTESIAN_POINT('Ctrl Pts',(3.29999999999999,23.345611495265,-16.6235987487992));
#8286=CARTESIAN_POINT('Ctrl Pts',(2.79999999999999,23.345611495265,-16.6235987487992));
#8287=CARTESIAN_POINT('Ctrl Pts',(3.29999999999999,23.4666090431928,-16.8980465456933));
#8288=CARTESIAN_POINT('Ctrl Pts',(2.79999999999999,23.4666090431928,-16.8980465456933));
#8289=CARTESIAN_POINT('',(3.29999999999999,23.3493684034797,-16.2573151376097));
#8290=CARTESIAN_POINT('Ctrl Pts',(3.29999999999999,23.3493684034797,-16.2573151376097));
#8291=CARTESIAN_POINT('Ctrl Pts',(3.29999999999999,23.345611495265,-16.6235987487992));
#8292=CARTESIAN_POINT('Ctrl Pts',(3.29999999999999,23.4666090431928,-16.8980465456933));
#8293=CARTESIAN_POINT('',(2.79999999999999,23.3493684034797,-16.2573151376097));
#8294=CARTESIAN_POINT('',(3.29999999999999,23.3493684034797,-16.2573151376097));
#8295=CARTESIAN_POINT('Ctrl Pts',(2.79999999999999,23.3493684034797,-16.2573151376097));
#8296=CARTESIAN_POINT('Ctrl Pts',(2.79999999999999,23.345611495265,-16.6235987487992));
#8297=CARTESIAN_POINT('Ctrl Pts',(2.79999999999999,23.4666090431928,-16.8980465456933));
#8298=CARTESIAN_POINT('Ctrl Pts',(3.29999999999999,23.648088006509,-15.3660619226229));
#8299=CARTESIAN_POINT('Ctrl Pts',(2.79999999999999,23.648088006509,-15.3660619226229));
#8300=CARTESIAN_POINT('Ctrl Pts',(3.29999999999999,23.3553080966458,-15.6782186737396));
#8301=CARTESIAN_POINT('Ctrl Pts',(2.79999999999999,23.3553080966458,-15.6782186737396));
#8302=CARTESIAN_POINT('Ctrl Pts',(3.29999999999999,23.3493684034797,-16.2573151376097));
#8303=CARTESIAN_POINT('Ctrl Pts',(2.79999999999999,23.3493684034797,-16.2573151376097));
#8304=CARTESIAN_POINT('',(3.29999999999999,23.648088006509,-15.3660619226229));
#8305=CARTESIAN_POINT('Ctrl Pts',(3.29999999999999,23.648088006509,-15.3660619226229));
#8306=CARTESIAN_POINT('Ctrl Pts',(3.29999999999999,23.3553080966458,-15.6782186737396));
#8307=CARTESIAN_POINT('Ctrl Pts',(3.29999999999999,23.3493684034797,-16.2573151376097));
#8308=CARTESIAN_POINT('',(2.79999999999999,23.648088006509,-15.3660619226229));
#8309=CARTESIAN_POINT('',(3.29999999999999,23.648088006509,-15.3660619226229));
#8310=CARTESIAN_POINT('Ctrl Pts',(2.79999999999999,23.648088006509,-15.3660619226229));
#8311=CARTESIAN_POINT('Ctrl Pts',(2.79999999999999,23.3553080966458,-15.6782186737396));
#8312=CARTESIAN_POINT('Ctrl Pts',(2.79999999999999,23.3493684034797,-16.2573151376097));
#8313=CARTESIAN_POINT('Ctrl Pts',(3.29999999999999,24.3890033269748,-15.0585013215582));
#8314=CARTESIAN_POINT('Ctrl Pts',(2.79999999999999,24.3890033269748,-15.0585013215582));
#8315=CARTESIAN_POINT('Ctrl Pts',(3.29999999999999,23.940869111459,-15.053904885725));
#8316=CARTESIAN_POINT('Ctrl Pts',(2.79999999999999,23.940869111459,-15.053904885725));
#8317=CARTESIAN_POINT('Ctrl Pts',(3.29999999999999,23.648088006509,-15.3660619226229));
#8318=CARTESIAN_POINT('Ctrl Pts',(2.79999999999999,23.648088006509,-15.3660619226229));
#8319=CARTESIAN_POINT('',(3.29999999999999,24.3890033269748,-15.0585013215582));
#8320=CARTESIAN_POINT('Ctrl Pts',(3.29999999999999,24.3890033269748,-15.0585013215582));
#8321=CARTESIAN_POINT('Ctrl Pts',(3.29999999999999,23.940869111459,-15.053904885725));
#8322=CARTESIAN_POINT('Ctrl Pts',(3.29999999999999,23.648088006509,-15.3660619226229));
#8323=CARTESIAN_POINT('',(2.79999999999999,24.3890033269748,-15.0585013215582));
#8324=CARTESIAN_POINT('',(3.29999999999999,24.3890033269748,-15.0585013215582));
#8325=CARTESIAN_POINT('Ctrl Pts',(2.79999999999999,24.3890033269748,-15.0585013215582));
#8326=CARTESIAN_POINT('Ctrl Pts',(2.79999999999999,23.940869111459,-15.053904885725));
#8327=CARTESIAN_POINT('Ctrl Pts',(2.79999999999999,23.648088006509,-15.3660619226229));
#8328=CARTESIAN_POINT('Ctrl Pts',(3.29999999999999,25.1173467700481,-15.3780620572439));
#8329=CARTESIAN_POINT('Ctrl Pts',(2.79999999999999,25.1173467700481,-15.3780620572439));
#8330=CARTESIAN_POINT('Ctrl Pts',(3.29999999999999,24.8289530631726,-15.0630138105898));
#8331=CARTESIAN_POINT('Ctrl Pts',(2.79999999999999,24.8289530631726,-15.0630138105898));
#8332=CARTESIAN_POINT('Ctrl Pts',(3.29999999999999,24.3890033269748,-15.0585013215582));
#8333=CARTESIAN_POINT('Ctrl Pts',(2.79999999999999,24.3890033269748,-15.0585013215582));
#8334=CARTESIAN_POINT('',(3.29999999999999,25.1173467700481,-15.3780620572439));
#8335=CARTESIAN_POINT('Ctrl Pts',(3.29999999999999,25.1173467700481,-15.3780620572439));
#8336=CARTESIAN_POINT('Ctrl Pts',(3.29999999999999,24.8289530631726,-15.0630138105898));
#8337=CARTESIAN_POINT('Ctrl Pts',(3.29999999999999,24.3890033269748,-15.0585013215582));
#8338=CARTESIAN_POINT('',(2.79999999999999,25.1173467700481,-15.3780620572439));
#8339=CARTESIAN_POINT('',(3.29999999999999,25.1173467700481,-15.3780620572439));
#8340=CARTESIAN_POINT('Ctrl Pts',(2.79999999999999,25.1173467700481,-15.3780620572439));
#8341=CARTESIAN_POINT('Ctrl Pts',(2.79999999999999,24.8289530631726,-15.0630138105898));
#8342=CARTESIAN_POINT('Ctrl Pts',(2.79999999999999,24.3890033269748,-15.0585013215582));
#8343=CARTESIAN_POINT('Ctrl Pts',(3.29999999999999,25.4001785749303,-16.235373630762));
#8344=CARTESIAN_POINT('Ctrl Pts',(2.79999999999999,25.4001785749303,-16.235373630762));
#8345=CARTESIAN_POINT('Ctrl Pts',(3.29999999999999,25.4057404799803,-15.6931100058903));
#8346=CARTESIAN_POINT('Ctrl Pts',(2.79999999999999,25.4057404799803,-15.6931100058903));
#8347=CARTESIAN_POINT('Ctrl Pts',(3.29999999999999,25.1173467700481,-15.3780620572439));
#8348=CARTESIAN_POINT('Ctrl Pts',(2.79999999999999,25.1173467700481,-15.3780620572439));
#8349=CARTESIAN_POINT('',(3.29999999999999,25.4001785749303,-16.235373630762));
#8350=CARTESIAN_POINT('Ctrl Pts',(3.29999999999999,25.4001785749303,-16.235373630762));
#8351=CARTESIAN_POINT('Ctrl Pts',(3.29999999999999,25.4057404799803,-15.6931100058903));
#8352=CARTESIAN_POINT('Ctrl Pts',(3.29999999999999,25.1173467700481,-15.3780620572439));
#8353=CARTESIAN_POINT('',(2.79999999999999,25.4001785749303,-16.235373630762));
#8354=CARTESIAN_POINT('',(3.29999999999999,25.4001785749303,-16.235373630762));
#8355=CARTESIAN_POINT('Ctrl Pts',(2.79999999999999,25.4001785749303,-16.235373630762));
#8356=CARTESIAN_POINT('Ctrl Pts',(2.79999999999999,25.4057404799803,-15.6931100058903));
#8357=CARTESIAN_POINT('Ctrl Pts',(2.79999999999999,25.1173467700481,-15.3780620572439));
#8358=CARTESIAN_POINT('Ctrl Pts',(3.29999999999999,25.0863892591109,-17.1991228365964));
#8359=CARTESIAN_POINT('Ctrl Pts',(2.79999999999999,25.0863892591109,-17.1991228365964));
#8360=CARTESIAN_POINT('Ctrl Pts',(3.29999999999999,25.3932314437315,-16.9126912966356));
#8361=CARTESIAN_POINT('Ctrl Pts',(2.79999999999999,25.3932314437315,-16.9126912966356));
#8362=CARTESIAN_POINT('Ctrl Pts',(3.29999999999999,25.4001785749303,-16.235373630762));
#8363=CARTESIAN_POINT('Ctrl Pts',(2.79999999999999,25.4001785749303,-16.235373630762));
#8364=CARTESIAN_POINT('Ctrl Pts',(3.29999999999999,25.0863892591109,-17.1991228365964));
#8365=CARTESIAN_POINT('Ctrl Pts',(3.29999999999999,25.3932314437315,-16.9126912966356));
#8366=CARTESIAN_POINT('Ctrl Pts',(3.29999999999999,25.4001785749303,-16.235373630762));
#8367=CARTESIAN_POINT('Ctrl Pts',(2.79999999999999,25.0863892591109,-17.1991228365964));
#8368=CARTESIAN_POINT('Ctrl Pts',(2.79999999999999,25.3932314437315,-16.9126912966356));
#8369=CARTESIAN_POINT('Ctrl Pts',(2.79999999999999,25.4001785749303,-16.235373630762));
#8370=CARTESIAN_POINT('Ctrl Pts',(3.29999999999999,25.1454645836644,-14.9311919659726));
#8371=CARTESIAN_POINT('Ctrl Pts',(2.79999999999999,25.1454645836644,-14.9311919659726));
#8372=CARTESIAN_POINT('Ctrl Pts',(3.29999999999999,25.4769089155381,-15.1392405403404));
#8373=CARTESIAN_POINT('Ctrl Pts',(2.79999999999999,25.4769089155381,-15.1392405403404));
#8374=CARTESIAN_POINT('Ctrl Pts',(3.29999999999999,25.6451651131752,-15.4950097048555));
#8375=CARTESIAN_POINT('Ctrl Pts',(2.79999999999999,25.6451651131752,-15.4950097048555));
#8376=CARTESIAN_POINT('',(3.29999999999999,25.1454645836644,-14.9311919659726));
#8377=CARTESIAN_POINT('',(3.29999999999999,25.6451651131752,-15.4950097048555));
#8378=CARTESIAN_POINT('Ctrl Pts',(3.29999999999999,25.1454645836644,-14.9311919659726));
#8379=CARTESIAN_POINT('Ctrl Pts',(3.29999999999999,25.4769089155381,-15.1392405403404));
#8380=CARTESIAN_POINT('Ctrl Pts',(3.29999999999999,25.6451651131752,-15.4950097048555));
#8381=CARTESIAN_POINT('',(2.79999999999999,25.1454645836644,-14.9311919659726));
#8382=CARTESIAN_POINT('',(3.29999999999999,25.1454645836644,-14.9311919659726));
#8383=CARTESIAN_POINT('',(2.79999999999999,25.6451651131752,-15.4950097048555));
#8384=CARTESIAN_POINT('Ctrl Pts',(2.79999999999999,25.1454645836644,-14.9311919659726));
#8385=CARTESIAN_POINT('Ctrl Pts',(2.79999999999999,25.4769089155381,-15.1392405403404));
#8386=CARTESIAN_POINT('Ctrl Pts',(2.79999999999999,25.6451651131752,-15.4950097048555));
#8387=CARTESIAN_POINT('',(3.29999999999999,25.6451651131752,-15.4950097048555));
#8388=CARTESIAN_POINT('Ctrl Pts',(3.29999999999999,24.3904418613458,-14.7187985226213));
#8389=CARTESIAN_POINT('Ctrl Pts',(2.79999999999999,24.3904418613458,-14.7187985226213));
#8390=CARTESIAN_POINT('Ctrl Pts',(3.29999999999999,24.8140202548474,-14.7231430935972));
#8391=CARTESIAN_POINT('Ctrl Pts',(2.79999999999999,24.8140202548474,-14.7231430935972));
#8392=CARTESIAN_POINT('Ctrl Pts',(3.29999999999999,25.1454645836644,-14.9311919659726));
#8393=CARTESIAN_POINT('Ctrl Pts',(2.79999999999999,25.1454645836644,-14.9311919659726));
#8394=CARTESIAN_POINT('',(3.29999999999999,24.3904418613458,-14.7187985226213));
#8395=CARTESIAN_POINT('Ctrl Pts',(3.29999999999999,24.3904418613458,-14.7187985226213));
#8396=CARTESIAN_POINT('Ctrl Pts',(3.29999999999999,24.8140202548474,-14.7231430935972));
#8397=CARTESIAN_POINT('Ctrl Pts',(3.29999999999999,25.1454645836644,-14.9311919659726));
#8398=CARTESIAN_POINT('',(2.79999999999999,24.3904418613458,-14.7187985226213));
#8399=CARTESIAN_POINT('',(3.29999999999999,24.3904418613458,-14.7187985226213));
#8400=CARTESIAN_POINT('Ctrl Pts',(2.79999999999999,24.3904418613458,-14.7187985226213));
#8401=CARTESIAN_POINT('Ctrl Pts',(2.79999999999999,24.8140202548474,-14.7231430935972));
#8402=CARTESIAN_POINT('Ctrl Pts',(2.79999999999999,25.1454645836644,-14.9311919659726));
#8403=CARTESIAN_POINT('Ctrl Pts',(3.29999999999999,23.6600665415029,-14.8965148193527));
#8404=CARTESIAN_POINT('Ctrl Pts',(2.79999999999999,23.6600665415029,-14.8965148193527));
#8405=CARTESIAN_POINT('Ctrl Pts',(3.29999999999999,23.999602577146,-14.7147897510777));
#8406=CARTESIAN_POINT('Ctrl Pts',(2.79999999999999,23.999602577146,-14.7147897510777));
#8407=CARTESIAN_POINT('Ctrl Pts',(3.29999999999999,24.3904418613458,-14.7187985226213));
#8408=CARTESIAN_POINT('Ctrl Pts',(2.79999999999999,24.3904418613458,-14.7187985226213));
#8409=CARTESIAN_POINT('',(3.29999999999999,23.6600665415029,-14.8965148193527));
#8410=CARTESIAN_POINT('Ctrl Pts',(3.29999999999999,23.6600665415029,-14.8965148193527));
#8411=CARTESIAN_POINT('Ctrl Pts',(3.29999999999999,23.999602577146,-14.7147897510777));
#8412=CARTESIAN_POINT('Ctrl Pts',(3.29999999999999,24.3904418613458,-14.7187985226213));
#8413=CARTESIAN_POINT('',(2.79999999999999,23.6600665415029,-14.8965148193527));
#8414=CARTESIAN_POINT('',(3.29999999999999,23.6600665415029,-14.8965148193527));
#8415=CARTESIAN_POINT('Ctrl Pts',(2.79999999999999,23.6600665415029,-14.8965148193527));
#8416=CARTESIAN_POINT('Ctrl Pts',(2.79999999999999,23.999602577146,-14.7147897510777));
#8417=CARTESIAN_POINT('Ctrl Pts',(2.79999999999999,24.3904418613458,-14.7187985226213));
#8418=CARTESIAN_POINT('Ctrl Pts',(3.29999999999999,23.1326726684029,-15.4364954567863));
#8419=CARTESIAN_POINT('Ctrl Pts',(2.79999999999999,23.1326726684029,-15.4364954567863));
#8420=CARTESIAN_POINT('Ctrl Pts',(3.29999999999999,23.3205317009467,-15.0782396018466));
#8421=CARTESIAN_POINT('Ctrl Pts',(2.79999999999999,23.3205317009467,-15.0782396018466));
#8422=CARTESIAN_POINT('Ctrl Pts',(3.29999999999999,23.6600665415029,-14.8965148193527));
#8423=CARTESIAN_POINT('Ctrl Pts',(2.79999999999999,23.6600665415029,-14.8965148193527));
#8424=CARTESIAN_POINT('',(3.29999999999999,23.1326726684029,-15.4364954567863));
#8425=CARTESIAN_POINT('Ctrl Pts',(3.29999999999999,23.1326726684029,-15.4364954567863));
#8426=CARTESIAN_POINT('Ctrl Pts',(3.29999999999999,23.3205317009467,-15.0782396018466));
#8427=CARTESIAN_POINT('Ctrl Pts',(3.29999999999999,23.6600665415029,-14.8965148193527));
#8428=CARTESIAN_POINT('',(2.79999999999999,23.1326726684029,-15.4364954567863));
#8429=CARTESIAN_POINT('',(3.29999999999999,23.1326726684029,-15.4364954567863));
#8430=CARTESIAN_POINT('Ctrl Pts',(2.79999999999999,23.1326726684029,-15.4364954567863));
#8431=CARTESIAN_POINT('Ctrl Pts',(2.79999999999999,23.3205317009467,-15.0782396018466));
#8432=CARTESIAN_POINT('Ctrl Pts',(2.79999999999999,23.6600665415029,-14.8965148193527));
#8433=CARTESIAN_POINT('Ctrl Pts',(3.29999999999999,22.940133240998,-16.2510711985899));
#8434=CARTESIAN_POINT('Ctrl Pts',(2.79999999999999,22.940133240998,-16.2510711985899));
#8435=CARTESIAN_POINT('Ctrl Pts',(3.29999999999999,22.944813635859,-15.7947513117261));
#8436=CARTESIAN_POINT('Ctrl Pts',(2.79999999999999,22.944813635859,-15.7947513117261));
#8437=CARTESIAN_POINT('Ctrl Pts',(3.29999999999999,23.1326726684029,-15.4364954567863));
#8438=CARTESIAN_POINT('Ctrl Pts',(2.79999999999999,23.1326726684029,-15.4364954567863));
#8439=CARTESIAN_POINT('',(3.29999999999999,22.940133240998,-16.2510711985899));
#8440=CARTESIAN_POINT('Ctrl Pts',(3.29999999999999,22.940133240998,-16.2510711985899));
#8441=CARTESIAN_POINT('Ctrl Pts',(3.29999999999999,22.944813635859,-15.7947513117261));
#8442=CARTESIAN_POINT('Ctrl Pts',(3.29999999999999,23.1326726684029,-15.4364954567863));
#8443=CARTESIAN_POINT('',(2.79999999999999,22.940133240998,-16.2510711985899));
#8444=CARTESIAN_POINT('',(3.29999999999999,22.940133240998,-16.2510711985899));
#8445=CARTESIAN_POINT('Ctrl Pts',(2.79999999999999,22.940133240998,-16.2510711985899));
#8446=CARTESIAN_POINT('Ctrl Pts',(2.79999999999999,22.944813635859,-15.7947513117261));
#8447=CARTESIAN_POINT('Ctrl Pts',(2.79999999999999,23.1326726684029,-15.4364954567863));
#8448=CARTESIAN_POINT('Ctrl Pts',(3.29999999999999,23.1068309959182,-17.0580756884834));
#8449=CARTESIAN_POINT('Ctrl Pts',(2.79999999999999,23.1068309959182,-17.0580756884834));
#8450=CARTESIAN_POINT('Ctrl Pts',(3.29999999999999,22.9355158123513,-16.7012521299502));
#8451=CARTESIAN_POINT('Ctrl Pts',(2.79999999999999,22.9355158123513,-16.7012521299502));
#8452=CARTESIAN_POINT('Ctrl Pts',(3.29999999999999,22.940133240998,-16.2510711985899));
#8453=CARTESIAN_POINT('Ctrl Pts',(2.79999999999999,22.940133240998,-16.2510711985899));
#8454=CARTESIAN_POINT('',(3.29999999999999,23.1068309959182,-17.0580756884834));
#8455=CARTESIAN_POINT('Ctrl Pts',(3.29999999999999,23.1068309959182,-17.0580756884834));
#8456=CARTESIAN_POINT('Ctrl Pts',(3.29999999999999,22.9355158123513,-16.7012521299502));
#8457=CARTESIAN_POINT('Ctrl Pts',(3.29999999999999,22.940133240998,-16.2510711985899));
#8458=CARTESIAN_POINT('',(2.79999999999999,23.1068309959182,-17.0580756884834));
#8459=CARTESIAN_POINT('',(3.29999999999999,23.1068309959182,-17.0580756884834));
#8460=CARTESIAN_POINT('Ctrl Pts',(2.79999999999999,23.1068309959182,-17.0580756884834));
#8461=CARTESIAN_POINT('Ctrl Pts',(2.79999999999999,22.9355158123513,-16.7012521299502));
#8462=CARTESIAN_POINT('Ctrl Pts',(2.79999999999999,22.940133240998,-16.2510711985899));
#8463=CARTESIAN_POINT('Ctrl Pts',(3.29999999999999,23.6096546634901,-17.6168094741225));
#8464=CARTESIAN_POINT('Ctrl Pts',(2.79999999999999,23.6096546634901,-17.6168094741225));
#8465=CARTESIAN_POINT('Ctrl Pts',(3.29999999999999,23.2781461794852,-17.4148992470167));
#8466=CARTESIAN_POINT('Ctrl Pts',(2.79999999999999,23.2781461794852,-17.4148992470167));
#8467=CARTESIAN_POINT('Ctrl Pts',(3.29999999999999,23.1068309959182,-17.0580756884834));
#8468=CARTESIAN_POINT('Ctrl Pts',(2.79999999999999,23.1068309959182,-17.0580756884834));
#8469=CARTESIAN_POINT('',(3.29999999999999,23.6096546634901,-17.6168094741225));
#8470=CARTESIAN_POINT('Ctrl Pts',(3.29999999999999,23.6096546634901,-17.6168094741225));
#8471=CARTESIAN_POINT('Ctrl Pts',(3.29999999999999,23.2781461794852,-17.4148992470167));
#8472=CARTESIAN_POINT('Ctrl Pts',(3.29999999999999,23.1068309959182,-17.0580756884834));
#8473=CARTESIAN_POINT('',(2.79999999999999,23.6096546634901,-17.6168094741225));
#8474=CARTESIAN_POINT('',(3.29999999999999,23.6096546634901,-17.6168094741225));
#8475=CARTESIAN_POINT('Ctrl Pts',(2.79999999999999,23.6096546634901,-17.6168094741225));
#8476=CARTESIAN_POINT('Ctrl Pts',(2.79999999999999,23.2781461794852,-17.4148992470167));
#8477=CARTESIAN_POINT('Ctrl Pts',(2.79999999999999,23.1068309959182,-17.0580756884834));
#8478=CARTESIAN_POINT('Ctrl Pts',(3.29999999999999,24.3565558727052,-17.8229800151687));
#8479=CARTESIAN_POINT('Ctrl Pts',(2.79999999999999,24.3565558727052,-17.8229800151687));
#8480=CARTESIAN_POINT('Ctrl Pts',(3.29999999999999,23.9411619585215,-17.8187193909943));
#8481=CARTESIAN_POINT('Ctrl Pts',(2.79999999999999,23.9411619585215,-17.8187193909943));
#8482=CARTESIAN_POINT('Ctrl Pts',(3.29999999999999,23.6096546634901,-17.6168094741225));
#8483=CARTESIAN_POINT('Ctrl Pts',(2.79999999999999,23.6096546634901,-17.6168094741225));
#8484=CARTESIAN_POINT('',(3.29999999999999,24.3565558727052,-17.8229800151687));
#8485=CARTESIAN_POINT('Ctrl Pts',(3.29999999999999,24.3565558727052,-17.8229800151687));
#8486=CARTESIAN_POINT('Ctrl Pts',(3.29999999999999,23.9411619585215,-17.8187193909943));
#8487=CARTESIAN_POINT('Ctrl Pts',(3.29999999999999,23.6096546634901,-17.6168094741225));
#8488=CARTESIAN_POINT('',(2.79999999999999,24.3565558727052,-17.8229800151687));
#8489=CARTESIAN_POINT('',(3.29999999999999,24.3565558727052,-17.8229800151687));
#8490=CARTESIAN_POINT('Ctrl Pts',(2.79999999999999,24.3565558727052,-17.8229800151687));
#8491=CARTESIAN_POINT('Ctrl Pts',(2.79999999999999,23.9411619585215,-17.8187193909943));
#8492=CARTESIAN_POINT('Ctrl Pts',(2.79999999999999,23.6096546634901,-17.6168094741225));
#8493=CARTESIAN_POINT('Ctrl Pts',(3.29999999999999,25.3963064592384,-17.4110438771146));
#8494=CARTESIAN_POINT('Ctrl Pts',(2.79999999999999,25.3963064592384,-17.4110438771146));
#8495=CARTESIAN_POINT('Ctrl Pts',(3.29999999999999,24.9909018930806,-17.8294863935654));
#8496=CARTESIAN_POINT('Ctrl Pts',(2.79999999999999,24.9909018930806,-17.8294863935654));
#8497=CARTESIAN_POINT('Ctrl Pts',(3.29999999999999,24.3565558727052,-17.8229800151687));
#8498=CARTESIAN_POINT('Ctrl Pts',(2.79999999999999,24.3565558727052,-17.8229800151687));
#8499=CARTESIAN_POINT('',(3.29999999999999,25.3963064592384,-17.4110438771146));
#8500=CARTESIAN_POINT('Ctrl Pts',(3.29999999999999,25.3963064592384,-17.4110438771146));
#8501=CARTESIAN_POINT('Ctrl Pts',(3.29999999999999,24.9909018930806,-17.8294863935654));
#8502=CARTESIAN_POINT('Ctrl Pts',(3.29999999999999,24.3565558727052,-17.8229800151687));
#8503=CARTESIAN_POINT('',(2.79999999999999,25.3963064592384,-17.4110438771146));
#8504=CARTESIAN_POINT('',(3.29999999999999,25.3963064592384,-17.4110438771146));
#8505=CARTESIAN_POINT('Ctrl Pts',(2.79999999999999,25.3963064592384,-17.4110438771146));
#8506=CARTESIAN_POINT('Ctrl Pts',(2.79999999999999,24.9909018930806,-17.8294863935654));
#8507=CARTESIAN_POINT('Ctrl Pts',(2.79999999999999,24.3565558727052,-17.8229800151687));
#8508=CARTESIAN_POINT('Ctrl Pts',(3.29999999999999,25.8093711649396,-16.2457101013351));
#8509=CARTESIAN_POINT('Ctrl Pts',(2.79999999999999,25.8093711649396,-16.2457101013351));
#8510=CARTESIAN_POINT('Ctrl Pts',(3.29999999999999,25.8017104309095,-16.9926012055468));
#8511=CARTESIAN_POINT('Ctrl Pts',(2.79999999999999,25.8017104309095,-16.9926012055468));
#8512=CARTESIAN_POINT('Ctrl Pts',(3.29999999999999,25.3963064592384,-17.4110438771146));
#8513=CARTESIAN_POINT('Ctrl Pts',(2.79999999999999,25.3963064592384,-17.4110438771146));
#8514=CARTESIAN_POINT('',(3.29999999999999,25.8093711649396,-16.2457101013351));
#8515=CARTESIAN_POINT('Ctrl Pts',(3.29999999999999,25.8093711649396,-16.2457101013351));
#8516=CARTESIAN_POINT('Ctrl Pts',(3.29999999999999,25.8017104309095,-16.9926012055468));
#8517=CARTESIAN_POINT('Ctrl Pts',(3.29999999999999,25.3963064592384,-17.4110438771146));
#8518=CARTESIAN_POINT('',(2.79999999999999,25.8093711649396,-16.2457101013351));
#8519=CARTESIAN_POINT('',(3.29999999999999,25.8093711649396,-16.2457101013351));
#8520=CARTESIAN_POINT('Ctrl Pts',(2.79999999999999,25.8093711649396,-16.2457101013351));
#8521=CARTESIAN_POINT('Ctrl Pts',(2.79999999999999,25.8017104309095,-16.9926012055468));
#8522=CARTESIAN_POINT('Ctrl Pts',(2.79999999999999,25.3963064592384,-17.4110438771146));
#8523=CARTESIAN_POINT('Ctrl Pts',(3.29999999999999,25.6451651131752,-15.4950097048555));
#8524=CARTESIAN_POINT('Ctrl Pts',(2.79999999999999,25.6451651131752,-15.4950097048555));
#8525=CARTESIAN_POINT('Ctrl Pts',(3.29999999999999,25.8134219098839,-15.8507785774763));
#8526=CARTESIAN_POINT('Ctrl Pts',(2.79999999999999,25.8134219098839,-15.8507785774763));
#8527=CARTESIAN_POINT('Ctrl Pts',(3.29999999999999,25.8093711649396,-16.2457101013351));
#8528=CARTESIAN_POINT('Ctrl Pts',(2.79999999999999,25.8093711649396,-16.2457101013351));
#8529=CARTESIAN_POINT('Ctrl Pts',(3.29999999999999,25.6451651131752,-15.4950097048555));
#8530=CARTESIAN_POINT('Ctrl Pts',(3.29999999999999,25.8134219098839,-15.8507785774763));
#8531=CARTESIAN_POINT('Ctrl Pts',(3.29999999999999,25.8093711649396,-16.2457101013351));
#8532=CARTESIAN_POINT('Ctrl Pts',(2.79999999999999,25.6451651131752,-15.4950097048555));
#8533=CARTESIAN_POINT('Ctrl Pts',(2.79999999999999,25.8134219098839,-15.8507785774763));
#8534=CARTESIAN_POINT('Ctrl Pts',(2.79999999999999,25.8093711649396,-16.2457101013351));
#8535=CARTESIAN_POINT('Origin',(2.79999999999999,26.3523014605902,-16.2891753037101));
#8536=CARTESIAN_POINT('Origin',(3.29999999999999,28.6558676684963,-17.4598250449765));
#8537=CARTESIAN_POINT('',(3.29999999999999,28.6558676684963,-17.4598250449765));
#8538=CARTESIAN_POINT('',(3.29999999999999,29.2554272677103,-17.4659746250141));
#8539=CARTESIAN_POINT('',(3.29999999999999,40.9096685099242,-17.5855101797632));
#8540=CARTESIAN_POINT('',(2.79999999999999,28.6558676684963,-17.4598250449765));
#8541=CARTESIAN_POINT('',(3.29999999999999,28.6558676684963,-17.4598250449765));
#8542=CARTESIAN_POINT('',(2.79999999999999,29.2554272677103,-17.4659746250141));
#8543=CARTESIAN_POINT('',(2.79999999999999,28.6558676684963,-17.4598250449765));
#8544=CARTESIAN_POINT('',(3.29999999999999,29.2554272677103,-17.4659746250141));
#8545=CARTESIAN_POINT('Ctrl Pts',(3.29999999999999,28.1999780395561,-17.4131962135357));
#8546=CARTESIAN_POINT('Ctrl Pts',(2.79999999999999,28.1999780395561,-17.4131962135357));
#8547=CARTESIAN_POINT('Ctrl Pts',(3.29999999999999,28.3325562988202,-17.456508895677));
#8548=CARTESIAN_POINT('Ctrl Pts',(2.79999999999999,28.3325562988202,-17.456508895677));
#8549=CARTESIAN_POINT('Ctrl Pts',(3.29999999999999,28.6558676684963,-17.4598250449765));
#8550=CARTESIAN_POINT('Ctrl Pts',(2.79999999999999,28.6558676684963,-17.4598250449765));
#8551=CARTESIAN_POINT('',(3.29999999999999,28.1999780395561,-17.4131962135357));
#8552=CARTESIAN_POINT('Ctrl Pts',(3.29999999999999,28.1999780395561,-17.4131962135357));
#8553=CARTESIAN_POINT('Ctrl Pts',(3.29999999999999,28.3325562988202,-17.456508895677));
#8554=CARTESIAN_POINT('Ctrl Pts',(3.29999999999999,28.6558676684963,-17.4598250449765));
#8555=CARTESIAN_POINT('',(2.79999999999999,28.1999780395561,-17.4131962135357));
#8556=CARTESIAN_POINT('',(3.29999999999999,28.1999780395561,-17.4131962135357));
#8557=CARTESIAN_POINT('Ctrl Pts',(2.79999999999999,28.1999780395561,-17.4131962135357));
#8558=CARTESIAN_POINT('Ctrl Pts',(2.79999999999999,28.3325562988202,-17.456508895677));
#8559=CARTESIAN_POINT('Ctrl Pts',(2.79999999999999,28.6558676684963,-17.4598250449765));
#8560=CARTESIAN_POINT('Ctrl Pts',(3.29999999999999,27.9969456732363,-17.2555802082098));
#8561=CARTESIAN_POINT('Ctrl Pts',(2.79999999999999,27.9969456732363,-17.2555802082098));
#8562=CARTESIAN_POINT('Ctrl Pts',(3.29999999999999,28.0674003793637,-17.3698832395001));
#8563=CARTESIAN_POINT('Ctrl Pts',(2.79999999999999,28.0674003793637,-17.3698832395001));
#8564=CARTESIAN_POINT('Ctrl Pts',(3.29999999999999,28.1999780395561,-17.4131962135357));
#8565=CARTESIAN_POINT('Ctrl Pts',(2.79999999999999,28.1999780395561,-17.4131962135357));
#8566=CARTESIAN_POINT('',(3.29999999999999,27.9969456732363,-17.2555802082098));
#8567=CARTESIAN_POINT('Ctrl Pts',(3.29999999999999,27.9969456732363,-17.2555802082098));
#8568=CARTESIAN_POINT('Ctrl Pts',(3.29999999999999,28.0674003793637,-17.3698832395001));
#8569=CARTESIAN_POINT('Ctrl Pts',(3.29999999999999,28.1999780395561,-17.4131962135357));
#8570=CARTESIAN_POINT('',(2.79999999999999,27.9969456732363,-17.2555802082098));
#8571=CARTESIAN_POINT('',(3.29999999999999,27.9969456732363,-17.2555802082098));
#8572=CARTESIAN_POINT('Ctrl Pts',(2.79999999999999,27.9969456732363,-17.2555802082098));
#8573=CARTESIAN_POINT('Ctrl Pts',(2.79999999999999,28.0674003793637,-17.3698832395001));
#8574=CARTESIAN_POINT('Ctrl Pts',(2.79999999999999,28.1999780395561,-17.4131962135357));
#8575=CARTESIAN_POINT('Ctrl Pts',(3.29999999999999,27.928023113915,-16.9918989560772));
#8576=CARTESIAN_POINT('Ctrl Pts',(2.79999999999999,27.928023113915,-16.9918989560772));
#8577=CARTESIAN_POINT('Ctrl Pts',(3.29999999999999,27.9264909655806,-17.1412773259233));
#8578=CARTESIAN_POINT('Ctrl Pts',(2.79999999999999,27.9264909655806,-17.1412773259233));
#8579=CARTESIAN_POINT('Ctrl Pts',(3.29999999999999,27.9969456732363,-17.2555802082098));
#8580=CARTESIAN_POINT('Ctrl Pts',(2.79999999999999,27.9969456732363,-17.2555802082098));
#8581=CARTESIAN_POINT('',(3.29999999999999,27.928023113915,-16.9918989560772));
#8582=CARTESIAN_POINT('Ctrl Pts',(3.29999999999999,27.928023113915,-16.9918989560772));
#8583=CARTESIAN_POINT('Ctrl Pts',(3.29999999999999,27.9264909655806,-17.1412773259233));
#8584=CARTESIAN_POINT('Ctrl Pts',(3.29999999999999,27.9969456732363,-17.2555802082098));
#8585=CARTESIAN_POINT('',(2.79999999999999,27.928023113915,-16.9918989560772));
#8586=CARTESIAN_POINT('',(3.29999999999999,27.928023113915,-16.9918989560772));
#8587=CARTESIAN_POINT('Ctrl Pts',(2.79999999999999,27.928023113915,-16.9918989560772));
#8588=CARTESIAN_POINT('Ctrl Pts',(2.79999999999999,27.9264909655806,-17.1412773259233));
#8589=CARTESIAN_POINT('Ctrl Pts',(2.79999999999999,27.9969456732363,-17.2555802082098));
#8590=CARTESIAN_POINT('Ctrl Pts',(3.29999999999999,28.0074453696465,-16.7307625678472));
#8591=CARTESIAN_POINT('Ctrl Pts',(2.79999999999999,28.0074453696465,-16.7307625678472));
#8592=CARTESIAN_POINT('Ctrl Pts',(3.29999999999999,27.9296392136357,-16.8343356599018));
#8593=CARTESIAN_POINT('Ctrl Pts',(2.79999999999999,27.9296392136357,-16.8343356599018));
#8594=CARTESIAN_POINT('Ctrl Pts',(3.29999999999999,27.928023113915,-16.9918989560772));
#8595=CARTESIAN_POINT('Ctrl Pts',(2.79999999999999,27.928023113915,-16.9918989560772));
#8596=CARTESIAN_POINT('',(3.29999999999999,28.0074453696465,-16.7307625678472));
#8597=CARTESIAN_POINT('Ctrl Pts',(3.29999999999999,28.0074453696465,-16.7307625678472));
#8598=CARTESIAN_POINT('Ctrl Pts',(3.29999999999999,27.9296392136357,-16.8343356599018));
#8599=CARTESIAN_POINT('Ctrl Pts',(3.29999999999999,27.928023113915,-16.9918989560772));
#8600=CARTESIAN_POINT('',(2.79999999999999,28.0074453696465,-16.7307625678472));
#8601=CARTESIAN_POINT('',(3.29999999999999,28.0074453696465,-16.7307625678472));
#8602=CARTESIAN_POINT('Ctrl Pts',(2.79999999999999,28.0074453696465,-16.7307625678472));
#8603=CARTESIAN_POINT('Ctrl Pts',(2.79999999999999,27.9296392136357,-16.8343356599018));
#8604=CARTESIAN_POINT('Ctrl Pts',(2.79999999999999,27.928023113915,-16.9918989560772));
#8605=CARTESIAN_POINT('Ctrl Pts',(3.29999999999999,28.2371368638693,-16.5837245383221));
#8606=CARTESIAN_POINT('Ctrl Pts',(2.79999999999999,28.2371368638693,-16.5837245383221));
#8607=CARTESIAN_POINT('Ctrl Pts',(3.29999999999999,28.0852509296423,-16.6271894696793));
#8608=CARTESIAN_POINT('Ctrl Pts',(2.79999999999999,28.0852509296423,-16.6271894696793));
#8609=CARTESIAN_POINT('Ctrl Pts',(3.29999999999999,28.0074453696465,-16.7307625678472));
#8610=CARTESIAN_POINT('Ctrl Pts',(2.79999999999999,28.0074453696465,-16.7307625678472));
#8611=CARTESIAN_POINT('',(3.29999999999999,28.2371368638693,-16.5837245383221));
#8612=CARTESIAN_POINT('Ctrl Pts',(3.29999999999999,28.2371368638693,-16.5837245383221));
#8613=CARTESIAN_POINT('Ctrl Pts',(3.29999999999999,28.0852509296423,-16.6271894696793));
#8614=CARTESIAN_POINT('Ctrl Pts',(3.29999999999999,28.0074453696465,-16.7307625678472));
#8615=CARTESIAN_POINT('',(2.79999999999999,28.2371368638693,-16.5837245383221));
#8616=CARTESIAN_POINT('',(3.29999999999999,28.2371368638693,-16.5837245383221));
#8617=CARTESIAN_POINT('Ctrl Pts',(2.79999999999999,28.2371368638693,-16.5837245383221));
#8618=CARTESIAN_POINT('Ctrl Pts',(2.79999999999999,28.0852509296423,-16.6271894696793));
#8619=CARTESIAN_POINT('Ctrl Pts',(2.79999999999999,28.0074453696465,-16.7307625678472));
#8620=CARTESIAN_POINT('Ctrl Pts',(3.29999999999999,28.6160550384778,-16.5528206582681));
#8621=CARTESIAN_POINT('Ctrl Pts',(2.79999999999999,28.6160550384778,-16.5528206582681));
#8622=CARTESIAN_POINT('Ctrl Pts',(3.29999999999999,28.3520853159621,-16.5501131660718));
#8623=CARTESIAN_POINT('Ctrl Pts',(2.79999999999999,28.3520853159621,-16.5501131660718));
#8624=CARTESIAN_POINT('Ctrl Pts',(3.29999999999999,28.2371368638693,-16.5837245383221));
#8625=CARTESIAN_POINT('Ctrl Pts',(2.79999999999999,28.2371368638693,-16.5837245383221));
#8626=CARTESIAN_POINT('',(3.29999999999999,28.6160550384778,-16.5528206582681));
#8627=CARTESIAN_POINT('Ctrl Pts',(3.29999999999999,28.6160550384778,-16.5528206582681));
#8628=CARTESIAN_POINT('Ctrl Pts',(3.29999999999999,28.3520853159621,-16.5501131660718));
#8629=CARTESIAN_POINT('Ctrl Pts',(3.29999999999999,28.2371368638693,-16.5837245383221));
#8630=CARTESIAN_POINT('',(2.79999999999999,28.6160550384778,-16.5528206582681));
#8631=CARTESIAN_POINT('',(3.29999999999999,28.6160550384778,-16.5528206582681));
#8632=CARTESIAN_POINT('Ctrl Pts',(2.79999999999999,28.6160550384778,-16.5528206582681));
#8633=CARTESIAN_POINT('Ctrl Pts',(2.79999999999999,28.3520853159621,-16.5501131660718));
#8634=CARTESIAN_POINT('Ctrl Pts',(2.79999999999999,28.2371368638693,-16.5837245383221));
#8635=CARTESIAN_POINT('Origin',(3.29999999999999,29.2647250896897,-16.5594739557938));
#8636=CARTESIAN_POINT('',(3.29999999999999,29.2647250896897,-16.5594739557938));
#8637=CARTESIAN_POINT('',(3.29999999999999,41.2187461315107,-16.6820843005617));
#8638=CARTESIAN_POINT('',(2.79999999999999,29.2647250896897,-16.5594739557938));
#8639=CARTESIAN_POINT('',(3.29999999999999,29.2647250896897,-16.5594739557938));
#8640=CARTESIAN_POINT('',(2.79999999999999,29.2647250896897,-16.5594739557938));
#8641=CARTESIAN_POINT('Origin',(3.29999999999999,29.2554272677103,-17.4659746250141));
#8642=CARTESIAN_POINT('',(3.29999999999999,29.3236925920342,-10.8103769677391));
#8643=CARTESIAN_POINT('',(2.79999999999999,29.2554272677103,-17.4659746250141));
#8644=CARTESIAN_POINT('Origin',(3.29999999999999,28.5746678034531,-16.1983530649946));
#8645=CARTESIAN_POINT('',(3.29999999999999,28.5746678034531,-16.1983530649946));
#8646=CARTESIAN_POINT('',(3.29999999999999,29.2683560670041,-16.2054681066076));
#8647=CARTESIAN_POINT('',(3.29999999999999,40.8755329770496,-16.324520930569));
#8648=CARTESIAN_POINT('',(2.79999999999999,28.5746678034531,-16.1983530649946));
#8649=CARTESIAN_POINT('',(3.29999999999999,28.5746678034531,-16.1983530649946));
#8650=CARTESIAN_POINT('',(2.79999999999999,29.2683560670041,-16.2054681066076));
#8651=CARTESIAN_POINT('',(2.79999999999999,28.5746678034531,-16.1983530649946));
#8652=CARTESIAN_POINT('',(3.29999999999999,29.2683560670041,-16.2054681066076));
#8653=CARTESIAN_POINT('Ctrl Pts',(3.29999999999999,28.1362556390724,-16.1437172624494));
#8654=CARTESIAN_POINT('Ctrl Pts',(2.79999999999999,28.1362556390724,-16.1437172624494));
#8655=CARTESIAN_POINT('Ctrl Pts',(3.29999999999999,28.288189570783,-16.1954147068678));
#8656=CARTESIAN_POINT('Ctrl Pts',(2.79999999999999,28.288189570783,-16.1954147068678));
#8657=CARTESIAN_POINT('Ctrl Pts',(3.29999999999999,28.5746678034531,-16.1983530649946));
#8658=CARTESIAN_POINT('Ctrl Pts',(2.79999999999999,28.5746678034531,-16.1983530649946));
#8659=CARTESIAN_POINT('',(3.29999999999999,28.1362556390724,-16.1437172624494));
#8660=CARTESIAN_POINT('Ctrl Pts',(3.29999999999999,28.1362556390724,-16.1437172624494));
#8661=CARTESIAN_POINT('Ctrl Pts',(3.29999999999999,28.288189570783,-16.1954147068678));
#8662=CARTESIAN_POINT('Ctrl Pts',(3.29999999999999,28.5746678034531,-16.1983530649946));
#8663=CARTESIAN_POINT('',(2.79999999999999,28.1362556390724,-16.1437172624494));
#8664=CARTESIAN_POINT('',(3.29999999999999,28.1362556390724,-16.1437172624494));
#8665=CARTESIAN_POINT('Ctrl Pts',(2.79999999999999,28.1362556390724,-16.1437172624494));
#8666=CARTESIAN_POINT('Ctrl Pts',(2.79999999999999,28.288189570783,-16.1954147068678));
#8667=CARTESIAN_POINT('Ctrl Pts',(2.79999999999999,28.5746678034531,-16.1983530649946));
#8668=CARTESIAN_POINT('Ctrl Pts',(3.29999999999999,27.8996485060281,-15.9673386785625));
#8669=CARTESIAN_POINT('Ctrl Pts',(2.79999999999999,27.8996485060281,-15.9673386785625));
#8670=CARTESIAN_POINT('Ctrl Pts',(3.29999999999999,27.9843223049052,-16.0920196751405));
#8671=CARTESIAN_POINT('Ctrl Pts',(2.79999999999999,27.9843223049052,-16.0920196751405));
#8672=CARTESIAN_POINT('Ctrl Pts',(3.29999999999999,28.1362556390724,-16.1437172624494));
#8673=CARTESIAN_POINT('Ctrl Pts',(2.79999999999999,28.1362556390724,-16.1437172624494));
#8674=CARTESIAN_POINT('',(3.29999999999999,27.8996485060281,-15.9673386785625));
#8675=CARTESIAN_POINT('Ctrl Pts',(3.29999999999999,27.8996485060281,-15.9673386785625));
#8676=CARTESIAN_POINT('Ctrl Pts',(3.29999999999999,27.9843223049052,-16.0920196751405));
#8677=CARTESIAN_POINT('Ctrl Pts',(3.29999999999999,28.1362556390724,-16.1437172624494));
#8678=CARTESIAN_POINT('',(2.79999999999999,27.8996485060281,-15.9673386785625));
#8679=CARTESIAN_POINT('',(3.29999999999999,27.8996485060281,-15.9673386785625));
#8680=CARTESIAN_POINT('Ctrl Pts',(2.79999999999999,27.8996485060281,-15.9673386785625));
#8681=CARTESIAN_POINT('Ctrl Pts',(2.79999999999999,27.9843223049052,-16.0920196751405));
#8682=CARTESIAN_POINT('Ctrl Pts',(2.79999999999999,28.1362556390724,-16.1437172624494));
#8683=CARTESIAN_POINT('Ctrl Pts',(3.29999999999999,27.8166957541282,-15.6748624456279));
#8684=CARTESIAN_POINT('Ctrl Pts',(2.79999999999999,27.8166957541282,-15.6748624456279));
#8685=CARTESIAN_POINT('Ctrl Pts',(3.29999999999999,27.8149747132642,-15.8426570859695));
#8686=CARTESIAN_POINT('Ctrl Pts',(2.79999999999999,27.8149747132642,-15.8426570859695));
#8687=CARTESIAN_POINT('Ctrl Pts',(3.29999999999999,27.8996485060281,-15.9673386785625));
#8688=CARTESIAN_POINT('Ctrl Pts',(2.79999999999999,27.8996485060281,-15.9673386785625));
#8689=CARTESIAN_POINT('',(3.29999999999999,27.8166957541282,-15.6748624456279));
#8690=CARTESIAN_POINT('Ctrl Pts',(3.29999999999999,27.8166957541282,-15.6748624456279));
#8691=CARTESIAN_POINT('Ctrl Pts',(3.29999999999999,27.8149747132642,-15.8426570859695));
#8692=CARTESIAN_POINT('Ctrl Pts',(3.29999999999999,27.8996485060281,-15.9673386785625));
#8693=CARTESIAN_POINT('',(2.79999999999999,27.8166957541282,-15.6748624456279));
#8694=CARTESIAN_POINT('',(3.29999999999999,27.8166957541282,-15.6748624456279));
#8695=CARTESIAN_POINT('Ctrl Pts',(2.79999999999999,27.8166957541282,-15.6748624456279));
#8696=CARTESIAN_POINT('Ctrl Pts',(2.79999999999999,27.8149747132642,-15.8426570859695));
#8697=CARTESIAN_POINT('Ctrl Pts',(2.79999999999999,27.8996485060281,-15.9673386785625));
#8698=CARTESIAN_POINT('Ctrl Pts',(3.29999999999999,27.8786300534783,-15.4227559394133));
#8699=CARTESIAN_POINT('Ctrl Pts',(2.79999999999999,27.8786300534783,-15.4227559394133));
#8700=CARTESIAN_POINT('Ctrl Pts',(3.29999999999999,27.8181649362482,-15.5316230312853));
#8701=CARTESIAN_POINT('Ctrl Pts',(2.79999999999999,27.8181649362482,-15.5316230312853));
#8702=CARTESIAN_POINT('Ctrl Pts',(3.29999999999999,27.8166957541282,-15.6748624456279));
#8703=CARTESIAN_POINT('Ctrl Pts',(2.79999999999999,27.8166957541282,-15.6748624456279));
#8704=CARTESIAN_POINT('',(3.29999999999999,27.8786300534783,-15.4227559394133));
#8705=CARTESIAN_POINT('Ctrl Pts',(3.29999999999999,27.8786300534783,-15.4227559394133));
#8706=CARTESIAN_POINT('Ctrl Pts',(3.29999999999999,27.8181649362482,-15.5316230312853));
#8707=CARTESIAN_POINT('Ctrl Pts',(3.29999999999999,27.8166957541282,-15.6748624456279));
#8708=CARTESIAN_POINT('',(2.79999999999999,27.8786300534783,-15.4227559394133));
#8709=CARTESIAN_POINT('',(3.29999999999999,27.8786300534783,-15.4227559394133));
#8710=CARTESIAN_POINT('Ctrl Pts',(2.79999999999999,27.8786300534783,-15.4227559394133));
#8711=CARTESIAN_POINT('Ctrl Pts',(2.79999999999999,27.8181649362482,-15.5316230312853));
#8712=CARTESIAN_POINT('Ctrl Pts',(2.79999999999999,27.8166957541282,-15.6748624456279));
#8713=CARTESIAN_POINT('Ctrl Pts',(3.29999999999999,28.0317647926602,-15.2575374909645));
#8714=CARTESIAN_POINT('Ctrl Pts',(2.79999999999999,28.0317647926602,-15.2575374909645));
#8715=CARTESIAN_POINT('Ctrl Pts',(3.29999999999999,27.9390945746933,-15.3138888414281));
#8716=CARTESIAN_POINT('Ctrl Pts',(2.79999999999999,27.9390945746933,-15.3138888414281));
#8717=CARTESIAN_POINT('Ctrl Pts',(3.29999999999999,27.8786300534783,-15.4227559394133));
#8718=CARTESIAN_POINT('Ctrl Pts',(2.79999999999999,27.8786300534783,-15.4227559394133));
#8719=CARTESIAN_POINT('',(3.29999999999999,28.0317647926602,-15.2575374909645));
#8720=CARTESIAN_POINT('Ctrl Pts',(3.29999999999999,28.0317647926602,-15.2575374909645));
#8721=CARTESIAN_POINT('Ctrl Pts',(3.29999999999999,27.9390945746933,-15.3138888414281));
#8722=CARTESIAN_POINT('Ctrl Pts',(3.29999999999999,27.8786300534783,-15.4227559394133));
#8723=CARTESIAN_POINT('',(2.79999999999999,28.0317647926602,-15.2575374909645));
#8724=CARTESIAN_POINT('',(3.29999999999999,28.0317647926602,-15.2575374909645));
#8725=CARTESIAN_POINT('Ctrl Pts',(2.79999999999999,28.0317647926602,-15.2575374909645));
#8726=CARTESIAN_POINT('Ctrl Pts',(2.79999999999999,27.9390945746933,-15.3138888414281));
#8727=CARTESIAN_POINT('Ctrl Pts',(2.79999999999999,27.8786300534783,-15.4227559394133));
#8728=CARTESIAN_POINT('Ctrl Pts',(3.29999999999999,28.2617876262178,-15.1780371334643));
#8729=CARTESIAN_POINT('Ctrl Pts',(2.79999999999999,28.2617876262178,-15.1780371334643));
#8730=CARTESIAN_POINT('Ctrl Pts',(3.29999999999999,28.1244350106271,-15.201186140501));
#8731=CARTESIAN_POINT('Ctrl Pts',(2.79999999999999,28.1244350106271,-15.201186140501));
#8732=CARTESIAN_POINT('Ctrl Pts',(3.29999999999999,28.0317647926602,-15.2575374909645));
#8733=CARTESIAN_POINT('Ctrl Pts',(2.79999999999999,28.0317647926602,-15.2575374909645));
#8734=CARTESIAN_POINT('',(3.29999999999999,28.2617876262178,-15.1780371334643));
#8735=CARTESIAN_POINT('Ctrl Pts',(3.29999999999999,28.2617876262178,-15.1780371334643));
#8736=CARTESIAN_POINT('Ctrl Pts',(3.29999999999999,28.1244350106271,-15.201186140501));
#8737=CARTESIAN_POINT('Ctrl Pts',(3.29999999999999,28.0317647926602,-15.2575374909645));
#8738=CARTESIAN_POINT('',(2.79999999999999,28.2617876262178,-15.1780371334643));
#8739=CARTESIAN_POINT('',(3.29999999999999,28.2617876262178,-15.1780371334643));
#8740=CARTESIAN_POINT('Ctrl Pts',(2.79999999999999,28.2617876262178,-15.1780371334643));
#8741=CARTESIAN_POINT('Ctrl Pts',(2.79999999999999,28.1244350106271,-15.201186140501));
#8742=CARTESIAN_POINT('Ctrl Pts',(2.79999999999999,28.0317647926602,-15.2575374909645));
#8743=CARTESIAN_POINT('Ctrl Pts',(3.29999999999999,28.5320432233659,-15.1664835610384));
#8744=CARTESIAN_POINT('Ctrl Pts',(2.79999999999999,28.5320432233659,-15.1664835610384));
#8745=CARTESIAN_POINT('Ctrl Pts',(3.29999999999999,28.3396930590178,-15.1645106583738));
#8746=CARTESIAN_POINT('Ctrl Pts',(2.79999999999999,28.3396930590178,-15.1645106583738));
#8747=CARTESIAN_POINT('Ctrl Pts',(3.29999999999999,28.2617876262178,-15.1780371334643));
#8748=CARTESIAN_POINT('Ctrl Pts',(2.79999999999999,28.2617876262178,-15.1780371334643));
#8749=CARTESIAN_POINT('',(3.29999999999999,28.5320432233659,-15.1664835610384));
#8750=CARTESIAN_POINT('Ctrl Pts',(3.29999999999999,28.5320432233659,-15.1664835610384));
#8751=CARTESIAN_POINT('Ctrl Pts',(3.29999999999999,28.3396930590178,-15.1645106583738));
#8752=CARTESIAN_POINT('Ctrl Pts',(3.29999999999999,28.2617876262178,-15.1780371334643));
#8753=CARTESIAN_POINT('',(2.79999999999999,28.5320432233659,-15.1664835610384));
#8754=CARTESIAN_POINT('',(3.29999999999999,28.5320432233659,-15.1664835610384));
#8755=CARTESIAN_POINT('Ctrl Pts',(2.79999999999999,28.5320432233659,-15.1664835610384));
#8756=CARTESIAN_POINT('Ctrl Pts',(2.79999999999999,28.3396930590178,-15.1645106583738));
#8757=CARTESIAN_POINT('Ctrl Pts',(2.79999999999999,28.2617876262178,-15.1780371334643));
#8758=CARTESIAN_POINT('Origin',(3.29999999999999,29.2789341785739,-15.1741442935402));
#8759=CARTESIAN_POINT('',(3.29999999999999,29.2789341785739,-15.1741442935402));
#8760=CARTESIAN_POINT('',(3.29999999999999,41.2329552203948,-15.2967546383081));
#8761=CARTESIAN_POINT('',(2.79999999999999,29.2789341785739,-15.1741442935402));
#8762=CARTESIAN_POINT('',(3.29999999999999,29.2789341785739,-15.1741442935402));
#8763=CARTESIAN_POINT('',(2.79999999999999,29.2789341785739,-15.1741442935402));
#8764=CARTESIAN_POINT('Origin',(3.29999999999999,29.2683560670041,-16.2054681066076));
#8765=CARTESIAN_POINT('',(3.29999999999999,29.3301569916811,-10.1801237085359));
#8766=CARTESIAN_POINT('',(2.79999999999999,29.2683560670041,-16.2054681066076));
#8767=CARTESIAN_POINT('Ctrl Pts',(3.29999999999999,28.0512148001558,-14.8576477789471));
#8768=CARTESIAN_POINT('Ctrl Pts',(2.79999999999999,28.0512148001558,-14.8576477789471));
#8769=CARTESIAN_POINT('Ctrl Pts',(3.29999999999999,28.24919477598,-14.809539341499));
#8770=CARTESIAN_POINT('Ctrl Pts',(2.79999999999999,28.24919477598,-14.809539341499));
#8771=CARTESIAN_POINT('Ctrl Pts',(3.29999999999999,28.5356742006803,-14.8124777118522));
#8772=CARTESIAN_POINT('Ctrl Pts',(2.79999999999999,28.5356742006803,-14.8124777118522));
#8773=CARTESIAN_POINT('',(3.29999999999999,28.0512148001558,-14.8576477789471));
#8774=CARTESIAN_POINT('',(3.29999999999999,28.5356742006803,-14.8124777118522));
#8775=CARTESIAN_POINT('Ctrl Pts',(3.29999999999999,28.0512148001558,-14.8576477789471));
#8776=CARTESIAN_POINT('Ctrl Pts',(3.29999999999999,28.24919477598,-14.809539341499));
#8777=CARTESIAN_POINT('Ctrl Pts',(3.29999999999999,28.5356742006803,-14.8124777118522));
#8778=CARTESIAN_POINT('',(2.79999999999999,28.0512148001558,-14.8576477789471));
#8779=CARTESIAN_POINT('',(3.29999999999999,28.0512148001558,-14.8576477789471));
#8780=CARTESIAN_POINT('',(2.79999999999999,28.5356742006803,-14.8124777118522));
#8781=CARTESIAN_POINT('Ctrl Pts',(2.79999999999999,28.0512148001558,-14.8576477789471));
#8782=CARTESIAN_POINT('Ctrl Pts',(2.79999999999999,28.24919477598,-14.809539341499));
#8783=CARTESIAN_POINT('Ctrl Pts',(2.79999999999999,28.5356742006803,-14.8124777118522));
#8784=CARTESIAN_POINT('',(3.29999999999999,28.5356742006803,-14.8124777118522));
#8785=CARTESIAN_POINT('Ctrl Pts',(3.29999999999999,27.7212661809709,-15.0026341717639));
#8786=CARTESIAN_POINT('Ctrl Pts',(2.79999999999999,27.7212661809709,-15.0026341717639));
#8787=CARTESIAN_POINT('Ctrl Pts',(3.29999999999999,27.8532348243316,-14.9057562163952));
#8788=CARTESIAN_POINT('Ctrl Pts',(2.79999999999999,27.8532348243316,-14.9057562163952));
#8789=CARTESIAN_POINT('Ctrl Pts',(3.29999999999999,28.0512148001558,-14.8576477789471));
#8790=CARTESIAN_POINT('Ctrl Pts',(2.79999999999999,28.0512148001558,-14.8576477789471));
#8791=CARTESIAN_POINT('',(3.29999999999999,27.7212661809709,-15.0026341717639));
#8792=CARTESIAN_POINT('Ctrl Pts',(3.29999999999999,27.7212661809709,-15.0026341717639));
#8793=CARTESIAN_POINT('Ctrl Pts',(3.29999999999999,27.8532348243316,-14.9057562163952));
#8794=CARTESIAN_POINT('Ctrl Pts',(3.29999999999999,28.0512148001558,-14.8576477789471));
#8795=CARTESIAN_POINT('',(2.79999999999999,27.7212661809709,-15.0026341717639));
#8796=CARTESIAN_POINT('',(3.29999999999999,27.7212661809709,-15.0026341717639));
#8797=CARTESIAN_POINT('Ctrl Pts',(2.79999999999999,27.7212661809709,-15.0026341717639));
#8798=CARTESIAN_POINT('Ctrl Pts',(2.79999999999999,27.8532348243316,-14.9057562163952));
#8799=CARTESIAN_POINT('Ctrl Pts',(2.79999999999999,28.0512148001558,-14.8576477789471));
#8800=CARTESIAN_POINT('Ctrl Pts',(3.29999999999999,27.4984264081965,-15.279694740515));
#8801=CARTESIAN_POINT('Ctrl Pts',(2.79999999999999,27.4984264081965,-15.279694740515));
#8802=CARTESIAN_POINT('Ctrl Pts',(3.29999999999999,27.5892969385385,-15.099512419027));
#8803=CARTESIAN_POINT('Ctrl Pts',(2.79999999999999,27.5892969385385,-15.099512419027));
#8804=CARTESIAN_POINT('Ctrl Pts',(3.29999999999999,27.7212661809709,-15.0026341717639));
#8805=CARTESIAN_POINT('Ctrl Pts',(2.79999999999999,27.7212661809709,-15.0026341717639));
#8806=CARTESIAN_POINT('',(3.29999999999999,27.4984264081965,-15.279694740515));
#8807=CARTESIAN_POINT('Ctrl Pts',(3.29999999999999,27.4984264081965,-15.279694740515));
#8808=CARTESIAN_POINT('Ctrl Pts',(3.29999999999999,27.5892969385385,-15.099512419027));
#8809=CARTESIAN_POINT('Ctrl Pts',(3.29999999999999,27.7212661809709,-15.0026341717639));
#8810=CARTESIAN_POINT('',(2.79999999999999,27.4984264081965,-15.279694740515));
#8811=CARTESIAN_POINT('',(3.29999999999999,27.4984264081965,-15.279694740515));
#8812=CARTESIAN_POINT('Ctrl Pts',(2.79999999999999,27.4984264081965,-15.279694740515));
#8813=CARTESIAN_POINT('Ctrl Pts',(2.79999999999999,27.5892969385385,-15.099512419027));
#8814=CARTESIAN_POINT('Ctrl Pts',(2.79999999999999,27.7212661809709,-15.0026341717639));
#8815=CARTESIAN_POINT('Ctrl Pts',(3.29999999999999,27.4053940796035,-15.6706437948542));
#8816=CARTESIAN_POINT('Ctrl Pts',(2.79999999999999,27.4053940796035,-15.6706437948542));
#8817=CARTESIAN_POINT('Ctrl Pts',(3.29999999999999,27.4075558747978,-15.4598773600106));
#8818=CARTESIAN_POINT('Ctrl Pts',(2.79999999999999,27.4075558747978,-15.4598773600106));
#8819=CARTESIAN_POINT('Ctrl Pts',(3.29999999999999,27.4984264081965,-15.279694740515));
#8820=CARTESIAN_POINT('Ctrl Pts',(2.79999999999999,27.4984264081965,-15.279694740515));
#8821=CARTESIAN_POINT('',(3.29999999999999,27.4053940796035,-15.6706437948542));
#8822=CARTESIAN_POINT('Ctrl Pts',(3.29999999999999,27.4053940796035,-15.6706437948542));
#8823=CARTESIAN_POINT('Ctrl Pts',(3.29999999999999,27.4075558747978,-15.4598773600106));
#8824=CARTESIAN_POINT('Ctrl Pts',(3.29999999999999,27.4984264081965,-15.279694740515));
#8825=CARTESIAN_POINT('',(2.79999999999999,27.4053940796035,-15.6706437948542));
#8826=CARTESIAN_POINT('',(3.29999999999999,27.4053940796035,-15.6706437948542));
#8827=CARTESIAN_POINT('Ctrl Pts',(2.79999999999999,27.4053940796035,-15.6706437948542));
#8828=CARTESIAN_POINT('Ctrl Pts',(2.79999999999999,27.4075558747978,-15.4598773600106));
#8829=CARTESIAN_POINT('Ctrl Pts',(2.79999999999999,27.4984264081965,-15.279694740515));
#8830=CARTESIAN_POINT('Ctrl Pts',(3.29999999999999,27.5470432670579,-16.1264180750553));
#8831=CARTESIAN_POINT('Ctrl Pts',(2.79999999999999,27.5470432670579,-16.1264180750553));
#8832=CARTESIAN_POINT('Ctrl Pts',(3.29999999999999,27.4027075741074,-15.9325673975404));
#8833=CARTESIAN_POINT('Ctrl Pts',(2.79999999999999,27.4027075741074,-15.9325673975404));
#8834=CARTESIAN_POINT('Ctrl Pts',(3.29999999999999,27.4053940796035,-15.6706437948542));
#8835=CARTESIAN_POINT('Ctrl Pts',(2.79999999999999,27.4053940796035,-15.6706437948542));
#8836=CARTESIAN_POINT('',(3.29999999999999,27.5470432670579,-16.1264180750553));
#8837=CARTESIAN_POINT('Ctrl Pts',(3.29999999999999,27.5470432670579,-16.1264180750553));
#8838=CARTESIAN_POINT('Ctrl Pts',(3.29999999999999,27.4027075741074,-15.9325673975404));
#8839=CARTESIAN_POINT('Ctrl Pts',(3.29999999999999,27.4053940796035,-15.6706437948542));
#8840=CARTESIAN_POINT('',(2.79999999999999,27.5470432670579,-16.1264180750553));
#8841=CARTESIAN_POINT('',(3.29999999999999,27.5470432670579,-16.1264180750553));
#8842=CARTESIAN_POINT('Ctrl Pts',(2.79999999999999,27.5470432670579,-16.1264180750553));
#8843=CARTESIAN_POINT('Ctrl Pts',(2.79999999999999,27.4027075741074,-15.9325673975404));
#8844=CARTESIAN_POINT('Ctrl Pts',(2.79999999999999,27.4053940796035,-15.6706437948542));
#8845=CARTESIAN_POINT('Ctrl Pts',(3.29999999999999,27.9627158098974,-16.4028649862988));
#8846=CARTESIAN_POINT('Ctrl Pts',(2.79999999999999,27.9627158098974,-16.4028649862988));
#8847=CARTESIAN_POINT('Ctrl Pts',(3.29999999999999,27.6913795560234,-16.3202687586834));
#8848=CARTESIAN_POINT('Ctrl Pts',(2.79999999999999,27.6913795560234,-16.3202687586834));
#8849=CARTESIAN_POINT('Ctrl Pts',(3.29999999999999,27.5470432670579,-16.1264180750553));
#8850=CARTESIAN_POINT('Ctrl Pts',(2.79999999999999,27.5470432670579,-16.1264180750553));
#8851=CARTESIAN_POINT('',(3.29999999999999,27.9627158098974,-16.4028649862988));
#8852=CARTESIAN_POINT('Ctrl Pts',(3.29999999999999,27.9627158098974,-16.4028649862988));
#8853=CARTESIAN_POINT('Ctrl Pts',(3.29999999999999,27.6913795560234,-16.3202687586834));
#8854=CARTESIAN_POINT('Ctrl Pts',(3.29999999999999,27.5470432670579,-16.1264180750553));
#8855=CARTESIAN_POINT('',(2.79999999999999,27.9627158098974,-16.4028649862988));
#8856=CARTESIAN_POINT('',(3.29999999999999,27.9627158098974,-16.4028649862988));
#8857=CARTESIAN_POINT('Ctrl Pts',(2.79999999999999,27.9627158098974,-16.4028649862988));
#8858=CARTESIAN_POINT('Ctrl Pts',(2.79999999999999,27.6913795560234,-16.3202687586834));
#8859=CARTESIAN_POINT('Ctrl Pts',(2.79999999999999,27.5470432670579,-16.1264180750553));
#8860=CARTESIAN_POINT('Ctrl Pts',(3.29999999999999,27.6447764846712,-16.6738339994865));
#8861=CARTESIAN_POINT('Ctrl Pts',(2.79999999999999,27.6447764846712,-16.6738339994865));
#8862=CARTESIAN_POINT('Ctrl Pts',(3.29999999999999,27.7508789708068,-16.5050633486115));
#8863=CARTESIAN_POINT('Ctrl Pts',(2.79999999999999,27.7508789708068,-16.5050633486115));
#8864=CARTESIAN_POINT('Ctrl Pts',(3.29999999999999,27.9627158098974,-16.4028649862988));
#8865=CARTESIAN_POINT('Ctrl Pts',(2.79999999999999,27.9627158098974,-16.4028649862988));
#8866=CARTESIAN_POINT('',(3.29999999999999,27.6447764846712,-16.6738339994865));
#8867=CARTESIAN_POINT('Ctrl Pts',(3.29999999999999,27.6447764846712,-16.6738339994865));
#8868=CARTESIAN_POINT('Ctrl Pts',(3.29999999999999,27.7508789708068,-16.5050633486115));
#8869=CARTESIAN_POINT('Ctrl Pts',(3.29999999999999,27.9627158098974,-16.4028649862988));
#8870=CARTESIAN_POINT('',(2.79999999999999,27.6447764846712,-16.6738339994865));
#8871=CARTESIAN_POINT('',(3.29999999999999,27.6447764846712,-16.6738339994865));
#8872=CARTESIAN_POINT('Ctrl Pts',(2.79999999999999,27.6447764846712,-16.6738339994865));
#8873=CARTESIAN_POINT('Ctrl Pts',(2.79999999999999,27.7508789708068,-16.5050633486115));
#8874=CARTESIAN_POINT('Ctrl Pts',(2.79999999999999,27.9627158098974,-16.4028649862988));
#8875=CARTESIAN_POINT('Ctrl Pts',(3.29999999999999,27.5367010973992,-17.0349546657058));
#8876=CARTESIAN_POINT('Ctrl Pts',(2.79999999999999,27.5367010973992,-17.0349546657058));
#8877=CARTESIAN_POINT('Ctrl Pts',(3.29999999999999,27.5386740000638,-16.8426045013577));
#8878=CARTESIAN_POINT('Ctrl Pts',(2.79999999999999,27.5386740000638,-16.8426045013577));
#8879=CARTESIAN_POINT('Ctrl Pts',(3.29999999999999,27.6447764846712,-16.6738339994865));
#8880=CARTESIAN_POINT('Ctrl Pts',(2.79999999999999,27.6447764846712,-16.6738339994865));
#8881=CARTESIAN_POINT('',(3.29999999999999,27.5367010973992,-17.0349546657058));
#8882=CARTESIAN_POINT('Ctrl Pts',(3.29999999999999,27.5367010973992,-17.0349546657058));
#8883=CARTESIAN_POINT('Ctrl Pts',(3.29999999999999,27.5386740000638,-16.8426045013577));
#8884=CARTESIAN_POINT('Ctrl Pts',(3.29999999999999,27.6447764846712,-16.6738339994865));
#8885=CARTESIAN_POINT('',(2.79999999999999,27.5367010973992,-17.0349546657058));
#8886=CARTESIAN_POINT('',(3.29999999999999,27.5367010973992,-17.0349546657058));
#8887=CARTESIAN_POINT('Ctrl Pts',(2.79999999999999,27.5367010973992,-17.0349546657058));
#8888=CARTESIAN_POINT('Ctrl Pts',(2.79999999999999,27.5386740000638,-16.8426045013577));
#8889=CARTESIAN_POINT('Ctrl Pts',(2.79999999999999,27.6447764846712,-16.6738339994865));
#8890=CARTESIAN_POINT('Ctrl Pts',(3.29999999999999,27.6503009875335,-17.4321160795051));
#8891=CARTESIAN_POINT('Ctrl Pts',(2.79999999999999,27.6503009875335,-17.4321160795051));
#8892=CARTESIAN_POINT('Ctrl Pts',(3.29999999999999,27.5345812786621,-17.2416285628829));
#8893=CARTESIAN_POINT('Ctrl Pts',(2.79999999999999,27.5345812786621,-17.2416285628829));
#8894=CARTESIAN_POINT('Ctrl Pts',(3.29999999999999,27.5367010973992,-17.0349546657058));
#8895=CARTESIAN_POINT('Ctrl Pts',(2.79999999999999,27.5367010973992,-17.0349546657058));
#8896=CARTESIAN_POINT('',(3.29999999999999,27.6503009875335,-17.4321160795051));
#8897=CARTESIAN_POINT('Ctrl Pts',(3.29999999999999,27.6503009875335,-17.4321160795051));
#8898=CARTESIAN_POINT('Ctrl Pts',(3.29999999999999,27.5345812786621,-17.2416285628829));
#8899=CARTESIAN_POINT('Ctrl Pts',(3.29999999999999,27.5367010973992,-17.0349546657058));
#8900=CARTESIAN_POINT('',(2.79999999999999,27.6503009875335,-17.4321160795051));
#8901=CARTESIAN_POINT('',(3.29999999999999,27.6503009875335,-17.4321160795051));
#8902=CARTESIAN_POINT('Ctrl Pts',(2.79999999999999,27.6503009875335,-17.4321160795051));
#8903=CARTESIAN_POINT('Ctrl Pts',(2.79999999999999,27.5345812786621,-17.2416285628829));
#8904=CARTESIAN_POINT('Ctrl Pts',(2.79999999999999,27.5367010973992,-17.0349546657058));
#8905=CARTESIAN_POINT('Ctrl Pts',(3.29999999999999,27.9727836750285,-17.7157930947998));
#8906=CARTESIAN_POINT('Ctrl Pts',(2.79999999999999,27.9727836750285,-17.7157930947998));
#8907=CARTESIAN_POINT('Ctrl Pts',(3.29999999999999,27.7660206964048,-17.6226035961273));
#8908=CARTESIAN_POINT('Ctrl Pts',(2.79999999999999,27.7660206964048,-17.6226035961273));
#8909=CARTESIAN_POINT('Ctrl Pts',(3.29999999999999,27.6503009875335,-17.4321160795051));
#8910=CARTESIAN_POINT('Ctrl Pts',(2.79999999999999,27.6503009875335,-17.4321160795051));
#8911=CARTESIAN_POINT('',(3.29999999999999,27.9727836750285,-17.7157930947998));
#8912=CARTESIAN_POINT('Ctrl Pts',(3.29999999999999,27.9727836750285,-17.7157930947998));
#8913=CARTESIAN_POINT('Ctrl Pts',(3.29999999999999,27.7660206964048,-17.6226035961273));
#8914=CARTESIAN_POINT('Ctrl Pts',(3.29999999999999,27.6503009875335,-17.4321160795051));
#8915=CARTESIAN_POINT('',(2.79999999999999,27.9727836750285,-17.7157930947998));
#8916=CARTESIAN_POINT('',(3.29999999999999,27.9727836750285,-17.7157930947998));
#8917=CARTESIAN_POINT('Ctrl Pts',(2.79999999999999,27.9727836750285,-17.7157930947998));
#8918=CARTESIAN_POINT('Ctrl Pts',(2.79999999999999,27.7660206964048,-17.6226035961273));
#8919=CARTESIAN_POINT('Ctrl Pts',(2.79999999999999,27.6503009875335,-17.4321160795051));
#8920=CARTESIAN_POINT('Ctrl Pts',(3.29999999999999,28.5233216026268,-17.8125089322358));
#8921=CARTESIAN_POINT('Ctrl Pts',(2.79999999999999,28.5233216026268,-17.8125089322358));
#8922=CARTESIAN_POINT('Ctrl Pts',(3.29999999999999,28.1795466505955,-17.8089828914799));
#8923=CARTESIAN_POINT('Ctrl Pts',(2.79999999999999,28.1795466505955,-17.8089828914799));
#8924=CARTESIAN_POINT('Ctrl Pts',(3.29999999999999,27.9727836750285,-17.7157930947998));
#8925=CARTESIAN_POINT('Ctrl Pts',(2.79999999999999,27.9727836750285,-17.7157930947998));
#8926=CARTESIAN_POINT('',(3.29999999999999,28.5233216026268,-17.8125089322358));
#8927=CARTESIAN_POINT('Ctrl Pts',(3.29999999999999,28.5233216026268,-17.8125089322358));
#8928=CARTESIAN_POINT('Ctrl Pts',(3.29999999999999,28.1795466505955,-17.8089828914799));
#8929=CARTESIAN_POINT('Ctrl Pts',(3.29999999999999,27.9727836750285,-17.7157930947998));
#8930=CARTESIAN_POINT('',(2.79999999999999,28.5233216026268,-17.8125089322358));
#8931=CARTESIAN_POINT('',(3.29999999999999,28.5233216026268,-17.8125089322358));
#8932=CARTESIAN_POINT('Ctrl Pts',(2.79999999999999,28.5233216026268,-17.8125089322358));
#8933=CARTESIAN_POINT('Ctrl Pts',(2.79999999999999,28.1795466505955,-17.8089828914799));
#8934=CARTESIAN_POINT('Ctrl Pts',(2.79999999999999,27.9727836750285,-17.7157930947998));
#8935=CARTESIAN_POINT('Origin',(3.29999999999999,29.6487739310275,-17.8240525038526));
#8936=CARTESIAN_POINT('',(3.29999999999999,29.6487739310275,-17.8240525038526));
#8937=CARTESIAN_POINT('',(3.29999999999999,41.4043061510043,-17.9446269827982));
#8938=CARTESIAN_POINT('',(2.79999999999999,29.6487739310275,-17.8240525038526));
#8939=CARTESIAN_POINT('',(3.29999999999999,29.6487739310275,-17.8240525038526));
#8940=CARTESIAN_POINT('',(2.79999999999999,29.6487739310275,-17.8240525038526));
#8941=CARTESIAN_POINT('Origin',(3.29999999999999,29.6795427995765,-14.8242101759987));
#8942=CARTESIAN_POINT('',(3.29999999999999,29.6795427995765,-14.8242101759987));
#8943=CARTESIAN_POINT('',(3.29999999999999,29.7342391798115,-9.49153060905375));
#8944=CARTESIAN_POINT('',(2.79999999999999,29.6795427995765,-14.8242101759987));
#8945=CARTESIAN_POINT('',(3.29999999999999,29.6795427995765,-14.8242101759987));
#8946=CARTESIAN_POINT('',(2.79999999999999,29.6795427995765,-14.8242101759987));
#8947=CARTESIAN_POINT('Origin',(3.29999999999999,28.5356742006803,-14.8124777118522));
#8948=CARTESIAN_POINT('',(3.29999999999999,40.8631407201052,-14.938918422871));
#8949=CARTESIAN_POINT('',(2.79999999999999,28.5356742006803,-14.8124777118522));
#8950=CARTESIAN_POINT('Origin',(2.79999999999999,26.3523014605902,-16.2891753037101));
#8951=CARTESIAN_POINT('Ctrl Pts',(3.29999999999999,33.6973399018195,-15.3709035435929));
#8952=CARTESIAN_POINT('Ctrl Pts',(2.79999999999999,33.6973399018195,-15.3709035435929));
#8953=CARTESIAN_POINT('Ctrl Pts',(3.29999999999999,33.5090928271525,-15.5674824289866));
#8954=CARTESIAN_POINT('Ctrl Pts',(2.79999999999999,33.5090928271525,-15.5674824289866));
#8955=CARTESIAN_POINT('Ctrl Pts',(3.29999999999999,33.5033000515872,-16.132255011024));
#8956=CARTESIAN_POINT('Ctrl Pts',(2.79999999999999,33.5033000515872,-16.132255011024));
#8957=CARTESIAN_POINT('',(3.29999999999999,33.6973399018195,-15.3709035435929));
#8958=CARTESIAN_POINT('',(3.29999999999999,33.5033000515872,-16.132255011024));
#8959=CARTESIAN_POINT('Ctrl Pts',(3.29999999999999,33.6973399018195,-15.3709035435929));
#8960=CARTESIAN_POINT('Ctrl Pts',(3.29999999999999,33.5090928271525,-15.5674824289866));
#8961=CARTESIAN_POINT('Ctrl Pts',(3.29999999999999,33.5033000515872,-16.132255011024));
#8962=CARTESIAN_POINT('',(2.79999999999999,33.6973399018195,-15.3709035435929));
#8963=CARTESIAN_POINT('',(3.29999999999999,33.6973399018195,-15.3709035435929));
#8964=CARTESIAN_POINT('',(2.79999999999999,33.5033000515872,-16.132255011024));
#8965=CARTESIAN_POINT('Ctrl Pts',(2.79999999999999,33.6973399018195,-15.3709035435929));
#8966=CARTESIAN_POINT('Ctrl Pts',(2.79999999999999,33.5090928271525,-15.5674824289866));
#8967=CARTESIAN_POINT('Ctrl Pts',(2.79999999999999,33.5033000515872,-16.132255011024));
#8968=CARTESIAN_POINT('',(3.29999999999999,33.5033000515872,-16.132255011024));
#8969=CARTESIAN_POINT('Ctrl Pts',(3.29999999999999,34.3234902948473,-15.1788161574738));
#8970=CARTESIAN_POINT('Ctrl Pts',(2.79999999999999,34.3234902948473,-15.1788161574738));
#8971=CARTESIAN_POINT('Ctrl Pts',(3.29999999999999,33.8855869764865,-15.1743246581991));
#8972=CARTESIAN_POINT('Ctrl Pts',(2.79999999999999,33.8855869764865,-15.1743246581991));
#8973=CARTESIAN_POINT('Ctrl Pts',(3.29999999999999,33.6973399018195,-15.3709035435929));
#8974=CARTESIAN_POINT('Ctrl Pts',(2.79999999999999,33.6973399018195,-15.3709035435929));
#8975=CARTESIAN_POINT('',(3.29999999999999,34.3234902948473,-15.1788161574738));
#8976=CARTESIAN_POINT('Ctrl Pts',(3.29999999999999,34.3234902948473,-15.1788161574738));
#8977=CARTESIAN_POINT('Ctrl Pts',(3.29999999999999,33.8855869764865,-15.1743246581991));
#8978=CARTESIAN_POINT('Ctrl Pts',(3.29999999999999,33.6973399018195,-15.3709035435929));
#8979=CARTESIAN_POINT('',(2.79999999999999,34.3234902948473,-15.1788161574738));
#8980=CARTESIAN_POINT('',(3.29999999999999,34.3234902948473,-15.1788161574738));
#8981=CARTESIAN_POINT('Ctrl Pts',(2.79999999999999,34.3234902948473,-15.1788161574738));
#8982=CARTESIAN_POINT('Ctrl Pts',(2.79999999999999,33.8855869764865,-15.1743246581991));
#8983=CARTESIAN_POINT('Ctrl Pts',(2.79999999999999,33.6973399018195,-15.3709035435929));
#8984=CARTESIAN_POINT('Ctrl Pts',(3.29999999999999,34.7552494388334,-15.2835228052533));
#8985=CARTESIAN_POINT('Ctrl Pts',(2.79999999999999,34.7552494388334,-15.2835228052533));
#8986=CARTESIAN_POINT('Ctrl Pts',(3.29999999999999,34.5792748675281,-15.1814396959914));
#8987=CARTESIAN_POINT('Ctrl Pts',(2.79999999999999,34.5792748675281,-15.1814396959914));
#8988=CARTESIAN_POINT('Ctrl Pts',(3.29999999999999,34.3234902948473,-15.1788161574738));
#8989=CARTESIAN_POINT('Ctrl Pts',(2.79999999999999,34.3234902948473,-15.1788161574738));
#8990=CARTESIAN_POINT('',(3.29999999999999,34.7552494388334,-15.2835228052533));
#8991=CARTESIAN_POINT('Ctrl Pts',(3.29999999999999,34.7552494388334,-15.2835228052533));
#8992=CARTESIAN_POINT('Ctrl Pts',(3.29999999999999,34.5792748675281,-15.1814396959914));
#8993=CARTESIAN_POINT('Ctrl Pts',(3.29999999999999,34.3234902948473,-15.1788161574738));
#8994=CARTESIAN_POINT('',(2.79999999999999,34.7552494388334,-15.2835228052533));
#8995=CARTESIAN_POINT('',(3.29999999999999,34.7552494388334,-15.2835228052533));
#8996=CARTESIAN_POINT('Ctrl Pts',(2.79999999999999,34.7552494388334,-15.2835228052533));
#8997=CARTESIAN_POINT('Ctrl Pts',(2.79999999999999,34.5792748675281,-15.1814396959914));
#8998=CARTESIAN_POINT('Ctrl Pts',(2.79999999999999,34.3234902948473,-15.1788161574738));
#8999=CARTESIAN_POINT('Ctrl Pts',(3.29999999999999,35.0019674116831,-15.5715388506119));
#9000=CARTESIAN_POINT('Ctrl Pts',(2.79999999999999,35.0019674116831,-15.5715388506119));
#9001=CARTESIAN_POINT('Ctrl Pts',(3.29999999999999,34.9312239356368,-15.3856059137511));
#9002=CARTESIAN_POINT('Ctrl Pts',(2.79999999999999,34.9312239356368,-15.3856059137511));
#9003=CARTESIAN_POINT('Ctrl Pts',(3.29999999999999,34.7552494388334,-15.2835228052533));
#9004=CARTESIAN_POINT('Ctrl Pts',(2.79999999999999,34.7552494388334,-15.2835228052533));
#9005=CARTESIAN_POINT('',(3.29999999999999,35.0019674116831,-15.5715388506119));
#9006=CARTESIAN_POINT('Ctrl Pts',(3.29999999999999,35.0019674116831,-15.5715388506119));
#9007=CARTESIAN_POINT('Ctrl Pts',(3.29999999999999,34.9312239356368,-15.3856059137511));
#9008=CARTESIAN_POINT('Ctrl Pts',(3.29999999999999,34.7552494388334,-15.2835228052533));
#9009=CARTESIAN_POINT('',(2.79999999999999,35.0019674116831,-15.5715388506119));
#9010=CARTESIAN_POINT('',(3.29999999999999,35.0019674116831,-15.5715388506119));
#9011=CARTESIAN_POINT('Ctrl Pts',(2.79999999999999,35.0019674116831,-15.5715388506119));
#9012=CARTESIAN_POINT('Ctrl Pts',(2.79999999999999,34.9312239356368,-15.3856059137511));
#9013=CARTESIAN_POINT('Ctrl Pts',(2.79999999999999,34.7552494388334,-15.2835228052533));
#9014=CARTESIAN_POINT('Ctrl Pts',(3.29999999999999,35.0687019671819,-16.1483110701442));
#9015=CARTESIAN_POINT('Ctrl Pts',(2.79999999999999,35.0687019671819,-16.1483110701442));
#9016=CARTESIAN_POINT('Ctrl Pts',(3.29999999999999,35.0727107326123,-15.7574723819595));
#9017=CARTESIAN_POINT('Ctrl Pts',(2.79999999999999,35.0727107326123,-15.7574723819595));
#9018=CARTESIAN_POINT('Ctrl Pts',(3.29999999999999,35.0019674116831,-15.5715388506119));
#9019=CARTESIAN_POINT('Ctrl Pts',(2.79999999999999,35.0019674116831,-15.5715388506119));
#9020=CARTESIAN_POINT('',(3.29999999999999,35.0687019671819,-16.1483110701442));
#9021=CARTESIAN_POINT('Ctrl Pts',(3.29999999999999,35.0687019671819,-16.1483110701442));
#9022=CARTESIAN_POINT('Ctrl Pts',(3.29999999999999,35.0727107326123,-15.7574723819595));
#9023=CARTESIAN_POINT('Ctrl Pts',(3.29999999999999,35.0019674116831,-15.5715388506119));
#9024=CARTESIAN_POINT('',(2.79999999999999,35.0687019671819,-16.1483110701442));
#9025=CARTESIAN_POINT('',(3.29999999999999,35.0687019671819,-16.1483110701442));
#9026=CARTESIAN_POINT('Ctrl Pts',(2.79999999999999,35.0687019671819,-16.1483110701442));
#9027=CARTESIAN_POINT('Ctrl Pts',(2.79999999999999,35.0727107326123,-15.7574723819595));
#9028=CARTESIAN_POINT('Ctrl Pts',(2.79999999999999,35.0019674116831,-15.5715388506119));
#9029=CARTESIAN_POINT('Origin',(3.29999999999999,35.0509458523697,-17.8794616552548));
#9030=CARTESIAN_POINT('',(3.29999999999999,35.0509458523697,-17.8794616552548));
#9031=CARTESIAN_POINT('',(3.29999999999999,35.1210266668792,-11.0468609243829));
#9032=CARTESIAN_POINT('',(2.79999999999999,35.0509458523697,-17.8794616552548));
#9033=CARTESIAN_POINT('',(3.29999999999999,35.0509458523697,-17.8794616552548));
#9034=CARTESIAN_POINT('',(2.79999999999999,35.0509458523697,-17.8794616552548));
#9035=CARTESIAN_POINT('Origin',(3.29999999999999,35.4479236450617,-17.8835333884279));
#9036=CARTESIAN_POINT('',(3.29999999999999,35.4479236450617,-17.8835333884279));
#9037=CARTESIAN_POINT('',(3.29999999999999,44.3038810080214,-17.9743674250858));
#9038=CARTESIAN_POINT('',(2.79999999999999,35.4479236450617,-17.8835333884279));
#9039=CARTESIAN_POINT('',(3.29999999999999,35.4479236450617,-17.8835333884279));
#9040=CARTESIAN_POINT('',(2.79999999999999,35.4479236450617,-17.8835333884279));
#9041=CARTESIAN_POINT('Origin',(3.29999999999999,35.4657007465743,-16.1503366834878));
#9042=CARTESIAN_POINT('',(3.29999999999999,35.4657007465743,-16.1503366834878));
#9043=CARTESIAN_POINT('',(3.29999999999999,35.5268930103275,-10.1843343050859));
#9044=CARTESIAN_POINT('',(2.79999999999999,35.4657007465743,-16.1503366834878));
#9045=CARTESIAN_POINT('',(3.29999999999999,35.4657007465743,-16.1503366834878));
#9046=CARTESIAN_POINT('',(2.79999999999999,35.4657007465743,-16.1503366834878));
#9047=CARTESIAN_POINT('Ctrl Pts',(3.29999999999999,35.3588224502669,-15.3971544873007));
#9048=CARTESIAN_POINT('Ctrl Pts',(2.79999999999999,35.3588224502669,-15.3971544873007));
#9049=CARTESIAN_POINT('Ctrl Pts',(3.29999999999999,35.470591023722,-15.6735541082915));
#9050=CARTESIAN_POINT('Ctrl Pts',(2.79999999999999,35.470591023722,-15.6735541082915));
#9051=CARTESIAN_POINT('Ctrl Pts',(3.29999999999999,35.4657007465743,-16.1503366834878));
#9052=CARTESIAN_POINT('Ctrl Pts',(2.79999999999999,35.4657007465743,-16.1503366834878));
#9053=CARTESIAN_POINT('',(3.29999999999999,35.3588224502669,-15.3971544873007));
#9054=CARTESIAN_POINT('Ctrl Pts',(3.29999999999999,35.3588224502669,-15.3971544873007));
#9055=CARTESIAN_POINT('Ctrl Pts',(3.29999999999999,35.470591023722,-15.6735541082915));
#9056=CARTESIAN_POINT('Ctrl Pts',(3.29999999999999,35.4657007465743,-16.1503366834878));
#9057=CARTESIAN_POINT('',(2.79999999999999,35.3588224502669,-15.3971544873007));
#9058=CARTESIAN_POINT('',(3.29999999999999,35.3588224502669,-15.3971544873007));
#9059=CARTESIAN_POINT('Ctrl Pts',(2.79999999999999,35.3588224502669,-15.3971544873007));
#9060=CARTESIAN_POINT('Ctrl Pts',(2.79999999999999,35.470591023722,-15.6735541082915));
#9061=CARTESIAN_POINT('Ctrl Pts',(2.79999999999999,35.4657007465743,-16.1503366834878));
#9062=CARTESIAN_POINT('Ctrl Pts',(3.29999999999999,34.9804817140047,-14.9727195647124));
#9063=CARTESIAN_POINT('Ctrl Pts',(2.79999999999999,34.9804817140047,-14.9727195647124));
#9064=CARTESIAN_POINT('Ctrl Pts',(3.29999999999999,35.2470538395608,-15.1207548659278));
#9065=CARTESIAN_POINT('Ctrl Pts',(2.79999999999999,35.2470538395608,-15.1207548659278));
#9066=CARTESIAN_POINT('Ctrl Pts',(3.29999999999999,35.3588224502669,-15.3971544873007));
#9067=CARTESIAN_POINT('Ctrl Pts',(2.79999999999999,35.3588224502669,-15.3971544873007));
#9068=CARTESIAN_POINT('',(3.29999999999999,34.9804817140047,-14.9727195647124));
#9069=CARTESIAN_POINT('Ctrl Pts',(3.29999999999999,34.9804817140047,-14.9727195647124));
#9070=CARTESIAN_POINT('Ctrl Pts',(3.29999999999999,35.2470538395608,-15.1207548659278));
#9071=CARTESIAN_POINT('Ctrl Pts',(3.29999999999999,35.3588224502669,-15.3971544873007));
#9072=CARTESIAN_POINT('',(2.79999999999999,34.9804817140047,-14.9727195647124));
#9073=CARTESIAN_POINT('',(3.29999999999999,34.9804817140047,-14.9727195647124));
#9074=CARTESIAN_POINT('Ctrl Pts',(2.79999999999999,34.9804817140047,-14.9727195647124));
#9075=CARTESIAN_POINT('Ctrl Pts',(2.79999999999999,35.2470538395608,-15.1207548659278));
#9076=CARTESIAN_POINT('Ctrl Pts',(2.79999999999999,35.3588224502669,-15.3971544873007));
#9077=CARTESIAN_POINT('Ctrl Pts',(3.29999999999999,34.29237652945,-14.8203609692055));
#9078=CARTESIAN_POINT('Ctrl Pts',(2.79999999999999,34.29237652945,-14.8203609692055));
#9079=CARTESIAN_POINT('Ctrl Pts',(3.29999999999999,34.713909548141,-14.8246845611225));
#9080=CARTESIAN_POINT('Ctrl Pts',(2.79999999999999,34.713909548141,-14.8246845611225));
#9081=CARTESIAN_POINT('Ctrl Pts',(3.29999999999999,34.9804817140047,-14.9727195647124));
#9082=CARTESIAN_POINT('Ctrl Pts',(2.79999999999999,34.9804817140047,-14.9727195647124));
#9083=CARTESIAN_POINT('',(3.29999999999999,34.29237652945,-14.8203609692055));
#9084=CARTESIAN_POINT('Ctrl Pts',(3.29999999999999,34.29237652945,-14.8203609692055));
#9085=CARTESIAN_POINT('Ctrl Pts',(3.29999999999999,34.713909548141,-14.8246845611225));
#9086=CARTESIAN_POINT('Ctrl Pts',(3.29999999999999,34.9804817140047,-14.9727195647124));
#9087=CARTESIAN_POINT('',(2.79999999999999,34.29237652945,-14.8203609692055));
#9088=CARTESIAN_POINT('',(3.29999999999999,34.29237652945,-14.8203609692055));
#9089=CARTESIAN_POINT('Ctrl Pts',(2.79999999999999,34.29237652945,-14.8203609692055));
#9090=CARTESIAN_POINT('Ctrl Pts',(2.79999999999999,34.713909548141,-14.8246845611225));
#9091=CARTESIAN_POINT('Ctrl Pts',(2.79999999999999,34.9804817140047,-14.9727195647124));
#9092=CARTESIAN_POINT('Ctrl Pts',(3.29999999999999,33.5898160009744,-14.9799440515114));
#9093=CARTESIAN_POINT('Ctrl Pts',(2.79999999999999,33.5898160009744,-14.9799440515114));
#9094=CARTESIAN_POINT('Ctrl Pts',(3.29999999999999,33.8585657487557,-14.8159114463881));
#9095=CARTESIAN_POINT('Ctrl Pts',(2.79999999999999,33.8585657487557,-14.8159114463881));
#9096=CARTESIAN_POINT('Ctrl Pts',(3.29999999999999,34.29237652945,-14.8203609692055));
#9097=CARTESIAN_POINT('Ctrl Pts',(2.79999999999999,34.29237652945,-14.8203609692055));
#9098=CARTESIAN_POINT('',(3.29999999999999,33.5898160009744,-14.9799440515114));
#9099=CARTESIAN_POINT('Ctrl Pts',(3.29999999999999,33.5898160009744,-14.9799440515114));
#9100=CARTESIAN_POINT('Ctrl Pts',(3.29999999999999,33.8585657487557,-14.8159114463881));
#9101=CARTESIAN_POINT('Ctrl Pts',(3.29999999999999,34.29237652945,-14.8203609692055));
#9102=CARTESIAN_POINT('',(2.79999999999999,33.5898160009744,-14.9799440515114));
#9103=CARTESIAN_POINT('',(3.29999999999999,33.5898160009744,-14.9799440515114));
#9104=CARTESIAN_POINT('Ctrl Pts',(2.79999999999999,33.5898160009744,-14.9799440515114));
#9105=CARTESIAN_POINT('Ctrl Pts',(2.79999999999999,33.8585657487557,-14.8159114463881));
#9106=CARTESIAN_POINT('Ctrl Pts',(2.79999999999999,34.29237652945,-14.8203609692055));
#9107=CARTESIAN_POINT('Ctrl Pts',(3.29999999999999,33.2160240346264,-15.4089430844899));
#9108=CARTESIAN_POINT('Ctrl Pts',(2.79999999999999,33.2160240346264,-15.4089430844899));
#9109=CARTESIAN_POINT('Ctrl Pts',(3.29999999999999,33.3210662531932,-15.1439766566348));
#9110=CARTESIAN_POINT('Ctrl Pts',(2.79999999999999,33.3210662531932,-15.1439766566348));
#9111=CARTESIAN_POINT('Ctrl Pts',(3.29999999999999,33.5898160009744,-14.9799440515114));
#9112=CARTESIAN_POINT('Ctrl Pts',(2.79999999999999,33.5898160009744,-14.9799440515114));
#9113=CARTESIAN_POINT('',(3.29999999999999,33.2160240346264,-15.4089430844899));
#9114=CARTESIAN_POINT('Ctrl Pts',(3.29999999999999,33.2160240346264,-15.4089430844899));
#9115=CARTESIAN_POINT('Ctrl Pts',(3.29999999999999,33.3210662531932,-15.1439766566348));
#9116=CARTESIAN_POINT('Ctrl Pts',(3.29999999999999,33.5898160009744,-14.9799440515114));
#9117=CARTESIAN_POINT('',(2.79999999999999,33.2160240346264,-15.4089430844899));
#9118=CARTESIAN_POINT('',(3.29999999999999,33.2160240346264,-15.4089430844899));
#9119=CARTESIAN_POINT('Ctrl Pts',(2.79999999999999,33.2160240346264,-15.4089430844899));
#9120=CARTESIAN_POINT('Ctrl Pts',(2.79999999999999,33.3210662531932,-15.1439766566348));
#9121=CARTESIAN_POINT('Ctrl Pts',(2.79999999999999,33.5898160009744,-14.9799440515114));
#9122=CARTESIAN_POINT('Ctrl Pts',(3.29999999999999,33.1063430965917,-16.1261371564932));
#9123=CARTESIAN_POINT('Ctrl Pts',(2.79999999999999,33.1063430965917,-16.1261371564932));
#9124=CARTESIAN_POINT('Ctrl Pts',(3.29999999999999,33.1109815149954,-15.6739098072959));
#9125=CARTESIAN_POINT('Ctrl Pts',(2.79999999999999,33.1109815149954,-15.6739098072959));
#9126=CARTESIAN_POINT('Ctrl Pts',(3.29999999999999,33.2160240346264,-15.4089430844899));
#9127=CARTESIAN_POINT('Ctrl Pts',(2.79999999999999,33.2160240346264,-15.4089430844899));
#9128=CARTESIAN_POINT('',(3.29999999999999,33.1063430965917,-16.1261371564932));
#9129=CARTESIAN_POINT('Ctrl Pts',(3.29999999999999,33.1063430965917,-16.1261371564932));
#9130=CARTESIAN_POINT('Ctrl Pts',(3.29999999999999,33.1109815149954,-15.6739098072959));
#9131=CARTESIAN_POINT('Ctrl Pts',(3.29999999999999,33.2160240346264,-15.4089430844899));
#9132=CARTESIAN_POINT('',(2.79999999999999,33.1063430965917,-16.1261371564932));
#9133=CARTESIAN_POINT('',(3.29999999999999,33.1063430965917,-16.1261371564932));
#9134=CARTESIAN_POINT('Ctrl Pts',(2.79999999999999,33.1063430965917,-16.1261371564932));
#9135=CARTESIAN_POINT('Ctrl Pts',(2.79999999999999,33.1109815149954,-15.6739098072959));
#9136=CARTESIAN_POINT('Ctrl Pts',(2.79999999999999,33.2160240346264,-15.4089430844899));
#9137=CARTESIAN_POINT('Origin',(3.29999999999999,33.0885659950792,-17.8593338614333));
#9138=CARTESIAN_POINT('',(3.29999999999999,33.0885659950792,-17.8593338614333));
#9139=CARTESIAN_POINT('',(3.29999999999999,33.1586468095887,-11.0267331305614));
#9140=CARTESIAN_POINT('',(2.79999999999999,33.0885659950792,-17.8593338614333));
#9141=CARTESIAN_POINT('',(3.29999999999999,33.0885659950792,-17.8593338614333));
#9142=CARTESIAN_POINT('',(2.79999999999999,33.0885659950792,-17.8593338614333));
#9143=CARTESIAN_POINT('Origin',(3.29999999999999,33.485543936775,-17.8634055961346));
#9144=CARTESIAN_POINT('',(3.29999999999999,33.485543936775,-17.8634055961346));
#9145=CARTESIAN_POINT('',(3.29999999999999,43.3226911538781,-17.9643035289392));
#9146=CARTESIAN_POINT('',(2.79999999999999,33.485543936775,-17.8634055961346));
#9147=CARTESIAN_POINT('',(3.29999999999999,33.485543936775,-17.8634055961346));
#9148=CARTESIAN_POINT('',(2.79999999999999,33.485543936775,-17.8634055961346));
#9149=CARTESIAN_POINT('Origin',(3.29999999999999,33.5033000515872,-16.132255011024));
#9150=CARTESIAN_POINT('',(3.29999999999999,33.5645028086905,-10.1652295727074));
#9151=CARTESIAN_POINT('',(2.79999999999999,33.5033000515872,-16.132255011024));
#9152=CARTESIAN_POINT('Origin',(2.79999999999999,26.3523014605902,-16.2891753037101));
#9153=CARTESIAN_POINT('Origin',(3.29999999999998,53.3,-4.4));
#9154=CARTESIAN_POINT('Origin',(3.29999999999998,53.3,-4.4));
#9155=CARTESIAN_POINT('Origin',(3.29999999999998,53.3,-4.4));
#9156=CARTESIAN_POINT('Origin',(2.79999999999999,29.59,-9.5));
#9157=CARTESIAN_POINT('',(2.29999999999998,29.59,-13.5));
#9158=CARTESIAN_POINT('',(3.29999999999999,29.59,-14.5));
#9159=CARTESIAN_POINT('',(2.29999999999998,29.59,-13.5));
#9160=CARTESIAN_POINT('',(3.29999999999999,29.59,-4.5));
#9161=CARTESIAN_POINT('Origin',(3.29999999999999,29.59,-9.5));
#9162=CARTESIAN_POINT('',(2.29999999999998,29.59,-5.5));
#9163=CARTESIAN_POINT('',(3.29999999999999,29.59,-4.5));
#9164=CARTESIAN_POINT('Origin',(2.29999999999998,29.59,-9.5));
#9165=CARTESIAN_POINT('Origin',(2.79999999999999,38.445,-5.));
#9166=CARTESIAN_POINT('',(3.29999999999999,23.59,-4.5));
#9167=CARTESIAN_POINT('',(3.29999999999999,38.445,-4.5));
#9168=CARTESIAN_POINT('',(2.29999999999999,23.59,-5.5));
#9169=CARTESIAN_POINT('',(3.29999999999999,23.59,-4.5));
#9170=CARTESIAN_POINT('',(2.29999999999999,38.445,-5.5));
#9171=CARTESIAN_POINT('Origin',(2.79999999999999,41.445,-14.));
#9172=CARTESIAN_POINT('',(2.29999999999999,23.59,-13.5));
#9173=CARTESIAN_POINT('',(3.29999999999999,23.59,-14.5));
#9174=CARTESIAN_POINT('',(2.29999999999999,23.59,-13.5));
#9175=CARTESIAN_POINT('',(3.29999999999999,41.445,-14.5));
#9176=CARTESIAN_POINT('',(2.29999999999999,41.445,-13.5));
#9177=CARTESIAN_POINT('Origin',(2.79999999999999,23.59,-9.5));
#9178=CARTESIAN_POINT('Origin',(3.29999999999999,23.59,-9.5));
#9179=CARTESIAN_POINT('Origin',(2.29999999999998,23.59,-9.5));
#9180=CARTESIAN_POINT('Origin',(3.29999999999999,29.59,-13.5));
#9181=CARTESIAN_POINT('',(1.79999999999999,29.59,-13.5));
#9182=CARTESIAN_POINT('',(3.29999999999999,29.59,-13.5));
#9183=CARTESIAN_POINT('',(1.79999999999999,23.59,-13.5));
#9184=CARTESIAN_POINT('',(1.79999999999999,29.59,-13.5));
#9185=CARTESIAN_POINT('',(3.29999999999999,23.59,-13.5));
#9186=CARTESIAN_POINT('Origin',(3.29999999999999,29.59,-9.5));
#9187=CARTESIAN_POINT('',(1.79999999999999,29.59,-5.5));
#9188=CARTESIAN_POINT('',(3.29999999999999,29.59,-5.5));
#9189=CARTESIAN_POINT('Origin',(1.79999999999999,29.59,-9.5));
#9190=CARTESIAN_POINT('Origin',(3.29999999999998,53.3,-4.4));
#9191=CARTESIAN_POINT('',(3.29999999999998,53.3,-18.9));
#9192=CARTESIAN_POINT('',(3.3,-3.3,-18.9));
#9193=CARTESIAN_POINT('',(3.29999999999999,39.15,-18.9));
#9194=CARTESIAN_POINT('',(3.29999999999998,53.3,-4.4));
#9195=CARTESIAN_POINT('',(3.29999999999998,53.3,-4.4));
#9196=CARTESIAN_POINT('',(3.3,-3.3,-4.4));
#9197=CARTESIAN_POINT('',(3.29999999999998,53.3,-4.4));
#9198=CARTESIAN_POINT('',(3.3,-3.3,-4.4));
#9199=CARTESIAN_POINT('Origin',(3.29999999999999,23.59,-5.5));
#9200=CARTESIAN_POINT('',(1.79999999999999,23.59,-5.5));
#9201=CARTESIAN_POINT('',(3.29999999999999,23.59,-5.5));
#9202=CARTESIAN_POINT('',(1.79999999999999,23.59,-5.5));
#9203=CARTESIAN_POINT('Origin',(3.29999999999999,23.59,-9.5));
#9204=CARTESIAN_POINT('Origin',(1.79999999999999,23.59,-9.5));
#9205=CARTESIAN_POINT('Origin',(1.79999999999999,26.59,-9.5));
#9206=CARTESIAN_POINT('',(1.79999999999999,23.59,-7.5));
#9207=CARTESIAN_POINT('',(1.79999999999999,23.59,-11.5));
#9208=CARTESIAN_POINT('Origin',(1.79999999999999,23.59,-9.5));
#9209=CARTESIAN_POINT('',(1.79999999999999,29.59,-7.5));
#9210=CARTESIAN_POINT('',(1.79999999999999,25.09,-7.5));
#9211=CARTESIAN_POINT('',(1.79999999999999,29.59,-11.5));
#9212=CARTESIAN_POINT('Origin',(1.79999999999999,29.59,-9.5));
#9213=CARTESIAN_POINT('',(1.79999999999999,28.09,-11.5));
#9214=CARTESIAN_POINT('Origin',(3.29999999999999,23.59,-7.5));
#9215=CARTESIAN_POINT('',(0.799999999999996,23.59,-7.5));
#9216=CARTESIAN_POINT('',(3.29999999999999,23.59,-7.5));
#9217=CARTESIAN_POINT('',(0.799999999999995,29.59,-7.5));
#9218=CARTESIAN_POINT('',(0.799999999999998,11.395,-7.5));
#9219=CARTESIAN_POINT('',(3.29999999999999,29.59,-7.5));
#9220=CARTESIAN_POINT('Origin',(3.29999999999999,23.59,-9.5));
#9221=CARTESIAN_POINT('',(0.799999999999996,23.59,-11.5));
#9222=CARTESIAN_POINT('',(3.29999999999999,23.59,-11.5));
#9223=CARTESIAN_POINT('Origin',(0.800000000000001,23.59,-9.5));
#9224=CARTESIAN_POINT('Origin',(3.29999999999999,29.59,-11.5));
#9225=CARTESIAN_POINT('',(0.799999999999995,29.59,-11.5));
#9226=CARTESIAN_POINT('',(3.29999999999999,29.59,-11.5));
#9227=CARTESIAN_POINT('',(0.799999999999998,14.395,-11.5));
#9228=CARTESIAN_POINT('Origin',(3.29999999999999,29.59,-9.5));
#9229=CARTESIAN_POINT('Origin',(0.800000000000001,29.59,-9.5));
#9230=CARTESIAN_POINT('Ctrl Pts',(-104.06991980755,13.1651524647255,-17.8995093193428));
#9231=CARTESIAN_POINT('Ctrl Pts',(-103.56991980755,13.1651524647255,-17.8995093193428));
#9232=CARTESIAN_POINT('Ctrl Pts',(-104.06991980755,13.1078536256332,-17.6109688964263));
#9233=CARTESIAN_POINT('Ctrl Pts',(-103.56991980755,13.1078536256332,-17.6109688964263));
#9234=CARTESIAN_POINT('Ctrl Pts',(-104.06991980755,13.0034879787941,-17.326521375455));
#9235=CARTESIAN_POINT('Ctrl Pts',(-103.56991980755,13.0034879787941,-17.326521375455));
#9236=CARTESIAN_POINT('',(-104.06991980755,13.1651524647255,-17.8995093193428));
#9237=CARTESIAN_POINT('',(-104.06991980755,13.0034879787941,-17.326521375455));
#9238=CARTESIAN_POINT('Ctrl Pts',(-104.06991980755,13.1651524647255,-17.8995093193428));
#9239=CARTESIAN_POINT('Ctrl Pts',(-104.06991980755,13.1078536256332,-17.6109688964263));
#9240=CARTESIAN_POINT('Ctrl Pts',(-104.06991980755,13.0034879787941,-17.326521375455));
#9241=CARTESIAN_POINT('',(-103.56991980755,13.1651524647255,-17.8995093193428));
#9242=CARTESIAN_POINT('',(-104.06991980755,13.1651524647255,-17.8995093193428));
#9243=CARTESIAN_POINT('',(-103.56991980755,13.0034879787941,-17.326521375455));
#9244=CARTESIAN_POINT('Ctrl Pts',(-103.56991980755,13.1651524647255,-17.8995093193428));
#9245=CARTESIAN_POINT('Ctrl Pts',(-103.56991980755,13.1078536256332,-17.6109688964263));
#9246=CARTESIAN_POINT('Ctrl Pts',(-103.56991980755,13.0034879787941,-17.326521375455));
#9247=CARTESIAN_POINT('',(-104.06991980755,13.0034879787941,-17.326521375455));
#9248=CARTESIAN_POINT('Ctrl Pts',(-104.06991980755,13.3779765113373,-17.2774081912414));
#9249=CARTESIAN_POINT('Ctrl Pts',(-103.56991980755,13.3779765113373,-17.2774081912414));
#9250=CARTESIAN_POINT('Ctrl Pts',(-104.06991980755,13.2347295626182,-17.6559893277065));
#9251=CARTESIAN_POINT('Ctrl Pts',(-103.56991980755,13.2347295626182,-17.6559893277065));
#9252=CARTESIAN_POINT('Ctrl Pts',(-104.06991980755,13.1651524647255,-17.8995093193428));
#9253=CARTESIAN_POINT('Ctrl Pts',(-103.56991980755,13.1651524647255,-17.8995093193428));
#9254=CARTESIAN_POINT('',(-104.06991980755,13.3779765113373,-17.2774081912414));
#9255=CARTESIAN_POINT('Ctrl Pts',(-104.06991980755,13.3779765113373,-17.2774081912414));
#9256=CARTESIAN_POINT('Ctrl Pts',(-104.06991980755,13.2347295626182,-17.6559893277065));
#9257=CARTESIAN_POINT('Ctrl Pts',(-104.06991980755,13.1651524647255,-17.8995093193428));
#9258=CARTESIAN_POINT('',(-103.56991980755,13.3779765113373,-17.2774081912414));
#9259=CARTESIAN_POINT('',(-104.06991980755,13.3779765113373,-17.2774081912414));
#9260=CARTESIAN_POINT('Ctrl Pts',(-103.56991980755,13.3779765113373,-17.2774081912414));
#9261=CARTESIAN_POINT('Ctrl Pts',(-103.56991980755,13.2347295626182,-17.6559893277065));
#9262=CARTESIAN_POINT('Ctrl Pts',(-103.56991980755,13.1651524647255,-17.8995093193428));
#9263=CARTESIAN_POINT('Origin',(-104.06991980755,13.6910731538315,-16.446576067485));
#9264=CARTESIAN_POINT('',(-104.06991980755,13.6910731538315,-16.446576067485));
#9265=CARTESIAN_POINT('',(-104.06991980755,14.622214122349,-13.9757037443993));
#9266=CARTESIAN_POINT('',(-103.56991980755,13.6910731538315,-16.446576067485));
#9267=CARTESIAN_POINT('',(-104.06991980755,13.6910731538315,-16.446576067485));
#9268=CARTESIAN_POINT('',(-103.56991980755,13.6910731538315,-16.446576067485));
#9269=CARTESIAN_POINT('Origin',(-104.06991980755,12.6740200265426,-16.446576067485));
#9270=CARTESIAN_POINT('',(-104.06991980755,12.6740200265426,-16.446576067485));
#9271=CARTESIAN_POINT('',(-104.06991980755,4.68701001327132,-16.446576067485));
#9272=CARTESIAN_POINT('',(-103.56991980755,12.6740200265426,-16.446576067485));
#9273=CARTESIAN_POINT('',(-104.06991980755,12.6740200265426,-16.446576067485));
#9274=CARTESIAN_POINT('',(-103.56991980755,12.6740200265426,-16.446576067485));
#9275=CARTESIAN_POINT('Origin',(-104.06991980755,13.0034879787941,-17.326521375455));
#9276=CARTESIAN_POINT('',(-104.06991980755,9.8787849476262,-8.98104269600635));
#9277=CARTESIAN_POINT('',(-103.56991980755,13.0034879787941,-17.326521375455));
#9278=CARTESIAN_POINT('Origin',(-104.06991980755,12.5594226463814,-16.1232470956222));
#9279=CARTESIAN_POINT('',(-104.06991980755,12.5594226463814,-16.1232470956222));
#9280=CARTESIAN_POINT('',(-104.06991980755,12.2299546941299,-15.214652368106));
#9281=CARTESIAN_POINT('',(-104.06991980755,9.75942786029903,-8.40152338221629));
#9282=CARTESIAN_POINT('',(-103.56991980755,12.5594226463814,-16.1232470956222));
#9283=CARTESIAN_POINT('',(-104.06991980755,12.5594226463814,-16.1232470956222));
#9284=CARTESIAN_POINT('',(-103.56991980755,12.2299546941299,-15.214652368106));
#9285=CARTESIAN_POINT('',(-103.56991980755,12.5594226463814,-16.1232470956222));
#9286=CARTESIAN_POINT('',(-104.06991980755,12.2299546941299,-15.214652368106));
#9287=CARTESIAN_POINT('Origin',(-104.06991980755,13.813856337883,-16.1232470956222));
#9288=CARTESIAN_POINT('',(-104.06991980755,13.813856337883,-16.1232470956222));
#9289=CARTESIAN_POINT('',(-104.06991980755,5.25692816894149,-16.1232470956222));
#9290=CARTESIAN_POINT('',(-103.56991980755,13.813856337883,-16.1232470956222));
#9291=CARTESIAN_POINT('',(-104.06991980755,13.813856337883,-16.1232470956222));
#9292=CARTESIAN_POINT('',(-103.56991980755,13.813856337883,-16.1232470956222));
#9293=CARTESIAN_POINT('Origin',(-104.06991980755,14.1637880548019,-15.214652368106));
#9294=CARTESIAN_POINT('',(-104.06991980755,14.1637880548019,-15.214652368106));
#9295=CARTESIAN_POINT('',(-104.06991980755,14.8494431101562,-13.4343548469927));
#9296=CARTESIAN_POINT('',(-103.56991980755,14.1637880548019,-15.214652368106));
#9297=CARTESIAN_POINT('',(-104.06991980755,14.1637880548019,-15.214652368106));
#9298=CARTESIAN_POINT('',(-103.56991980755,14.1637880548019,-15.214652368106));
#9299=CARTESIAN_POINT('Origin',(-104.06991980755,14.6160394891281,-15.214652368106));
#9300=CARTESIAN_POINT('',(-104.06991980755,14.6160394891281,-15.214652368106));
#9301=CARTESIAN_POINT('',(-104.06991980755,5.65801974456405,-15.214652368106));
#9302=CARTESIAN_POINT('',(-103.56991980755,14.6160394891281,-15.214652368106));
#9303=CARTESIAN_POINT('',(-104.06991980755,14.6160394891281,-15.214652368106));
#9304=CARTESIAN_POINT('',(-103.56991980755,14.6160394891281,-15.214652368106));
#9305=CARTESIAN_POINT('Origin',(-104.06991980755,13.3882082446594,-18.2146524873153));
#9306=CARTESIAN_POINT('',(-104.06991980755,13.3882082446594,-18.2146524873153));
#9307=CARTESIAN_POINT('',(-104.06991980755,14.6124471676478,-15.2234296043244));
#9308=CARTESIAN_POINT('',(-103.56991980755,13.3882082446594,-18.2146524873153));
#9309=CARTESIAN_POINT('',(-104.06991980755,13.3882082446594,-18.2146524873153));
#9310=CARTESIAN_POINT('',(-103.56991980755,13.3882082446594,-18.2146524873153));
#9311=CARTESIAN_POINT('Origin',(-104.06991980755,12.9605139239807,-18.2146524873153));
#9312=CARTESIAN_POINT('',(-104.06991980755,12.9605139239807,-18.2146524873153));
#9313=CARTESIAN_POINT('',(-104.06991980755,4.83025696199035,-18.2146524873153));
#9314=CARTESIAN_POINT('',(-103.56991980755,12.9605139239807,-18.2146524873153));
#9315=CARTESIAN_POINT('',(-104.06991980755,12.9605139239807,-18.2146524873153));
#9316=CARTESIAN_POINT('',(-103.56991980755,12.9605139239807,-18.2146524873153));
#9317=CARTESIAN_POINT('Origin',(-104.06991980755,11.8083993538399,-15.214652368106));
#9318=CARTESIAN_POINT('',(-104.06991980755,11.8083993538399,-15.214652368106));
#9319=CARTESIAN_POINT('',(-104.06991980755,9.0277509413348,-7.97410026921666));
#9320=CARTESIAN_POINT('',(-103.56991980755,11.8083993538399,-15.214652368106));
#9321=CARTESIAN_POINT('',(-104.06991980755,11.8083993538399,-15.214652368106));
#9322=CARTESIAN_POINT('',(-103.56991980755,11.8083993538399,-15.214652368106));
#9323=CARTESIAN_POINT('Origin',(-104.06991980755,12.2299546941299,-15.214652368106));
#9324=CARTESIAN_POINT('',(-104.06991980755,4.46497734706496,-15.214652368106));
#9325=CARTESIAN_POINT('',(-103.56991980755,12.2299546941299,-15.214652368106));
#9326=CARTESIAN_POINT('Origin',(-103.56991980755,13.1446886721183,-16.7146524277107));
#9327=CARTESIAN_POINT('Origin',(-104.06991980755,20.9720014152446,-13.0101525304329));
#9328=CARTESIAN_POINT('',(-104.06991980755,20.9720014152445,-13.0101525304329));
#9329=CARTESIAN_POINT('',(-104.06991980755,20.974537701857,-11.5961030040492));
#9330=CARTESIAN_POINT('',(-104.06991980755,20.9796840765874,-8.726857582617));
#9331=CARTESIAN_POINT('',(-103.56991980755,20.9720014152445,-13.0101525304329));
#9332=CARTESIAN_POINT('',(-104.06991980755,20.9720014152445,-13.0101525304329));
#9333=CARTESIAN_POINT('',(-103.56991980755,20.974537701857,-11.5961030040492));
#9334=CARTESIAN_POINT('',(-103.56991980755,20.9720014152446,-13.0101525304329));
#9335=CARTESIAN_POINT('',(-104.06991980755,20.974537701857,-11.5961030040492));
#9336=CARTESIAN_POINT('Origin',(-104.06991980755,22.5313440331015,-13.0129494196027));
#9337=CARTESIAN_POINT('',(-104.06991980755,22.5313440331015,-13.0129494196027));
#9338=CARTESIAN_POINT('',(-104.06991980755,9.60798935520793,-12.9897696576173));
#9339=CARTESIAN_POINT('',(-103.56991980755,22.5313440331015,-13.0129494196027));
#9340=CARTESIAN_POINT('',(-104.06991980755,22.5313440331015,-13.0129494196027));
#9341=CARTESIAN_POINT('',(-103.56991980755,22.5313440331015,-13.0129494196027));
#9342=CARTESIAN_POINT('Origin',(-104.06991980755,22.533880319714,-11.5988998932189));
#9343=CARTESIAN_POINT('',(-104.06991980755,22.533880319714,-11.5988998932189));
#9344=CARTESIAN_POINT('',(-104.06991980755,22.5402948377506,-8.02262970859488));
#9345=CARTESIAN_POINT('',(-103.56991980755,22.533880319714,-11.5988998932189));
#9346=CARTESIAN_POINT('',(-104.06991980755,22.533880319714,-11.5988998932189));
#9347=CARTESIAN_POINT('',(-103.56991980755,22.533880319714,-11.5988998932189));
#9348=CARTESIAN_POINT('Origin',(-104.06991980755,22.9308785038079,-11.5996119624645));
#9349=CARTESIAN_POINT('',(-104.06991980755,22.9308785038079,-11.5996119624645));
#9350=CARTESIAN_POINT('',(-104.06991980755,9.80902473386732,-11.5760761658563));
#9351=CARTESIAN_POINT('',(-103.56991980755,22.9308785038079,-11.5996119624645));
#9352=CARTESIAN_POINT('',(-104.06991980755,22.9308785038079,-11.5996119624645));
#9353=CARTESIAN_POINT('',(-103.56991980755,22.9308785038079,-11.5996119624645));
#9354=CARTESIAN_POINT('Origin',(-104.06991980755,22.9254976117257,-14.5996072560035));
#9355=CARTESIAN_POINT('',(-104.06991980755,22.9254976117257,-14.5996072560035));
#9356=CARTESIAN_POINT('',(-104.06991980755,22.9346025758034,-9.52333942460997));
#9357=CARTESIAN_POINT('',(-103.56991980755,22.9254976117257,-14.5996072560035));
#9358=CARTESIAN_POINT('',(-104.06991980755,22.9254976117257,-14.5996072560035));
#9359=CARTESIAN_POINT('',(-103.56991980755,22.9254976117257,-14.5996072560035));
#9360=CARTESIAN_POINT('Origin',(-104.06991980755,22.5284994276318,-14.5988951867579));
#9361=CARTESIAN_POINT('',(-104.06991980755,22.5284994276318,-14.5988951867579));
#9362=CARTESIAN_POINT('',(-104.06991980755,9.60514474973816,-14.5757154247725));
#9363=CARTESIAN_POINT('',(-103.56991980755,22.5284994276318,-14.5988951867579));
#9364=CARTESIAN_POINT('',(-104.06991980755,22.5284994276318,-14.5988951867579));
#9365=CARTESIAN_POINT('',(-103.56991980755,22.5284994276318,-14.5988951867579));
#9366=CARTESIAN_POINT('Origin',(-104.06991980755,22.5307090437039,-13.3669734689981));
#9367=CARTESIAN_POINT('',(-104.06991980755,22.5307090437039,-13.3669734689981));
#9368=CARTESIAN_POINT('',(-104.06991980755,22.5387091997456,-8.90666649648447));
#9369=CARTESIAN_POINT('',(-103.56991980755,22.5307090437039,-13.3669734689981));
#9370=CARTESIAN_POINT('',(-104.06991980755,22.5307090437039,-13.3669734689981));
#9371=CARTESIAN_POINT('',(-103.56991980755,22.5307090437039,-13.3669734689981));
#9372=CARTESIAN_POINT('Origin',(-104.06991980755,20.9713664258469,-13.3641765798283));
#9373=CARTESIAN_POINT('',(-104.06991980755,20.9713664258469,-13.3641765798283));
#9374=CARTESIAN_POINT('',(-104.06991980755,8.82768305688182,-13.3423952624278));
#9375=CARTESIAN_POINT('',(-103.56991980755,20.9713664258469,-13.3641765798283));
#9376=CARTESIAN_POINT('',(-104.06991980755,20.9713664258469,-13.3641765798283));
#9377=CARTESIAN_POINT('',(-103.56991980755,20.9713664258469,-13.3641765798283));
#9378=CARTESIAN_POINT('Origin',(-104.06991980755,20.9691568097748,-14.5960982975882));
#9379=CARTESIAN_POINT('',(-104.06991980755,20.9691568097748,-14.5960982975882));
#9380=CARTESIAN_POINT('',(-104.06991980755,20.9782617738525,-9.51983046619463));
#9381=CARTESIAN_POINT('',(-103.56991980755,20.9691568097748,-14.5960982975882));
#9382=CARTESIAN_POINT('',(-104.06991980755,20.9691568097748,-14.5960982975882));
#9383=CARTESIAN_POINT('',(-103.56991980755,20.9691568097748,-14.5960982975882));
#9384=CARTESIAN_POINT('Origin',(-104.06991980755,20.5721588119451,-14.5953862286767));
#9385=CARTESIAN_POINT('',(-104.06991980755,20.5721588119451,-14.5953862286767));
#9386=CARTESIAN_POINT('',(-104.06991980755,8.62697444189481,-14.5739609457319));
#9387=CARTESIAN_POINT('',(-103.56991980755,20.5721588119451,-14.5953862286767));
#9388=CARTESIAN_POINT('',(-104.06991980755,20.5721588119451,-14.5953862286767));
#9389=CARTESIAN_POINT('',(-103.56991980755,20.5721588119451,-14.5953862286767));
#9390=CARTESIAN_POINT('Origin',(-104.06991980755,20.5775397040272,-11.5953909351377));
#9391=CARTESIAN_POINT('',(-104.06991980755,20.5775397040272,-11.5953909351377));
#9392=CARTESIAN_POINT('',(-104.06991980755,20.5839542220639,-8.01912075051362));
#9393=CARTESIAN_POINT('',(-103.56991980755,20.5775397040272,-11.5953909351377));
#9394=CARTESIAN_POINT('',(-104.06991980755,20.5775397040272,-11.5953909351377));
#9395=CARTESIAN_POINT('',(-103.56991980755,20.5775397040272,-11.5953909351377));
#9396=CARTESIAN_POINT('Origin',(-104.06991980755,20.974537701857,-11.5961030040492));
#9397=CARTESIAN_POINT('',(-104.06991980755,8.83085433289186,-11.5743216866487));
#9398=CARTESIAN_POINT('',(-103.56991980755,20.974537701857,-11.5961030040492));
#9399=CARTESIAN_POINT('Origin',(-103.56991980755,24.757653219952,-13.1015659635356));
#9400=CARTESIAN_POINT('Origin',(-104.06991980755,28.9425126388285,-11.9644196702084));
#9401=CARTESIAN_POINT('',(-104.06991980755,28.9425126388285,-11.9644196702084));
#9402=CARTESIAN_POINT('',(-104.06991980755,28.9431476279589,-11.6103957698244));
#9403=CARTESIAN_POINT('',(-104.06991980755,28.9492446514303,-8.21113753539234));
#9404=CARTESIAN_POINT('',(-103.56991980755,28.9425126388285,-11.9644196702084));
#9405=CARTESIAN_POINT('',(-104.06991980755,28.9425126388285,-11.9644196702084));
#9406=CARTESIAN_POINT('',(-103.56991980755,28.9431476279589,-11.6103957698244));
#9407=CARTESIAN_POINT('',(-103.56991980755,28.9425126388285,-11.9644196702084));
#9408=CARTESIAN_POINT('',(-104.06991980755,28.9431476279589,-11.6103957698244));
#9409=CARTESIAN_POINT('Origin',(-104.06991980755,27.4650249479731,-11.9617695987785));
#9410=CARTESIAN_POINT('',(-104.06991980755,27.4650249479731,-11.9617695987785));
#9411=CARTESIAN_POINT('',(-104.06991980755,12.0757804613847,-11.9341669342053));
#9412=CARTESIAN_POINT('',(-103.56991980755,27.4650249479731,-11.9617695987785));
#9413=CARTESIAN_POINT('',(-104.06991980755,27.4650249479731,-11.9617695987785));
#9414=CARTESIAN_POINT('',(-103.56991980755,27.4650249479731,-11.9617695987785));
#9415=CARTESIAN_POINT('Origin',(-104.06991980755,27.4602790450212,-14.6077409919335));
#9416=CARTESIAN_POINT('',(-104.06991980755,27.4602790450212,-14.6077409919335));
#9417=CARTESIAN_POINT('',(-104.06991980755,27.469384009099,-9.53147316053996));
#9418=CARTESIAN_POINT('',(-103.56991980755,27.4602790450212,-14.6077409919335));
#9419=CARTESIAN_POINT('',(-104.06991980755,27.4602790450212,-14.6077409919335));
#9420=CARTESIAN_POINT('',(-103.56991980755,27.4602790450212,-14.6077409919335));
#9421=CARTESIAN_POINT('Origin',(-104.06991980755,27.06328115895,-14.6070289232225));
#9422=CARTESIAN_POINT('',(-104.06991980755,27.06328115895,-14.6070289232225));
#9423=CARTESIAN_POINT('',(-104.06991980755,11.8725356153973,-14.5797822930049));
#9424=CARTESIAN_POINT('',(-103.56991980755,27.06328115895,-14.6070289232225));
#9425=CARTESIAN_POINT('',(-104.06991980755,27.06328115895,-14.6070289232225));
#9426=CARTESIAN_POINT('',(-103.56991980755,27.06328115895,-14.6070289232225));
#9427=CARTESIAN_POINT('Origin',(-104.06991980755,27.0686620510322,-11.6070336296835));
#9428=CARTESIAN_POINT('',(-104.06991980755,27.0686620510322,-11.6070336296835));
#9429=CARTESIAN_POINT('',(-104.06991980755,27.0750765690689,-8.03076344505942));
#9430=CARTESIAN_POINT('',(-103.56991980755,27.0686620510322,-11.6070336296835));
#9431=CARTESIAN_POINT('',(-104.06991980755,27.0686620510322,-11.6070336296835));
#9432=CARTESIAN_POINT('',(-103.56991980755,27.0686620510322,-11.6070336296835));
#9433=CARTESIAN_POINT('Origin',(-104.06991980755,28.9431476279589,-11.6103957698244));
#9434=CARTESIAN_POINT('',(-104.06991980755,12.8151592959428,-11.5814680695363));
#9435=CARTESIAN_POINT('',(-103.56991980755,28.9431476279589,-11.6103957698244));
#9436=CARTESIAN_POINT('Origin',(-103.56991980755,24.757653219952,-13.1015659635356));
#9437=CARTESIAN_POINT('Origin',(-104.06991980755,15.3097636445541,-17.5720875945465));
#9438=CARTESIAN_POINT('',(-104.06991980755,15.3097636445541,-17.5720875945465));
#9439=CARTESIAN_POINT('',(-104.06991980755,15.3097636445541,-15.214652368106));
#9440=CARTESIAN_POINT('',(-104.06991980755,15.3097636445541,-10.9860437972732));
#9441=CARTESIAN_POINT('',(-103.56991980755,15.3097636445541,-17.5720875945465));
#9442=CARTESIAN_POINT('',(-104.06991980755,15.3097636445541,-17.5720875945465));
#9443=CARTESIAN_POINT('',(-103.56991980755,15.3097636445541,-15.214652368106));
#9444=CARTESIAN_POINT('',(-103.56991980755,15.3097636445541,-17.5720875945465));
#9445=CARTESIAN_POINT('',(-104.06991980755,15.3097636445541,-15.214652368106));
#9446=CARTESIAN_POINT('Origin',(-104.06991980755,16.8854797824402,-15.214652368106));
#9447=CARTESIAN_POINT('',(-104.06991980755,16.8854797824402,-15.214652368106));
#9448=CARTESIAN_POINT('',(-104.06991980755,16.2670069096412,-16.1399521107933));
#9449=CARTESIAN_POINT('',(-103.56991980755,16.8854797824402,-15.214652368106));
#9450=CARTESIAN_POINT('',(-104.06991980755,16.8854797824402,-15.214652368106));
#9451=CARTESIAN_POINT('',(-103.56991980755,16.8854797824402,-15.214652368106));
#9452=CARTESIAN_POINT('Origin',(-104.06991980755,17.2927106364746,-15.214652368106));
#9453=CARTESIAN_POINT('',(-104.06991980755,17.2927106364746,-15.214652368106));
#9454=CARTESIAN_POINT('',(-104.06991980755,6.9963553182373,-15.214652368106));
#9455=CARTESIAN_POINT('',(-103.56991980755,17.2927106364746,-15.214652368106));
#9456=CARTESIAN_POINT('',(-104.06991980755,17.2927106364746,-15.214652368106));
#9457=CARTESIAN_POINT('',(-103.56991980755,17.2927106364746,-15.214652368106));
#9458=CARTESIAN_POINT('Origin',(-104.06991980755,17.2927106364746,-18.2146524873153));
#9459=CARTESIAN_POINT('',(-104.06991980755,17.2927106364746,-18.2146524873153));
#9460=CARTESIAN_POINT('',(-104.06991980755,17.2927106364746,-11.3073262436577));
#9461=CARTESIAN_POINT('',(-103.56991980755,17.2927106364746,-18.2146524873153));
#9462=CARTESIAN_POINT('',(-104.06991980755,17.2927106364746,-18.2146524873153));
#9463=CARTESIAN_POINT('',(-103.56991980755,17.2927106364746,-18.2146524873153));
#9464=CARTESIAN_POINT('Origin',(-104.06991980755,16.9120831235428,-18.2146524873153));
#9465=CARTESIAN_POINT('',(-104.06991980755,16.9120831235428,-18.2146524873153));
#9466=CARTESIAN_POINT('',(-104.06991980755,6.80604156177139,-18.2146524873153));
#9467=CARTESIAN_POINT('',(-103.56991980755,16.9120831235428,-18.2146524873153));
#9468=CARTESIAN_POINT('',(-104.06991980755,16.9120831235428,-18.2146524873153));
#9469=CARTESIAN_POINT('',(-103.56991980755,16.9120831235428,-18.2146524873153));
#9470=CARTESIAN_POINT('Origin',(-104.06991980755,16.9120831235428,-15.85926348833));
#9471=CARTESIAN_POINT('',(-104.06991980755,16.9120831235428,-15.85926348833));
#9472=CARTESIAN_POINT('',(-104.06991980755,16.9120831235428,-10.129631744165));
#9473=CARTESIAN_POINT('',(-103.56991980755,16.9120831235428,-15.85926348833));
#9474=CARTESIAN_POINT('',(-104.06991980755,16.9120831235428,-15.85926348833));
#9475=CARTESIAN_POINT('',(-103.56991980755,16.9120831235428,-15.85926348833));
#9476=CARTESIAN_POINT('Origin',(-104.06991980755,15.3363663896103,-18.2146524873153));
#9477=CARTESIAN_POINT('',(-104.06991980755,15.3363663896103,-18.2146524873153));
#9478=CARTESIAN_POINT('',(-104.06991980755,15.647678712766,-17.7493013201803));
#9479=CARTESIAN_POINT('',(-103.56991980755,15.3363663896103,-18.2146524873153));
#9480=CARTESIAN_POINT('',(-104.06991980755,15.3363663896103,-18.2146524873153));
#9481=CARTESIAN_POINT('',(-103.56991980755,15.3363663896103,-18.2146524873153));
#9482=CARTESIAN_POINT('Origin',(-104.06991980755,14.9291361316223,-18.2146524873153));
#9483=CARTESIAN_POINT('',(-104.06991980755,14.9291361316223,-18.2146524873153));
#9484=CARTESIAN_POINT('',(-104.06991980755,5.81456806581115,-18.2146524873153));
#9485=CARTESIAN_POINT('',(-103.56991980755,14.9291361316223,-18.2146524873153));
#9486=CARTESIAN_POINT('',(-104.06991980755,14.9291361316223,-18.2146524873153));
#9487=CARTESIAN_POINT('',(-103.56991980755,14.9291361316223,-18.2146524873153));
#9488=CARTESIAN_POINT('Origin',(-104.06991980755,14.9291361316223,-15.214652368106));
#9489=CARTESIAN_POINT('',(-104.06991980755,14.9291361316223,-15.214652368106));
#9490=CARTESIAN_POINT('',(-104.06991980755,14.9291361316223,-9.80732618405301));
#9491=CARTESIAN_POINT('',(-103.56991980755,14.9291361316223,-15.214652368106));
#9492=CARTESIAN_POINT('',(-104.06991980755,14.9291361316223,-15.214652368106));
#9493=CARTESIAN_POINT('',(-103.56991980755,14.9291361316223,-15.214652368106));
#9494=CARTESIAN_POINT('Origin',(-104.06991980755,15.3097636445541,-15.214652368106));
#9495=CARTESIAN_POINT('',(-104.06991980755,6.00488182227706,-15.214652368106));
#9496=CARTESIAN_POINT('',(-103.56991980755,15.3097636445541,-15.214652368106));
#9497=CARTESIAN_POINT('Origin',(-103.56991980755,13.1446886721183,-16.7146524277107));
#9498=CARTESIAN_POINT('Ctrl Pts',(-104.06991980755,10.3738836391945,-15.5031924929992));
#9499=CARTESIAN_POINT('Ctrl Pts',(-103.56991980755,10.3738836391945,-15.5031924929992));
#9500=CARTESIAN_POINT('Ctrl Pts',(-104.06991980755,10.707444493391,-15.5031924929992));
#9501=CARTESIAN_POINT('Ctrl Pts',(-103.56991980755,10.707444493391,-15.5031924929992));
#9502=CARTESIAN_POINT('Ctrl Pts',(-104.06991980755,10.9386859282036,-15.6955527749435));
#9503=CARTESIAN_POINT('Ctrl Pts',(-103.56991980755,10.9386859282036,-15.6955527749435));
#9504=CARTESIAN_POINT('',(-104.06991980755,10.3738836391945,-15.5031924929992));
#9505=CARTESIAN_POINT('',(-104.06991980755,10.9386859282036,-15.6955527749435));
#9506=CARTESIAN_POINT('Ctrl Pts',(-104.06991980755,10.3738836391945,-15.5031924929992));
#9507=CARTESIAN_POINT('Ctrl Pts',(-104.06991980755,10.707444493391,-15.5031924929992));
#9508=CARTESIAN_POINT('Ctrl Pts',(-104.06991980755,10.9386859282036,-15.6955527749435));
#9509=CARTESIAN_POINT('',(-103.56991980755,10.3738836391945,-15.5031924929992));
#9510=CARTESIAN_POINT('',(-104.06991980755,10.3738836391945,-15.5031924929992));
#9511=CARTESIAN_POINT('',(-103.56991980755,10.9386859282036,-15.6955527749435));
#9512=CARTESIAN_POINT('Ctrl Pts',(-103.56991980755,10.3738836391945,-15.5031924929992));
#9513=CARTESIAN_POINT('Ctrl Pts',(-103.56991980755,10.707444493391,-15.5031924929992));
#9514=CARTESIAN_POINT('Ctrl Pts',(-103.56991980755,10.9386859282036,-15.6955527749435));
#9515=CARTESIAN_POINT('',(-104.06991980755,10.9386859282036,-15.6955527749435));
#9516=CARTESIAN_POINT('Ctrl Pts',(-104.06991980755,9.86433381281088,-15.6443932142631));
#9517=CARTESIAN_POINT('Ctrl Pts',(-103.56991980755,9.86433381281088,-15.6443932142631));
#9518=CARTESIAN_POINT('Ctrl Pts',(-104.06991980755,10.0996681495685,-15.5031924929992));
#9519=CARTESIAN_POINT('Ctrl Pts',(-103.56991980755,10.0996681495685,-15.5031924929992));
#9520=CARTESIAN_POINT('Ctrl Pts',(-104.06991980755,10.3738836391945,-15.5031924929992));
#9521=CARTESIAN_POINT('Ctrl Pts',(-103.56991980755,10.3738836391945,-15.5031924929992));
#9522=CARTESIAN_POINT('',(-104.06991980755,9.86433381281088,-15.6443932142631));
#9523=CARTESIAN_POINT('Ctrl Pts',(-104.06991980755,9.86433381281088,-15.6443932142631));
#9524=CARTESIAN_POINT('Ctrl Pts',(-104.06991980755,10.0996681495685,-15.5031924929992));
#9525=CARTESIAN_POINT('Ctrl Pts',(-104.06991980755,10.3738836391945,-15.5031924929992));
#9526=CARTESIAN_POINT('',(-103.56991980755,9.86433381281088,-15.6443932142631));
#9527=CARTESIAN_POINT('',(-104.06991980755,9.86433381281088,-15.6443932142631));
#9528=CARTESIAN_POINT('Ctrl Pts',(-103.56991980755,9.86433381281088,-15.6443932142631));
#9529=CARTESIAN_POINT('Ctrl Pts',(-103.56991980755,10.0996681495685,-15.5031924929992));
#9530=CARTESIAN_POINT('Ctrl Pts',(-103.56991980755,10.3738836391945,-15.5031924929992));
#9531=CARTESIAN_POINT('Ctrl Pts',(-104.06991980755,9.51747166059206,-16.0710644212142));
#9532=CARTESIAN_POINT('Ctrl Pts',(-103.56991980755,9.51747166059206,-16.0710644212142));
#9533=CARTESIAN_POINT('Ctrl Pts',(-104.06991980755,9.62899955055903,-15.7855936375038));
#9534=CARTESIAN_POINT('Ctrl Pts',(-103.56991980755,9.62899955055903,-15.7855936375038));
#9535=CARTESIAN_POINT('Ctrl Pts',(-104.06991980755,9.86433381281088,-15.6443932142631));
#9536=CARTESIAN_POINT('Ctrl Pts',(-103.56991980755,9.86433381281088,-15.6443932142631));
#9537=CARTESIAN_POINT('',(-104.06991980755,9.51747166059206,-16.0710644212142));
#9538=CARTESIAN_POINT('Ctrl Pts',(-104.06991980755,9.51747166059206,-16.0710644212142));
#9539=CARTESIAN_POINT('Ctrl Pts',(-104.06991980755,9.62899955055903,-15.7855936375038));
#9540=CARTESIAN_POINT('Ctrl Pts',(-104.06991980755,9.86433381281088,-15.6443932142631));
#9541=CARTESIAN_POINT('',(-103.56991980755,9.51747166059206,-16.0710644212142));
#9542=CARTESIAN_POINT('',(-104.06991980755,9.51747166059206,-16.0710644212142));
#9543=CARTESIAN_POINT('Ctrl Pts',(-103.56991980755,9.51747166059206,-16.0710644212142));
#9544=CARTESIAN_POINT('Ctrl Pts',(-103.56991980755,9.62899955055903,-15.7855936375038));
#9545=CARTESIAN_POINT('Ctrl Pts',(-103.56991980755,9.86433381281088,-15.6443932142631));
#9546=CARTESIAN_POINT('Ctrl Pts',(-104.06991980755,9.40594369611929,-16.7392090943233));
#9547=CARTESIAN_POINT('Ctrl Pts',(-103.56991980755,9.40594369611929,-16.7392090943233));
#9548=CARTESIAN_POINT('Ctrl Pts',(-104.06991980755,9.40594369611929,-16.3565352049247));
#9549=CARTESIAN_POINT('Ctrl Pts',(-103.56991980755,9.40594369611929,-16.3565352049247));
#9550=CARTESIAN_POINT('Ctrl Pts',(-104.06991980755,9.51747166059206,-16.0710644212142));
#9551=CARTESIAN_POINT('Ctrl Pts',(-103.56991980755,9.51747166059206,-16.0710644212142));
#9552=CARTESIAN_POINT('',(-104.06991980755,9.40594369611929,-16.7392090943233));
#9553=CARTESIAN_POINT('Ctrl Pts',(-104.06991980755,9.40594369611929,-16.7392090943233));
#9554=CARTESIAN_POINT('Ctrl Pts',(-104.06991980755,9.40594369611929,-16.3565352049247));
#9555=CARTESIAN_POINT('Ctrl Pts',(-104.06991980755,9.51747166059206,-16.0710644212142));
#9556=CARTESIAN_POINT('',(-103.56991980755,9.40594369611929,-16.7392090943233));
#9557=CARTESIAN_POINT('',(-104.06991980755,9.40594369611929,-16.7392090943233));
#9558=CARTESIAN_POINT('Ctrl Pts',(-103.56991980755,9.40594369611929,-16.7392090943233));
#9559=CARTESIAN_POINT('Ctrl Pts',(-103.56991980755,9.40594369611929,-16.3565352049247));
#9560=CARTESIAN_POINT('Ctrl Pts',(-103.56991980755,9.51747166059206,-16.0710644212142));
#9561=CARTESIAN_POINT('Ctrl Pts',(-104.06991980755,9.50007738611887,-17.3152663793937));
#9562=CARTESIAN_POINT('Ctrl Pts',(-103.56991980755,9.50007738611887,-17.3152663793937));
#9563=CARTESIAN_POINT('Ctrl Pts',(-104.06991980755,9.40594369611929,-17.0359348740951));
#9564=CARTESIAN_POINT('Ctrl Pts',(-103.56991980755,9.40594369611929,-17.0359348740951));
#9565=CARTESIAN_POINT('Ctrl Pts',(-104.06991980755,9.40594369611929,-16.7392090943233));
#9566=CARTESIAN_POINT('Ctrl Pts',(-103.56991980755,9.40594369611929,-16.7392090943233));
#9567=CARTESIAN_POINT('',(-104.06991980755,9.50007738611887,-17.3152663793937));
#9568=CARTESIAN_POINT('Ctrl Pts',(-104.06991980755,9.50007738611887,-17.3152663793937));
#9569=CARTESIAN_POINT('Ctrl Pts',(-104.06991980755,9.40594369611929,-17.0359348740951));
#9570=CARTESIAN_POINT('Ctrl Pts',(-104.06991980755,9.40594369611929,-16.7392090943233));
#9571=CARTESIAN_POINT('',(-103.56991980755,9.50007738611887,-17.3152663793937));
#9572=CARTESIAN_POINT('',(-104.06991980755,9.50007738611887,-17.3152663793937));
#9573=CARTESIAN_POINT('Ctrl Pts',(-103.56991980755,9.50007738611887,-17.3152663793937));
#9574=CARTESIAN_POINT('Ctrl Pts',(-103.56991980755,9.40594369611929,-17.0359348740951));
#9575=CARTESIAN_POINT('Ctrl Pts',(-103.56991980755,9.40594369611929,-16.7392090943233));
#9576=CARTESIAN_POINT('Ctrl Pts',(-104.06991980755,9.82647569916437,-17.7603551235572));
#9577=CARTESIAN_POINT('Ctrl Pts',(-103.56991980755,9.82647569916437,-17.7603551235572));
#9578=CARTESIAN_POINT('Ctrl Pts',(-104.06991980755,9.59421107611845,-17.5945978846923));
#9579=CARTESIAN_POINT('Ctrl Pts',(-103.56991980755,9.59421107611845,-17.5945978846923));
#9580=CARTESIAN_POINT('Ctrl Pts',(-104.06991980755,9.50007738611887,-17.3152663793937));
#9581=CARTESIAN_POINT('Ctrl Pts',(-103.56991980755,9.50007738611887,-17.3152663793937));
#9582=CARTESIAN_POINT('',(-104.06991980755,9.82647569916437,-17.7603551235572));
#9583=CARTESIAN_POINT('Ctrl Pts',(-104.06991980755,9.82647569916437,-17.7603551235572));
#9584=CARTESIAN_POINT('Ctrl Pts',(-104.06991980755,9.59421107611845,-17.5945978846923));
#9585=CARTESIAN_POINT('Ctrl Pts',(-104.06991980755,9.50007738611887,-17.3152663793937));
#9586=CARTESIAN_POINT('',(-103.56991980755,9.82647569916437,-17.7603551235572));
#9587=CARTESIAN_POINT('',(-104.06991980755,9.82647569916437,-17.7603551235572));
#9588=CARTESIAN_POINT('Ctrl Pts',(-103.56991980755,9.82647569916437,-17.7603551235572));
#9589=CARTESIAN_POINT('Ctrl Pts',(-103.56991980755,9.59421107611845,-17.5945978846923));
#9590=CARTESIAN_POINT('Ctrl Pts',(-103.56991980755,9.50007738611887,-17.3152663793937));
#9591=CARTESIAN_POINT('Ctrl Pts',(-104.06991980755,10.4045794352074,-17.9261123624221));
#9592=CARTESIAN_POINT('Ctrl Pts',(-103.56991980755,10.4045794352074,-17.9261123624221));
#9593=CARTESIAN_POINT('Ctrl Pts',(-104.06991980755,10.0587404712219,-17.9261123624221));
#9594=CARTESIAN_POINT('Ctrl Pts',(-103.56991980755,10.0587404712219,-17.9261123624221));
#9595=CARTESIAN_POINT('Ctrl Pts',(-104.06991980755,9.82647569916437,-17.7603551235572));
#9596=CARTESIAN_POINT('Ctrl Pts',(-103.56991980755,9.82647569916437,-17.7603551235572));
#9597=CARTESIAN_POINT('',(-104.06991980755,10.4045794352074,-17.9261123624221));
#9598=CARTESIAN_POINT('Ctrl Pts',(-104.06991980755,10.4045794352074,-17.9261123624221));
#9599=CARTESIAN_POINT('Ctrl Pts',(-104.06991980755,10.0587404712219,-17.9261123624221));
#9600=CARTESIAN_POINT('Ctrl Pts',(-104.06991980755,9.82647569916437,-17.7603551235572));
#9601=CARTESIAN_POINT('',(-103.56991980755,10.4045794352074,-17.9261123624221));
#9602=CARTESIAN_POINT('',(-104.06991980755,10.4045794352074,-17.9261123624221));
#9603=CARTESIAN_POINT('Ctrl Pts',(-103.56991980755,10.4045794352074,-17.9261123624221));
#9604=CARTESIAN_POINT('Ctrl Pts',(-103.56991980755,10.0587404712219,-17.9261123624221));
#9605=CARTESIAN_POINT('Ctrl Pts',(-103.56991980755,9.82647569916437,-17.7603551235572));
#9606=CARTESIAN_POINT('Ctrl Pts',(-104.06991980755,10.9038973792572,-17.7767261352912));
#9607=CARTESIAN_POINT('Ctrl Pts',(-103.56991980755,10.9038973792572,-17.7767261352912));
#9608=CARTESIAN_POINT('Ctrl Pts',(-104.06991980755,10.7053979679127,-17.9261123624221));
#9609=CARTESIAN_POINT('Ctrl Pts',(-103.56991980755,10.7053979679127,-17.9261123624221));
#9610=CARTESIAN_POINT('Ctrl Pts',(-104.06991980755,10.4045794352074,-17.9261123624221));
#9611=CARTESIAN_POINT('Ctrl Pts',(-103.56991980755,10.4045794352074,-17.9261123624221));
#9612=CARTESIAN_POINT('',(-104.06991980755,10.9038973792572,-17.7767261352912));
#9613=CARTESIAN_POINT('Ctrl Pts',(-104.06991980755,10.9038973792572,-17.7767261352912));
#9614=CARTESIAN_POINT('Ctrl Pts',(-104.06991980755,10.7053979679127,-17.9261123624221));
#9615=CARTESIAN_POINT('Ctrl Pts',(-104.06991980755,10.4045794352074,-17.9261123624221));
#9616=CARTESIAN_POINT('',(-103.56991980755,10.9038973792572,-17.7767261352912));
#9617=CARTESIAN_POINT('',(-104.06991980755,10.9038973792572,-17.7767261352912));
#9618=CARTESIAN_POINT('Ctrl Pts',(-103.56991980755,10.9038973792572,-17.7767261352912));
#9619=CARTESIAN_POINT('Ctrl Pts',(-103.56991980755,10.7053979679127,-17.9261123624221));
#9620=CARTESIAN_POINT('Ctrl Pts',(-103.56991980755,10.4045794352074,-17.9261123624221));
#9621=CARTESIAN_POINT('Ctrl Pts',(-104.06991980755,11.2067622884292,-17.2999184813873));
#9622=CARTESIAN_POINT('Ctrl Pts',(-103.56991980755,11.2067622884292,-17.2999184813873));
#9623=CARTESIAN_POINT('Ctrl Pts',(-104.06991980755,11.1023966415901,-17.627340057172));
#9624=CARTESIAN_POINT('Ctrl Pts',(-103.56991980755,11.1023966415901,-17.627340057172));
#9625=CARTESIAN_POINT('Ctrl Pts',(-104.06991980755,10.9038973792572,-17.7767261352912));
#9626=CARTESIAN_POINT('Ctrl Pts',(-103.56991980755,10.9038973792572,-17.7767261352912));
#9627=CARTESIAN_POINT('',(-104.06991980755,11.2067622884292,-17.2999184813873));
#9628=CARTESIAN_POINT('Ctrl Pts',(-104.06991980755,11.2067622884292,-17.2999184813873));
#9629=CARTESIAN_POINT('Ctrl Pts',(-104.06991980755,11.1023966415901,-17.627340057172));
#9630=CARTESIAN_POINT('Ctrl Pts',(-104.06991980755,10.9038973792572,-17.7767261352912));
#9631=CARTESIAN_POINT('',(-103.56991980755,11.2067622884292,-17.2999184813873));
#9632=CARTESIAN_POINT('',(-104.06991980755,11.2067622884292,-17.2999184813873));
#9633=CARTESIAN_POINT('Ctrl Pts',(-103.56991980755,11.2067622884292,-17.2999184813873));
#9634=CARTESIAN_POINT('Ctrl Pts',(-103.56991980755,11.1023966415901,-17.627340057172));
#9635=CARTESIAN_POINT('Ctrl Pts',(-103.56991980755,10.9038973792572,-17.7767261352912));
#9636=CARTESIAN_POINT('Origin',(-104.06991980755,11.5976218327064,-17.3920058694259));
#9637=CARTESIAN_POINT('',(-104.06991980755,11.5976218327064,-17.3920058694259));
#9638=CARTESIAN_POINT('',(-104.06991980755,3.09055201524198,-15.3877210801129));
#9639=CARTESIAN_POINT('',(-103.56991980755,11.5976218327064,-17.3920058694259));
#9640=CARTESIAN_POINT('',(-104.06991980755,11.5976218327064,-17.3920058694259));
#9641=CARTESIAN_POINT('',(-103.56991980755,11.5976218327064,-17.3920058694259));
#9642=CARTESIAN_POINT('Ctrl Pts',(-104.06991980755,11.1699273630161,-18.0366169896499));
#9643=CARTESIAN_POINT('Ctrl Pts',(-103.56991980755,11.1699273630161,-18.0366169896499));
#9644=CARTESIAN_POINT('Ctrl Pts',(-104.06991980755,11.4768848761101,-17.8074219313041));
#9645=CARTESIAN_POINT('Ctrl Pts',(-103.56991980755,11.4768848761101,-17.8074219313041));
#9646=CARTESIAN_POINT('Ctrl Pts',(-104.06991980755,11.5976218327064,-17.3920058694259));
#9647=CARTESIAN_POINT('Ctrl Pts',(-103.56991980755,11.5976218327064,-17.3920058694259));
#9648=CARTESIAN_POINT('',(-104.06991980755,11.1699273630161,-18.0366169896499));
#9649=CARTESIAN_POINT('Ctrl Pts',(-104.06991980755,11.1699273630161,-18.0366169896499));
#9650=CARTESIAN_POINT('Ctrl Pts',(-104.06991980755,11.4768848761101,-17.8074219313041));
#9651=CARTESIAN_POINT('Ctrl Pts',(-104.06991980755,11.5976218327064,-17.3920058694259));
#9652=CARTESIAN_POINT('',(-103.56991980755,11.1699273630161,-18.0366169896499));
#9653=CARTESIAN_POINT('',(-104.06991980755,11.1699273630161,-18.0366169896499));
#9654=CARTESIAN_POINT('Ctrl Pts',(-103.56991980755,11.1699273630161,-18.0366169896499));
#9655=CARTESIAN_POINT('Ctrl Pts',(-103.56991980755,11.4768848761101,-17.8074219313041));
#9656=CARTESIAN_POINT('Ctrl Pts',(-103.56991980755,11.5976218327064,-17.3920058694259));
#9657=CARTESIAN_POINT('Ctrl Pts',(-104.06991980755,10.412765090086,-18.2658120479957));
#9658=CARTESIAN_POINT('Ctrl Pts',(-103.56991980755,10.412765090086,-18.2658120479957));
#9659=CARTESIAN_POINT('Ctrl Pts',(-104.06991980755,10.8629697009106,-18.2658120479957));
#9660=CARTESIAN_POINT('Ctrl Pts',(-103.56991980755,10.8629697009106,-18.2658120479957));
#9661=CARTESIAN_POINT('Ctrl Pts',(-104.06991980755,11.1699273630161,-18.0366169896499));
#9662=CARTESIAN_POINT('Ctrl Pts',(-103.56991980755,11.1699273630161,-18.0366169896499));
#9663=CARTESIAN_POINT('',(-104.06991980755,10.412765090086,-18.2658120479957));
#9664=CARTESIAN_POINT('Ctrl Pts',(-104.06991980755,10.412765090086,-18.2658120479957));
#9665=CARTESIAN_POINT('Ctrl Pts',(-104.06991980755,10.8629697009106,-18.2658120479957));
#9666=CARTESIAN_POINT('Ctrl Pts',(-104.06991980755,11.1699273630161,-18.0366169896499));
#9667=CARTESIAN_POINT('',(-103.56991980755,10.412765090086,-18.2658120479957));
#9668=CARTESIAN_POINT('',(-104.06991980755,10.412765090086,-18.2658120479957));
#9669=CARTESIAN_POINT('Ctrl Pts',(-103.56991980755,10.412765090086,-18.2658120479957));
#9670=CARTESIAN_POINT('Ctrl Pts',(-103.56991980755,10.8629697009106,-18.2658120479957));
#9671=CARTESIAN_POINT('Ctrl Pts',(-103.56991980755,11.1699273630161,-18.0366169896499));
#9672=CARTESIAN_POINT('Ctrl Pts',(-104.06991980755,9.6852751269121,-18.0847069111244));
#9673=CARTESIAN_POINT('Ctrl Pts',(-103.56991980755,9.6852751269121,-18.0847069111244));
#9674=CARTESIAN_POINT('Ctrl Pts',(-104.06991980755,10.0157662673969,-18.2658120479957));
#9675=CARTESIAN_POINT('Ctrl Pts',(-103.56991980755,10.0157662673969,-18.2658120479957));
#9676=CARTESIAN_POINT('Ctrl Pts',(-104.06991980755,10.412765090086,-18.2658120479957));
#9677=CARTESIAN_POINT('Ctrl Pts',(-103.56991980755,10.412765090086,-18.2658120479957));
#9678=CARTESIAN_POINT('',(-104.06991980755,9.6852751269121,-18.0847069111244));
#9679=CARTESIAN_POINT('Ctrl Pts',(-104.06991980755,9.6852751269121,-18.0847069111244));
#9680=CARTESIAN_POINT('Ctrl Pts',(-104.06991980755,10.0157662673969,-18.2658120479957));
#9681=CARTESIAN_POINT('Ctrl Pts',(-104.06991980755,10.412765090086,-18.2658120479957));
#9682=CARTESIAN_POINT('',(-103.56991980755,9.6852751269121,-18.0847069111244));
#9683=CARTESIAN_POINT('',(-104.06991980755,9.6852751269121,-18.0847069111244));
#9684=CARTESIAN_POINT('Ctrl Pts',(-103.56991980755,9.6852751269121,-18.0847069111244));
#9685=CARTESIAN_POINT('Ctrl Pts',(-103.56991980755,10.0157662673969,-18.2658120479957));
#9686=CARTESIAN_POINT('Ctrl Pts',(-103.56991980755,10.412765090086,-18.2658120479957));
#9687=CARTESIAN_POINT('Ctrl Pts',(-104.06991980755,9.17572537503432,-17.5546934690849));
#9688=CARTESIAN_POINT('Ctrl Pts',(-103.56991980755,9.17572537503432,-17.5546934690849));
#9689=CARTESIAN_POINT('Ctrl Pts',(-104.06991980755,9.3547840609331,-17.9036020722763));
#9690=CARTESIAN_POINT('Ctrl Pts',(-103.56991980755,9.3547840609331,-17.9036020722763));
#9691=CARTESIAN_POINT('Ctrl Pts',(-104.06991980755,9.6852751269121,-18.0847069111244));
#9692=CARTESIAN_POINT('Ctrl Pts',(-103.56991980755,9.6852751269121,-18.0847069111244));
#9693=CARTESIAN_POINT('',(-104.06991980755,9.17572537503432,-17.5546934690849));
#9694=CARTESIAN_POINT('Ctrl Pts',(-104.06991980755,9.17572537503432,-17.5546934690849));
#9695=CARTESIAN_POINT('Ctrl Pts',(-104.06991980755,9.3547840609331,-17.9036020722763));
#9696=CARTESIAN_POINT('Ctrl Pts',(-104.06991980755,9.6852751269121,-18.0847069111244));
#9697=CARTESIAN_POINT('',(-103.56991980755,9.17572537503432,-17.5546934690849));
#9698=CARTESIAN_POINT('',(-104.06991980755,9.17572537503432,-17.5546934690849));
#9699=CARTESIAN_POINT('Ctrl Pts',(-103.56991980755,9.17572537503432,-17.5546934690849));
#9700=CARTESIAN_POINT('Ctrl Pts',(-103.56991980755,9.3547840609331,-17.9036020722763));
#9701=CARTESIAN_POINT('Ctrl Pts',(-103.56991980755,9.6852751269121,-18.0847069111244));
#9702=CARTESIAN_POINT('Ctrl Pts',(-104.06991980755,8.99666670776199,-16.7371627178565));
#9703=CARTESIAN_POINT('Ctrl Pts',(-103.56991980755,8.99666670776199,-16.7371627178565));
#9704=CARTESIAN_POINT('Ctrl Pts',(-104.06991980755,8.99666670776199,-17.2057848658935));
#9705=CARTESIAN_POINT('Ctrl Pts',(-103.56991980755,8.99666670776199,-17.2057848658935));
#9706=CARTESIAN_POINT('Ctrl Pts',(-104.06991980755,9.17572537503432,-17.5546934690849));
#9707=CARTESIAN_POINT('Ctrl Pts',(-103.56991980755,9.17572537503432,-17.5546934690849));
#9708=CARTESIAN_POINT('',(-104.06991980755,8.99666670776199,-16.7371627178565));
#9709=CARTESIAN_POINT('Ctrl Pts',(-104.06991980755,8.99666670776199,-16.7371627178565));
#9710=CARTESIAN_POINT('Ctrl Pts',(-104.06991980755,8.99666670776199,-17.2057848658935));
#9711=CARTESIAN_POINT('Ctrl Pts',(-104.06991980755,9.17572537503432,-17.5546934690849));
#9712=CARTESIAN_POINT('',(-103.56991980755,8.99666670776199,-16.7371627178565));
#9713=CARTESIAN_POINT('',(-104.06991980755,8.99666670776199,-16.7371627178565));
#9714=CARTESIAN_POINT('Ctrl Pts',(-103.56991980755,8.99666670776199,-16.7371627178565));
#9715=CARTESIAN_POINT('Ctrl Pts',(-103.56991980755,8.99666670776199,-17.2057848658935));
#9716=CARTESIAN_POINT('Ctrl Pts',(-103.56991980755,9.17572537503432,-17.5546934690849));
#9717=CARTESIAN_POINT('Ctrl Pts',(-104.06991980755,9.155261535861,-15.9329333391563));
#9718=CARTESIAN_POINT('Ctrl Pts',(-103.56991980755,9.155261535861,-15.9329333391563));
#9719=CARTESIAN_POINT('Ctrl Pts',(-104.06991980755,8.99666670776199,-16.3074218716995));
#9720=CARTESIAN_POINT('Ctrl Pts',(-103.56991980755,8.99666670776199,-16.3074218716995));
#9721=CARTESIAN_POINT('Ctrl Pts',(-104.06991980755,8.99666670776199,-16.7371627178565));
#9722=CARTESIAN_POINT('Ctrl Pts',(-103.56991980755,8.99666670776199,-16.7371627178565));
#9723=CARTESIAN_POINT('',(-104.06991980755,9.155261535861,-15.9329333391563));
#9724=CARTESIAN_POINT('Ctrl Pts',(-104.06991980755,9.155261535861,-15.9329333391563));
#9725=CARTESIAN_POINT('Ctrl Pts',(-104.06991980755,8.99666670776199,-16.3074218716995));
#9726=CARTESIAN_POINT('Ctrl Pts',(-104.06991980755,8.99666670776199,-16.7371627178565));
#9727=CARTESIAN_POINT('',(-103.56991980755,9.155261535861,-15.9329333391563));
#9728=CARTESIAN_POINT('',(-104.06991980755,9.155261535861,-15.9329333391563));
#9729=CARTESIAN_POINT('Ctrl Pts',(-103.56991980755,9.155261535861,-15.9329333391563));
#9730=CARTESIAN_POINT('Ctrl Pts',(-103.56991980755,8.99666670776199,-16.3074218716995));
#9731=CARTESIAN_POINT('Ctrl Pts',(-103.56991980755,8.99666670776199,-16.7371627178565));
#9732=CARTESIAN_POINT('Ctrl Pts',(-104.06991980755,9.6177444799919,-15.360968956031));
#9733=CARTESIAN_POINT('Ctrl Pts',(-103.56991980755,9.6177444799919,-15.360968956031));
#9734=CARTESIAN_POINT('Ctrl Pts',(-104.06991980755,9.31385638258646,-15.5584451046363));
#9735=CARTESIAN_POINT('Ctrl Pts',(-103.56991980755,9.31385638258646,-15.5584451046363));
#9736=CARTESIAN_POINT('Ctrl Pts',(-104.06991980755,9.155261535861,-15.9329333391563));
#9737=CARTESIAN_POINT('Ctrl Pts',(-103.56991980755,9.155261535861,-15.9329333391563));
#9738=CARTESIAN_POINT('',(-104.06991980755,9.6177444799919,-15.360968956031));
#9739=CARTESIAN_POINT('Ctrl Pts',(-104.06991980755,9.6177444799919,-15.360968956031));
#9740=CARTESIAN_POINT('Ctrl Pts',(-104.06991980755,9.31385638258646,-15.5584451046363));
#9741=CARTESIAN_POINT('Ctrl Pts',(-104.06991980755,9.155261535861,-15.9329333391563));
#9742=CARTESIAN_POINT('',(-103.56991980755,9.6177444799919,-15.360968956031));
#9743=CARTESIAN_POINT('',(-104.06991980755,9.6177444799919,-15.360968956031));
#9744=CARTESIAN_POINT('Ctrl Pts',(-103.56991980755,9.6177444799919,-15.360968956031));
#9745=CARTESIAN_POINT('Ctrl Pts',(-103.56991980755,9.31385638258646,-15.5584451046363));
#9746=CARTESIAN_POINT('Ctrl Pts',(-103.56991980755,9.155261535861,-15.9329333391563));
#9747=CARTESIAN_POINT('Ctrl Pts',(-104.06991980755,10.4066258116741,-15.1634928074256));
#9748=CARTESIAN_POINT('Ctrl Pts',(-103.56991980755,10.4066258116741,-15.1634928074256));
#9749=CARTESIAN_POINT('Ctrl Pts',(-104.06991980755,9.92163257739733,-15.1634928074256));
#9750=CARTESIAN_POINT('Ctrl Pts',(-103.56991980755,9.92163257739733,-15.1634928074256));
#9751=CARTESIAN_POINT('Ctrl Pts',(-104.06991980755,9.6177444799919,-15.360968956031));
#9752=CARTESIAN_POINT('Ctrl Pts',(-103.56991980755,9.6177444799919,-15.360968956031));
#9753=CARTESIAN_POINT('',(-104.06991980755,10.4066258116741,-15.1634928074256));
#9754=CARTESIAN_POINT('Ctrl Pts',(-104.06991980755,10.4066258116741,-15.1634928074256));
#9755=CARTESIAN_POINT('Ctrl Pts',(-104.06991980755,9.92163257739733,-15.1634928074256));
#9756=CARTESIAN_POINT('Ctrl Pts',(-104.06991980755,9.6177444799919,-15.360968956031));
#9757=CARTESIAN_POINT('',(-103.56991980755,10.4066258116741,-15.1634928074256));
#9758=CARTESIAN_POINT('',(-104.06991980755,10.4066258116741,-15.1634928074256));
#9759=CARTESIAN_POINT('Ctrl Pts',(-103.56991980755,10.4066258116741,-15.1634928074256));
#9760=CARTESIAN_POINT('Ctrl Pts',(-103.56991980755,9.92163257739733,-15.1634928074256));
#9761=CARTESIAN_POINT('Ctrl Pts',(-103.56991980755,9.6177444799919,-15.360968956031));
#9762=CARTESIAN_POINT('Ctrl Pts',(-104.06991980755,11.1995998962898,-15.4203140225784));
#9763=CARTESIAN_POINT('Ctrl Pts',(-103.56991980755,11.1995998962898,-15.4203140225784));
#9764=CARTESIAN_POINT('Ctrl Pts',(-104.06991980755,10.8752479597111,-15.1634928074256));
#9765=CARTESIAN_POINT('Ctrl Pts',(-103.56991980755,10.8752479597111,-15.1634928074256));
#9766=CARTESIAN_POINT('Ctrl Pts',(-104.06991980755,10.4066258116741,-15.1634928074256));
#9767=CARTESIAN_POINT('Ctrl Pts',(-103.56991980755,10.4066258116741,-15.1634928074256));
#9768=CARTESIAN_POINT('',(-104.06991980755,11.1995998962898,-15.4203140225784));
#9769=CARTESIAN_POINT('Ctrl Pts',(-104.06991980755,11.1995998962898,-15.4203140225784));
#9770=CARTESIAN_POINT('Ctrl Pts',(-104.06991980755,10.8752479597111,-15.1634928074256));
#9771=CARTESIAN_POINT('Ctrl Pts',(-104.06991980755,10.4066258116741,-15.1634928074256));
#9772=CARTESIAN_POINT('',(-103.56991980755,11.1995998962898,-15.4203140225784));
#9773=CARTESIAN_POINT('',(-104.06991980755,11.1995998962898,-15.4203140225784));
#9774=CARTESIAN_POINT('Ctrl Pts',(-103.56991980755,11.1995998962898,-15.4203140225784));
#9775=CARTESIAN_POINT('Ctrl Pts',(-103.56991980755,10.8752479597111,-15.1634928074256));
#9776=CARTESIAN_POINT('Ctrl Pts',(-103.56991980755,10.4066258116741,-15.1634928074256));
#9777=CARTESIAN_POINT('Ctrl Pts',(-104.06991980755,11.6487813933868,-16.1662211504356));
#9778=CARTESIAN_POINT('Ctrl Pts',(-103.56991980755,11.6487813933868,-16.1662211504356));
#9779=CARTESIAN_POINT('Ctrl Pts',(-104.06991980755,11.5239519818802,-15.6771352377311));
#9780=CARTESIAN_POINT('Ctrl Pts',(-103.56991980755,11.5239519818802,-15.6771352377311));
#9781=CARTESIAN_POINT('Ctrl Pts',(-104.06991980755,11.1995998962898,-15.4203140225784));
#9782=CARTESIAN_POINT('Ctrl Pts',(-103.56991980755,11.1995998962898,-15.4203140225784));
#9783=CARTESIAN_POINT('',(-104.06991980755,11.6487813933868,-16.1662211504356));
#9784=CARTESIAN_POINT('Ctrl Pts',(-104.06991980755,11.6487813933868,-16.1662211504356));
#9785=CARTESIAN_POINT('Ctrl Pts',(-104.06991980755,11.5239519818802,-15.6771352377311));
#9786=CARTESIAN_POINT('Ctrl Pts',(-104.06991980755,11.1995998962898,-15.4203140225784));
#9787=CARTESIAN_POINT('',(-103.56991980755,11.6487813933868,-16.1662211504356));
#9788=CARTESIAN_POINT('',(-104.06991980755,11.6487813933868,-16.1662211504356));
#9789=CARTESIAN_POINT('Ctrl Pts',(-103.56991980755,11.6487813933868,-16.1662211504356));
#9790=CARTESIAN_POINT('Ctrl Pts',(-103.56991980755,11.5239519818802,-15.6771352377311));
#9791=CARTESIAN_POINT('Ctrl Pts',(-103.56991980755,11.1995998962898,-15.4203140225784));
#9792=CARTESIAN_POINT('Origin',(-104.06991980755,11.2517827197094,-16.2664940443412));
#9793=CARTESIAN_POINT('',(-104.06991980755,11.2517827197094,-16.2664940443412));
#9794=CARTESIAN_POINT('',(-104.06991980755,5.82095688712963,-17.6381979280996));
#9795=CARTESIAN_POINT('',(-103.56991980755,11.2517827197094,-16.2664940443412));
#9796=CARTESIAN_POINT('',(-104.06991980755,11.2517827197094,-16.2664940443412));
#9797=CARTESIAN_POINT('',(-103.56991980755,11.2517827197094,-16.2664940443412));
#9798=CARTESIAN_POINT('Ctrl Pts',(-104.06991980755,10.9386859282036,-15.6955527749435));
#9799=CARTESIAN_POINT('Ctrl Pts',(-103.56991980755,10.9386859282036,-15.6955527749435));
#9800=CARTESIAN_POINT('Ctrl Pts',(-104.06991980755,11.1699273630161,-15.8879127588645));
#9801=CARTESIAN_POINT('Ctrl Pts',(-103.56991980755,11.1699273630161,-15.8879127588645));
#9802=CARTESIAN_POINT('Ctrl Pts',(-104.06991980755,11.2517827197094,-16.2664940443412));
#9803=CARTESIAN_POINT('Ctrl Pts',(-103.56991980755,11.2517827197094,-16.2664940443412));
#9804=CARTESIAN_POINT('Ctrl Pts',(-104.06991980755,10.9386859282036,-15.6955527749435));
#9805=CARTESIAN_POINT('Ctrl Pts',(-104.06991980755,11.1699273630161,-15.8879127588645));
#9806=CARTESIAN_POINT('Ctrl Pts',(-104.06991980755,11.2517827197094,-16.2664940443412));
#9807=CARTESIAN_POINT('Ctrl Pts',(-103.56991980755,10.9386859282036,-15.6955527749435));
#9808=CARTESIAN_POINT('Ctrl Pts',(-103.56991980755,11.1699273630161,-15.8879127588645));
#9809=CARTESIAN_POINT('Ctrl Pts',(-103.56991980755,11.2517827197094,-16.2664940443412));
#9810=CARTESIAN_POINT('Origin',(-103.56991980755,13.1446886721183,-16.7146524277107));
#9811=CARTESIAN_POINT('Origin',(-104.06991980755,-3.3,-4.4));
#9812=CARTESIAN_POINT('Origin',(-103.56991980755,18.32,-10.9));
#9813=CARTESIAN_POINT('',(-103.06991980755,18.8199999999999,-15.9));
#9814=CARTESIAN_POINT('',(-103.06991980755,18.82,-18.9));
#9815=CARTESIAN_POINT('',(-103.06991980755,18.82,-10.9));
#9816=CARTESIAN_POINT('',(-103.56991980755,18.32,-19.4));
#9817=CARTESIAN_POINT('',(-97.7628398155694,24.1270799919812,-13.5929200080188));
#9818=CARTESIAN_POINT('',(-104.06991980755,17.8199999999999,-18.9));
#9819=CARTESIAN_POINT('',(-106.231586474217,15.6583333333332,-16.7383333333334));
#9820=CARTESIAN_POINT('',(-104.06991980755,17.8199999999999,-14.9));
#9821=CARTESIAN_POINT('',(-104.06991980755,17.8199999999999,-10.9));
#9822=CARTESIAN_POINT('',(-104.06991980755,17.8199999999999,-14.9));
#9823=CARTESIAN_POINT('Origin',(-103.56991980755,13.76,-15.4));
#9824=CARTESIAN_POINT('',(-103.06991980755,30.8199999999999,-15.9));
#9825=CARTESIAN_POINT('',(-103.06991980755,13.76,-15.9));
#9826=CARTESIAN_POINT('',(-104.06991980755,31.8199999999999,-14.9));
#9827=CARTESIAN_POINT('',(-104.06991980755,13.76,-14.9));
#9828=CARTESIAN_POINT('',(-104.06991980755,31.8199999999999,-14.9));
#9829=CARTESIAN_POINT('Origin',(-103.56991980755,31.32,-10.9));
#9830=CARTESIAN_POINT('',(-104.06991980755,31.8199999999999,-18.9));
#9831=CARTESIAN_POINT('',(-104.06991980755,31.8199999999999,-10.9));
#9832=CARTESIAN_POINT('',(-103.56991980755,31.32,-19.4));
#9833=CARTESIAN_POINT('',(-101.574919807551,29.3250000000001,-21.3949999999999));
#9834=CARTESIAN_POINT('',(-103.06991980755,30.82,-18.9));
#9835=CARTESIAN_POINT('',(-96.4195131649398,24.1695933573895,-12.2495933573895));
#9836=CARTESIAN_POINT('',(-103.06991980755,30.82,-10.9));
#9837=CARTESIAN_POINT('Origin',(-104.06991980755,18.82,-17.4));
#9838=CARTESIAN_POINT('',(-102.06991980755,18.8199999999999,-15.9));
#9839=CARTESIAN_POINT('',(-104.06991980755,18.8199999999999,-15.9));
#9840=CARTESIAN_POINT('',(-102.06991980755,18.82,-17.4));
#9841=CARTESIAN_POINT('',(-102.06991980755,18.8199999999999,-10.15));
#9842=CARTESIAN_POINT('',(-87.95,18.82,-17.4));
#9843=CARTESIAN_POINT('',(-87.95,18.82,-17.4));
#9844=CARTESIAN_POINT('',(-87.95,18.82,-18.9));
#9845=CARTESIAN_POINT('',(-87.95,18.82,-17.4));
#9846=CARTESIAN_POINT('',(-77.2274398556628,18.82,-18.9));
#9847=CARTESIAN_POINT('Origin',(-104.06991980755,30.8199999999999,-15.9));
#9848=CARTESIAN_POINT('',(-102.06991980755,30.8199999999999,-15.9));
#9849=CARTESIAN_POINT('',(-104.06991980755,30.8199999999999,-15.9));
#9850=CARTESIAN_POINT('',(-102.06991980755,40.81,-15.9));
#9851=CARTESIAN_POINT('Origin',(-87.95,30.82,-17.4));
#9852=CARTESIAN_POINT('',(-87.95,30.82,-18.9));
#9853=CARTESIAN_POINT('',(-69.1674799518876,30.82,-18.9));
#9854=CARTESIAN_POINT('',(-87.95,30.82,-17.4));
#9855=CARTESIAN_POINT('',(-87.95,30.82,-17.4));
#9856=CARTESIAN_POINT('',(-102.06991980755,30.82,-17.4));
#9857=CARTESIAN_POINT('',(-87.95,30.82,-17.4));
#9858=CARTESIAN_POINT('',(-102.06991980755,30.8199999999999,-10.9));
#9859=CARTESIAN_POINT('Origin',(-69.1674799518876,31.32,-19.4));
#9860=CARTESIAN_POINT('',(-103.06991980755,31.82,-19.9));
#9861=CARTESIAN_POINT('',(-103.06991980755,31.82,-19.9));
#9862=CARTESIAN_POINT('',(-86.95,31.82,-19.9));
#9863=CARTESIAN_POINT('',(-69.1674799518876,31.82,-19.9));
#9864=CARTESIAN_POINT('',(-86.95,31.82,-19.9));
#9865=CARTESIAN_POINT('Origin',(-103.56991980755,10.85,-19.4));
#9866=CARTESIAN_POINT('',(-104.06991980755,53.3,-18.9));
#9867=CARTESIAN_POINT('',(-104.06991980755,10.85,-18.9));
#9868=CARTESIAN_POINT('',(-103.06991980755,52.3,-19.9));
#9869=CARTESIAN_POINT('',(-103.06991980755,52.3,-19.9));
#9870=CARTESIAN_POINT('',(-103.06991980755,10.85,-19.9));
#9871=CARTESIAN_POINT('Origin',(-6.99999999999992,5.00000000000003,-19.4));
#9872=CARTESIAN_POINT('',(-11.4999999999999,5.00000000000003,-19.9));
#9873=CARTESIAN_POINT('Origin',(-6.99999999999992,5.00000000000003,-19.9));
#9874=CARTESIAN_POINT('',(-10.4999999999999,5.00000000000003,-18.9));
#9875=CARTESIAN_POINT('',(-10.9999999999999,5.00000000000003,-19.4));
#9876=CARTESIAN_POINT('Origin',(-6.99999999999992,5.00000000000003,-18.9));
#9877=CARTESIAN_POINT('Origin',(-50.3849599037752,25.,-19.9));
#9878=CARTESIAN_POINT('',(-103.06991980755,17.82,-19.9));
#9879=CARTESIAN_POINT('',(-103.06991980755,-2.3,-19.9));
#9880=CARTESIAN_POINT('',(-103.06991980755,10.85,-19.9));
#9881=CARTESIAN_POINT('',(-86.95,17.82,-19.9));
#9882=CARTESIAN_POINT('',(-77.2274398556628,17.82,-19.9));
#9883=CARTESIAN_POINT('',(-86.95,21.91,-19.9));
#9884=CARTESIAN_POINT('',(2.29999999999999,52.3,-19.9));
#9885=CARTESIAN_POINT('',(-77.2274398556628,52.3,-19.9));
#9886=CARTESIAN_POINT('',(2.3,-2.3,-19.9));
#9887=CARTESIAN_POINT('',(2.29999999999999,39.15,-19.9));
#9888=CARTESIAN_POINT('',(-23.5424799518876,-2.3,-19.9));
#9889=CARTESIAN_POINT('',(-11.5,45.64,-19.9));
#9890=CARTESIAN_POINT('Origin',(-7.00000000000001,45.64,-19.9));
#9891=CARTESIAN_POINT('',(-95.3199999999998,45.64,-19.9));
#9892=CARTESIAN_POINT('Origin',(-90.8199999999998,45.64,-19.9));
#9893=CARTESIAN_POINT('',(-95.32,4.99999999999999,-19.9));
#9894=CARTESIAN_POINT('Origin',(-90.82,4.99999999999999,-19.9));
#9895=CARTESIAN_POINT('Origin',(-6.99999999999992,5.00000000000003,-4.4));
#9896=CARTESIAN_POINT('',(-10.4999999999999,5.00000000000003,-5.9));
#9897=CARTESIAN_POINT('',(-10.4999999999999,5.00000000000003,-4.4));
#9898=CARTESIAN_POINT('Origin',(-6.99999999999992,5.00000000000003,-5.9));
#9899=CARTESIAN_POINT('Origin',(-7.00000000000001,45.64,-19.4));
#9900=CARTESIAN_POINT('',(-10.5,45.64,-18.9));
#9901=CARTESIAN_POINT('',(-11.,45.64,-19.4));
#9902=CARTESIAN_POINT('Origin',(-7.00000000000001,45.64,-18.9));
#9903=CARTESIAN_POINT('Origin',(-7.00000000000001,45.64,-4.4));
#9904=CARTESIAN_POINT('',(-10.5,45.64,-5.9));
#9905=CARTESIAN_POINT('',(-10.5,45.64,-4.4));
#9906=CARTESIAN_POINT('Origin',(-7.00000000000001,45.64,-5.9));
#9907=CARTESIAN_POINT('Origin',(-90.82,4.99999999999999,-19.4));
#9908=CARTESIAN_POINT('',(-94.32,4.99999999999999,-18.9));
#9909=CARTESIAN_POINT('',(-94.82,4.99999999999999,-19.4));
#9910=CARTESIAN_POINT('Origin',(-90.82,4.99999999999999,-18.9));
#9911=CARTESIAN_POINT('Origin',(-90.82,4.99999999999999,-4.4));
#9912=CARTESIAN_POINT('',(-94.32,4.99999999999999,-5.9));
#9913=CARTESIAN_POINT('',(-94.32,4.99999999999999,-4.4));
#9914=CARTESIAN_POINT('Origin',(-90.82,4.99999999999999,-5.9));
#9915=CARTESIAN_POINT('Origin',(-90.8199999999998,45.64,-19.4));
#9916=CARTESIAN_POINT('',(-94.3199999999998,45.64,-18.9));
#9917=CARTESIAN_POINT('',(-94.8199999999997,45.64,-19.4));
#9918=CARTESIAN_POINT('Origin',(-90.8199999999998,45.64,-18.9));
#9919=CARTESIAN_POINT('Origin',(-90.8199999999998,45.64,-4.4));
#9920=CARTESIAN_POINT('',(-94.3199999999998,45.64,-5.9));
#9921=CARTESIAN_POINT('',(-94.3199999999998,45.64,-4.4));
#9922=CARTESIAN_POINT('Origin',(-90.8199999999998,45.64,-5.9));
#9923=CARTESIAN_POINT('Origin',(-103.56991980755,10.85,-19.4));
#9924=CARTESIAN_POINT('',(-103.06991980755,17.82,-19.9));
#9925=CARTESIAN_POINT('',(-104.06991980755,-3.3,-18.9));
#9926=CARTESIAN_POINT('',(-103.06991980755,-2.3,-19.9));
#9927=CARTESIAN_POINT('',(-104.06991980755,10.85,-18.9));
#9928=CARTESIAN_POINT('Origin',(-23.5424799518876,-2.8,-19.4));
#9929=CARTESIAN_POINT('',(2.3,-2.3,-19.9));
#9930=CARTESIAN_POINT('',(-23.5424799518876,-3.3,-18.9));
#9931=CARTESIAN_POINT('Origin',(2.79999999999999,39.15,-19.4));
#9932=CARTESIAN_POINT('',(2.29999999999999,52.3,-19.9));
#9933=CARTESIAN_POINT('Origin',(-77.2274398556628,52.8,-19.4));
#9934=CARTESIAN_POINT('',(-77.2274398556628,53.3,-18.9));
#9935=CARTESIAN_POINT('Origin',(-87.45,21.91,-19.4));
#9936=CARTESIAN_POINT('',(-87.95,21.91,-18.9));
#9937=CARTESIAN_POINT('',(-86.95,17.82,-19.9));
#9938=CARTESIAN_POINT('Origin',(-77.2274398556628,18.32,-19.4));
#9939=CARTESIAN_POINT('Origin',(-87.95,18.82,-17.4));
#9940=CARTESIAN_POINT('',(-87.95,18.82,-17.4));
#9941=CARTESIAN_POINT('Origin',(-102.06991980755,50.8,-4.4));
#9942=CARTESIAN_POINT('',(-102.06991980755,50.8,-17.4));
#9943=CARTESIAN_POINT('',(-102.06991980755,50.8,-17.4));
#9944=CARTESIAN_POINT('',(-102.06991980755,50.8,-8.4));
#9945=CARTESIAN_POINT('',(-102.06991980755,50.8,-4.4));
#9946=CARTESIAN_POINT('',(-102.06991980755,40.8,-8.4));
#9947=CARTESIAN_POINT('',(-102.06991980755,50.8,-8.39999999999999));
#9948=CARTESIAN_POINT('',(-102.06991980755,40.8,-4.4));
#9949=CARTESIAN_POINT('',(-102.06991980755,40.8,-4.9));
#9950=CARTESIAN_POINT('',(-102.06991980755,9.2,-4.4));
#9951=CARTESIAN_POINT('',(-102.06991980755,50.8,-4.4));
#9952=CARTESIAN_POINT('',(-102.06991980755,9.2,-8.4));
#9953=CARTESIAN_POINT('',(-102.06991980755,9.2,-4.9));
#9954=CARTESIAN_POINT('',(-102.06991980755,-0.800000000000001,-8.4));
#9955=CARTESIAN_POINT('',(-102.06991980755,25.,-8.39999999999999));
#9956=CARTESIAN_POINT('',(-102.06991980755,-0.800000000000001,-17.4));
#9957=CARTESIAN_POINT('',(-102.06991980755,-0.800000000000001,-4.4));
#9958=CARTESIAN_POINT('',(-102.06991980755,50.8,-17.4));
#9959=CARTESIAN_POINT('Origin',(-50.3849599037752,25.,-17.4));
#9960=CARTESIAN_POINT('',(-96.82,-0.8,-17.4));
#9961=CARTESIAN_POINT('',(-102.06991980755,-0.8,-17.4));
#9962=CARTESIAN_POINT('',(-96.82,4.99999999999999,-17.4));
#9963=CARTESIAN_POINT('',(-96.82,12.1,-17.4));
#9964=CARTESIAN_POINT('',(-84.82,4.99999999999999,-17.4));
#9965=CARTESIAN_POINT('Origin',(-90.82,4.99999999999999,-17.4));
#9966=CARTESIAN_POINT('',(-84.82,-0.8,-17.4));
#9967=CARTESIAN_POINT('',(-84.82,15.,-17.4));
#9968=CARTESIAN_POINT('',(-13.0000001937151,-0.8,-17.4));
#9969=CARTESIAN_POINT('',(-102.06991980755,-0.8,-17.4));
#9970=CARTESIAN_POINT('',(-13.0000001937151,5.00000007450581,-17.4));
#9971=CARTESIAN_POINT('',(-13.0000001937151,12.1,-17.4));
#9972=CARTESIAN_POINT('',(-6.99999999999992,11.0000001937152,-17.4));
#9973=CARTESIAN_POINT('Origin',(-6.99999999999992,5.00000000000003,-17.4));
#9974=CARTESIAN_POINT('',(0.799999999999998,11.0000001937152,-17.4));
#9975=CARTESIAN_POINT('',(-27.505,11.0000001937152,-17.4));
#9976=CARTESIAN_POINT('',(0.799999999999993,39.6399998062849,-17.4));
#9977=CARTESIAN_POINT('',(0.800000000000001,-0.8,-17.4));
#9978=CARTESIAN_POINT('',(-7.,39.6399998062849,-17.4));
#9979=CARTESIAN_POINT('',(-23.605,39.6399998062849,-17.4));
#9980=CARTESIAN_POINT('',(-13.0000001937152,45.64,-17.4));
#9981=CARTESIAN_POINT('Origin',(-7.00000000000001,45.64,-17.4));
#9982=CARTESIAN_POINT('',(-13.0000001937152,50.8,-17.4));
#9983=CARTESIAN_POINT('',(-13.0000001937152,35.32,-17.4));
#9984=CARTESIAN_POINT('',(-84.8199999999998,50.8,-17.4));
#9985=CARTESIAN_POINT('',(0.799999999999991,50.8,-17.4));
#9986=CARTESIAN_POINT('',(-84.8199999999998,45.64,-17.4));
#9987=CARTESIAN_POINT('',(-84.8199999999998,37.9,-17.4));
#9988=CARTESIAN_POINT('',(-96.8199999999998,45.64,-17.4));
#9989=CARTESIAN_POINT('Origin',(-90.8199999999998,45.64,-17.4));
#9990=CARTESIAN_POINT('',(-96.8199999999998,50.8,-17.4));
#9991=CARTESIAN_POINT('',(-96.8199999999998,35.32,-17.4));
#9992=CARTESIAN_POINT('',(0.799999999999991,50.8,-17.4));
#9993=CARTESIAN_POINT('Origin',(-100.56991980755,0.199999999999999,-3.4));
#9994=CARTESIAN_POINT('',(-100.06991980755,-0.8,-4.4));
#9995=CARTESIAN_POINT('',(-100.06991980755,1.2,-2.4));
#9996=CARTESIAN_POINT('',(-100.06991980755,-0.43397459621563,-4.03397459621563));
#9997=CARTESIAN_POINT('',(-101.064325107618,1.2,-2.4));
#9998=CARTESIAN_POINT('',(-100.56991980755,1.2,-2.4));
#9999=CARTESIAN_POINT('',(-101.771431888804,0.492893218813471,-3.10710678118653));
#10000=CARTESIAN_POINT('',(-101.64859089094,0.615734216677937,-2.98426578332206));
#10001=CARTESIAN_POINT('',(-102.06991980755,-0.800000000000001,-4.4));
#10002=CARTESIAN_POINT('',(-101.861454440783,0.10296270677497,-3.49703729322503));
#10003=CARTESIAN_POINT('',(-102.06991980755,-0.8,-4.4));
#10004=CARTESIAN_POINT('Origin',(-101.771431888804,-0.800000000000001,-3.10710678118653));
#10005=CARTESIAN_POINT('',(-101.771431888804,9.2,-3.10710678118653));
#10006=CARTESIAN_POINT('',(-101.771431888804,-0.800000000000001,-3.10710678118653));
#10007=CARTESIAN_POINT('',(-102.06991980755,9.2,-4.4));
#10008=CARTESIAN_POINT('',(-102.06991980755,50.8,-4.4));
#10009=CARTESIAN_POINT('Origin',(-101.064325107618,-0.800000000000001,-2.4));
#10010=CARTESIAN_POINT('',(-101.064325107618,9.2,-2.4));
#10011=CARTESIAN_POINT('',(-101.064325107618,-0.800000000000001,-2.4));
#10012=CARTESIAN_POINT('',(-101.771431888804,9.2,-3.10710678118653));
#10013=CARTESIAN_POINT('Origin',(-100.56991980755,49.8,-3.4));
#10014=CARTESIAN_POINT('',(-100.06991980755,48.8,-2.4));
#10015=CARTESIAN_POINT('',(-100.06991980755,50.8,-4.4));
#10016=CARTESIAN_POINT('',(-100.06991980755,50.4339745962156,-4.03397459621563));
#10017=CARTESIAN_POINT('',(-102.06991980755,50.8,-4.4));
#10018=CARTESIAN_POINT('',(0.799999999999991,50.8,-4.4));
#10019=CARTESIAN_POINT('',(-101.771431888804,49.5071067811865,-3.10710678118653));
#10020=CARTESIAN_POINT('',(-101.861454440783,49.897037293225,-3.49703729322503));
#10021=CARTESIAN_POINT('',(-101.064325107618,48.8,-2.4));
#10022=CARTESIAN_POINT('',(-101.64859089094,49.3842657833221,-2.98426578332206));
#10023=CARTESIAN_POINT('',(-100.56991980755,48.8,-2.4));
#10024=CARTESIAN_POINT('Origin',(-100.06991980755,50.8,-4.93589838486251));
#10025=CARTESIAN_POINT('',(-100.06991980755,40.8,-2.4));
#10026=CARTESIAN_POINT('',(-100.06991980755,50.8,-2.4));
#10027=CARTESIAN_POINT('',(-100.06991980755,40.8,-4.93589838486251));
#10028=CARTESIAN_POINT('',(-100.06991980755,40.8,-2.4));
#10029=CARTESIAN_POINT('',(-100.06991980755,50.8,-4.93589838486251));
#10030=CARTESIAN_POINT('',(-100.06991980755,50.8,-4.93589838486251));
#10031=CARTESIAN_POINT('',(-100.06991980755,50.8,-4.66794919243055));
#10032=CARTESIAN_POINT('Origin',(-100.06991980755,50.8,-2.4));
#10033=CARTESIAN_POINT('',(-101.064325107618,40.8,-2.4));
#10034=CARTESIAN_POINT('',(-101.064325107618,50.8,-2.4));
#10035=CARTESIAN_POINT('',(-101.064325107618,40.8,-2.4));
#10036=CARTESIAN_POINT('Origin',(-101.064325107618,50.8,-2.4));
#10037=CARTESIAN_POINT('',(-101.771431888804,40.8,-3.10710678118653));
#10038=CARTESIAN_POINT('',(-101.771431888804,50.8,-3.10710678118653));
#10039=CARTESIAN_POINT('',(-101.771431888804,40.8,-3.10710678118653));
#10040=CARTESIAN_POINT('Origin',(-100.06991980755,-0.800000000000001,-2.4));
#10041=CARTESIAN_POINT('',(-100.06991980755,9.2,-2.4));
#10042=CARTESIAN_POINT('',(-100.06991980755,-0.800000000000001,-2.4));
#10043=CARTESIAN_POINT('',(-101.064325107618,9.2,-2.4));
#10044=CARTESIAN_POINT('Origin',(-100.06991980755,-0.800000000000001,-4.93589838486251));
#10045=CARTESIAN_POINT('',(-100.06991980755,-0.800000000000001,-4.93589838486251));
#10046=CARTESIAN_POINT('',(-100.06991980755,-0.8,-4.66794919243127));
#10047=CARTESIAN_POINT('',(-100.06991980755,9.2,-4.93589838486251));
#10048=CARTESIAN_POINT('',(-100.06991980755,-0.800000000000001,-4.93589838486251));
#10049=CARTESIAN_POINT('',(-100.06991980755,9.2,-2.4));
#10050=CARTESIAN_POINT('Origin',(-102.06991980755,-0.800000000000001,-8.4));
#10051=CARTESIAN_POINT('',(-101.203894403766,-0.8,-6.90000000000004));
#10052=CARTESIAN_POINT('',(-100.06991980755,9.2,-4.93589838486251));
#10053=CARTESIAN_POINT('Origin',(-101.06991980755,9.2,-5.4));
#10054=CARTESIAN_POINT('Origin',(-102.06991980755,-0.8,-4.4));
#10055=CARTESIAN_POINT('',(-96.82,-0.8,-4.4));
#10056=CARTESIAN_POINT('',(-102.06991980755,-0.8,-4.4));
#10057=CARTESIAN_POINT('',(-96.82,-0.8,-4.4));
#10058=CARTESIAN_POINT('Origin',(-102.06991980755,50.8,-8.4));
#10059=CARTESIAN_POINT('',(-88.3451544278213,50.8,15.3719909596522));
#10060=CARTESIAN_POINT('',(-100.06991980755,40.8,-4.93589838486251));
#10061=CARTESIAN_POINT('Origin',(-101.771431888804,50.8,-3.10710678118653));
#10062=CARTESIAN_POINT('',(-102.06991980755,50.8,-4.4));
#10063=CARTESIAN_POINT('',(-102.06991980755,40.8,-4.4));
#10064=CARTESIAN_POINT('Origin',(-101.06991980755,40.8,-5.4));
#10065=CARTESIAN_POINT('Origin',(-78.0699198075504,-0.800000000000001,-3.4));
#10066=CARTESIAN_POINT('',(-78.0699198075504,-0.800000000000001,-4.4));
#10067=CARTESIAN_POINT('',(-23.2499198075504,-0.800000000000001,-4.4));
#10068=CARTESIAN_POINT('',(-102.06991980755,-0.8,-4.4));
#10069=CARTESIAN_POINT('',(-23.2499198075504,-0.800000000000001,-3.4));
#10070=CARTESIAN_POINT('',(-23.2499198075504,-0.800000000000001,-9.4));
#10071=CARTESIAN_POINT('',(-78.0699198075504,-0.800000000000001,-3.4));
#10072=CARTESIAN_POINT('',(-78.0699198075504,-0.800000000000001,-3.4));
#10073=CARTESIAN_POINT('',(-78.0699198075504,-0.800000000000001,-9.4));
#10074=CARTESIAN_POINT('Origin',(-78.0699198075504,-0.0928932188134457,
-2.69289321881346));
#10075=CARTESIAN_POINT('',(-78.0699198075504,-0.0928932188134457,-2.69289321881346));
#10076=CARTESIAN_POINT('',(-78.0699198075504,-0.800000000000001,-3.4));
#10077=CARTESIAN_POINT('',(-23.2499198075504,-0.0928932188134457,-2.69289321881346));
#10078=CARTESIAN_POINT('',(-23.2499198075504,-0.800000000000001,-3.4));
#10079=CARTESIAN_POINT('',(-78.0699198075504,-0.0928932188134457,-2.69289321881346));
#10080=CARTESIAN_POINT('Origin',(-78.0699198075504,1.40710678118656,-2.69289321881346));
#10081=CARTESIAN_POINT('',(-78.0699198075504,1.40710678118656,-2.69289321881346));
#10082=CARTESIAN_POINT('',(-78.0699198075504,-0.0928932188134457,-2.69289321881346));
#10083=CARTESIAN_POINT('',(-23.2499198075504,1.40710678118656,-2.69289321881346));
#10084=CARTESIAN_POINT('',(-23.2499198075504,-0.0928932188134457,-2.69289321881346));
#10085=CARTESIAN_POINT('',(-78.0699198075504,1.40710678118656,-2.69289321881346));
#10086=CARTESIAN_POINT('Origin',(-78.0699198075504,1.40710678118654,-5.57717891725522));
#10087=CARTESIAN_POINT('',(-78.0699198075504,1.40710678118654,-5.57717891725522));
#10088=CARTESIAN_POINT('',(-78.0699198075504,1.40710678118656,-2.69289321881346));
#10089=CARTESIAN_POINT('',(-23.2499198075504,1.40710678118654,-5.57717891725522));
#10090=CARTESIAN_POINT('',(-23.2499198075504,1.40710678118656,-2.69289321881346));
#10091=CARTESIAN_POINT('',(-78.0699198075504,1.40710678118654,-5.57717891725522));
#10092=CARTESIAN_POINT('Origin',(-78.0699198075504,-0.800000000000001,-9.4));
#10093=CARTESIAN_POINT('',(-78.0699198075504,-0.800000000000001,-9.4));
#10094=CARTESIAN_POINT('',(-78.0699198075504,1.40710678118654,-5.57717891725522));
#10095=CARTESIAN_POINT('',(-23.2499198075504,-0.800000000000001,-9.4));
#10096=CARTESIAN_POINT('',(-23.2499198075504,1.40710678118654,-5.57717891725522));
#10097=CARTESIAN_POINT('',(-90.0699198075504,-0.8,-9.4));
#10098=CARTESIAN_POINT('Origin',(-23.2499198075504,0.303553390593278,-6.04644660940673));
#10099=CARTESIAN_POINT('',(-23.2499198075504,-0.8,-5.22322330470336));
#10100=CARTESIAN_POINT('Origin',(-78.0699198075504,0.303553390593278,-6.04644660940673));
#10101=CARTESIAN_POINT('',(-78.0699198075504,-0.8,-5.22322330470336));
#10102=CARTESIAN_POINT('Origin',(-78.0699198075504,48.5928932188134,-2.69289321881346));
#10103=CARTESIAN_POINT('',(-78.0699198075504,48.5928932188134,-2.69289321881346));
#10104=CARTESIAN_POINT('',(-78.0699198075504,48.5928932188135,-5.57717891725522));
#10105=CARTESIAN_POINT('',(-78.0699198075504,48.5928932188134,-2.69289321881346));
#10106=CARTESIAN_POINT('',(-23.2499198075504,48.5928932188135,-5.57717891725522));
#10107=CARTESIAN_POINT('',(-78.0699198075504,48.5928932188135,-5.57717891725522));
#10108=CARTESIAN_POINT('',(-23.2499198075504,48.5928932188134,-2.69289321881346));
#10109=CARTESIAN_POINT('',(-23.2499198075504,48.5928932188134,-2.69289321881346));
#10110=CARTESIAN_POINT('',(-78.0699198075504,48.5928932188134,-2.69289321881346));
#10111=CARTESIAN_POINT('Origin',(-78.0699198075504,50.0928932188134,-2.69289321881346));
#10112=CARTESIAN_POINT('',(-78.0699198075504,50.0928932188134,-2.69289321881346));
#10113=CARTESIAN_POINT('',(-78.0699198075504,50.0928932188134,-2.69289321881346));
#10114=CARTESIAN_POINT('',(-23.2499198075504,50.0928932188134,-2.69289321881346));
#10115=CARTESIAN_POINT('',(-23.2499198075504,50.0928932188134,-2.69289321881346));
#10116=CARTESIAN_POINT('',(-78.0699198075504,50.0928932188134,-2.69289321881346));
#10117=CARTESIAN_POINT('Origin',(-78.0699198075504,50.8,-3.4));
#10118=CARTESIAN_POINT('',(-78.0699198075504,50.8,-3.4));
#10119=CARTESIAN_POINT('',(-78.0699198075504,50.8,-3.4));
#10120=CARTESIAN_POINT('',(-23.2499198075504,50.8,-3.4));
#10121=CARTESIAN_POINT('',(-23.2499198075504,50.8,-3.4));
#10122=CARTESIAN_POINT('',(-78.0699198075504,50.8,-3.4));
#10123=CARTESIAN_POINT('Origin',(-78.0699198075504,50.8,-9.4));
#10124=CARTESIAN_POINT('',(-23.2499198075504,50.8,-4.4));
#10125=CARTESIAN_POINT('',(-78.0699198075504,50.8,-4.4));
#10126=CARTESIAN_POINT('',(0.799999999999991,50.8,-4.4));
#10127=CARTESIAN_POINT('',(-78.0699198075504,50.8,-9.4));
#10128=CARTESIAN_POINT('',(-23.2499198075504,50.8,-9.4));
#10129=CARTESIAN_POINT('Origin',(-78.0699198075504,48.5928932188135,-5.57717891725522));
#10130=CARTESIAN_POINT('',(-78.0699198075504,50.8,-9.4));
#10131=CARTESIAN_POINT('',(-78.0699198075504,48.5928932188135,-5.57717891725522));
#10132=CARTESIAN_POINT('',(-23.2499198075504,50.8,-9.4));
#10133=CARTESIAN_POINT('',(-38.6349599037752,50.8,-9.39999999999999));
#10134=CARTESIAN_POINT('',(-23.2499198075504,48.5928932188135,-5.57717891725522));
#10135=CARTESIAN_POINT('Origin',(-23.2499198075504,49.6964466094067,-6.04644660940673));
#10136=CARTESIAN_POINT('',(-23.2499198075504,50.8,-5.22322330470336));
#10137=CARTESIAN_POINT('Origin',(-78.0699198075504,49.6964466094067,-6.04644660940673));
#10138=CARTESIAN_POINT('',(-78.0699198075504,50.8,-5.22322330470336));
#10139=CARTESIAN_POINT('Origin',(-4.3750000726432,41.9240618496414,-6.5));
#10140=CARTESIAN_POINT('',(0.799999999999993,40.235867548028,-3.9));
#10141=CARTESIAN_POINT('',(0.299999999999993,41.9240618496414,-3.4));
#10142=CARTESIAN_POINT('Origin',(3.4,41.9240618496414,-6.5));
#10143=CARTESIAN_POINT('',(-7.,41.9240618496414,-3.4));
#10144=CARTESIAN_POINT('',(-4.3750000726432,41.9240618496414,-3.4));
#10145=CARTESIAN_POINT('',(-7.,39.7320308279631,-4.3079689783217));
#10146=CARTESIAN_POINT('Origin',(-7.,41.9240618496414,-6.5));
#10147=CARTESIAN_POINT('',(0.799999999999993,39.7320308279631,-4.3079689783217));
#10148=CARTESIAN_POINT('',(-4.3750000726432,39.7320308279631,-4.3079689783217));
#10149=CARTESIAN_POINT('Origin',(0.799999999999991,41.9240618496414,-6.5));
#10150=CARTESIAN_POINT('Origin',(-7.00000000000001,45.64,-6.5));
#10151=CARTESIAN_POINT('',(-10.7159381503586,45.64,-3.4));
#10152=CARTESIAN_POINT('',(-12.9079691720369,45.64,-4.30796897832171));
#10153=CARTESIAN_POINT('Origin',(-10.7159381503586,45.64,-6.5));
#10154=CARTESIAN_POINT('Origin',(-7.00000000000001,45.64,-4.30796897832171));
#10155=CARTESIAN_POINT('Origin',(-7.00000000000001,45.64,-3.4));
#10156=CARTESIAN_POINT('Origin',(-10.7159381503586,45.3249999273568,-6.5));
#10157=CARTESIAN_POINT('',(-12.404132451972,50.8,-3.9));
#10158=CARTESIAN_POINT('',(-12.9079691720369,50.8,-4.3079689783217));
#10159=CARTESIAN_POINT('Origin',(-10.7159381503586,50.8,-6.5));
#10160=CARTESIAN_POINT('',(-12.9079691720369,45.3249999273568,-4.3079689783217));
#10161=CARTESIAN_POINT('',(-10.7159381503586,50.3,-3.4));
#10162=CARTESIAN_POINT('',(-10.7159381503586,45.3249999273568,-3.4));
#10163=CARTESIAN_POINT('Origin',(-10.7159381503586,53.4,-6.5));
#10164=CARTESIAN_POINT('Origin',(-9.55000014528639,50.55,-3.65));
#10165=CARTESIAN_POINT('',(0.299999999999991,50.3,-3.4));
#10166=CARTESIAN_POINT('',(-9.55000014528639,50.3,-3.4));
#10167=CARTESIAN_POINT('',(0.799999999999991,50.8,-3.9));
#10168=CARTESIAN_POINT('',(0.299999999999991,50.3,-3.4));
#10169=CARTESIAN_POINT('',(-9.55000014528639,50.8,-3.9));
#10170=CARTESIAN_POINT('Origin',(-6.10000009685759,45.2199999031424,-3.4));
#10171=CARTESIAN_POINT('',(0.299999999999991,48.0099999515712,-3.4));
#10172=CARTESIAN_POINT('',(-8.80000000000001,45.64,-3.4));
#10173=CARTESIAN_POINT('Origin',(-7.00000000000001,45.64,-3.4));
#10174=CARTESIAN_POINT('Origin',(0.549999999999991,48.0099999515712,-3.65));
#10175=CARTESIAN_POINT('',(0.799999999999992,48.0099999515712,-3.9));
#10176=CARTESIAN_POINT('Origin',(-2.6500000484288,40.1399998062848,-3.9));
#10177=CARTESIAN_POINT('',(-7.,39.6399998062849,-4.4));
#10178=CARTESIAN_POINT('',(-7.,40.6399998062848,-3.4));
#10179=CARTESIAN_POINT('',(0.799999999999993,39.6399998062849,-4.4));
#10180=CARTESIAN_POINT('',(-2.6500000484288,39.6399998062849,-4.4));
#10181=CARTESIAN_POINT('',(0.799999999999992,42.6799998547136,-1.35999995157121));
#10182=CARTESIAN_POINT('Origin',(-7.00000000000001,45.64,-3.9));
#10183=CARTESIAN_POINT('',(-13.0000001937152,45.64,-4.4));
#10184=CARTESIAN_POINT('',(-12.0000001937152,45.64,-3.4));
#10185=CARTESIAN_POINT('Origin',(-7.00000000000001,45.64,-4.4));
#10186=CARTESIAN_POINT('Origin',(-12.5000001937152,45.4299999515712,-3.9));
#10187=CARTESIAN_POINT('',(-13.0000001937152,50.8,-4.4));
#10188=CARTESIAN_POINT('',(-12.7500001937152,50.8,-4.15));
#10189=CARTESIAN_POINT('',(-13.0000001937152,45.4299999515712,-4.4));
#10190=CARTESIAN_POINT('Origin',(0.799999999999993,39.6399998062849,-4.4));
#10191=CARTESIAN_POINT('',(-7.,39.6399998062849,-4.4));
#10192=CARTESIAN_POINT('',(0.799999999999993,39.6399998062849,-4.4));
#10193=CARTESIAN_POINT('Origin',(-7.00000000000001,45.64,-4.4));
#10194=CARTESIAN_POINT('',(-13.0000001937152,45.64,-4.4));
#10195=CARTESIAN_POINT('Origin',(-13.0000001937152,45.64,-4.4));
#10196=CARTESIAN_POINT('',(-13.0000001937152,50.8,-4.4));
#10197=CARTESIAN_POINT('Origin',(-13.0000001937152,50.8,-4.4));
#10198=CARTESIAN_POINT('',(0.799999999999991,50.8,-4.4));
#10199=CARTESIAN_POINT('',(0.799999999999991,50.8,-4.4));
#10200=CARTESIAN_POINT('',(0.799999999999991,50.8,-4.4));
#10201=CARTESIAN_POINT('Origin',(-6.55000004842874,10.5000001937152,-3.9));
#10202=CARTESIAN_POINT('',(0.799999999999999,10.5000001937152,-3.9));
#10203=CARTESIAN_POINT('',(0.799999999999998,11.0000001937152,-4.4));
#10204=CARTESIAN_POINT('',(0.799999999999999,10.7500001937152,-4.15));
#10205=CARTESIAN_POINT('',(-6.99999999999992,11.0000001937152,-4.4));
#10206=CARTESIAN_POINT('',(-6.55000004842874,11.0000001937152,-4.4));
#10207=CARTESIAN_POINT('',(-6.99999999999992,10.0000001937152,-3.4));
#10208=CARTESIAN_POINT('',(-6.99999999999992,11.0000001937152,-4.4));
#10209=CARTESIAN_POINT('',(0.299999999999999,10.0000001937152,-3.4));
#10210=CARTESIAN_POINT('',(-6.55000004842874,10.0000001937152,-3.4));
#10211=CARTESIAN_POINT('',(-0.916666682809592,8.78333351090561,-2.18333331719041));
#10212=CARTESIAN_POINT('Origin',(-6.99999999999992,5.00000000000003,-3.9));
#10213=CARTESIAN_POINT('',(-13.0000001937151,5.00000007450581,-4.4));
#10214=CARTESIAN_POINT('',(-12.0000001937151,5.00000006208818,-3.4));
#10215=CARTESIAN_POINT('',(-13.0000001937151,5.00000007450581,-4.4));
#10216=CARTESIAN_POINT('Origin',(-6.99999999999992,5.00000000000003,-3.4));
#10217=CARTESIAN_POINT('Origin',(-6.99999999999992,5.00000000000003,-4.4));
#10218=CARTESIAN_POINT('Origin',(-12.5000001937151,2.1500000484288,-3.9));
#10219=CARTESIAN_POINT('',(-12.5000001937151,-0.8,-3.9));
#10220=CARTESIAN_POINT('',(-12.0000001937151,-0.3,-3.4));
#10221=CARTESIAN_POINT('',(-10.2833334947626,1.41666669895252,-1.68333330104748));
#10222=CARTESIAN_POINT('',(-12.0000001937151,2.1500000484288,-3.4));
#10223=CARTESIAN_POINT('',(-13.0000001937151,-0.8,-4.4));
#10224=CARTESIAN_POINT('',(-13.0000001937151,2.1500000484288,-4.4));
#10225=CARTESIAN_POINT('',(-9.30000014528632,-0.8,-0.699999951571228));
#10226=CARTESIAN_POINT('Origin',(0.549999999999999,8.0500001452864,-3.65));
#10227=CARTESIAN_POINT('',(0.300000000000001,-0.3,-3.4));
#10228=CARTESIAN_POINT('',(0.299999999999999,8.0500001452864,-3.4));
#10229=CARTESIAN_POINT('',(0.800000000000001,-0.8,-3.9));
#10230=CARTESIAN_POINT('',(0.300000000000001,-0.3,-3.4));
#10231=CARTESIAN_POINT('',(0.799999999999999,8.0500001452864,-3.9));
#10232=CARTESIAN_POINT('Origin',(-6.10000009685755,5.1000000968576,-3.4));
#10233=CARTESIAN_POINT('',(-2.65000004842877,-0.3,-3.4));
#10234=CARTESIAN_POINT('',(-8.79999999999992,5.00000000000003,-3.4));
#10235=CARTESIAN_POINT('Origin',(-6.99999999999992,5.00000000000003,-3.4));
#10236=CARTESIAN_POINT('Origin',(-2.65000004842877,-0.55,-3.65));
#10237=CARTESIAN_POINT('',(-2.65000004842877,-0.8,-3.9));
#10238=CARTESIAN_POINT('Origin',(-87.82,-0.55,-3.65));
#10239=CARTESIAN_POINT('',(-84.82,-0.8,-3.9));
#10240=CARTESIAN_POINT('',(-84.82,-0.3,-3.4));
#10241=CARTESIAN_POINT('',(-84.82,0.649999999999999,-2.45));
#10242=CARTESIAN_POINT('',(-96.82,-0.300000000000001,-3.4));
#10243=CARTESIAN_POINT('',(-87.82,-0.3,-3.4));
#10244=CARTESIAN_POINT('',(-96.82,-0.8,-3.9));
#10245=CARTESIAN_POINT('',(-96.82,-0.8,-3.9));
#10246=CARTESIAN_POINT('',(-87.82,-0.8,-3.9));
#10247=CARTESIAN_POINT('Origin',(-84.82,-0.8,-4.4));
#10248=CARTESIAN_POINT('',(-96.82,-0.8,-4.4));
#10249=CARTESIAN_POINT('',(-84.82,-0.8,-4.4));
#10250=CARTESIAN_POINT('',(-102.06991980755,-0.8,-4.4));
#10251=CARTESIAN_POINT('',(-84.82,-0.8,-4.4));
#10252=CARTESIAN_POINT('Origin',(-96.82,-0.8,-4.4));
#10253=CARTESIAN_POINT('',(-96.82,4.99999999999999,-3.4));
#10254=CARTESIAN_POINT('',(-96.82,4.99999999999999,-3.4));
#10255=CARTESIAN_POINT('',(-96.82,4.99999999999999,-4.4));
#10256=CARTESIAN_POINT('Origin',(0.799999999999998,11.0000001937152,-4.4));
#10257=CARTESIAN_POINT('',(0.800000000000001,-0.8,-4.4));
#10258=CARTESIAN_POINT('',(0.800000000000001,-0.8,-4.4));
#10259=CARTESIAN_POINT('',(0.800000000000001,-0.8,-4.4));
#10260=CARTESIAN_POINT('Origin',(0.800000000000001,-0.8,-4.4));
#10261=CARTESIAN_POINT('',(-102.06991980755,-0.8,-4.4));
#10262=CARTESIAN_POINT('Origin',(-13.0000001937151,-0.8,-4.4));
#10263=CARTESIAN_POINT('',(-13.0000001937151,5.00000007450581,-4.4));
#10264=CARTESIAN_POINT('',(-13.0000001937151,-0.8,-4.4));
#10265=CARTESIAN_POINT('Origin',(-93.8199999999998,50.55,-3.65));
#10266=CARTESIAN_POINT('',(-96.8199999999998,50.8,-3.9));
#10267=CARTESIAN_POINT('',(-96.8199999999998,50.3,-3.4));
#10268=CARTESIAN_POINT('',(-96.8199999999998,49.51,-2.61));
#10269=CARTESIAN_POINT('',(-84.8199999999998,50.3,-3.4));
#10270=CARTESIAN_POINT('',(-93.8199999999998,50.3,-3.4));
#10271=CARTESIAN_POINT('',(-84.8199999999998,50.8,-3.9));
#10272=CARTESIAN_POINT('',(-84.8199999999998,50.8,-3.9));
#10273=CARTESIAN_POINT('',(-93.8199999999998,50.8,-3.9));
#10274=CARTESIAN_POINT('Origin',(-90.8199999999998,45.22,-3.4));
#10275=CARTESIAN_POINT('',(-96.8199999999998,45.64,-3.4));
#10276=CARTESIAN_POINT('',(-96.8199999999998,45.64,-3.4));
#10277=CARTESIAN_POINT('',(-84.8199999999998,45.64,-3.4));
#10278=CARTESIAN_POINT('Origin',(-90.8199999999998,45.64,-3.4));
#10279=CARTESIAN_POINT('',(-84.8199999999998,45.64,-3.4));
#10280=CARTESIAN_POINT('',(-92.6199999999997,45.64,-3.4));
#10281=CARTESIAN_POINT('Origin',(-90.8199999999998,45.64,-3.4));
#10282=CARTESIAN_POINT('Origin',(-96.8199999999998,45.64,-4.4));
#10283=CARTESIAN_POINT('',(-96.8199999999998,50.8,-4.4));
#10284=CARTESIAN_POINT('',(-96.8199999999998,50.8,-4.4));
#10285=CARTESIAN_POINT('',(-96.8199999999998,50.8,-4.4));
#10286=CARTESIAN_POINT('',(-96.8199999999998,45.64,-4.4));
#10287=CARTESIAN_POINT('Origin',(-6.99999999999992,5.00000000000003,-4.4));
#10288=CARTESIAN_POINT('',(-6.99999999999992,11.0000001937152,-4.4));
#10289=CARTESIAN_POINT('Origin',(-102.06991980755,-0.8,-4.4));
#10290=CARTESIAN_POINT('',(-102.06991980755,-0.8,-4.4));
#10291=CARTESIAN_POINT('',(-84.82,-0.8,-4.4));
#10292=CARTESIAN_POINT('',(-102.06991980755,-0.8,-4.4));
#10293=CARTESIAN_POINT('Origin',(0.799999999999991,50.8,-4.4));
#10294=CARTESIAN_POINT('',(-84.8199999999998,50.8,-4.4));
#10295=CARTESIAN_POINT('',(0.799999999999991,50.8,-4.4));
#10296=CARTESIAN_POINT('',(-84.8199999999998,50.8,-4.4));
#10297=CARTESIAN_POINT('',(0.799999999999991,50.8,-4.4));
#10298=CARTESIAN_POINT('Origin',(0.799999999999991,50.8,-4.4));
#10299=CARTESIAN_POINT('',(0.799999999999991,50.8,-4.4));
#10300=CARTESIAN_POINT('Origin',(-90.8199999999998,45.64,-4.4));
#10301=CARTESIAN_POINT('',(-84.8199999999998,45.64,-4.4));
#10302=CARTESIAN_POINT('Origin',(0.799999999999991,50.8,-4.4));
#10303=CARTESIAN_POINT('',(0.800000000000001,-0.8,-4.4));
#10304=CARTESIAN_POINT('Origin',(-7.00000000000001,45.64,-4.4));
#10305=CARTESIAN_POINT('',(-8.80000000000001,45.64,-5.9));
#10306=CARTESIAN_POINT('Origin',(-7.00000000000001,45.64,-5.9));
#10307=CARTESIAN_POINT('',(-8.80000000000001,45.64,-4.4));
#10308=CARTESIAN_POINT('Origin',(-6.10000009685759,45.2199999031424,-5.9));
#10309=CARTESIAN_POINT('Origin',(0.800000000000001,-0.8,-4.4));
#10310=CARTESIAN_POINT('',(0.799999999999998,11.0000001937152,-4.4));
#10311=CARTESIAN_POINT('',(0.800000000000001,-0.8,-4.4));
#10312=CARTESIAN_POINT('Origin',(-90.8199999999998,45.64,-4.4));
#10313=CARTESIAN_POINT('',(-92.6199999999997,45.64,-5.9));
#10314=CARTESIAN_POINT('Origin',(-90.8199999999998,45.64,-5.9));
#10315=CARTESIAN_POINT('',(-92.6199999999997,45.64,-4.4));
#10316=CARTESIAN_POINT('Origin',(-84.8199999999998,50.8,-4.4));
#10317=CARTESIAN_POINT('',(-84.8199999999998,50.8,-4.4));
#10318=CARTESIAN_POINT('Origin',(-96.8199999999998,50.8,-4.4));
#10319=CARTESIAN_POINT('',(0.799999999999991,50.8,-4.4));
#10320=CARTESIAN_POINT('Origin',(-90.8199999999998,45.22,-5.9));
#10321=CARTESIAN_POINT('Origin',(-6.99999999999992,5.00000000000003,-4.4));
#10322=CARTESIAN_POINT('',(-8.79999999999992,5.00000000000003,-5.9));
#10323=CARTESIAN_POINT('Origin',(-6.99999999999992,5.00000000000003,-5.9));
#10324=CARTESIAN_POINT('',(-8.79999999999992,5.00000000000003,-4.4));
#10325=CARTESIAN_POINT('Origin',(-6.99999999999992,11.0000001937152,-4.4));
#10326=CARTESIAN_POINT('Origin',(-6.10000009685755,5.1000000968576,-5.9));
#10327=CARTESIAN_POINT('Origin',(-90.82,5.09999999999999,-3.4));
#10328=CARTESIAN_POINT('',(-84.82,4.99999999999999,-3.4));
#10329=CARTESIAN_POINT('',(-84.82,4.99999999999999,-3.4));
#10330=CARTESIAN_POINT('Origin',(-90.82,4.99999999999999,-3.4));
#10331=CARTESIAN_POINT('',(-92.62,4.99999999999999,-3.4));
#10332=CARTESIAN_POINT('Origin',(-90.82,4.99999999999999,-3.4));
#10333=CARTESIAN_POINT('Origin',(-90.82,4.99999999999999,-4.4));
#10334=CARTESIAN_POINT('',(-92.62,4.99999999999999,-5.9));
#10335=CARTESIAN_POINT('Origin',(-90.82,4.99999999999999,-5.9));
#10336=CARTESIAN_POINT('',(-92.62,4.99999999999999,-4.4));
#10337=CARTESIAN_POINT('Origin',(-84.82,4.99999999999999,-4.4));
#10338=CARTESIAN_POINT('',(-84.82,4.99999999999999,-4.4));
#10339=CARTESIAN_POINT('Origin',(-90.82,4.99999999999999,-4.4));
#10340=CARTESIAN_POINT('Origin',(-90.82,5.09999999999999,-5.9));
#10341=CARTESIAN_POINT('Origin',(3.3,-3.3,-4.4));
#10342=CARTESIAN_POINT('',(-104.06991980755,-3.3,-4.4));
#10343=CARTESIAN_POINT('',(3.3,-3.3,-4.4));
#10344=CARTESIAN_POINT('',(-104.06991980755,-3.3,-4.4));
#10345=CARTESIAN_POINT('Origin',(-104.06991980755,53.3,-4.4));
#10346=CARTESIAN_POINT('',(-104.06991980755,53.3,-4.4));
#10347=CARTESIAN_POINT('',(-104.06991980755,53.3,-4.4));
#10348=CARTESIAN_POINT('',(-104.06991980755,53.3,-4.4));
#10349=CARTESIAN_POINT('Origin',(-104.06991980755,-3.3,-4.4));
#10350=CARTESIAN_POINT('',(-104.06991980755,-3.3,-4.4));
#10351=CARTESIAN_POINT('Origin',(-50.3849599037752,25.,-4.4));
#10352=UNCERTAINTY_MEASURE_WITH_UNIT(LENGTH_MEASURE(0.01),#10356,
'DISTANCE_ACCURACY_VALUE',
'Maximum model space distance between geometric entities at asserted c
onnectivities');
#10353=UNCERTAINTY_MEASURE_WITH_UNIT(LENGTH_MEASURE(0.01),#10356,
'DISTANCE_ACCURACY_VALUE',
'Maximum model space distance between geometric entities at asserted c
onnectivities');
#10354=(
GEOMETRIC_REPRESENTATION_CONTEXT(3)
GLOBAL_UNCERTAINTY_ASSIGNED_CONTEXT((#10352))
GLOBAL_UNIT_ASSIGNED_CONTEXT((#10356,#10358,#10359))
REPRESENTATION_CONTEXT('','3D')
);
#10355=(
GEOMETRIC_REPRESENTATION_CONTEXT(3)
GLOBAL_UNCERTAINTY_ASSIGNED_CONTEXT((#10353))
GLOBAL_UNIT_ASSIGNED_CONTEXT((#10356,#10358,#10359))
REPRESENTATION_CONTEXT('','3D')
);
#10356=(
LENGTH_UNIT()
NAMED_UNIT(*)
SI_UNIT(.MILLI.,.METRE.)
);
#10357=(
LENGTH_UNIT()
NAMED_UNIT(*)
SI_UNIT($,.METRE.)
);
#10358=(
NAMED_UNIT(*)
PLANE_ANGLE_UNIT()
SI_UNIT($,.RADIAN.)
);
#10359=(
NAMED_UNIT(*)
SI_UNIT($,.STERADIAN.)
SOLID_ANGLE_UNIT()
);
#10360=SHAPE_DEFINITION_REPRESENTATION(#10361,#10362);
#10361=PRODUCT_DEFINITION_SHAPE('',$,#10364);
#10362=SHAPE_REPRESENTATION('',(#6110),#10354);
#10363=PRODUCT_DEFINITION_CONTEXT('part definition',#10368,'design');
#10364=PRODUCT_DEFINITION('Gehaweuse 2','Gehaweuse 2 v26',#10365,#10363);
#10365=PRODUCT_DEFINITION_FORMATION('',$,#10370);
#10366=PRODUCT_RELATED_PRODUCT_CATEGORY('Gehaweuse 2 v26',
'Gehaweuse 2 v26',(#10370));
#10367=APPLICATION_PROTOCOL_DEFINITION('international standard',
'automotive_design',2009,#10368);
#10368=APPLICATION_CONTEXT(
'Core Data for Automotive Mechanical Design Process');
#10369=PRODUCT_CONTEXT('part definition',#10368,'mechanical');
#10370=PRODUCT('Gehaweuse 2','Gehaweuse 2 v26',$,(#10369));
#10371=PRESENTATION_STYLE_ASSIGNMENT((#10372));
#10372=SURFACE_STYLE_USAGE(.BOTH.,#10373);
#10373=SURFACE_SIDE_STYLE('',(#10374));
#10374=SURFACE_STYLE_FILL_AREA(#10375);
#10375=FILL_AREA_STYLE('Stahl - satiniert',(#10376));
#10376=FILL_AREA_STYLE_COLOUR('Stahl - satiniert',#10377);
#10377=COLOUR_RGB('Stahl - satiniert',0.627450980392157,0.627450980392157,
0.627450980392157);
ENDSEC;
END-ISO-10303-21;
