ISO-10303-21;
HEADER;
/* Generated by software containing ST-Developer
 * from STEP Tools, Inc. (www.steptools.com) 
 */

FILE_DESCRIPTION(
/* description */ (''),
/* implementation_level */ '2;1');

FILE_NAME(
/* name */ 'Deckel Teil 1.step',
/* time_stamp */ '2026-10-02T07:24:00+02:00',
/* author */ (''),
/* organization */ (''),
/* preprocessor_version */ 'ST-DEVELOPER v20.2',
/* originating_system */ 'Autodesk Translation Framework v15.15.0.0',
/* authorisation */ '');

FILE_SCHEMA (('AUTOMOTIVE_DESIGN { 1 0 10303 214 3 1 1 }'));
ENDSEC;

DATA;
#10=MECHANICAL_DESIGN_GEOMETRIC_PRESENTATION_REPRESENTATION('',(#13),#5363);
#11=SHAPE_REPRESENTATION_RELATIONSHIP('SRR','None',#5370,#12);
#12=ADVANCED_BREP_SHAPE_REPRESENTATION('',(#14),#5362);
#13=STYLED_ITEM('',(#5379),#14);
#14=MANIFOLD_SOLID_BREP('K\X\F6rper1',#2882);
#15=ELLIPSE('',#2978,2.64535388960892,0.55);
#16=CYLINDRICAL_SURFACE('',#2943,4.);
#17=CYLINDRICAL_SURFACE('',#2945,4.);
#18=CYLINDRICAL_SURFACE('',#2947,3.5);
#19=CYLINDRICAL_SURFACE('',#2949,4.);
#20=CYLINDRICAL_SURFACE('',#2951,1.45);
#21=CYLINDRICAL_SURFACE('',#2956,1.1);
#22=CYLINDRICAL_SURFACE('',#2961,3.25);
#23=CYLINDRICAL_SURFACE('',#2965,3.25000000000467);
#24=CYLINDRICAL_SURFACE('',#2971,2.25);
#25=CYLINDRICAL_SURFACE('',#2977,0.55);
#26=CYLINDRICAL_SURFACE('',#2991,0.55);
#27=CYLINDRICAL_SURFACE('',#2997,1.5);
#28=CYLINDRICAL_SURFACE('',#2999,0.949999999999989);
#29=CYLINDRICAL_SURFACE('',#3001,2.3);
#30=CYLINDRICAL_SURFACE('',#3005,4.75);
#31=CYLINDRICAL_SURFACE('',#3007,4.00000031292431);
#32=CYLINDRICAL_SURFACE('',#3009,4.00000031292431);
#33=CYLINDRICAL_SURFACE('',#3016,4.);
#34=CYLINDRICAL_SURFACE('',#3031,1.8);
#35=CYLINDRICAL_SURFACE('',#3034,3.5);
#36=CYLINDRICAL_SURFACE('',#3037,1.);
#37=CYLINDRICAL_SURFACE('',#3046,2.25);
#38=CYLINDRICAL_SURFACE('',#3049,1.8);
#39=CYLINDRICAL_SURFACE('',#3055,1.8);
#40=CYLINDRICAL_SURFACE('',#3064,4.00000031292431);
#41=CYLINDRICAL_SURFACE('',#3073,3.09999999999555);
#42=CYLINDRICAL_SURFACE('',#3076,3.);
#43=CIRCLE('',#2934,1.5);
#44=CIRCLE('',#2935,4.);
#45=CIRCLE('',#2936,5.5);
#46=CIRCLE('',#2938,4.);
#47=CIRCLE('',#2939,2.5);
#48=CIRCLE('',#2941,5.);
#49=CIRCLE('',#2942,3.5);
#50=CIRCLE('',#2944,4.);
#51=CIRCLE('',#2946,4.);
#52=CIRCLE('',#2948,3.5);
#53=CIRCLE('',#2950,4.);
#54=CIRCLE('',#2952,1.45);
#55=CIRCLE('',#2957,1.1);
#56=CIRCLE('',#2958,1.1);
#57=CIRCLE('',#2962,3.25);
#58=CIRCLE('',#2963,3.25);
#59=CIRCLE('',#2966,3.25000000000467);
#60=CIRCLE('',#2967,3.25000000000467);
#61=CIRCLE('',#2969,2.25);
#62=CIRCLE('',#2970,2.25);
#63=CIRCLE('',#2972,2.25);
#64=CIRCLE('',#2975,4.55000031292431);
#65=CIRCLE('',#2976,4.00000031292431);
#66=CIRCLE('',#2980,0.549999999999998);
#67=CIRCLE('',#2981,0.95);
#68=CIRCLE('',#2982,0.550000000000002);
#69=CIRCLE('',#2983,1.5);
#70=CIRCLE('',#2985,0.550000000000002);
#71=CIRCLE('',#2986,4.00000031292431);
#72=CIRCLE('',#2987,4.55000031292431);
#73=CIRCLE('',#2989,1.5);
#74=CIRCLE('',#2990,0.549999999999997);
#75=CIRCLE('',#2992,0.550000000000002);
#76=CIRCLE('',#2994,0.949999999999989);
#77=CIRCLE('',#2995,4.75);
#78=CIRCLE('',#2996,2.3);
#79=CIRCLE('',#2998,1.5);
#80=CIRCLE('',#3000,0.949999999999989);
#81=CIRCLE('',#3002,2.3);
#82=CIRCLE('',#3006,4.75);
#83=CIRCLE('',#3008,4.00000031292431);
#84=CIRCLE('',#3010,4.00000031292431);
#85=CIRCLE('',#3011,4.00000031292431);
#86=CIRCLE('',#3013,4.5);
#87=CIRCLE('',#3014,4.);
#88=CIRCLE('',#3017,4.);
#89=CIRCLE('',#3019,3.5);
#90=CIRCLE('',#3021,1.8);
#91=CIRCLE('',#3023,0.499999999999998);
#92=CIRCLE('',#3024,3.50000031292431);
#93=CIRCLE('',#3026,0.5);
#94=CIRCLE('',#3027,3.50000031292431);
#95=CIRCLE('',#3028,0.499999999999998);
#96=CIRCLE('',#3030,2.);
#97=CIRCLE('',#3032,1.8);
#98=CIRCLE('',#3033,1.8);
#99=CIRCLE('',#3035,3.5);
#100=CIRCLE('',#3036,3.5);
#101=CIRCLE('',#3038,1.);
#102=CIRCLE('',#3039,1.);
#103=CIRCLE('',#3043,1.8);
#104=CIRCLE('',#3045,2.25);
#105=CIRCLE('',#3050,1.8);
#106=CIRCLE('',#3052,3.);
#107=CIRCLE('',#3053,3.09999999999555);
#108=CIRCLE('',#3054,1.8);
#109=CIRCLE('',#3065,4.00000031292431);
#110=CIRCLE('',#3066,4.00000031292431);
#111=CIRCLE('',#3074,3.09999999999555);
#112=CIRCLE('',#3077,3.);
#113=TOROIDAL_SURFACE('',#2933,5.5,1.5);
#114=TOROIDAL_SURFACE('',#2937,2.5,1.5);
#115=TOROIDAL_SURFACE('',#2940,5.,1.5);
#116=TOROIDAL_SURFACE('',#2974,4.55000031292431,0.55);
#117=TOROIDAL_SURFACE('',#2979,0.95,0.55);
#118=TOROIDAL_SURFACE('',#2984,4.55000031292431,0.55);
#119=TOROIDAL_SURFACE('',#2988,0.95,0.55);
#120=TOROIDAL_SURFACE('',#3012,4.5,0.5);
#121=TOROIDAL_SURFACE('',#3018,3.5,0.5);
#122=TOROIDAL_SURFACE('',#3022,3.50000031292431,0.5);
#123=TOROIDAL_SURFACE('',#3025,3.50000031292431,0.5);
#124=TOROIDAL_SURFACE('',#3029,2.,0.5);
#125=FACE_BOUND('',#459,.T.);
#126=FACE_BOUND('',#500,.T.);
#127=FACE_BOUND('',#513,.T.);
#128=FACE_BOUND('',#517,.T.);
#129=FACE_BOUND('',#523,.T.);
#130=FACE_BOUND('',#549,.T.);
#131=FACE_BOUND('',#561,.T.);
#132=FACE_BOUND('',#563,.T.);
#133=FACE_BOUND('',#565,.T.);
#134=FACE_BOUND('',#567,.T.);
#135=FACE_BOUND('',#573,.T.);
#136=FACE_BOUND('',#574,.T.);
#137=FACE_BOUND('',#575,.T.);
#138=FACE_BOUND('',#576,.T.);
#139=FACE_BOUND('',#577,.T.);
#140=FACE_BOUND('',#586,.T.);
#141=FACE_BOUND('',#587,.T.);
#142=FACE_BOUND('',#588,.T.);
#143=FACE_BOUND('',#602,.T.);
#144=B_SPLINE_CURVE_WITH_KNOTS('',2,(#3723,#3724,#3725),.UNSPECIFIED.,.F.,
 .F.,(3,3),(0.,1.),.UNSPECIFIED.);
#145=B_SPLINE_CURVE_WITH_KNOTS('',2,(#3728,#3729,#3730),.UNSPECIFIED.,.F.,
 .F.,(3,3),(0.,1.),.UNSPECIFIED.);
#146=B_SPLINE_CURVE_WITH_KNOTS('',2,(#3738,#3739,#3740),.UNSPECIFIED.,.F.,
 .F.,(3,3),(0.,1.),.UNSPECIFIED.);
#147=B_SPLINE_CURVE_WITH_KNOTS('',2,(#3743,#3744,#3745),.UNSPECIFIED.,.F.,
 .F.,(3,3),(0.,1.),.UNSPECIFIED.);
#148=B_SPLINE_CURVE_WITH_KNOTS('',2,(#3753,#3754,#3755),.UNSPECIFIED.,.F.,
 .F.,(3,3),(0.,1.),.UNSPECIFIED.);
#149=B_SPLINE_CURVE_WITH_KNOTS('',2,(#3758,#3759,#3760),.UNSPECIFIED.,.F.,
 .F.,(3,3),(0.,1.),.UNSPECIFIED.);
#150=B_SPLINE_CURVE_WITH_KNOTS('',2,(#3768,#3769,#3770),.UNSPECIFIED.,.F.,
 .F.,(3,3),(0.,1.),.UNSPECIFIED.);
#151=B_SPLINE_CURVE_WITH_KNOTS('',2,(#3773,#3774,#3775),.UNSPECIFIED.,.F.,
 .F.,(3,3),(0.,1.),.UNSPECIFIED.);
#152=B_SPLINE_CURVE_WITH_KNOTS('',2,(#3783,#3784,#3785),.UNSPECIFIED.,.F.,
 .F.,(3,3),(0.,1.),.UNSPECIFIED.);
#153=B_SPLINE_CURVE_WITH_KNOTS('',2,(#3788,#3789,#3790),.UNSPECIFIED.,.F.,
 .F.,(3,3),(0.,1.),.UNSPECIFIED.);
#154=B_SPLINE_CURVE_WITH_KNOTS('',2,(#3822,#3823,#3824),.UNSPECIFIED.,.F.,
 .F.,(3,3),(0.,1.),.UNSPECIFIED.);
#155=B_SPLINE_CURVE_WITH_KNOTS('',2,(#3827,#3828,#3829),.UNSPECIFIED.,.F.,
 .F.,(3,3),(0.,1.),.UNSPECIFIED.);
#156=B_SPLINE_CURVE_WITH_KNOTS('',2,(#3837,#3838,#3839),.UNSPECIFIED.,.F.,
 .F.,(3,3),(0.,1.),.UNSPECIFIED.);
#157=B_SPLINE_CURVE_WITH_KNOTS('',2,(#3842,#3843,#3844),.UNSPECIFIED.,.F.,
 .F.,(3,3),(0.,1.),.UNSPECIFIED.);
#158=B_SPLINE_CURVE_WITH_KNOTS('',2,(#3852,#3853,#3854),.UNSPECIFIED.,.F.,
 .F.,(3,3),(0.,1.),.UNSPECIFIED.);
#159=B_SPLINE_CURVE_WITH_KNOTS('',2,(#3857,#3858,#3859),.UNSPECIFIED.,.F.,
 .F.,(3,3),(0.,1.),.UNSPECIFIED.);
#160=B_SPLINE_CURVE_WITH_KNOTS('',2,(#3867,#3868,#3869),.UNSPECIFIED.,.F.,
 .F.,(3,3),(0.,1.),.UNSPECIFIED.);
#161=B_SPLINE_CURVE_WITH_KNOTS('',2,(#3872,#3873,#3874),.UNSPECIFIED.,.F.,
 .F.,(3,3),(0.,1.),.UNSPECIFIED.);
#162=B_SPLINE_CURVE_WITH_KNOTS('',2,(#3900,#3901,#3902),.UNSPECIFIED.,.F.,
 .F.,(3,3),(0.,1.),.UNSPECIFIED.);
#163=B_SPLINE_CURVE_WITH_KNOTS('',2,(#3905,#3906,#3907),.UNSPECIFIED.,.F.,
 .F.,(3,3),(0.,1.),.UNSPECIFIED.);
#164=B_SPLINE_CURVE_WITH_KNOTS('',2,(#3915,#3916,#3917),.UNSPECIFIED.,.F.,
 .F.,(3,3),(0.,1.),.UNSPECIFIED.);
#165=B_SPLINE_CURVE_WITH_KNOTS('',2,(#3920,#3921,#3922),.UNSPECIFIED.,.F.,
 .F.,(3,3),(0.,1.),.UNSPECIFIED.);
#166=B_SPLINE_CURVE_WITH_KNOTS('',2,(#3930,#3931,#3932),.UNSPECIFIED.,.F.,
 .F.,(3,3),(0.,1.),.UNSPECIFIED.);
#167=B_SPLINE_CURVE_WITH_KNOTS('',2,(#3935,#3936,#3937),.UNSPECIFIED.,.F.,
 .F.,(3,3),(0.,1.),.UNSPECIFIED.);
#168=B_SPLINE_CURVE_WITH_KNOTS('',2,(#3945,#3946,#3947),.UNSPECIFIED.,.F.,
 .F.,(3,3),(0.,1.),.UNSPECIFIED.);
#169=B_SPLINE_CURVE_WITH_KNOTS('',2,(#3950,#3951,#3952),.UNSPECIFIED.,.F.,
 .F.,(3,3),(0.,1.),.UNSPECIFIED.);
#170=B_SPLINE_CURVE_WITH_KNOTS('',2,(#3960,#3961,#3962),.UNSPECIFIED.,.F.,
 .F.,(3,3),(0.,1.),.UNSPECIFIED.);
#171=B_SPLINE_CURVE_WITH_KNOTS('',2,(#3965,#3966,#3967),.UNSPECIFIED.,.F.,
 .F.,(3,3),(0.,1.),.UNSPECIFIED.);
#172=B_SPLINE_CURVE_WITH_KNOTS('',2,(#3975,#3976,#3977),.UNSPECIFIED.,.F.,
 .F.,(3,3),(0.,1.),.UNSPECIFIED.);
#173=B_SPLINE_CURVE_WITH_KNOTS('',2,(#3980,#3981,#3982),.UNSPECIFIED.,.F.,
 .F.,(3,3),(0.,1.),.UNSPECIFIED.);
#174=B_SPLINE_CURVE_WITH_KNOTS('',2,(#3990,#3991,#3992),.UNSPECIFIED.,.F.,
 .F.,(3,3),(0.,1.),.UNSPECIFIED.);
#175=B_SPLINE_CURVE_WITH_KNOTS('',2,(#3995,#3996,#3997),.UNSPECIFIED.,.F.,
 .F.,(3,3),(0.,1.),.UNSPECIFIED.);
#176=B_SPLINE_CURVE_WITH_KNOTS('',2,(#4030,#4031,#4032),.UNSPECIFIED.,.F.,
 .F.,(3,3),(0.,1.),.UNSPECIFIED.);
#177=B_SPLINE_CURVE_WITH_KNOTS('',2,(#4035,#4036,#4037),.UNSPECIFIED.,.F.,
 .F.,(3,3),(0.,1.),.UNSPECIFIED.);
#178=B_SPLINE_CURVE_WITH_KNOTS('',2,(#4045,#4046,#4047),.UNSPECIFIED.,.F.,
 .F.,(3,3),(0.,1.),.UNSPECIFIED.);
#179=B_SPLINE_CURVE_WITH_KNOTS('',2,(#4050,#4051,#4052),.UNSPECIFIED.,.F.,
 .F.,(3,3),(0.,1.),.UNSPECIFIED.);
#180=B_SPLINE_CURVE_WITH_KNOTS('',2,(#4090,#4091,#4092),.UNSPECIFIED.,.F.,
 .F.,(3,3),(0.,1.),.UNSPECIFIED.);
#181=B_SPLINE_CURVE_WITH_KNOTS('',2,(#4095,#4096,#4097),.UNSPECIFIED.,.F.,
 .F.,(3,3),(0.,1.),.UNSPECIFIED.);
#182=B_SPLINE_CURVE_WITH_KNOTS('',2,(#4105,#4106,#4107),.UNSPECIFIED.,.F.,
 .F.,(3,3),(0.,1.),.UNSPECIFIED.);
#183=B_SPLINE_CURVE_WITH_KNOTS('',2,(#4110,#4111,#4112),.UNSPECIFIED.,.F.,
 .F.,(3,3),(0.,1.),.UNSPECIFIED.);
#184=B_SPLINE_CURVE_WITH_KNOTS('',2,(#4138,#4139,#4140),.UNSPECIFIED.,.F.,
 .F.,(3,3),(0.,1.),.UNSPECIFIED.);
#185=B_SPLINE_CURVE_WITH_KNOTS('',2,(#4143,#4144,#4145),.UNSPECIFIED.,.F.,
 .F.,(3,3),(0.,1.),.UNSPECIFIED.);
#186=B_SPLINE_CURVE_WITH_KNOTS('',2,(#4153,#4154,#4155),.UNSPECIFIED.,.F.,
 .F.,(3,3),(0.,1.),.UNSPECIFIED.);
#187=B_SPLINE_CURVE_WITH_KNOTS('',2,(#4158,#4159,#4160),.UNSPECIFIED.,.F.,
 .F.,(3,3),(0.,1.),.UNSPECIFIED.);
#188=B_SPLINE_CURVE_WITH_KNOTS('',2,(#4199,#4200,#4201),.UNSPECIFIED.,.F.,
 .F.,(3,3),(0.,1.),.UNSPECIFIED.);
#189=B_SPLINE_CURVE_WITH_KNOTS('',2,(#4204,#4205,#4206),.UNSPECIFIED.,.F.,
 .F.,(3,3),(0.,1.),.UNSPECIFIED.);
#190=B_SPLINE_CURVE_WITH_KNOTS('',2,(#4214,#4215,#4216),.UNSPECIFIED.,.F.,
 .F.,(3,3),(0.,1.),.UNSPECIFIED.);
#191=B_SPLINE_CURVE_WITH_KNOTS('',2,(#4219,#4220,#4221),.UNSPECIFIED.,.F.,
 .F.,(3,3),(0.,1.),.UNSPECIFIED.);
#192=B_SPLINE_CURVE_WITH_KNOTS('',2,(#4229,#4230,#4231),.UNSPECIFIED.,.F.,
 .F.,(3,3),(0.,1.),.UNSPECIFIED.);
#193=B_SPLINE_CURVE_WITH_KNOTS('',2,(#4234,#4235,#4236),.UNSPECIFIED.,.F.,
 .F.,(3,3),(0.,1.),.UNSPECIFIED.);
#194=B_SPLINE_CURVE_WITH_KNOTS('',2,(#4244,#4245,#4246),.UNSPECIFIED.,.F.,
 .F.,(3,3),(0.,1.),.UNSPECIFIED.);
#195=B_SPLINE_CURVE_WITH_KNOTS('',2,(#4249,#4250,#4251),.UNSPECIFIED.,.F.,
 .F.,(3,3),(0.,1.),.UNSPECIFIED.);
#196=B_SPLINE_CURVE_WITH_KNOTS('',2,(#4259,#4260,#4261),.UNSPECIFIED.,.F.,
 .F.,(3,3),(0.,1.),.UNSPECIFIED.);
#197=B_SPLINE_CURVE_WITH_KNOTS('',2,(#4264,#4265,#4266),.UNSPECIFIED.,.F.,
 .F.,(3,3),(0.,1.),.UNSPECIFIED.);
#198=B_SPLINE_CURVE_WITH_KNOTS('',2,(#4298,#4299,#4300),.UNSPECIFIED.,.F.,
 .F.,(3,3),(0.,1.),.UNSPECIFIED.);
#199=B_SPLINE_CURVE_WITH_KNOTS('',2,(#4303,#4304,#4305),.UNSPECIFIED.,.F.,
 .F.,(3,3),(0.,1.),.UNSPECIFIED.);
#200=B_SPLINE_CURVE_WITH_KNOTS('',2,(#4313,#4314,#4315),.UNSPECIFIED.,.F.,
 .F.,(3,3),(0.,1.),.UNSPECIFIED.);
#201=B_SPLINE_CURVE_WITH_KNOTS('',2,(#4318,#4319,#4320),.UNSPECIFIED.,.F.,
 .F.,(3,3),(0.,1.),.UNSPECIFIED.);
#202=B_SPLINE_CURVE_WITH_KNOTS('',2,(#4328,#4329,#4330),.UNSPECIFIED.,.F.,
 .F.,(3,3),(0.,1.),.UNSPECIFIED.);
#203=B_SPLINE_CURVE_WITH_KNOTS('',2,(#4333,#4334,#4335),.UNSPECIFIED.,.F.,
 .F.,(3,3),(0.,1.),.UNSPECIFIED.);
#204=B_SPLINE_CURVE_WITH_KNOTS('',2,(#4343,#4344,#4345),.UNSPECIFIED.,.F.,
 .F.,(3,3),(0.,1.),.UNSPECIFIED.);
#205=B_SPLINE_CURVE_WITH_KNOTS('',2,(#4348,#4349,#4350),.UNSPECIFIED.,.F.,
 .F.,(3,3),(0.,1.),.UNSPECIFIED.);
#206=B_SPLINE_CURVE_WITH_KNOTS('',2,(#4358,#4359,#4360),.UNSPECIFIED.,.F.,
 .F.,(3,3),(0.,1.),.UNSPECIFIED.);
#207=B_SPLINE_CURVE_WITH_KNOTS('',2,(#4363,#4364,#4365),.UNSPECIFIED.,.F.,
 .F.,(3,3),(0.,1.),.UNSPECIFIED.);
#208=B_SPLINE_CURVE_WITH_KNOTS('',2,(#4373,#4374,#4375),.UNSPECIFIED.,.F.,
 .F.,(3,3),(0.,1.),.UNSPECIFIED.);
#209=B_SPLINE_CURVE_WITH_KNOTS('',2,(#4378,#4379,#4380),.UNSPECIFIED.,.F.,
 .F.,(3,3),(0.,1.),.UNSPECIFIED.);
#210=B_SPLINE_CURVE_WITH_KNOTS('',3,(#4406,#4407,#4408,#4409,#4410,#4411),
 .UNSPECIFIED.,.F.,.F.,(4,2,4),(0.906172288619905,1.05066763036543,1.29315326318223),
 .UNSPECIFIED.);
#211=B_SPLINE_CURVE_WITH_KNOTS('',3,(#4418,#4419,#4420,#4421,#4422,#4423,
#4424,#4425,#4426,#4427,#4428,#4429,#4430,#4431),.UNSPECIFIED.,.F.,.F.,
(4,2,2,2,2,2,4),(-0.000632936553976163,0.,0.0369485338006402,0.0737942685628106,
0.134635130136422,0.191291393758414,0.245917579722924),.UNSPECIFIED.);
#212=B_SPLINE_CURVE_WITH_KNOTS('',3,(#4436,#4437,#4438,#4439,#4440,#4441),
 .UNSPECIFIED.,.F.,.F.,(4,2,4),(0.636209307538421,0.708725659955855,0.78619242415006),
 .UNSPECIFIED.);
#213=B_SPLINE_CURVE_WITH_KNOTS('',3,(#4443,#4444,#4445,#4446,#4447,#4448,
#4449,#4450,#4451,#4452,#4453,#4454,#4455,#4456,#4457,#4458,#4459,#4460,
#4461,#4462),.UNSPECIFIED.,.F.,.F.,(4,2,2,2,2,2,2,2,2,4),(0.399687885271851,
0.444013461787221,0.496674027886231,0.531892303136073,0.559650399168206,
0.589005647222442,0.631019528630711,0.675956194679618,0.719544608127132,
0.759822358088438),.UNSPECIFIED.);
#214=B_SPLINE_CURVE_WITH_KNOTS('',3,(#4464,#4465,#4466,#4467,#4468,#4469,
#4470,#4471),.UNSPECIFIED.,.F.,.F.,(4,2,2,4),(0.416140318808387,0.423589163790435,
0.476362852295002,0.493370280768009),.UNSPECIFIED.);
#215=B_SPLINE_CURVE_WITH_KNOTS('',3,(#4507,#4508,#4509,#4510),
 .UNSPECIFIED.,.F.,.F.,(4,4),(0.,0.136559000562017),.UNSPECIFIED.);
#216=B_SPLINE_CURVE_WITH_KNOTS('',3,(#4514,#4515,#4516,#4517,#4518,#4519,
#4520,#4521,#4522,#4523),.UNSPECIFIED.,.F.,.F.,(4,2,2,2,4),(0.249407032906162,
0.273015519467046,0.294032169074657,0.312973628864695,0.330549356441305),
 .UNSPECIFIED.);
#217=B_SPLINE_CURVE_WITH_KNOTS('',3,(#4607,#4608,#4609,#4610,#4611,#4612,
#4613,#4614,#4615,#4616,#4617,#4618,#4619,#4620,#4621,#4622,#4623,#4624,
#4625,#4626,#4627,#4628,#4629,#4630,#4631,#4632,#4633,#4634,#4635,#4636,
#4637,#4638,#4639,#4640),.UNSPECIFIED.,.F.,.F.,(4,3,3,3,3,3,3,3,3,3,3,4),
(0.,0.154460383541766,0.308913777195165,0.466649837891887,0.621146399861314,
0.775623726611777,0.930084704493089,1.09026409406205,1.24474249220388,1.39919076872886,
1.5536417881606,1.57080226276894),.UNSPECIFIED.);
#218=B_SPLINE_CURVE_WITH_KNOTS('',3,(#4644,#4645,#4646,#4647,#4648,#4649,
#4650,#4651,#4652,#4653,#4654,#4655),.UNSPECIFIED.,.F.,.F.,(4,2,2,2,2,4),
(-0.1779184492921,-0.177565297372178,-0.15383314309339,-0.130641680828928,
-0.108745152398103,-0.088757854875214),.UNSPECIFIED.);
#219=B_SPLINE_CURVE_WITH_KNOTS('',3,(#4661,#4662,#4663,#4664,#4665,#4666,
#4667,#4668,#4669,#4670),.UNSPECIFIED.,.F.,.F.,(4,2,2,2,4),(0.344454276843948,
0.350754213444089,0.393096842056552,0.477782099281477,0.525504480970877),
 .UNSPECIFIED.);
#220=B_SPLINE_CURVE_WITH_KNOTS('',3,(#4691,#4692,#4693,#4694,#4695,#4696,
#4697,#4698,#4699,#4700,#4701,#4702),.UNSPECIFIED.,.F.,.F.,(4,2,2,2,2,4),
(0.0121580313810131,0.026910273518629,0.0525793321053887,0.0745021748036862,
0.0942292358325374,0.10384278732317),.UNSPECIFIED.);
#221=B_SPLINE_CURVE_WITH_KNOTS('',3,(#4706,#4707,#4708,#4709),
 .UNSPECIFIED.,.F.,.F.,(4,4),(0.,0.0152647483379433),.UNSPECIFIED.);
#222=B_SPLINE_CURVE_WITH_KNOTS('',3,(#4812,#4813,#4814,#4815,#4816,#4817,
#4818,#4819,#4820,#4821,#4822,#4823,#4824,#4825,#4826,#4827,#4828,#4829,
#4830,#4831),.UNSPECIFIED.,.F.,.F.,(4,1,1,1,1,1,1,1,1,1,1,1,1,1,1,1,1,4),
(-0.100882736496405,-0.100432367137046,-0.099981997777687,-0.0990812590589691,
-0.0972797816215333,-0.0936768267466617,-0.0864709169969185,-0.0792650072471753,
-0.0720590974974321,-0.0576472779979457,-0.0432354584984592,-0.0288236389989728,
-0.0144118194994864,-0.00720590974974321,-0.0036029548748716,-0.0018014774374358,
-0.000900738718717901,0.),.UNSPECIFIED.);
#223=B_SPLINE_CURVE_WITH_KNOTS('',3,(#4832,#4833,#4834,#4835,#4836,#4837,
#4838,#4839,#4840,#4841,#4842,#4843,#4844,#4845,#4846,#4847,#4848,#4849,
#4850,#4851),.UNSPECIFIED.,.F.,.F.,(4,1,1,1,1,1,1,1,1,1,1,1,1,1,1,1,1,4),
(0.,0.000900738718717901,0.0018014774374358,0.0036029548748716,0.00720590974974321,
0.0144118194994864,0.0288236389989728,0.0432354584984592,0.0576472779979457,
0.0720590974974321,0.0792650072471753,0.0864709169969185,0.0936768267466617,
0.0972797816215333,0.0990812590589691,0.099981997777687,0.100432367137046,
0.100882736496405),.UNSPECIFIED.);
#224=B_SPLINE_CURVE_WITH_KNOTS('',3,(#4872,#4873,#4874,#4875),
 .UNSPECIFIED.,.F.,.F.,(4,4),(-1.,0.),.UNSPECIFIED.);
#225=B_SPLINE_CURVE_WITH_KNOTS('',3,(#4961,#4962,#4963,#4964),
 .UNSPECIFIED.,.F.,.F.,(4,4),(-0.0346674036640152,0.),.UNSPECIFIED.);
#226=B_SPLINE_CURVE_WITH_KNOTS('',3,(#4966,#4967,#4968,#4969,#4970),
 .UNSPECIFIED.,.F.,.F.,(4,1,4),(0.,0.571428571428571,1.),.UNSPECIFIED.);
#227=B_SPLINE_CURVE_WITH_KNOTS('',3,(#4971,#4972,#4973,#4974),
 .UNSPECIFIED.,.F.,.F.,(4,4),(-0.0516625125490666,-0.0111450945854105),
 .UNSPECIFIED.);
#228=B_SPLINE_CURVE_WITH_KNOTS('',3,(#4981,#4982,#4983,#4984,#4985,#4986,
#4987,#4988,#4989,#4990),.UNSPECIFIED.,.F.,.F.,(4,2,2,2,4),(0.0779682323618653,
0.0995079411835013,0.12011946601695,0.139223380864286,0.15695533944919),
 .UNSPECIFIED.);
#229=B_SPLINE_CURVE_WITH_KNOTS('',3,(#4994,#4995,#4996,#4997,#4998,#4999,
#5000,#5001,#5002,#5003),.UNSPECIFIED.,.F.,.F.,(4,2,2,2,4),(0.156955339449189,
0.174687298034093,0.19379121288143,0.214402737714877,0.235942446536514),
 .UNSPECIFIED.);
#230=B_SPLINE_CURVE_WITH_KNOTS('',3,(#5009,#5010,#5011,#5012,#5013,#5014,
#5015,#5016,#5017,#5018),.UNSPECIFIED.,.F.,.F.,(4,2,2,2,4),(0.,0.0175757272651506,
0.0365171871781768,0.0575338376587978,0.0811423262421576),.UNSPECIFIED.);
#231=B_SPLINE_CURVE_WITH_KNOTS('',3,(#5022,#5023,#5024,#5025,#5026,#5027,
#5028,#5029,#5030,#5031),.UNSPECIFIED.,.F.,.F.,(4,2,2,2,4),(0.249407044941228,
0.273015533524587,0.294032184005208,0.312973643918234,0.330549371183385),
 .UNSPECIFIED.);
#232=B_SPLINE_CURVE_WITH_KNOTS('',3,(#5078,#5079,#5080,#5081,#5082),
 .UNSPECIFIED.,.F.,.F.,(4,1,4),(-1.,-0.5,0.),.UNSPECIFIED.);
#233=B_SPLINE_CURVE_WITH_KNOTS('',3,(#5083,#5084,#5085,#5086),
 .UNSPECIFIED.,.F.,.F.,(4,4),(0.,0.0346674036640152),.UNSPECIFIED.);
#234=B_SPLINE_CURVE_WITH_KNOTS('',3,(#5115,#5116,#5117,#5118,#5119),
 .UNSPECIFIED.,.F.,.F.,(4,1,4),(-1.,-0.5,0.),.UNSPECIFIED.);
#235=B_SPLINE_CURVE_WITH_KNOTS('',3,(#5120,#5121,#5122,#5123),
 .UNSPECIFIED.,.F.,.F.,(4,4),(0.0111450945854105,0.0516625125490666),
 .UNSPECIFIED.);
#236=B_SPLINE_CURVE_WITH_KNOTS('',3,(#5184,#5185,#5186,#5187,#5188,#5189,
#5190,#5191,#5192,#5193,#5194,#5195,#5196,#5197),.UNSPECIFIED.,.F.,.F.,
(4,2,2,2,2,2,4),(0.,0.056913957253942,0.0995653796835825,0.1353029951589,
0.171057889712005,0.21063391790851,0.252346399448491),.UNSPECIFIED.);
#237=B_SPLINE_CURVE_WITH_KNOTS('',3,(#5199,#5200,#5201,#5202,#5203,#5204,
#5205,#5206,#5207,#5208,#5209,#5210,#5211,#5212),.UNSPECIFIED.,.F.,.F.,
(4,2,2,2,2,2,4),(-0.252346399448491,-0.21063391790851,-0.171057889712005,
-0.1353029951589,-0.0995653796835825,-0.056913957253942,0.),
 .UNSPECIFIED.);
#238=B_SPLINE_SURFACE_WITH_KNOTS('',2,1,((#3716,#3717),(#3718,#3719),(#3720,
#3721)),.UNSPECIFIED.,.F.,.F.,.F.,(3,3),(2,2),(0.,1.),(0.,0.0499999999999998),
 .UNSPECIFIED.);
#239=B_SPLINE_SURFACE_WITH_KNOTS('',2,1,((#3731,#3732),(#3733,#3734),(#3735,
#3736)),.UNSPECIFIED.,.F.,.F.,.F.,(3,3),(2,2),(0.,1.),(0.,0.0499999999999998),
 .UNSPECIFIED.);
#240=B_SPLINE_SURFACE_WITH_KNOTS('',2,1,((#3746,#3747),(#3748,#3749),(#3750,
#3751)),.UNSPECIFIED.,.F.,.F.,.F.,(3,3),(2,2),(0.,1.),(0.,0.0499999999999998),
 .UNSPECIFIED.);
#241=B_SPLINE_SURFACE_WITH_KNOTS('',2,1,((#3761,#3762),(#3763,#3764),(#3765,
#3766)),.UNSPECIFIED.,.F.,.F.,.F.,(3,3),(2,2),(0.,1.),(0.,0.0499999999999998),
 .UNSPECIFIED.);
#242=B_SPLINE_SURFACE_WITH_KNOTS('',2,1,((#3776,#3777),(#3778,#3779),(#3780,
#3781)),.UNSPECIFIED.,.F.,.F.,.F.,(3,3),(2,2),(0.,1.),(0.,0.0499999999999998),
 .UNSPECIFIED.);
#243=B_SPLINE_SURFACE_WITH_KNOTS('',2,1,((#3815,#3816),(#3817,#3818),(#3819,
#3820)),.UNSPECIFIED.,.F.,.F.,.F.,(3,3),(2,2),(0.,1.),(0.,0.0499999999999998),
 .UNSPECIFIED.);
#244=B_SPLINE_SURFACE_WITH_KNOTS('',2,1,((#3830,#3831),(#3832,#3833),(#3834,
#3835)),.UNSPECIFIED.,.F.,.F.,.F.,(3,3),(2,2),(0.,1.),(0.,0.0499999999999998),
 .UNSPECIFIED.);
#245=B_SPLINE_SURFACE_WITH_KNOTS('',2,1,((#3845,#3846),(#3847,#3848),(#3849,
#3850)),.UNSPECIFIED.,.F.,.F.,.F.,(3,3),(2,2),(0.,1.),(0.,0.0499999999999998),
 .UNSPECIFIED.);
#246=B_SPLINE_SURFACE_WITH_KNOTS('',2,1,((#3860,#3861),(#3862,#3863),(#3864,
#3865)),.UNSPECIFIED.,.F.,.F.,.F.,(3,3),(2,2),(0.,1.),(0.,0.0499999999999998),
 .UNSPECIFIED.);
#247=B_SPLINE_SURFACE_WITH_KNOTS('',2,1,((#3893,#3894),(#3895,#3896),(#3897,
#3898)),.UNSPECIFIED.,.F.,.F.,.F.,(3,3),(2,2),(0.,1.),(0.,0.0499999999999998),
 .UNSPECIFIED.);
#248=B_SPLINE_SURFACE_WITH_KNOTS('',2,1,((#3908,#3909),(#3910,#3911),(#3912,
#3913)),.UNSPECIFIED.,.F.,.F.,.F.,(3,3),(2,2),(0.,1.),(0.,0.0499999999999998),
 .UNSPECIFIED.);
#249=B_SPLINE_SURFACE_WITH_KNOTS('',2,1,((#3923,#3924),(#3925,#3926),(#3927,
#3928)),.UNSPECIFIED.,.F.,.F.,.F.,(3,3),(2,2),(0.,1.),(0.,0.0499999999999998),
 .UNSPECIFIED.);
#250=B_SPLINE_SURFACE_WITH_KNOTS('',2,1,((#3938,#3939),(#3940,#3941),(#3942,
#3943)),.UNSPECIFIED.,.F.,.F.,.F.,(3,3),(2,2),(0.,1.),(0.,0.0499999999999998),
 .UNSPECIFIED.);
#251=B_SPLINE_SURFACE_WITH_KNOTS('',2,1,((#3953,#3954),(#3955,#3956),(#3957,
#3958)),.UNSPECIFIED.,.F.,.F.,.F.,(3,3),(2,2),(0.,1.),(0.,0.0499999999999998),
 .UNSPECIFIED.);
#252=B_SPLINE_SURFACE_WITH_KNOTS('',2,1,((#3968,#3969),(#3970,#3971),(#3972,
#3973)),.UNSPECIFIED.,.F.,.F.,.F.,(3,3),(2,2),(0.,1.),(0.,0.0499999999999998),
 .UNSPECIFIED.);
#253=B_SPLINE_SURFACE_WITH_KNOTS('',2,1,((#3983,#3984),(#3985,#3986),(#3987,
#3988)),.UNSPECIFIED.,.F.,.F.,.F.,(3,3),(2,2),(0.,1.),(0.,0.0499999999999998),
 .UNSPECIFIED.);
#254=B_SPLINE_SURFACE_WITH_KNOTS('',2,1,((#4023,#4024),(#4025,#4026),(#4027,
#4028)),.UNSPECIFIED.,.F.,.F.,.F.,(3,3),(2,2),(0.,1.),(0.,0.0499999999999998),
 .UNSPECIFIED.);
#255=B_SPLINE_SURFACE_WITH_KNOTS('',2,1,((#4038,#4039),(#4040,#4041),(#4042,
#4043)),.UNSPECIFIED.,.F.,.F.,.F.,(3,3),(2,2),(0.,1.),(0.,0.0499999999999998),
 .UNSPECIFIED.);
#256=B_SPLINE_SURFACE_WITH_KNOTS('',2,1,((#4083,#4084),(#4085,#4086),(#4087,
#4088)),.UNSPECIFIED.,.F.,.F.,.F.,(3,3),(2,2),(0.,1.),(0.,0.0499999999999998),
 .UNSPECIFIED.);
#257=B_SPLINE_SURFACE_WITH_KNOTS('',2,1,((#4098,#4099),(#4100,#4101),(#4102,
#4103)),.UNSPECIFIED.,.F.,.F.,.F.,(3,3),(2,2),(0.,1.),(0.,0.0499999999999998),
 .UNSPECIFIED.);
#258=B_SPLINE_SURFACE_WITH_KNOTS('',2,1,((#4131,#4132),(#4133,#4134),(#4135,
#4136)),.UNSPECIFIED.,.F.,.F.,.F.,(3,3),(2,2),(0.,1.),(0.,0.0499999999999998),
 .UNSPECIFIED.);
#259=B_SPLINE_SURFACE_WITH_KNOTS('',2,1,((#4146,#4147),(#4148,#4149),(#4150,
#4151)),.UNSPECIFIED.,.F.,.F.,.F.,(3,3),(2,2),(0.,1.),(0.,0.0499999999999998),
 .UNSPECIFIED.);
#260=B_SPLINE_SURFACE_WITH_KNOTS('',2,1,((#4192,#4193),(#4194,#4195),(#4196,
#4197)),.UNSPECIFIED.,.F.,.F.,.F.,(3,3),(2,2),(0.,1.),(0.,0.0499999999999998),
 .UNSPECIFIED.);
#261=B_SPLINE_SURFACE_WITH_KNOTS('',2,1,((#4207,#4208),(#4209,#4210),(#4211,
#4212)),.UNSPECIFIED.,.F.,.F.,.F.,(3,3),(2,2),(0.,1.),(0.,0.0499999999999998),
 .UNSPECIFIED.);
#262=B_SPLINE_SURFACE_WITH_KNOTS('',2,1,((#4222,#4223),(#4224,#4225),(#4226,
#4227)),.UNSPECIFIED.,.F.,.F.,.F.,(3,3),(2,2),(0.,1.),(0.,0.0499999999999998),
 .UNSPECIFIED.);
#263=B_SPLINE_SURFACE_WITH_KNOTS('',2,1,((#4237,#4238),(#4239,#4240),(#4241,
#4242)),.UNSPECIFIED.,.F.,.F.,.F.,(3,3),(2,2),(0.,1.),(0.,0.0499999999999998),
 .UNSPECIFIED.);
#264=B_SPLINE_SURFACE_WITH_KNOTS('',2,1,((#4252,#4253),(#4254,#4255),(#4256,
#4257)),.UNSPECIFIED.,.F.,.F.,.F.,(3,3),(2,2),(0.,1.),(0.,0.0499999999999998),
 .UNSPECIFIED.);
#265=B_SPLINE_SURFACE_WITH_KNOTS('',2,1,((#4291,#4292),(#4293,#4294),(#4295,
#4296)),.UNSPECIFIED.,.F.,.F.,.F.,(3,3),(2,2),(0.,1.),(0.,0.0499999999999998),
 .UNSPECIFIED.);
#266=B_SPLINE_SURFACE_WITH_KNOTS('',2,1,((#4306,#4307),(#4308,#4309),(#4310,
#4311)),.UNSPECIFIED.,.F.,.F.,.F.,(3,3),(2,2),(0.,1.),(0.,0.0499999999999998),
 .UNSPECIFIED.);
#267=B_SPLINE_SURFACE_WITH_KNOTS('',2,1,((#4321,#4322),(#4323,#4324),(#4325,
#4326)),.UNSPECIFIED.,.F.,.F.,.F.,(3,3),(2,2),(0.,1.),(0.,0.0499999999999998),
 .UNSPECIFIED.);
#268=B_SPLINE_SURFACE_WITH_KNOTS('',2,1,((#4336,#4337),(#4338,#4339),(#4340,
#4341)),.UNSPECIFIED.,.F.,.F.,.F.,(3,3),(2,2),(0.,1.),(0.,0.0499999999999998),
 .UNSPECIFIED.);
#269=B_SPLINE_SURFACE_WITH_KNOTS('',2,1,((#4351,#4352),(#4353,#4354),(#4355,
#4356)),.UNSPECIFIED.,.F.,.F.,.F.,(3,3),(2,2),(0.,1.),(0.,0.0499999999999998),
 .UNSPECIFIED.);
#270=B_SPLINE_SURFACE_WITH_KNOTS('',2,1,((#4366,#4367),(#4368,#4369),(#4370,
#4371)),.UNSPECIFIED.,.F.,.F.,.F.,(3,3),(2,2),(0.,1.),(0.,0.0499999999999998),
 .UNSPECIFIED.);
#271=B_SPLINE_SURFACE_WITH_KNOTS('',3,3,((#4710,#4711,#4712,#4713,#4714,
#4715,#4716,#4717,#4718,#4719,#4720,#4721,#4722,#4723,#4724,#4725,#4726,
#4727,#4728,#4729),(#4730,#4731,#4732,#4733,#4734,#4735,#4736,#4737,#4738,
#4739,#4740,#4741,#4742,#4743,#4744,#4745,#4746,#4747,#4748,#4749),(#4750,
#4751,#4752,#4753,#4754,#4755,#4756,#4757,#4758,#4759,#4760,#4761,#4762,
#4763,#4764,#4765,#4766,#4767,#4768,#4769),(#4770,#4771,#4772,#4773,#4774,
#4775,#4776,#4777,#4778,#4779,#4780,#4781,#4782,#4783,#4784,#4785,#4786,
#4787,#4788,#4789),(#4790,#4791,#4792,#4793,#4794,#4795,#4796,#4797,#4798,
#4799,#4800,#4801,#4802,#4803,#4804,#4805,#4806,#4807,#4808,#4809)),
 .UNSPECIFIED.,.F.,.F.,.F.,(4,1,4),(4,1,1,1,1,1,1,1,1,1,1,1,1,1,1,1,1,4),
(0.,0.5,1.),(0.,0.000900738718717901,0.0018014774374358,0.0036029548748716,
0.00720590974974321,0.0144118194994864,0.0288236389989728,0.0432354584984592,
0.0576472779979457,0.0720590974974321,0.0792650072471753,0.0864709169969185,
0.0936768267466617,0.0972797816215333,0.0990812590589691,0.099981997777687,
0.100432367137046,0.100882736496405),.UNSPECIFIED.);
#272=B_SPLINE_SURFACE_WITH_KNOTS('',3,3,((#4852,#4853,#4854,#4855),(#4856,
#4857,#4858,#4859),(#4860,#4861,#4862,#4863),(#4864,#4865,#4866,#4867),
(#4868,#4869,#4870,#4871)),.UNSPECIFIED.,.F.,.F.,.F.,(4,1,4),(4,4),(0.,
0.571428571428571,1.),(0.,1.),.UNSPECIFIED.);
#273=B_SPLINE_SURFACE_WITH_KNOTS('',3,1,((#4914,#4915),(#4916,#4917),(#4918,
#4919),(#4920,#4921),(#4922,#4923),(#4924,#4925),(#4926,#4927),(#4928,#4929),
(#4930,#4931),(#4932,#4933),(#4934,#4935),(#4936,#4937),(#4938,#4939),(#4940,
#4941),(#4942,#4943),(#4944,#4945),(#4946,#4947),(#4948,#4949),(#4950,#4951),
(#4952,#4953),(#4954,#4955),(#4956,#4957)),.UNSPECIFIED.,.F.,.F.,.F.,(4,
2,2,2,2,2,2,2,2,2,4),(2,2),(-0.144792500043882,-0.135836902901438,-0.101416091515609,
-0.0884965967696939,-0.0823896165954503,-0.0789451717695627,-0.075926819913698,
-0.0720832598923601,-0.0656815897395811,-0.0220490991610002,0.),(-0.0749999999999997,
0.40001618474451),.UNSPECIFIED.);
#274=B_SPLINE_SURFACE_WITH_KNOTS('',3,3,((#5057,#5058,#5059,#5060),(#5061,
#5062,#5063,#5064),(#5065,#5066,#5067,#5068),(#5069,#5070,#5071,#5072),
(#5073,#5074,#5075,#5076)),.UNSPECIFIED.,.F.,.F.,.F.,(4,1,4),(4,4),(0.,
0.5,1.),(-0.0346674036640152,0.),.UNSPECIFIED.);
#275=B_SPLINE_SURFACE_WITH_KNOTS('',3,3,((#5095,#5096,#5097,#5098),(#5099,
#5100,#5101,#5102),(#5103,#5104,#5105,#5106),(#5107,#5108,#5109,#5110),
(#5111,#5112,#5113,#5114)),.UNSPECIFIED.,.F.,.F.,.F.,(4,1,4),(4,4),(0.,
0.5,1.),(0.0111450945854105,0.0516625125490666),.UNSPECIFIED.);
#276=B_SPLINE_SURFACE_WITH_KNOTS('',3,3,((#5124,#5125,#5126,#5127,#5128),
(#5129,#5130,#5131,#5132,#5133),(#5134,#5135,#5136,#5137,#5138),(#5139,
#5140,#5141,#5142,#5143),(#5144,#5145,#5146,#5147,#5148)),.UNSPECIFIED.,
 .F.,.F.,.F.,(4,1,4),(4,1,4),(0.,0.571428571428571,1.),(0.,0.571428571428571,
1.),.UNSPECIFIED.);
#277=B_SPLINE_SURFACE_WITH_KNOTS('',3,1,((#5155,#5156),(#5157,#5158),(#5159,
#5160),(#5161,#5162),(#5163,#5164),(#5165,#5166),(#5167,#5168),(#5169,#5170),
(#5171,#5172),(#5173,#5174),(#5175,#5176),(#5177,#5178),(#5179,#5180),(#5181,
#5182)),.UNSPECIFIED.,.F.,.F.,.F.,(4,2,2,2,2,2,4),(2,2),(-0.252346399448491,
-0.21063391790851,-0.171057889712005,-0.1353029951589,-0.0995653796835825,
-0.056913957253942,0.),(0.,0.4),.UNSPECIFIED.);
#278=FACE_OUTER_BOUND('',#431,.T.);
#279=FACE_OUTER_BOUND('',#432,.T.);
#280=FACE_OUTER_BOUND('',#433,.T.);
#281=FACE_OUTER_BOUND('',#434,.T.);
#282=FACE_OUTER_BOUND('',#435,.T.);
#283=FACE_OUTER_BOUND('',#436,.T.);
#284=FACE_OUTER_BOUND('',#437,.T.);
#285=FACE_OUTER_BOUND('',#438,.T.);
#286=FACE_OUTER_BOUND('',#439,.T.);
#287=FACE_OUTER_BOUND('',#440,.T.);
#288=FACE_OUTER_BOUND('',#441,.T.);
#289=FACE_OUTER_BOUND('',#442,.T.);
#290=FACE_OUTER_BOUND('',#443,.T.);
#291=FACE_OUTER_BOUND('',#444,.T.);
#292=FACE_OUTER_BOUND('',#445,.T.);
#293=FACE_OUTER_BOUND('',#446,.T.);
#294=FACE_OUTER_BOUND('',#447,.T.);
#295=FACE_OUTER_BOUND('',#448,.T.);
#296=FACE_OUTER_BOUND('',#449,.T.);
#297=FACE_OUTER_BOUND('',#450,.T.);
#298=FACE_OUTER_BOUND('',#451,.T.);
#299=FACE_OUTER_BOUND('',#452,.T.);
#300=FACE_OUTER_BOUND('',#453,.T.);
#301=FACE_OUTER_BOUND('',#454,.T.);
#302=FACE_OUTER_BOUND('',#455,.T.);
#303=FACE_OUTER_BOUND('',#456,.T.);
#304=FACE_OUTER_BOUND('',#457,.T.);
#305=FACE_OUTER_BOUND('',#458,.T.);
#306=FACE_OUTER_BOUND('',#460,.T.);
#307=FACE_OUTER_BOUND('',#461,.T.);
#308=FACE_OUTER_BOUND('',#462,.T.);
#309=FACE_OUTER_BOUND('',#463,.T.);
#310=FACE_OUTER_BOUND('',#464,.T.);
#311=FACE_OUTER_BOUND('',#465,.T.);
#312=FACE_OUTER_BOUND('',#466,.T.);
#313=FACE_OUTER_BOUND('',#467,.T.);
#314=FACE_OUTER_BOUND('',#468,.T.);
#315=FACE_OUTER_BOUND('',#469,.T.);
#316=FACE_OUTER_BOUND('',#470,.T.);
#317=FACE_OUTER_BOUND('',#471,.T.);
#318=FACE_OUTER_BOUND('',#472,.T.);
#319=FACE_OUTER_BOUND('',#473,.T.);
#320=FACE_OUTER_BOUND('',#474,.T.);
#321=FACE_OUTER_BOUND('',#475,.T.);
#322=FACE_OUTER_BOUND('',#476,.T.);
#323=FACE_OUTER_BOUND('',#477,.T.);
#324=FACE_OUTER_BOUND('',#478,.T.);
#325=FACE_OUTER_BOUND('',#479,.T.);
#326=FACE_OUTER_BOUND('',#480,.T.);
#327=FACE_OUTER_BOUND('',#481,.T.);
#328=FACE_OUTER_BOUND('',#482,.T.);
#329=FACE_OUTER_BOUND('',#483,.T.);
#330=FACE_OUTER_BOUND('',#484,.T.);
#331=FACE_OUTER_BOUND('',#485,.T.);
#332=FACE_OUTER_BOUND('',#486,.T.);
#333=FACE_OUTER_BOUND('',#487,.T.);
#334=FACE_OUTER_BOUND('',#488,.T.);
#335=FACE_OUTER_BOUND('',#489,.T.);
#336=FACE_OUTER_BOUND('',#490,.T.);
#337=FACE_OUTER_BOUND('',#491,.T.);
#338=FACE_OUTER_BOUND('',#492,.T.);
#339=FACE_OUTER_BOUND('',#493,.T.);
#340=FACE_OUTER_BOUND('',#494,.T.);
#341=FACE_OUTER_BOUND('',#495,.T.);
#342=FACE_OUTER_BOUND('',#496,.T.);
#343=FACE_OUTER_BOUND('',#497,.T.);
#344=FACE_OUTER_BOUND('',#498,.T.);
#345=FACE_OUTER_BOUND('',#499,.T.);
#346=FACE_OUTER_BOUND('',#501,.T.);
#347=FACE_OUTER_BOUND('',#502,.T.);
#348=FACE_OUTER_BOUND('',#503,.T.);
#349=FACE_OUTER_BOUND('',#504,.T.);
#350=FACE_OUTER_BOUND('',#505,.T.);
#351=FACE_OUTER_BOUND('',#506,.T.);
#352=FACE_OUTER_BOUND('',#507,.T.);
#353=FACE_OUTER_BOUND('',#508,.T.);
#354=FACE_OUTER_BOUND('',#509,.T.);
#355=FACE_OUTER_BOUND('',#510,.T.);
#356=FACE_OUTER_BOUND('',#511,.T.);
#357=FACE_OUTER_BOUND('',#512,.T.);
#358=FACE_OUTER_BOUND('',#514,.T.);
#359=FACE_OUTER_BOUND('',#515,.T.);
#360=FACE_OUTER_BOUND('',#516,.T.);
#361=FACE_OUTER_BOUND('',#518,.T.);
#362=FACE_OUTER_BOUND('',#519,.T.);
#363=FACE_OUTER_BOUND('',#520,.T.);
#364=FACE_OUTER_BOUND('',#521,.T.);
#365=FACE_OUTER_BOUND('',#522,.T.);
#366=FACE_OUTER_BOUND('',#524,.T.);
#367=FACE_OUTER_BOUND('',#525,.T.);
#368=FACE_OUTER_BOUND('',#526,.T.);
#369=FACE_OUTER_BOUND('',#527,.T.);
#370=FACE_OUTER_BOUND('',#528,.T.);
#371=FACE_OUTER_BOUND('',#529,.T.);
#372=FACE_OUTER_BOUND('',#530,.T.);
#373=FACE_OUTER_BOUND('',#531,.T.);
#374=FACE_OUTER_BOUND('',#532,.T.);
#375=FACE_OUTER_BOUND('',#533,.T.);
#376=FACE_OUTER_BOUND('',#534,.T.);
#377=FACE_OUTER_BOUND('',#535,.T.);
#378=FACE_OUTER_BOUND('',#536,.T.);
#379=FACE_OUTER_BOUND('',#537,.T.);
#380=FACE_OUTER_BOUND('',#538,.T.);
#381=FACE_OUTER_BOUND('',#539,.T.);
#382=FACE_OUTER_BOUND('',#540,.T.);
#383=FACE_OUTER_BOUND('',#541,.T.);
#384=FACE_OUTER_BOUND('',#542,.T.);
#385=FACE_OUTER_BOUND('',#543,.T.);
#386=FACE_OUTER_BOUND('',#544,.T.);
#387=FACE_OUTER_BOUND('',#545,.T.);
#388=FACE_OUTER_BOUND('',#546,.T.);
#389=FACE_OUTER_BOUND('',#547,.T.);
#390=FACE_OUTER_BOUND('',#548,.T.);
#391=FACE_OUTER_BOUND('',#550,.T.);
#392=FACE_OUTER_BOUND('',#551,.T.);
#393=FACE_OUTER_BOUND('',#552,.T.);
#394=FACE_OUTER_BOUND('',#553,.T.);
#395=FACE_OUTER_BOUND('',#554,.T.);
#396=FACE_OUTER_BOUND('',#555,.T.);
#397=FACE_OUTER_BOUND('',#556,.T.);
#398=FACE_OUTER_BOUND('',#557,.T.);
#399=FACE_OUTER_BOUND('',#558,.T.);
#400=FACE_OUTER_BOUND('',#559,.T.);
#401=FACE_OUTER_BOUND('',#560,.T.);
#402=FACE_OUTER_BOUND('',#562,.T.);
#403=FACE_OUTER_BOUND('',#564,.T.);
#404=FACE_OUTER_BOUND('',#566,.T.);
#405=FACE_OUTER_BOUND('',#568,.T.);
#406=FACE_OUTER_BOUND('',#569,.T.);
#407=FACE_OUTER_BOUND('',#570,.T.);
#408=FACE_OUTER_BOUND('',#571,.T.);
#409=FACE_OUTER_BOUND('',#572,.T.);
#410=FACE_OUTER_BOUND('',#578,.T.);
#411=FACE_OUTER_BOUND('',#579,.T.);
#412=FACE_OUTER_BOUND('',#580,.T.);
#413=FACE_OUTER_BOUND('',#581,.T.);
#414=FACE_OUTER_BOUND('',#582,.T.);
#415=FACE_OUTER_BOUND('',#583,.T.);
#416=FACE_OUTER_BOUND('',#584,.T.);
#417=FACE_OUTER_BOUND('',#585,.T.);
#418=FACE_OUTER_BOUND('',#589,.T.);
#419=FACE_OUTER_BOUND('',#590,.T.);
#420=FACE_OUTER_BOUND('',#591,.T.);
#421=FACE_OUTER_BOUND('',#592,.T.);
#422=FACE_OUTER_BOUND('',#593,.T.);
#423=FACE_OUTER_BOUND('',#594,.T.);
#424=FACE_OUTER_BOUND('',#595,.T.);
#425=FACE_OUTER_BOUND('',#596,.T.);
#426=FACE_OUTER_BOUND('',#597,.T.);
#427=FACE_OUTER_BOUND('',#598,.T.);
#428=FACE_OUTER_BOUND('',#599,.T.);
#429=FACE_OUTER_BOUND('',#600,.T.);
#430=FACE_OUTER_BOUND('',#601,.T.);
#431=EDGE_LOOP('',(#1813,#1814,#1815,#1816));
#432=EDGE_LOOP('',(#1817,#1818,#1819,#1820));
#433=EDGE_LOOP('',(#1821,#1822,#1823,#1824));
#434=EDGE_LOOP('',(#1825,#1826,#1827,#1828));
#435=EDGE_LOOP('',(#1829,#1830,#1831,#1832));
#436=EDGE_LOOP('',(#1833,#1834,#1835,#1836));
#437=EDGE_LOOP('',(#1837,#1838,#1839,#1840));
#438=EDGE_LOOP('',(#1841,#1842,#1843,#1844));
#439=EDGE_LOOP('',(#1845,#1846,#1847,#1848));
#440=EDGE_LOOP('',(#1849,#1850,#1851,#1852));
#441=EDGE_LOOP('',(#1853,#1854,#1855,#1856));
#442=EDGE_LOOP('',(#1857,#1858,#1859,#1860));
#443=EDGE_LOOP('',(#1861,#1862,#1863,#1864));
#444=EDGE_LOOP('',(#1865,#1866,#1867,#1868));
#445=EDGE_LOOP('',(#1869,#1870,#1871,#1872));
#446=EDGE_LOOP('',(#1873,#1874,#1875,#1876));
#447=EDGE_LOOP('',(#1877,#1878,#1879,#1880));
#448=EDGE_LOOP('',(#1881,#1882,#1883,#1884));
#449=EDGE_LOOP('',(#1885,#1886,#1887,#1888));
#450=EDGE_LOOP('',(#1889,#1890,#1891,#1892));
#451=EDGE_LOOP('',(#1893,#1894,#1895,#1896));
#452=EDGE_LOOP('',(#1897,#1898,#1899,#1900));
#453=EDGE_LOOP('',(#1901,#1902,#1903,#1904));
#454=EDGE_LOOP('',(#1905,#1906,#1907,#1908));
#455=EDGE_LOOP('',(#1909,#1910,#1911,#1912));
#456=EDGE_LOOP('',(#1913,#1914,#1915,#1916));
#457=EDGE_LOOP('',(#1917,#1918,#1919,#1920));
#458=EDGE_LOOP('',(#1921,#1922,#1923,#1924,#1925,#1926,#1927,#1928,#1929,
#1930,#1931,#1932,#1933,#1934,#1935,#1936,#1937,#1938,#1939));
#459=EDGE_LOOP('',(#1940,#1941,#1942,#1943,#1944,#1945,#1946,#1947));
#460=EDGE_LOOP('',(#1948,#1949,#1950,#1951));
#461=EDGE_LOOP('',(#1952,#1953,#1954,#1955));
#462=EDGE_LOOP('',(#1956,#1957,#1958,#1959));
#463=EDGE_LOOP('',(#1960,#1961,#1962,#1963));
#464=EDGE_LOOP('',(#1964,#1965,#1966,#1967));
#465=EDGE_LOOP('',(#1968,#1969,#1970,#1971));
#466=EDGE_LOOP('',(#1972,#1973,#1974,#1975));
#467=EDGE_LOOP('',(#1976,#1977,#1978,#1979));
#468=EDGE_LOOP('',(#1980,#1981,#1982,#1983));
#469=EDGE_LOOP('',(#1984,#1985,#1986,#1987));
#470=EDGE_LOOP('',(#1988,#1989,#1990,#1991));
#471=EDGE_LOOP('',(#1992,#1993,#1994,#1995));
#472=EDGE_LOOP('',(#1996,#1997,#1998,#1999));
#473=EDGE_LOOP('',(#2000,#2001,#2002,#2003));
#474=EDGE_LOOP('',(#2004,#2005,#2006,#2007));
#475=EDGE_LOOP('',(#2008,#2009,#2010,#2011));
#476=EDGE_LOOP('',(#2012,#2013,#2014,#2015));
#477=EDGE_LOOP('',(#2016,#2017,#2018,#2019));
#478=EDGE_LOOP('',(#2020,#2021,#2022,#2023));
#479=EDGE_LOOP('',(#2024,#2025,#2026,#2027,#2028,#2029,#2030,#2031,#2032,
#2033,#2034,#2035,#2036,#2037,#2038,#2039,#2040,#2041,#2042));
#480=EDGE_LOOP('',(#2043,#2044,#2045,#2046));
#481=EDGE_LOOP('',(#2047,#2048,#2049,#2050));
#482=EDGE_LOOP('',(#2051,#2052,#2053,#2054));
#483=EDGE_LOOP('',(#2055,#2056,#2057,#2058));
#484=EDGE_LOOP('',(#2059,#2060,#2061,#2062));
#485=EDGE_LOOP('',(#2063,#2064,#2065,#2066));
#486=EDGE_LOOP('',(#2067,#2068,#2069,#2070));
#487=EDGE_LOOP('',(#2071,#2072,#2073,#2074));
#488=EDGE_LOOP('',(#2075,#2076,#2077,#2078));
#489=EDGE_LOOP('',(#2079,#2080,#2081,#2082));
#490=EDGE_LOOP('',(#2083,#2084,#2085,#2086));
#491=EDGE_LOOP('',(#2087,#2088,#2089,#2090));
#492=EDGE_LOOP('',(#2091,#2092,#2093,#2094));
#493=EDGE_LOOP('',(#2095,#2096,#2097,#2098));
#494=EDGE_LOOP('',(#2099,#2100,#2101,#2102));
#495=EDGE_LOOP('',(#2103,#2104,#2105,#2106));
#496=EDGE_LOOP('',(#2107,#2108,#2109,#2110));
#497=EDGE_LOOP('',(#2111,#2112,#2113,#2114));
#498=EDGE_LOOP('',(#2115,#2116,#2117,#2118));
#499=EDGE_LOOP('',(#2119,#2120,#2121,#2122,#2123,#2124,#2125,#2126,#2127,
#2128,#2129));
#500=EDGE_LOOP('',(#2130,#2131,#2132,#2133,#2134,#2135,#2136,#2137));
#501=EDGE_LOOP('',(#2138,#2139,#2140,#2141,#2142,#2143,#2144,#2145));
#502=EDGE_LOOP('',(#2146,#2147,#2148,#2149,#2150,#2151,#2152,#2153));
#503=EDGE_LOOP('',(#2154,#2155,#2156,#2157));
#504=EDGE_LOOP('',(#2158,#2159,#2160,#2161));
#505=EDGE_LOOP('',(#2162,#2163,#2164,#2165,#2166,#2167));
#506=EDGE_LOOP('',(#2168,#2169,#2170,#2171));
#507=EDGE_LOOP('',(#2172,#2173,#2174,#2175));
#508=EDGE_LOOP('',(#2176,#2177,#2178,#2179));
#509=EDGE_LOOP('',(#2180,#2181,#2182,#2183));
#510=EDGE_LOOP('',(#2184,#2185,#2186,#2187));
#511=EDGE_LOOP('',(#2188,#2189,#2190,#2191,#2192,#2193,#2194,#2195,#2196,
#2197,#2198,#2199,#2200,#2201,#2202));
#512=EDGE_LOOP('',(#2203,#2204,#2205,#2206,#2207,#2208,#2209));
#513=EDGE_LOOP('',(#2210,#2211,#2212,#2213));
#514=EDGE_LOOP('',(#2214,#2215,#2216,#2217));
#515=EDGE_LOOP('',(#2218,#2219,#2220,#2221));
#516=EDGE_LOOP('',(#2222,#2223,#2224,#2225,#2226,#2227));
#517=EDGE_LOOP('',(#2228));
#518=EDGE_LOOP('',(#2229,#2230,#2231,#2232));
#519=EDGE_LOOP('',(#2233,#2234,#2235,#2236));
#520=EDGE_LOOP('',(#2237,#2238,#2239,#2240));
#521=EDGE_LOOP('',(#2241,#2242,#2243,#2244));
#522=EDGE_LOOP('',(#2245,#2246,#2247,#2248));
#523=EDGE_LOOP('',(#2249,#2250,#2251,#2252));
#524=EDGE_LOOP('',(#2253,#2254,#2255,#2256));
#525=EDGE_LOOP('',(#2257,#2258,#2259,#2260));
#526=EDGE_LOOP('',(#2261,#2262,#2263,#2264));
#527=EDGE_LOOP('',(#2265,#2266,#2267,#2268,#2269));
#528=EDGE_LOOP('',(#2270,#2271,#2272,#2273));
#529=EDGE_LOOP('',(#2274,#2275,#2276,#2277));
#530=EDGE_LOOP('',(#2278,#2279,#2280,#2281));
#531=EDGE_LOOP('',(#2282,#2283,#2284));
#532=EDGE_LOOP('',(#2285,#2286,#2287,#2288));
#533=EDGE_LOOP('',(#2289,#2290,#2291));
#534=EDGE_LOOP('',(#2292,#2293,#2294,#2295,#2296,#2297,#2298,#2299));
#535=EDGE_LOOP('',(#2300,#2301,#2302,#2303,#2304));
#536=EDGE_LOOP('',(#2305,#2306,#2307,#2308,#2309,#2310));
#537=EDGE_LOOP('',(#2311,#2312,#2313,#2314,#2315));
#538=EDGE_LOOP('',(#2316,#2317,#2318,#2319,#2320,#2321));
#539=EDGE_LOOP('',(#2322,#2323,#2324,#2325));
#540=EDGE_LOOP('',(#2326,#2327,#2328,#2329));
#541=EDGE_LOOP('',(#2330,#2331,#2332,#2333));
#542=EDGE_LOOP('',(#2334,#2335,#2336,#2337,#2338,#2339,#2340));
#543=EDGE_LOOP('',(#2341,#2342,#2343,#2344,#2345,#2346));
#544=EDGE_LOOP('',(#2347,#2348,#2349,#2350));
#545=EDGE_LOOP('',(#2351,#2352,#2353,#2354,#2355,#2356,#2357,#2358,#2359,
#2360,#2361,#2362,#2363,#2364));
#546=EDGE_LOOP('',(#2365,#2366,#2367,#2368));
#547=EDGE_LOOP('',(#2369,#2370,#2371,#2372));
#548=EDGE_LOOP('',(#2373,#2374));
#549=EDGE_LOOP('',(#2375));
#550=EDGE_LOOP('',(#2376,#2377,#2378,#2379));
#551=EDGE_LOOP('',(#2380,#2381,#2382,#2383));
#552=EDGE_LOOP('',(#2384,#2385,#2386,#2387));
#553=EDGE_LOOP('',(#2388,#2389,#2390,#2391));
#554=EDGE_LOOP('',(#2392,#2393,#2394,#2395));
#555=EDGE_LOOP('',(#2396,#2397,#2398));
#556=EDGE_LOOP('',(#2399,#2400,#2401,#2402));
#557=EDGE_LOOP('',(#2403,#2404,#2405,#2406));
#558=EDGE_LOOP('',(#2407,#2408,#2409,#2410));
#559=EDGE_LOOP('',(#2411,#2412,#2413,#2414));
#560=EDGE_LOOP('',(#2415,#2416,#2417,#2418));
#561=EDGE_LOOP('',(#2419));
#562=EDGE_LOOP('',(#2420,#2421,#2422,#2423));
#563=EDGE_LOOP('',(#2424));
#564=EDGE_LOOP('',(#2425,#2426,#2427,#2428,#2429,#2430));
#565=EDGE_LOOP('',(#2431));
#566=EDGE_LOOP('',(#2432,#2433,#2434,#2435,#2436,#2437,#2438,#2439,#2440,
#2441,#2442));
#567=EDGE_LOOP('',(#2443,#2444,#2445,#2446));
#568=EDGE_LOOP('',(#2447,#2448,#2449,#2450));
#569=EDGE_LOOP('',(#2451,#2452,#2453,#2454));
#570=EDGE_LOOP('',(#2455,#2456,#2457,#2458));
#571=EDGE_LOOP('',(#2459,#2460,#2461,#2462));
#572=EDGE_LOOP('',(#2463,#2464,#2465,#2466,#2467,#2468,#2469,#2470,#2471,
#2472,#2473,#2474));
#573=EDGE_LOOP('',(#2475,#2476,#2477,#2478,#2479,#2480,#2481,#2482,#2483,
#2484,#2485,#2486,#2487,#2488,#2489,#2490));
#574=EDGE_LOOP('',(#2491));
#575=EDGE_LOOP('',(#2492,#2493,#2494,#2495));
#576=EDGE_LOOP('',(#2496));
#577=EDGE_LOOP('',(#2497));
#578=EDGE_LOOP('',(#2498,#2499,#2500,#2501));
#579=EDGE_LOOP('',(#2502,#2503,#2504,#2505));
#580=EDGE_LOOP('',(#2506,#2507,#2508,#2509));
#581=EDGE_LOOP('',(#2510,#2511,#2512,#2513));
#582=EDGE_LOOP('',(#2514,#2515,#2516,#2517));
#583=EDGE_LOOP('',(#2518,#2519,#2520,#2521));
#584=EDGE_LOOP('',(#2522,#2523,#2524,#2525));
#585=EDGE_LOOP('',(#2526,#2527,#2528,#2529));
#586=EDGE_LOOP('',(#2530,#2531,#2532,#2533,#2534,#2535,#2536,#2537,#2538,
#2539,#2540));
#587=EDGE_LOOP('',(#2541,#2542,#2543,#2544,#2545,#2546,#2547,#2548,#2549,
#2550,#2551,#2552,#2553,#2554,#2555,#2556,#2557,#2558,#2559));
#588=EDGE_LOOP('',(#2560,#2561,#2562,#2563,#2564,#2565,#2566,#2567,#2568,
#2569,#2570,#2571,#2572,#2573,#2574,#2575,#2576,#2577,#2578));
#589=EDGE_LOOP('',(#2579,#2580,#2581,#2582));
#590=EDGE_LOOP('',(#2583,#2584,#2585,#2586));
#591=EDGE_LOOP('',(#2587,#2588,#2589,#2590,#2591,#2592,#2593,#2594));
#592=EDGE_LOOP('',(#2595,#2596,#2597,#2598));
#593=EDGE_LOOP('',(#2599,#2600,#2601,#2602));
#594=EDGE_LOOP('',(#2603,#2604,#2605,#2606));
#595=EDGE_LOOP('',(#2607,#2608,#2609,#2610));
#596=EDGE_LOOP('',(#2611,#2612,#2613,#2614));
#597=EDGE_LOOP('',(#2615,#2616,#2617,#2618));
#598=EDGE_LOOP('',(#2619,#2620,#2621,#2622));
#599=EDGE_LOOP('',(#2623,#2624,#2625,#2626));
#600=EDGE_LOOP('',(#2627,#2628,#2629,#2630));
#601=EDGE_LOOP('',(#2631,#2632,#2633,#2634,#2635,#2636,#2637,#2638,#2639,
#2640,#2641,#2642,#2643,#2644));
#602=EDGE_LOOP('',(#2645,#2646,#2647,#2648,#2649,#2650,#2651,#2652,#2653,
#2654));
#603=LINE('',#3710,#859);
#604=LINE('',#3712,#860);
#605=LINE('',#3714,#861);
#606=LINE('',#3715,#862);
#607=LINE('',#3727,#863);
#608=LINE('',#3742,#864);
#609=LINE('',#3757,#865);
#610=LINE('',#3772,#866);
#611=LINE('',#3787,#867);
#612=LINE('',#3793,#868);
#613=LINE('',#3795,#869);
#614=LINE('',#3796,#870);
#615=LINE('',#3798,#871);
#616=LINE('',#3799,#872);
#617=LINE('',#3803,#873);
#618=LINE('',#3805,#874);
#619=LINE('',#3807,#875);
#620=LINE('',#3808,#876);
#621=LINE('',#3811,#877);
#622=LINE('',#3813,#878);
#623=LINE('',#3814,#879);
#624=LINE('',#3826,#880);
#625=LINE('',#3841,#881);
#626=LINE('',#3856,#882);
#627=LINE('',#3871,#883);
#628=LINE('',#3877,#884);
#629=LINE('',#3879,#885);
#630=LINE('',#3880,#886);
#631=LINE('',#3883,#887);
#632=LINE('',#3885,#888);
#633=LINE('',#3886,#889);
#634=LINE('',#3889,#890);
#635=LINE('',#3891,#891);
#636=LINE('',#3892,#892);
#637=LINE('',#3904,#893);
#638=LINE('',#3919,#894);
#639=LINE('',#3934,#895);
#640=LINE('',#3949,#896);
#641=LINE('',#3964,#897);
#642=LINE('',#3979,#898);
#643=LINE('',#3994,#899);
#644=LINE('',#4000,#900);
#645=LINE('',#4002,#901);
#646=LINE('',#4003,#902);
#647=LINE('',#4006,#903);
#648=LINE('',#4008,#904);
#649=LINE('',#4009,#905);
#650=LINE('',#4011,#906);
#651=LINE('',#4012,#907);
#652=LINE('',#4017,#908);
#653=LINE('',#4019,#909);
#654=LINE('',#4021,#910);
#655=LINE('',#4022,#911);
#656=LINE('',#4034,#912);
#657=LINE('',#4049,#913);
#658=LINE('',#4055,#914);
#659=LINE('',#4057,#915);
#660=LINE('',#4058,#916);
#661=LINE('',#4061,#917);
#662=LINE('',#4063,#918);
#663=LINE('',#4064,#919);
#664=LINE('',#4067,#920);
#665=LINE('',#4069,#921);
#666=LINE('',#4070,#922);
#667=LINE('',#4073,#923);
#668=LINE('',#4075,#924);
#669=LINE('',#4076,#925);
#670=LINE('',#4079,#926);
#671=LINE('',#4081,#927);
#672=LINE('',#4082,#928);
#673=LINE('',#4094,#929);
#674=LINE('',#4109,#930);
#675=LINE('',#4115,#931);
#676=LINE('',#4117,#932);
#677=LINE('',#4118,#933);
#678=LINE('',#4121,#934);
#679=LINE('',#4123,#935);
#680=LINE('',#4124,#936);
#681=LINE('',#4127,#937);
#682=LINE('',#4129,#938);
#683=LINE('',#4130,#939);
#684=LINE('',#4142,#940);
#685=LINE('',#4157,#941);
#686=LINE('',#4163,#942);
#687=LINE('',#4165,#943);
#688=LINE('',#4166,#944);
#689=LINE('',#4169,#945);
#690=LINE('',#4171,#946);
#691=LINE('',#4172,#947);
#692=LINE('',#4175,#948);
#693=LINE('',#4177,#949);
#694=LINE('',#4178,#950);
#695=LINE('',#4180,#951);
#696=LINE('',#4181,#952);
#697=LINE('',#4186,#953);
#698=LINE('',#4188,#954);
#699=LINE('',#4190,#955);
#700=LINE('',#4191,#956);
#701=LINE('',#4203,#957);
#702=LINE('',#4218,#958);
#703=LINE('',#4233,#959);
#704=LINE('',#4248,#960);
#705=LINE('',#4263,#961);
#706=LINE('',#4269,#962);
#707=LINE('',#4271,#963);
#708=LINE('',#4272,#964);
#709=LINE('',#4274,#965);
#710=LINE('',#4275,#966);
#711=LINE('',#4279,#967);
#712=LINE('',#4281,#968);
#713=LINE('',#4283,#969);
#714=LINE('',#4284,#970);
#715=LINE('',#4287,#971);
#716=LINE('',#4289,#972);
#717=LINE('',#4290,#973);
#718=LINE('',#4302,#974);
#719=LINE('',#4317,#975);
#720=LINE('',#4332,#976);
#721=LINE('',#4347,#977);
#722=LINE('',#4362,#978);
#723=LINE('',#4377,#979);
#724=LINE('',#4383,#980);
#725=LINE('',#4385,#981);
#726=LINE('',#4386,#982);
#727=LINE('',#4389,#983);
#728=LINE('',#4391,#984);
#729=LINE('',#4392,#985);
#730=LINE('',#4394,#986);
#731=LINE('',#4395,#987);
#732=LINE('',#4475,#988);
#733=LINE('',#4478,#989);
#734=LINE('',#4481,#990);
#735=LINE('',#4485,#991);
#736=LINE('',#4489,#992);
#737=LINE('',#4493,#993);
#738=LINE('',#4497,#994);
#739=LINE('',#4499,#995);
#740=LINE('',#4501,#996);
#741=LINE('',#4503,#997);
#742=LINE('',#4505,#998);
#743=LINE('',#4512,#999);
#744=LINE('',#4525,#1000);
#745=LINE('',#4527,#1001);
#746=LINE('',#4529,#1002);
#747=LINE('',#4531,#1003);
#748=LINE('',#4532,#1004);
#749=LINE('',#4535,#1005);
#750=LINE('',#4537,#1006);
#751=LINE('',#4539,#1007);
#752=LINE('',#4541,#1008);
#753=LINE('',#4542,#1009);
#754=LINE('',#4545,#1010);
#755=LINE('',#4547,#1011);
#756=LINE('',#4549,#1012);
#757=LINE('',#4550,#1013);
#758=LINE('',#4552,#1014);
#759=LINE('',#4553,#1015);
#760=LINE('',#4558,#1016);
#761=LINE('',#4564,#1017);
#762=LINE('',#4566,#1018);
#763=LINE('',#4568,#1019);
#764=LINE('',#4569,#1020);
#765=LINE('',#4574,#1021);
#766=LINE('',#4578,#1022);
#767=LINE('',#4580,#1023);
#768=LINE('',#4581,#1024);
#769=LINE('',#4588,#1025);
#770=LINE('',#4592,#1026);
#771=LINE('',#4596,#1027);
#772=LINE('',#4599,#1028);
#773=LINE('',#4602,#1029);
#774=LINE('',#4603,#1030);
#775=LINE('',#4659,#1031);
#776=LINE('',#4673,#1032);
#777=LINE('',#4884,#1033);
#778=LINE('',#4889,#1034);
#779=LINE('',#4892,#1035);
#780=LINE('',#4895,#1036);
#781=LINE('',#4898,#1037);
#782=LINE('',#4900,#1038);
#783=LINE('',#4902,#1039);
#784=LINE('',#4903,#1040);
#785=LINE('',#4906,#1041);
#786=LINE('',#4907,#1042);
#787=LINE('',#4912,#1043);
#788=LINE('',#4959,#1044);
#789=LINE('',#5007,#1045);
#790=LINE('',#5020,#1046);
#791=LINE('',#5032,#1047);
#792=LINE('',#5034,#1048);
#793=LINE('',#5036,#1049);
#794=LINE('',#5038,#1050);
#795=LINE('',#5040,#1051);
#796=LINE('',#5042,#1052);
#797=LINE('',#5044,#1053);
#798=LINE('',#5045,#1054);
#799=LINE('',#5153,#1055);
#800=LINE('',#5213,#1056);
#801=LINE('',#5219,#1057);
#802=LINE('',#5230,#1058);
#803=LINE('',#5232,#1059);
#804=LINE('',#5233,#1060);
#805=LINE('',#5234,#1061);
#806=LINE('',#5237,#1062);
#807=LINE('',#5239,#1063);
#808=LINE('',#5242,#1064);
#809=LINE('',#5246,#1065);
#810=LINE('',#5250,#1066);
#811=LINE('',#5254,#1067);
#812=LINE('',#5258,#1068);
#813=LINE('',#5260,#1069);
#814=LINE('',#5262,#1070);
#815=LINE('',#5264,#1071);
#816=LINE('',#5266,#1072);
#817=LINE('',#5268,#1073);
#818=LINE('',#5270,#1074);
#819=LINE('',#5271,#1075);
#820=LINE('',#5273,#1076);
#821=LINE('',#5275,#1077);
#822=LINE('',#5276,#1078);
#823=LINE('',#5280,#1079);
#824=LINE('',#5283,#1080);
#825=LINE('',#5285,#1081);
#826=LINE('',#5286,#1082);
#827=LINE('',#5288,#1083);
#828=LINE('',#5291,#1084);
#829=LINE('',#5292,#1085);
#830=LINE('',#5295,#1086);
#831=LINE('',#5296,#1087);
#832=LINE('',#5299,#1088);
#833=LINE('',#5301,#1089);
#834=LINE('',#5302,#1090);
#835=LINE('',#5305,#1091);
#836=LINE('',#5306,#1092);
#837=LINE('',#5309,#1093);
#838=LINE('',#5310,#1094);
#839=LINE('',#5313,#1095);
#840=LINE('',#5314,#1096);
#841=LINE('',#5318,#1097);
#842=LINE('',#5322,#1098);
#843=LINE('',#5326,#1099);
#844=LINE('',#5327,#1100);
#845=LINE('',#5328,#1101);
#846=LINE('',#5330,#1102);
#847=LINE('',#5332,#1103);
#848=LINE('',#5335,#1104);
#849=LINE('',#5336,#1105);
#850=LINE('',#5339,#1106);
#851=LINE('',#5340,#1107);
#852=LINE('',#5343,#1108);
#853=LINE('',#5344,#1109);
#854=LINE('',#5347,#1110);
#855=LINE('',#5351,#1111);
#856=LINE('',#5352,#1112);
#857=LINE('',#5355,#1113);
#858=LINE('',#5358,#1114);
#859=VECTOR('',#3084,10.);
#860=VECTOR('',#3085,10.);
#861=VECTOR('',#3086,10.);
#862=VECTOR('',#3087,10.);
#863=VECTOR('',#3088,10.);
#864=VECTOR('',#3089,10.);
#865=VECTOR('',#3090,10.);
#866=VECTOR('',#3091,10.);
#867=VECTOR('',#3092,10.);
#868=VECTOR('',#3095,10.);
#869=VECTOR('',#3096,10.);
#870=VECTOR('',#3097,10.);
#871=VECTOR('',#3100,10.);
#872=VECTOR('',#3101,10.);
#873=VECTOR('',#3104,10.);
#874=VECTOR('',#3105,10.);
#875=VECTOR('',#3106,10.);
#876=VECTOR('',#3107,10.);
#877=VECTOR('',#3110,10.);
#878=VECTOR('',#3111,10.);
#879=VECTOR('',#3112,10.);
#880=VECTOR('',#3113,10.);
#881=VECTOR('',#3114,10.);
#882=VECTOR('',#3115,10.);
#883=VECTOR('',#3116,10.);
#884=VECTOR('',#3119,10.);
#885=VECTOR('',#3120,10.);
#886=VECTOR('',#3121,10.);
#887=VECTOR('',#3124,10.);
#888=VECTOR('',#3125,10.);
#889=VECTOR('',#3126,10.);
#890=VECTOR('',#3129,10.);
#891=VECTOR('',#3130,10.);
#892=VECTOR('',#3131,10.);
#893=VECTOR('',#3132,10.);
#894=VECTOR('',#3133,10.);
#895=VECTOR('',#3134,10.);
#896=VECTOR('',#3135,10.);
#897=VECTOR('',#3136,10.);
#898=VECTOR('',#3137,10.);
#899=VECTOR('',#3138,10.);
#900=VECTOR('',#3141,10.);
#901=VECTOR('',#3142,10.);
#902=VECTOR('',#3143,10.);
#903=VECTOR('',#3146,10.);
#904=VECTOR('',#3147,10.);
#905=VECTOR('',#3148,10.);
#906=VECTOR('',#3151,10.);
#907=VECTOR('',#3152,10.);
#908=VECTOR('',#3157,10.);
#909=VECTOR('',#3158,10.);
#910=VECTOR('',#3159,10.);
#911=VECTOR('',#3160,10.);
#912=VECTOR('',#3161,10.);
#913=VECTOR('',#3162,10.);
#914=VECTOR('',#3165,10.);
#915=VECTOR('',#3166,10.);
#916=VECTOR('',#3167,10.);
#917=VECTOR('',#3170,10.);
#918=VECTOR('',#3171,10.);
#919=VECTOR('',#3172,10.);
#920=VECTOR('',#3175,10.);
#921=VECTOR('',#3176,10.);
#922=VECTOR('',#3177,10.);
#923=VECTOR('',#3180,10.);
#924=VECTOR('',#3181,10.);
#925=VECTOR('',#3182,10.);
#926=VECTOR('',#3185,10.);
#927=VECTOR('',#3186,10.);
#928=VECTOR('',#3187,10.);
#929=VECTOR('',#3188,10.);
#930=VECTOR('',#3189,10.);
#931=VECTOR('',#3192,10.);
#932=VECTOR('',#3193,10.);
#933=VECTOR('',#3194,10.);
#934=VECTOR('',#3197,10.);
#935=VECTOR('',#3198,10.);
#936=VECTOR('',#3199,10.);
#937=VECTOR('',#3202,10.);
#938=VECTOR('',#3203,10.);
#939=VECTOR('',#3204,10.);
#940=VECTOR('',#3205,10.);
#941=VECTOR('',#3206,10.);
#942=VECTOR('',#3209,10.);
#943=VECTOR('',#3210,10.);
#944=VECTOR('',#3211,10.);
#945=VECTOR('',#3214,10.);
#946=VECTOR('',#3215,10.);
#947=VECTOR('',#3216,10.);
#948=VECTOR('',#3219,10.);
#949=VECTOR('',#3220,10.);
#950=VECTOR('',#3221,10.);
#951=VECTOR('',#3224,10.);
#952=VECTOR('',#3225,10.);
#953=VECTOR('',#3230,10.);
#954=VECTOR('',#3231,10.);
#955=VECTOR('',#3232,10.);
#956=VECTOR('',#3233,10.);
#957=VECTOR('',#3234,10.);
#958=VECTOR('',#3235,10.);
#959=VECTOR('',#3236,10.);
#960=VECTOR('',#3237,10.);
#961=VECTOR('',#3238,10.);
#962=VECTOR('',#3241,10.);
#963=VECTOR('',#3242,10.);
#964=VECTOR('',#3243,10.);
#965=VECTOR('',#3246,10.);
#966=VECTOR('',#3247,10.);
#967=VECTOR('',#3250,10.);
#968=VECTOR('',#3251,10.);
#969=VECTOR('',#3252,10.);
#970=VECTOR('',#3253,10.);
#971=VECTOR('',#3256,10.);
#972=VECTOR('',#3257,10.);
#973=VECTOR('',#3258,10.);
#974=VECTOR('',#3259,10.);
#975=VECTOR('',#3260,10.);
#976=VECTOR('',#3261,10.);
#977=VECTOR('',#3262,10.);
#978=VECTOR('',#3263,10.);
#979=VECTOR('',#3264,10.);
#980=VECTOR('',#3267,10.);
#981=VECTOR('',#3268,10.);
#982=VECTOR('',#3269,10.);
#983=VECTOR('',#3272,10.);
#984=VECTOR('',#3273,10.);
#985=VECTOR('',#3274,10.);
#986=VECTOR('',#3277,10.);
#987=VECTOR('',#3278,10.);
#988=VECTOR('',#3307,4.);
#989=VECTOR('',#3310,4.);
#990=VECTOR('',#3313,10.);
#991=VECTOR('',#3318,10.);
#992=VECTOR('',#3323,1.45);
#993=VECTOR('',#3328,1.45);
#994=VECTOR('',#3333,10.);
#995=VECTOR('',#3334,10.);
#996=VECTOR('',#3335,10.);
#997=VECTOR('',#3336,10.);
#998=VECTOR('',#3337,10.);
#999=VECTOR('',#3338,10.);
#1000=VECTOR('',#3339,10.);
#1001=VECTOR('',#3340,10.);
#1002=VECTOR('',#3341,10.);
#1003=VECTOR('',#3342,10.);
#1004=VECTOR('',#3343,10.);
#1005=VECTOR('',#3346,10.);
#1006=VECTOR('',#3347,10.);
#1007=VECTOR('',#3348,10.);
#1008=VECTOR('',#3349,10.);
#1009=VECTOR('',#3350,10.);
#1010=VECTOR('',#3351,10.);
#1011=VECTOR('',#3352,10.);
#1012=VECTOR('',#3353,10.);
#1013=VECTOR('',#3354,10.);
#1014=VECTOR('',#3357,10.);
#1015=VECTOR('',#3358,10.);
#1016=VECTOR('',#3363,1.1);
#1017=VECTOR('',#3370,10.);
#1018=VECTOR('',#3371,10.);
#1019=VECTOR('',#3372,10.);
#1020=VECTOR('',#3373,10.);
#1021=VECTOR('',#3378,10.);
#1022=VECTOR('',#3383,10.);
#1023=VECTOR('',#3384,10.);
#1024=VECTOR('',#3385,10.);
#1025=VECTOR('',#3394,10.);
#1026=VECTOR('',#3397,10.);
#1027=VECTOR('',#3402,10.);
#1028=VECTOR('',#3405,10.);
#1029=VECTOR('',#3408,10.);
#1030=VECTOR('',#3409,10.);
#1031=VECTOR('',#3418,10.);
#1032=VECTOR('',#3421,10.);
#1033=VECTOR('',#3460,10.);
#1034=VECTOR('',#3467,0.949999999999989);
#1035=VECTOR('',#3470,2.3);
#1036=VECTOR('',#3473,10.);
#1037=VECTOR('',#3476,10.);
#1038=VECTOR('',#3477,10.);
#1039=VECTOR('',#3478,10.);
#1040=VECTOR('',#3479,10.);
#1041=VECTOR('',#3482,10.);
#1042=VECTOR('',#3483,10.);
#1043=VECTOR('',#3490,10.);
#1044=VECTOR('',#3493,10.);
#1045=VECTOR('',#3508,10.);
#1046=VECTOR('',#3509,10.);
#1047=VECTOR('',#3510,10.);
#1048=VECTOR('',#3511,10.);
#1049=VECTOR('',#3512,10.);
#1050=VECTOR('',#3513,10.);
#1051=VECTOR('',#3514,10.);
#1052=VECTOR('',#3515,10.);
#1053=VECTOR('',#3516,10.);
#1054=VECTOR('',#3517,10.);
#1055=VECTOR('',#3552,1.8);
#1056=VECTOR('',#3555,10.);
#1057=VECTOR('',#3562,10.);
#1058=VECTOR('',#3579,10.);
#1059=VECTOR('',#3580,10.);
#1060=VECTOR('',#3581,10.);
#1061=VECTOR('',#3582,10.);
#1062=VECTOR('',#3585,10.);
#1063=VECTOR('',#3588,10.);
#1064=VECTOR('',#3593,10.);
#1065=VECTOR('',#3598,1.8);
#1066=VECTOR('',#3601,10.);
#1067=VECTOR('',#3604,10.);
#1068=VECTOR('',#3607,10.);
#1069=VECTOR('',#3608,10.);
#1070=VECTOR('',#3609,10.);
#1071=VECTOR('',#3610,10.);
#1072=VECTOR('',#3611,10.);
#1073=VECTOR('',#3612,10.);
#1074=VECTOR('',#3613,10.);
#1075=VECTOR('',#3614,10.);
#1076=VECTOR('',#3615,10.);
#1077=VECTOR('',#3616,10.);
#1078=VECTOR('',#3617,10.);
#1079=VECTOR('',#3622,1.8);
#1080=VECTOR('',#3625,10.);
#1081=VECTOR('',#3626,10.);
#1082=VECTOR('',#3627,10.);
#1083=VECTOR('',#3630,10.);
#1084=VECTOR('',#3633,10.);
#1085=VECTOR('',#3634,10.);
#1086=VECTOR('',#3637,10.);
#1087=VECTOR('',#3638,10.);
#1088=VECTOR('',#3641,10.);
#1089=VECTOR('',#3642,10.);
#1090=VECTOR('',#3643,10.);
#1091=VECTOR('',#3646,10.);
#1092=VECTOR('',#3647,10.);
#1093=VECTOR('',#3650,10.);
#1094=VECTOR('',#3651,10.);
#1095=VECTOR('',#3654,10.);
#1096=VECTOR('',#3655,10.);
#1097=VECTOR('',#3658,10.);
#1098=VECTOR('',#3661,10.);
#1099=VECTOR('',#3666,10.);
#1100=VECTOR('',#3667,10.);
#1101=VECTOR('',#3668,10.);
#1102=VECTOR('',#3671,10.);
#1103=VECTOR('',#3674,10.);
#1104=VECTOR('',#3677,10.);
#1105=VECTOR('',#3678,10.);
#1106=VECTOR('',#3681,10.);
#1107=VECTOR('',#3682,10.);
#1108=VECTOR('',#3685,10.);
#1109=VECTOR('',#3686,10.);
#1110=VECTOR('',#3689,10.);
#1111=VECTOR('',#3694,10.);
#1112=VECTOR('',#3695,10.);
#1113=VECTOR('',#3698,10.);
#1114=VECTOR('',#3703,10.);
#1115=VERTEX_POINT('',#3708);
#1116=VERTEX_POINT('',#3709);
#1117=VERTEX_POINT('',#3711);
#1118=VERTEX_POINT('',#3713);
#1119=VERTEX_POINT('',#3722);
#1120=VERTEX_POINT('',#3726);
#1121=VERTEX_POINT('',#3737);
#1122=VERTEX_POINT('',#3741);
#1123=VERTEX_POINT('',#3752);
#1124=VERTEX_POINT('',#3756);
#1125=VERTEX_POINT('',#3767);
#1126=VERTEX_POINT('',#3771);
#1127=VERTEX_POINT('',#3782);
#1128=VERTEX_POINT('',#3786);
#1129=VERTEX_POINT('',#3792);
#1130=VERTEX_POINT('',#3794);
#1131=VERTEX_POINT('',#3801);
#1132=VERTEX_POINT('',#3802);
#1133=VERTEX_POINT('',#3804);
#1134=VERTEX_POINT('',#3806);
#1135=VERTEX_POINT('',#3810);
#1136=VERTEX_POINT('',#3812);
#1137=VERTEX_POINT('',#3821);
#1138=VERTEX_POINT('',#3825);
#1139=VERTEX_POINT('',#3836);
#1140=VERTEX_POINT('',#3840);
#1141=VERTEX_POINT('',#3851);
#1142=VERTEX_POINT('',#3855);
#1143=VERTEX_POINT('',#3866);
#1144=VERTEX_POINT('',#3870);
#1145=VERTEX_POINT('',#3876);
#1146=VERTEX_POINT('',#3878);
#1147=VERTEX_POINT('',#3882);
#1148=VERTEX_POINT('',#3884);
#1149=VERTEX_POINT('',#3888);
#1150=VERTEX_POINT('',#3890);
#1151=VERTEX_POINT('',#3899);
#1152=VERTEX_POINT('',#3903);
#1153=VERTEX_POINT('',#3914);
#1154=VERTEX_POINT('',#3918);
#1155=VERTEX_POINT('',#3929);
#1156=VERTEX_POINT('',#3933);
#1157=VERTEX_POINT('',#3944);
#1158=VERTEX_POINT('',#3948);
#1159=VERTEX_POINT('',#3959);
#1160=VERTEX_POINT('',#3963);
#1161=VERTEX_POINT('',#3974);
#1162=VERTEX_POINT('',#3978);
#1163=VERTEX_POINT('',#3989);
#1164=VERTEX_POINT('',#3993);
#1165=VERTEX_POINT('',#3999);
#1166=VERTEX_POINT('',#4001);
#1167=VERTEX_POINT('',#4005);
#1168=VERTEX_POINT('',#4007);
#1169=VERTEX_POINT('',#4015);
#1170=VERTEX_POINT('',#4016);
#1171=VERTEX_POINT('',#4018);
#1172=VERTEX_POINT('',#4020);
#1173=VERTEX_POINT('',#4029);
#1174=VERTEX_POINT('',#4033);
#1175=VERTEX_POINT('',#4044);
#1176=VERTEX_POINT('',#4048);
#1177=VERTEX_POINT('',#4054);
#1178=VERTEX_POINT('',#4056);
#1179=VERTEX_POINT('',#4060);
#1180=VERTEX_POINT('',#4062);
#1181=VERTEX_POINT('',#4066);
#1182=VERTEX_POINT('',#4068);
#1183=VERTEX_POINT('',#4072);
#1184=VERTEX_POINT('',#4074);
#1185=VERTEX_POINT('',#4078);
#1186=VERTEX_POINT('',#4080);
#1187=VERTEX_POINT('',#4089);
#1188=VERTEX_POINT('',#4093);
#1189=VERTEX_POINT('',#4104);
#1190=VERTEX_POINT('',#4108);
#1191=VERTEX_POINT('',#4114);
#1192=VERTEX_POINT('',#4116);
#1193=VERTEX_POINT('',#4120);
#1194=VERTEX_POINT('',#4122);
#1195=VERTEX_POINT('',#4126);
#1196=VERTEX_POINT('',#4128);
#1197=VERTEX_POINT('',#4137);
#1198=VERTEX_POINT('',#4141);
#1199=VERTEX_POINT('',#4152);
#1200=VERTEX_POINT('',#4156);
#1201=VERTEX_POINT('',#4162);
#1202=VERTEX_POINT('',#4164);
#1203=VERTEX_POINT('',#4168);
#1204=VERTEX_POINT('',#4170);
#1205=VERTEX_POINT('',#4174);
#1206=VERTEX_POINT('',#4176);
#1207=VERTEX_POINT('',#4184);
#1208=VERTEX_POINT('',#4185);
#1209=VERTEX_POINT('',#4187);
#1210=VERTEX_POINT('',#4189);
#1211=VERTEX_POINT('',#4198);
#1212=VERTEX_POINT('',#4202);
#1213=VERTEX_POINT('',#4213);
#1214=VERTEX_POINT('',#4217);
#1215=VERTEX_POINT('',#4228);
#1216=VERTEX_POINT('',#4232);
#1217=VERTEX_POINT('',#4243);
#1218=VERTEX_POINT('',#4247);
#1219=VERTEX_POINT('',#4258);
#1220=VERTEX_POINT('',#4262);
#1221=VERTEX_POINT('',#4268);
#1222=VERTEX_POINT('',#4270);
#1223=VERTEX_POINT('',#4277);
#1224=VERTEX_POINT('',#4278);
#1225=VERTEX_POINT('',#4280);
#1226=VERTEX_POINT('',#4282);
#1227=VERTEX_POINT('',#4286);
#1228=VERTEX_POINT('',#4288);
#1229=VERTEX_POINT('',#4297);
#1230=VERTEX_POINT('',#4301);
#1231=VERTEX_POINT('',#4312);
#1232=VERTEX_POINT('',#4316);
#1233=VERTEX_POINT('',#4327);
#1234=VERTEX_POINT('',#4331);
#1235=VERTEX_POINT('',#4342);
#1236=VERTEX_POINT('',#4346);
#1237=VERTEX_POINT('',#4357);
#1238=VERTEX_POINT('',#4361);
#1239=VERTEX_POINT('',#4372);
#1240=VERTEX_POINT('',#4376);
#1241=VERTEX_POINT('',#4382);
#1242=VERTEX_POINT('',#4384);
#1243=VERTEX_POINT('',#4388);
#1244=VERTEX_POINT('',#4390);
#1245=VERTEX_POINT('',#4400);
#1246=VERTEX_POINT('',#4401);
#1247=VERTEX_POINT('',#4403);
#1248=VERTEX_POINT('',#4405);
#1249=VERTEX_POINT('',#4414);
#1250=VERTEX_POINT('',#4416);
#1251=VERTEX_POINT('',#4433);
#1252=VERTEX_POINT('',#4435);
#1253=VERTEX_POINT('',#4442);
#1254=VERTEX_POINT('',#4463);
#1255=VERTEX_POINT('',#4474);
#1256=VERTEX_POINT('',#4476);
#1257=VERTEX_POINT('',#4480);
#1258=VERTEX_POINT('',#4484);
#1259=VERTEX_POINT('',#4488);
#1260=VERTEX_POINT('',#4492);
#1261=VERTEX_POINT('',#4496);
#1262=VERTEX_POINT('',#4498);
#1263=VERTEX_POINT('',#4500);
#1264=VERTEX_POINT('',#4502);
#1265=VERTEX_POINT('',#4504);
#1266=VERTEX_POINT('',#4506);
#1267=VERTEX_POINT('',#4511);
#1268=VERTEX_POINT('',#4513);
#1269=VERTEX_POINT('',#4524);
#1270=VERTEX_POINT('',#4526);
#1271=VERTEX_POINT('',#4528);
#1272=VERTEX_POINT('',#4530);
#1273=VERTEX_POINT('',#4534);
#1274=VERTEX_POINT('',#4536);
#1275=VERTEX_POINT('',#4538);
#1276=VERTEX_POINT('',#4540);
#1277=VERTEX_POINT('',#4543);
#1278=VERTEX_POINT('',#4544);
#1279=VERTEX_POINT('',#4546);
#1280=VERTEX_POINT('',#4548);
#1281=VERTEX_POINT('',#4555);
#1282=VERTEX_POINT('',#4557);
#1283=VERTEX_POINT('',#4562);
#1284=VERTEX_POINT('',#4563);
#1285=VERTEX_POINT('',#4565);
#1286=VERTEX_POINT('',#4567);
#1287=VERTEX_POINT('',#4571);
#1288=VERTEX_POINT('',#4573);
#1289=VERTEX_POINT('',#4577);
#1290=VERTEX_POINT('',#4579);
#1291=VERTEX_POINT('',#4586);
#1292=VERTEX_POINT('',#4587);
#1293=VERTEX_POINT('',#4589);
#1294=VERTEX_POINT('',#4591);
#1295=VERTEX_POINT('',#4595);
#1296=VERTEX_POINT('',#4597);
#1297=VERTEX_POINT('',#4601);
#1298=VERTEX_POINT('',#4605);
#1299=VERTEX_POINT('',#4606);
#1300=VERTEX_POINT('',#4641);
#1301=VERTEX_POINT('',#4643);
#1302=VERTEX_POINT('',#4658);
#1303=VERTEX_POINT('',#4660);
#1304=VERTEX_POINT('',#4671);
#1305=VERTEX_POINT('',#4675);
#1306=VERTEX_POINT('',#4676);
#1307=VERTEX_POINT('',#4678);
#1308=VERTEX_POINT('',#4680);
#1309=VERTEX_POINT('',#4684);
#1310=VERTEX_POINT('',#4685);
#1311=VERTEX_POINT('',#4690);
#1312=VERTEX_POINT('',#4810);
#1313=VERTEX_POINT('',#4877);
#1314=VERTEX_POINT('',#4879);
#1315=VERTEX_POINT('',#4883);
#1316=VERTEX_POINT('',#4887);
#1317=VERTEX_POINT('',#4891);
#1318=VERTEX_POINT('',#4893);
#1319=VERTEX_POINT('',#4897);
#1320=VERTEX_POINT('',#4899);
#1321=VERTEX_POINT('',#4901);
#1322=VERTEX_POINT('',#4905);
#1323=VERTEX_POINT('',#4911);
#1324=VERTEX_POINT('',#4958);
#1325=VERTEX_POINT('',#4960);
#1326=VERTEX_POINT('',#4965);
#1327=VERTEX_POINT('',#4979);
#1328=VERTEX_POINT('',#4980);
#1329=VERTEX_POINT('',#4991);
#1330=VERTEX_POINT('',#4993);
#1331=VERTEX_POINT('',#5006);
#1332=VERTEX_POINT('',#5008);
#1333=VERTEX_POINT('',#5019);
#1334=VERTEX_POINT('',#5021);
#1335=VERTEX_POINT('',#5033);
#1336=VERTEX_POINT('',#5035);
#1337=VERTEX_POINT('',#5037);
#1338=VERTEX_POINT('',#5039);
#1339=VERTEX_POINT('',#5041);
#1340=VERTEX_POINT('',#5043);
#1341=VERTEX_POINT('',#5051);
#1342=VERTEX_POINT('',#5054);
#1343=VERTEX_POINT('',#5077);
#1344=VERTEX_POINT('',#5088);
#1345=VERTEX_POINT('',#5090);
#1346=VERTEX_POINT('',#5150);
#1347=VERTEX_POINT('',#5152);
#1348=VERTEX_POINT('',#5183);
#1349=VERTEX_POINT('',#5198);
#1350=VERTEX_POINT('',#5215);
#1351=VERTEX_POINT('',#5217);
#1352=VERTEX_POINT('',#5226);
#1353=VERTEX_POINT('',#5229);
#1354=VERTEX_POINT('',#5231);
#1355=VERTEX_POINT('',#5235);
#1356=VERTEX_POINT('',#5244);
#1357=VERTEX_POINT('',#5248);
#1358=VERTEX_POINT('',#5249);
#1359=VERTEX_POINT('',#5251);
#1360=VERTEX_POINT('',#5253);
#1361=VERTEX_POINT('',#5255);
#1362=VERTEX_POINT('',#5257);
#1363=VERTEX_POINT('',#5259);
#1364=VERTEX_POINT('',#5261);
#1365=VERTEX_POINT('',#5263);
#1366=VERTEX_POINT('',#5265);
#1367=VERTEX_POINT('',#5267);
#1368=VERTEX_POINT('',#5269);
#1369=VERTEX_POINT('',#5272);
#1370=VERTEX_POINT('',#5274);
#1371=VERTEX_POINT('',#5277);
#1372=VERTEX_POINT('',#5282);
#1373=VERTEX_POINT('',#5284);
#1374=VERTEX_POINT('',#5290);
#1375=VERTEX_POINT('',#5294);
#1376=VERTEX_POINT('',#5298);
#1377=VERTEX_POINT('',#5300);
#1378=VERTEX_POINT('',#5304);
#1379=VERTEX_POINT('',#5308);
#1380=VERTEX_POINT('',#5312);
#1381=VERTEX_POINT('',#5316);
#1382=VERTEX_POINT('',#5317);
#1383=VERTEX_POINT('',#5319);
#1384=VERTEX_POINT('',#5321);
#1385=VERTEX_POINT('',#5325);
#1386=VERTEX_POINT('',#5334);
#1387=VERTEX_POINT('',#5338);
#1388=VERTEX_POINT('',#5342);
#1389=VERTEX_POINT('',#5346);
#1390=VERTEX_POINT('',#5350);
#1391=VERTEX_POINT('',#5354);
#1392=EDGE_CURVE('',#1115,#1116,#603,.T.);
#1393=EDGE_CURVE('',#1115,#1117,#604,.T.);
#1394=EDGE_CURVE('',#1117,#1118,#605,.T.);
#1395=EDGE_CURVE('',#1116,#1118,#606,.T.);
#1396=EDGE_CURVE('',#1119,#1115,#144,.T.);
#1397=EDGE_CURVE('',#1119,#1120,#607,.T.);
#1398=EDGE_CURVE('',#1120,#1117,#145,.T.);
#1399=EDGE_CURVE('',#1121,#1119,#146,.T.);
#1400=EDGE_CURVE('',#1121,#1122,#608,.T.);
#1401=EDGE_CURVE('',#1122,#1120,#147,.T.);
#1402=EDGE_CURVE('',#1123,#1121,#148,.T.);
#1403=EDGE_CURVE('',#1123,#1124,#609,.T.);
#1404=EDGE_CURVE('',#1124,#1122,#149,.T.);
#1405=EDGE_CURVE('',#1125,#1123,#150,.T.);
#1406=EDGE_CURVE('',#1125,#1126,#610,.T.);
#1407=EDGE_CURVE('',#1126,#1124,#151,.T.);
#1408=EDGE_CURVE('',#1127,#1125,#152,.T.);
#1409=EDGE_CURVE('',#1127,#1128,#611,.T.);
#1410=EDGE_CURVE('',#1128,#1126,#153,.T.);
#1411=EDGE_CURVE('',#1129,#1127,#612,.T.);
#1412=EDGE_CURVE('',#1129,#1130,#613,.T.);
#1413=EDGE_CURVE('',#1130,#1128,#614,.T.);
#1414=EDGE_CURVE('',#1116,#1129,#615,.T.);
#1415=EDGE_CURVE('',#1118,#1130,#616,.T.);
#1416=EDGE_CURVE('',#1131,#1132,#617,.T.);
#1417=EDGE_CURVE('',#1131,#1133,#618,.T.);
#1418=EDGE_CURVE('',#1133,#1134,#619,.T.);
#1419=EDGE_CURVE('',#1132,#1134,#620,.T.);
#1420=EDGE_CURVE('',#1135,#1131,#621,.T.);
#1421=EDGE_CURVE('',#1135,#1136,#622,.T.);
#1422=EDGE_CURVE('',#1136,#1133,#623,.T.);
#1423=EDGE_CURVE('',#1137,#1135,#154,.T.);
#1424=EDGE_CURVE('',#1137,#1138,#624,.T.);
#1425=EDGE_CURVE('',#1138,#1136,#155,.T.);
#1426=EDGE_CURVE('',#1139,#1137,#156,.T.);
#1427=EDGE_CURVE('',#1139,#1140,#625,.T.);
#1428=EDGE_CURVE('',#1140,#1138,#157,.T.);
#1429=EDGE_CURVE('',#1141,#1139,#158,.T.);
#1430=EDGE_CURVE('',#1141,#1142,#626,.T.);
#1431=EDGE_CURVE('',#1142,#1140,#159,.T.);
#1432=EDGE_CURVE('',#1143,#1141,#160,.T.);
#1433=EDGE_CURVE('',#1143,#1144,#627,.T.);
#1434=EDGE_CURVE('',#1144,#1142,#161,.T.);
#1435=EDGE_CURVE('',#1145,#1143,#628,.T.);
#1436=EDGE_CURVE('',#1145,#1146,#629,.T.);
#1437=EDGE_CURVE('',#1146,#1144,#630,.T.);
#1438=EDGE_CURVE('',#1147,#1145,#631,.T.);
#1439=EDGE_CURVE('',#1147,#1148,#632,.T.);
#1440=EDGE_CURVE('',#1148,#1146,#633,.T.);
#1441=EDGE_CURVE('',#1149,#1147,#634,.T.);
#1442=EDGE_CURVE('',#1149,#1150,#635,.T.);
#1443=EDGE_CURVE('',#1150,#1148,#636,.T.);
#1444=EDGE_CURVE('',#1151,#1149,#162,.T.);
#1445=EDGE_CURVE('',#1151,#1152,#637,.T.);
#1446=EDGE_CURVE('',#1152,#1150,#163,.T.);
#1447=EDGE_CURVE('',#1153,#1151,#164,.T.);
#1448=EDGE_CURVE('',#1153,#1154,#638,.T.);
#1449=EDGE_CURVE('',#1154,#1152,#165,.T.);
#1450=EDGE_CURVE('',#1155,#1153,#166,.T.);
#1451=EDGE_CURVE('',#1155,#1156,#639,.T.);
#1452=EDGE_CURVE('',#1156,#1154,#167,.T.);
#1453=EDGE_CURVE('',#1157,#1155,#168,.T.);
#1454=EDGE_CURVE('',#1157,#1158,#640,.T.);
#1455=EDGE_CURVE('',#1158,#1156,#169,.T.);
#1456=EDGE_CURVE('',#1159,#1157,#170,.T.);
#1457=EDGE_CURVE('',#1159,#1160,#641,.T.);
#1458=EDGE_CURVE('',#1160,#1158,#171,.T.);
#1459=EDGE_CURVE('',#1161,#1159,#172,.T.);
#1460=EDGE_CURVE('',#1161,#1162,#642,.T.);
#1461=EDGE_CURVE('',#1162,#1160,#173,.T.);
#1462=EDGE_CURVE('',#1163,#1161,#174,.T.);
#1463=EDGE_CURVE('',#1163,#1164,#643,.T.);
#1464=EDGE_CURVE('',#1164,#1162,#175,.T.);
#1465=EDGE_CURVE('',#1165,#1163,#644,.T.);
#1466=EDGE_CURVE('',#1165,#1166,#645,.T.);
#1467=EDGE_CURVE('',#1166,#1164,#646,.T.);
#1468=EDGE_CURVE('',#1167,#1165,#647,.T.);
#1469=EDGE_CURVE('',#1167,#1168,#648,.T.);
#1470=EDGE_CURVE('',#1168,#1166,#649,.T.);
#1471=EDGE_CURVE('',#1132,#1167,#650,.T.);
#1472=EDGE_CURVE('',#1134,#1168,#651,.T.);
#1473=EDGE_CURVE('',#1169,#1170,#652,.T.);
#1474=EDGE_CURVE('',#1169,#1171,#653,.T.);
#1475=EDGE_CURVE('',#1171,#1172,#654,.T.);
#1476=EDGE_CURVE('',#1170,#1172,#655,.T.);
#1477=EDGE_CURVE('',#1173,#1169,#176,.T.);
#1478=EDGE_CURVE('',#1173,#1174,#656,.T.);
#1479=EDGE_CURVE('',#1174,#1171,#177,.T.);
#1480=EDGE_CURVE('',#1175,#1173,#178,.T.);
#1481=EDGE_CURVE('',#1175,#1176,#657,.T.);
#1482=EDGE_CURVE('',#1176,#1174,#179,.T.);
#1483=EDGE_CURVE('',#1177,#1175,#658,.T.);
#1484=EDGE_CURVE('',#1177,#1178,#659,.T.);
#1485=EDGE_CURVE('',#1178,#1176,#660,.T.);
#1486=EDGE_CURVE('',#1179,#1177,#661,.T.);
#1487=EDGE_CURVE('',#1179,#1180,#662,.T.);
#1488=EDGE_CURVE('',#1180,#1178,#663,.T.);
#1489=EDGE_CURVE('',#1181,#1179,#664,.T.);
#1490=EDGE_CURVE('',#1181,#1182,#665,.T.);
#1491=EDGE_CURVE('',#1182,#1180,#666,.T.);
#1492=EDGE_CURVE('',#1183,#1181,#667,.T.);
#1493=EDGE_CURVE('',#1183,#1184,#668,.T.);
#1494=EDGE_CURVE('',#1184,#1182,#669,.T.);
#1495=EDGE_CURVE('',#1185,#1183,#670,.T.);
#1496=EDGE_CURVE('',#1185,#1186,#671,.T.);
#1497=EDGE_CURVE('',#1186,#1184,#672,.T.);
#1498=EDGE_CURVE('',#1187,#1185,#180,.T.);
#1499=EDGE_CURVE('',#1187,#1188,#673,.T.);
#1500=EDGE_CURVE('',#1188,#1186,#181,.T.);
#1501=EDGE_CURVE('',#1189,#1187,#182,.T.);
#1502=EDGE_CURVE('',#1189,#1190,#674,.T.);
#1503=EDGE_CURVE('',#1190,#1188,#183,.T.);
#1504=EDGE_CURVE('',#1191,#1189,#675,.T.);
#1505=EDGE_CURVE('',#1191,#1192,#676,.T.);
#1506=EDGE_CURVE('',#1192,#1190,#677,.T.);
#1507=EDGE_CURVE('',#1193,#1191,#678,.T.);
#1508=EDGE_CURVE('',#1193,#1194,#679,.T.);
#1509=EDGE_CURVE('',#1194,#1192,#680,.T.);
#1510=EDGE_CURVE('',#1195,#1193,#681,.T.);
#1511=EDGE_CURVE('',#1195,#1196,#682,.T.);
#1512=EDGE_CURVE('',#1196,#1194,#683,.T.);
#1513=EDGE_CURVE('',#1197,#1195,#184,.T.);
#1514=EDGE_CURVE('',#1197,#1198,#684,.T.);
#1515=EDGE_CURVE('',#1198,#1196,#185,.T.);
#1516=EDGE_CURVE('',#1199,#1197,#186,.T.);
#1517=EDGE_CURVE('',#1199,#1200,#685,.T.);
#1518=EDGE_CURVE('',#1200,#1198,#187,.T.);
#1519=EDGE_CURVE('',#1201,#1199,#686,.T.);
#1520=EDGE_CURVE('',#1201,#1202,#687,.T.);
#1521=EDGE_CURVE('',#1202,#1200,#688,.T.);
#1522=EDGE_CURVE('',#1203,#1201,#689,.T.);
#1523=EDGE_CURVE('',#1203,#1204,#690,.T.);
#1524=EDGE_CURVE('',#1204,#1202,#691,.T.);
#1525=EDGE_CURVE('',#1205,#1203,#692,.T.);
#1526=EDGE_CURVE('',#1205,#1206,#693,.T.);
#1527=EDGE_CURVE('',#1206,#1204,#694,.T.);
#1528=EDGE_CURVE('',#1170,#1205,#695,.T.);
#1529=EDGE_CURVE('',#1172,#1206,#696,.T.);
#1530=EDGE_CURVE('',#1207,#1208,#697,.T.);
#1531=EDGE_CURVE('',#1207,#1209,#698,.T.);
#1532=EDGE_CURVE('',#1209,#1210,#699,.T.);
#1533=EDGE_CURVE('',#1208,#1210,#700,.T.);
#1534=EDGE_CURVE('',#1211,#1207,#188,.T.);
#1535=EDGE_CURVE('',#1211,#1212,#701,.T.);
#1536=EDGE_CURVE('',#1212,#1209,#189,.T.);
#1537=EDGE_CURVE('',#1213,#1211,#190,.T.);
#1538=EDGE_CURVE('',#1213,#1214,#702,.T.);
#1539=EDGE_CURVE('',#1214,#1212,#191,.T.);
#1540=EDGE_CURVE('',#1215,#1213,#192,.T.);
#1541=EDGE_CURVE('',#1215,#1216,#703,.T.);
#1542=EDGE_CURVE('',#1216,#1214,#193,.T.);
#1543=EDGE_CURVE('',#1217,#1215,#194,.T.);
#1544=EDGE_CURVE('',#1217,#1218,#704,.T.);
#1545=EDGE_CURVE('',#1218,#1216,#195,.T.);
#1546=EDGE_CURVE('',#1219,#1217,#196,.T.);
#1547=EDGE_CURVE('',#1219,#1220,#705,.T.);
#1548=EDGE_CURVE('',#1220,#1218,#197,.T.);
#1549=EDGE_CURVE('',#1221,#1219,#706,.T.);
#1550=EDGE_CURVE('',#1221,#1222,#707,.T.);
#1551=EDGE_CURVE('',#1222,#1220,#708,.T.);
#1552=EDGE_CURVE('',#1208,#1221,#709,.T.);
#1553=EDGE_CURVE('',#1210,#1222,#710,.T.);
#1554=EDGE_CURVE('',#1223,#1224,#711,.T.);
#1555=EDGE_CURVE('',#1223,#1225,#712,.T.);
#1556=EDGE_CURVE('',#1225,#1226,#713,.T.);
#1557=EDGE_CURVE('',#1224,#1226,#714,.T.);
#1558=EDGE_CURVE('',#1227,#1223,#715,.T.);
#1559=EDGE_CURVE('',#1227,#1228,#716,.T.);
#1560=EDGE_CURVE('',#1228,#1225,#717,.T.);
#1561=EDGE_CURVE('',#1229,#1227,#198,.T.);
#1562=EDGE_CURVE('',#1229,#1230,#718,.T.);
#1563=EDGE_CURVE('',#1230,#1228,#199,.T.);
#1564=EDGE_CURVE('',#1231,#1229,#200,.T.);
#1565=EDGE_CURVE('',#1231,#1232,#719,.T.);
#1566=EDGE_CURVE('',#1232,#1230,#201,.T.);
#1567=EDGE_CURVE('',#1233,#1231,#202,.T.);
#1568=EDGE_CURVE('',#1233,#1234,#720,.T.);
#1569=EDGE_CURVE('',#1234,#1232,#203,.T.);
#1570=EDGE_CURVE('',#1235,#1233,#204,.T.);
#1571=EDGE_CURVE('',#1235,#1236,#721,.T.);
#1572=EDGE_CURVE('',#1236,#1234,#205,.T.);
#1573=EDGE_CURVE('',#1237,#1235,#206,.T.);
#1574=EDGE_CURVE('',#1237,#1238,#722,.T.);
#1575=EDGE_CURVE('',#1238,#1236,#207,.T.);
#1576=EDGE_CURVE('',#1239,#1237,#208,.T.);
#1577=EDGE_CURVE('',#1239,#1240,#723,.T.);
#1578=EDGE_CURVE('',#1240,#1238,#209,.T.);
#1579=EDGE_CURVE('',#1241,#1239,#724,.T.);
#1580=EDGE_CURVE('',#1241,#1242,#725,.T.);
#1581=EDGE_CURVE('',#1242,#1240,#726,.T.);
#1582=EDGE_CURVE('',#1243,#1241,#727,.T.);
#1583=EDGE_CURVE('',#1243,#1244,#728,.T.);
#1584=EDGE_CURVE('',#1244,#1242,#729,.T.);
#1585=EDGE_CURVE('',#1224,#1243,#730,.T.);
#1586=EDGE_CURVE('',#1226,#1244,#731,.T.);
#1587=EDGE_CURVE('',#1245,#1246,#43,.T.);
#1588=EDGE_CURVE('',#1246,#1247,#44,.T.);
#1589=EDGE_CURVE('',#1247,#1248,#210,.F.);
#1590=EDGE_CURVE('',#1248,#1245,#45,.T.);
#1591=EDGE_CURVE('',#1249,#1246,#46,.T.);
#1592=EDGE_CURVE('',#1245,#1250,#47,.T.);
#1593=EDGE_CURVE('',#1250,#1249,#211,.T.);
#1594=EDGE_CURVE('',#1250,#1251,#48,.T.);
#1595=EDGE_CURVE('',#1251,#1252,#212,.F.);
#1596=EDGE_CURVE('',#1252,#1253,#213,.T.);
#1597=EDGE_CURVE('',#1253,#1254,#214,.T.);
#1598=EDGE_CURVE('',#1254,#1249,#49,.T.);
#1599=EDGE_CURVE('',#1246,#1255,#732,.T.);
#1600=EDGE_CURVE('',#1255,#1256,#50,.T.);
#1601=EDGE_CURVE('',#1256,#1247,#733,.T.);
#1602=EDGE_CURVE('',#1257,#1249,#734,.T.);
#1603=EDGE_CURVE('',#1255,#1257,#51,.T.);
#1604=EDGE_CURVE('',#1258,#1254,#735,.T.);
#1605=EDGE_CURVE('',#1258,#1257,#52,.T.);
#1606=EDGE_CURVE('',#1259,#1253,#736,.T.);
#1607=EDGE_CURVE('',#1258,#1259,#53,.T.);
#1608=EDGE_CURVE('',#1252,#1260,#737,.T.);
#1609=EDGE_CURVE('',#1260,#1259,#54,.T.);
#1610=EDGE_CURVE('',#1261,#1248,#738,.T.);
#1611=EDGE_CURVE('',#1262,#1256,#739,.T.);
#1612=EDGE_CURVE('',#1262,#1263,#740,.T.);
#1613=EDGE_CURVE('',#1264,#1263,#741,.T.);
#1614=EDGE_CURVE('',#1265,#1264,#742,.T.);
#1615=EDGE_CURVE('',#1266,#1265,#215,.F.);
#1616=EDGE_CURVE('',#1266,#1267,#743,.T.);
#1617=EDGE_CURVE('',#1268,#1267,#216,.F.);
#1618=EDGE_CURVE('',#1268,#1269,#744,.T.);
#1619=EDGE_CURVE('',#1270,#1269,#745,.T.);
#1620=EDGE_CURVE('',#1271,#1270,#746,.T.);
#1621=EDGE_CURVE('',#1271,#1272,#747,.T.);
#1622=EDGE_CURVE('',#1272,#1261,#748,.T.);
#1623=EDGE_CURVE('',#1251,#1273,#749,.T.);
#1624=EDGE_CURVE('',#1274,#1273,#750,.T.);
#1625=EDGE_CURVE('',#1274,#1275,#751,.T.);
#1626=EDGE_CURVE('',#1275,#1276,#752,.T.);
#1627=EDGE_CURVE('',#1260,#1276,#753,.T.);
#1628=EDGE_CURVE('',#1277,#1278,#754,.T.);
#1629=EDGE_CURVE('',#1277,#1279,#755,.T.);
#1630=EDGE_CURVE('',#1280,#1279,#756,.T.);
#1631=EDGE_CURVE('',#1280,#1278,#757,.T.);
#1632=EDGE_CURVE('',#1273,#1261,#758,.T.);
#1633=EDGE_CURVE('',#1272,#1274,#759,.T.);
#1634=EDGE_CURVE('',#1281,#1281,#55,.T.);
#1635=EDGE_CURVE('',#1281,#1282,#760,.T.);
#1636=EDGE_CURVE('',#1282,#1282,#56,.T.);
#1637=EDGE_CURVE('',#1283,#1284,#761,.T.);
#1638=EDGE_CURVE('',#1283,#1285,#762,.T.);
#1639=EDGE_CURVE('',#1285,#1286,#763,.T.);
#1640=EDGE_CURVE('',#1284,#1286,#764,.T.);
#1641=EDGE_CURVE('',#1287,#1283,#57,.T.);
#1642=EDGE_CURVE('',#1287,#1288,#765,.T.);
#1643=EDGE_CURVE('',#1288,#1285,#58,.T.);
#1644=EDGE_CURVE('',#1289,#1287,#766,.T.);
#1645=EDGE_CURVE('',#1289,#1290,#767,.T.);
#1646=EDGE_CURVE('',#1290,#1288,#768,.T.);
#1647=EDGE_CURVE('',#1284,#1289,#59,.T.);
#1648=EDGE_CURVE('',#1286,#1290,#60,.T.);
#1649=EDGE_CURVE('',#1291,#1292,#769,.T.);
#1650=EDGE_CURVE('',#1293,#1291,#61,.T.);
#1651=EDGE_CURVE('',#1294,#1293,#770,.T.);
#1652=EDGE_CURVE('',#1292,#1294,#62,.T.);
#1653=EDGE_CURVE('',#1295,#1291,#771,.T.);
#1654=EDGE_CURVE('',#1295,#1296,#63,.T.);
#1655=EDGE_CURVE('',#1296,#1293,#772,.T.);
#1656=EDGE_CURVE('',#1297,#1292,#773,.T.);
#1657=EDGE_CURVE('',#1297,#1295,#774,.T.);
#1658=EDGE_CURVE('',#1298,#1299,#217,.T.);
#1659=EDGE_CURVE('',#1299,#1300,#64,.T.);
#1660=EDGE_CURVE('',#1300,#1301,#218,.T.);
#1661=EDGE_CURVE('',#1301,#1298,#65,.T.);
#1662=EDGE_CURVE('',#1300,#1302,#775,.T.);
#1663=EDGE_CURVE('',#1302,#1303,#219,.T.);
#1664=EDGE_CURVE('',#1304,#1303,#15,.T.);
#1665=EDGE_CURVE('',#1304,#1301,#776,.T.);
#1666=EDGE_CURVE('',#1305,#1306,#66,.T.);
#1667=EDGE_CURVE('',#1306,#1307,#67,.T.);
#1668=EDGE_CURVE('',#1307,#1308,#68,.T.);
#1669=EDGE_CURVE('',#1308,#1305,#69,.T.);
#1670=EDGE_CURVE('',#1309,#1310,#70,.T.);
#1671=EDGE_CURVE('',#1310,#1308,#71,.T.);
#1672=EDGE_CURVE('',#1307,#1309,#72,.T.);
#1673=EDGE_CURVE('',#1311,#1306,#220,.T.);
#1674=EDGE_CURVE('',#1305,#1264,#73,.T.);
#1675=EDGE_CURVE('',#1264,#1311,#74,.T.);
#1676=EDGE_CURVE('',#1263,#1311,#221,.T.);
#1677=EDGE_CURVE('',#1299,#1312,#75,.T.);
#1678=EDGE_CURVE('',#1312,#1310,#222,.T.);
#1679=EDGE_CURVE('',#1309,#1299,#223,.T.);
#1680=EDGE_CURVE('',#1298,#1312,#224,.T.);
#1681=EDGE_CURVE('',#1306,#1313,#76,.F.);
#1682=EDGE_CURVE('',#1313,#1314,#77,.T.);
#1683=EDGE_CURVE('',#1302,#1314,#78,.T.);
#1684=EDGE_CURVE('',#1308,#1315,#777,.T.);
#1685=EDGE_CURVE('',#1265,#1315,#79,.T.);
#1686=EDGE_CURVE('',#1316,#1262,#80,.F.);
#1687=EDGE_CURVE('',#1316,#1313,#778,.T.);
#1688=EDGE_CURVE('',#1314,#1317,#779,.T.);
#1689=EDGE_CURVE('',#1317,#1318,#81,.T.);
#1690=EDGE_CURVE('',#1303,#1318,#780,.T.);
#1691=EDGE_CURVE('',#1319,#1318,#781,.T.);
#1692=EDGE_CURVE('',#1320,#1319,#782,.T.);
#1693=EDGE_CURVE('',#1320,#1321,#783,.T.);
#1694=EDGE_CURVE('',#1321,#1304,#784,.T.);
#1695=EDGE_CURVE('',#1321,#1322,#785,.T.);
#1696=EDGE_CURVE('',#1322,#1301,#786,.T.);
#1697=EDGE_CURVE('',#1317,#1316,#82,.T.);
#1698=EDGE_CURVE('',#1323,#1310,#787,.T.);
#1699=EDGE_CURVE('',#1315,#1323,#83,.T.);
#1700=EDGE_CURVE('',#1324,#1298,#788,.T.);
#1701=EDGE_CURVE('',#1325,#1324,#225,.T.);
#1702=EDGE_CURVE('',#1326,#1325,#226,.T.);
#1703=EDGE_CURVE('',#1323,#1326,#227,.T.);
#1704=EDGE_CURVE('',#1269,#1322,#84,.T.);
#1705=EDGE_CURVE('',#1324,#1268,#85,.T.);
#1706=EDGE_CURVE('',#1327,#1328,#228,.T.);
#1707=EDGE_CURVE('',#1327,#1329,#86,.T.);
#1708=EDGE_CURVE('',#1330,#1329,#229,.T.);
#1709=EDGE_CURVE('',#1330,#1328,#87,.T.);
#1710=EDGE_CURVE('',#1328,#1331,#789,.T.);
#1711=EDGE_CURVE('',#1332,#1331,#230,.F.);
#1712=EDGE_CURVE('',#1332,#1333,#790,.T.);
#1713=EDGE_CURVE('',#1334,#1333,#231,.F.);
#1714=EDGE_CURVE('',#1334,#1330,#791,.T.);
#1715=EDGE_CURVE('',#1335,#1329,#792,.T.);
#1716=EDGE_CURVE('',#1335,#1336,#793,.T.);
#1717=EDGE_CURVE('',#1337,#1336,#794,.T.);
#1718=EDGE_CURVE('',#1338,#1337,#795,.T.);
#1719=EDGE_CURVE('',#1338,#1339,#796,.T.);
#1720=EDGE_CURVE('',#1339,#1340,#797,.T.);
#1721=EDGE_CURVE('',#1327,#1340,#798,.T.);
#1722=EDGE_CURVE('',#1331,#1334,#88,.T.);
#1723=EDGE_CURVE('',#1333,#1332,#89,.T.);
#1724=EDGE_CURVE('',#1341,#1341,#90,.T.);
#1725=EDGE_CURVE('',#1342,#1324,#91,.T.);
#1726=EDGE_CURVE('',#1267,#1342,#92,.T.);
#1727=EDGE_CURVE('',#1343,#1325,#232,.T.);
#1728=EDGE_CURVE('',#1342,#1343,#233,.T.);
#1729=EDGE_CURVE('',#1323,#1344,#93,.T.);
#1730=EDGE_CURVE('',#1344,#1345,#94,.T.);
#1731=EDGE_CURVE('',#1345,#1315,#95,.T.);
#1732=EDGE_CURVE('',#1345,#1266,#96,.T.);
#1733=EDGE_CURVE('',#1326,#1343,#234,.T.);
#1734=EDGE_CURVE('',#1343,#1344,#235,.T.);
#1735=EDGE_CURVE('',#1346,#1346,#97,.T.);
#1736=EDGE_CURVE('',#1346,#1347,#799,.T.);
#1737=EDGE_CURVE('',#1347,#1347,#98,.T.);
#1738=EDGE_CURVE('',#1280,#1348,#236,.T.);
#1739=EDGE_CURVE('',#1349,#1279,#237,.T.);
#1740=EDGE_CURVE('',#1348,#1349,#800,.T.);
#1741=EDGE_CURVE('',#1350,#1348,#99,.T.);
#1742=EDGE_CURVE('',#1351,#1349,#100,.T.);
#1743=EDGE_CURVE('',#1350,#1351,#801,.T.);
#1744=EDGE_CURVE('',#1350,#1278,#101,.T.);
#1745=EDGE_CURVE('',#1277,#1351,#102,.T.);
#1746=EDGE_CURVE('',#1352,#1352,#103,.T.);
#1747=EDGE_CURVE('',#1340,#1353,#802,.T.);
#1748=EDGE_CURVE('',#1353,#1354,#803,.T.);
#1749=EDGE_CURVE('',#1354,#1270,#804,.T.);
#1750=EDGE_CURVE('',#1335,#1320,#805,.T.);
#1751=EDGE_CURVE('',#1355,#1297,#104,.T.);
#1752=EDGE_CURVE('',#1296,#1355,#806,.T.);
#1753=EDGE_CURVE('',#1355,#1294,#807,.T.);
#1754=EDGE_CURVE('',#1336,#1319,#808,.T.);
#1755=EDGE_CURVE('',#1356,#1356,#105,.T.);
#1756=EDGE_CURVE('',#1356,#1352,#809,.T.);
#1757=EDGE_CURVE('',#1357,#1358,#810,.T.);
#1758=EDGE_CURVE('',#1358,#1359,#106,.T.);
#1759=EDGE_CURVE('',#1359,#1360,#811,.T.);
#1760=EDGE_CURVE('',#1360,#1361,#107,.T.);
#1761=EDGE_CURVE('',#1361,#1362,#812,.T.);
#1762=EDGE_CURVE('',#1362,#1363,#813,.T.);
#1763=EDGE_CURVE('',#1363,#1364,#814,.T.);
#1764=EDGE_CURVE('',#1364,#1365,#815,.T.);
#1765=EDGE_CURVE('',#1365,#1366,#816,.T.);
#1766=EDGE_CURVE('',#1366,#1367,#817,.T.);
#1767=EDGE_CURVE('',#1367,#1368,#818,.T.);
#1768=EDGE_CURVE('',#1368,#1357,#819,.T.);
#1769=EDGE_CURVE('',#1276,#1369,#820,.T.);
#1770=EDGE_CURVE('',#1369,#1370,#821,.T.);
#1771=EDGE_CURVE('',#1370,#1337,#822,.T.);
#1772=EDGE_CURVE('',#1371,#1371,#108,.T.);
#1773=EDGE_CURVE('',#1371,#1341,#823,.T.);
#1774=EDGE_CURVE('',#1372,#1353,#824,.T.);
#1775=EDGE_CURVE('',#1372,#1373,#825,.T.);
#1776=EDGE_CURVE('',#1373,#1354,#826,.T.);
#1777=EDGE_CURVE('',#1339,#1372,#827,.T.);
#1778=EDGE_CURVE('',#1374,#1370,#828,.T.);
#1779=EDGE_CURVE('',#1374,#1338,#829,.T.);
#1780=EDGE_CURVE('',#1375,#1369,#830,.T.);
#1781=EDGE_CURVE('',#1375,#1374,#831,.T.);
#1782=EDGE_CURVE('',#1376,#1368,#832,.T.);
#1783=EDGE_CURVE('',#1377,#1376,#833,.T.);
#1784=EDGE_CURVE('',#1377,#1357,#834,.T.);
#1785=EDGE_CURVE('',#1378,#1367,#835,.T.);
#1786=EDGE_CURVE('',#1376,#1378,#836,.T.);
#1787=EDGE_CURVE('',#1379,#1366,#837,.T.);
#1788=EDGE_CURVE('',#1379,#1378,#838,.T.);
#1789=EDGE_CURVE('',#1380,#1365,#839,.T.);
#1790=EDGE_CURVE('',#1380,#1379,#840,.T.);
#1791=EDGE_CURVE('',#1381,#1382,#841,.T.);
#1792=EDGE_CURVE('',#1381,#1383,#109,.T.);
#1793=EDGE_CURVE('',#1383,#1384,#842,.T.);
#1794=EDGE_CURVE('',#1382,#1384,#110,.T.);
#1795=EDGE_CURVE('',#1385,#1364,#843,.T.);
#1796=EDGE_CURVE('',#1381,#1385,#844,.T.);
#1797=EDGE_CURVE('',#1380,#1383,#845,.T.);
#1798=EDGE_CURVE('',#1275,#1375,#846,.T.);
#1799=EDGE_CURVE('',#1373,#1271,#847,.T.);
#1800=EDGE_CURVE('',#1386,#1363,#848,.T.);
#1801=EDGE_CURVE('',#1385,#1386,#849,.T.);
#1802=EDGE_CURVE('',#1387,#1362,#850,.T.);
#1803=EDGE_CURVE('',#1386,#1387,#851,.T.);
#1804=EDGE_CURVE('',#1388,#1361,#852,.T.);
#1805=EDGE_CURVE('',#1387,#1388,#853,.T.);
#1806=EDGE_CURVE('',#1389,#1360,#854,.T.);
#1807=EDGE_CURVE('',#1389,#1388,#111,.T.);
#1808=EDGE_CURVE('',#1390,#1359,#855,.T.);
#1809=EDGE_CURVE('',#1389,#1390,#856,.T.);
#1810=EDGE_CURVE('',#1391,#1358,#857,.T.);
#1811=EDGE_CURVE('',#1391,#1390,#112,.T.);
#1812=EDGE_CURVE('',#1391,#1377,#858,.T.);
#1813=ORIENTED_EDGE('',*,*,#1392,.F.);
#1814=ORIENTED_EDGE('',*,*,#1393,.T.);
#1815=ORIENTED_EDGE('',*,*,#1394,.T.);
#1816=ORIENTED_EDGE('',*,*,#1395,.F.);
#1817=ORIENTED_EDGE('',*,*,#1396,.F.);
#1818=ORIENTED_EDGE('',*,*,#1397,.T.);
#1819=ORIENTED_EDGE('',*,*,#1398,.T.);
#1820=ORIENTED_EDGE('',*,*,#1393,.F.);
#1821=ORIENTED_EDGE('',*,*,#1399,.F.);
#1822=ORIENTED_EDGE('',*,*,#1400,.T.);
#1823=ORIENTED_EDGE('',*,*,#1401,.T.);
#1824=ORIENTED_EDGE('',*,*,#1397,.F.);
#1825=ORIENTED_EDGE('',*,*,#1402,.F.);
#1826=ORIENTED_EDGE('',*,*,#1403,.T.);
#1827=ORIENTED_EDGE('',*,*,#1404,.T.);
#1828=ORIENTED_EDGE('',*,*,#1400,.F.);
#1829=ORIENTED_EDGE('',*,*,#1405,.F.);
#1830=ORIENTED_EDGE('',*,*,#1406,.T.);
#1831=ORIENTED_EDGE('',*,*,#1407,.T.);
#1832=ORIENTED_EDGE('',*,*,#1403,.F.);
#1833=ORIENTED_EDGE('',*,*,#1408,.F.);
#1834=ORIENTED_EDGE('',*,*,#1409,.T.);
#1835=ORIENTED_EDGE('',*,*,#1410,.T.);
#1836=ORIENTED_EDGE('',*,*,#1406,.F.);
#1837=ORIENTED_EDGE('',*,*,#1411,.F.);
#1838=ORIENTED_EDGE('',*,*,#1412,.T.);
#1839=ORIENTED_EDGE('',*,*,#1413,.T.);
#1840=ORIENTED_EDGE('',*,*,#1409,.F.);
#1841=ORIENTED_EDGE('',*,*,#1414,.F.);
#1842=ORIENTED_EDGE('',*,*,#1395,.T.);
#1843=ORIENTED_EDGE('',*,*,#1415,.T.);
#1844=ORIENTED_EDGE('',*,*,#1412,.F.);
#1845=ORIENTED_EDGE('',*,*,#1416,.F.);
#1846=ORIENTED_EDGE('',*,*,#1417,.T.);
#1847=ORIENTED_EDGE('',*,*,#1418,.T.);
#1848=ORIENTED_EDGE('',*,*,#1419,.F.);
#1849=ORIENTED_EDGE('',*,*,#1420,.F.);
#1850=ORIENTED_EDGE('',*,*,#1421,.T.);
#1851=ORIENTED_EDGE('',*,*,#1422,.T.);
#1852=ORIENTED_EDGE('',*,*,#1417,.F.);
#1853=ORIENTED_EDGE('',*,*,#1423,.F.);
#1854=ORIENTED_EDGE('',*,*,#1424,.T.);
#1855=ORIENTED_EDGE('',*,*,#1425,.T.);
#1856=ORIENTED_EDGE('',*,*,#1421,.F.);
#1857=ORIENTED_EDGE('',*,*,#1426,.F.);
#1858=ORIENTED_EDGE('',*,*,#1427,.T.);
#1859=ORIENTED_EDGE('',*,*,#1428,.T.);
#1860=ORIENTED_EDGE('',*,*,#1424,.F.);
#1861=ORIENTED_EDGE('',*,*,#1429,.F.);
#1862=ORIENTED_EDGE('',*,*,#1430,.T.);
#1863=ORIENTED_EDGE('',*,*,#1431,.T.);
#1864=ORIENTED_EDGE('',*,*,#1427,.F.);
#1865=ORIENTED_EDGE('',*,*,#1432,.F.);
#1866=ORIENTED_EDGE('',*,*,#1433,.T.);
#1867=ORIENTED_EDGE('',*,*,#1434,.T.);
#1868=ORIENTED_EDGE('',*,*,#1430,.F.);
#1869=ORIENTED_EDGE('',*,*,#1435,.F.);
#1870=ORIENTED_EDGE('',*,*,#1436,.T.);
#1871=ORIENTED_EDGE('',*,*,#1437,.T.);
#1872=ORIENTED_EDGE('',*,*,#1433,.F.);
#1873=ORIENTED_EDGE('',*,*,#1438,.F.);
#1874=ORIENTED_EDGE('',*,*,#1439,.T.);
#1875=ORIENTED_EDGE('',*,*,#1440,.T.);
#1876=ORIENTED_EDGE('',*,*,#1436,.F.);
#1877=ORIENTED_EDGE('',*,*,#1441,.F.);
#1878=ORIENTED_EDGE('',*,*,#1442,.T.);
#1879=ORIENTED_EDGE('',*,*,#1443,.T.);
#1880=ORIENTED_EDGE('',*,*,#1439,.F.);
#1881=ORIENTED_EDGE('',*,*,#1444,.F.);
#1882=ORIENTED_EDGE('',*,*,#1445,.T.);
#1883=ORIENTED_EDGE('',*,*,#1446,.T.);
#1884=ORIENTED_EDGE('',*,*,#1442,.F.);
#1885=ORIENTED_EDGE('',*,*,#1447,.F.);
#1886=ORIENTED_EDGE('',*,*,#1448,.T.);
#1887=ORIENTED_EDGE('',*,*,#1449,.T.);
#1888=ORIENTED_EDGE('',*,*,#1445,.F.);
#1889=ORIENTED_EDGE('',*,*,#1450,.F.);
#1890=ORIENTED_EDGE('',*,*,#1451,.T.);
#1891=ORIENTED_EDGE('',*,*,#1452,.T.);
#1892=ORIENTED_EDGE('',*,*,#1448,.F.);
#1893=ORIENTED_EDGE('',*,*,#1453,.F.);
#1894=ORIENTED_EDGE('',*,*,#1454,.T.);
#1895=ORIENTED_EDGE('',*,*,#1455,.T.);
#1896=ORIENTED_EDGE('',*,*,#1451,.F.);
#1897=ORIENTED_EDGE('',*,*,#1456,.F.);
#1898=ORIENTED_EDGE('',*,*,#1457,.T.);
#1899=ORIENTED_EDGE('',*,*,#1458,.T.);
#1900=ORIENTED_EDGE('',*,*,#1454,.F.);
#1901=ORIENTED_EDGE('',*,*,#1459,.F.);
#1902=ORIENTED_EDGE('',*,*,#1460,.T.);
#1903=ORIENTED_EDGE('',*,*,#1461,.T.);
#1904=ORIENTED_EDGE('',*,*,#1457,.F.);
#1905=ORIENTED_EDGE('',*,*,#1462,.F.);
#1906=ORIENTED_EDGE('',*,*,#1463,.T.);
#1907=ORIENTED_EDGE('',*,*,#1464,.T.);
#1908=ORIENTED_EDGE('',*,*,#1460,.F.);
#1909=ORIENTED_EDGE('',*,*,#1465,.F.);
#1910=ORIENTED_EDGE('',*,*,#1466,.T.);
#1911=ORIENTED_EDGE('',*,*,#1467,.T.);
#1912=ORIENTED_EDGE('',*,*,#1463,.F.);
#1913=ORIENTED_EDGE('',*,*,#1468,.F.);
#1914=ORIENTED_EDGE('',*,*,#1469,.T.);
#1915=ORIENTED_EDGE('',*,*,#1470,.T.);
#1916=ORIENTED_EDGE('',*,*,#1466,.F.);
#1917=ORIENTED_EDGE('',*,*,#1471,.F.);
#1918=ORIENTED_EDGE('',*,*,#1419,.T.);
#1919=ORIENTED_EDGE('',*,*,#1472,.T.);
#1920=ORIENTED_EDGE('',*,*,#1469,.F.);
#1921=ORIENTED_EDGE('',*,*,#1472,.F.);
#1922=ORIENTED_EDGE('',*,*,#1418,.F.);
#1923=ORIENTED_EDGE('',*,*,#1422,.F.);
#1924=ORIENTED_EDGE('',*,*,#1425,.F.);
#1925=ORIENTED_EDGE('',*,*,#1428,.F.);
#1926=ORIENTED_EDGE('',*,*,#1431,.F.);
#1927=ORIENTED_EDGE('',*,*,#1434,.F.);
#1928=ORIENTED_EDGE('',*,*,#1437,.F.);
#1929=ORIENTED_EDGE('',*,*,#1440,.F.);
#1930=ORIENTED_EDGE('',*,*,#1443,.F.);
#1931=ORIENTED_EDGE('',*,*,#1446,.F.);
#1932=ORIENTED_EDGE('',*,*,#1449,.F.);
#1933=ORIENTED_EDGE('',*,*,#1452,.F.);
#1934=ORIENTED_EDGE('',*,*,#1455,.F.);
#1935=ORIENTED_EDGE('',*,*,#1458,.F.);
#1936=ORIENTED_EDGE('',*,*,#1461,.F.);
#1937=ORIENTED_EDGE('',*,*,#1464,.F.);
#1938=ORIENTED_EDGE('',*,*,#1467,.F.);
#1939=ORIENTED_EDGE('',*,*,#1470,.F.);
#1940=ORIENTED_EDGE('',*,*,#1415,.F.);
#1941=ORIENTED_EDGE('',*,*,#1394,.F.);
#1942=ORIENTED_EDGE('',*,*,#1398,.F.);
#1943=ORIENTED_EDGE('',*,*,#1401,.F.);
#1944=ORIENTED_EDGE('',*,*,#1404,.F.);
#1945=ORIENTED_EDGE('',*,*,#1407,.F.);
#1946=ORIENTED_EDGE('',*,*,#1410,.F.);
#1947=ORIENTED_EDGE('',*,*,#1413,.F.);
#1948=ORIENTED_EDGE('',*,*,#1473,.F.);
#1949=ORIENTED_EDGE('',*,*,#1474,.T.);
#1950=ORIENTED_EDGE('',*,*,#1475,.T.);
#1951=ORIENTED_EDGE('',*,*,#1476,.F.);
#1952=ORIENTED_EDGE('',*,*,#1477,.F.);
#1953=ORIENTED_EDGE('',*,*,#1478,.T.);
#1954=ORIENTED_EDGE('',*,*,#1479,.T.);
#1955=ORIENTED_EDGE('',*,*,#1474,.F.);
#1956=ORIENTED_EDGE('',*,*,#1480,.F.);
#1957=ORIENTED_EDGE('',*,*,#1481,.T.);
#1958=ORIENTED_EDGE('',*,*,#1482,.T.);
#1959=ORIENTED_EDGE('',*,*,#1478,.F.);
#1960=ORIENTED_EDGE('',*,*,#1483,.F.);
#1961=ORIENTED_EDGE('',*,*,#1484,.T.);
#1962=ORIENTED_EDGE('',*,*,#1485,.T.);
#1963=ORIENTED_EDGE('',*,*,#1481,.F.);
#1964=ORIENTED_EDGE('',*,*,#1486,.F.);
#1965=ORIENTED_EDGE('',*,*,#1487,.T.);
#1966=ORIENTED_EDGE('',*,*,#1488,.T.);
#1967=ORIENTED_EDGE('',*,*,#1484,.F.);
#1968=ORIENTED_EDGE('',*,*,#1489,.F.);
#1969=ORIENTED_EDGE('',*,*,#1490,.T.);
#1970=ORIENTED_EDGE('',*,*,#1491,.T.);
#1971=ORIENTED_EDGE('',*,*,#1487,.F.);
#1972=ORIENTED_EDGE('',*,*,#1492,.F.);
#1973=ORIENTED_EDGE('',*,*,#1493,.T.);
#1974=ORIENTED_EDGE('',*,*,#1494,.T.);
#1975=ORIENTED_EDGE('',*,*,#1490,.F.);
#1976=ORIENTED_EDGE('',*,*,#1495,.F.);
#1977=ORIENTED_EDGE('',*,*,#1496,.T.);
#1978=ORIENTED_EDGE('',*,*,#1497,.T.);
#1979=ORIENTED_EDGE('',*,*,#1493,.F.);
#1980=ORIENTED_EDGE('',*,*,#1498,.F.);
#1981=ORIENTED_EDGE('',*,*,#1499,.T.);
#1982=ORIENTED_EDGE('',*,*,#1500,.T.);
#1983=ORIENTED_EDGE('',*,*,#1496,.F.);
#1984=ORIENTED_EDGE('',*,*,#1501,.F.);
#1985=ORIENTED_EDGE('',*,*,#1502,.T.);
#1986=ORIENTED_EDGE('',*,*,#1503,.T.);
#1987=ORIENTED_EDGE('',*,*,#1499,.F.);
#1988=ORIENTED_EDGE('',*,*,#1504,.F.);
#1989=ORIENTED_EDGE('',*,*,#1505,.T.);
#1990=ORIENTED_EDGE('',*,*,#1506,.T.);
#1991=ORIENTED_EDGE('',*,*,#1502,.F.);
#1992=ORIENTED_EDGE('',*,*,#1507,.F.);
#1993=ORIENTED_EDGE('',*,*,#1508,.T.);
#1994=ORIENTED_EDGE('',*,*,#1509,.T.);
#1995=ORIENTED_EDGE('',*,*,#1505,.F.);
#1996=ORIENTED_EDGE('',*,*,#1510,.F.);
#1997=ORIENTED_EDGE('',*,*,#1511,.T.);
#1998=ORIENTED_EDGE('',*,*,#1512,.T.);
#1999=ORIENTED_EDGE('',*,*,#1508,.F.);
#2000=ORIENTED_EDGE('',*,*,#1513,.F.);
#2001=ORIENTED_EDGE('',*,*,#1514,.T.);
#2002=ORIENTED_EDGE('',*,*,#1515,.T.);
#2003=ORIENTED_EDGE('',*,*,#1511,.F.);
#2004=ORIENTED_EDGE('',*,*,#1516,.F.);
#2005=ORIENTED_EDGE('',*,*,#1517,.T.);
#2006=ORIENTED_EDGE('',*,*,#1518,.T.);
#2007=ORIENTED_EDGE('',*,*,#1514,.F.);
#2008=ORIENTED_EDGE('',*,*,#1519,.F.);
#2009=ORIENTED_EDGE('',*,*,#1520,.T.);
#2010=ORIENTED_EDGE('',*,*,#1521,.T.);
#2011=ORIENTED_EDGE('',*,*,#1517,.F.);
#2012=ORIENTED_EDGE('',*,*,#1522,.F.);
#2013=ORIENTED_EDGE('',*,*,#1523,.T.);
#2014=ORIENTED_EDGE('',*,*,#1524,.T.);
#2015=ORIENTED_EDGE('',*,*,#1520,.F.);
#2016=ORIENTED_EDGE('',*,*,#1525,.F.);
#2017=ORIENTED_EDGE('',*,*,#1526,.T.);
#2018=ORIENTED_EDGE('',*,*,#1527,.T.);
#2019=ORIENTED_EDGE('',*,*,#1523,.F.);
#2020=ORIENTED_EDGE('',*,*,#1528,.F.);
#2021=ORIENTED_EDGE('',*,*,#1476,.T.);
#2022=ORIENTED_EDGE('',*,*,#1529,.T.);
#2023=ORIENTED_EDGE('',*,*,#1526,.F.);
#2024=ORIENTED_EDGE('',*,*,#1529,.F.);
#2025=ORIENTED_EDGE('',*,*,#1475,.F.);
#2026=ORIENTED_EDGE('',*,*,#1479,.F.);
#2027=ORIENTED_EDGE('',*,*,#1482,.F.);
#2028=ORIENTED_EDGE('',*,*,#1485,.F.);
#2029=ORIENTED_EDGE('',*,*,#1488,.F.);
#2030=ORIENTED_EDGE('',*,*,#1491,.F.);
#2031=ORIENTED_EDGE('',*,*,#1494,.F.);
#2032=ORIENTED_EDGE('',*,*,#1497,.F.);
#2033=ORIENTED_EDGE('',*,*,#1500,.F.);
#2034=ORIENTED_EDGE('',*,*,#1503,.F.);
#2035=ORIENTED_EDGE('',*,*,#1506,.F.);
#2036=ORIENTED_EDGE('',*,*,#1509,.F.);
#2037=ORIENTED_EDGE('',*,*,#1512,.F.);
#2038=ORIENTED_EDGE('',*,*,#1515,.F.);
#2039=ORIENTED_EDGE('',*,*,#1518,.F.);
#2040=ORIENTED_EDGE('',*,*,#1521,.F.);
#2041=ORIENTED_EDGE('',*,*,#1524,.F.);
#2042=ORIENTED_EDGE('',*,*,#1527,.F.);
#2043=ORIENTED_EDGE('',*,*,#1530,.F.);
#2044=ORIENTED_EDGE('',*,*,#1531,.T.);
#2045=ORIENTED_EDGE('',*,*,#1532,.T.);
#2046=ORIENTED_EDGE('',*,*,#1533,.F.);
#2047=ORIENTED_EDGE('',*,*,#1534,.F.);
#2048=ORIENTED_EDGE('',*,*,#1535,.T.);
#2049=ORIENTED_EDGE('',*,*,#1536,.T.);
#2050=ORIENTED_EDGE('',*,*,#1531,.F.);
#2051=ORIENTED_EDGE('',*,*,#1537,.F.);
#2052=ORIENTED_EDGE('',*,*,#1538,.T.);
#2053=ORIENTED_EDGE('',*,*,#1539,.T.);
#2054=ORIENTED_EDGE('',*,*,#1535,.F.);
#2055=ORIENTED_EDGE('',*,*,#1540,.F.);
#2056=ORIENTED_EDGE('',*,*,#1541,.T.);
#2057=ORIENTED_EDGE('',*,*,#1542,.T.);
#2058=ORIENTED_EDGE('',*,*,#1538,.F.);
#2059=ORIENTED_EDGE('',*,*,#1543,.F.);
#2060=ORIENTED_EDGE('',*,*,#1544,.T.);
#2061=ORIENTED_EDGE('',*,*,#1545,.T.);
#2062=ORIENTED_EDGE('',*,*,#1541,.F.);
#2063=ORIENTED_EDGE('',*,*,#1546,.F.);
#2064=ORIENTED_EDGE('',*,*,#1547,.T.);
#2065=ORIENTED_EDGE('',*,*,#1548,.T.);
#2066=ORIENTED_EDGE('',*,*,#1544,.F.);
#2067=ORIENTED_EDGE('',*,*,#1549,.F.);
#2068=ORIENTED_EDGE('',*,*,#1550,.T.);
#2069=ORIENTED_EDGE('',*,*,#1551,.T.);
#2070=ORIENTED_EDGE('',*,*,#1547,.F.);
#2071=ORIENTED_EDGE('',*,*,#1552,.F.);
#2072=ORIENTED_EDGE('',*,*,#1533,.T.);
#2073=ORIENTED_EDGE('',*,*,#1553,.T.);
#2074=ORIENTED_EDGE('',*,*,#1550,.F.);
#2075=ORIENTED_EDGE('',*,*,#1554,.F.);
#2076=ORIENTED_EDGE('',*,*,#1555,.T.);
#2077=ORIENTED_EDGE('',*,*,#1556,.T.);
#2078=ORIENTED_EDGE('',*,*,#1557,.F.);
#2079=ORIENTED_EDGE('',*,*,#1558,.F.);
#2080=ORIENTED_EDGE('',*,*,#1559,.T.);
#2081=ORIENTED_EDGE('',*,*,#1560,.T.);
#2082=ORIENTED_EDGE('',*,*,#1555,.F.);
#2083=ORIENTED_EDGE('',*,*,#1561,.F.);
#2084=ORIENTED_EDGE('',*,*,#1562,.T.);
#2085=ORIENTED_EDGE('',*,*,#1563,.T.);
#2086=ORIENTED_EDGE('',*,*,#1559,.F.);
#2087=ORIENTED_EDGE('',*,*,#1564,.F.);
#2088=ORIENTED_EDGE('',*,*,#1565,.T.);
#2089=ORIENTED_EDGE('',*,*,#1566,.T.);
#2090=ORIENTED_EDGE('',*,*,#1562,.F.);
#2091=ORIENTED_EDGE('',*,*,#1567,.F.);
#2092=ORIENTED_EDGE('',*,*,#1568,.T.);
#2093=ORIENTED_EDGE('',*,*,#1569,.T.);
#2094=ORIENTED_EDGE('',*,*,#1565,.F.);
#2095=ORIENTED_EDGE('',*,*,#1570,.F.);
#2096=ORIENTED_EDGE('',*,*,#1571,.T.);
#2097=ORIENTED_EDGE('',*,*,#1572,.T.);
#2098=ORIENTED_EDGE('',*,*,#1568,.F.);
#2099=ORIENTED_EDGE('',*,*,#1573,.F.);
#2100=ORIENTED_EDGE('',*,*,#1574,.T.);
#2101=ORIENTED_EDGE('',*,*,#1575,.T.);
#2102=ORIENTED_EDGE('',*,*,#1571,.F.);
#2103=ORIENTED_EDGE('',*,*,#1576,.F.);
#2104=ORIENTED_EDGE('',*,*,#1577,.T.);
#2105=ORIENTED_EDGE('',*,*,#1578,.T.);
#2106=ORIENTED_EDGE('',*,*,#1574,.F.);
#2107=ORIENTED_EDGE('',*,*,#1579,.F.);
#2108=ORIENTED_EDGE('',*,*,#1580,.T.);
#2109=ORIENTED_EDGE('',*,*,#1581,.T.);
#2110=ORIENTED_EDGE('',*,*,#1577,.F.);
#2111=ORIENTED_EDGE('',*,*,#1582,.F.);
#2112=ORIENTED_EDGE('',*,*,#1583,.T.);
#2113=ORIENTED_EDGE('',*,*,#1584,.T.);
#2114=ORIENTED_EDGE('',*,*,#1580,.F.);
#2115=ORIENTED_EDGE('',*,*,#1585,.F.);
#2116=ORIENTED_EDGE('',*,*,#1557,.T.);
#2117=ORIENTED_EDGE('',*,*,#1586,.T.);
#2118=ORIENTED_EDGE('',*,*,#1583,.F.);
#2119=ORIENTED_EDGE('',*,*,#1586,.F.);
#2120=ORIENTED_EDGE('',*,*,#1556,.F.);
#2121=ORIENTED_EDGE('',*,*,#1560,.F.);
#2122=ORIENTED_EDGE('',*,*,#1563,.F.);
#2123=ORIENTED_EDGE('',*,*,#1566,.F.);
#2124=ORIENTED_EDGE('',*,*,#1569,.F.);
#2125=ORIENTED_EDGE('',*,*,#1572,.F.);
#2126=ORIENTED_EDGE('',*,*,#1575,.F.);
#2127=ORIENTED_EDGE('',*,*,#1578,.F.);
#2128=ORIENTED_EDGE('',*,*,#1581,.F.);
#2129=ORIENTED_EDGE('',*,*,#1584,.F.);
#2130=ORIENTED_EDGE('',*,*,#1553,.F.);
#2131=ORIENTED_EDGE('',*,*,#1532,.F.);
#2132=ORIENTED_EDGE('',*,*,#1536,.F.);
#2133=ORIENTED_EDGE('',*,*,#1539,.F.);
#2134=ORIENTED_EDGE('',*,*,#1542,.F.);
#2135=ORIENTED_EDGE('',*,*,#1545,.F.);
#2136=ORIENTED_EDGE('',*,*,#1548,.F.);
#2137=ORIENTED_EDGE('',*,*,#1551,.F.);
#2138=ORIENTED_EDGE('',*,*,#1530,.T.);
#2139=ORIENTED_EDGE('',*,*,#1552,.T.);
#2140=ORIENTED_EDGE('',*,*,#1549,.T.);
#2141=ORIENTED_EDGE('',*,*,#1546,.T.);
#2142=ORIENTED_EDGE('',*,*,#1543,.T.);
#2143=ORIENTED_EDGE('',*,*,#1540,.T.);
#2144=ORIENTED_EDGE('',*,*,#1537,.T.);
#2145=ORIENTED_EDGE('',*,*,#1534,.T.);
#2146=ORIENTED_EDGE('',*,*,#1392,.T.);
#2147=ORIENTED_EDGE('',*,*,#1414,.T.);
#2148=ORIENTED_EDGE('',*,*,#1411,.T.);
#2149=ORIENTED_EDGE('',*,*,#1408,.T.);
#2150=ORIENTED_EDGE('',*,*,#1405,.T.);
#2151=ORIENTED_EDGE('',*,*,#1402,.T.);
#2152=ORIENTED_EDGE('',*,*,#1399,.T.);
#2153=ORIENTED_EDGE('',*,*,#1396,.T.);
#2154=ORIENTED_EDGE('',*,*,#1587,.T.);
#2155=ORIENTED_EDGE('',*,*,#1588,.T.);
#2156=ORIENTED_EDGE('',*,*,#1589,.T.);
#2157=ORIENTED_EDGE('',*,*,#1590,.T.);
#2158=ORIENTED_EDGE('',*,*,#1591,.T.);
#2159=ORIENTED_EDGE('',*,*,#1587,.F.);
#2160=ORIENTED_EDGE('',*,*,#1592,.T.);
#2161=ORIENTED_EDGE('',*,*,#1593,.T.);
#2162=ORIENTED_EDGE('',*,*,#1594,.T.);
#2163=ORIENTED_EDGE('',*,*,#1595,.T.);
#2164=ORIENTED_EDGE('',*,*,#1596,.T.);
#2165=ORIENTED_EDGE('',*,*,#1597,.T.);
#2166=ORIENTED_EDGE('',*,*,#1598,.T.);
#2167=ORIENTED_EDGE('',*,*,#1593,.F.);
#2168=ORIENTED_EDGE('',*,*,#1588,.F.);
#2169=ORIENTED_EDGE('',*,*,#1599,.T.);
#2170=ORIENTED_EDGE('',*,*,#1600,.T.);
#2171=ORIENTED_EDGE('',*,*,#1601,.T.);
#2172=ORIENTED_EDGE('',*,*,#1591,.F.);
#2173=ORIENTED_EDGE('',*,*,#1602,.F.);
#2174=ORIENTED_EDGE('',*,*,#1603,.F.);
#2175=ORIENTED_EDGE('',*,*,#1599,.F.);
#2176=ORIENTED_EDGE('',*,*,#1598,.F.);
#2177=ORIENTED_EDGE('',*,*,#1604,.F.);
#2178=ORIENTED_EDGE('',*,*,#1605,.T.);
#2179=ORIENTED_EDGE('',*,*,#1602,.T.);
#2180=ORIENTED_EDGE('',*,*,#1597,.F.);
#2181=ORIENTED_EDGE('',*,*,#1606,.F.);
#2182=ORIENTED_EDGE('',*,*,#1607,.F.);
#2183=ORIENTED_EDGE('',*,*,#1604,.T.);
#2184=ORIENTED_EDGE('',*,*,#1596,.F.);
#2185=ORIENTED_EDGE('',*,*,#1608,.T.);
#2186=ORIENTED_EDGE('',*,*,#1609,.T.);
#2187=ORIENTED_EDGE('',*,*,#1606,.T.);
#2188=ORIENTED_EDGE('',*,*,#1610,.T.);
#2189=ORIENTED_EDGE('',*,*,#1589,.F.);
#2190=ORIENTED_EDGE('',*,*,#1601,.F.);
#2191=ORIENTED_EDGE('',*,*,#1611,.F.);
#2192=ORIENTED_EDGE('',*,*,#1612,.T.);
#2193=ORIENTED_EDGE('',*,*,#1613,.F.);
#2194=ORIENTED_EDGE('',*,*,#1614,.F.);
#2195=ORIENTED_EDGE('',*,*,#1615,.F.);
#2196=ORIENTED_EDGE('',*,*,#1616,.T.);
#2197=ORIENTED_EDGE('',*,*,#1617,.F.);
#2198=ORIENTED_EDGE('',*,*,#1618,.T.);
#2199=ORIENTED_EDGE('',*,*,#1619,.F.);
#2200=ORIENTED_EDGE('',*,*,#1620,.F.);
#2201=ORIENTED_EDGE('',*,*,#1621,.T.);
#2202=ORIENTED_EDGE('',*,*,#1622,.T.);
#2203=ORIENTED_EDGE('',*,*,#1623,.T.);
#2204=ORIENTED_EDGE('',*,*,#1624,.F.);
#2205=ORIENTED_EDGE('',*,*,#1625,.T.);
#2206=ORIENTED_EDGE('',*,*,#1626,.T.);
#2207=ORIENTED_EDGE('',*,*,#1627,.F.);
#2208=ORIENTED_EDGE('',*,*,#1608,.F.);
#2209=ORIENTED_EDGE('',*,*,#1595,.F.);
#2210=ORIENTED_EDGE('',*,*,#1628,.F.);
#2211=ORIENTED_EDGE('',*,*,#1629,.T.);
#2212=ORIENTED_EDGE('',*,*,#1630,.F.);
#2213=ORIENTED_EDGE('',*,*,#1631,.T.);
#2214=ORIENTED_EDGE('',*,*,#1632,.T.);
#2215=ORIENTED_EDGE('',*,*,#1622,.F.);
#2216=ORIENTED_EDGE('',*,*,#1633,.T.);
#2217=ORIENTED_EDGE('',*,*,#1624,.T.);
#2218=ORIENTED_EDGE('',*,*,#1634,.F.);
#2219=ORIENTED_EDGE('',*,*,#1635,.T.);
#2220=ORIENTED_EDGE('',*,*,#1636,.F.);
#2221=ORIENTED_EDGE('',*,*,#1635,.F.);
#2222=ORIENTED_EDGE('',*,*,#1590,.F.);
#2223=ORIENTED_EDGE('',*,*,#1610,.F.);
#2224=ORIENTED_EDGE('',*,*,#1632,.F.);
#2225=ORIENTED_EDGE('',*,*,#1623,.F.);
#2226=ORIENTED_EDGE('',*,*,#1594,.F.);
#2227=ORIENTED_EDGE('',*,*,#1592,.F.);
#2228=ORIENTED_EDGE('',*,*,#1634,.T.);
#2229=ORIENTED_EDGE('',*,*,#1637,.F.);
#2230=ORIENTED_EDGE('',*,*,#1638,.T.);
#2231=ORIENTED_EDGE('',*,*,#1639,.T.);
#2232=ORIENTED_EDGE('',*,*,#1640,.F.);
#2233=ORIENTED_EDGE('',*,*,#1641,.F.);
#2234=ORIENTED_EDGE('',*,*,#1642,.T.);
#2235=ORIENTED_EDGE('',*,*,#1643,.T.);
#2236=ORIENTED_EDGE('',*,*,#1638,.F.);
#2237=ORIENTED_EDGE('',*,*,#1644,.F.);
#2238=ORIENTED_EDGE('',*,*,#1645,.T.);
#2239=ORIENTED_EDGE('',*,*,#1646,.T.);
#2240=ORIENTED_EDGE('',*,*,#1642,.F.);
#2241=ORIENTED_EDGE('',*,*,#1647,.F.);
#2242=ORIENTED_EDGE('',*,*,#1640,.T.);
#2243=ORIENTED_EDGE('',*,*,#1648,.T.);
#2244=ORIENTED_EDGE('',*,*,#1645,.F.);
#2245=ORIENTED_EDGE('',*,*,#1648,.F.);
#2246=ORIENTED_EDGE('',*,*,#1639,.F.);
#2247=ORIENTED_EDGE('',*,*,#1643,.F.);
#2248=ORIENTED_EDGE('',*,*,#1646,.F.);
#2249=ORIENTED_EDGE('',*,*,#1649,.F.);
#2250=ORIENTED_EDGE('',*,*,#1650,.F.);
#2251=ORIENTED_EDGE('',*,*,#1651,.F.);
#2252=ORIENTED_EDGE('',*,*,#1652,.F.);
#2253=ORIENTED_EDGE('',*,*,#1650,.T.);
#2254=ORIENTED_EDGE('',*,*,#1653,.F.);
#2255=ORIENTED_EDGE('',*,*,#1654,.T.);
#2256=ORIENTED_EDGE('',*,*,#1655,.T.);
#2257=ORIENTED_EDGE('',*,*,#1649,.T.);
#2258=ORIENTED_EDGE('',*,*,#1656,.F.);
#2259=ORIENTED_EDGE('',*,*,#1657,.T.);
#2260=ORIENTED_EDGE('',*,*,#1653,.T.);
#2261=ORIENTED_EDGE('',*,*,#1658,.T.);
#2262=ORIENTED_EDGE('',*,*,#1659,.T.);
#2263=ORIENTED_EDGE('',*,*,#1660,.T.);
#2264=ORIENTED_EDGE('',*,*,#1661,.T.);
#2265=ORIENTED_EDGE('',*,*,#1662,.T.);
#2266=ORIENTED_EDGE('',*,*,#1663,.T.);
#2267=ORIENTED_EDGE('',*,*,#1664,.F.);
#2268=ORIENTED_EDGE('',*,*,#1665,.T.);
#2269=ORIENTED_EDGE('',*,*,#1660,.F.);
#2270=ORIENTED_EDGE('',*,*,#1666,.T.);
#2271=ORIENTED_EDGE('',*,*,#1667,.T.);
#2272=ORIENTED_EDGE('',*,*,#1668,.T.);
#2273=ORIENTED_EDGE('',*,*,#1669,.T.);
#2274=ORIENTED_EDGE('',*,*,#1670,.T.);
#2275=ORIENTED_EDGE('',*,*,#1671,.T.);
#2276=ORIENTED_EDGE('',*,*,#1668,.F.);
#2277=ORIENTED_EDGE('',*,*,#1672,.T.);
#2278=ORIENTED_EDGE('',*,*,#1673,.T.);
#2279=ORIENTED_EDGE('',*,*,#1666,.F.);
#2280=ORIENTED_EDGE('',*,*,#1674,.T.);
#2281=ORIENTED_EDGE('',*,*,#1675,.T.);
#2282=ORIENTED_EDGE('',*,*,#1676,.T.);
#2283=ORIENTED_EDGE('',*,*,#1675,.F.);
#2284=ORIENTED_EDGE('',*,*,#1613,.T.);
#2285=ORIENTED_EDGE('',*,*,#1677,.T.);
#2286=ORIENTED_EDGE('',*,*,#1678,.T.);
#2287=ORIENTED_EDGE('',*,*,#1670,.F.);
#2288=ORIENTED_EDGE('',*,*,#1679,.T.);
#2289=ORIENTED_EDGE('',*,*,#1677,.F.);
#2290=ORIENTED_EDGE('',*,*,#1658,.F.);
#2291=ORIENTED_EDGE('',*,*,#1680,.T.);
#2292=ORIENTED_EDGE('',*,*,#1662,.F.);
#2293=ORIENTED_EDGE('',*,*,#1659,.F.);
#2294=ORIENTED_EDGE('',*,*,#1679,.F.);
#2295=ORIENTED_EDGE('',*,*,#1672,.F.);
#2296=ORIENTED_EDGE('',*,*,#1667,.F.);
#2297=ORIENTED_EDGE('',*,*,#1681,.T.);
#2298=ORIENTED_EDGE('',*,*,#1682,.T.);
#2299=ORIENTED_EDGE('',*,*,#1683,.F.);
#2300=ORIENTED_EDGE('',*,*,#1674,.F.);
#2301=ORIENTED_EDGE('',*,*,#1669,.F.);
#2302=ORIENTED_EDGE('',*,*,#1684,.T.);
#2303=ORIENTED_EDGE('',*,*,#1685,.F.);
#2304=ORIENTED_EDGE('',*,*,#1614,.T.);
#2305=ORIENTED_EDGE('',*,*,#1686,.F.);
#2306=ORIENTED_EDGE('',*,*,#1687,.T.);
#2307=ORIENTED_EDGE('',*,*,#1681,.F.);
#2308=ORIENTED_EDGE('',*,*,#1673,.F.);
#2309=ORIENTED_EDGE('',*,*,#1676,.F.);
#2310=ORIENTED_EDGE('',*,*,#1612,.F.);
#2311=ORIENTED_EDGE('',*,*,#1683,.T.);
#2312=ORIENTED_EDGE('',*,*,#1688,.T.);
#2313=ORIENTED_EDGE('',*,*,#1689,.T.);
#2314=ORIENTED_EDGE('',*,*,#1690,.F.);
#2315=ORIENTED_EDGE('',*,*,#1663,.F.);
#2316=ORIENTED_EDGE('',*,*,#1690,.T.);
#2317=ORIENTED_EDGE('',*,*,#1691,.F.);
#2318=ORIENTED_EDGE('',*,*,#1692,.F.);
#2319=ORIENTED_EDGE('',*,*,#1693,.T.);
#2320=ORIENTED_EDGE('',*,*,#1694,.T.);
#2321=ORIENTED_EDGE('',*,*,#1664,.T.);
#2322=ORIENTED_EDGE('',*,*,#1665,.F.);
#2323=ORIENTED_EDGE('',*,*,#1694,.F.);
#2324=ORIENTED_EDGE('',*,*,#1695,.T.);
#2325=ORIENTED_EDGE('',*,*,#1696,.T.);
#2326=ORIENTED_EDGE('',*,*,#1687,.F.);
#2327=ORIENTED_EDGE('',*,*,#1697,.F.);
#2328=ORIENTED_EDGE('',*,*,#1688,.F.);
#2329=ORIENTED_EDGE('',*,*,#1682,.F.);
#2330=ORIENTED_EDGE('',*,*,#1671,.F.);
#2331=ORIENTED_EDGE('',*,*,#1698,.F.);
#2332=ORIENTED_EDGE('',*,*,#1699,.F.);
#2333=ORIENTED_EDGE('',*,*,#1684,.F.);
#2334=ORIENTED_EDGE('',*,*,#1680,.F.);
#2335=ORIENTED_EDGE('',*,*,#1700,.F.);
#2336=ORIENTED_EDGE('',*,*,#1701,.F.);
#2337=ORIENTED_EDGE('',*,*,#1702,.F.);
#2338=ORIENTED_EDGE('',*,*,#1703,.F.);
#2339=ORIENTED_EDGE('',*,*,#1698,.T.);
#2340=ORIENTED_EDGE('',*,*,#1678,.F.);
#2341=ORIENTED_EDGE('',*,*,#1661,.F.);
#2342=ORIENTED_EDGE('',*,*,#1696,.F.);
#2343=ORIENTED_EDGE('',*,*,#1704,.F.);
#2344=ORIENTED_EDGE('',*,*,#1618,.F.);
#2345=ORIENTED_EDGE('',*,*,#1705,.F.);
#2346=ORIENTED_EDGE('',*,*,#1700,.T.);
#2347=ORIENTED_EDGE('',*,*,#1706,.F.);
#2348=ORIENTED_EDGE('',*,*,#1707,.T.);
#2349=ORIENTED_EDGE('',*,*,#1708,.F.);
#2350=ORIENTED_EDGE('',*,*,#1709,.T.);
#2351=ORIENTED_EDGE('',*,*,#1706,.T.);
#2352=ORIENTED_EDGE('',*,*,#1710,.T.);
#2353=ORIENTED_EDGE('',*,*,#1711,.F.);
#2354=ORIENTED_EDGE('',*,*,#1712,.T.);
#2355=ORIENTED_EDGE('',*,*,#1713,.F.);
#2356=ORIENTED_EDGE('',*,*,#1714,.T.);
#2357=ORIENTED_EDGE('',*,*,#1708,.T.);
#2358=ORIENTED_EDGE('',*,*,#1715,.F.);
#2359=ORIENTED_EDGE('',*,*,#1716,.T.);
#2360=ORIENTED_EDGE('',*,*,#1717,.F.);
#2361=ORIENTED_EDGE('',*,*,#1718,.F.);
#2362=ORIENTED_EDGE('',*,*,#1719,.T.);
#2363=ORIENTED_EDGE('',*,*,#1720,.T.);
#2364=ORIENTED_EDGE('',*,*,#1721,.F.);
#2365=ORIENTED_EDGE('',*,*,#1709,.F.);
#2366=ORIENTED_EDGE('',*,*,#1714,.F.);
#2367=ORIENTED_EDGE('',*,*,#1722,.F.);
#2368=ORIENTED_EDGE('',*,*,#1710,.F.);
#2369=ORIENTED_EDGE('',*,*,#1713,.T.);
#2370=ORIENTED_EDGE('',*,*,#1723,.T.);
#2371=ORIENTED_EDGE('',*,*,#1711,.T.);
#2372=ORIENTED_EDGE('',*,*,#1722,.T.);
#2373=ORIENTED_EDGE('',*,*,#1723,.F.);
#2374=ORIENTED_EDGE('',*,*,#1712,.F.);
#2375=ORIENTED_EDGE('',*,*,#1724,.F.);
#2376=ORIENTED_EDGE('',*,*,#1725,.T.);
#2377=ORIENTED_EDGE('',*,*,#1705,.T.);
#2378=ORIENTED_EDGE('',*,*,#1617,.T.);
#2379=ORIENTED_EDGE('',*,*,#1726,.T.);
#2380=ORIENTED_EDGE('',*,*,#1727,.T.);
#2381=ORIENTED_EDGE('',*,*,#1701,.T.);
#2382=ORIENTED_EDGE('',*,*,#1725,.F.);
#2383=ORIENTED_EDGE('',*,*,#1728,.T.);
#2384=ORIENTED_EDGE('',*,*,#1729,.T.);
#2385=ORIENTED_EDGE('',*,*,#1730,.T.);
#2386=ORIENTED_EDGE('',*,*,#1731,.T.);
#2387=ORIENTED_EDGE('',*,*,#1699,.T.);
#2388=ORIENTED_EDGE('',*,*,#1615,.T.);
#2389=ORIENTED_EDGE('',*,*,#1685,.T.);
#2390=ORIENTED_EDGE('',*,*,#1731,.F.);
#2391=ORIENTED_EDGE('',*,*,#1732,.T.);
#2392=ORIENTED_EDGE('',*,*,#1733,.T.);
#2393=ORIENTED_EDGE('',*,*,#1734,.T.);
#2394=ORIENTED_EDGE('',*,*,#1729,.F.);
#2395=ORIENTED_EDGE('',*,*,#1703,.T.);
#2396=ORIENTED_EDGE('',*,*,#1733,.F.);
#2397=ORIENTED_EDGE('',*,*,#1702,.T.);
#2398=ORIENTED_EDGE('',*,*,#1727,.F.);
#2399=ORIENTED_EDGE('',*,*,#1735,.F.);
#2400=ORIENTED_EDGE('',*,*,#1736,.T.);
#2401=ORIENTED_EDGE('',*,*,#1737,.T.);
#2402=ORIENTED_EDGE('',*,*,#1736,.F.);
#2403=ORIENTED_EDGE('',*,*,#1738,.F.);
#2404=ORIENTED_EDGE('',*,*,#1630,.T.);
#2405=ORIENTED_EDGE('',*,*,#1739,.F.);
#2406=ORIENTED_EDGE('',*,*,#1740,.F.);
#2407=ORIENTED_EDGE('',*,*,#1741,.T.);
#2408=ORIENTED_EDGE('',*,*,#1740,.T.);
#2409=ORIENTED_EDGE('',*,*,#1742,.F.);
#2410=ORIENTED_EDGE('',*,*,#1743,.F.);
#2411=ORIENTED_EDGE('',*,*,#1744,.F.);
#2412=ORIENTED_EDGE('',*,*,#1743,.T.);
#2413=ORIENTED_EDGE('',*,*,#1745,.F.);
#2414=ORIENTED_EDGE('',*,*,#1628,.T.);
#2415=ORIENTED_EDGE('',*,*,#1629,.F.);
#2416=ORIENTED_EDGE('',*,*,#1745,.T.);
#2417=ORIENTED_EDGE('',*,*,#1742,.T.);
#2418=ORIENTED_EDGE('',*,*,#1739,.T.);
#2419=ORIENTED_EDGE('',*,*,#1735,.T.);
#2420=ORIENTED_EDGE('',*,*,#1631,.F.);
#2421=ORIENTED_EDGE('',*,*,#1738,.T.);
#2422=ORIENTED_EDGE('',*,*,#1741,.F.);
#2423=ORIENTED_EDGE('',*,*,#1744,.T.);
#2424=ORIENTED_EDGE('',*,*,#1737,.F.);
#2425=ORIENTED_EDGE('',*,*,#1726,.F.);
#2426=ORIENTED_EDGE('',*,*,#1616,.F.);
#2427=ORIENTED_EDGE('',*,*,#1732,.F.);
#2428=ORIENTED_EDGE('',*,*,#1730,.F.);
#2429=ORIENTED_EDGE('',*,*,#1734,.F.);
#2430=ORIENTED_EDGE('',*,*,#1728,.F.);
#2431=ORIENTED_EDGE('',*,*,#1746,.T.);
#2432=ORIENTED_EDGE('',*,*,#1707,.F.);
#2433=ORIENTED_EDGE('',*,*,#1721,.T.);
#2434=ORIENTED_EDGE('',*,*,#1747,.T.);
#2435=ORIENTED_EDGE('',*,*,#1748,.T.);
#2436=ORIENTED_EDGE('',*,*,#1749,.T.);
#2437=ORIENTED_EDGE('',*,*,#1619,.T.);
#2438=ORIENTED_EDGE('',*,*,#1704,.T.);
#2439=ORIENTED_EDGE('',*,*,#1695,.F.);
#2440=ORIENTED_EDGE('',*,*,#1693,.F.);
#2441=ORIENTED_EDGE('',*,*,#1750,.F.);
#2442=ORIENTED_EDGE('',*,*,#1715,.T.);
#2443=ORIENTED_EDGE('',*,*,#1654,.F.);
#2444=ORIENTED_EDGE('',*,*,#1657,.F.);
#2445=ORIENTED_EDGE('',*,*,#1751,.F.);
#2446=ORIENTED_EDGE('',*,*,#1752,.F.);
#2447=ORIENTED_EDGE('',*,*,#1652,.T.);
#2448=ORIENTED_EDGE('',*,*,#1753,.F.);
#2449=ORIENTED_EDGE('',*,*,#1751,.T.);
#2450=ORIENTED_EDGE('',*,*,#1656,.T.);
#2451=ORIENTED_EDGE('',*,*,#1651,.T.);
#2452=ORIENTED_EDGE('',*,*,#1655,.F.);
#2453=ORIENTED_EDGE('',*,*,#1752,.T.);
#2454=ORIENTED_EDGE('',*,*,#1753,.T.);
#2455=ORIENTED_EDGE('',*,*,#1750,.T.);
#2456=ORIENTED_EDGE('',*,*,#1692,.T.);
#2457=ORIENTED_EDGE('',*,*,#1754,.F.);
#2458=ORIENTED_EDGE('',*,*,#1716,.F.);
#2459=ORIENTED_EDGE('',*,*,#1755,.F.);
#2460=ORIENTED_EDGE('',*,*,#1756,.T.);
#2461=ORIENTED_EDGE('',*,*,#1746,.F.);
#2462=ORIENTED_EDGE('',*,*,#1756,.F.);
#2463=ORIENTED_EDGE('',*,*,#1757,.T.);
#2464=ORIENTED_EDGE('',*,*,#1758,.T.);
#2465=ORIENTED_EDGE('',*,*,#1759,.T.);
#2466=ORIENTED_EDGE('',*,*,#1760,.T.);
#2467=ORIENTED_EDGE('',*,*,#1761,.T.);
#2468=ORIENTED_EDGE('',*,*,#1762,.T.);
#2469=ORIENTED_EDGE('',*,*,#1763,.T.);
#2470=ORIENTED_EDGE('',*,*,#1764,.T.);
#2471=ORIENTED_EDGE('',*,*,#1765,.T.);
#2472=ORIENTED_EDGE('',*,*,#1766,.T.);
#2473=ORIENTED_EDGE('',*,*,#1767,.T.);
#2474=ORIENTED_EDGE('',*,*,#1768,.T.);
#2475=ORIENTED_EDGE('',*,*,#1627,.T.);
#2476=ORIENTED_EDGE('',*,*,#1769,.T.);
#2477=ORIENTED_EDGE('',*,*,#1770,.T.);
#2478=ORIENTED_EDGE('',*,*,#1771,.T.);
#2479=ORIENTED_EDGE('',*,*,#1717,.T.);
#2480=ORIENTED_EDGE('',*,*,#1754,.T.);
#2481=ORIENTED_EDGE('',*,*,#1691,.T.);
#2482=ORIENTED_EDGE('',*,*,#1689,.F.);
#2483=ORIENTED_EDGE('',*,*,#1697,.T.);
#2484=ORIENTED_EDGE('',*,*,#1686,.T.);
#2485=ORIENTED_EDGE('',*,*,#1611,.T.);
#2486=ORIENTED_EDGE('',*,*,#1600,.F.);
#2487=ORIENTED_EDGE('',*,*,#1603,.T.);
#2488=ORIENTED_EDGE('',*,*,#1605,.F.);
#2489=ORIENTED_EDGE('',*,*,#1607,.T.);
#2490=ORIENTED_EDGE('',*,*,#1609,.F.);
#2491=ORIENTED_EDGE('',*,*,#1636,.T.);
#2492=ORIENTED_EDGE('',*,*,#1637,.T.);
#2493=ORIENTED_EDGE('',*,*,#1647,.T.);
#2494=ORIENTED_EDGE('',*,*,#1644,.T.);
#2495=ORIENTED_EDGE('',*,*,#1641,.T.);
#2496=ORIENTED_EDGE('',*,*,#1772,.T.);
#2497=ORIENTED_EDGE('',*,*,#1755,.T.);
#2498=ORIENTED_EDGE('',*,*,#1772,.F.);
#2499=ORIENTED_EDGE('',*,*,#1773,.T.);
#2500=ORIENTED_EDGE('',*,*,#1724,.T.);
#2501=ORIENTED_EDGE('',*,*,#1773,.F.);
#2502=ORIENTED_EDGE('',*,*,#1774,.F.);
#2503=ORIENTED_EDGE('',*,*,#1775,.T.);
#2504=ORIENTED_EDGE('',*,*,#1776,.T.);
#2505=ORIENTED_EDGE('',*,*,#1748,.F.);
#2506=ORIENTED_EDGE('',*,*,#1720,.F.);
#2507=ORIENTED_EDGE('',*,*,#1777,.T.);
#2508=ORIENTED_EDGE('',*,*,#1774,.T.);
#2509=ORIENTED_EDGE('',*,*,#1747,.F.);
#2510=ORIENTED_EDGE('',*,*,#1778,.F.);
#2511=ORIENTED_EDGE('',*,*,#1779,.T.);
#2512=ORIENTED_EDGE('',*,*,#1718,.T.);
#2513=ORIENTED_EDGE('',*,*,#1771,.F.);
#2514=ORIENTED_EDGE('',*,*,#1780,.F.);
#2515=ORIENTED_EDGE('',*,*,#1781,.T.);
#2516=ORIENTED_EDGE('',*,*,#1778,.T.);
#2517=ORIENTED_EDGE('',*,*,#1770,.F.);
#2518=ORIENTED_EDGE('',*,*,#1782,.F.);
#2519=ORIENTED_EDGE('',*,*,#1783,.F.);
#2520=ORIENTED_EDGE('',*,*,#1784,.T.);
#2521=ORIENTED_EDGE('',*,*,#1768,.F.);
#2522=ORIENTED_EDGE('',*,*,#1785,.F.);
#2523=ORIENTED_EDGE('',*,*,#1786,.F.);
#2524=ORIENTED_EDGE('',*,*,#1782,.T.);
#2525=ORIENTED_EDGE('',*,*,#1767,.F.);
#2526=ORIENTED_EDGE('',*,*,#1787,.F.);
#2527=ORIENTED_EDGE('',*,*,#1788,.T.);
#2528=ORIENTED_EDGE('',*,*,#1785,.T.);
#2529=ORIENTED_EDGE('',*,*,#1766,.F.);
#2530=ORIENTED_EDGE('',*,*,#1554,.T.);
#2531=ORIENTED_EDGE('',*,*,#1585,.T.);
#2532=ORIENTED_EDGE('',*,*,#1582,.T.);
#2533=ORIENTED_EDGE('',*,*,#1579,.T.);
#2534=ORIENTED_EDGE('',*,*,#1576,.T.);
#2535=ORIENTED_EDGE('',*,*,#1573,.T.);
#2536=ORIENTED_EDGE('',*,*,#1570,.T.);
#2537=ORIENTED_EDGE('',*,*,#1567,.T.);
#2538=ORIENTED_EDGE('',*,*,#1564,.T.);
#2539=ORIENTED_EDGE('',*,*,#1561,.T.);
#2540=ORIENTED_EDGE('',*,*,#1558,.T.);
#2541=ORIENTED_EDGE('',*,*,#1473,.T.);
#2542=ORIENTED_EDGE('',*,*,#1528,.T.);
#2543=ORIENTED_EDGE('',*,*,#1525,.T.);
#2544=ORIENTED_EDGE('',*,*,#1522,.T.);
#2545=ORIENTED_EDGE('',*,*,#1519,.T.);
#2546=ORIENTED_EDGE('',*,*,#1516,.T.);
#2547=ORIENTED_EDGE('',*,*,#1513,.T.);
#2548=ORIENTED_EDGE('',*,*,#1510,.T.);
#2549=ORIENTED_EDGE('',*,*,#1507,.T.);
#2550=ORIENTED_EDGE('',*,*,#1504,.T.);
#2551=ORIENTED_EDGE('',*,*,#1501,.T.);
#2552=ORIENTED_EDGE('',*,*,#1498,.T.);
#2553=ORIENTED_EDGE('',*,*,#1495,.T.);
#2554=ORIENTED_EDGE('',*,*,#1492,.T.);
#2555=ORIENTED_EDGE('',*,*,#1489,.T.);
#2556=ORIENTED_EDGE('',*,*,#1486,.T.);
#2557=ORIENTED_EDGE('',*,*,#1483,.T.);
#2558=ORIENTED_EDGE('',*,*,#1480,.T.);
#2559=ORIENTED_EDGE('',*,*,#1477,.T.);
#2560=ORIENTED_EDGE('',*,*,#1416,.T.);
#2561=ORIENTED_EDGE('',*,*,#1471,.T.);
#2562=ORIENTED_EDGE('',*,*,#1468,.T.);
#2563=ORIENTED_EDGE('',*,*,#1465,.T.);
#2564=ORIENTED_EDGE('',*,*,#1462,.T.);
#2565=ORIENTED_EDGE('',*,*,#1459,.T.);
#2566=ORIENTED_EDGE('',*,*,#1456,.T.);
#2567=ORIENTED_EDGE('',*,*,#1453,.T.);
#2568=ORIENTED_EDGE('',*,*,#1450,.T.);
#2569=ORIENTED_EDGE('',*,*,#1447,.T.);
#2570=ORIENTED_EDGE('',*,*,#1444,.T.);
#2571=ORIENTED_EDGE('',*,*,#1441,.T.);
#2572=ORIENTED_EDGE('',*,*,#1438,.T.);
#2573=ORIENTED_EDGE('',*,*,#1435,.T.);
#2574=ORIENTED_EDGE('',*,*,#1432,.T.);
#2575=ORIENTED_EDGE('',*,*,#1429,.T.);
#2576=ORIENTED_EDGE('',*,*,#1426,.T.);
#2577=ORIENTED_EDGE('',*,*,#1423,.T.);
#2578=ORIENTED_EDGE('',*,*,#1420,.T.);
#2579=ORIENTED_EDGE('',*,*,#1789,.F.);
#2580=ORIENTED_EDGE('',*,*,#1790,.T.);
#2581=ORIENTED_EDGE('',*,*,#1787,.T.);
#2582=ORIENTED_EDGE('',*,*,#1765,.F.);
#2583=ORIENTED_EDGE('',*,*,#1791,.F.);
#2584=ORIENTED_EDGE('',*,*,#1792,.T.);
#2585=ORIENTED_EDGE('',*,*,#1793,.T.);
#2586=ORIENTED_EDGE('',*,*,#1794,.F.);
#2587=ORIENTED_EDGE('',*,*,#1795,.F.);
#2588=ORIENTED_EDGE('',*,*,#1796,.F.);
#2589=ORIENTED_EDGE('',*,*,#1791,.T.);
#2590=ORIENTED_EDGE('',*,*,#1794,.T.);
#2591=ORIENTED_EDGE('',*,*,#1793,.F.);
#2592=ORIENTED_EDGE('',*,*,#1797,.F.);
#2593=ORIENTED_EDGE('',*,*,#1789,.T.);
#2594=ORIENTED_EDGE('',*,*,#1764,.F.);
#2595=ORIENTED_EDGE('',*,*,#1626,.F.);
#2596=ORIENTED_EDGE('',*,*,#1798,.T.);
#2597=ORIENTED_EDGE('',*,*,#1780,.T.);
#2598=ORIENTED_EDGE('',*,*,#1769,.F.);
#2599=ORIENTED_EDGE('',*,*,#1776,.F.);
#2600=ORIENTED_EDGE('',*,*,#1799,.T.);
#2601=ORIENTED_EDGE('',*,*,#1620,.T.);
#2602=ORIENTED_EDGE('',*,*,#1749,.F.);
#2603=ORIENTED_EDGE('',*,*,#1800,.F.);
#2604=ORIENTED_EDGE('',*,*,#1801,.F.);
#2605=ORIENTED_EDGE('',*,*,#1795,.T.);
#2606=ORIENTED_EDGE('',*,*,#1763,.F.);
#2607=ORIENTED_EDGE('',*,*,#1802,.F.);
#2608=ORIENTED_EDGE('',*,*,#1803,.F.);
#2609=ORIENTED_EDGE('',*,*,#1800,.T.);
#2610=ORIENTED_EDGE('',*,*,#1762,.F.);
#2611=ORIENTED_EDGE('',*,*,#1804,.F.);
#2612=ORIENTED_EDGE('',*,*,#1805,.F.);
#2613=ORIENTED_EDGE('',*,*,#1802,.T.);
#2614=ORIENTED_EDGE('',*,*,#1761,.F.);
#2615=ORIENTED_EDGE('',*,*,#1806,.F.);
#2616=ORIENTED_EDGE('',*,*,#1807,.T.);
#2617=ORIENTED_EDGE('',*,*,#1804,.T.);
#2618=ORIENTED_EDGE('',*,*,#1760,.F.);
#2619=ORIENTED_EDGE('',*,*,#1808,.F.);
#2620=ORIENTED_EDGE('',*,*,#1809,.F.);
#2621=ORIENTED_EDGE('',*,*,#1806,.T.);
#2622=ORIENTED_EDGE('',*,*,#1759,.F.);
#2623=ORIENTED_EDGE('',*,*,#1810,.F.);
#2624=ORIENTED_EDGE('',*,*,#1811,.T.);
#2625=ORIENTED_EDGE('',*,*,#1808,.T.);
#2626=ORIENTED_EDGE('',*,*,#1758,.F.);
#2627=ORIENTED_EDGE('',*,*,#1784,.F.);
#2628=ORIENTED_EDGE('',*,*,#1812,.F.);
#2629=ORIENTED_EDGE('',*,*,#1810,.T.);
#2630=ORIENTED_EDGE('',*,*,#1757,.F.);
#2631=ORIENTED_EDGE('',*,*,#1796,.T.);
#2632=ORIENTED_EDGE('',*,*,#1801,.T.);
#2633=ORIENTED_EDGE('',*,*,#1803,.T.);
#2634=ORIENTED_EDGE('',*,*,#1805,.T.);
#2635=ORIENTED_EDGE('',*,*,#1807,.F.);
#2636=ORIENTED_EDGE('',*,*,#1809,.T.);
#2637=ORIENTED_EDGE('',*,*,#1811,.F.);
#2638=ORIENTED_EDGE('',*,*,#1812,.T.);
#2639=ORIENTED_EDGE('',*,*,#1783,.T.);
#2640=ORIENTED_EDGE('',*,*,#1786,.T.);
#2641=ORIENTED_EDGE('',*,*,#1788,.F.);
#2642=ORIENTED_EDGE('',*,*,#1790,.F.);
#2643=ORIENTED_EDGE('',*,*,#1797,.T.);
#2644=ORIENTED_EDGE('',*,*,#1792,.F.);
#2645=ORIENTED_EDGE('',*,*,#1781,.F.);
#2646=ORIENTED_EDGE('',*,*,#1798,.F.);
#2647=ORIENTED_EDGE('',*,*,#1625,.F.);
#2648=ORIENTED_EDGE('',*,*,#1633,.F.);
#2649=ORIENTED_EDGE('',*,*,#1621,.F.);
#2650=ORIENTED_EDGE('',*,*,#1799,.F.);
#2651=ORIENTED_EDGE('',*,*,#1775,.F.);
#2652=ORIENTED_EDGE('',*,*,#1777,.F.);
#2653=ORIENTED_EDGE('',*,*,#1719,.F.);
#2654=ORIENTED_EDGE('',*,*,#1779,.F.);
#2655=PLANE('',#2896);
#2656=PLANE('',#2897);
#2657=PLANE('',#2898);
#2658=PLANE('',#2899);
#2659=PLANE('',#2900);
#2660=PLANE('',#2901);
#2661=PLANE('',#2902);
#2662=PLANE('',#2903);
#2663=PLANE('',#2904);
#2664=PLANE('',#2905);
#2665=PLANE('',#2906);
#2666=PLANE('',#2907);
#2667=PLANE('',#2908);
#2668=PLANE('',#2909);
#2669=PLANE('',#2910);
#2670=PLANE('',#2911);
#2671=PLANE('',#2912);
#2672=PLANE('',#2913);
#2673=PLANE('',#2914);
#2674=PLANE('',#2915);
#2675=PLANE('',#2916);
#2676=PLANE('',#2917);
#2677=PLANE('',#2918);
#2678=PLANE('',#2919);
#2679=PLANE('',#2920);
#2680=PLANE('',#2921);
#2681=PLANE('',#2922);
#2682=PLANE('',#2923);
#2683=PLANE('',#2924);
#2684=PLANE('',#2925);
#2685=PLANE('',#2926);
#2686=PLANE('',#2927);
#2687=PLANE('',#2928);
#2688=PLANE('',#2929);
#2689=PLANE('',#2930);
#2690=PLANE('',#2931);
#2691=PLANE('',#2932);
#2692=PLANE('',#2953);
#2693=PLANE('',#2954);
#2694=PLANE('',#2955);
#2695=PLANE('',#2959);
#2696=PLANE('',#2960);
#2697=PLANE('',#2964);
#2698=PLANE('',#2968);
#2699=PLANE('',#2973);
#2700=PLANE('',#2993);
#2701=PLANE('',#3003);
#2702=PLANE('',#3004);
#2703=PLANE('',#3015);
#2704=PLANE('',#3020);
#2705=PLANE('',#3040);
#2706=PLANE('',#3041);
#2707=PLANE('',#3042);
#2708=PLANE('',#3044);
#2709=PLANE('',#3047);
#2710=PLANE('',#3048);
#2711=PLANE('',#3051);
#2712=PLANE('',#3056);
#2713=PLANE('',#3057);
#2714=PLANE('',#3058);
#2715=PLANE('',#3059);
#2716=PLANE('',#3060);
#2717=PLANE('',#3061);
#2718=PLANE('',#3062);
#2719=PLANE('',#3063);
#2720=PLANE('',#3067);
#2721=PLANE('',#3068);
#2722=PLANE('',#3069);
#2723=PLANE('',#3070);
#2724=PLANE('',#3071);
#2725=PLANE('',#3072);
#2726=PLANE('',#3075);
#2727=PLANE('',#3078);
#2728=PLANE('',#3079);
#2729=ADVANCED_FACE('',(#278),#2655,.F.);
#2730=ADVANCED_FACE('',(#279),#238,.F.);
#2731=ADVANCED_FACE('',(#280),#239,.F.);
#2732=ADVANCED_FACE('',(#281),#240,.F.);
#2733=ADVANCED_FACE('',(#282),#241,.F.);
#2734=ADVANCED_FACE('',(#283),#242,.F.);
#2735=ADVANCED_FACE('',(#284),#2656,.F.);
#2736=ADVANCED_FACE('',(#285),#2657,.F.);
#2737=ADVANCED_FACE('',(#286),#2658,.F.);
#2738=ADVANCED_FACE('',(#287),#2659,.F.);
#2739=ADVANCED_FACE('',(#288),#243,.F.);
#2740=ADVANCED_FACE('',(#289),#244,.F.);
#2741=ADVANCED_FACE('',(#290),#245,.F.);
#2742=ADVANCED_FACE('',(#291),#246,.F.);
#2743=ADVANCED_FACE('',(#292),#2660,.F.);
#2744=ADVANCED_FACE('',(#293),#2661,.F.);
#2745=ADVANCED_FACE('',(#294),#2662,.F.);
#2746=ADVANCED_FACE('',(#295),#247,.F.);
#2747=ADVANCED_FACE('',(#296),#248,.F.);
#2748=ADVANCED_FACE('',(#297),#249,.F.);
#2749=ADVANCED_FACE('',(#298),#250,.F.);
#2750=ADVANCED_FACE('',(#299),#251,.F.);
#2751=ADVANCED_FACE('',(#300),#252,.F.);
#2752=ADVANCED_FACE('',(#301),#253,.F.);
#2753=ADVANCED_FACE('',(#302),#2663,.F.);
#2754=ADVANCED_FACE('',(#303),#2664,.F.);
#2755=ADVANCED_FACE('',(#304),#2665,.F.);
#2756=ADVANCED_FACE('',(#305,#125),#2666,.T.);
#2757=ADVANCED_FACE('',(#306),#2667,.F.);
#2758=ADVANCED_FACE('',(#307),#254,.F.);
#2759=ADVANCED_FACE('',(#308),#255,.F.);
#2760=ADVANCED_FACE('',(#309),#2668,.F.);
#2761=ADVANCED_FACE('',(#310),#2669,.F.);
#2762=ADVANCED_FACE('',(#311),#2670,.F.);
#2763=ADVANCED_FACE('',(#312),#2671,.F.);
#2764=ADVANCED_FACE('',(#313),#2672,.F.);
#2765=ADVANCED_FACE('',(#314),#256,.F.);
#2766=ADVANCED_FACE('',(#315),#257,.F.);
#2767=ADVANCED_FACE('',(#316),#2673,.F.);
#2768=ADVANCED_FACE('',(#317),#2674,.F.);
#2769=ADVANCED_FACE('',(#318),#2675,.F.);
#2770=ADVANCED_FACE('',(#319),#258,.F.);
#2771=ADVANCED_FACE('',(#320),#259,.F.);
#2772=ADVANCED_FACE('',(#321),#2676,.F.);
#2773=ADVANCED_FACE('',(#322),#2677,.F.);
#2774=ADVANCED_FACE('',(#323),#2678,.F.);
#2775=ADVANCED_FACE('',(#324),#2679,.F.);
#2776=ADVANCED_FACE('',(#325),#2680,.T.);
#2777=ADVANCED_FACE('',(#326),#2681,.F.);
#2778=ADVANCED_FACE('',(#327),#260,.F.);
#2779=ADVANCED_FACE('',(#328),#261,.F.);
#2780=ADVANCED_FACE('',(#329),#262,.F.);
#2781=ADVANCED_FACE('',(#330),#263,.F.);
#2782=ADVANCED_FACE('',(#331),#264,.F.);
#2783=ADVANCED_FACE('',(#332),#2682,.F.);
#2784=ADVANCED_FACE('',(#333),#2683,.F.);
#2785=ADVANCED_FACE('',(#334),#2684,.F.);
#2786=ADVANCED_FACE('',(#335),#2685,.F.);
#2787=ADVANCED_FACE('',(#336),#265,.F.);
#2788=ADVANCED_FACE('',(#337),#266,.F.);
#2789=ADVANCED_FACE('',(#338),#267,.F.);
#2790=ADVANCED_FACE('',(#339),#268,.F.);
#2791=ADVANCED_FACE('',(#340),#269,.F.);
#2792=ADVANCED_FACE('',(#341),#270,.F.);
#2793=ADVANCED_FACE('',(#342),#2686,.F.);
#2794=ADVANCED_FACE('',(#343),#2687,.F.);
#2795=ADVANCED_FACE('',(#344),#2688,.F.);
#2796=ADVANCED_FACE('',(#345,#126),#2689,.T.);
#2797=ADVANCED_FACE('',(#346),#2690,.T.);
#2798=ADVANCED_FACE('',(#347),#2691,.T.);
#2799=ADVANCED_FACE('',(#348),#113,.T.);
#2800=ADVANCED_FACE('',(#349),#114,.T.);
#2801=ADVANCED_FACE('',(#350),#115,.T.);
#2802=ADVANCED_FACE('',(#351),#16,.F.);
#2803=ADVANCED_FACE('',(#352),#17,.T.);
#2804=ADVANCED_FACE('',(#353),#18,.F.);
#2805=ADVANCED_FACE('',(#354),#19,.T.);
#2806=ADVANCED_FACE('',(#355),#20,.F.);
#2807=ADVANCED_FACE('',(#356),#2692,.T.);
#2808=ADVANCED_FACE('',(#357,#127),#2693,.T.);
#2809=ADVANCED_FACE('',(#358),#2694,.T.);
#2810=ADVANCED_FACE('',(#359),#21,.F.);
#2811=ADVANCED_FACE('',(#360,#128),#2695,.F.);
#2812=ADVANCED_FACE('',(#361),#2696,.F.);
#2813=ADVANCED_FACE('',(#362),#22,.F.);
#2814=ADVANCED_FACE('',(#363),#2697,.F.);
#2815=ADVANCED_FACE('',(#364),#23,.F.);
#2816=ADVANCED_FACE('',(#365,#129),#2698,.T.);
#2817=ADVANCED_FACE('',(#366),#24,.F.);
#2818=ADVANCED_FACE('',(#367),#2699,.T.);
#2819=ADVANCED_FACE('',(#368),#116,.F.);
#2820=ADVANCED_FACE('',(#369),#25,.F.);
#2821=ADVANCED_FACE('',(#370),#117,.F.);
#2822=ADVANCED_FACE('',(#371),#118,.F.);
#2823=ADVANCED_FACE('',(#372),#119,.F.);
#2824=ADVANCED_FACE('',(#373),#26,.F.);
#2825=ADVANCED_FACE('',(#374),#271,.T.);
#2826=ADVANCED_FACE('',(#375),#272,.T.);
#2827=ADVANCED_FACE('',(#376),#2700,.F.);
#2828=ADVANCED_FACE('',(#377),#27,.F.);
#2829=ADVANCED_FACE('',(#378),#28,.F.);
#2830=ADVANCED_FACE('',(#379),#29,.F.);
#2831=ADVANCED_FACE('',(#380),#2701,.T.);
#2832=ADVANCED_FACE('',(#381),#2702,.T.);
#2833=ADVANCED_FACE('',(#382),#30,.T.);
#2834=ADVANCED_FACE('',(#383),#31,.T.);
#2835=ADVANCED_FACE('',(#384),#273,.T.);
#2836=ADVANCED_FACE('',(#385),#32,.T.);
#2837=ADVANCED_FACE('',(#386),#120,.F.);
#2838=ADVANCED_FACE('',(#387),#2703,.T.);
#2839=ADVANCED_FACE('',(#388),#33,.T.);
#2840=ADVANCED_FACE('',(#389),#121,.T.);
#2841=ADVANCED_FACE('',(#390,#130),#2704,.F.);
#2842=ADVANCED_FACE('',(#391),#122,.T.);
#2843=ADVANCED_FACE('',(#392),#274,.F.);
#2844=ADVANCED_FACE('',(#393),#123,.T.);
#2845=ADVANCED_FACE('',(#394),#124,.T.);
#2846=ADVANCED_FACE('',(#395),#275,.F.);
#2847=ADVANCED_FACE('',(#396),#276,.F.);
#2848=ADVANCED_FACE('',(#397),#34,.F.);
#2849=ADVANCED_FACE('',(#398),#277,.T.);
#2850=ADVANCED_FACE('',(#399),#35,.T.);
#2851=ADVANCED_FACE('',(#400),#36,.F.);
#2852=ADVANCED_FACE('',(#401,#131),#2705,.T.);
#2853=ADVANCED_FACE('',(#402,#132),#2706,.F.);
#2854=ADVANCED_FACE('',(#403,#133),#2707,.F.);
#2855=ADVANCED_FACE('',(#404,#134),#2708,.F.);
#2856=ADVANCED_FACE('',(#405),#37,.F.);
#2857=ADVANCED_FACE('',(#406),#2709,.T.);
#2858=ADVANCED_FACE('',(#407),#2710,.T.);
#2859=ADVANCED_FACE('',(#408),#38,.F.);
#2860=ADVANCED_FACE('',(#409,#135,#136,#137,#138,#139),#2711,.T.);
#2861=ADVANCED_FACE('',(#410),#39,.F.);
#2862=ADVANCED_FACE('',(#411),#2712,.T.);
#2863=ADVANCED_FACE('',(#412),#2713,.T.);
#2864=ADVANCED_FACE('',(#413),#2714,.T.);
#2865=ADVANCED_FACE('',(#414),#2715,.T.);
#2866=ADVANCED_FACE('',(#415),#2716,.T.);
#2867=ADVANCED_FACE('',(#416),#2717,.T.);
#2868=ADVANCED_FACE('',(#417,#140,#141,#142),#2718,.T.);
#2869=ADVANCED_FACE('',(#418),#2719,.T.);
#2870=ADVANCED_FACE('',(#419),#40,.T.);
#2871=ADVANCED_FACE('',(#420),#2720,.T.);
#2872=ADVANCED_FACE('',(#421),#2721,.T.);
#2873=ADVANCED_FACE('',(#422),#2722,.T.);
#2874=ADVANCED_FACE('',(#423),#2723,.T.);
#2875=ADVANCED_FACE('',(#424),#2724,.T.);
#2876=ADVANCED_FACE('',(#425),#2725,.T.);
#2877=ADVANCED_FACE('',(#426),#41,.T.);
#2878=ADVANCED_FACE('',(#427),#2726,.T.);
#2879=ADVANCED_FACE('',(#428),#42,.T.);
#2880=ADVANCED_FACE('',(#429),#2727,.T.);
#2881=ADVANCED_FACE('',(#430,#143),#2728,.F.);
#2882=CLOSED_SHELL('',(#2729,#2730,#2731,#2732,#2733,#2734,#2735,#2736,
#2737,#2738,#2739,#2740,#2741,#2742,#2743,#2744,#2745,#2746,#2747,#2748,
#2749,#2750,#2751,#2752,#2753,#2754,#2755,#2756,#2757,#2758,#2759,#2760,
#2761,#2762,#2763,#2764,#2765,#2766,#2767,#2768,#2769,#2770,#2771,#2772,
#2773,#2774,#2775,#2776,#2777,#2778,#2779,#2780,#2781,#2782,#2783,#2784,
#2785,#2786,#2787,#2788,#2789,#2790,#2791,#2792,#2793,#2794,#2795,#2796,
#2797,#2798,#2799,#2800,#2801,#2802,#2803,#2804,#2805,#2806,#2807,#2808,
#2809,#2810,#2811,#2812,#2813,#2814,#2815,#2816,#2817,#2818,#2819,#2820,
#2821,#2822,#2823,#2824,#2825,#2826,#2827,#2828,#2829,#2830,#2831,#2832,
#2833,#2834,#2835,#2836,#2837,#2838,#2839,#2840,#2841,#2842,#2843,#2844,
#2845,#2846,#2847,#2848,#2849,#2850,#2851,#2852,#2853,#2854,#2855,#2856,
#2857,#2858,#2859,#2860,#2861,#2862,#2863,#2864,#2865,#2866,#2867,#2868,
#2869,#2870,#2871,#2872,#2873,#2874,#2875,#2876,#2877,#2878,#2879,#2880,
#2881));
#2883=DERIVED_UNIT_ELEMENT(#2885,1.);
#2884=DERIVED_UNIT_ELEMENT(#5365,-3.);
#2885=(
MASS_UNIT()
NAMED_UNIT(*)
SI_UNIT(.KILO.,.GRAM.)
);
#2886=DERIVED_UNIT((#2883,#2884));
#2887=MEASURE_REPRESENTATION_ITEM('density measure',
POSITIVE_RATIO_MEASURE(7850.),#2886);
#2888=PROPERTY_DEFINITION_REPRESENTATION(#2893,#2890);
#2889=PROPERTY_DEFINITION_REPRESENTATION(#2894,#2891);
#2890=REPRESENTATION('material name',(#2892),#5362);
#2891=REPRESENTATION('density',(#2887),#5362);
#2892=DESCRIPTIVE_REPRESENTATION_ITEM('Stahl','Stahl');
#2893=PROPERTY_DEFINITION('material property','material name',#5372);
#2894=PROPERTY_DEFINITION('material property','density of part',#5372);
#2895=AXIS2_PLACEMENT_3D('',#3706,#3080,#3081);
#2896=AXIS2_PLACEMENT_3D('',#3707,#3082,#3083);
#2897=AXIS2_PLACEMENT_3D('',#3791,#3093,#3094);
#2898=AXIS2_PLACEMENT_3D('',#3797,#3098,#3099);
#2899=AXIS2_PLACEMENT_3D('',#3800,#3102,#3103);
#2900=AXIS2_PLACEMENT_3D('',#3809,#3108,#3109);
#2901=AXIS2_PLACEMENT_3D('',#3875,#3117,#3118);
#2902=AXIS2_PLACEMENT_3D('',#3881,#3122,#3123);
#2903=AXIS2_PLACEMENT_3D('',#3887,#3127,#3128);
#2904=AXIS2_PLACEMENT_3D('',#3998,#3139,#3140);
#2905=AXIS2_PLACEMENT_3D('',#4004,#3144,#3145);
#2906=AXIS2_PLACEMENT_3D('',#4010,#3149,#3150);
#2907=AXIS2_PLACEMENT_3D('',#4013,#3153,#3154);
#2908=AXIS2_PLACEMENT_3D('',#4014,#3155,#3156);
#2909=AXIS2_PLACEMENT_3D('',#4053,#3163,#3164);
#2910=AXIS2_PLACEMENT_3D('',#4059,#3168,#3169);
#2911=AXIS2_PLACEMENT_3D('',#4065,#3173,#3174);
#2912=AXIS2_PLACEMENT_3D('',#4071,#3178,#3179);
#2913=AXIS2_PLACEMENT_3D('',#4077,#3183,#3184);
#2914=AXIS2_PLACEMENT_3D('',#4113,#3190,#3191);
#2915=AXIS2_PLACEMENT_3D('',#4119,#3195,#3196);
#2916=AXIS2_PLACEMENT_3D('',#4125,#3200,#3201);
#2917=AXIS2_PLACEMENT_3D('',#4161,#3207,#3208);
#2918=AXIS2_PLACEMENT_3D('',#4167,#3212,#3213);
#2919=AXIS2_PLACEMENT_3D('',#4173,#3217,#3218);
#2920=AXIS2_PLACEMENT_3D('',#4179,#3222,#3223);
#2921=AXIS2_PLACEMENT_3D('',#4182,#3226,#3227);
#2922=AXIS2_PLACEMENT_3D('',#4183,#3228,#3229);
#2923=AXIS2_PLACEMENT_3D('',#4267,#3239,#3240);
#2924=AXIS2_PLACEMENT_3D('',#4273,#3244,#3245);
#2925=AXIS2_PLACEMENT_3D('',#4276,#3248,#3249);
#2926=AXIS2_PLACEMENT_3D('',#4285,#3254,#3255);
#2927=AXIS2_PLACEMENT_3D('',#4381,#3265,#3266);
#2928=AXIS2_PLACEMENT_3D('',#4387,#3270,#3271);
#2929=AXIS2_PLACEMENT_3D('',#4393,#3275,#3276);
#2930=AXIS2_PLACEMENT_3D('',#4396,#3279,#3280);
#2931=AXIS2_PLACEMENT_3D('',#4397,#3281,#3282);
#2932=AXIS2_PLACEMENT_3D('',#4398,#3283,#3284);
#2933=AXIS2_PLACEMENT_3D('',#4399,#3285,#3286);
#2934=AXIS2_PLACEMENT_3D('',#4402,#3287,#3288);
#2935=AXIS2_PLACEMENT_3D('',#4404,#3289,#3290);
#2936=AXIS2_PLACEMENT_3D('',#4412,#3291,#3292);
#2937=AXIS2_PLACEMENT_3D('',#4413,#3293,#3294);
#2938=AXIS2_PLACEMENT_3D('',#4415,#3295,#3296);
#2939=AXIS2_PLACEMENT_3D('',#4417,#3297,#3298);
#2940=AXIS2_PLACEMENT_3D('',#4432,#3299,#3300);
#2941=AXIS2_PLACEMENT_3D('',#4434,#3301,#3302);
#2942=AXIS2_PLACEMENT_3D('',#4472,#3303,#3304);
#2943=AXIS2_PLACEMENT_3D('',#4473,#3305,#3306);
#2944=AXIS2_PLACEMENT_3D('',#4477,#3308,#3309);
#2945=AXIS2_PLACEMENT_3D('',#4479,#3311,#3312);
#2946=AXIS2_PLACEMENT_3D('',#4482,#3314,#3315);
#2947=AXIS2_PLACEMENT_3D('',#4483,#3316,#3317);
#2948=AXIS2_PLACEMENT_3D('',#4486,#3319,#3320);
#2949=AXIS2_PLACEMENT_3D('',#4487,#3321,#3322);
#2950=AXIS2_PLACEMENT_3D('',#4490,#3324,#3325);
#2951=AXIS2_PLACEMENT_3D('',#4491,#3326,#3327);
#2952=AXIS2_PLACEMENT_3D('',#4494,#3329,#3330);
#2953=AXIS2_PLACEMENT_3D('',#4495,#3331,#3332);
#2954=AXIS2_PLACEMENT_3D('',#4533,#3344,#3345);
#2955=AXIS2_PLACEMENT_3D('',#4551,#3355,#3356);
#2956=AXIS2_PLACEMENT_3D('',#4554,#3359,#3360);
#2957=AXIS2_PLACEMENT_3D('',#4556,#3361,#3362);
#2958=AXIS2_PLACEMENT_3D('',#4559,#3364,#3365);
#2959=AXIS2_PLACEMENT_3D('',#4560,#3366,#3367);
#2960=AXIS2_PLACEMENT_3D('',#4561,#3368,#3369);
#2961=AXIS2_PLACEMENT_3D('',#4570,#3374,#3375);
#2962=AXIS2_PLACEMENT_3D('',#4572,#3376,#3377);
#2963=AXIS2_PLACEMENT_3D('',#4575,#3379,#3380);
#2964=AXIS2_PLACEMENT_3D('',#4576,#3381,#3382);
#2965=AXIS2_PLACEMENT_3D('',#4582,#3386,#3387);
#2966=AXIS2_PLACEMENT_3D('',#4583,#3388,#3389);
#2967=AXIS2_PLACEMENT_3D('',#4584,#3390,#3391);
#2968=AXIS2_PLACEMENT_3D('',#4585,#3392,#3393);
#2969=AXIS2_PLACEMENT_3D('',#4590,#3395,#3396);
#2970=AXIS2_PLACEMENT_3D('',#4593,#3398,#3399);
#2971=AXIS2_PLACEMENT_3D('',#4594,#3400,#3401);
#2972=AXIS2_PLACEMENT_3D('',#4598,#3403,#3404);
#2973=AXIS2_PLACEMENT_3D('',#4600,#3406,#3407);
#2974=AXIS2_PLACEMENT_3D('',#4604,#3410,#3411);
#2975=AXIS2_PLACEMENT_3D('',#4642,#3412,#3413);
#2976=AXIS2_PLACEMENT_3D('',#4656,#3414,#3415);
#2977=AXIS2_PLACEMENT_3D('',#4657,#3416,#3417);
#2978=AXIS2_PLACEMENT_3D('',#4672,#3419,#3420);
#2979=AXIS2_PLACEMENT_3D('',#4674,#3422,#3423);
#2980=AXIS2_PLACEMENT_3D('',#4677,#3424,#3425);
#2981=AXIS2_PLACEMENT_3D('',#4679,#3426,#3427);
#2982=AXIS2_PLACEMENT_3D('',#4681,#3428,#3429);
#2983=AXIS2_PLACEMENT_3D('',#4682,#3430,#3431);
#2984=AXIS2_PLACEMENT_3D('',#4683,#3432,#3433);
#2985=AXIS2_PLACEMENT_3D('',#4686,#3434,#3435);
#2986=AXIS2_PLACEMENT_3D('',#4687,#3436,#3437);
#2987=AXIS2_PLACEMENT_3D('',#4688,#3438,#3439);
#2988=AXIS2_PLACEMENT_3D('',#4689,#3440,#3441);
#2989=AXIS2_PLACEMENT_3D('',#4703,#3442,#3443);
#2990=AXIS2_PLACEMENT_3D('',#4704,#3444,#3445);
#2991=AXIS2_PLACEMENT_3D('',#4705,#3446,#3447);
#2992=AXIS2_PLACEMENT_3D('',#4811,#3448,#3449);
#2993=AXIS2_PLACEMENT_3D('',#4876,#3450,#3451);
#2994=AXIS2_PLACEMENT_3D('',#4878,#3452,#3453);
#2995=AXIS2_PLACEMENT_3D('',#4880,#3454,#3455);
#2996=AXIS2_PLACEMENT_3D('',#4881,#3456,#3457);
#2997=AXIS2_PLACEMENT_3D('',#4882,#3458,#3459);
#2998=AXIS2_PLACEMENT_3D('',#4885,#3461,#3462);
#2999=AXIS2_PLACEMENT_3D('',#4886,#3463,#3464);
#3000=AXIS2_PLACEMENT_3D('',#4888,#3465,#3466);
#3001=AXIS2_PLACEMENT_3D('',#4890,#3468,#3469);
#3002=AXIS2_PLACEMENT_3D('',#4894,#3471,#3472);
#3003=AXIS2_PLACEMENT_3D('',#4896,#3474,#3475);
#3004=AXIS2_PLACEMENT_3D('',#4904,#3480,#3481);
#3005=AXIS2_PLACEMENT_3D('',#4908,#3484,#3485);
#3006=AXIS2_PLACEMENT_3D('',#4909,#3486,#3487);
#3007=AXIS2_PLACEMENT_3D('',#4910,#3488,#3489);
#3008=AXIS2_PLACEMENT_3D('',#4913,#3491,#3492);
#3009=AXIS2_PLACEMENT_3D('',#4975,#3494,#3495);
#3010=AXIS2_PLACEMENT_3D('',#4976,#3496,#3497);
#3011=AXIS2_PLACEMENT_3D('',#4977,#3498,#3499);
#3012=AXIS2_PLACEMENT_3D('',#4978,#3500,#3501);
#3013=AXIS2_PLACEMENT_3D('',#4992,#3502,#3503);
#3014=AXIS2_PLACEMENT_3D('',#5004,#3504,#3505);
#3015=AXIS2_PLACEMENT_3D('',#5005,#3506,#3507);
#3016=AXIS2_PLACEMENT_3D('',#5046,#3518,#3519);
#3017=AXIS2_PLACEMENT_3D('',#5047,#3520,#3521);
#3018=AXIS2_PLACEMENT_3D('',#5048,#3522,#3523);
#3019=AXIS2_PLACEMENT_3D('',#5049,#3524,#3525);
#3020=AXIS2_PLACEMENT_3D('',#5050,#3526,#3527);
#3021=AXIS2_PLACEMENT_3D('',#5052,#3528,#3529);
#3022=AXIS2_PLACEMENT_3D('',#5053,#3530,#3531);
#3023=AXIS2_PLACEMENT_3D('',#5055,#3532,#3533);
#3024=AXIS2_PLACEMENT_3D('',#5056,#3534,#3535);
#3025=AXIS2_PLACEMENT_3D('',#5087,#3536,#3537);
#3026=AXIS2_PLACEMENT_3D('',#5089,#3538,#3539);
#3027=AXIS2_PLACEMENT_3D('',#5091,#3540,#3541);
#3028=AXIS2_PLACEMENT_3D('',#5092,#3542,#3543);
#3029=AXIS2_PLACEMENT_3D('',#5093,#3544,#3545);
#3030=AXIS2_PLACEMENT_3D('',#5094,#3546,#3547);
#3031=AXIS2_PLACEMENT_3D('',#5149,#3548,#3549);
#3032=AXIS2_PLACEMENT_3D('',#5151,#3550,#3551);
#3033=AXIS2_PLACEMENT_3D('',#5154,#3553,#3554);
#3034=AXIS2_PLACEMENT_3D('',#5214,#3556,#3557);
#3035=AXIS2_PLACEMENT_3D('',#5216,#3558,#3559);
#3036=AXIS2_PLACEMENT_3D('',#5218,#3560,#3561);
#3037=AXIS2_PLACEMENT_3D('',#5220,#3563,#3564);
#3038=AXIS2_PLACEMENT_3D('',#5221,#3565,#3566);
#3039=AXIS2_PLACEMENT_3D('',#5222,#3567,#3568);
#3040=AXIS2_PLACEMENT_3D('',#5223,#3569,#3570);
#3041=AXIS2_PLACEMENT_3D('',#5224,#3571,#3572);
#3042=AXIS2_PLACEMENT_3D('',#5225,#3573,#3574);
#3043=AXIS2_PLACEMENT_3D('',#5227,#3575,#3576);
#3044=AXIS2_PLACEMENT_3D('',#5228,#3577,#3578);
#3045=AXIS2_PLACEMENT_3D('',#5236,#3583,#3584);
#3046=AXIS2_PLACEMENT_3D('',#5238,#3586,#3587);
#3047=AXIS2_PLACEMENT_3D('',#5240,#3589,#3590);
#3048=AXIS2_PLACEMENT_3D('',#5241,#3591,#3592);
#3049=AXIS2_PLACEMENT_3D('',#5243,#3594,#3595);
#3050=AXIS2_PLACEMENT_3D('',#5245,#3596,#3597);
#3051=AXIS2_PLACEMENT_3D('',#5247,#3599,#3600);
#3052=AXIS2_PLACEMENT_3D('',#5252,#3602,#3603);
#3053=AXIS2_PLACEMENT_3D('',#5256,#3605,#3606);
#3054=AXIS2_PLACEMENT_3D('',#5278,#3618,#3619);
#3055=AXIS2_PLACEMENT_3D('',#5279,#3620,#3621);
#3056=AXIS2_PLACEMENT_3D('',#5281,#3623,#3624);
#3057=AXIS2_PLACEMENT_3D('',#5287,#3628,#3629);
#3058=AXIS2_PLACEMENT_3D('',#5289,#3631,#3632);
#3059=AXIS2_PLACEMENT_3D('',#5293,#3635,#3636);
#3060=AXIS2_PLACEMENT_3D('',#5297,#3639,#3640);
#3061=AXIS2_PLACEMENT_3D('',#5303,#3644,#3645);
#3062=AXIS2_PLACEMENT_3D('',#5307,#3648,#3649);
#3063=AXIS2_PLACEMENT_3D('',#5311,#3652,#3653);
#3064=AXIS2_PLACEMENT_3D('',#5315,#3656,#3657);
#3065=AXIS2_PLACEMENT_3D('',#5320,#3659,#3660);
#3066=AXIS2_PLACEMENT_3D('',#5323,#3662,#3663);
#3067=AXIS2_PLACEMENT_3D('',#5324,#3664,#3665);
#3068=AXIS2_PLACEMENT_3D('',#5329,#3669,#3670);
#3069=AXIS2_PLACEMENT_3D('',#5331,#3672,#3673);
#3070=AXIS2_PLACEMENT_3D('',#5333,#3675,#3676);
#3071=AXIS2_PLACEMENT_3D('',#5337,#3679,#3680);
#3072=AXIS2_PLACEMENT_3D('',#5341,#3683,#3684);
#3073=AXIS2_PLACEMENT_3D('',#5345,#3687,#3688);
#3074=AXIS2_PLACEMENT_3D('',#5348,#3690,#3691);
#3075=AXIS2_PLACEMENT_3D('',#5349,#3692,#3693);
#3076=AXIS2_PLACEMENT_3D('',#5353,#3696,#3697);
#3077=AXIS2_PLACEMENT_3D('',#5356,#3699,#3700);
#3078=AXIS2_PLACEMENT_3D('',#5357,#3701,#3702);
#3079=AXIS2_PLACEMENT_3D('',#5359,#3704,#3705);
#3080=DIRECTION('axis',(0.,0.,1.));
#3081=DIRECTION('refdir',(1.,0.,0.));
#3082=DIRECTION('center_axis',(0.,-8.88178419700128E-15,-1.));
#3083=DIRECTION('ref_axis',(1.,0.,0.));
#3084=DIRECTION('',(1.,7.49400541621979E-16,-6.65601388780229E-30));
#3085=DIRECTION('',(0.,-1.,8.88178419700128E-15));
#3086=DIRECTION('',(1.,0.,0.));
#3087=DIRECTION('',(0.,-1.,8.88178419700128E-15));
#3088=DIRECTION('',(0.,-1.,8.88178419700128E-15));
#3089=DIRECTION('',(0.,-1.,8.88178419700128E-15));
#3090=DIRECTION('',(0.,-1.,8.88178419700128E-15));
#3091=DIRECTION('',(0.,-1.,8.88178419700128E-15));
#3092=DIRECTION('',(0.,-1.,8.88178419700128E-15));
#3093=DIRECTION('center_axis',(0.,8.88178419700128E-15,1.));
#3094=DIRECTION('ref_axis',(-1.,0.,0.));
#3095=DIRECTION('',(-1.,-7.49400541621979E-16,6.65601388780229E-30));
#3096=DIRECTION('',(0.,-1.,8.88178419700128E-15));
#3097=DIRECTION('',(-1.,0.,0.));
#3098=DIRECTION('center_axis',(-1.,0.,0.));
#3099=DIRECTION('ref_axis',(0.,-1.0117281855639E-14,-1.));
#3100=DIRECTION('',(0.,0.,-1.));
#3101=DIRECTION('',(0.,-1.0117281855639E-14,-1.));
#3102=DIRECTION('center_axis',(-1.,0.,0.));
#3103=DIRECTION('ref_axis',(0.,-1.0117281855639E-14,-1.));
#3104=DIRECTION('',(0.,0.,-1.));
#3105=DIRECTION('',(0.,-1.,8.88178419700128E-15));
#3106=DIRECTION('',(0.,-1.0117281855639E-14,-1.));
#3107=DIRECTION('',(0.,-1.,8.88178419700128E-15));
#3108=DIRECTION('center_axis',(0.,-8.88178419700128E-15,-1.));
#3109=DIRECTION('ref_axis',(1.,0.,0.));
#3110=DIRECTION('',(1.,7.49400541621979E-16,-6.65601388780229E-30));
#3111=DIRECTION('',(0.,-1.,8.88178419700128E-15));
#3112=DIRECTION('',(1.,0.,0.));
#3113=DIRECTION('',(0.,-1.,8.88178419700128E-15));
#3114=DIRECTION('',(0.,-1.,8.88178419700128E-15));
#3115=DIRECTION('',(0.,-1.,8.88178419700128E-15));
#3116=DIRECTION('',(0.,-1.,8.88178419700128E-15));
#3117=DIRECTION('center_axis',(0.843775821564193,-4.76681611952618E-15,
-0.536695782491042));
#3118=DIRECTION('ref_axis',(0.536695782491042,8.53671780973829E-15,0.843775821564193));
#3119=DIRECTION('',(0.536695782491042,4.02200110085019E-16,0.843775821564193));
#3120=DIRECTION('',(0.,-1.,8.88178419700128E-15));
#3121=DIRECTION('',(0.536695782491042,8.53671780973829E-15,0.843775821564193));
#3122=DIRECTION('center_axis',(0.,-8.88178419700128E-15,-1.));
#3123=DIRECTION('ref_axis',(1.,0.,0.));
#3124=DIRECTION('',(1.,7.49400541621979E-16,-6.65601388780229E-30));
#3125=DIRECTION('',(0.,-1.,8.88178419700128E-15));
#3126=DIRECTION('',(1.,0.,0.));
#3127=DIRECTION('center_axis',(-0.842616524940044,4.78296566038648E-15,
0.538514059146059));
#3128=DIRECTION('ref_axis',(-0.538514059146059,-8.52498887903748E-15,-0.842616524940044));
#3129=DIRECTION('',(-0.538514059146059,-4.03562727595107E-16,-0.842616524940044));
#3130=DIRECTION('',(0.,-1.,8.88178419700128E-15));
#3131=DIRECTION('',(-0.538514059146059,-8.52498887903748E-15,-0.842616524940044));
#3132=DIRECTION('',(0.,-1.,8.88178419700128E-15));
#3133=DIRECTION('',(0.,-1.,8.88178419700128E-15));
#3134=DIRECTION('',(0.,-1.,8.88178419700128E-15));
#3135=DIRECTION('',(0.,-1.,8.88178419700128E-15));
#3136=DIRECTION('',(0.,-1.,8.88178419700128E-15));
#3137=DIRECTION('',(0.,-1.,8.88178419700128E-15));
#3138=DIRECTION('',(0.,-1.,8.88178419700128E-15));
#3139=DIRECTION('center_axis',(0.,8.88178419700128E-15,1.));
#3140=DIRECTION('ref_axis',(-1.,0.,0.));
#3141=DIRECTION('',(-1.,-7.49400541621979E-16,6.65601388780229E-30));
#3142=DIRECTION('',(0.,-1.,8.88178419700128E-15));
#3143=DIRECTION('',(-1.,0.,0.));
#3144=DIRECTION('center_axis',(1.,0.,0.));
#3145=DIRECTION('ref_axis',(0.,1.0117281855639E-14,1.));
#3146=DIRECTION('',(0.,0.,1.));
#3147=DIRECTION('',(0.,-1.,8.88178419700128E-15));
#3148=DIRECTION('',(0.,1.0117281855639E-14,1.));
#3149=DIRECTION('center_axis',(0.,-8.88178419700128E-15,-1.));
#3150=DIRECTION('ref_axis',(1.,0.,0.));
#3151=DIRECTION('',(1.,7.49400541621979E-16,-6.65601388780229E-30));
#3152=DIRECTION('',(1.,0.,0.));
#3153=DIRECTION('center_axis',(0.,1.,-1.0117281855639E-14));
#3154=DIRECTION('ref_axis',(-1.,0.,0.));
#3155=DIRECTION('center_axis',(-0.963357112062784,-2.38229047312367E-15,
-0.2682220621762));
#3156=DIRECTION('ref_axis',(0.2682220621762,-9.74655543037358E-15,-0.963357112062784));
#3157=DIRECTION('',(0.2682220621762,2.01005758669809E-16,-0.963357112062784));
#3158=DIRECTION('',(0.,-1.,8.88178419700128E-15));
#3159=DIRECTION('',(0.2682220621762,-9.74655543037358E-15,-0.963357112062784));
#3160=DIRECTION('',(0.,-1.,8.88178419700128E-15));
#3161=DIRECTION('',(0.,-1.,8.88178419700128E-15));
#3162=DIRECTION('',(0.,-1.,8.88178419700128E-15));
#3163=DIRECTION('center_axis',(0.963801688090544,-2.36806266231819E-15,
-0.266620153090154));
#3164=DIRECTION('ref_axis',(0.266620153090154,9.7510533313527E-15,0.963801688090544));
#3165=DIRECTION('',(0.266620153090154,1.99805287133096E-16,0.963801688090544));
#3166=DIRECTION('',(0.,-1.,8.88178419700128E-15));
#3167=DIRECTION('',(0.266620153090154,9.7510533313527E-15,0.963801688090544));
#3168=DIRECTION('center_axis',(0.,-8.88178419700128E-15,-1.));
#3169=DIRECTION('ref_axis',(1.,0.,0.));
#3170=DIRECTION('',(1.,7.49400541621979E-16,-6.65601388780229E-30));
#3171=DIRECTION('',(0.,-1.,8.88178419700128E-15));
#3172=DIRECTION('',(1.,0.,0.));
#3173=DIRECTION('center_axis',(-0.964398558141811,-2.34881501101446E-15,
-0.264453060209172));
#3174=DIRECTION('ref_axis',(0.264453060209172,-9.75709203389255E-15,-0.964398558141811));
#3175=DIRECTION('',(0.264453060209172,1.98181266554344E-16,-0.964398558141811));
#3176=DIRECTION('',(0.,-1.,8.88178419700128E-15));
#3177=DIRECTION('',(0.264453060209172,-9.75709203389255E-15,-0.964398558141811));
#3178=DIRECTION('center_axis',(0.,8.88178419700128E-15,1.));
#3179=DIRECTION('ref_axis',(-1.,0.,0.));
#3180=DIRECTION('',(-1.,-7.49400541621979E-16,6.65601388780229E-30));
#3181=DIRECTION('',(0.,-1.,8.88178419700128E-15));
#3182=DIRECTION('',(-1.,0.,0.));
#3183=DIRECTION('center_axis',(0.971462452085006,2.10670050161138E-15,0.237193389850956));
#3184=DIRECTION('ref_axis',(-0.237193389850956,9.8285594399142E-15,0.971462452085006));
#3185=DIRECTION('',(-0.237193389850956,-1.77752854823459E-16,0.971462452085006));
#3186=DIRECTION('',(0.,-1.,8.88178419700128E-15));
#3187=DIRECTION('',(-0.237193389850956,9.8285594399142E-15,0.971462452085006));
#3188=DIRECTION('',(0.,-1.,8.88178419700128E-15));
#3189=DIRECTION('',(0.,-1.,8.88178419700128E-15));
#3190=DIRECTION('center_axis',(-0.962206092508848,2.41870790815801E-15,
0.272322300847461));
#3191=DIRECTION('ref_axis',(-0.272322300847461,-9.73491024112506E-15,-0.962206092508848));
#3192=DIRECTION('',(-0.272322300847461,-2.04078479750831E-16,-0.962206092508848));
#3193=DIRECTION('',(0.,-1.,8.88178419700128E-15));
#3194=DIRECTION('',(-0.272322300847461,-9.73491024112506E-15,-0.962206092508848));
#3195=DIRECTION('center_axis',(0.,8.88178419700128E-15,1.));
#3196=DIRECTION('ref_axis',(-1.,0.,0.));
#3197=DIRECTION('',(-1.,-7.49400541621979E-16,6.65601388780229E-30));
#3198=DIRECTION('',(0.,-1.,8.88178419700128E-15));
#3199=DIRECTION('',(-1.,0.,0.));
#3200=DIRECTION('center_axis',(0.962508249074952,2.40920537724405E-15,0.271252410980381));
#3201=DIRECTION('ref_axis',(-0.271252410980381,9.73796724426887E-15,0.962508249074952));
#3202=DIRECTION('',(-0.271252410980381,-2.03276703704965E-16,0.962508249074952));
#3203=DIRECTION('',(0.,-1.,8.88178419700128E-15));
#3204=DIRECTION('',(-0.271252410980381,9.73796724426887E-15,0.962508249074952));
#3205=DIRECTION('',(0.,-1.,8.88178419700128E-15));
#3206=DIRECTION('',(0.,-1.,8.88178419700128E-15));
#3207=DIRECTION('center_axis',(-0.974117120676299,2.00767295178001E-15,
0.226043878937956));
#3208=DIRECTION('ref_axis',(-0.226043878937956,-9.85541747028562E-15,-0.974117120676299));
#3209=DIRECTION('',(-0.226043878937956,-1.69397405306437E-16,-0.974117120676299));
#3210=DIRECTION('',(0.,-1.,8.88178419700128E-15));
#3211=DIRECTION('',(-0.226043878937956,-9.85541747028562E-15,-0.974117120676299));
#3212=DIRECTION('center_axis',(0.,8.88178419700128E-15,1.));
#3213=DIRECTION('ref_axis',(-1.,0.,0.));
#3214=DIRECTION('',(-1.,-7.49400541621979E-16,6.65601388780229E-30));
#3215=DIRECTION('',(0.,-1.,8.88178419700128E-15));
#3216=DIRECTION('',(-1.,0.,0.));
#3217=DIRECTION('center_axis',(0.966551561028054,-2.27793229998803E-15,
-0.256472376435032));
#3218=DIRECTION('ref_axis',(0.256472376435032,9.77887457092867E-15,0.966551561028054));
#3219=DIRECTION('',(0.256472376435032,1.92200537811489E-16,0.966551561028054));
#3220=DIRECTION('',(0.,-1.,8.88178419700128E-15));
#3221=DIRECTION('',(0.256472376435032,9.77887457092867E-15,0.966551561028054));
#3222=DIRECTION('center_axis',(0.,-8.88178419700128E-15,-1.));
#3223=DIRECTION('ref_axis',(1.,0.,0.));
#3224=DIRECTION('',(1.,7.49400541621979E-16,-6.65601388780229E-30));
#3225=DIRECTION('',(1.,0.,0.));
#3226=DIRECTION('center_axis',(0.,1.,-1.0117281855639E-14));
#3227=DIRECTION('ref_axis',(-1.,0.,0.));
#3228=DIRECTION('center_axis',(0.,-8.88178419700128E-15,-1.));
#3229=DIRECTION('ref_axis',(1.,0.,0.));
#3230=DIRECTION('',(1.,7.49400541621979E-16,-6.65601388780229E-30));
#3231=DIRECTION('',(0.,-1.,8.88178419700128E-15));
#3232=DIRECTION('',(1.,0.,0.));
#3233=DIRECTION('',(0.,-1.,8.88178419700128E-15));
#3234=DIRECTION('',(0.,-1.,8.88178419700128E-15));
#3235=DIRECTION('',(0.,-1.,8.88178419700128E-15));
#3236=DIRECTION('',(0.,-1.,8.88178419700128E-15));
#3237=DIRECTION('',(0.,-1.,8.88178419700128E-15));
#3238=DIRECTION('',(0.,-1.,8.88178419700128E-15));
#3239=DIRECTION('center_axis',(0.,8.88178419700128E-15,1.));
#3240=DIRECTION('ref_axis',(-1.,0.,0.));
#3241=DIRECTION('',(-1.,-7.49400541621979E-16,6.65601388780229E-30));
#3242=DIRECTION('',(0.,-1.,8.88178419700128E-15));
#3243=DIRECTION('',(-1.,0.,0.));
#3244=DIRECTION('center_axis',(-1.,0.,0.));
#3245=DIRECTION('ref_axis',(0.,-1.0117281855639E-14,-1.));
#3246=DIRECTION('',(0.,0.,-1.));
#3247=DIRECTION('',(0.,-1.0117281855639E-14,-1.));
#3248=DIRECTION('center_axis',(-1.,0.,0.));
#3249=DIRECTION('ref_axis',(0.,-1.0117281855639E-14,-1.));
#3250=DIRECTION('',(0.,0.,-1.));
#3251=DIRECTION('',(0.,-1.,8.88178419700128E-15));
#3252=DIRECTION('',(0.,-1.0117281855639E-14,-1.));
#3253=DIRECTION('',(0.,-1.,8.88178419700128E-15));
#3254=DIRECTION('center_axis',(0.,-8.88178419700128E-15,-1.));
#3255=DIRECTION('ref_axis',(1.,0.,0.));
#3256=DIRECTION('',(1.,7.49400541621979E-16,-6.65601388780229E-30));
#3257=DIRECTION('',(0.,-1.,8.88178419700128E-15));
#3258=DIRECTION('',(1.,0.,0.));
#3259=DIRECTION('',(0.,-1.,8.88178419700128E-15));
#3260=DIRECTION('',(0.,-1.,8.88178419700128E-15));
#3261=DIRECTION('',(0.,-1.,8.88178419700128E-15));
#3262=DIRECTION('',(0.,-1.,8.88178419700128E-15));
#3263=DIRECTION('',(0.,-1.,8.88178419700128E-15));
#3264=DIRECTION('',(0.,-1.,8.88178419700128E-15));
#3265=DIRECTION('center_axis',(0.,8.88178419700128E-15,1.));
#3266=DIRECTION('ref_axis',(-1.,0.,0.));
#3267=DIRECTION('',(-1.,-7.49400541621979E-16,6.65601388780229E-30));
#3268=DIRECTION('',(0.,-1.,8.88178419700128E-15));
#3269=DIRECTION('',(-1.,0.,0.));
#3270=DIRECTION('center_axis',(1.,0.,0.));
#3271=DIRECTION('ref_axis',(0.,1.0117281855639E-14,1.));
#3272=DIRECTION('',(0.,0.,1.));
#3273=DIRECTION('',(0.,-1.,8.88178419700128E-15));
#3274=DIRECTION('',(0.,1.0117281855639E-14,1.));
#3275=DIRECTION('center_axis',(0.,-8.88178419700128E-15,-1.));
#3276=DIRECTION('ref_axis',(1.,0.,0.));
#3277=DIRECTION('',(1.,7.49400541621979E-16,-6.65601388780229E-30));
#3278=DIRECTION('',(1.,0.,0.));
#3279=DIRECTION('center_axis',(0.,1.,-1.0117281855639E-14));
#3280=DIRECTION('ref_axis',(-1.,0.,0.));
#3281=DIRECTION('center_axis',(-7.49400541621979E-16,1.,0.));
#3282=DIRECTION('ref_axis',(1.,7.49400541621979E-16,7.1051471731233E-29));
#3283=DIRECTION('center_axis',(-7.49400541621979E-16,1.,0.));
#3284=DIRECTION('ref_axis',(1.,7.49400541621979E-16,7.1051471731233E-29));
#3285=DIRECTION('center_axis',(0.,0.,1.));
#3286=DIRECTION('ref_axis',(1.,0.,0.));
#3287=DIRECTION('center_axis',(-0.992640666204462,-0.12109710069676,0.));
#3288=DIRECTION('ref_axis',(0.,0.,1.));
#3289=DIRECTION('center_axis',(0.,0.,-1.));
#3290=DIRECTION('ref_axis',(-0.662911343734304,-0.748697903261643,0.));
#3291=DIRECTION('center_axis',(0.,0.,1.));
#3292=DIRECTION('ref_axis',(-0.662911343734303,-0.748697903261643,0.));
#3293=DIRECTION('center_axis',(0.,0.,1.));
#3294=DIRECTION('ref_axis',(1.,0.,0.));
#3295=DIRECTION('center_axis',(0.,0.,1.));
#3296=DIRECTION('ref_axis',(0.635091703393947,0.772436747106308,0.));
#3297=DIRECTION('center_axis',(0.,0.,-1.));
#3298=DIRECTION('ref_axis',(0.635091703393947,0.772436747106308,0.));
#3299=DIRECTION('center_axis',(0.,0.,-1.));
#3300=DIRECTION('ref_axis',(-1.,0.,0.));
#3301=DIRECTION('center_axis',(0.,0.,1.));
#3302=DIRECTION('ref_axis',(-0.958986988703611,0.283450093485927,0.));
#3303=DIRECTION('center_axis',(0.,0.,-1.));
#3304=DIRECTION('ref_axis',(-0.958986988703611,0.283450093485927,0.));
#3305=DIRECTION('center_axis',(0.,0.,1.));
#3306=DIRECTION('ref_axis',(1.,5.55111512312578E-16,0.));
#3307=DIRECTION('',(0.,0.,-1.));
#3308=DIRECTION('center_axis',(3.77985953880205E-50,-8.75811458636726E-47,
-1.));
#3309=DIRECTION('ref_axis',(1.,5.55111512312578E-16,0.));
#3310=DIRECTION('',(0.,0.,1.));
#3311=DIRECTION('center_axis',(0.,0.,1.));
#3312=DIRECTION('ref_axis',(-0.998037259236653,-0.0626229125431696,0.));
#3313=DIRECTION('',(0.,0.,1.));
#3314=DIRECTION('center_axis',(0.,0.,-1.));
#3315=DIRECTION('ref_axis',(-0.998037259236653,-0.0626229125431696,0.));
#3316=DIRECTION('center_axis',(0.,0.,1.));
#3317=DIRECTION('ref_axis',(-0.895806416477617,-0.444444444444444,0.));
#3318=DIRECTION('',(0.,0.,1.));
#3319=DIRECTION('center_axis',(0.,0.,-1.));
#3320=DIRECTION('ref_axis',(-0.895806416477617,-0.444444444444444,0.));
#3321=DIRECTION('center_axis',(0.,0.,1.));
#3322=DIRECTION('ref_axis',(-0.998037259236653,-0.0626229125431696,0.));
#3323=DIRECTION('',(0.,0.,1.));
#3324=DIRECTION('center_axis',(0.,0.,-1.));
#3325=DIRECTION('ref_axis',(-0.998037259236653,-0.0626229125431696,0.));
#3326=DIRECTION('center_axis',(0.,0.,-1.));
#3327=DIRECTION('ref_axis',(0.,1.,0.));
#3328=DIRECTION('',(0.,0.,-1.));
#3329=DIRECTION('center_axis',(3.77985953880205E-50,-8.75811458636726E-47,
-1.));
#3330=DIRECTION('ref_axis',(0.,1.,0.));
#3331=DIRECTION('center_axis',(1.,4.9277702856359E-16,0.));
#3332=DIRECTION('ref_axis',(4.9277702856359E-16,-1.,4.56060210830879E-31));
#3333=DIRECTION('',(-4.9277702856359E-16,1.,0.));
#3334=DIRECTION('',(3.26660156115096E-16,-1.,9.79759313758474E-47));
#3335=DIRECTION('',(0.,0.,1.));
#3336=DIRECTION('',(4.9277702856359E-16,-1.,0.));
#3337=DIRECTION('',(0.,0.,-1.));
#3338=DIRECTION('',(-4.9277702856359E-16,1.,-4.56060210830879E-31));
#3339=DIRECTION('',(0.,0.,-1.));
#3340=DIRECTION('',(5.13247026116778E-16,-1.,4.56060210830881E-31));
#3341=DIRECTION('',(0.,0.,-1.));
#3342=DIRECTION('',(4.9277702856359E-16,-1.,4.56060210830879E-31));
#3343=DIRECTION('',(0.,0.,-1.));
#3344=DIRECTION('center_axis',(-5.31526717024696E-16,1.,0.));
#3345=DIRECTION('ref_axis',(1.,5.31526717024696E-16,7.1051471731233E-29));
#3346=DIRECTION('',(-1.,-5.31526717024696E-16,0.));
#3347=DIRECTION('',(0.,0.,-1.));
#3348=DIRECTION('',(1.,5.31526717024696E-16,7.1051471731233E-29));
#3349=DIRECTION('',(0.,0.,-1.));
#3350=DIRECTION('',(1.,6.33814762464823E-16,3.7798595387965E-50));
#3351=DIRECTION('',(0.,0.,1.));
#3352=DIRECTION('',(1.,5.31526717024696E-16,7.1051471731233E-29));
#3353=DIRECTION('',(0.,0.,-1.));
#3354=DIRECTION('',(-1.,-5.31526717024696E-16,-7.1051471731233E-29));
#3355=DIRECTION('center_axis',(0.707106781186548,0.707106781186547,0.));
#3356=DIRECTION('ref_axis',(0.707106781186547,-0.707106781186548,5.0563460742147E-29));
#3357=DIRECTION('',(-0.707106781186547,0.707106781186548,0.));
#3358=DIRECTION('',(0.707106781186547,-0.707106781186548,5.0563460742147E-29));
#3359=DIRECTION('center_axis',(0.,0.,1.));
#3360=DIRECTION('ref_axis',(1.,0.,0.));
#3361=DIRECTION('center_axis',(0.,0.,-1.));
#3362=DIRECTION('ref_axis',(1.,0.,0.));
#3363=DIRECTION('',(0.,0.,-1.));
#3364=DIRECTION('center_axis',(0.,0.,1.));
#3365=DIRECTION('ref_axis',(1.,0.,0.));
#3366=DIRECTION('center_axis',(0.,0.,-1.));
#3367=DIRECTION('ref_axis',(1.,0.,0.));
#3368=DIRECTION('center_axis',(-7.40148683083438E-15,1.,0.));
#3369=DIRECTION('ref_axis',(-1.,-7.40148683083438E-15,0.));
#3370=DIRECTION('',(-1.,-7.40148683083438E-15,-3.77985953873722E-50));
#3371=DIRECTION('',(0.,0.,1.));
#3372=DIRECTION('',(-1.,-7.40148683083438E-15,0.));
#3373=DIRECTION('',(0.,0.,1.));
#3374=DIRECTION('center_axis',(0.,0.,1.));
#3375=DIRECTION('ref_axis',(0.,1.,0.));
#3376=DIRECTION('center_axis',(-3.77985953880205E-50,8.75811458636726E-47,
1.));
#3377=DIRECTION('ref_axis',(0.,1.,0.));
#3378=DIRECTION('',(0.,0.,1.));
#3379=DIRECTION('center_axis',(0.,0.,1.));
#3380=DIRECTION('ref_axis',(0.,1.,0.));
#3381=DIRECTION('center_axis',(1.48029871088895E-14,-1.,0.));
#3382=DIRECTION('ref_axis',(1.,1.48029871088895E-14,0.));
#3383=DIRECTION('',(1.,1.48029871088895E-14,3.7798595386724E-50));
#3384=DIRECTION('',(0.,0.,1.));
#3385=DIRECTION('',(1.,1.48029871088895E-14,0.));
#3386=DIRECTION('center_axis',(0.,0.,1.));
#3387=DIRECTION('ref_axis',(-0.999999999999648,-8.38556404436547E-7,0.));
#3388=DIRECTION('center_axis',(-3.77985953880205E-50,8.75811458636726E-47,
1.));
#3389=DIRECTION('ref_axis',(1.67706951778563E-6,-0.999999999998594,0.));
#3390=DIRECTION('center_axis',(0.,0.,1.));
#3391=DIRECTION('ref_axis',(1.67706951778563E-6,-0.999999999998594,0.));
#3392=DIRECTION('center_axis',(0.,0.,-1.));
#3393=DIRECTION('ref_axis',(1.,0.,0.));
#3394=DIRECTION('',(1.,2.96059473233375E-15,0.));
#3395=DIRECTION('center_axis',(0.,0.,-1.));
#3396=DIRECTION('ref_axis',(-3.31044429612016E-96,-1.,0.));
#3397=DIRECTION('',(-1.,-7.40148683083438E-16,0.));
#3398=DIRECTION('center_axis',(0.,0.,-1.));
#3399=DIRECTION('ref_axis',(-1.97372982155584E-15,1.,0.));
#3400=DIRECTION('center_axis',(0.,0.,-1.));
#3401=DIRECTION('ref_axis',(-3.31044429612016E-96,-1.,0.));
#3402=DIRECTION('',(0.,0.,-1.));
#3403=DIRECTION('center_axis',(-3.77985953880205E-50,8.75811458636726E-47,
1.));
#3404=DIRECTION('ref_axis',(-3.31044429612016E-96,-1.,8.75811458636726E-47));
#3405=DIRECTION('',(0.,0.,-1.));
#3406=DIRECTION('center_axis',(2.96059473233375E-15,-1.,0.));
#3407=DIRECTION('ref_axis',(-1.,-2.96059473233375E-15,-3.77985953877612E-50));
#3408=DIRECTION('',(0.,0.,-1.));
#3409=DIRECTION('',(-1.,-2.96059473233375E-15,-3.77985953877612E-50));
#3410=DIRECTION('center_axis',(0.,0.,1.));
#3411=DIRECTION('ref_axis',(1.,0.,0.));
#3412=DIRECTION('center_axis',(0.,0.,1.));
#3413=DIRECTION('ref_axis',(0.588238151856785,-0.808687749814546,0.));
#3414=DIRECTION('center_axis',(0.,0.,-1.));
#3415=DIRECTION('ref_axis',(0.588238151856785,-0.808687749814546,0.));
#3416=DIRECTION('center_axis',(1.,4.63397436365283E-15,0.));
#3417=DIRECTION('ref_axis',(0.,0.707106781186547,-0.707106781186547));
#3418=DIRECTION('',(1.,4.63397436365283E-15,0.));
#3419=DIRECTION('center_axis',(-0.207911690817782,-0.978147600733801,0.));
#3420=DIRECTION('ref_axis',(-0.978147600733801,0.207911690817782,0.));
#3421=DIRECTION('',(-1.,-4.63397436365283E-15,0.));
#3422=DIRECTION('center_axis',(0.,0.,-1.));
#3423=DIRECTION('ref_axis',(-1.,0.,0.));
#3424=DIRECTION('center_axis',(-0.865174279924065,-0.501471300632324,0.));
#3425=DIRECTION('ref_axis',(-0.501471300632324,0.865174279924065,0.));
#3426=DIRECTION('center_axis',(0.,0.,-1.));
#3427=DIRECTION('ref_axis',(-0.674199868399729,0.73854894045675,0.));
#3428=DIRECTION('center_axis',(0.9958591969254,-0.0909090748995758,0.));
#3429=DIRECTION('ref_axis',(0.,0.,-1.));
#3430=DIRECTION('center_axis',(0.,0.,1.));
#3431=DIRECTION('ref_axis',(-0.674199868399729,0.73854894045675,0.));
#3432=DIRECTION('center_axis',(0.,0.,1.));
#3433=DIRECTION('ref_axis',(1.,0.,0.));
#3434=DIRECTION('center_axis',(0.931461533032356,0.363839817063791,0.));
#3435=DIRECTION('ref_axis',(0.,0.,-1.));
#3436=DIRECTION('center_axis',(0.,0.,-1.));
#3437=DIRECTION('ref_axis',(0.140212561075314,-0.990121425743682,0.));
#3438=DIRECTION('center_axis',(0.,0.,1.));
#3439=DIRECTION('ref_axis',(0.140212561075314,-0.990121425743682,0.));
#3440=DIRECTION('center_axis',(0.,0.,-1.));
#3441=DIRECTION('ref_axis',(-1.,0.,0.));
#3442=DIRECTION('center_axis',(0.,0.,1.));
#3443=DIRECTION('ref_axis',(-1.,0.,0.));
#3444=DIRECTION('center_axis',(0.,-1.,0.));
#3445=DIRECTION('ref_axis',(-1.,0.,0.));
#3446=DIRECTION('center_axis',(-4.9277702856359E-16,1.,0.));
#3447=DIRECTION('ref_axis',(-0.707106781186547,0.,-0.707106781186547));
#3448=DIRECTION('center_axis',(0.578953096733449,0.815360847590041,0.));
#3449=DIRECTION('ref_axis',(0.,0.,-1.));
#3450=DIRECTION('center_axis',(0.,0.,-1.));
#3451=DIRECTION('ref_axis',(1.,0.,0.));
#3452=DIRECTION('center_axis',(0.,0.,1.));
#3453=DIRECTION('ref_axis',(1.,0.,0.));
#3454=DIRECTION('center_axis',(0.,0.,1.));
#3455=DIRECTION('ref_axis',(1.,0.,0.));
#3456=DIRECTION('center_axis',(0.,0.,1.));
#3457=DIRECTION('ref_axis',(-0.207911690817784,-0.978147600733801,0.));
#3458=DIRECTION('center_axis',(0.,0.,1.));
#3459=DIRECTION('ref_axis',(-0.674199868399723,0.738548940456756,0.));
#3460=DIRECTION('',(0.,0.,1.));
#3461=DIRECTION('center_axis',(7.1051471731233E-29,-4.56060210830844E-31,
-1.));
#3462=DIRECTION('ref_axis',(-0.674199868399729,0.73854894045675,0.));
#3463=DIRECTION('center_axis',(0.,0.,-1.));
#3464=DIRECTION('ref_axis',(1.,0.,0.));
#3465=DIRECTION('center_axis',(3.77985953880205E-50,-8.75811458636726E-47,
-1.));
#3466=DIRECTION('ref_axis',(1.,0.,0.));
#3467=DIRECTION('',(0.,0.,1.));
#3468=DIRECTION('center_axis',(0.,0.,1.));
#3469=DIRECTION('ref_axis',(-0.207911690817784,-0.978147600733801,0.));
#3470=DIRECTION('',(0.,0.,-1.));
#3471=DIRECTION('center_axis',(3.77985953880205E-50,-8.75811458636726E-47,
-1.));
#3472=DIRECTION('ref_axis',(-0.207911690817784,-0.978147600733801,0.));
#3473=DIRECTION('',(0.,0.,-1.));
#3474=DIRECTION('center_axis',(-0.207911690817782,-0.978147600733801,0.));
#3475=DIRECTION('ref_axis',(-0.978147600733801,0.207911690817782,-1.81448425189016E-46));
#3476=DIRECTION('',(-0.978147600733801,0.207911690817782,-1.81448425189016E-46));
#3477=DIRECTION('',(0.,0.,-1.));
#3478=DIRECTION('',(-0.978147600733801,0.207911690817782,-1.81448425189016E-46));
#3479=DIRECTION('',(0.,0.,-1.));
#3480=DIRECTION('center_axis',(4.63397436365283E-15,-1.,0.));
#3481=DIRECTION('ref_axis',(-1.,-4.63397436365283E-15,1.46651778068499E-46));
#3482=DIRECTION('',(-1.,-4.63397436365283E-15,1.46651778068499E-46));
#3483=DIRECTION('',(0.,0.,-1.));
#3484=DIRECTION('center_axis',(0.,0.,1.));
#3485=DIRECTION('ref_axis',(1.,0.,0.));
#3486=DIRECTION('center_axis',(0.,0.,-1.));
#3487=DIRECTION('ref_axis',(1.,0.,0.));
#3488=DIRECTION('center_axis',(0.,0.,-1.));
#3489=DIRECTION('ref_axis',(-0.299999961629518,-0.953939213483903,0.));
#3490=DIRECTION('',(0.,0.,-1.));
#3491=DIRECTION('center_axis',(-7.1051471731233E-29,4.56060210830844E-31,
1.));
#3492=DIRECTION('ref_axis',(0.140212561075314,-0.990121425743682,0.));
#3493=DIRECTION('',(0.,0.,-1.));
#3494=DIRECTION('center_axis',(0.,0.,-1.));
#3495=DIRECTION('ref_axis',(-0.299999961629519,0.953939213483903,0.));
#3496=DIRECTION('center_axis',(7.10519860958352E-29,-4.55898450669674E-31,
-1.));
#3497=DIRECTION('ref_axis',(-0.299999961629519,0.953939213483903,-2.17504925119121E-29));
#3498=DIRECTION('center_axis',(-7.1051471731233E-29,4.56060210830844E-31,
1.));
#3499=DIRECTION('ref_axis',(0.851636521073382,0.524132841915127,0.));
#3500=DIRECTION('center_axis',(3.77985953880205E-50,-8.75811458636726E-47,
-1.));
#3501=DIRECTION('ref_axis',(-1.,0.,0.));
#3502=DIRECTION('center_axis',(-3.77985953880205E-50,8.75811458636726E-47,
1.));
#3503=DIRECTION('ref_axis',(-1.,1.0947643232959E-47,-3.77985953880205E-50));
#3504=DIRECTION('center_axis',(3.77985953880205E-50,-8.75811458636726E-47,
-1.));
#3505=DIRECTION('ref_axis',(-1.,1.0947643232959E-47,0.));
#3506=DIRECTION('center_axis',(-1.,-7.28179803273577E-16,0.));
#3507=DIRECTION('ref_axis',(-7.28179803273577E-16,1.,-4.56060210830896E-31));
#3508=DIRECTION('',(0.,0.,1.));
#3509=DIRECTION('',(7.28179803273577E-16,-1.,4.56060210830896E-31));
#3510=DIRECTION('',(0.,0.,-1.));
#3511=DIRECTION('',(-7.63946580542469E-16,1.,-4.56060210830898E-31));
#3512=DIRECTION('',(0.,0.,-1.));
#3513=DIRECTION('',(3.31044429612016E-96,1.,-8.75811458636726E-47));
#3514=DIRECTION('',(0.,0.,-1.));
#3515=DIRECTION('',(-7.28179803273577E-16,1.,-4.56060210830896E-31));
#3516=DIRECTION('',(0.,0.,-1.));
#3517=DIRECTION('',(-7.63946580542469E-16,1.,-4.56060210830898E-31));
#3518=DIRECTION('center_axis',(0.,0.,-1.));
#3519=DIRECTION('ref_axis',(-1.,-6.59194920871187E-16,0.));
#3520=DIRECTION('center_axis',(-7.1051471731233E-29,4.56060210830844E-31,
1.));
#3521=DIRECTION('ref_axis',(-1.,-5.70075263538554E-32,0.));
#3522=DIRECTION('center_axis',(7.1051471731233E-29,-4.56060210830844E-31,
-1.));
#3523=DIRECTION('ref_axis',(-1.,0.,0.));
#3524=DIRECTION('center_axis',(7.1051471731233E-29,-4.56060210830844E-31,
-1.));
#3525=DIRECTION('ref_axis',(-1.,-5.70075263538554E-32,-7.1051471731233E-29));
#3526=DIRECTION('center_axis',(7.1051471731233E-29,-4.56060210830844E-31,
-1.));
#3527=DIRECTION('ref_axis',(1.,1.72384353817704E-80,7.1051471731233E-29));
#3528=DIRECTION('center_axis',(-7.1051471731233E-29,4.56060210830844E-31,
1.));
#3529=DIRECTION('ref_axis',(1.,0.,0.));
#3530=DIRECTION('center_axis',(7.1051471731233E-29,-4.56060210830844E-31,
-1.));
#3531=DIRECTION('ref_axis',(0.828697422351894,0.559696866336883,0.));
#3532=DIRECTION('center_axis',(0.836575293361826,0.547851967721733,0.));
#3533=DIRECTION('ref_axis',(0.,0.,1.));
#3534=DIRECTION('center_axis',(7.1051471731233E-29,-4.56060210830844E-31,
-1.));
#3535=DIRECTION('ref_axis',(0.851636521073381,0.524132841915127,6.02709920679438E-29));
#3536=DIRECTION('center_axis',(7.1051471731233E-29,-4.56060210830844E-31,
-1.));
#3537=DIRECTION('ref_axis',(-1.,0.,0.));
#3538=DIRECTION('center_axis',(-0.931461533032349,-0.363839817063809,0.));
#3539=DIRECTION('ref_axis',(0.363839817063809,-0.931461533032349,0.));
#3540=DIRECTION('center_axis',(7.1051471731233E-29,-4.56060210830844E-31,
-1.));
#3541=DIRECTION('ref_axis',(0.140212561075314,-0.990121425743682,1.04138638057793E-29));
#3542=DIRECTION('center_axis',(0.9958591969254,-0.0909090748995744,0.));
#3543=DIRECTION('ref_axis',(0.,0.,1.));
#3544=DIRECTION('center_axis',(-7.1051471731233E-29,4.56060210830844E-31,
1.));
#3545=DIRECTION('ref_axis',(1.,0.,0.));
#3546=DIRECTION('center_axis',(-7.1051471731233E-29,4.56060210830844E-31,
1.));
#3547=DIRECTION('ref_axis',(-0.674199868399729,0.73854894045675,-4.82397156762979E-29));
#3548=DIRECTION('center_axis',(0.,0.,-1.));
#3549=DIRECTION('ref_axis',(-1.,0.,0.));
#3550=DIRECTION('center_axis',(-7.1051471731233E-29,4.56060210830844E-31,
1.));
#3551=DIRECTION('ref_axis',(-1.,0.,-7.1051471731233E-29));
#3552=DIRECTION('',(0.,0.,1.));
#3553=DIRECTION('center_axis',(-7.1051471731233E-29,4.56060210830844E-31,
1.));
#3554=DIRECTION('ref_axis',(-1.,0.,-7.1051471731233E-29));
#3555=DIRECTION('',(0.,0.,-1.));
#3556=DIRECTION('center_axis',(0.,0.,-1.));
#3557=DIRECTION('ref_axis',(-2.06660085869511E-13,1.,0.));
#3558=DIRECTION('center_axis',(7.1051471731233E-29,-4.56060210830839E-31,
-1.));
#3559=DIRECTION('ref_axis',(-0.515078753637711,-0.857142857142858,-3.62061947513078E-29));
#3560=DIRECTION('center_axis',(7.1051471731233E-29,-4.56060210830839E-31,
-1.));
#3561=DIRECTION('ref_axis',(-0.515078753637711,-0.857142857142858,-3.62061947513078E-29));
#3562=DIRECTION('',(0.,0.,-1.));
#3563=DIRECTION('center_axis',(0.,0.,-1.));
#3564=DIRECTION('ref_axis',(0.895806416477617,0.444444444444444,0.));
#3565=DIRECTION('center_axis',(7.1051471731233E-29,-4.56060210830844E-31,
-1.));
#3566=DIRECTION('ref_axis',(0.895806416477617,0.444444444444444,6.34456708499806E-29));
#3567=DIRECTION('center_axis',(-7.1051471731233E-29,4.56060210830844E-31,
1.));
#3568=DIRECTION('ref_axis',(0.895806416477617,0.444444444444444,6.34456708499806E-29));
#3569=DIRECTION('center_axis',(7.1051471731233E-29,-4.56060210830839E-31,
-1.));
#3570=DIRECTION('ref_axis',(-1.,-1.31669885292657E-75,-7.1051471731233E-29));
#3571=DIRECTION('center_axis',(7.1051471731233E-29,-4.56060210830839E-31,
-1.));
#3572=DIRECTION('ref_axis',(-1.,-1.31669885292657E-75,-7.1051471731233E-29));
#3573=DIRECTION('center_axis',(7.1051471731233E-29,-4.56060210830844E-31,
-1.));
#3574=DIRECTION('ref_axis',(1.,1.72384353817704E-80,7.1051471731233E-29));
#3575=DIRECTION('center_axis',(7.1051471731233E-29,-4.56060210830844E-31,
-1.));
#3576=DIRECTION('ref_axis',(1.,0.,0.));
#3577=DIRECTION('center_axis',(3.77985953880205E-50,-8.75811458636726E-47,
-1.));
#3578=DIRECTION('ref_axis',(1.,0.,3.77985953880205E-50));
#3579=DIRECTION('',(-0.707106781186547,0.707106781186548,-5.0563460742147E-29));
#3580=DIRECTION('',(-1.,-7.69870539175165E-16,-7.1051471731233E-29));
#3581=DIRECTION('',(-0.707106781186546,-0.707106781186549,-4.99184942067312E-29));
#3582=DIRECTION('',(-1.,-1.51119369677651E-14,-3.77985953866969E-50));
#3583=DIRECTION('center_axis',(-3.77985953880205E-50,8.75811458636726E-47,
1.));
#3584=DIRECTION('ref_axis',(-1.97372982155584E-15,1.,-8.75811458636726E-47));
#3585=DIRECTION('',(1.,7.40148683083438E-16,3.77985953879556E-50));
#3586=DIRECTION('center_axis',(0.,0.,-1.));
#3587=DIRECTION('ref_axis',(-1.97372982155584E-15,1.,0.));
#3588=DIRECTION('',(0.,0.,-1.));
#3589=DIRECTION('center_axis',(-7.40148683083438E-16,1.,0.));
#3590=DIRECTION('ref_axis',(1.,7.40148683083438E-16,3.77985953879556E-50));
#3591=DIRECTION('center_axis',(1.51119369677651E-14,-1.,0.));
#3592=DIRECTION('ref_axis',(-1.,-1.51119369677651E-14,-3.77985953866969E-50));
#3593=DIRECTION('',(-1.,-1.51119369677651E-14,-3.77985953866969E-50));
#3594=DIRECTION('center_axis',(0.,0.,-1.));
#3595=DIRECTION('ref_axis',(1.,0.,0.));
#3596=DIRECTION('center_axis',(-3.77985953880205E-50,8.75811458636726E-47,
1.));
#3597=DIRECTION('ref_axis',(1.,0.,3.77985953880205E-50));
#3598=DIRECTION('',(0.,0.,1.));
#3599=DIRECTION('center_axis',(3.77985953880205E-50,-8.75811458636726E-47,
-1.));
#3600=DIRECTION('ref_axis',(1.,0.,3.77985953880205E-50));
#3601=DIRECTION('',(0.173648177666928,-0.984807753012208,8.62571551214454E-47));
#3602=DIRECTION('center_axis',(3.77985953880205E-50,-8.75811458636726E-47,
-1.));
#3603=DIRECTION('ref_axis',(0.984807753012208,0.17364817766693,-1.51710820274172E-47));
#3604=DIRECTION('',(-0.707106781186547,-0.707106781186548,6.19024945011729E-47));
#3605=DIRECTION('center_axis',(3.77985953880205E-50,-8.75811458636726E-47,
-1.));
#3606=DIRECTION('ref_axis',(0.707106781186549,-0.707106781186546,6.19559497874091E-47));
#3607=DIRECTION('',(-0.984807753012208,0.17364817766693,-1.52455307269993E-47));
#3608=DIRECTION('',(-1.,-1.21115232850571E-15,-3.77985953879144E-50));
#3609=DIRECTION('',(-0.707106781186549,0.707106781186546,-6.19559497874091E-47));
#3610=DIRECTION('',(-7.34699107459173E-16,1.,-8.75811458636726E-47));
#3611=DIRECTION('',(0.707106781186546,0.707106781186549,-6.1902494501173E-47));
#3612=DIRECTION('',(1.,7.34699107459173E-16,3.77985953879561E-50));
#3613=DIRECTION('',(0.707106781186549,-0.707106781186546,6.19559497874091E-47));
#3614=DIRECTION('',(8.08439873201463E-16,-1.,8.75811458636726E-47));
#3615=DIRECTION('',(0.984807753012209,-0.173648177666927,1.52455307269992E-47));
#3616=DIRECTION('',(0.707106781186546,0.707106781186549,-6.19024945011729E-47));
#3617=DIRECTION('',(-0.173648177666923,0.984807753012209,-8.62571551214454E-47));
#3618=DIRECTION('center_axis',(-3.77985953880205E-50,8.75811458636726E-47,
1.));
#3619=DIRECTION('ref_axis',(1.,0.,0.));
#3620=DIRECTION('center_axis',(0.,0.,-1.));
#3621=DIRECTION('ref_axis',(1.,0.,0.));
#3622=DIRECTION('',(0.,0.,1.));
#3623=DIRECTION('center_axis',(7.49400541621979E-16,-1.,0.));
#3624=DIRECTION('ref_axis',(-1.,-7.49400541621979E-16,-7.1051471731233E-29));
#3625=DIRECTION('',(0.,0.,-1.));
#3626=DIRECTION('',(-1.,-7.49400541621979E-16,-7.1051471731233E-29));
#3627=DIRECTION('',(0.,0.,-1.));
#3628=DIRECTION('center_axis',(-0.707106781186548,-0.707106781186547,0.));
#3629=DIRECTION('ref_axis',(-0.707106781186547,0.707106781186548,-5.0563460742147E-29));
#3630=DIRECTION('',(-0.707106781186547,0.707106781186548,-5.0563460742147E-29));
#3631=DIRECTION('center_axis',(-0.984807753012209,-0.173648177666923,0.));
#3632=DIRECTION('ref_axis',(-0.173648177666923,0.984807753012209,-1.27870902181481E-29));
#3633=DIRECTION('',(0.,0.,-1.));
#3634=DIRECTION('',(-0.173648177666923,0.984807753012209,-1.27870902181481E-29));
#3635=DIRECTION('center_axis',(-0.707106781186549,0.707106781186547,0.));
#3636=DIRECTION('ref_axis',(0.707106781186546,0.707106781186548,4.99184942067312E-29));
#3637=DIRECTION('',(0.,0.,-1.));
#3638=DIRECTION('',(0.707106781186547,0.707106781186549,4.99184942067312E-29));
#3639=DIRECTION('center_axis',(1.,8.32667268468875E-16,0.));
#3640=DIRECTION('ref_axis',(8.32667268468875E-16,-1.,4.56060210830903E-31));
#3641=DIRECTION('',(0.,0.,-1.));
#3642=DIRECTION('',(-8.32667268468875E-16,1.,-4.56060210830903E-31));
#3643=DIRECTION('',(0.,0.,-1.));
#3644=DIRECTION('center_axis',(0.707106781186547,0.707106781186548,0.));
#3645=DIRECTION('ref_axis',(0.707106781186548,-0.707106781186547,5.0563460742147E-29));
#3646=DIRECTION('',(0.,0.,-1.));
#3647=DIRECTION('',(-0.707106781186548,0.707106781186547,-5.0563460742147E-29));
#3648=DIRECTION('center_axis',(-7.49400541621979E-16,1.,0.));
#3649=DIRECTION('ref_axis',(1.,7.49400541621979E-16,7.1051471731233E-29));
#3650=DIRECTION('',(0.,0.,-1.));
#3651=DIRECTION('',(1.,7.49400541621979E-16,7.1051471731233E-29));
#3652=DIRECTION('center_axis',(-0.707106781186549,0.707106781186546,0.));
#3653=DIRECTION('ref_axis',(0.707106781186546,0.707106781186549,4.99184942067311E-29));
#3654=DIRECTION('',(0.,0.,-1.));
#3655=DIRECTION('',(0.707106781186546,0.707106781186549,4.99184942067311E-29));
#3656=DIRECTION('center_axis',(0.,0.,-1.));
#3657=DIRECTION('ref_axis',(-0.999999906867766,-0.000431583664441336,0.));
#3658=DIRECTION('',(0.,0.,-1.));
#3659=DIRECTION('center_axis',(7.1051471731233E-29,-4.56060210830844E-31,
-1.));
#3660=DIRECTION('ref_axis',(-0.999999906867766,-0.000431583664441336,-7.10512682859137E-29));
#3661=DIRECTION('',(0.,0.,-1.));
#3662=DIRECTION('center_axis',(7.1051471731233E-29,-4.56060210830844E-31,
-1.));
#3663=DIRECTION('ref_axis',(-0.999999906867766,-0.000431583664440586,-7.10512682859137E-29));
#3664=DIRECTION('center_axis',(-1.,-7.49400541621979E-16,0.));
#3665=DIRECTION('ref_axis',(-7.49400541621979E-16,1.,-4.56060210830897E-31));
#3666=DIRECTION('',(0.,0.,-1.));
#3667=DIRECTION('',(7.49400541621979E-16,-1.,4.56060210830897E-31));
#3668=DIRECTION('',(7.49400541621979E-16,-1.,4.56060210830897E-31));
#3669=DIRECTION('center_axis',(0.173648177666927,0.984807753012209,0.));
#3670=DIRECTION('ref_axis',(0.984807753012209,-0.173648177666927,7.00512342483632E-29));
#3671=DIRECTION('',(0.984807753012209,-0.173648177666927,7.00512342483632E-29));
#3672=DIRECTION('center_axis',(0.707106781186549,-0.707106781186546,0.));
#3673=DIRECTION('ref_axis',(-0.707106781186546,-0.707106781186549,-4.99184942067312E-29));
#3674=DIRECTION('',(-0.707106781186546,-0.707106781186549,-4.99184942067312E-29));
#3675=DIRECTION('center_axis',(-0.707106781186546,-0.707106781186549,0.));
#3676=DIRECTION('ref_axis',(-0.707106781186549,0.707106781186546,-5.05634607421471E-29));
#3677=DIRECTION('',(0.,0.,-1.));
#3678=DIRECTION('',(0.707106781186549,-0.707106781186546,5.05634607421471E-29));
#3679=DIRECTION('center_axis',(1.12008402368909E-15,-1.,0.));
#3680=DIRECTION('ref_axis',(-1.,-1.12008402368909E-15,-7.1051471731233E-29));
#3681=DIRECTION('',(0.,0.,-1.));
#3682=DIRECTION('',(1.,1.12008402368909E-15,7.1051471731233E-29));
#3683=DIRECTION('center_axis',(-0.173648177666929,-0.984807753012208,0.));
#3684=DIRECTION('ref_axis',(-0.984807753012208,0.173648177666929,-7.00512124296552E-29));
#3685=DIRECTION('',(0.,0.,-1.));
#3686=DIRECTION('',(0.984807753012208,-0.173648177666929,7.00512124296552E-29));
#3687=DIRECTION('center_axis',(0.,0.,-1.));
#3688=DIRECTION('ref_axis',(0.707106781186548,-0.707106781186547,0.));
#3689=DIRECTION('',(0.,0.,-1.));
#3690=DIRECTION('center_axis',(7.1051471731233E-29,-4.56060210830844E-31,
-1.));
#3691=DIRECTION('ref_axis',(0.707106781186548,-0.707106781186547,5.05634607421471E-29));
#3692=DIRECTION('center_axis',(0.707106781186548,-0.707106781186547,0.));
#3693=DIRECTION('ref_axis',(-0.707106781186547,-0.707106781186548,-4.99185797749578E-29));
#3694=DIRECTION('',(0.,0.,-1.));
#3695=DIRECTION('',(0.707106781186547,0.707106781186548,4.99185797749578E-29));
#3696=DIRECTION('center_axis',(0.,0.,-1.));
#3697=DIRECTION('ref_axis',(0.984807753012208,0.17364817766693,0.));
#3698=DIRECTION('',(0.,0.,-1.));
#3699=DIRECTION('center_axis',(7.1051471731233E-29,-4.56060210830844E-31,
-1.));
#3700=DIRECTION('ref_axis',(0.984807753012208,0.17364817766693,6.98928461993288E-29));
#3701=DIRECTION('center_axis',(0.984807753012208,0.173648177666928,0.));
#3702=DIRECTION('ref_axis',(0.173648177666928,-0.984807753012208,1.27870902181485E-29));
#3703=DIRECTION('',(-0.173648177666928,0.984807753012208,-1.27870902181485E-29));
#3704=DIRECTION('center_axis',(7.1051471731233E-29,-4.56060210830844E-31,
-1.));
#3705=DIRECTION('ref_axis',(7.49400541621979E-16,-1.,4.56060210830897E-31));
#3706=CARTESIAN_POINT('',(0.,0.,0.));
#3707=CARTESIAN_POINT('Origin',(-28.5506163043578,50.,-26.2147323371761));
#3708=CARTESIAN_POINT('',(-28.5506163043578,50.,-26.2147323371761));
#3709=CARTESIAN_POINT('',(-27.6010934514601,50.,-26.2147323371761));
#3710=CARTESIAN_POINT('',(-35.8420649783686,50.,-26.2147323371761));
#3711=CARTESIAN_POINT('',(-28.5506163043578,49.5,-26.2147323371761));
#3712=CARTESIAN_POINT('',(-28.5506163043578,50.,-26.2147323371761));
#3713=CARTESIAN_POINT('',(-27.6010934514601,49.5,-26.2147323371761));
#3714=CARTESIAN_POINT('',(-28.5506163043578,49.5,-26.2147323371761));
#3715=CARTESIAN_POINT('',(-27.6010934514601,50.,-26.2147323371761));
#3716=CARTESIAN_POINT('Ctrl Pts',(-29.0386788053114,50.,-26.3518400074833));
#3717=CARTESIAN_POINT('Ctrl Pts',(-29.0386788053114,49.5,-26.3518400074833));
#3718=CARTESIAN_POINT('Ctrl Pts',(-28.8841770095427,50.,-26.2147323371761));
#3719=CARTESIAN_POINT('Ctrl Pts',(-28.8841770095427,49.5,-26.2147323371761));
#3720=CARTESIAN_POINT('Ctrl Pts',(-28.5506163043578,50.,-26.2147323371761));
#3721=CARTESIAN_POINT('Ctrl Pts',(-28.5506163043578,49.5,-26.2147323371761));
#3722=CARTESIAN_POINT('',(-29.0386788053114,50.,-26.3518400074833));
#3723=CARTESIAN_POINT('Ctrl Pts',(-29.0386788053114,50.,-26.3518400074833));
#3724=CARTESIAN_POINT('Ctrl Pts',(-28.8841770095427,50.,-26.2147323371761));
#3725=CARTESIAN_POINT('Ctrl Pts',(-28.5506163043578,50.,-26.2147323371761));
#3726=CARTESIAN_POINT('',(-29.0386788053114,49.5,-26.3518400074833));
#3727=CARTESIAN_POINT('',(-29.0386788053114,50.,-26.3518400074833));
#3728=CARTESIAN_POINT('Ctrl Pts',(-29.0386788053114,49.5,-26.3518400074833));
#3729=CARTESIAN_POINT('Ctrl Pts',(-28.8841770095427,49.5,-26.2147323371761));
#3730=CARTESIAN_POINT('Ctrl Pts',(-28.5506163043578,49.5,-26.2147323371761));
#3731=CARTESIAN_POINT('Ctrl Pts',(-29.1931806010802,50.,-26.7017718734138));
#3732=CARTESIAN_POINT('Ctrl Pts',(-29.1931806010802,49.5,-26.7017718734138));
#3733=CARTESIAN_POINT('Ctrl Pts',(-29.1931806010802,50.,-26.488947826802));
#3734=CARTESIAN_POINT('Ctrl Pts',(-29.1931806010802,49.5,-26.488947826802));
#3735=CARTESIAN_POINT('Ctrl Pts',(-29.0386788053114,50.,-26.3518400074833));
#3736=CARTESIAN_POINT('Ctrl Pts',(-29.0386788053114,49.5,-26.3518400074833));
#3737=CARTESIAN_POINT('',(-29.1931806010802,50.,-26.7017718734138));
#3738=CARTESIAN_POINT('Ctrl Pts',(-29.1931806010802,50.,-26.7017718734138));
#3739=CARTESIAN_POINT('Ctrl Pts',(-29.1931806010802,50.,-26.488947826802));
#3740=CARTESIAN_POINT('Ctrl Pts',(-29.0386788053114,50.,-26.3518400074833));
#3741=CARTESIAN_POINT('',(-29.1931806010802,49.5,-26.7017718734138));
#3742=CARTESIAN_POINT('',(-29.1931806010802,50.,-26.7017718734138));
#3743=CARTESIAN_POINT('Ctrl Pts',(-29.1931806010802,49.5,-26.7017718734138));
#3744=CARTESIAN_POINT('Ctrl Pts',(-29.1931806010802,49.5,-26.488947826802));
#3745=CARTESIAN_POINT('Ctrl Pts',(-29.0386788053114,49.5,-26.3518400074833));
#3746=CARTESIAN_POINT('Ctrl Pts',(-29.1133717698653,50.,-26.9708713473671));
#3747=CARTESIAN_POINT('Ctrl Pts',(-29.1133717698653,49.5,-26.9708713473671));
#3748=CARTESIAN_POINT('Ctrl Pts',(-29.1931806010802,50.,-26.8470651985996));
#3749=CARTESIAN_POINT('Ctrl Pts',(-29.1931806010802,49.5,-26.8470651985996));
#3750=CARTESIAN_POINT('Ctrl Pts',(-29.1931806010802,50.,-26.7017718734138));
#3751=CARTESIAN_POINT('Ctrl Pts',(-29.1931806010802,49.5,-26.7017718734138));
#3752=CARTESIAN_POINT('',(-29.1133717698653,50.,-26.9708713473671));
#3753=CARTESIAN_POINT('Ctrl Pts',(-29.1133717698653,50.,-26.9708713473671));
#3754=CARTESIAN_POINT('Ctrl Pts',(-29.1931806010802,50.,-26.8470651985996));
#3755=CARTESIAN_POINT('Ctrl Pts',(-29.1931806010802,50.,-26.7017718734138));
#3756=CARTESIAN_POINT('',(-29.1133717698653,49.5,-26.9708713473671));
#3757=CARTESIAN_POINT('',(-29.1133717698653,50.,-26.9708713473671));
#3758=CARTESIAN_POINT('Ctrl Pts',(-29.1133717698653,49.5,-26.9708713473671));
#3759=CARTESIAN_POINT('Ctrl Pts',(-29.1931806010802,49.5,-26.8470651985996));
#3760=CARTESIAN_POINT('Ctrl Pts',(-29.1931806010802,49.5,-26.7017718734138));
#3761=CARTESIAN_POINT('Ctrl Pts',(-28.880083958586,50.,-27.1509532214992));
#3762=CARTESIAN_POINT('Ctrl Pts',(-28.880083958586,49.5,-27.1509532214992));
#3763=CARTESIAN_POINT('Ctrl Pts',(-29.0335629386504,50.,-27.0946776451462));
#3764=CARTESIAN_POINT('Ctrl Pts',(-29.0335629386504,49.5,-27.0946776451462));
#3765=CARTESIAN_POINT('Ctrl Pts',(-29.1133717698653,50.,-26.9708713473671));
#3766=CARTESIAN_POINT('Ctrl Pts',(-29.1133717698653,49.5,-26.9708713473671));
#3767=CARTESIAN_POINT('',(-28.880083958586,50.,-27.1509532214992));
#3768=CARTESIAN_POINT('Ctrl Pts',(-28.880083958586,50.,-27.1509532214992));
#3769=CARTESIAN_POINT('Ctrl Pts',(-29.0335629386504,50.,-27.0946776451462));
#3770=CARTESIAN_POINT('Ctrl Pts',(-29.1133717698653,50.,-26.9708713473671));
#3771=CARTESIAN_POINT('',(-28.880083958586,49.5,-27.1509532214992));
#3772=CARTESIAN_POINT('',(-28.880083958586,50.,-27.1509532214992));
#3773=CARTESIAN_POINT('Ctrl Pts',(-28.880083958586,49.5,-27.1509532214992));
#3774=CARTESIAN_POINT('Ctrl Pts',(-29.0335629386504,49.5,-27.0946776451462));
#3775=CARTESIAN_POINT('Ctrl Pts',(-29.1133717698653,49.5,-26.9708713473671));
#3776=CARTESIAN_POINT('Ctrl Pts',(-28.4544358653624,50.,-27.2072287978523));
#3777=CARTESIAN_POINT('Ctrl Pts',(-28.4544358653624,49.5,-27.2072287978523));
#3778=CARTESIAN_POINT('Ctrl Pts',(-28.7266049785216,50.,-27.2072287978523));
#3779=CARTESIAN_POINT('Ctrl Pts',(-28.7266049785216,49.5,-27.2072287978523));
#3780=CARTESIAN_POINT('Ctrl Pts',(-28.880083958586,50.,-27.1509532214992));
#3781=CARTESIAN_POINT('Ctrl Pts',(-28.880083958586,49.5,-27.1509532214992));
#3782=CARTESIAN_POINT('',(-28.4544358653624,50.,-27.2072287978523));
#3783=CARTESIAN_POINT('Ctrl Pts',(-28.4544358653624,50.,-27.2072287978523));
#3784=CARTESIAN_POINT('Ctrl Pts',(-28.7266049785216,50.,-27.2072287978523));
#3785=CARTESIAN_POINT('Ctrl Pts',(-28.880083958586,50.,-27.1509532214992));
#3786=CARTESIAN_POINT('',(-28.4544358653624,49.5,-27.2072287978523));
#3787=CARTESIAN_POINT('',(-28.4544358653624,50.,-27.2072287978523));
#3788=CARTESIAN_POINT('Ctrl Pts',(-28.4544358653624,49.5,-27.2072287978523));
#3789=CARTESIAN_POINT('Ctrl Pts',(-28.7266049785216,49.5,-27.2072287978523));
#3790=CARTESIAN_POINT('Ctrl Pts',(-28.880083958586,49.5,-27.1509532214992));
#3791=CARTESIAN_POINT('Origin',(-27.6010934514601,50.,-27.2072287978523));
#3792=CARTESIAN_POINT('',(-27.6010934514601,50.,-27.2072287978523));
#3793=CARTESIAN_POINT('',(-35.3673035519198,50.,-27.2072287978523));
#3794=CARTESIAN_POINT('',(-27.6010934514601,49.5,-27.2072287978523));
#3795=CARTESIAN_POINT('',(-27.6010934514601,50.,-27.2072287978523));
#3796=CARTESIAN_POINT('',(-27.6010934514601,49.5,-27.2072287978523));
#3797=CARTESIAN_POINT('Origin',(-27.6010934514601,50.,-26.2147323371761));
#3798=CARTESIAN_POINT('',(-27.6010934514601,50.,-23.6073661685881));
#3799=CARTESIAN_POINT('',(-27.6010934514601,49.5,-26.2147323371761));
#3800=CARTESIAN_POINT('Origin',(-27.6010934514601,50.,-27.5510215343826));
#3801=CARTESIAN_POINT('',(-27.6010934514601,50.,-27.5510215343826));
#3802=CARTESIAN_POINT('',(-27.6010934514601,49.9999999999999,-28.8832179786556));
#3803=CARTESIAN_POINT('',(-27.6010934514601,50.,-24.2755107671913));
#3804=CARTESIAN_POINT('',(-27.6010934514601,49.5,-27.5510215343826));
#3805=CARTESIAN_POINT('',(-27.6010934514601,50.,-27.5510215343826));
#3806=CARTESIAN_POINT('',(-27.6010934514601,49.5,-28.8832179786556));
#3807=CARTESIAN_POINT('',(-27.6010934514601,49.5,-27.5510215343826));
#3808=CARTESIAN_POINT('',(-27.6010934514601,49.9999999999999,-28.8832179786556));
#3809=CARTESIAN_POINT('Origin',(-28.0615303916533,50.,-27.5510215343826));
#3810=CARTESIAN_POINT('',(-28.0615303916533,50.,-27.5510215343826));
#3811=CARTESIAN_POINT('',(-35.5975220220164,50.,-27.5510215343826));
#3812=CARTESIAN_POINT('',(-28.0615303916533,49.5,-27.5510215343826));
#3813=CARTESIAN_POINT('',(-28.0615303916533,50.,-27.5510215343826));
#3814=CARTESIAN_POINT('',(-28.0615303916533,49.5,-27.5510215343826));
#3815=CARTESIAN_POINT('Ctrl Pts',(-28.2825396461089,50.,-27.5653461696499));
#3816=CARTESIAN_POINT('Ctrl Pts',(-28.2825396461089,49.5,-27.5653461696499));
#3817=CARTESIAN_POINT('Ctrl Pts',(-28.2150087756713,50.,-27.5510215343826));
#3818=CARTESIAN_POINT('Ctrl Pts',(-28.2150087756713,49.5,-27.5510215343826));
#3819=CARTESIAN_POINT('Ctrl Pts',(-28.0615303916533,50.,-27.5510215343826));
#3820=CARTESIAN_POINT('Ctrl Pts',(-28.0615303916533,49.5,-27.5510215343826));
#3821=CARTESIAN_POINT('',(-28.2825396461089,50.,-27.5653461696499));
#3822=CARTESIAN_POINT('Ctrl Pts',(-28.2825396461089,50.,-27.5653461696499));
#3823=CARTESIAN_POINT('Ctrl Pts',(-28.2150087756713,50.,-27.5510215343826));
#3824=CARTESIAN_POINT('Ctrl Pts',(-28.0615303916533,50.,-27.5510215343826));
#3825=CARTESIAN_POINT('',(-28.2825396461089,49.5,-27.5653461696499));
#3826=CARTESIAN_POINT('',(-28.2825396461089,50.,-27.5653461696499));
#3827=CARTESIAN_POINT('Ctrl Pts',(-28.2825396461089,49.5,-27.5653461696499));
#3828=CARTESIAN_POINT('Ctrl Pts',(-28.2150087756713,49.5,-27.5510215343826));
#3829=CARTESIAN_POINT('Ctrl Pts',(-28.0615303916533,49.5,-27.5510215343826));
#3830=CARTESIAN_POINT('Ctrl Pts',(-28.4636447829802,50.,-27.645155298888));
#3831=CARTESIAN_POINT('Ctrl Pts',(-28.4636447829802,49.5,-27.645155298888));
#3832=CARTESIAN_POINT('Ctrl Pts',(-28.3746270341475,50.,-27.5878564597957));
#3833=CARTESIAN_POINT('Ctrl Pts',(-28.3746270341475,49.5,-27.5878564597957));
#3834=CARTESIAN_POINT('Ctrl Pts',(-28.2825396461089,50.,-27.5653461696499));
#3835=CARTESIAN_POINT('Ctrl Pts',(-28.2825396461089,49.5,-27.5653461696499));
#3836=CARTESIAN_POINT('',(-28.4636447829802,50.,-27.645155298888));
#3837=CARTESIAN_POINT('Ctrl Pts',(-28.4636447829802,50.,-27.645155298888));
#3838=CARTESIAN_POINT('Ctrl Pts',(-28.3746270341475,50.,-27.5878564597957));
#3839=CARTESIAN_POINT('Ctrl Pts',(-28.2825396461089,50.,-27.5653461696499));
#3840=CARTESIAN_POINT('',(-28.4636447829802,49.5,-27.645155298888));
#3841=CARTESIAN_POINT('',(-28.4636447829802,50.,-27.645155298888));
#3842=CARTESIAN_POINT('Ctrl Pts',(-28.4636447829802,49.5,-27.645155298888));
#3843=CARTESIAN_POINT('Ctrl Pts',(-28.3746270341475,49.5,-27.5878564597957));
#3844=CARTESIAN_POINT('Ctrl Pts',(-28.2825396461089,49.5,-27.5653461696499));
#3845=CARTESIAN_POINT('Ctrl Pts',(-28.6652133864958,50.,-27.8457010866993));
#3846=CARTESIAN_POINT('Ctrl Pts',(-28.6652133864958,49.5,-27.8457010866993));
#3847=CARTESIAN_POINT('Ctrl Pts',(-28.5526625318129,50.,-27.702453839957));
#3848=CARTESIAN_POINT('Ctrl Pts',(-28.5526625318129,49.5,-27.702453839957));
#3849=CARTESIAN_POINT('Ctrl Pts',(-28.4636447829802,50.,-27.645155298888));
#3850=CARTESIAN_POINT('Ctrl Pts',(-28.4636447829802,49.5,-27.645155298888));
#3851=CARTESIAN_POINT('',(-28.6652133864958,50.,-27.8457010866993));
#3852=CARTESIAN_POINT('Ctrl Pts',(-28.6652133864958,50.,-27.8457010866993));
#3853=CARTESIAN_POINT('Ctrl Pts',(-28.5526625318129,50.,-27.702453839957));
#3854=CARTESIAN_POINT('Ctrl Pts',(-28.4636447829802,50.,-27.645155298888));
#3855=CARTESIAN_POINT('',(-28.6652133864958,49.5,-27.8457010866993));
#3856=CARTESIAN_POINT('',(-28.6652133864958,50.,-27.8457010866993));
#3857=CARTESIAN_POINT('Ctrl Pts',(-28.6652133864958,49.5,-27.8457010866993));
#3858=CARTESIAN_POINT('Ctrl Pts',(-28.5526625318129,49.5,-27.702453839957));
#3859=CARTESIAN_POINT('Ctrl Pts',(-28.4636447829802,49.5,-27.645155298888));
#3860=CARTESIAN_POINT('Ctrl Pts',(-28.9517078799803,49.9999999999999,-28.2590706230991));
#3861=CARTESIAN_POINT('Ctrl Pts',(-28.9517078799803,49.5,-28.2590706230991));
#3862=CARTESIAN_POINT('Ctrl Pts',(-28.7777648372252,50.,-27.9889477373951));
#3863=CARTESIAN_POINT('Ctrl Pts',(-28.7777648372252,49.5,-27.9889477373951));
#3864=CARTESIAN_POINT('Ctrl Pts',(-28.6652133864958,50.,-27.8457010866993));
#3865=CARTESIAN_POINT('Ctrl Pts',(-28.6652133864958,49.5,-27.8457010866993));
#3866=CARTESIAN_POINT('',(-28.9517078799803,49.9999999999999,-28.2590706230991));
#3867=CARTESIAN_POINT('Ctrl Pts',(-28.9517078799803,49.9999999999999,-28.2590706230991));
#3868=CARTESIAN_POINT('Ctrl Pts',(-28.7777648372252,50.,-27.9889477373951));
#3869=CARTESIAN_POINT('Ctrl Pts',(-28.6652133864958,50.,-27.8457010866993));
#3870=CARTESIAN_POINT('',(-28.9517078799803,49.5,-28.2590706230991));
#3871=CARTESIAN_POINT('',(-28.9517078799803,49.9999999999999,-28.2590706230991));
#3872=CARTESIAN_POINT('Ctrl Pts',(-28.9517078799803,49.5,-28.2590706230991));
#3873=CARTESIAN_POINT('Ctrl Pts',(-28.7777648372252,49.5,-27.9889477373951));
#3874=CARTESIAN_POINT('Ctrl Pts',(-28.6652133864958,49.5,-27.8457010866993));
#3875=CARTESIAN_POINT('Origin',(-29.3487058085997,49.9999999999999,-28.8832179786556));
#3876=CARTESIAN_POINT('',(-29.3487058085997,49.9999999999999,-28.8832179786556));
#3877=CARTESIAN_POINT('',(-29.5490488446004,50.,-29.1981908465465));
#3878=CARTESIAN_POINT('',(-29.3487058085997,49.5,-28.8832179786556));
#3879=CARTESIAN_POINT('',(-29.3487058085997,49.9999999999999,-28.8832179786556));
#3880=CARTESIAN_POINT('',(-29.3487058085997,49.5,-28.8832179786556));
#3881=CARTESIAN_POINT('Origin',(-29.8480240506728,49.9999999999999,-28.8832179786556));
#3882=CARTESIAN_POINT('',(-29.8480240506728,49.9999999999999,-28.8832179786556));
#3883=CARTESIAN_POINT('',(-36.4907688515261,50.,-28.8832179786556));
#3884=CARTESIAN_POINT('',(-29.8480240506728,49.5,-28.8832179786556));
#3885=CARTESIAN_POINT('',(-29.8480240506728,49.9999999999999,-28.8832179786556));
#3886=CARTESIAN_POINT('',(-29.8480240506728,49.5,-28.8832179786556));
#3887=CARTESIAN_POINT('Origin',(-29.3261961145003,50.,-28.0667103411548));
#3888=CARTESIAN_POINT('',(-29.3261961145003,50.,-28.0667103411548));
#3889=CARTESIAN_POINT('',(-29.7249409236335,50.,-28.6906289923085));
#3890=CARTESIAN_POINT('',(-29.3261961145003,49.5,-28.0667103411548));
#3891=CARTESIAN_POINT('',(-29.3261961145003,50.,-28.0667103411548));
#3892=CARTESIAN_POINT('',(-29.3261961145003,49.5,-28.0667103411548));
#3893=CARTESIAN_POINT('Ctrl Pts',(-28.9967278642256,50.,-27.6676655890339));
#3894=CARTESIAN_POINT('Ctrl Pts',(-28.9967278642256,49.5,-27.6676655890339));
#3895=CARTESIAN_POINT('Ctrl Pts',(-29.1706703109343,50.,-27.8272835494869));
#3896=CARTESIAN_POINT('Ctrl Pts',(-29.1706703109343,49.5,-27.8272835494869));
#3897=CARTESIAN_POINT('Ctrl Pts',(-29.3261961145003,50.,-28.0667103411548));
#3898=CARTESIAN_POINT('Ctrl Pts',(-29.3261961145003,49.5,-28.0667103411548));
#3899=CARTESIAN_POINT('',(-28.9967278642256,50.,-27.6676655890339));
#3900=CARTESIAN_POINT('Ctrl Pts',(-28.9967278642256,50.,-27.6676655890339));
#3901=CARTESIAN_POINT('Ctrl Pts',(-29.1706703109343,50.,-27.8272835494869));
#3902=CARTESIAN_POINT('Ctrl Pts',(-29.3261961145003,50.,-28.0667103411548));
#3903=CARTESIAN_POINT('',(-28.9967278642256,49.5,-27.6676655890339));
#3904=CARTESIAN_POINT('',(-28.9967278642256,50.,-27.6676655890339));
#3905=CARTESIAN_POINT('Ctrl Pts',(-28.9967278642256,49.5,-27.6676655890339));
#3906=CARTESIAN_POINT('Ctrl Pts',(-29.1706703109343,49.5,-27.8272835494869));
#3907=CARTESIAN_POINT('Ctrl Pts',(-29.3261961145003,49.5,-28.0667103411548));
#3908=CARTESIAN_POINT('Ctrl Pts',(-28.7573007745345,50.,-27.518279361903));
#3909=CARTESIAN_POINT('Ctrl Pts',(-28.7573007745345,49.5,-27.518279361903));
#3910=CARTESIAN_POINT('Ctrl Pts',(-28.9148728055556,50.,-27.5939954401844));
#3911=CARTESIAN_POINT('Ctrl Pts',(-28.9148728055556,49.5,-27.5939954401844));
#3912=CARTESIAN_POINT('Ctrl Pts',(-28.9967278642256,50.,-27.6676655890339));
#3913=CARTESIAN_POINT('Ctrl Pts',(-28.9967278642256,49.5,-27.6676655890339));
#3914=CARTESIAN_POINT('',(-28.7573007745345,50.,-27.518279361903));
#3915=CARTESIAN_POINT('Ctrl Pts',(-28.7573007745345,50.,-27.518279361903));
#3916=CARTESIAN_POINT('Ctrl Pts',(-28.9148728055556,50.,-27.5939954401844));
#3917=CARTESIAN_POINT('Ctrl Pts',(-28.9967278642256,50.,-27.6676655890339));
#3918=CARTESIAN_POINT('',(-28.7573007745345,49.5,-27.518279361903));
#3919=CARTESIAN_POINT('',(-28.7573007745345,50.,-27.518279361903));
#3920=CARTESIAN_POINT('Ctrl Pts',(-28.7573007745345,49.5,-27.518279361903));
#3921=CARTESIAN_POINT('Ctrl Pts',(-28.9148728055556,49.5,-27.5939954401844));
#3922=CARTESIAN_POINT('Ctrl Pts',(-28.9967278642256,49.5,-27.6676655890339));
#3923=CARTESIAN_POINT('Ctrl Pts',(-29.3957732123931,50.,-27.2399709703319));
#3924=CARTESIAN_POINT('Ctrl Pts',(-29.3957732123931,49.5,-27.2399709703319));
#3925=CARTESIAN_POINT('Ctrl Pts',(-29.1890881461699,50.,-27.458934146344));
#3926=CARTESIAN_POINT('Ctrl Pts',(-29.1890881461699,49.5,-27.458934146344));
#3927=CARTESIAN_POINT('Ctrl Pts',(-28.7573007745345,50.,-27.518279361903));
#3928=CARTESIAN_POINT('Ctrl Pts',(-28.7573007745345,49.5,-27.518279361903));
#3929=CARTESIAN_POINT('',(-29.3957732123931,50.,-27.2399709703319));
#3930=CARTESIAN_POINT('Ctrl Pts',(-29.3957732123931,50.,-27.2399709703319));
#3931=CARTESIAN_POINT('Ctrl Pts',(-29.1890881461699,50.,-27.458934146344));
#3932=CARTESIAN_POINT('Ctrl Pts',(-28.7573007745345,50.,-27.518279361903));
#3933=CARTESIAN_POINT('',(-29.3957732123931,49.5,-27.2399709703319));
#3934=CARTESIAN_POINT('',(-29.3957732123931,50.,-27.2399709703319));
#3935=CARTESIAN_POINT('Ctrl Pts',(-29.3957732123931,49.5,-27.2399709703319));
#3936=CARTESIAN_POINT('Ctrl Pts',(-29.1890881461699,49.5,-27.458934146344));
#3937=CARTESIAN_POINT('Ctrl Pts',(-28.7573007745345,49.5,-27.518279361903));
#3938=CARTESIAN_POINT('Ctrl Pts',(-29.6024576825697,50.,-26.7017718734138));
#3939=CARTESIAN_POINT('Ctrl Pts',(-29.6024576825697,49.5,-26.7017718734138));
#3940=CARTESIAN_POINT('Ctrl Pts',(-29.6024576825697,50.,-27.0210077943199));
#3941=CARTESIAN_POINT('Ctrl Pts',(-29.6024576825697,49.5,-27.0210077943199));
#3942=CARTESIAN_POINT('Ctrl Pts',(-29.3957732123931,50.,-27.2399709703319));
#3943=CARTESIAN_POINT('Ctrl Pts',(-29.3957732123931,49.5,-27.2399709703319));
#3944=CARTESIAN_POINT('',(-29.6024576825697,50.,-26.7017718734138));
#3945=CARTESIAN_POINT('Ctrl Pts',(-29.6024576825697,50.,-26.7017718734138));
#3946=CARTESIAN_POINT('Ctrl Pts',(-29.6024576825697,50.,-27.0210077943199));
#3947=CARTESIAN_POINT('Ctrl Pts',(-29.3957732123931,50.,-27.2399709703319));
#3948=CARTESIAN_POINT('',(-29.6024576825697,49.5,-26.7017718734138));
#3949=CARTESIAN_POINT('',(-29.6024576825697,50.,-26.7017718734138));
#3950=CARTESIAN_POINT('Ctrl Pts',(-29.6024576825697,49.5,-26.7017718734138));
#3951=CARTESIAN_POINT('Ctrl Pts',(-29.6024576825697,49.5,-27.0210077943199));
#3952=CARTESIAN_POINT('Ctrl Pts',(-29.3957732123931,49.5,-27.2399709703319));
#3953=CARTESIAN_POINT('Ctrl Pts',(-29.4776282710631,50.,-26.2495208861225));
#3954=CARTESIAN_POINT('Ctrl Pts',(-29.4776282710631,49.5,-26.2495208861225));
#3955=CARTESIAN_POINT('Ctrl Pts',(-29.6024576825697,50.,-26.4541592778557));
#3956=CARTESIAN_POINT('Ctrl Pts',(-29.6024576825697,49.5,-26.4541592778557));
#3957=CARTESIAN_POINT('Ctrl Pts',(-29.6024576825697,50.,-26.7017718734138));
#3958=CARTESIAN_POINT('Ctrl Pts',(-29.6024576825697,49.5,-26.7017718734138));
#3959=CARTESIAN_POINT('',(-29.4776282710631,50.,-26.2495208861225));
#3960=CARTESIAN_POINT('Ctrl Pts',(-29.4776282710631,50.,-26.2495208861225));
#3961=CARTESIAN_POINT('Ctrl Pts',(-29.6024576825697,50.,-26.4541592778557));
#3962=CARTESIAN_POINT('Ctrl Pts',(-29.6024576825697,50.,-26.7017718734138));
#3963=CARTESIAN_POINT('',(-29.4776282710631,49.5,-26.2495208861225));
#3964=CARTESIAN_POINT('',(-29.4776282710631,50.,-26.2495208861225));
#3965=CARTESIAN_POINT('Ctrl Pts',(-29.4776282710631,49.5,-26.2495208861225));
#3966=CARTESIAN_POINT('Ctrl Pts',(-29.6024576825697,49.5,-26.4541592778557));
#3967=CARTESIAN_POINT('Ctrl Pts',(-29.6024576825697,49.5,-26.7017718734138));
#3968=CARTESIAN_POINT('Ctrl Pts',(-29.1440675658782,50.,-25.964050102412));
#3969=CARTESIAN_POINT('Ctrl Pts',(-29.1440675658782,49.5,-25.964050102412));
#3970=CARTESIAN_POINT('Ctrl Pts',(-29.3527988595564,50.,-26.0448823453777));
#3971=CARTESIAN_POINT('Ctrl Pts',(-29.3527988595564,49.5,-26.0448823453777));
#3972=CARTESIAN_POINT('Ctrl Pts',(-29.4776282710631,50.,-26.2495208861225));
#3973=CARTESIAN_POINT('Ctrl Pts',(-29.4776282710631,49.5,-26.2495208861225));
#3974=CARTESIAN_POINT('',(-29.1440675658782,50.,-25.964050102412));
#3975=CARTESIAN_POINT('Ctrl Pts',(-29.1440675658782,50.,-25.964050102412));
#3976=CARTESIAN_POINT('Ctrl Pts',(-29.3527988595564,50.,-26.0448823453777));
#3977=CARTESIAN_POINT('Ctrl Pts',(-29.4776282710631,50.,-26.2495208861225));
#3978=CARTESIAN_POINT('',(-29.1440675658782,49.5,-25.964050102412));
#3979=CARTESIAN_POINT('',(-29.1440675658782,50.,-25.964050102412));
#3980=CARTESIAN_POINT('Ctrl Pts',(-29.1440675658782,49.5,-25.964050102412));
#3981=CARTESIAN_POINT('Ctrl Pts',(-29.3527988595564,49.5,-26.0448823453777));
#3982=CARTESIAN_POINT('Ctrl Pts',(-29.4776282710631,49.5,-26.2495208861225));
#3983=CARTESIAN_POINT('Ctrl Pts',(-28.5342452926238,50.,-25.8832178594463));
#3984=CARTESIAN_POINT('Ctrl Pts',(-28.5342452926238,49.5,-25.8832178594463));
#3985=CARTESIAN_POINT('Ctrl Pts',(-28.9353362721999,50.,-25.8832178594463));
#3986=CARTESIAN_POINT('Ctrl Pts',(-28.9353362721999,49.5,-25.8832178594463));
#3987=CARTESIAN_POINT('Ctrl Pts',(-29.1440675658782,50.,-25.964050102412));
#3988=CARTESIAN_POINT('Ctrl Pts',(-29.1440675658782,49.5,-25.964050102412));
#3989=CARTESIAN_POINT('',(-28.5342452926238,50.,-25.8832178594463));
#3990=CARTESIAN_POINT('Ctrl Pts',(-28.5342452926238,50.,-25.8832178594463));
#3991=CARTESIAN_POINT('Ctrl Pts',(-28.9353362721999,50.,-25.8832178594463));
#3992=CARTESIAN_POINT('Ctrl Pts',(-29.1440675658782,50.,-25.964050102412));
#3993=CARTESIAN_POINT('',(-28.5342452926238,49.5,-25.8832178594463));
#3994=CARTESIAN_POINT('',(-28.5342452926238,50.,-25.8832178594463));
#3995=CARTESIAN_POINT('Ctrl Pts',(-28.5342452926238,49.5,-25.8832178594463));
#3996=CARTESIAN_POINT('Ctrl Pts',(-28.9353362721999,49.5,-25.8832178594463));
#3997=CARTESIAN_POINT('Ctrl Pts',(-29.1440675658782,49.5,-25.964050102412));
#3998=CARTESIAN_POINT('Origin',(-27.2040949267943,50.,-25.8832178594463));
#3999=CARTESIAN_POINT('',(-27.2040949267943,50.,-25.8832178594463));
#4000=CARTESIAN_POINT('',(-35.1688042895869,50.,-25.8832178594463));
#4001=CARTESIAN_POINT('',(-27.2040949267943,49.5,-25.8832178594463));
#4002=CARTESIAN_POINT('',(-27.2040949267943,50.,-25.8832178594463));
#4003=CARTESIAN_POINT('',(-27.2040949267943,49.5,-25.8832178594463));
#4004=CARTESIAN_POINT('Origin',(-27.2040949267943,49.9999999999999,-28.8832179786556));
#4005=CARTESIAN_POINT('',(-27.2040949267943,49.9999999999999,-28.8832179786556));
#4006=CARTESIAN_POINT('',(-27.2040949267943,50.,-24.9416089893278));
#4007=CARTESIAN_POINT('',(-27.2040949267943,49.5,-28.8832179786556));
#4008=CARTESIAN_POINT('',(-27.2040949267943,49.9999999999999,-28.8832179786556));
#4009=CARTESIAN_POINT('',(-27.2040949267943,49.5,-28.8832179786556));
#4010=CARTESIAN_POINT('Origin',(-27.6010934514601,49.9999999999999,-28.8832179786556));
#4011=CARTESIAN_POINT('',(-35.3673035519198,50.,-28.8832179786556));
#4012=CARTESIAN_POINT('',(-27.6010934514601,49.5,-28.8832179786556));
#4013=CARTESIAN_POINT('Origin',(-25.1474779909153,49.5,-27.383217919051));
#4014=CARTESIAN_POINT('Origin',(-24.8077778024275,50.,-26.5974062265747));
#4015=CARTESIAN_POINT('',(-24.8077778024275,50.,-26.5974062265747));
#4016=CARTESIAN_POINT('',(-24.1713521880705,49.9999999999999,-28.8832179786556));
#4017=CARTESIAN_POINT('',(-26.1901497535726,50.,-21.6324237048279));
#4018=CARTESIAN_POINT('',(-24.8077778024275,49.5,-26.5974062265747));
#4019=CARTESIAN_POINT('',(-24.8077778024275,50.,-26.5974062265747));
#4020=CARTESIAN_POINT('',(-24.1713521880705,49.5,-28.8832179786556));
#4021=CARTESIAN_POINT('',(-24.8077778024275,49.5,-26.5974062265747));
#4022=CARTESIAN_POINT('',(-24.1713521880705,49.9999999999999,-28.8832179786556));
#4023=CARTESIAN_POINT('Ctrl Pts',(-24.8957721395094,50.,-26.245428133189));
#4024=CARTESIAN_POINT('Ctrl Pts',(-24.8957721395094,49.5,-26.245428133189));
#4025=CARTESIAN_POINT('Ctrl Pts',(-24.8487053317626,50.,-26.4521129013889));
#4026=CARTESIAN_POINT('Ctrl Pts',(-24.8487053317626,49.5,-26.4521129013889));
#4027=CARTESIAN_POINT('Ctrl Pts',(-24.8077778024275,50.,-26.5974062265747));
#4028=CARTESIAN_POINT('Ctrl Pts',(-24.8077778024275,49.5,-26.5974062265747));
#4029=CARTESIAN_POINT('',(-24.8957721395094,50.,-26.245428133189));
#4030=CARTESIAN_POINT('Ctrl Pts',(-24.8957721395094,50.,-26.245428133189));
#4031=CARTESIAN_POINT('Ctrl Pts',(-24.8487053317626,50.,-26.4521129013889));
#4032=CARTESIAN_POINT('Ctrl Pts',(-24.8077778024275,50.,-26.5974062265747));
#4033=CARTESIAN_POINT('',(-24.8957721395094,49.5,-26.245428133189));
#4034=CARTESIAN_POINT('',(-24.8957721395094,50.,-26.245428133189));
#4035=CARTESIAN_POINT('Ctrl Pts',(-24.8957721395094,49.5,-26.245428133189));
#4036=CARTESIAN_POINT('Ctrl Pts',(-24.8487053317626,49.5,-26.4521129013889));
#4037=CARTESIAN_POINT('Ctrl Pts',(-24.8077778024275,49.5,-26.5974062265747));
#4038=CARTESIAN_POINT('Ctrl Pts',(-24.9899060530264,50.,-26.5974062265747));
#4039=CARTESIAN_POINT('Ctrl Pts',(-24.9899060530264,49.5,-26.5974062265747));
#4040=CARTESIAN_POINT('Ctrl Pts',(-24.9100969237883,50.,-26.3109124781483));
#4041=CARTESIAN_POINT('Ctrl Pts',(-24.9100969237883,49.5,-26.3109124781482));
#4042=CARTESIAN_POINT('Ctrl Pts',(-24.8957721395094,50.,-26.245428133189));
#4043=CARTESIAN_POINT('Ctrl Pts',(-24.8957721395094,49.5,-26.245428133189));
#4044=CARTESIAN_POINT('',(-24.9899060530264,50.,-26.5974062265747));
#4045=CARTESIAN_POINT('Ctrl Pts',(-24.9899060530264,50.,-26.5974062265747));
#4046=CARTESIAN_POINT('Ctrl Pts',(-24.9100969237883,50.,-26.3109124781483));
#4047=CARTESIAN_POINT('Ctrl Pts',(-24.8957721395094,50.,-26.245428133189));
#4048=CARTESIAN_POINT('',(-24.9899060530264,49.5,-26.5974062265747));
#4049=CARTESIAN_POINT('',(-24.9899060530264,50.,-26.5974062265747));
#4050=CARTESIAN_POINT('Ctrl Pts',(-24.9899060530264,49.5,-26.5974062265747));
#4051=CARTESIAN_POINT('Ctrl Pts',(-24.9100969237883,49.5,-26.3109124781482));
#4052=CARTESIAN_POINT('Ctrl Pts',(-24.8957721395094,49.5,-26.245428133189));
#4053=CARTESIAN_POINT('Origin',(-25.6222389144499,49.9999999999999,-28.8832179786556));
#4054=CARTESIAN_POINT('',(-25.6222389144499,49.9999999999999,-28.8832179786556));
#4055=CARTESIAN_POINT('',(-25.231773694386,50.,-27.4717303852513));
#4056=CARTESIAN_POINT('',(-25.6222389144499,49.5,-28.8832179786556));
#4057=CARTESIAN_POINT('',(-25.6222389144499,49.9999999999999,-28.8832179786556));
#4058=CARTESIAN_POINT('',(-25.6222389144499,49.5,-28.8832179786556));
#4059=CARTESIAN_POINT('Origin',(-26.0049126548369,49.9999999999999,-28.8832179786556));
#4060=CARTESIAN_POINT('',(-26.0049126548369,49.9999999999999,-28.8832179786556));
#4061=CARTESIAN_POINT('',(-34.5692131536082,50.,-28.8832179786556));
#4062=CARTESIAN_POINT('',(-26.0049126548369,49.5,-28.8832179786556));
#4063=CARTESIAN_POINT('',(-26.0049126548369,49.9999999999999,-28.8832179786556));
#4064=CARTESIAN_POINT('',(-26.0049126548369,49.5,-28.8832179786556));
#4065=CARTESIAN_POINT('Origin',(-26.8275592727263,50.,-25.8832178594463));
#4066=CARTESIAN_POINT('',(-26.8275592727263,50.,-25.8832178594463));
#4067=CARTESIAN_POINT('',(-28.0204445897075,50.,-21.5330436590975));
#4068=CARTESIAN_POINT('',(-26.8275592727263,49.5,-25.8832178594463));
#4069=CARTESIAN_POINT('',(-26.8275592727263,50.,-25.8832178594463));
#4070=CARTESIAN_POINT('',(-26.8275592727263,49.5,-25.8832178594463));
#4071=CARTESIAN_POINT('Origin',(-26.4285145206053,50.,-25.8832178594463));
#4072=CARTESIAN_POINT('',(-26.4285145206053,50.,-25.8832178594463));
#4073=CARTESIAN_POINT('',(-34.7810140864924,50.,-25.8832178594463));
#4074=CARTESIAN_POINT('',(-26.4285145206053,49.5,-25.8832178594463));
#4075=CARTESIAN_POINT('',(-26.4285145206053,50.,-25.8832178594463));
#4076=CARTESIAN_POINT('',(-26.4285145206053,49.5,-25.8832178594463));
#4077=CARTESIAN_POINT('Origin',(-25.9578464431365,50.,-27.8109122397297));
#4078=CARTESIAN_POINT('',(-25.9578464431365,50.,-27.8109122397297));
#4079=CARTESIAN_POINT('',(-27.2257044379481,50.,-22.6182024542284));
#4080=CARTESIAN_POINT('',(-25.9578464431365,49.5,-27.8109122397297));
#4081=CARTESIAN_POINT('',(-25.9578464431365,50.,-27.8109122397297));
#4082=CARTESIAN_POINT('',(-25.9578464431365,49.5,-27.8109122397297));
#4083=CARTESIAN_POINT('Ctrl Pts',(-25.8084599179823,49.9999999999999,-28.4637091638439));
#4084=CARTESIAN_POINT('Ctrl Pts',(-25.8084599179823,49.5,-28.4637091638439));
#4085=CARTESIAN_POINT('Ctrl Pts',(-25.8657584590514,49.9999999999999,-28.1792617918842));
#4086=CARTESIAN_POINT('Ctrl Pts',(-25.8657584590514,49.5,-28.1792617918842));
#4087=CARTESIAN_POINT('Ctrl Pts',(-25.9578464431365,50.,-27.8109122397297));
#4088=CARTESIAN_POINT('Ctrl Pts',(-25.9578464431365,49.5,-27.8109122397297));
#4089=CARTESIAN_POINT('',(-25.8084599179823,49.9999999999999,-28.4637091638439));
#4090=CARTESIAN_POINT('Ctrl Pts',(-25.8084599179823,49.9999999999999,-28.4637091638439));
#4091=CARTESIAN_POINT('Ctrl Pts',(-25.8657584590514,49.9999999999999,-28.1792617918842));
#4092=CARTESIAN_POINT('Ctrl Pts',(-25.9578464431365,50.,-27.8109122397297));
#4093=CARTESIAN_POINT('',(-25.8084599179823,49.5,-28.4637091638439));
#4094=CARTESIAN_POINT('',(-25.8084599179823,49.9999999999999,-28.4637091638439));
#4095=CARTESIAN_POINT('Ctrl Pts',(-25.8084599179823,49.5,-28.4637091638439));
#4096=CARTESIAN_POINT('Ctrl Pts',(-25.8657584590514,49.5,-28.1792617918842));
#4097=CARTESIAN_POINT('Ctrl Pts',(-25.9578464431365,49.5,-27.8109122397297));
#4098=CARTESIAN_POINT('Ctrl Pts',(-25.5751721067031,50.,-27.4016354562633));
#4099=CARTESIAN_POINT('Ctrl Pts',(-25.5751721067031,49.5,-27.4016354562633));
#4100=CARTESIAN_POINT('Ctrl Pts',(-25.7368365926344,50.,-27.9664374472492));
#4101=CARTESIAN_POINT('Ctrl Pts',(-25.7368365926344,49.5,-27.9664374472492));
#4102=CARTESIAN_POINT('Ctrl Pts',(-25.8084599179823,49.9999999999999,-28.4637091638439));
#4103=CARTESIAN_POINT('Ctrl Pts',(-25.8084599179823,49.5,-28.4637091638439));
#4104=CARTESIAN_POINT('',(-25.5751721067031,50.,-27.4016354562633));
#4105=CARTESIAN_POINT('Ctrl Pts',(-25.5751721067031,50.,-27.4016354562633));
#4106=CARTESIAN_POINT('Ctrl Pts',(-25.7368365926344,50.,-27.9664374472492));
#4107=CARTESIAN_POINT('Ctrl Pts',(-25.8084599179823,49.9999999999999,-28.4637091638439));
#4108=CARTESIAN_POINT('',(-25.5751721067031,49.5,-27.4016354562633));
#4109=CARTESIAN_POINT('',(-25.5751721067031,50.,-27.4016354562633));
#4110=CARTESIAN_POINT('Ctrl Pts',(-25.5751721067031,49.5,-27.4016354562633));
#4111=CARTESIAN_POINT('Ctrl Pts',(-25.7368365926344,49.5,-27.9664374472492));
#4112=CARTESIAN_POINT('Ctrl Pts',(-25.8084599179823,49.5,-28.4637091638439));
#4113=CARTESIAN_POINT('Origin',(-25.1454315585692,50.,-25.8832178594463));
#4114=CARTESIAN_POINT('',(-25.1454315585692,50.,-25.8832178594463));
#4115=CARTESIAN_POINT('',(-25.1726493457973,50.,-25.979387437237));
#4116=CARTESIAN_POINT('',(-25.1454315585692,49.5,-25.8832178594463));
#4117=CARTESIAN_POINT('',(-25.1454315585692,50.,-25.8832178594463));
#4118=CARTESIAN_POINT('',(-25.1454315585692,49.5,-25.8832178594463));
#4119=CARTESIAN_POINT('Origin',(-24.6665773791869,50.,-25.8832178594463));
#4120=CARTESIAN_POINT('',(-24.6665773791869,50.,-25.8832178594463));
#4121=CARTESIAN_POINT('',(-33.9000455157832,50.,-25.8832178594463));
#4122=CARTESIAN_POINT('',(-24.6665773791869,49.5,-25.8832178594463));
#4123=CARTESIAN_POINT('',(-24.6665773791869,50.,-25.8832178594463));
#4124=CARTESIAN_POINT('',(-24.6665773791869,49.5,-25.8832178594463));
#4125=CARTESIAN_POINT('Origin',(-24.0956358117659,50.,-27.9091389061802));
#4126=CARTESIAN_POINT('',(-24.0956358117659,50.,-27.9091389061802));
#4127=CARTESIAN_POINT('',(-25.6979473285274,50.,-22.2235192027584));
#4128=CARTESIAN_POINT('',(-24.0956358117659,49.5,-27.9091389061802));
#4129=CARTESIAN_POINT('',(-24.0956358117659,50.,-27.9091389061802));
#4130=CARTESIAN_POINT('',(-24.0956358117659,49.5,-27.9091389061802));
#4131=CARTESIAN_POINT('Ctrl Pts',(-23.9605746669371,49.9999999999999,-28.4637091638439));
#4132=CARTESIAN_POINT('Ctrl Pts',(-23.9605746669371,49.5,-28.4637091638439));
#4133=CARTESIAN_POINT('Ctrl Pts',(-24.0751720470984,50.,-27.9828087570064));
#4134=CARTESIAN_POINT('Ctrl Pts',(-24.0751720470984,49.5,-27.9828087570064));
#4135=CARTESIAN_POINT('Ctrl Pts',(-24.0956358117659,50.,-27.9091389061802));
#4136=CARTESIAN_POINT('Ctrl Pts',(-24.0956358117659,49.5,-27.9091389061802));
#4137=CARTESIAN_POINT('',(-23.9605746669371,49.9999999999999,-28.4637091638439));
#4138=CARTESIAN_POINT('Ctrl Pts',(-23.9605746669371,49.9999999999999,-28.4637091638439));
#4139=CARTESIAN_POINT('Ctrl Pts',(-24.0751720470984,50.,-27.9828087570064));
#4140=CARTESIAN_POINT('Ctrl Pts',(-24.0956358117659,50.,-27.9091389061802));
#4141=CARTESIAN_POINT('',(-23.9605746669371,49.5,-28.4637091638439));
#4142=CARTESIAN_POINT('',(-23.9605746669371,49.9999999999999,-28.4637091638439));
#4143=CARTESIAN_POINT('Ctrl Pts',(-23.9605746669371,49.5,-28.4637091638439));
#4144=CARTESIAN_POINT('Ctrl Pts',(-24.0751720470984,49.5,-27.9828087570064));
#4145=CARTESIAN_POINT('Ctrl Pts',(-24.0956358117659,49.5,-27.9091389061802));
#4146=CARTESIAN_POINT('Ctrl Pts',(-23.8336987299521,50.,-27.8497935416096));
#4147=CARTESIAN_POINT('Ctrl Pts',(-23.8336987299521,49.5,-27.8497935416096));
#4148=CARTESIAN_POINT('Ctrl Pts',(-23.9073685807784,49.9999999999999,-28.1587977291935));
#4149=CARTESIAN_POINT('Ctrl Pts',(-23.9073685807784,49.5,-28.1587977291935));
#4150=CARTESIAN_POINT('Ctrl Pts',(-23.9605746669371,49.9999999999999,-28.4637091638439));
#4151=CARTESIAN_POINT('Ctrl Pts',(-23.9605746669371,49.5,-28.4637091638439));
#4152=CARTESIAN_POINT('',(-23.8336987299521,50.,-27.8497935416096));
#4153=CARTESIAN_POINT('Ctrl Pts',(-23.8336987299521,50.,-27.8497935416096));
#4154=CARTESIAN_POINT('Ctrl Pts',(-23.9073685807784,49.9999999999999,-28.1587977291935));
#4155=CARTESIAN_POINT('Ctrl Pts',(-23.9605746669371,49.9999999999999,-28.4637091638439));
#4156=CARTESIAN_POINT('',(-23.8336987299521,49.5,-27.8497935416096));
#4157=CARTESIAN_POINT('',(-23.8336987299521,50.,-27.8497935416096));
#4158=CARTESIAN_POINT('Ctrl Pts',(-23.8336987299521,49.5,-27.8497935416096));
#4159=CARTESIAN_POINT('Ctrl Pts',(-23.9073685807784,49.5,-28.1587977291935));
#4160=CARTESIAN_POINT('Ctrl Pts',(-23.9605746669371,49.5,-28.4637091638439));
#4161=CARTESIAN_POINT('Origin',(-23.3773548407157,50.,-25.8832178594463));
#4162=CARTESIAN_POINT('',(-23.3773548407157,50.,-25.8832178594463));
#4163=CARTESIAN_POINT('',(-23.3444578442826,50.,-25.7414510149081));
#4164=CARTESIAN_POINT('',(-23.3773548407157,49.5,-25.8832178594463));
#4165=CARTESIAN_POINT('',(-23.3773548407157,50.,-25.8832178594463));
#4166=CARTESIAN_POINT('',(-23.3773548407157,49.5,-25.8832178594463));
#4167=CARTESIAN_POINT('Origin',(-22.9701242847045,50.,-25.8832178594463));
#4168=CARTESIAN_POINT('',(-22.9701242847045,50.,-25.8832178594463));
#4169=CARTESIAN_POINT('',(-33.051818968542,50.,-25.8832178594463));
#4170=CARTESIAN_POINT('',(-22.9701242847045,49.5,-25.8832178594463));
#4171=CARTESIAN_POINT('',(-22.9701242847045,50.,-25.8832178594463));
#4172=CARTESIAN_POINT('',(-22.9701242847045,49.5,-25.8832178594463));
#4173=CARTESIAN_POINT('Origin',(-23.7661678595145,49.9999999999999,-28.8832179786556));
#4174=CARTESIAN_POINT('',(-23.7661678595145,49.9999999999999,-28.8832179786556));
#4175=CARTESIAN_POINT('',(-23.4260409336651,50.,-27.6014026982069));
#4176=CARTESIAN_POINT('',(-23.7661678595145,49.5,-28.8832179786556));
#4177=CARTESIAN_POINT('',(-23.7661678595145,49.9999999999999,-28.8832179786556));
#4178=CARTESIAN_POINT('',(-23.7661678595145,49.5,-28.8832179786556));
#4179=CARTESIAN_POINT('Origin',(-24.1713521880705,49.9999999999999,-28.8832179786556));
#4180=CARTESIAN_POINT('',(-33.652432920225,50.,-28.8832179786556));
#4181=CARTESIAN_POINT('',(-24.1713521880705,49.5,-28.8832179786556));
#4182=CARTESIAN_POINT('Origin',(-25.1474779909153,49.5,-27.383217919051));
#4183=CARTESIAN_POINT('Origin',(-21.6113247973521,50.,-26.237242627322));
#4184=CARTESIAN_POINT('',(-21.6113247973521,50.,-26.237242627322));
#4185=CARTESIAN_POINT('',(-20.8439305675824,50.,-26.237242627322));
#4186=CARTESIAN_POINT('',(-32.3724192248658,50.,-26.237242627322));
#4187=CARTESIAN_POINT('',(-21.6113247973521,49.5,-26.237242627322));
#4188=CARTESIAN_POINT('',(-21.6113247973521,50.,-26.237242627322));
#4189=CARTESIAN_POINT('',(-20.8439305675824,49.5,-26.237242627322));
#4190=CARTESIAN_POINT('',(-21.6113247973521,49.5,-26.237242627322));
#4191=CARTESIAN_POINT('',(-20.8439305675824,50.,-26.237242627322));
#4192=CARTESIAN_POINT('Ctrl Pts',(-21.9817205769618,50.,-26.2638453723781));
#4193=CARTESIAN_POINT('Ctrl Pts',(-21.9817205769618,49.5,-26.2638453723781));
#4194=CARTESIAN_POINT('Ctrl Pts',(-21.8814476830561,50.,-26.237242627322));
#4195=CARTESIAN_POINT('Ctrl Pts',(-21.8814476830561,49.5,-26.237242627322));
#4196=CARTESIAN_POINT('Ctrl Pts',(-21.6113247973521,50.,-26.237242627322));
#4197=CARTESIAN_POINT('Ctrl Pts',(-21.6113247973521,49.5,-26.237242627322));
#4198=CARTESIAN_POINT('',(-21.9817205769618,50.,-26.2638453723781));
#4199=CARTESIAN_POINT('Ctrl Pts',(-21.9817205769618,50.,-26.2638453723781));
#4200=CARTESIAN_POINT('Ctrl Pts',(-21.8814476830561,50.,-26.237242627322));
#4201=CARTESIAN_POINT('Ctrl Pts',(-21.6113247973521,50.,-26.237242627322));
#4202=CARTESIAN_POINT('',(-21.9817205769618,49.5,-26.2638453723781));
#4203=CARTESIAN_POINT('',(-21.9817205769618,50.,-26.2638453723781));
#4204=CARTESIAN_POINT('Ctrl Pts',(-21.9817205769618,49.5,-26.2638453723781));
#4205=CARTESIAN_POINT('Ctrl Pts',(-21.8814476830561,49.5,-26.237242627322));
#4206=CARTESIAN_POINT('Ctrl Pts',(-21.6113247973521,49.5,-26.237242627322));
#4207=CARTESIAN_POINT('Ctrl Pts',(-22.2324026627143,50.,-26.440857756316));
#4208=CARTESIAN_POINT('Ctrl Pts',(-22.2324026627143,49.5,-26.440857756316));
#4209=CARTESIAN_POINT('Ctrl Pts',(-22.1372457844813,50.,-26.3068194271915));
#4210=CARTESIAN_POINT('Ctrl Pts',(-22.1372457844813,49.5,-26.3068194271915));
#4211=CARTESIAN_POINT('Ctrl Pts',(-21.9817205769618,50.,-26.2638453723781));
#4212=CARTESIAN_POINT('Ctrl Pts',(-21.9817205769618,49.5,-26.2638453723781));
#4213=CARTESIAN_POINT('',(-22.2324026627143,50.,-26.440857756316));
#4214=CARTESIAN_POINT('Ctrl Pts',(-22.2324026627143,50.,-26.440857756316));
#4215=CARTESIAN_POINT('Ctrl Pts',(-22.1372457844813,50.,-26.3068194271915));
#4216=CARTESIAN_POINT('Ctrl Pts',(-21.9817205769618,50.,-26.2638453723781));
#4217=CARTESIAN_POINT('',(-22.2324026627143,49.5,-26.440857756316));
#4218=CARTESIAN_POINT('',(-22.2324026627143,50.,-26.440857756316));
#4219=CARTESIAN_POINT('Ctrl Pts',(-22.2324026627143,49.5,-26.440857756316));
#4220=CARTESIAN_POINT('Ctrl Pts',(-22.1372457844813,49.5,-26.3068194271915));
#4221=CARTESIAN_POINT('Ctrl Pts',(-21.9817205769618,49.5,-26.2638453723781));
#4222=CARTESIAN_POINT('Ctrl Pts',(-22.3275595409472,50.,-26.763163316428));
#4223=CARTESIAN_POINT('Ctrl Pts',(-22.3275595409472,49.5,-26.763163316428));
#4224=CARTESIAN_POINT('Ctrl Pts',(-22.3275595409472,50.,-26.5748959364288));
#4225=CARTESIAN_POINT('Ctrl Pts',(-22.3275595409472,49.5,-26.5748959364288));
#4226=CARTESIAN_POINT('Ctrl Pts',(-22.2324026627143,50.,-26.440857756316));
#4227=CARTESIAN_POINT('Ctrl Pts',(-22.2324026627143,49.5,-26.440857756316));
#4228=CARTESIAN_POINT('',(-22.3275595409472,50.,-26.763163316428));
#4229=CARTESIAN_POINT('Ctrl Pts',(-22.3275595409472,50.,-26.763163316428));
#4230=CARTESIAN_POINT('Ctrl Pts',(-22.3275595409472,50.,-26.5748959364288));
#4231=CARTESIAN_POINT('Ctrl Pts',(-22.2324026627143,50.,-26.440857756316));
#4232=CARTESIAN_POINT('',(-22.3275595409472,49.5,-26.763163316428));
#4233=CARTESIAN_POINT('',(-22.3275595409472,50.,-26.763163316428));
#4234=CARTESIAN_POINT('Ctrl Pts',(-22.3275595409472,49.5,-26.763163316428));
#4235=CARTESIAN_POINT('Ctrl Pts',(-22.3275595409472,49.5,-26.5748959364288));
#4236=CARTESIAN_POINT('Ctrl Pts',(-22.2324026627143,49.5,-26.440857756316));
#4237=CARTESIAN_POINT('Ctrl Pts',(-22.1658952040274,50.,-27.1663011195057));
#4238=CARTESIAN_POINT('Ctrl Pts',(-22.1658952040274,49.5,-27.1663011195057));
#4239=CARTESIAN_POINT('Ctrl Pts',(-22.3275595409472,50.,-27.0230541707867));
#4240=CARTESIAN_POINT('Ctrl Pts',(-22.3275595409472,49.5,-27.0230541707866));
#4241=CARTESIAN_POINT('Ctrl Pts',(-22.3275595409472,50.,-26.763163316428));
#4242=CARTESIAN_POINT('Ctrl Pts',(-22.3275595409472,49.5,-26.763163316428));
#4243=CARTESIAN_POINT('',(-22.1658952040274,50.,-27.1663011195057));
#4244=CARTESIAN_POINT('Ctrl Pts',(-22.1658952040274,50.,-27.1663011195057));
#4245=CARTESIAN_POINT('Ctrl Pts',(-22.3275595409472,50.,-27.0230541707867));
#4246=CARTESIAN_POINT('Ctrl Pts',(-22.3275595409472,50.,-26.763163316428));
#4247=CARTESIAN_POINT('',(-22.1658952040274,49.5,-27.1663011195057));
#4248=CARTESIAN_POINT('',(-22.1658952040274,50.,-27.1663011195057));
#4249=CARTESIAN_POINT('Ctrl Pts',(-22.1658952040274,49.5,-27.1663011195057));
#4250=CARTESIAN_POINT('Ctrl Pts',(-22.3275595409472,49.5,-27.0230541707866));
#4251=CARTESIAN_POINT('Ctrl Pts',(-22.3275595409472,49.5,-26.763163316428));
#4252=CARTESIAN_POINT('Ctrl Pts',(-21.6195104522307,50.,-27.3095480682247));
#4253=CARTESIAN_POINT('Ctrl Pts',(-21.6195104522307,49.5,-27.3095480682247));
#4254=CARTESIAN_POINT('Ctrl Pts',(-22.004230718096,50.,-27.3095480682247));
#4255=CARTESIAN_POINT('Ctrl Pts',(-22.004230718096,49.5,-27.3095480682247));
#4256=CARTESIAN_POINT('Ctrl Pts',(-22.1658952040274,50.,-27.1663011195057));
#4257=CARTESIAN_POINT('Ctrl Pts',(-22.1658952040274,49.5,-27.1663011195057));
#4258=CARTESIAN_POINT('',(-21.6195104522307,50.,-27.3095480682247));
#4259=CARTESIAN_POINT('Ctrl Pts',(-21.6195104522307,50.,-27.3095480682247));
#4260=CARTESIAN_POINT('Ctrl Pts',(-22.004230718096,50.,-27.3095480682247));
#4261=CARTESIAN_POINT('Ctrl Pts',(-22.1658952040274,50.,-27.1663011195057));
#4262=CARTESIAN_POINT('',(-21.6195104522307,49.5,-27.3095480682247));
#4263=CARTESIAN_POINT('',(-21.6195104522307,50.,-27.3095480682247));
#4264=CARTESIAN_POINT('Ctrl Pts',(-21.6195104522307,49.5,-27.3095480682247));
#4265=CARTESIAN_POINT('Ctrl Pts',(-22.004230718096,49.5,-27.3095480682247));
#4266=CARTESIAN_POINT('Ctrl Pts',(-22.1658952040274,49.5,-27.1663011195057));
#4267=CARTESIAN_POINT('Origin',(-20.8439305675824,50.,-27.3095480682247));
#4268=CARTESIAN_POINT('',(-20.8439305675824,50.,-27.3095480682247));
#4269=CARTESIAN_POINT('',(-31.9887221099809,50.,-27.3095480682247));
#4270=CARTESIAN_POINT('',(-20.8439305675824,49.5,-27.3095480682247));
#4271=CARTESIAN_POINT('',(-20.8439305675824,50.,-27.3095480682247));
#4272=CARTESIAN_POINT('',(-20.8439305675824,49.5,-27.3095480682247));
#4273=CARTESIAN_POINT('Origin',(-20.8439305675824,50.,-26.237242627322));
#4274=CARTESIAN_POINT('',(-20.8439305675824,50.,-23.618621313661));
#4275=CARTESIAN_POINT('',(-20.8439305675824,49.5,-26.237242627322));
#4276=CARTESIAN_POINT('Origin',(-20.8439305675824,50.,-27.6635725380771));
#4277=CARTESIAN_POINT('',(-20.8439305675824,50.,-27.6635725380771));
#4278=CARTESIAN_POINT('',(-20.8439305675824,49.9999999999999,-28.8832179786556));
#4279=CARTESIAN_POINT('',(-20.8439305675824,50.,-24.3317862690386));
#4280=CARTESIAN_POINT('',(-20.8439305675824,49.5,-27.6635725380771));
#4281=CARTESIAN_POINT('',(-20.8439305675824,50.,-27.6635725380771));
#4282=CARTESIAN_POINT('',(-20.8439305675824,49.5,-28.8832179786556));
#4283=CARTESIAN_POINT('',(-20.8439305675824,49.5,-27.6635725380771));
#4284=CARTESIAN_POINT('',(-20.8439305675824,49.9999999999999,-28.8832179786556));
#4285=CARTESIAN_POINT('Origin',(-21.6133711738188,50.,-27.6635725380771));
#4286=CARTESIAN_POINT('',(-21.6133711738188,50.,-27.6635725380771));
#4287=CARTESIAN_POINT('',(-32.3734424130991,50.,-27.6635725380771));
#4288=CARTESIAN_POINT('',(-21.6133711738188,49.5,-27.6635725380771));
#4289=CARTESIAN_POINT('',(-21.6133711738188,50.,-27.6635725380771));
#4290=CARTESIAN_POINT('',(-21.6133711738188,49.5,-27.6635725380771));
#4291=CARTESIAN_POINT('Ctrl Pts',(-22.4933167798121,50.,-27.3985658170574));
#4292=CARTESIAN_POINT('Ctrl Pts',(-22.4933167798121,49.5,-27.3985658170574));
#4293=CARTESIAN_POINT('Ctrl Pts',(-22.2497969371874,50.,-27.6635725380771));
#4294=CARTESIAN_POINT('Ctrl Pts',(-22.2497969371874,49.5,-27.6635725380771));
#4295=CARTESIAN_POINT('Ctrl Pts',(-21.6133711738188,50.,-27.6635725380771));
#4296=CARTESIAN_POINT('Ctrl Pts',(-21.6133711738188,49.5,-27.6635725380771));
#4297=CARTESIAN_POINT('',(-22.4933167798121,50.,-27.3985658170574));
#4298=CARTESIAN_POINT('Ctrl Pts',(-22.4933167798121,50.,-27.3985658170574));
#4299=CARTESIAN_POINT('Ctrl Pts',(-22.2497969371874,50.,-27.6635725380771));
#4300=CARTESIAN_POINT('Ctrl Pts',(-21.6133711738188,50.,-27.6635725380771));
#4301=CARTESIAN_POINT('',(-22.4933167798121,49.5,-27.3985658170574));
#4302=CARTESIAN_POINT('',(-22.4933167798121,50.,-27.3985658170574));
#4303=CARTESIAN_POINT('Ctrl Pts',(-22.4933167798121,49.5,-27.3985658170574));
#4304=CARTESIAN_POINT('Ctrl Pts',(-22.2497969371874,49.5,-27.6635725380771));
#4305=CARTESIAN_POINT('Ctrl Pts',(-21.6133711738188,49.5,-27.6635725380771));
#4306=CARTESIAN_POINT('Ctrl Pts',(-22.7368364734252,50.,-26.7508850576275));
#4307=CARTESIAN_POINT('Ctrl Pts',(-22.7368364734252,49.5,-26.7508850576275));
#4308=CARTESIAN_POINT('Ctrl Pts',(-22.7368364734252,50.,-27.133558947026));
#4309=CARTESIAN_POINT('Ctrl Pts',(-22.7368364734252,49.5,-27.133558947026));
#4310=CARTESIAN_POINT('Ctrl Pts',(-22.4933167798121,50.,-27.3985658170574));
#4311=CARTESIAN_POINT('Ctrl Pts',(-22.4933167798121,49.5,-27.3985658170574));
#4312=CARTESIAN_POINT('',(-22.7368364734252,50.,-26.7508850576275));
#4313=CARTESIAN_POINT('Ctrl Pts',(-22.7368364734252,50.,-26.7508850576275));
#4314=CARTESIAN_POINT('Ctrl Pts',(-22.7368364734252,50.,-27.133558947026));
#4315=CARTESIAN_POINT('Ctrl Pts',(-22.4933167798121,50.,-27.3985658170574));
#4316=CARTESIAN_POINT('',(-22.7368364734252,49.5,-26.7508850576275));
#4317=CARTESIAN_POINT('',(-22.7368364734252,50.,-26.7508850576275));
#4318=CARTESIAN_POINT('Ctrl Pts',(-22.7368364734252,49.5,-26.7508850576275));
#4319=CARTESIAN_POINT('Ctrl Pts',(-22.7368364734252,49.5,-27.133558947026));
#4320=CARTESIAN_POINT('Ctrl Pts',(-22.4933167798121,49.5,-27.3985658170574));
#4321=CARTESIAN_POINT('Ctrl Pts',(-22.6457721991141,50.,-26.3416079761379));
#4322=CARTESIAN_POINT('Ctrl Pts',(-22.6457721991141,49.5,-26.3416079761379));
#4323=CARTESIAN_POINT('Ctrl Pts',(-22.7368364734252,50.,-26.5278291286819));
#4324=CARTESIAN_POINT('Ctrl Pts',(-22.7368364734252,49.5,-26.5278291286819));
#4325=CARTESIAN_POINT('Ctrl Pts',(-22.7368364734252,50.,-26.7508850576275));
#4326=CARTESIAN_POINT('Ctrl Pts',(-22.7368364734252,49.5,-26.7508850576275));
#4327=CARTESIAN_POINT('',(-22.6457721991141,50.,-26.3416079761379));
#4328=CARTESIAN_POINT('Ctrl Pts',(-22.6457721991141,50.,-26.3416079761379));
#4329=CARTESIAN_POINT('Ctrl Pts',(-22.7368364734252,50.,-26.5278291286819));
#4330=CARTESIAN_POINT('Ctrl Pts',(-22.7368364734252,50.,-26.7508850576275));
#4331=CARTESIAN_POINT('',(-22.6457721991141,49.5,-26.3416079761379));
#4332=CARTESIAN_POINT('',(-22.6457721991141,50.,-26.3416079761379));
#4333=CARTESIAN_POINT('Ctrl Pts',(-22.6457721991141,49.5,-26.3416079761379));
#4334=CARTESIAN_POINT('Ctrl Pts',(-22.7368364734252,49.5,-26.5278291286819));
#4335=CARTESIAN_POINT('Ctrl Pts',(-22.7368364734252,49.5,-26.7508850576275));
#4336=CARTESIAN_POINT('Ctrl Pts',(-22.405322144707,50.,-26.0520447375171));
#4337=CARTESIAN_POINT('Ctrl Pts',(-22.405322144707,49.5,-26.0520447375171));
#4338=CARTESIAN_POINT('Ctrl Pts',(-22.5547082228262,50.,-26.1553869726055));
#4339=CARTESIAN_POINT('Ctrl Pts',(-22.5547082228262,49.5,-26.1553869726055));
#4340=CARTESIAN_POINT('Ctrl Pts',(-22.6457721991141,50.,-26.3416079761379));
#4341=CARTESIAN_POINT('Ctrl Pts',(-22.6457721991141,49.5,-26.3416079761379));
#4342=CARTESIAN_POINT('',(-22.405322144707,50.,-26.0520447375171));
#4343=CARTESIAN_POINT('Ctrl Pts',(-22.405322144707,50.,-26.0520447375171));
#4344=CARTESIAN_POINT('Ctrl Pts',(-22.5547082228262,50.,-26.1553869726055));
#4345=CARTESIAN_POINT('Ctrl Pts',(-22.6457721991141,50.,-26.3416079761379));
#4346=CARTESIAN_POINT('',(-22.405322144707,49.5,-26.0520447375171));
#4347=CARTESIAN_POINT('',(-22.405322144707,50.,-26.0520447375171));
#4348=CARTESIAN_POINT('Ctrl Pts',(-22.405322144707,49.5,-26.0520447375171));
#4349=CARTESIAN_POINT('Ctrl Pts',(-22.5547082228262,49.5,-26.1553869726055));
#4350=CARTESIAN_POINT('Ctrl Pts',(-22.6457721991141,49.5,-26.3416079761379));
#4351=CARTESIAN_POINT('Ctrl Pts',(-22.0349265141089,50.,-25.9118674280041));
#4352=CARTESIAN_POINT('Ctrl Pts',(-22.0349265141089,49.5,-25.9118674280041));
#4353=CARTESIAN_POINT('Ctrl Pts',(-22.2559360665877,50.,-25.9487022044056));
#4354=CARTESIAN_POINT('Ctrl Pts',(-22.2559360665877,49.5,-25.9487022044056));
#4355=CARTESIAN_POINT('Ctrl Pts',(-22.405322144707,50.,-26.0520447375171));
#4356=CARTESIAN_POINT('Ctrl Pts',(-22.405322144707,49.5,-26.0520447375171));
#4357=CARTESIAN_POINT('',(-22.0349265141089,50.,-25.9118674280041));
#4358=CARTESIAN_POINT('Ctrl Pts',(-22.0349265141089,50.,-25.9118674280041));
#4359=CARTESIAN_POINT('Ctrl Pts',(-22.2559360665877,50.,-25.9487022044056));
#4360=CARTESIAN_POINT('Ctrl Pts',(-22.405322144707,50.,-26.0520447375171));
#4361=CARTESIAN_POINT('',(-22.0349265141089,49.5,-25.9118674280041));
#4362=CARTESIAN_POINT('',(-22.0349265141089,50.,-25.9118674280041));
#4363=CARTESIAN_POINT('Ctrl Pts',(-22.0349265141089,49.5,-25.9118674280041));
#4364=CARTESIAN_POINT('Ctrl Pts',(-22.2559360665877,49.5,-25.9487022044056));
#4365=CARTESIAN_POINT('Ctrl Pts',(-22.405322144707,49.5,-26.0520447375171));
#4366=CARTESIAN_POINT('Ctrl Pts',(-21.5785827738841,50.,-25.8832178594463));
#4367=CARTESIAN_POINT('Ctrl Pts',(-21.5785827738841,49.5,-25.8832178594463));
#4368=CARTESIAN_POINT('Ctrl Pts',(-21.8773549301226,50.,-25.8832178594463));
#4369=CARTESIAN_POINT('Ctrl Pts',(-21.8773549301226,49.5,-25.8832178594463));
#4370=CARTESIAN_POINT('Ctrl Pts',(-22.0349265141089,50.,-25.9118674280041));
#4371=CARTESIAN_POINT('Ctrl Pts',(-22.0349265141089,49.5,-25.9118674280041));
#4372=CARTESIAN_POINT('',(-21.5785827738841,50.,-25.8832178594463));
#4373=CARTESIAN_POINT('Ctrl Pts',(-21.5785827738841,50.,-25.8832178594463));
#4374=CARTESIAN_POINT('Ctrl Pts',(-21.8773549301226,50.,-25.8832178594463));
#4375=CARTESIAN_POINT('Ctrl Pts',(-22.0349265141089,50.,-25.9118674280041));
#4376=CARTESIAN_POINT('',(-21.5785827738841,49.5,-25.8832178594463));
#4377=CARTESIAN_POINT('',(-21.5785827738841,50.,-25.8832178594463));
#4378=CARTESIAN_POINT('Ctrl Pts',(-21.5785827738841,49.5,-25.8832178594463));
#4379=CARTESIAN_POINT('Ctrl Pts',(-21.8773549301226,49.5,-25.8832178594463));
#4380=CARTESIAN_POINT('Ctrl Pts',(-22.0349265141089,49.5,-25.9118674280041));
#4381=CARTESIAN_POINT('Origin',(-20.4469319311578,50.,-25.8832178594463));
#4382=CARTESIAN_POINT('',(-20.4469319311578,50.,-25.8832178594463));
#4383=CARTESIAN_POINT('',(-31.7902227917686,50.,-25.8832178594463));
#4384=CARTESIAN_POINT('',(-20.4469319311578,49.5,-25.8832178594463));
#4385=CARTESIAN_POINT('',(-20.4469319311578,50.,-25.8832178594463));
#4386=CARTESIAN_POINT('',(-20.4469319311578,49.5,-25.8832178594463));
#4387=CARTESIAN_POINT('Origin',(-20.4469319311578,49.9999999999999,-28.8832179786556));
#4388=CARTESIAN_POINT('',(-20.4469319311578,49.9999999999999,-28.8832179786556));
#4389=CARTESIAN_POINT('',(-20.4469319311578,50.,-24.9416089893278));
#4390=CARTESIAN_POINT('',(-20.4469319311578,49.5,-28.8832179786556));
#4391=CARTESIAN_POINT('',(-20.4469319311578,49.9999999999999,-28.8832179786556));
#4392=CARTESIAN_POINT('',(-20.4469319311578,49.5,-28.8832179786556));
#4393=CARTESIAN_POINT('Origin',(-20.8439305675824,49.9999999999999,-28.8832179786556));
#4394=CARTESIAN_POINT('',(-31.9887221099809,50.,-28.8832179786556));
#4395=CARTESIAN_POINT('',(-20.8439305675824,49.5,-28.8832179786556));
#4396=CARTESIAN_POINT('Origin',(-25.1474779909153,49.5,-27.383217919051));
#4397=CARTESIAN_POINT('Origin',(-43.1335136523795,50.,-21.));
#4398=CARTESIAN_POINT('Origin',(-43.1335136523795,50.,-21.));
#4399=CARTESIAN_POINT('Origin',(-44.,14.9099026835477,-29.73));
#4400=CARTESIAN_POINT('',(-43.3339659461678,9.45037901942312,-28.23));
#4401=CARTESIAN_POINT('',(-43.515611597213,10.9393400187298,-29.73));
#4402=CARTESIAN_POINT('Origin',(-43.3339659461678,9.45037901942312,-29.73));
#4403=CARTESIAN_POINT('',(-48.,14.9099026835477,-29.73));
#4404=CARTESIAN_POINT('Origin',(-44.,14.9099026835477,-29.73));
#4405=CARTESIAN_POINT('',(-48.,11.1349854659123,-28.23));
#4406=CARTESIAN_POINT('Ctrl Pts',(-48.,11.1349854659123,-28.23));
#4407=CARTESIAN_POINT('Ctrl Pts',(-48.,11.6166366050641,-28.23));
#4408=CARTESIAN_POINT('Ctrl Pts',(-48.,12.1796416880275,-28.3607200716641));
#4409=CARTESIAN_POINT('Ctrl Pts',(-48.,13.3898036986623,-28.807311935981));
#4410=CARTESIAN_POINT('Ctrl Pts',(-48.,14.2205945419145,-29.3078866943632));
#4411=CARTESIAN_POINT('Ctrl Pts',(-48.,14.9099026835477,-29.73));
#4412=CARTESIAN_POINT('Origin',(-44.,14.9099026835477,-28.23));
#4413=CARTESIAN_POINT('Origin',(-43.0312231944259,6.96877735391197,-29.73));
#4414=CARTESIAN_POINT('',(-39.0419193375662,7.26110377701411,-29.73));
#4415=CARTESIAN_POINT('Origin',(-43.0312231944259,6.96877735391197,-29.73));
#4416=CARTESIAN_POINT('',(-40.621019584575,7.63279434093973,-28.23));
#4417=CARTESIAN_POINT('Origin',(-43.0312231944259,6.96877735391197,-28.23));
#4418=CARTESIAN_POINT('Ctrl Pts',(-40.621019584575,7.63279434093973,-28.23));
#4419=CARTESIAN_POINT('Ctrl Pts',(-40.6189312879551,7.63249396650965,-28.23));
#4420=CARTESIAN_POINT('Ctrl Pts',(-40.6168431066882,7.6321927988842,-28.2300037384472));
#4421=CARTESIAN_POINT('Ctrl Pts',(-40.4928620036584,7.61426364258266,-28.2304477622109));
#4422=CARTESIAN_POINT('Ctrl Pts',(-40.3716748950612,7.59396307489883,-28.2436230838819));
#4423=CARTESIAN_POINT('Ctrl Pts',(-40.1354079409271,7.54959824479856,-28.295571984522));
#4424=CARTESIAN_POINT('Ctrl Pts',(-40.0208651815212,7.52565099784259,-28.3341556174621));
#4425=CARTESIAN_POINT('Ctrl Pts',(-39.7320920707928,7.4601857125117,-28.4693369646468));
#4426=CARTESIAN_POINT('Ctrl Pts',(-39.5697821415026,7.4178514831763,-28.5863268549513));
#4427=CARTESIAN_POINT('Ctrl Pts',(-39.3087650085,7.34469556119023,-28.8681029847434));
#4428=CARTESIAN_POINT('Ctrl Pts',(-39.2087911877421,7.31404628371216,-29.0265868944912));
#4429=CARTESIAN_POINT('Ctrl Pts',(-39.0757230135219,7.27228547349294,-29.3692995099594));
#4430=CARTESIAN_POINT('Ctrl Pts',(-39.0419193375662,7.2611037770141,-29.5484182328753));
#4431=CARTESIAN_POINT('Ctrl Pts',(-39.0419193375662,7.2611037770141,-29.73));
#4432=CARTESIAN_POINT('Origin',(-36.3703262342713,4.99999999999996,-29.73));
#4433=CARTESIAN_POINT('',(-40.3703262342713,1.99999999999996,-28.23));
#4434=CARTESIAN_POINT('Origin',(-36.3703262342713,4.99999999999996,-28.23));
#4435=CARTESIAN_POINT('',(-38.8694079734441,1.99999999999996,-28.7053239950377));
#4436=CARTESIAN_POINT('Ctrl Pts',(-38.8694079734441,1.99999999999996,-28.7053239950377));
#4437=CARTESIAN_POINT('Ctrl Pts',(-39.0753309560218,1.99999999999996,-28.5644188463594));
#4438=CARTESIAN_POINT('Ctrl Pts',(-39.3321516186523,1.99999999999996,-28.440023115862));
#4439=CARTESIAN_POINT('Ctrl Pts',(-39.8068102438693,1.99999999999996,-28.283042496953));
#4440=CARTESIAN_POINT('Ctrl Pts',(-40.1121036869573,1.99999999999996,-28.23));
#4441=CARTESIAN_POINT('Ctrl Pts',(-40.3703262342713,1.99999999999996,-28.23));
#4442=CARTESIAN_POINT('',(-39.9766799129714,4.38618847030683,-29.0594641554404));
#4443=CARTESIAN_POINT('Ctrl Pts',(-38.8694079734441,1.99999999999996,-28.7053239950377));
#4444=CARTESIAN_POINT('Ctrl Pts',(-38.9898316033762,1.99999999999996,-28.6229227532357));
#4445=CARTESIAN_POINT('Ctrl Pts',(-39.1205641910698,2.01518603647536,-28.5606569138098));
#4446=CARTESIAN_POINT('Ctrl Pts',(-39.4134025213079,2.09583267103539,-28.4548207045472));
#4447=CARTESIAN_POINT('Ctrl Pts',(-39.5694007826826,2.16832072228544,-28.419165767821));
#4448=CARTESIAN_POINT('Ctrl Pts',(-39.8055387455037,2.33659851067197,-28.3799707102649));
#4449=CARTESIAN_POINT('Ctrl Pts',(-39.8923181143152,2.41564508293424,-28.3700917486681));
#4450=CARTESIAN_POINT('Ctrl Pts',(-40.0289718879368,2.57453206997024,-28.3602017712231));
#4451=CARTESIAN_POINT('Ctrl Pts',(-40.0824687284469,2.65029109119281,-28.3585968428477));
#4452=CARTESIAN_POINT('Ctrl Pts',(-40.1768674239344,2.8154822174559,-28.3606381469295));
#4453=CARTESIAN_POINT('Ctrl Pts',(-40.2166515144,2.90507628296423,-28.3645805909856));
#4454=CARTESIAN_POINT('Ctrl Pts',(-40.2905933778628,3.13030297458769,-28.3822352095208));
#4455=CARTESIAN_POINT('Ctrl Pts',(-40.3144325470792,3.26778706043172,-28.3991853602529));
#4456=CARTESIAN_POINT('Ctrl Pts',(-40.3232727655282,3.55139575231622,-28.4549452111439));
#4457=CARTESIAN_POINT('Ctrl Pts',(-40.3052987648103,3.69425086460348,-28.4945534862251));
#4458=CARTESIAN_POINT('Ctrl Pts',(-40.2347808125111,3.95604182724191,-28.607158667822));
#4459=CARTESIAN_POINT('Ctrl Pts',(-40.1846836211184,4.07065530231222,-28.6772152484907));
#4460=CARTESIAN_POINT('Ctrl Pts',(-40.0774120185289,4.25872660712774,-28.8509810440822));
#4461=CARTESIAN_POINT('Ctrl Pts',(-40.0236486057462,4.33063649846004,-28.948157421825));
#4462=CARTESIAN_POINT('Ctrl Pts',(-39.9766799129714,4.38618847030683,-29.0594641554404));
#4463=CARTESIAN_POINT('',(-39.8418754722689,4.55463959745077,-29.73));
#4464=CARTESIAN_POINT('Ctrl Pts',(-39.9766799129714,4.38618847030683,-29.0594641554404));
#4465=CARTESIAN_POINT('Ctrl Pts',(-39.9684541869958,4.39591740400327,-29.0789575378589));
#4466=CARTESIAN_POINT('Ctrl Pts',(-39.9605954356056,4.40530653085971,-29.0986199607437));
#4467=CARTESIAN_POINT('Ctrl Pts',(-39.9000546531196,4.47825833292297,-29.2587885482373));
#4468=CARTESIAN_POINT('Ctrl Pts',(-39.8634527303759,4.5262768541838,-29.4121223348155));
#4469=CARTESIAN_POINT('Ctrl Pts',(-39.8441865653103,4.55157699049449,-29.6261709626573));
#4470=CARTESIAN_POINT('Ctrl Pts',(-39.8418754722689,4.55463959745076,-29.6781772385239));
#4471=CARTESIAN_POINT('Ctrl Pts',(-39.8418754722689,4.55463959745076,-29.73));
#4472=CARTESIAN_POINT('Origin',(-36.3703262342713,4.99999999999996,-29.73));
#4473=CARTESIAN_POINT('Origin',(-44.,14.9099026835477,-34.23));
#4474=CARTESIAN_POINT('',(-43.515611597213,10.9393400187298,-34.23));
#4475=CARTESIAN_POINT('',(-43.515611597213,10.9393400187298,-34.23));
#4476=CARTESIAN_POINT('',(-48.,14.9099026835477,-34.23));
#4477=CARTESIAN_POINT('Origin',(-44.,14.9099026835477,-34.23));
#4478=CARTESIAN_POINT('',(-48.,14.9099026835477,-34.23));
#4479=CARTESIAN_POINT('Origin',(-43.0312231944259,6.96877735391197,-34.23));
#4480=CARTESIAN_POINT('',(-39.0419193375662,7.26110377701411,-34.23));
#4481=CARTESIAN_POINT('',(-39.0419193375662,7.26110377701411,-34.23));
#4482=CARTESIAN_POINT('Origin',(-43.0312231944259,6.96877735391197,-34.23));
#4483=CARTESIAN_POINT('Origin',(-36.3703262342713,4.99999999999996,-34.23));
#4484=CARTESIAN_POINT('',(-39.8418754722689,4.55463959745077,-34.23));
#4485=CARTESIAN_POINT('',(-39.8418754722689,4.55463959745077,-34.23));
#4486=CARTESIAN_POINT('Origin',(-36.3703262342713,4.99999999999996,-34.23));
#4487=CARTESIAN_POINT('Origin',(-43.0312231944259,6.96877735391197,-34.23));
#4488=CARTESIAN_POINT('',(-39.9766799129714,4.38618847030683,-34.23));
#4489=CARTESIAN_POINT('',(-39.9766799129714,4.38618847030683,-34.23));
#4490=CARTESIAN_POINT('Origin',(-43.0312231944259,6.96877735391197,-34.23));
#4491=CARTESIAN_POINT('Origin',(-38.8694079734441,3.44999999999996,-34.23));
#4492=CARTESIAN_POINT('',(-38.8694079734441,1.99999999999996,-34.23));
#4493=CARTESIAN_POINT('',(-38.8694079734441,1.99999999999996,-34.23));
#4494=CARTESIAN_POINT('Origin',(-38.8694079734441,3.44999999999996,-34.23));
#4495=CARTESIAN_POINT('Origin',(-48.,42.3050865276332,-21.));
#4496=CARTESIAN_POINT('',(-48.,7.69491347236678,-28.23));
#4497=CARTESIAN_POINT('',(-48.,24.6369319407726,-28.23));
#4498=CARTESIAN_POINT('',(-48.,32.3975451697341,-34.23));
#4499=CARTESIAN_POINT('',(-48.,7.69491347236678,-34.23));
#4500=CARTESIAN_POINT('',(-48.,32.3975451697341,-32.68));
#4501=CARTESIAN_POINT('',(-48.,32.3975451697341,-34.23));
#4502=CARTESIAN_POINT('',(-48.,32.5227741052817,-32.68));
#4503=CARTESIAN_POINT('',(-48.,38.1861909304773,-32.68));
#4504=CARTESIAN_POINT('',(-48.,32.5227741052817,-29.98));
#4505=CARTESIAN_POINT('',(-48.,32.5227741052817,-30.23));
#4506=CARTESIAN_POINT('',(-48.,33.845649760814,-29.48));
#4507=CARTESIAN_POINT('Ctrl Pts',(-48.,32.5227741052817,-29.98));
#4508=CARTESIAN_POINT('Ctrl Pts',(-48.,32.9169859839554,-29.75240166573));
#4509=CARTESIAN_POINT('Ctrl Pts',(-48.,33.3904530922739,-29.48));
#4510=CARTESIAN_POINT('Ctrl Pts',(-48.,33.845649760814,-29.48));
#4511=CARTESIAN_POINT('',(-48.,40.8722817460842,-29.48));
#4512=CARTESIAN_POINT('',(-48.,32.7635822331388,-29.48));
#4513=CARTESIAN_POINT('',(-48.,41.4641020108843,-29.98));
#4514=CARTESIAN_POINT('Ctrl Pts',(-48.,40.8722817460842,-29.48));
#4515=CARTESIAN_POINT('Ctrl Pts',(-48.,40.9509767012871,-29.48));
#4516=CARTESIAN_POINT('Ctrl Pts',(-48.,41.0440747030572,-29.4958282111923));
#4517=CARTESIAN_POINT('Ctrl Pts',(-48.,41.1832933446209,-29.548219693087));
#4518=CARTESIAN_POINT('Ctrl Pts',(-48.,41.2556340008494,-29.5910451811531));
#4519=CARTESIAN_POINT('Ctrl Pts',(-48.,41.3539399647642,-29.6809145232204));
#4520=CARTESIAN_POINT('Ctrl Pts',(-48.,41.3991700660231,-29.7416985698424));
#4521=CARTESIAN_POINT('Ctrl Pts',(-48.,41.4490140435594,-29.8527494583012));
#4522=CARTESIAN_POINT('Ctrl Pts',(-48.,41.4641020108843,-29.9214142414113));
#4523=CARTESIAN_POINT('Ctrl Pts',(-48.,41.4641020108843,-29.98));
#4524=CARTESIAN_POINT('',(-48.,41.4641020108843,-31.23));
#4525=CARTESIAN_POINT('',(-48.,41.4641020108843,-30.23));
#4526=CARTESIAN_POINT('',(-48.,42.3050865276332,-31.23));
#4527=CARTESIAN_POINT('',(-48.,42.3050865276332,-31.23));
#4528=CARTESIAN_POINT('',(-48.,42.3050865276332,-21.));
#4529=CARTESIAN_POINT('',(-48.,42.3050865276332,-21.));
#4530=CARTESIAN_POINT('',(-48.,7.69491347236678,-21.));
#4531=CARTESIAN_POINT('',(-48.,7.69491347236678,-21.));
#4532=CARTESIAN_POINT('',(-48.,7.69491347236678,-21.));
#4533=CARTESIAN_POINT('Origin',(-42.3050865276332,1.99999999999996,-21.));
#4534=CARTESIAN_POINT('',(-42.3050865276332,1.99999999999996,-28.23));
#4535=CARTESIAN_POINT('',(-42.6708288968146,1.99999999999996,-28.23));
#4536=CARTESIAN_POINT('',(-42.3050865276332,1.99999999999996,-21.));
#4537=CARTESIAN_POINT('',(-42.3050865276332,1.99999999999996,-21.));
#4538=CARTESIAN_POINT('',(-28.2918689079281,1.99999999999997,-21.));
#4539=CARTESIAN_POINT('',(-28.2918689079281,1.99999999999997,-21.));
#4540=CARTESIAN_POINT('',(-28.2918689079281,1.99999999999997,-34.23));
#4541=CARTESIAN_POINT('',(-28.2918689079281,1.99999999999997,-21.));
#4542=CARTESIAN_POINT('',(-28.2918689079281,1.99999999999997,-34.23));
#4543=CARTESIAN_POINT('',(-40.4014551084206,1.99999999999996,-26.));
#4544=CARTESIAN_POINT('',(-40.4014551084206,1.99999999999996,-22.));
#4545=CARTESIAN_POINT('',(-40.4014551084206,1.99999999999996,-22.));
#4546=CARTESIAN_POINT('',(-32.3391973601179,1.99999999999997,-26.));
#4547=CARTESIAN_POINT('',(-39.3377063809512,1.99999999999996,-26.));
#4548=CARTESIAN_POINT('',(-32.3391973601179,1.99999999999996,-22.));
#4549=CARTESIAN_POINT('',(-32.3391973601179,1.99999999999996,-22.));
#4550=CARTESIAN_POINT('',(-39.3377063809512,1.99999999999996,-22.));
#4551=CARTESIAN_POINT('Origin',(-48.,7.69491347236678,-21.));
#4552=CARTESIAN_POINT('',(-46.5776087868853,6.27252225925208,-28.23));
#4553=CARTESIAN_POINT('',(-42.3050865276332,1.99999999999996,-21.));
#4554=CARTESIAN_POINT('Origin',(-43.0312231944259,6.96877735391197,-34.23));
#4555=CARTESIAN_POINT('',(-44.1312231944259,6.96877735391197,-28.23));
#4556=CARTESIAN_POINT('Origin',(-43.0312231944259,6.96877735391197,-28.23));
#4557=CARTESIAN_POINT('',(-44.1312231944259,6.96877735391197,-34.23));
#4558=CARTESIAN_POINT('',(-44.1312231944259,6.96877735391197,-34.23));
#4559=CARTESIAN_POINT('Origin',(-43.0312231944259,6.96877735391197,-34.23));
#4560=CARTESIAN_POINT('Origin',(-43.036571265996,6.96877735391197,-28.23));
#4561=CARTESIAN_POINT('Origin',(-22.0000000000001,41.4500000000001,-34.23));
#4562=CARTESIAN_POINT('',(-22.0000000000001,41.4500000000001,-34.23));
#4563=CARTESIAN_POINT('',(-28.0000000001408,41.4500000000048,-34.23));
#4564=CARTESIAN_POINT('',(-22.5741671259682,41.4500000000001,-34.23));
#4565=CARTESIAN_POINT('',(-22.0000000000001,41.4500000000001,-32.23));
#4566=CARTESIAN_POINT('',(-22.0000000000001,41.4500000000001,-34.23));
#4567=CARTESIAN_POINT('',(-28.0000000001408,41.4500000000048,-32.23));
#4568=CARTESIAN_POINT('',(-28.0000000000001,41.4500000000001,-32.23));
#4569=CARTESIAN_POINT('',(-28.0000000001408,41.4500000000048,-34.23));
#4570=CARTESIAN_POINT('Origin',(-22.0000000000001,38.2000000000001,-34.23));
#4571=CARTESIAN_POINT('',(-22.0000000000001,34.9500000000001,-34.23));
#4572=CARTESIAN_POINT('Origin',(-22.0000000000001,38.2000000000001,-34.23));
#4573=CARTESIAN_POINT('',(-22.0000000000001,34.9500000000001,-32.23));
#4574=CARTESIAN_POINT('',(-22.0000000000001,34.9500000000001,-34.23));
#4575=CARTESIAN_POINT('Origin',(-22.0000000000001,38.2000000000001,-32.23));
#4576=CARTESIAN_POINT('Origin',(-27.9999945495241,34.95,-34.23));
#4577=CARTESIAN_POINT('',(-27.9999945495241,34.95,-34.23));
#4578=CARTESIAN_POINT('',(-25.5741644007302,34.95,-34.23));
#4579=CARTESIAN_POINT('',(-27.9999945495241,34.95,-32.23));
#4580=CARTESIAN_POINT('',(-27.9999945495241,34.95,-34.23));
#4581=CARTESIAN_POINT('',(-27.9999945495241,34.95,-32.23));
#4582=CARTESIAN_POINT('Origin',(-28.0000000000001,38.2000000000001,-34.23));
#4583=CARTESIAN_POINT('Origin',(-28.0000000000001,38.2000000000001,-34.23));
#4584=CARTESIAN_POINT('Origin',(-28.0000000000001,38.2000000000001,-32.23));
#4585=CARTESIAN_POINT('Origin',(-25.0000000000024,38.2000000000001,-32.23));
#4586=CARTESIAN_POINT('',(-28.0000000000001,40.4500000000001,-32.23));
#4587=CARTESIAN_POINT('',(-22.0000000000001,40.4500000000001,-32.23));
#4588=CARTESIAN_POINT('',(-23.5000000000012,40.4500000000001,-32.23));
#4589=CARTESIAN_POINT('',(-28.0000000000001,35.9500000000001,-32.23));
#4590=CARTESIAN_POINT('Origin',(-28.0000000000001,38.2000000000001,-32.23));
#4591=CARTESIAN_POINT('',(-22.0000000000001,35.9500000000001,-32.23));
#4592=CARTESIAN_POINT('',(-26.5000000000012,35.9500000000001,-32.23));
#4593=CARTESIAN_POINT('Origin',(-22.0000000000001,38.2000000000001,-32.23));
#4594=CARTESIAN_POINT('Origin',(-28.0000000000001,38.2000000000001,-31.23));
#4595=CARTESIAN_POINT('',(-28.0000000000001,40.4500000000001,-31.23));
#4596=CARTESIAN_POINT('',(-28.0000000000001,40.4500000000001,-31.23));
#4597=CARTESIAN_POINT('',(-28.0000000000001,35.9500000000001,-31.23));
#4598=CARTESIAN_POINT('Origin',(-28.0000000000001,38.2000000000001,-31.23));
#4599=CARTESIAN_POINT('',(-28.0000000000001,35.9500000000001,-31.23));
#4600=CARTESIAN_POINT('Origin',(-22.0000000000001,40.4500000000001,-31.23));
#4601=CARTESIAN_POINT('',(-22.0000000000001,40.4500000000001,-31.23));
#4602=CARTESIAN_POINT('',(-22.0000000000001,40.4500000000001,-31.23));
#4603=CARTESIAN_POINT('',(-22.0000000000001,40.4500000000001,-31.23));
#4604=CARTESIAN_POINT('Origin',(-46.0000000596047,38.,-32.68));
#4605=CARTESIAN_POINT('',(-43.8085920172816,34.6536985647679,-32.68));
#4606=CARTESIAN_POINT('',(-43.4908591516798,34.2043821646813,-33.23));
#4607=CARTESIAN_POINT('Ctrl Pts',(-43.8085920172816,34.6536985647679,-32.68));
#4608=CARTESIAN_POINT('Ctrl Pts',(-43.8081183637945,34.6540087484381,-32.7083176299715));
#4609=CARTESIAN_POINT('Ctrl Pts',(-43.8064442620047,34.6524858425816,-32.73663499161));
#4610=CARTESIAN_POINT('Ctrl Pts',(-43.8035816655151,34.6491531553909,-32.7646154940451));
#4611=CARTESIAN_POINT('Ctrl Pts',(-43.8007191985682,34.6458206190163,-32.7925947302618));
#4612=CARTESIAN_POINT('Ctrl Pts',(-43.7966683838651,34.6406785384651,-32.8202366076299));
#4613=CARTESIAN_POINT('Ctrl Pts',(-43.7914694618108,34.6337932148616,-32.847212593971));
#4614=CARTESIAN_POINT('Ctrl Pts',(-43.7861600447412,34.6267615543965,-32.8747619130129));
#4615=CARTESIAN_POINT('Ctrl Pts',(-43.7796531874414,34.6179117605865,-32.9016161259012));
#4616=CARTESIAN_POINT('Ctrl Pts',(-43.7720211988479,34.6073589936707,-32.9274424019489));
#4617=CARTESIAN_POINT('Ctrl Pts',(-43.7645459519483,34.5970229538295,-32.9527382717724));
#4618=CARTESIAN_POINT('Ctrl Pts',(-43.7559915358786,34.5850535208871,-32.977047580938));
#4619=CARTESIAN_POINT('Ctrl Pts',(-43.7464519553006,34.57159811385,-33.0000812449118));
#4620=CARTESIAN_POINT('Ctrl Pts',(-43.736913562425,34.5581443820458,-33.0231120411353));
#4621=CARTESIAN_POINT('Ctrl Pts',(-43.7263904175005,34.5432053113633,-33.0448670736722));
#4622=CARTESIAN_POINT('Ctrl Pts',(-43.7150000505281,34.5269635023262,-33.0650876974464));
#4623=CARTESIAN_POINT('Ctrl Pts',(-43.7036108890376,34.5107234122158,-33.0853061812021));
#4624=CARTESIAN_POINT('Ctrl Pts',(-43.6913548915967,34.4931811769041,-33.1039901983625));
#4625=CARTESIAN_POINT('Ctrl Pts',(-43.6783703312266,34.4745501943551,-33.1209176619299));
#4626=CARTESIAN_POINT('Ctrl Pts',(-43.6649050600465,34.4552294607129,-33.1384718093811));
#4627=CARTESIAN_POINT('Ctrl Pts',(-43.6506564290607,34.4347381109501,-33.1541362882471));
#4628=CARTESIAN_POINT('Ctrl Pts',(-43.6357984889651,34.4133433180322,-33.1677109152651));
#4629=CARTESIAN_POINT('Ctrl Pts',(-43.6214693621541,34.3927099934363,-33.180802403769));
#4630=CARTESIAN_POINT('Ctrl Pts',(-43.6065738861262,34.3712369369126,-33.1919501802492));
#4631=CARTESIAN_POINT('Ctrl Pts',(-43.591282160126,34.3491840661683,-33.2010217072184));
#4632=CARTESIAN_POINT('Ctrl Pts',(-43.575993415847,34.3271354954953,-33.210091465338));
#4633=CARTESIAN_POINT('Ctrl Pts',(-43.5603088544203,34.3045077627779,-33.2170856132753));
#4634=CARTESIAN_POINT('Ctrl Pts',(-43.5444081160289,34.2815742609774,-33.2219210289283));
#4635=CARTESIAN_POINT('Ctrl Pts',(-43.5285070952502,34.258640351892,-33.2267565304554));
#4636=CARTESIAN_POINT('Ctrl Pts',(-43.5123901800822,34.2354011046726,-33.2294331312545));
#4637=CARTESIAN_POINT('Ctrl Pts',(-43.4962423920267,34.2121370379111,-33.2299190200799));
#4638=CARTESIAN_POINT('Ctrl Pts',(-43.4944482717423,34.2095522545383,-33.2299730053685));
#4639=CARTESIAN_POINT('Ctrl Pts',(-43.4926537731569,34.2069671679813,-33.23));
#4640=CARTESIAN_POINT('Ctrl Pts',(-43.4908591516798,34.2043821646813,-33.23));
#4641=CARTESIAN_POINT('',(-43.3042112573152,34.3345906666428,-33.23));
#4642=CARTESIAN_POINT('Origin',(-46.0000000596047,38.,-33.23));
#4643=CARTESIAN_POINT('',(-43.4911702150306,34.8845906666428,-32.68));
#4644=CARTESIAN_POINT('Ctrl Pts',(-43.3042112573152,34.3345906666428,-33.23));
#4645=CARTESIAN_POINT('Ctrl Pts',(-43.3045784244038,34.335709607429,-33.23));
#4646=CARTESIAN_POINT('Ctrl Pts',(-43.304945658688,34.336828524389,-33.2299965853768));
#4647=CARTESIAN_POINT('Ctrl Pts',(-43.329995634013,34.4131370636715,-33.2295308538605));
#4648=CARTESIAN_POINT('Ctrl Pts',(-43.3548069164582,34.4876415177764,-33.2136569355253));
#4649=CARTESIAN_POINT('Ctrl Pts',(-43.400935969627,34.6243646514356,-33.1532736136189));
#4650=CARTESIAN_POINT('Ctrl Pts',(-43.4219874703053,34.6858500481939,-33.1098485050261));
#4651=CARTESIAN_POINT('Ctrl Pts',(-43.456405468548,34.7854675263025,-33.0028765940227));
#4652=CARTESIAN_POINT('Ctrl Pts',(-43.4698084483078,34.8237928527041,-32.9415562345397));
#4653=CARTESIAN_POINT('Ctrl Pts',(-43.4869176755873,34.8725572983151,-32.8120984176968));
#4654=CARTESIAN_POINT('Ctrl Pts',(-43.4911702150306,34.8845906666428,-32.7464415191056));
#4655=CARTESIAN_POINT('Ctrl Pts',(-43.4911702150306,34.8845906666428,-32.6799999999999));
#4656=CARTESIAN_POINT('Origin',(-46.0000000596047,38.,-32.68));
#4657=CARTESIAN_POINT('Origin',(-43.631180373154,34.3345906666428,-32.68));
#4658=CARTESIAN_POINT('',(-42.96473255592,34.3345906666428,-33.23));
#4659=CARTESIAN_POINT('',(-43.631180373154,34.3345906666428,-33.23));
#4660=CARTESIAN_POINT('',(-41.2186322060848,34.665366674551,-33.1194169234251));
#4661=CARTESIAN_POINT('Ctrl Pts',(-42.96473255592,34.3345906666428,-33.23));
#4662=CARTESIAN_POINT('Ctrl Pts',(-42.9474088969284,34.3460368080061,-33.23));
#4663=CARTESIAN_POINT('Ctrl Pts',(-42.9298959340771,34.3572709795677,-33.2296429428853));
#4664=CARTESIAN_POINT('Ctrl Pts',(-42.7932692641226,34.4423100462708,-33.2244234704718));
#4665=CARTESIAN_POINT('Ctrl Pts',(-42.666084737867,34.5062896969018,-33.2055832571824));
#4666=CARTESIAN_POINT('Ctrl Pts',(-42.2676798443303,34.6618290946367,-33.1363966524957));
#4667=CARTESIAN_POINT('Ctrl Pts',(-41.9791132857155,34.7156271928632,-33.0766247164334));
#4668=CARTESIAN_POINT('Ctrl Pts',(-41.5377544893344,34.7156271928632,-33.0766247164334));
#4669=CARTESIAN_POINT('Ctrl Pts',(-41.3763840725354,34.6988978688807,-33.0941759415477));
#4670=CARTESIAN_POINT('Ctrl Pts',(-41.2186322060849,34.665366674551,-33.119416923425));
#4671=CARTESIAN_POINT('',(-42.25,34.8845906666428,-32.68));
#4672=CARTESIAN_POINT('Origin',(-39.6624534397872,34.3345906666428,-32.68));
#4673=CARTESIAN_POINT('',(-43.631180373154,34.8845906666428,-32.68));
#4674=CARTESIAN_POINT('Origin',(-46.5,32.5227741052817,-32.68));
#4675=CARTESIAN_POINT('',(-47.2522069509485,33.8205355251678,-32.68));
#4676=CARTESIAN_POINT('',(-46.9763977356008,33.3446896712096,-33.23));
#4677=CARTESIAN_POINT('Origin',(-46.9763977356008,33.3446896712096,-32.68));
#4678=CARTESIAN_POINT('',(-46.4136363788454,33.4688403423608,-33.23));
#4679=CARTESIAN_POINT('Origin',(-46.5,32.5227741052817,-33.23));
#4680=CARTESIAN_POINT('',(-46.3636363876507,34.0165629006698,-32.68));
#4681=CARTESIAN_POINT('Origin',(-46.4136363788454,33.4688403423608,-32.68));
#4682=CARTESIAN_POINT('Origin',(-46.5,32.5227741052817,-32.68));
#4683=CARTESIAN_POINT('Origin',(-46.0000000596047,38.,-32.68));
#4684=CARTESIAN_POINT('',(-44.3445287781101,33.7618497332258,-33.23));
#4685=CARTESIAN_POINT('',(-44.5446406774952,34.2741535763936,-32.68));
#4686=CARTESIAN_POINT('Origin',(-44.3445287781101,33.7618497332258,-32.68));
#4687=CARTESIAN_POINT('Origin',(-46.0000000596047,38.,-32.68));
#4688=CARTESIAN_POINT('Origin',(-46.0000000596047,38.,-33.23));
#4689=CARTESIAN_POINT('Origin',(-46.5,32.5227741052817,-32.68));
#4690=CARTESIAN_POINT('',(-47.991709994479,32.5227741052817,-32.7751329694774));
#4691=CARTESIAN_POINT('Ctrl Pts',(-47.991709994479,32.5227741052817,-32.7751329694774));
#4692=CARTESIAN_POINT('Ctrl Pts',(-47.986539523527,32.5616555678637,-32.8045748738587));
#4693=CARTESIAN_POINT('Ctrl Pts',(-47.9769276653657,32.6155222851173,-32.8365897685774));
#4694=CARTESIAN_POINT('Ctrl Pts',(-47.9245400593762,32.7853889086649,-32.929186413988));
#4695=CARTESIAN_POINT('Ctrl Pts',(-47.8660254211895,32.9051018450968,-32.9873604922078));
#4696=CARTESIAN_POINT('Ctrl Pts',(-47.6912847819115,33.1092893176358,-33.089255978473));
#4697=CARTESIAN_POINT('Ctrl Pts',(-47.5917367147789,33.1883042651969,-33.1296058814541));
#4698=CARTESIAN_POINT('Ctrl Pts',(-47.375310976517,33.2974639287188,-33.1899260841467));
#4699=CARTESIAN_POINT('Ctrl Pts',(-47.2630746054988,33.3307057082929,-33.2109701082081));
#4700=CARTESIAN_POINT('Ctrl Pts',(-47.0899583108214,33.3484155110197,-33.2271890862823));
#4701=CARTESIAN_POINT('Ctrl Pts',(-47.0329426250922,33.3490837545836,-33.23));
#4702=CARTESIAN_POINT('Ctrl Pts',(-46.9763977356008,33.3446896712096,-33.23));
#4703=CARTESIAN_POINT('Origin',(-46.5,32.5227741052817,-32.68));
#4704=CARTESIAN_POINT('Origin',(-47.45,32.5227741052817,-32.68));
#4705=CARTESIAN_POINT('Origin',(-47.45,38.1861909304773,-32.68));
#4706=CARTESIAN_POINT('Ctrl Pts',(-48.,32.3975451697341,-32.68));
#4707=CARTESIAN_POINT('Ctrl Pts',(-48.,32.4380385999035,-32.7108108804737));
#4708=CARTESIAN_POINT('Ctrl Pts',(-47.9973851430701,32.4800975136057,-32.7428173093143));
#4709=CARTESIAN_POINT('Ctrl Pts',(-47.991709994479,32.5227741052816,-32.7751329694774));
#4710=CARTESIAN_POINT('Ctrl Pts',(-44.5446406774952,34.2741535763936,-32.68));
#4711=CARTESIAN_POINT('Ctrl Pts',(-44.5346829268786,34.2780431907622,-32.68));
#4712=CARTESIAN_POINT('Ctrl Pts',(-44.5163222389616,34.2847514620765,-32.68));
#4713=CARTESIAN_POINT('Ctrl Pts',(-44.4833757738217,34.2955647484485,-32.68));
#4714=CARTESIAN_POINT('Ctrl Pts',(-44.4326149929228,34.3097446960783,-32.68));
#4715=CARTESIAN_POINT('Ctrl Pts',(-44.3476510660269,34.3274412990748,-32.68));
#4716=CARTESIAN_POINT('Ctrl Pts',(-44.2214526305385,34.3416785790066,-32.68));
#4717=CARTESIAN_POINT('Ctrl Pts',(-44.1363600997514,34.3500450369754,-32.68));
#4718=CARTESIAN_POINT('Ctrl Pts',(-44.0886903763368,34.3626226089468,-32.68));
#4719=CARTESIAN_POINT('Ctrl Pts',(-44.0577476847295,34.3761004657028,-32.68));
#4720=CARTESIAN_POINT('Ctrl Pts',(-44.0376033172529,34.3905688132401,-32.68));
#4721=CARTESIAN_POINT('Ctrl Pts',(-44.0210742458021,34.4063087200746,-32.68));
#4722=CARTESIAN_POINT('Ctrl Pts',(-44.0072527145336,34.4224250639597,-32.68));
#4723=CARTESIAN_POINT('Ctrl Pts',(-43.992599879392,34.4425435930657,-32.68));
#4724=CARTESIAN_POINT('Ctrl Pts',(-43.9761298406663,34.4676904056467,-32.68));
#4725=CARTESIAN_POINT('Ctrl Pts',(-43.9630986108543,34.4877959217289,-32.68));
#4726=CARTESIAN_POINT('Ctrl Pts',(-43.953630733024,34.5020741169508,-32.68));
#4727=CARTESIAN_POINT('Ctrl Pts',(-43.9464872139297,34.5125701514773,-32.68));
#4728=CARTESIAN_POINT('Ctrl Pts',(-43.9419919970719,34.5190258583297,-32.68));
#4729=CARTESIAN_POINT('Ctrl Pts',(-43.9393076178543,34.5228063678847,-32.68));
#4730=CARTESIAN_POINT('Ctrl Pts',(-44.5446406774952,34.2741535763936,-32.8239896632895));
#4731=CARTESIAN_POINT('Ctrl Pts',(-44.534667864007,34.2780490744968,-32.8239896632895));
#4732=CARTESIAN_POINT('Ctrl Pts',(-44.5162797701045,34.284767616823,-32.8239896632895));
#4733=CARTESIAN_POINT('Ctrl Pts',(-44.483287432165,34.2955961857068,-32.8239896632895));
#4734=CARTESIAN_POINT('Ctrl Pts',(-44.4324602708377,34.3097956560578,-32.8239896632895));
#4735=CARTESIAN_POINT('Ctrl Pts',(-44.347397591177,34.3275163502411,-32.8239896632895));
#4736=CARTESIAN_POINT('Ctrl Pts',(-44.2210455205679,34.3418125348773,-32.8239896632895));
#4737=CARTESIAN_POINT('Ctrl Pts',(-44.1359902364076,34.3502028298607,-32.8239896632895));
#4738=CARTESIAN_POINT('Ctrl Pts',(-44.0884482700506,34.3627933328167,-32.8239896632895));
#4739=CARTESIAN_POINT('Ctrl Pts',(-44.0576025881332,34.376268947137,-32.8239896632895));
#4740=CARTESIAN_POINT('Ctrl Pts',(-44.0375467941281,34.3906801989911,-32.8239896632895));
#4741=CARTESIAN_POINT('Ctrl Pts',(-44.0210547358887,34.4063696585443,-32.8239896632896));
#4742=CARTESIAN_POINT('Ctrl Pts',(-44.0072905997635,34.422413580856,-32.8239896632896));
#4743=CARTESIAN_POINT('Ctrl Pts',(-43.9926277488598,34.4425124889695,-32.8239896632895));
#4744=CARTESIAN_POINT('Ctrl Pts',(-43.9761620356483,34.4676453234181,-32.8239896632895));
#4745=CARTESIAN_POINT('Ctrl Pts',(-43.9631246126189,34.4877582561123,-32.8239896632895));
#4746=CARTESIAN_POINT('Ctrl Pts',(-43.9536486999192,34.5020483713393,-32.8239896632895));
#4747=CARTESIAN_POINT('Ctrl Pts',(-43.9464970400759,34.5125562355272,-32.8239896632895));
#4748=CARTESIAN_POINT('Ctrl Pts',(-43.9419958199209,34.5190204744714,-32.8239896632895));
#4749=CARTESIAN_POINT('Ctrl Pts',(-43.9393076178543,34.5228063678847,-32.8239896632895));
#4750=CARTESIAN_POINT('Ctrl Pts',(-44.5012234992706,34.1630018291347,-33.1106695249163));
#4751=CARTESIAN_POINT('Ctrl Pts',(-44.4928250960689,34.1662823440847,-33.1106695249163));
#4752=CARTESIAN_POINT('Ctrl Pts',(-44.4772362828094,34.1719795265464,-33.1106695249163));
#4753=CARTESIAN_POINT('Ctrl Pts',(-44.44898421198,34.1812544457758,-33.1106695249163));
#4754=CARTESIAN_POINT('Ctrl Pts',(-44.4048799162432,34.1935849257886,-33.1106695249163));
#4755=CARTESIAN_POINT('Ctrl Pts',(-44.329453569338,34.2093357481547,-33.1106695249163));
#4756=CARTESIAN_POINT('Ctrl Pts',(-44.2125828710393,34.2226790877026,-33.1106695249163));
#4757=CARTESIAN_POINT('Ctrl Pts',(-44.1199668221151,34.2314738289112,-33.1106695249163));
#4758=CARTESIAN_POINT('Ctrl Pts',(-44.0519779040232,34.2482146638964,-33.1106695249163));
#4759=CARTESIAN_POINT('Ctrl Pts',(-43.9988797008509,34.2713173226955,-33.1106695249163));
#4760=CARTESIAN_POINT('Ctrl Pts',(-43.9617088621435,34.2978155166061,-33.1106695249163));
#4761=CARTESIAN_POINT('Ctrl Pts',(-43.9337600582214,34.3246889464566,-33.1106695249163));
#4762=CARTESIAN_POINT('Ctrl Pts',(-43.912778687995,34.3492573194289,-33.1106695249163));
#4763=CARTESIAN_POINT('Ctrl Pts',(-43.8937515353169,34.3756344342277,-33.1106695249163));
#4764=CARTESIAN_POINT('Ctrl Pts',(-43.875866938086,34.402983919682,-33.1106695249163));
#4765=CARTESIAN_POINT('Ctrl Pts',(-43.8631796540078,34.4225536669103,-33.1106695249163));
#4766=CARTESIAN_POINT('Ctrl Pts',(-43.854510054219,34.4356240030975,-33.1106695249163));
#4767=CARTESIAN_POINT('Ctrl Pts',(-43.8481881012424,34.4449119257091,-33.1106695249163));
#4768=CARTESIAN_POINT('Ctrl Pts',(-43.8442988485478,34.4504964611761,-33.1106695249163));
#4769=CARTESIAN_POINT('Ctrl Pts',(-43.8420102205467,34.4537196198003,-33.1106695249163));
#4770=CARTESIAN_POINT('Ctrl Pts',(-44.3969179508604,33.8959705657343,-33.23));
#4771=CARTESIAN_POINT('Ctrl Pts',(-44.3922430513685,33.8977966363938,-33.23));
#4772=CARTESIAN_POINT('Ctrl Pts',(-44.3832721383254,33.9010802389886,-33.23));
#4773=CARTESIAN_POINT('Ctrl Pts',(-44.3662288328486,33.9066823882352,-33.23));
#4774=CARTESIAN_POINT('Ctrl Pts',(-44.338016161156,33.9145990931689,-33.23));
#4775=CARTESIAN_POINT('Ctrl Pts',(-44.2853542526242,33.9257116355276,-33.23));
#4776=CARTESIAN_POINT('Ctrl Pts',(-44.1906612416405,33.9369960499273,-33.23));
#4777=CARTESIAN_POINT('Ctrl Pts',(-44.0800267459932,33.9468555860513,-33.23));
#4778=CARTESIAN_POINT('Ctrl Pts',(-43.9634152740461,33.9736177228568,-33.23));
#4779=CARTESIAN_POINT('Ctrl Pts',(-43.8572366548147,34.0198396566266,-33.23));
#4780=CARTESIAN_POINT('Ctrl Pts',(-43.7792947201228,34.0751524303106,-33.23));
#4781=CARTESIAN_POINT('Ctrl Pts',(-43.7239668420409,34.1286971192518,-33.23));
#4782=CARTESIAN_POINT('Ctrl Pts',(-43.6858710620842,34.1734616411283,-33.23));
#4783=CARTESIAN_POINT('Ctrl Pts',(-43.6563199584208,34.2148448604563,-33.23));
#4784=CARTESIAN_POINT('Ctrl Pts',(-43.6350435339085,34.2474650095216,-33.23));
#4785=CARTESIAN_POINT('Ctrl Pts',(-43.62317322226,34.2657587897218,-33.23));
#4786=CARTESIAN_POINT('Ctrl Pts',(-43.6164093115216,34.2759453073368,-33.23));
#4787=CARTESIAN_POINT('Ctrl Pts',(-43.6120488355345,34.2823486678459,-33.23));
#4788=CARTESIAN_POINT('Ctrl Pts',(-43.6096063149854,34.2858531436498,-33.23));
#4789=CARTESIAN_POINT('Ctrl Pts',(-43.6082626855837,34.2877454261404,-33.23));
#4790=CARTESIAN_POINT('Ctrl Pts',(-44.3445287781101,33.7618497332258,-33.23));
#4791=CARTESIAN_POINT('Ctrl Pts',(-44.3417320998841,33.7629421485946,-33.23));
#4792=CARTESIAN_POINT('Ctrl Pts',(-44.3360997466987,33.765008015339,-33.23));
#4793=CARTESIAN_POINT('Ctrl Pts',(-44.3247106835892,33.7687573080699,-33.23));
#4794=CARTESIAN_POINT('Ctrl Pts',(-44.3045152300622,33.7744467139461,-33.23));
#4795=CARTESIAN_POINT('Ctrl Pts',(-44.2633397820516,33.7832167603851,-33.23));
#4796=CARTESIAN_POINT('Ctrl Pts',(-44.1798677855929,33.7934356420772,-33.23));
#4797=CARTESIAN_POINT('Ctrl Pts',(-44.0601633722604,33.8038172807229,-33.23));
#4798=CARTESIAN_POINT('Ctrl Pts',(-43.9190623140914,33.8356058868838,-33.23));
#4799=CARTESIAN_POINT('Ctrl Pts',(-43.786171466516,33.89344105127,-33.23));
#4800=CARTESIAN_POINT('Ctrl Pts',(-43.687704359002,33.9632568596645,-33.23));
#4801=CARTESIAN_POINT('Ctrl Pts',(-43.6186051589905,34.0302245208913,-33.23));
#4802=CARTESIAN_POINT('Ctrl Pts',(-43.57188278701,34.0851714998636,-33.23));
#4803=CARTESIAN_POINT('Ctrl Pts',(-43.5370511960143,34.1341022418666,-33.23));
#4804=CARTESIAN_POINT('Ctrl Pts',(-43.5140688645544,34.1693771203328,-33.23));
#4805=CARTESIAN_POINT('Ctrl Pts',(-43.5026121924913,34.1870260711545,-33.23));
#4806=CARTESIAN_POINT('Ctrl Pts',(-43.4968097289578,34.1957577886902,-33.23));
#4807=CARTESIAN_POINT('Ctrl Pts',(-43.4934387770306,34.2007060238344,-33.23));
#4808=CARTESIAN_POINT('Ctrl Pts',(-43.4917261019631,34.2031612068492,-33.23));
#4809=CARTESIAN_POINT('Ctrl Pts',(-43.4908591516798,34.2043821646813,-33.23));
#4810=CARTESIAN_POINT('',(-43.9393076178543,34.5228063678847,-32.68));
#4811=CARTESIAN_POINT('Origin',(-43.4908591516798,34.2043821646813,-32.68));
#4812=CARTESIAN_POINT('Ctrl Pts',(-43.9393076178543,34.5228063678847,-32.68));
#4813=CARTESIAN_POINT('Ctrl Pts',(-43.9419919970719,34.5190258583297,-32.68));
#4814=CARTESIAN_POINT('Ctrl Pts',(-43.9464872139297,34.5125701514773,-32.68));
#4815=CARTESIAN_POINT('Ctrl Pts',(-43.953630733024,34.5020741169508,-32.68));
#4816=CARTESIAN_POINT('Ctrl Pts',(-43.9630986108543,34.4877959217289,-32.68));
#4817=CARTESIAN_POINT('Ctrl Pts',(-43.9761298406663,34.4676904056467,-32.68));
#4818=CARTESIAN_POINT('Ctrl Pts',(-43.992599879392,34.4425435930657,-32.68));
#4819=CARTESIAN_POINT('Ctrl Pts',(-44.0072527145336,34.4224250639597,-32.68));
#4820=CARTESIAN_POINT('Ctrl Pts',(-44.0210742458021,34.4063087200746,-32.68));
#4821=CARTESIAN_POINT('Ctrl Pts',(-44.0376033172529,34.3905688132401,-32.68));
#4822=CARTESIAN_POINT('Ctrl Pts',(-44.0577476847295,34.3761004657028,-32.68));
#4823=CARTESIAN_POINT('Ctrl Pts',(-44.0886903763368,34.3626226089468,-32.68));
#4824=CARTESIAN_POINT('Ctrl Pts',(-44.1363600997514,34.3500450369754,-32.68));
#4825=CARTESIAN_POINT('Ctrl Pts',(-44.2214526305385,34.3416785790066,-32.68));
#4826=CARTESIAN_POINT('Ctrl Pts',(-44.3476510660269,34.3274412990748,-32.68));
#4827=CARTESIAN_POINT('Ctrl Pts',(-44.4326149929228,34.3097446960783,-32.68));
#4828=CARTESIAN_POINT('Ctrl Pts',(-44.4833757738217,34.2955647484485,-32.68));
#4829=CARTESIAN_POINT('Ctrl Pts',(-44.5163222389616,34.2847514620765,-32.68));
#4830=CARTESIAN_POINT('Ctrl Pts',(-44.5346829268786,34.2780431907622,-32.68));
#4831=CARTESIAN_POINT('Ctrl Pts',(-44.5446406774952,34.2741535763936,-32.68));
#4832=CARTESIAN_POINT('Ctrl Pts',(-44.3445287781101,33.7618497332258,-33.23));
#4833=CARTESIAN_POINT('Ctrl Pts',(-44.3417320998841,33.7629421485946,-33.23));
#4834=CARTESIAN_POINT('Ctrl Pts',(-44.3360997466987,33.765008015339,-33.23));
#4835=CARTESIAN_POINT('Ctrl Pts',(-44.3247106835892,33.7687573080699,-33.23));
#4836=CARTESIAN_POINT('Ctrl Pts',(-44.3045152300622,33.7744467139461,-33.23));
#4837=CARTESIAN_POINT('Ctrl Pts',(-44.2633397820516,33.7832167603851,-33.23));
#4838=CARTESIAN_POINT('Ctrl Pts',(-44.1798677855929,33.7934356420772,-33.23));
#4839=CARTESIAN_POINT('Ctrl Pts',(-44.0601633722604,33.8038172807229,-33.23));
#4840=CARTESIAN_POINT('Ctrl Pts',(-43.9190623140914,33.8356058868838,-33.23));
#4841=CARTESIAN_POINT('Ctrl Pts',(-43.786171466516,33.89344105127,-33.23));
#4842=CARTESIAN_POINT('Ctrl Pts',(-43.687704359002,33.9632568596645,-33.23));
#4843=CARTESIAN_POINT('Ctrl Pts',(-43.6186051589905,34.0302245208913,-33.23));
#4844=CARTESIAN_POINT('Ctrl Pts',(-43.57188278701,34.0851714998636,-33.23));
#4845=CARTESIAN_POINT('Ctrl Pts',(-43.5370511960143,34.1341022418666,-33.23));
#4846=CARTESIAN_POINT('Ctrl Pts',(-43.5140688645544,34.1693771203328,-33.23));
#4847=CARTESIAN_POINT('Ctrl Pts',(-43.5026121924913,34.1870260711545,-33.23));
#4848=CARTESIAN_POINT('Ctrl Pts',(-43.4968097289578,34.1957577886902,-33.23));
#4849=CARTESIAN_POINT('Ctrl Pts',(-43.4934387770306,34.2007060238344,-33.23));
#4850=CARTESIAN_POINT('Ctrl Pts',(-43.4917261019631,34.2031612068492,-33.23));
#4851=CARTESIAN_POINT('Ctrl Pts',(-43.4908591516798,34.2043821646813,-33.23));
#4852=CARTESIAN_POINT('Ctrl Pts',(-43.9393076178538,34.5228063678853,-32.68));
#4853=CARTESIAN_POINT('Ctrl Pts',(-43.9073704987989,34.5677845821985,-32.68));
#4854=CARTESIAN_POINT('Ctrl Pts',(-43.8632991289766,34.6178722631447,-32.68));
#4855=CARTESIAN_POINT('Ctrl Pts',(-43.8085920172816,34.6536985647679,-32.68));
#4856=CARTESIAN_POINT('Ctrl Pts',(-43.9393076178538,34.5228063678853,-32.844559615188));
#4857=CARTESIAN_POINT('Ctrl Pts',(-43.9064686249101,34.5697134498363,-32.8441570268509));
#4858=CARTESIAN_POINT('Ctrl Pts',(-43.8608521421271,34.6198934444317,-32.8440346677478));
#4859=CARTESIAN_POINT('Ctrl Pts',(-43.8058395187272,34.6555011063456,-32.844559615188));
#4860=CARTESIAN_POINT('Ctrl Pts',(-43.8266267380049,34.4427964624248,-33.1293681585719));
#4861=CARTESIAN_POINT('Ctrl Pts',(-43.8003955576208,34.4777168086723,-33.131638236833));
#4862=CARTESIAN_POINT('Ctrl Pts',(-43.7634806818569,34.5165646222826,-33.1317671268913));
#4863=CARTESIAN_POINT('Ctrl Pts',(-43.7252782208738,34.5430723053401,-33.1293681585719));
#4864=CARTESIAN_POINT('Ctrl Pts',(-43.5914907521689,34.2758363887891,-33.23));
#4865=CARTESIAN_POINT('Ctrl Pts',(-43.581216807186,34.2855092081876,-33.2303188374198));
#4866=CARTESIAN_POINT('Ctrl Pts',(-43.5710127700558,34.2955646874915,-33.2304037486307));
#4867=CARTESIAN_POINT('Ctrl Pts',(-43.5612616869437,34.3057911739383,-33.23));
#4868=CARTESIAN_POINT('Ctrl Pts',(-43.4908591516798,34.2043821646813,-33.23));
#4869=CARTESIAN_POINT('Ctrl Pts',(-43.4908591516798,34.2043821646813,-33.23));
#4870=CARTESIAN_POINT('Ctrl Pts',(-43.4908591516798,34.2043821646813,-33.23));
#4871=CARTESIAN_POINT('Ctrl Pts',(-43.4908591516798,34.2043821646813,-33.23));
#4872=CARTESIAN_POINT('Ctrl Pts',(-43.8085920172816,34.6536985647679,-32.68));
#4873=CARTESIAN_POINT('Ctrl Pts',(-43.8632991289766,34.6178722631447,-32.68));
#4874=CARTESIAN_POINT('Ctrl Pts',(-43.9073704987989,34.5677845821985,-32.68));
#4875=CARTESIAN_POINT('Ctrl Pts',(-43.9393076178538,34.5228063678853,-32.68));
#4876=CARTESIAN_POINT('Origin',(-45.012360746308,34.0672953333214,-33.23));
#4877=CARTESIAN_POINT('',(-46.8750000099342,33.331287641445,-33.23));
#4878=CARTESIAN_POINT('Origin',(-47.05,32.3975451697341,-33.23));
#4879=CARTESIAN_POINT('',(-43.1007004735004,34.2374793143405,-33.23));
#4880=CARTESIAN_POINT('Origin',(-46.0000000596047,38.,-33.23));
#4881=CARTESIAN_POINT('Origin',(-41.6968290949657,32.4156271928632,-33.23));
#4882=CARTESIAN_POINT('Origin',(-46.5,32.5227741052817,-30.23));
#4883=CARTESIAN_POINT('',(-46.3636363876507,34.0165629006698,-29.98));
#4884=CARTESIAN_POINT('',(-46.3636363876507,34.0165629006698,-30.23));
#4885=CARTESIAN_POINT('Origin',(-46.5,32.5227741052817,-29.98));
#4886=CARTESIAN_POINT('Origin',(-47.05,32.3975451697341,-34.23));
#4887=CARTESIAN_POINT('',(-46.8750000099342,33.331287641445,-34.23));
#4888=CARTESIAN_POINT('Origin',(-47.05,32.3975451697341,-34.23));
#4889=CARTESIAN_POINT('',(-46.8750000099342,33.331287641445,-34.23));
#4890=CARTESIAN_POINT('Origin',(-41.6968290949657,32.4156271928632,-34.23));
#4891=CARTESIAN_POINT('',(-43.1007004735004,34.2374793143405,-34.23));
#4892=CARTESIAN_POINT('',(-43.1007004735004,34.2374793143405,-34.23));
#4893=CARTESIAN_POINT('',(-41.2186322060848,34.665366674551,-34.23));
#4894=CARTESIAN_POINT('Origin',(-41.6968290949657,32.4156271928632,-34.23));
#4895=CARTESIAN_POINT('',(-41.2186322060848,34.665366674551,-34.23));
#4896=CARTESIAN_POINT('Origin',(-35.5007815549368,33.4500000000001,-31.23));
#4897=CARTESIAN_POINT('',(-35.5007815549368,33.4500000000001,-34.23));
#4898=CARTESIAN_POINT('',(-42.25,34.8845906666428,-34.23));
#4899=CARTESIAN_POINT('',(-35.5007815549368,33.4500000000001,-31.23));
#4900=CARTESIAN_POINT('',(-35.5007815549368,33.4500000000001,-31.23));
#4901=CARTESIAN_POINT('',(-42.25,34.8845906666428,-31.23));
#4902=CARTESIAN_POINT('',(-42.25,34.8845906666428,-31.23));
#4903=CARTESIAN_POINT('',(-42.25,34.8845906666428,-31.23));
#4904=CARTESIAN_POINT('Origin',(-42.25,34.8845906666428,-31.23));
#4905=CARTESIAN_POINT('',(-43.4911702150306,34.8845906666428,-31.23));
#4906=CARTESIAN_POINT('',(-48.,34.8845906666428,-31.23));
#4907=CARTESIAN_POINT('',(-43.4911702150306,34.8845906666428,-31.23));
#4908=CARTESIAN_POINT('Origin',(-46.0000000596047,38.,-34.23));
#4909=CARTESIAN_POINT('Origin',(-46.0000000596047,38.,-34.23));
#4910=CARTESIAN_POINT('Origin',(-46.0000000596047,38.,-30.23));
#4911=CARTESIAN_POINT('',(-44.5446406774952,34.2741535763936,-29.98));
#4912=CARTESIAN_POINT('',(-44.5446406774952,34.2741535763936,-30.23));
#4913=CARTESIAN_POINT('Origin',(-46.0000000596047,38.,-29.98));
#4914=CARTESIAN_POINT('Ctrl Pts',(-43.8085920172816,34.6536985647679,-29.48));
#4915=CARTESIAN_POINT('Ctrl Pts',(-43.8085920172816,34.6536985647679,-34.2301618474451));
#4916=CARTESIAN_POINT('Ctrl Pts',(-43.827202654227,34.641510930072,-29.48));
#4917=CARTESIAN_POINT('Ctrl Pts',(-43.827202654227,34.641510930072,-34.2301618474451));
#4918=CARTESIAN_POINT('Ctrl Pts',(-43.8447169180049,34.627772361582,-29.48));
#4919=CARTESIAN_POINT('Ctrl Pts',(-43.8447169180049,34.627772361582,-34.2301618474451));
#4920=CARTESIAN_POINT('Ctrl Pts',(-43.924426452955,34.555120823902,-29.48));
#4921=CARTESIAN_POINT('Ctrl Pts',(-43.924426452955,34.555120823902,-34.2301618474451));
#4922=CARTESIAN_POINT('Ctrl Pts',(-43.9608567291607,34.4890495248777,-29.48));
#4923=CARTESIAN_POINT('Ctrl Pts',(-43.9608567291607,34.4890495248777,-34.2301618474451));
#4924=CARTESIAN_POINT('Ctrl Pts',(-44.0041358237465,34.4262446093802,-29.48));
#4925=CARTESIAN_POINT('Ctrl Pts',(-44.0041358237465,34.4262446093802,-34.2301618474451));
#4926=CARTESIAN_POINT('Ctrl Pts',(-44.015681962247,34.4113291857179,-29.48));
#4927=CARTESIAN_POINT('Ctrl Pts',(-44.015681962247,34.4113291857179,-34.2301618474451));
#4928=CARTESIAN_POINT('Ctrl Pts',(-44.0354692470279,34.3927616806516,-29.48));
#4929=CARTESIAN_POINT('Ctrl Pts',(-44.0354692470279,34.3927616806516,-34.2301618474451));
#4930=CARTESIAN_POINT('Ctrl Pts',(-44.0421583496191,34.3873991493734,-29.48));
#4931=CARTESIAN_POINT('Ctrl Pts',(-44.0421583496191,34.3873991493734,-34.2301618474451));
#4932=CARTESIAN_POINT('Ctrl Pts',(-44.0534969563797,34.3798551674784,-29.48));
#4933=CARTESIAN_POINT('Ctrl Pts',(-44.0534969563797,34.3798551674784,-34.2301618474451));
#4934=CARTESIAN_POINT('Ctrl Pts',(-44.0576963390569,34.3773514356995,-29.48));
#4935=CARTESIAN_POINT('Ctrl Pts',(-44.0576963390569,34.3773514356995,-34.2301618474451));
#4936=CARTESIAN_POINT('Ctrl Pts',(-44.065822851731,34.3730095681041,-29.48));
#4937=CARTESIAN_POINT('Ctrl Pts',(-44.065822851731,34.3730095681041,-34.2301618474451));
#4938=CARTESIAN_POINT('Ctrl Pts',(-44.0696899184981,34.3711431931252,-29.48));
#4939=CARTESIAN_POINT('Ctrl Pts',(-44.0696899184981,34.3711431931252,-34.2301618474451));
#4940=CARTESIAN_POINT('Ctrl Pts',(-44.0786495428336,34.3672186600452,-29.48));
#4941=CARTESIAN_POINT('Ctrl Pts',(-44.0786495428336,34.3672186600452,-34.2301618474451));
#4942=CARTESIAN_POINT('Ctrl Pts',(-44.0837615216502,34.3652593312885,-29.48));
#4943=CARTESIAN_POINT('Ctrl Pts',(-44.0837615216502,34.3652593312885,-34.2301618474451));
#4944=CARTESIAN_POINT('Ctrl Pts',(-44.0975837116944,34.3605586993886,-29.48));
#4945=CARTESIAN_POINT('Ctrl Pts',(-44.0975837116944,34.3605586993886,-34.2301618474451));
#4946=CARTESIAN_POINT('Ctrl Pts',(-44.1064496416722,34.3581577176447,-29.48));
#4947=CARTESIAN_POINT('Ctrl Pts',(-44.1064496416722,34.3581577176447,-34.2301618474451));
#4948=CARTESIAN_POINT('Ctrl Pts',(-44.1758373744237,34.3423459743575,-29.48));
#4949=CARTESIAN_POINT('Ctrl Pts',(-44.1758373744237,34.3423459743575,-34.2301618474451));
#4950=CARTESIAN_POINT('Ctrl Pts',(-44.2584823214529,34.3411493601357,-29.48));
#4951=CARTESIAN_POINT('Ctrl Pts',(-44.2584823214529,34.3411493601357,-34.2301618474451));
#4952=CARTESIAN_POINT('Ctrl Pts',(-44.4105797477745,34.3152453742423,-29.48));
#4953=CARTESIAN_POINT('Ctrl Pts',(-44.4105797477745,34.3152453742423,-34.2301618474451));
#4954=CARTESIAN_POINT('Ctrl Pts',(-44.4761810518069,34.3008947104108,-29.48));
#4955=CARTESIAN_POINT('Ctrl Pts',(-44.4761810518069,34.3008947104108,-34.2301618474451));
#4956=CARTESIAN_POINT('Ctrl Pts',(-44.5446406774952,34.2741535763936,-29.48));
#4957=CARTESIAN_POINT('Ctrl Pts',(-44.5446406774952,34.2741535763936,-34.2301618474451));
#4958=CARTESIAN_POINT('',(-43.8085920172816,34.6536985647679,-29.98));
#4959=CARTESIAN_POINT('',(-43.8085920172816,34.6536985647679,-30.23));
#4960=CARTESIAN_POINT('',(-43.9305232765108,34.5349269321183,-29.98));
#4961=CARTESIAN_POINT('Ctrl Pts',(-43.9305232765108,34.5349269321183,-29.98));
#4962=CARTESIAN_POINT('Ctrl Pts',(-43.8902674678426,34.5893000801479,-29.98));
#4963=CARTESIAN_POINT('Ctrl Pts',(-43.8509914182534,34.6259322711217,-29.98));
#4964=CARTESIAN_POINT('Ctrl Pts',(-43.8085920172816,34.6536985647679,-29.98));
#4965=CARTESIAN_POINT('',(-44.275384757675,34.3357008729486,-29.98));
#4966=CARTESIAN_POINT('Ctrl Pts',(-44.275384757675,34.3357008729486,-29.98));
#4967=CARTESIAN_POINT('Ctrl Pts',(-44.1741667584596,34.3473133608101,-29.98));
#4968=CARTESIAN_POINT('Ctrl Pts',(-44.040145004644,34.3449393818247,-29.98));
#4969=CARTESIAN_POINT('Ctrl Pts',(-43.9776628889969,34.4712558940108,-29.98));
#4970=CARTESIAN_POINT('Ctrl Pts',(-43.9305232765108,34.5349269321183,-29.98));
#4971=CARTESIAN_POINT('Ctrl Pts',(-44.5446406774952,34.2741535763936,-29.98));
#4972=CARTESIAN_POINT('Ctrl Pts',(-44.4685711603488,34.3038672234108,-29.98));
#4973=CARTESIAN_POINT('Ctrl Pts',(-44.3856238308205,34.3230534198405,-29.98));
#4974=CARTESIAN_POINT('Ctrl Pts',(-44.275384757675,34.3357008729486,-29.98));
#4975=CARTESIAN_POINT('Origin',(-46.0000000596047,38.,-30.23));
#4976=CARTESIAN_POINT('Origin',(-46.0000000596047,38.,-31.23));
#4977=CARTESIAN_POINT('Origin',(-46.0000000596047,38.,-29.98));
#4978=CARTESIAN_POINT('Origin',(-4.00000005960467,38.,-30.73));
#4979=CARTESIAN_POINT('',(-2.00000000000003,42.0311288445771,-31.23));
#4980=CARTESIAN_POINT('',(-2.00000000000003,41.464101580725,-30.73));
#4981=CARTESIAN_POINT('Ctrl Pts',(-2.00000000000003,42.0311288445771,-31.23));
#4982=CARTESIAN_POINT('Ctrl Pts',(-2.00000000000003,41.9593298151716,-31.23));
#4983=CARTESIAN_POINT('Ctrl Pts',(-2.00000000000003,41.874594676158,-31.2144018874773));
#4984=CARTESIAN_POINT('Ctrl Pts',(-2.00000000000003,41.7434436485427,-31.1639954047994));
#4985=CARTESIAN_POINT('Ctrl Pts',(-2.00000000000003,41.6729532772521,-31.1212348289067));
#4986=CARTESIAN_POINT('Ctrl Pts',(-2.00000000000003,41.5755137070461,-31.0316175027505));
#4987=CARTESIAN_POINT('Ctrl Pts',(-2.00000000000003,41.5299227547549,-30.9702919936284));
#4988=CARTESIAN_POINT('Ctrl Pts',(-2.00000000000003,41.4794733650135,-30.8583486107044));
#4989=CARTESIAN_POINT('Ctrl Pts',(-2.00000000000003,41.464101580725,-30.7891065286163));
#4990=CARTESIAN_POINT('Ctrl Pts',(-2.00000000000003,41.464101580725,-30.73));
#4991=CARTESIAN_POINT('',(-2.00000000000003,33.9688711554229,-31.23));
#4992=CARTESIAN_POINT('Origin',(-4.00000005960467,38.,-31.23));
#4993=CARTESIAN_POINT('',(-2.00000000000003,34.535898419275,-30.73));
#4994=CARTESIAN_POINT('Ctrl Pts',(-2.00000000000003,34.535898419275,-30.73));
#4995=CARTESIAN_POINT('Ctrl Pts',(-2.00000000000003,34.535898419275,-30.7891065286163));
#4996=CARTESIAN_POINT('Ctrl Pts',(-2.00000000000003,34.5205266349864,-30.8583486107044));
#4997=CARTESIAN_POINT('Ctrl Pts',(-2.00000000000003,34.470077245245,-30.9702919936284));
#4998=CARTESIAN_POINT('Ctrl Pts',(-2.00000000000003,34.4244862929539,-31.0316175027505));
#4999=CARTESIAN_POINT('Ctrl Pts',(-2.00000000000003,34.3270467227479,-31.1212348289067));
#5000=CARTESIAN_POINT('Ctrl Pts',(-2.00000000000003,34.2565563514573,-31.1639954047994));
#5001=CARTESIAN_POINT('Ctrl Pts',(-2.00000000000003,34.125405323842,-31.2144018874773));
#5002=CARTESIAN_POINT('Ctrl Pts',(-2.00000000000003,34.0406701848284,-31.23));
#5003=CARTESIAN_POINT('Ctrl Pts',(-2.00000000000003,33.9688711554229,-31.23));
#5004=CARTESIAN_POINT('Origin',(-4.00000005960467,38.,-30.73));
#5005=CARTESIAN_POINT('Origin',(-2.00000000000002,29.2256285182378,-21.));
#5006=CARTESIAN_POINT('',(-2.00000000000003,41.464101580725,-29.98));
#5007=CARTESIAN_POINT('',(-2.00000000000003,41.464101580725,-30.23));
#5008=CARTESIAN_POINT('',(-2.00000000000003,40.8722812817657,-29.48));
#5009=CARTESIAN_POINT('Ctrl Pts',(-2.00000000000003,41.464101580725,-29.98));
#5010=CARTESIAN_POINT('Ctrl Pts',(-2.00000000000003,41.464101580725,-29.9214142424495));
#5011=CARTESIAN_POINT('Ctrl Pts',(-2.00000000000003,41.4490136132278,-29.8527494606528));
#5012=CARTESIAN_POINT('Ctrl Pts',(-2.00000000000003,41.399169634924,-29.7416985732271));
#5013=CARTESIAN_POINT('Ctrl Pts',(-2.00000000000003,41.3539395323859,-29.6809145269437));
#5014=CARTESIAN_POINT('Ctrl Pts',(-2.00000000000003,41.255633564746,-29.5910451840308));
#5015=CARTESIAN_POINT('Ctrl Pts',(-2.00000000000003,41.183292904762,-29.5482196954536));
#5016=CARTESIAN_POINT('Ctrl Pts',(-2.00000000000003,41.0440742536118,-29.4958282116298));
#5017=CARTESIAN_POINT('Ctrl Pts',(-2.00000000000003,40.9509762437102,-29.48));
#5018=CARTESIAN_POINT('Ctrl Pts',(-2.00000000000003,40.8722812817656,-29.48));
#5019=CARTESIAN_POINT('',(-2.00000000000003,35.1277187182343,-29.48));
#5020=CARTESIAN_POINT('',(-2.00000000000002,26.2238532284411,-29.48));
#5021=CARTESIAN_POINT('',(-2.00000000000003,34.535898419275,-29.98));
#5022=CARTESIAN_POINT('Ctrl Pts',(-2.00000000000003,35.1277187182343,-29.48));
#5023=CARTESIAN_POINT('Ctrl Pts',(-2.00000000000003,35.0490237562898,-29.48));
#5024=CARTESIAN_POINT('Ctrl Pts',(-2.00000000000003,34.9559257463881,-29.4958282116298));
#5025=CARTESIAN_POINT('Ctrl Pts',(-2.00000000000003,34.816707095238,-29.5482196954536));
#5026=CARTESIAN_POINT('Ctrl Pts',(-2.00000000000003,34.744366435254,-29.5910451840308));
#5027=CARTESIAN_POINT('Ctrl Pts',(-2.00000000000003,34.646060467614,-29.6809145269437));
#5028=CARTESIAN_POINT('Ctrl Pts',(-2.00000000000003,34.600830365076,-29.7416985732271));
#5029=CARTESIAN_POINT('Ctrl Pts',(-2.00000000000003,34.5509863867721,-29.8527494606528));
#5030=CARTESIAN_POINT('Ctrl Pts',(-2.00000000000003,34.535898419275,-29.9214142424495));
#5031=CARTESIAN_POINT('Ctrl Pts',(-2.00000000000003,34.535898419275,-29.98));
#5032=CARTESIAN_POINT('',(-2.00000000000003,34.535898419275,-30.23));
#5033=CARTESIAN_POINT('',(-2.00000000000003,33.4500000000006,-31.23));
#5034=CARTESIAN_POINT('',(-2.00000000000002,29.2256285182378,-31.23));
#5035=CARTESIAN_POINT('',(-2.00000000000003,33.4500000000006,-34.23));
#5036=CARTESIAN_POINT('',(-2.00000000000003,33.4500000000006,-31.23));
#5037=CARTESIAN_POINT('',(-2.00000000000002,29.2256285182378,-34.23));
#5038=CARTESIAN_POINT('',(-2.00000000000003,33.4500000000006,-34.23));
#5039=CARTESIAN_POINT('',(-2.00000000000002,29.2256285182378,-21.));
#5040=CARTESIAN_POINT('',(-2.00000000000002,29.2256285182378,-21.));
#5041=CARTESIAN_POINT('',(-2.00000000000003,42.3050865276332,-21.));
#5042=CARTESIAN_POINT('',(-2.00000000000003,42.3050865276332,-21.));
#5043=CARTESIAN_POINT('',(-2.00000000000004,42.3050865276332,-31.23));
#5044=CARTESIAN_POINT('',(-2.00000000000003,42.3050865276332,-21.));
#5045=CARTESIAN_POINT('',(-2.00000000000002,29.2256285182378,-31.23));
#5046=CARTESIAN_POINT('Origin',(-4.00000005960467,38.,-30.23));
#5047=CARTESIAN_POINT('Origin',(-4.00000005960467,38.,-29.98));
#5048=CARTESIAN_POINT('Origin',(-4.00000005960467,38.,-29.98));
#5049=CARTESIAN_POINT('Origin',(-4.00000005960467,38.,-29.48));
#5050=CARTESIAN_POINT('Origin',(-23.1483344382006,23.2220779386444,-29.48));
#5051=CARTESIAN_POINT('',(-5.80000005960468,38.,-29.48));
#5052=CARTESIAN_POINT('Origin',(-4.00000005960467,38.,-29.48));
#5053=CARTESIAN_POINT('Origin',(-46.0000000596047,38.,-29.98));
#5054=CARTESIAN_POINT('',(-44.0825180011424,35.0719862114488,-29.48));
#5055=CARTESIAN_POINT('Origin',(-44.0825180011424,35.0719862114488,-29.98));
#5056=CARTESIAN_POINT('Origin',(-46.0000000596047,38.,-29.48));
#5057=CARTESIAN_POINT('Ctrl Pts',(-43.9305232765108,34.5349269321183,-29.98));
#5058=CARTESIAN_POINT('Ctrl Pts',(-43.8902674678426,34.5893000801479,-29.98));
#5059=CARTESIAN_POINT('Ctrl Pts',(-43.8509914182534,34.6259322711217,-29.98));
#5060=CARTESIAN_POINT('Ctrl Pts',(-43.8085920172816,34.6536985647679,-29.98));
#5061=CARTESIAN_POINT('Ctrl Pts',(-43.9305232765108,34.5349269321183,-29.8491003061004));
#5062=CARTESIAN_POINT('Ctrl Pts',(-43.8903274608999,34.5892190480807,-29.8491003061004));
#5063=CARTESIAN_POINT('Ctrl Pts',(-43.850877257151,34.6260070323357,-29.8491003061004));
#5064=CARTESIAN_POINT('Ctrl Pts',(-43.8085920172816,34.6536985647679,-29.8491003061004));
#5065=CARTESIAN_POINT('Ctrl Pts',(-44.0177093533733,34.5994761840174,-29.5884804955714));
#5066=CARTESIAN_POINT('Ctrl Pts',(-43.9712429082635,34.6622379811827,-29.5884804955714));
#5067=CARTESIAN_POINT('Ctrl Pts',(-43.922240923754,34.7089448993152,-29.5884804955714));
#5068=CARTESIAN_POINT('Ctrl Pts',(-43.8680232702398,34.7444506671745,-29.5884804955714));
#5069=CARTESIAN_POINT('Ctrl Pts',(-44.2271702220113,34.7545530364152,-29.48));
#5070=CARTESIAN_POINT('Ctrl Pts',(-44.1658736450084,34.8373457554127,-29.48));
#5071=CARTESIAN_POINT('Ctrl Pts',(-44.0932423352637,34.9084922109258,-29.48));
#5072=CARTESIAN_POINT('Ctrl Pts',(-44.0108043462654,34.9624787616238,-29.48));
#5073=CARTESIAN_POINT('Ctrl Pts',(-44.3323746711014,34.8324424051035,-29.48));
#5074=CARTESIAN_POINT('Ctrl Pts',(-44.2635974330683,34.925339183689,-29.48));
#5075=CARTESIAN_POINT('Ctrl Pts',(-44.1791909791101,35.0086775270717,-29.48));
#5076=CARTESIAN_POINT('Ctrl Pts',(-44.0825180011424,35.0719862114488,-29.48));
#5077=CARTESIAN_POINT('',(-44.3323746711014,34.8324424051035,-29.48));
#5078=CARTESIAN_POINT('Ctrl Pts',(-44.3323746711014,34.8324424051035,-29.48));
#5079=CARTESIAN_POINT('Ctrl Pts',(-44.2271702220113,34.7545530364152,-29.48));
#5080=CARTESIAN_POINT('Ctrl Pts',(-44.0177093533733,34.5994761840174,-29.5884804955714));
#5081=CARTESIAN_POINT('Ctrl Pts',(-43.9305232765108,34.5349269321183,-29.8491003061004));
#5082=CARTESIAN_POINT('Ctrl Pts',(-43.9305232765108,34.5349269321183,-29.98));
#5083=CARTESIAN_POINT('Ctrl Pts',(-44.0825180011424,35.0719862114488,-29.48));
#5084=CARTESIAN_POINT('Ctrl Pts',(-44.1791909791101,35.0086775270717,-29.48));
#5085=CARTESIAN_POINT('Ctrl Pts',(-44.2635974330683,34.925339183689,-29.48));
#5086=CARTESIAN_POINT('Ctrl Pts',(-44.3323746711014,34.8324424051035,-29.48));
#5087=CARTESIAN_POINT('Origin',(-46.0000000596047,38.,-29.98));
#5088=CARTESIAN_POINT('',(-44.7265605860271,34.7398843429098,-29.48));
#5089=CARTESIAN_POINT('Origin',(-44.7265605860271,34.7398843429098,-29.98));
#5090=CARTESIAN_POINT('',(-46.3181818502009,34.5144924991325,-29.48));
#5091=CARTESIAN_POINT('Origin',(-46.0000000596047,38.,-29.48));
#5092=CARTESIAN_POINT('Origin',(-46.3181818502009,34.5144924991325,-29.98));
#5093=CARTESIAN_POINT('Origin',(-46.5,32.5227741052817,-29.98));
#5094=CARTESIAN_POINT('Origin',(-46.5,32.5227741052817,-29.48));
#5095=CARTESIAN_POINT('Ctrl Pts',(-44.3323746711014,34.8324424051035,-29.48));
#5096=CARTESIAN_POINT('Ctrl Pts',(-44.466555918239,34.8170481262627,-29.48));
#5097=CARTESIAN_POINT('Ctrl Pts',(-44.6007591985239,34.7890238427091,-29.48));
#5098=CARTESIAN_POINT('Ctrl Pts',(-44.7265605860271,34.7398843429098,-29.48));
#5099=CARTESIAN_POINT('Ctrl Pts',(-44.3174547466556,34.702395776091,-29.48));
#5100=CARTESIAN_POINT('Ctrl Pts',(-44.4453563895817,34.6877219405334,-29.48));
#5101=CARTESIAN_POINT('Ctrl Pts',(-44.5661764583541,34.6620007592571,-29.48));
#5102=CARTESIAN_POINT('Ctrl Pts',(-44.6789340653449,34.6179563133566,-29.48));
#5103=CARTESIAN_POINT('Ctrl Pts',(-44.287749365014,34.4434745757807,-29.5884806643453));
#5104=CARTESIAN_POINT('Ctrl Pts',(-44.4032019264592,34.4302289922011,-29.5884806643453));
#5105=CARTESIAN_POINT('Ctrl Pts',(-44.4972114646565,34.4091428336082,-29.5884806643453));
#5106=CARTESIAN_POINT('Ctrl Pts',(-44.5841102625655,34.375199142309,-29.5884806643453));
#5107=CARTESIAN_POINT('Ctrl Pts',(-44.275384757675,34.3357008729486,-29.8491003061004));
#5108=CARTESIAN_POINT('Ctrl Pts',(-44.3855734699427,34.323059197618,-29.8491003061004));
#5109=CARTESIAN_POINT('Ctrl Pts',(-44.468675768253,34.3038263623346,-29.8491003061004));
#5110=CARTESIAN_POINT('Ctrl Pts',(-44.5446406774952,34.2741535763936,-29.8491003061004));
#5111=CARTESIAN_POINT('Ctrl Pts',(-44.275384757675,34.3357008729486,-29.98));
#5112=CARTESIAN_POINT('Ctrl Pts',(-44.3856238308205,34.3230534198405,-29.98));
#5113=CARTESIAN_POINT('Ctrl Pts',(-44.4685711603488,34.3038672234108,-29.98));
#5114=CARTESIAN_POINT('Ctrl Pts',(-44.5446406774952,34.2741535763936,-29.98));
#5115=CARTESIAN_POINT('Ctrl Pts',(-44.275384757675,34.3357008729486,-29.98));
#5116=CARTESIAN_POINT('Ctrl Pts',(-44.275384757675,34.3357008729486,-29.8491003061004));
#5117=CARTESIAN_POINT('Ctrl Pts',(-44.287749365014,34.4434745757807,-29.5884806643453));
#5118=CARTESIAN_POINT('Ctrl Pts',(-44.3174547466556,34.702395776091,-29.48));
#5119=CARTESIAN_POINT('Ctrl Pts',(-44.3323746711014,34.8324424051035,-29.48));
#5120=CARTESIAN_POINT('Ctrl Pts',(-44.3323746711014,34.8324424051035,-29.48));
#5121=CARTESIAN_POINT('Ctrl Pts',(-44.466555918239,34.8170481262627,-29.48));
#5122=CARTESIAN_POINT('Ctrl Pts',(-44.6007591985239,34.7890238427091,-29.48));
#5123=CARTESIAN_POINT('Ctrl Pts',(-44.7265605860271,34.7398843429098,-29.48));
#5124=CARTESIAN_POINT('Ctrl Pts',(-44.275384757675,34.3357008729486,-29.98));
#5125=CARTESIAN_POINT('Ctrl Pts',(-44.1741667584596,34.3473133608101,-29.98));
#5126=CARTESIAN_POINT('Ctrl Pts',(-44.040145004644,34.3449393818247,-29.98));
#5127=CARTESIAN_POINT('Ctrl Pts',(-43.9776628889969,34.4712558940108,-29.98));
#5128=CARTESIAN_POINT('Ctrl Pts',(-43.9305232765108,34.5349269321183,-29.98));
#5129=CARTESIAN_POINT('Ctrl Pts',(-44.275384757675,34.3357008729486,-29.8304003498291));
#5130=CARTESIAN_POINT('Ctrl Pts',(-44.1801631059873,34.345606813255,-29.8314686125692));
#5131=CARTESIAN_POINT('Ctrl Pts',(-44.036120697157,34.3425573325244,-29.8319802689272));
#5132=CARTESIAN_POINT('Ctrl Pts',(-43.9739889682243,34.4749427069509,-29.8312015468817));
#5133=CARTESIAN_POINT('Ctrl Pts',(-43.9305232765108,34.5349269321183,-29.8304003498291));
#5134=CARTESIAN_POINT('Ctrl Pts',(-44.2897044063463,34.4605153145447,-29.5714823395192));
#5135=CARTESIAN_POINT('Ctrl Pts',(-44.2317490245058,34.4702910305398,-29.5654587173726));
#5136=CARTESIAN_POINT('Ctrl Pts',(-44.1229938923513,34.4901108972413,-29.5610074520718));
#5137=CARTESIAN_POINT('Ctrl Pts',(-44.0600378715853,34.5750452516239,-29.566964622908));
#5138=CARTESIAN_POINT('Ctrl Pts',(-44.0314950176955,34.6096825650241,-29.5714823395192));
#5139=CARTESIAN_POINT('Ctrl Pts',(-44.3195861644336,34.7209738659499,-29.48));
#5140=CARTESIAN_POINT('Ctrl Pts',(-44.305790465828,34.7299733167437,-29.4791539691931));
#5141=CARTESIAN_POINT('Ctrl Pts',(-44.2795100169337,34.7456486828684,-29.4787487532967));
#5142=CARTESIAN_POINT('Ctrl Pts',(-44.2532152095837,34.7600885553617,-29.4793654768951));
#5143=CARTESIAN_POINT('Ctrl Pts',(-44.2421994290242,34.765680089085,-29.48));
#5144=CARTESIAN_POINT('Ctrl Pts',(-44.3323746711014,34.8324424051035,-29.48));
#5145=CARTESIAN_POINT('Ctrl Pts',(-44.3323746711014,34.8324424051035,-29.48));
#5146=CARTESIAN_POINT('Ctrl Pts',(-44.3323746711014,34.8324424051035,-29.48));
#5147=CARTESIAN_POINT('Ctrl Pts',(-44.3323746711014,34.8324424051035,-29.48));
#5148=CARTESIAN_POINT('Ctrl Pts',(-44.3323746711014,34.8324424051035,-29.48));
#5149=CARTESIAN_POINT('Origin',(-36.3703262342713,4.99999999999996,-22.));
#5150=CARTESIAN_POINT('',(-34.5703262342713,4.99999999999996,-26.));
#5151=CARTESIAN_POINT('Origin',(-36.3703262342713,4.99999999999996,-26.));
#5152=CARTESIAN_POINT('',(-34.5703262342713,4.99999999999996,-22.));
#5153=CARTESIAN_POINT('',(-34.5703262342713,4.99999999999996,-22.));
#5154=CARTESIAN_POINT('Origin',(-36.3703262342713,4.99999999999996,-22.));
#5155=CARTESIAN_POINT('Ctrl Pts',(-33.235003776599,3.4444444444457,-22.));
#5156=CARTESIAN_POINT('Ctrl Pts',(-33.235003776599,3.4444444444457,-26.));
#5157=CARTESIAN_POINT('Ctrl Pts',(-33.2866252457931,3.34039804694859,-22.));
#5158=CARTESIAN_POINT('Ctrl Pts',(-33.2866252457931,3.34039804694859,-26.));
#5159=CARTESIAN_POINT('Ctrl Pts',(-33.3290452818065,3.23055254436182,-22.));
#5160=CARTESIAN_POINT('Ctrl Pts',(-33.3290452818065,3.23055254436182,-26.));
#5161=CARTESIAN_POINT('Ctrl Pts',(-33.382613387698,3.01094962069648,-22.));
#5162=CARTESIAN_POINT('Ctrl Pts',(-33.382613387698,3.01094962069648,-26.));
#5163=CARTESIAN_POINT('Ctrl Pts',(-33.3954814700788,2.90043528618115,-22.));
#5164=CARTESIAN_POINT('Ctrl Pts',(-33.3954814700788,2.90043528618115,-26.));
#5165=CARTESIAN_POINT('Ctrl Pts',(-33.3828243559115,2.69168092190019,-22.));
#5166=CARTESIAN_POINT('Ctrl Pts',(-33.3828243559115,2.69168092190019,-26.));
#5167=CARTESIAN_POINT('Ctrl Pts',(-33.3609634354241,2.59510123116694,-22.));
#5168=CARTESIAN_POINT('Ctrl Pts',(-33.3609634354241,2.59510123116694,-26.));
#5169=CARTESIAN_POINT('Ctrl Pts',(-33.2793838948507,2.4143853438028,-22.));
#5170=CARTESIAN_POINT('Ctrl Pts',(-33.2793838948507,2.4143853438028,-26.));
#5171=CARTESIAN_POINT('Ctrl Pts',(-33.2217311967099,2.33482638708355,-22.));
#5172=CARTESIAN_POINT('Ctrl Pts',(-33.2217311967099,2.33482638708355,-26.));
#5173=CARTESIAN_POINT('Ctrl Pts',(-33.0627289798794,2.18647625161905,-22.));
#5174=CARTESIAN_POINT('Ctrl Pts',(-33.0627289798794,2.18647625161905,-26.));
#5175=CARTESIAN_POINT('Ctrl Pts',(-32.9596090777724,2.12687306322435,-22.));
#5176=CARTESIAN_POINT('Ctrl Pts',(-32.9596090777724,2.12687306322435,-26.));
#5177=CARTESIAN_POINT('Ctrl Pts',(-32.7008088429613,2.02876471097725,-22.));
#5178=CARTESIAN_POINT('Ctrl Pts',(-32.7008088429613,2.02876471097725,-26.));
#5179=CARTESIAN_POINT('Ctrl Pts',(-32.5289105509644,1.99999999999974,-22.));
#5180=CARTESIAN_POINT('Ctrl Pts',(-32.5289105509644,1.99999999999974,-26.));
#5181=CARTESIAN_POINT('Ctrl Pts',(-32.3391973601179,1.99999999999996,-22.));
#5182=CARTESIAN_POINT('Ctrl Pts',(-32.3391973601179,1.99999999999996,-26.));
#5183=CARTESIAN_POINT('',(-33.235003776599,3.4444444444457,-22.));
#5184=CARTESIAN_POINT('Ctrl Pts',(-32.3391973601179,1.99999999999996,-22.));
#5185=CARTESIAN_POINT('Ctrl Pts',(-32.5289105509644,1.99999999999974,-22.));
#5186=CARTESIAN_POINT('Ctrl Pts',(-32.7008088429613,2.02876471097725,-22.));
#5187=CARTESIAN_POINT('Ctrl Pts',(-32.9596090777724,2.12687306322435,-22.));
#5188=CARTESIAN_POINT('Ctrl Pts',(-33.0627289798794,2.18647625161905,-22.));
#5189=CARTESIAN_POINT('Ctrl Pts',(-33.2217311967099,2.33482638708355,-22.));
#5190=CARTESIAN_POINT('Ctrl Pts',(-33.2793838948507,2.4143853438028,-22.));
#5191=CARTESIAN_POINT('Ctrl Pts',(-33.3609634354241,2.59510123116694,-22.));
#5192=CARTESIAN_POINT('Ctrl Pts',(-33.3828243559115,2.69168092190019,-22.));
#5193=CARTESIAN_POINT('Ctrl Pts',(-33.3954814700788,2.90043528618115,-22.));
#5194=CARTESIAN_POINT('Ctrl Pts',(-33.382613387698,3.01094962069648,-22.));
#5195=CARTESIAN_POINT('Ctrl Pts',(-33.3290452818065,3.23055254436182,-22.));
#5196=CARTESIAN_POINT('Ctrl Pts',(-33.2866252457931,3.34039804694859,-22.));
#5197=CARTESIAN_POINT('Ctrl Pts',(-33.235003776599,3.4444444444457,-22.));
#5198=CARTESIAN_POINT('',(-33.235003776599,3.4444444444457,-26.));
#5199=CARTESIAN_POINT('Ctrl Pts',(-33.235003776599,3.4444444444457,-26.));
#5200=CARTESIAN_POINT('Ctrl Pts',(-33.2866252457931,3.34039804694859,-26.));
#5201=CARTESIAN_POINT('Ctrl Pts',(-33.3290452818065,3.23055254436182,-26.));
#5202=CARTESIAN_POINT('Ctrl Pts',(-33.382613387698,3.01094962069648,-26.));
#5203=CARTESIAN_POINT('Ctrl Pts',(-33.3954814700788,2.90043528618115,-26.));
#5204=CARTESIAN_POINT('Ctrl Pts',(-33.3828243559115,2.69168092190019,-26.));
#5205=CARTESIAN_POINT('Ctrl Pts',(-33.3609634354241,2.59510123116694,-26.));
#5206=CARTESIAN_POINT('Ctrl Pts',(-33.2793838948507,2.4143853438028,-26.));
#5207=CARTESIAN_POINT('Ctrl Pts',(-33.2217311967099,2.33482638708355,-26.));
#5208=CARTESIAN_POINT('Ctrl Pts',(-33.0627289798794,2.18647625161905,-26.));
#5209=CARTESIAN_POINT('Ctrl Pts',(-32.9596090777724,2.12687306322435,-26.));
#5210=CARTESIAN_POINT('Ctrl Pts',(-32.7008088429613,2.02876471097725,-26.));
#5211=CARTESIAN_POINT('Ctrl Pts',(-32.5289105509644,1.99999999999974,-26.));
#5212=CARTESIAN_POINT('Ctrl Pts',(-32.3391973601179,1.99999999999996,-26.));
#5213=CARTESIAN_POINT('',(-33.235003776599,3.4444444444457,-22.));
#5214=CARTESIAN_POINT('Origin',(-36.3703262342713,4.99999999999996,-22.));
#5215=CARTESIAN_POINT('',(-39.505648691943,3.4444444444444,-22.));
#5216=CARTESIAN_POINT('Origin',(-36.3703262342713,4.99999999999996,-22.));
#5217=CARTESIAN_POINT('',(-39.505648691943,3.4444444444444,-26.));
#5218=CARTESIAN_POINT('Origin',(-36.3703262342713,4.99999999999996,-26.));
#5219=CARTESIAN_POINT('',(-39.505648691943,3.4444444444444,-22.));
#5220=CARTESIAN_POINT('Origin',(-40.4014551084206,2.99999999999996,-22.));
#5221=CARTESIAN_POINT('Origin',(-40.4014551084206,2.99999999999996,-22.));
#5222=CARTESIAN_POINT('Origin',(-40.4014551084206,2.99999999999996,-26.));
#5223=CARTESIAN_POINT('Origin',(-36.3703262342693,5.24999999999985,-26.));
#5224=CARTESIAN_POINT('Origin',(-36.3703262342693,5.24999999999985,-22.));
#5225=CARTESIAN_POINT('Origin',(-23.1483344382006,23.2220779386444,-29.48));
#5226=CARTESIAN_POINT('',(-47.8000000596047,38.,-29.48));
#5227=CARTESIAN_POINT('Origin',(-46.0000000596047,38.,-29.48));
#5228=CARTESIAN_POINT('Origin',(-23.1483342519361,23.2220779386444,-31.23));
#5229=CARTESIAN_POINT('',(-7.69491347236679,48.,-31.23));
#5230=CARTESIAN_POINT('',(-2.00000000000003,42.3050865276332,-31.23));
#5231=CARTESIAN_POINT('',(-42.3050865276333,48.,-31.23));
#5232=CARTESIAN_POINT('',(-7.69491347236679,48.,-31.23));
#5233=CARTESIAN_POINT('',(-42.3050865276333,48.,-31.23));
#5234=CARTESIAN_POINT('',(-35.5007815549368,33.4500000000001,-31.23));
#5235=CARTESIAN_POINT('',(-22.0000000000001,35.9500000000001,-31.23));
#5236=CARTESIAN_POINT('Origin',(-22.0000000000001,38.2000000000001,-31.23));
#5237=CARTESIAN_POINT('',(-28.0000000000001,35.9500000000001,-31.23));
#5238=CARTESIAN_POINT('Origin',(-22.0000000000001,38.2000000000001,-31.23));
#5239=CARTESIAN_POINT('',(-22.0000000000001,35.9500000000001,-31.23));
#5240=CARTESIAN_POINT('Origin',(-28.0000000000001,35.9500000000001,-31.23));
#5241=CARTESIAN_POINT('Origin',(-2.00000000000002,33.4500000000006,-31.23));
#5242=CARTESIAN_POINT('',(-35.5007815549368,33.4500000000001,-34.23));
#5243=CARTESIAN_POINT('Origin',(-46.0000000596047,38.,-31.23));
#5244=CARTESIAN_POINT('',(-47.8000000596047,38.,-34.23));
#5245=CARTESIAN_POINT('Origin',(-46.0000000596047,38.,-34.23));
#5246=CARTESIAN_POINT('',(-47.8000000596047,38.,-31.23));
#5247=CARTESIAN_POINT('Origin',(-23.1483342519361,23.2220779386444,-34.23));
#5248=CARTESIAN_POINT('',(-2.22044604925031E-14,29.400605845289,-34.23));
#5249=CARTESIAN_POINT('',(3.65775475516437,8.65644780170468,-34.23));
#5250=CARTESIAN_POINT('',(3.65775475516437,8.65644780170468,-34.23));
#5251=CARTESIAN_POINT('',(2.82465183968739,6.01418292514425,-34.23));
#5252=CARTESIAN_POINT('Origin',(0.703331496127749,8.13550326870389,-34.23));
#5253=CARTESIAN_POINT('',(-5.8374062298477,-2.64787514439086,-34.23));
#5254=CARTESIAN_POINT('',(-5.8374062298477,-2.64787514439086,-34.23));
#5255=CARTESIAN_POINT('',(-8.56774660228956,-3.50874815704918,-34.23));
#5256=CARTESIAN_POINT('Origin',(-8.02943725152286,-0.455844122715716,-34.23));
#5257=CARTESIAN_POINT('',(-28.4668462349796,-2.66453525910038E-14,-34.23));
#5258=CARTESIAN_POINT('',(-8.56774660228956,-3.50874815704918,-34.23));
#5259=CARTESIAN_POINT('',(-43.1335136523794,-4.44089209850063E-14,-34.23));
#5260=CARTESIAN_POINT('',(-28.4668462349796,-2.66453525910038E-14,-34.23));
#5261=CARTESIAN_POINT('',(-50.,6.86648634762055,-34.23));
#5262=CARTESIAN_POINT('',(-50.,6.86648634762055,-34.23));
#5263=CARTESIAN_POINT('',(-50.,43.1335136523793,-34.23));
#5264=CARTESIAN_POINT('',(-50.,6.86648634762055,-34.23));
#5265=CARTESIAN_POINT('',(-43.1335136523795,50.,-34.23));
#5266=CARTESIAN_POINT('',(-43.1335136523795,50.,-34.23));
#5267=CARTESIAN_POINT('',(-6.86648634762063,50.,-34.23));
#5268=CARTESIAN_POINT('',(-43.1335136523795,50.,-34.23));
#5269=CARTESIAN_POINT('',(-3.33066907387547E-14,43.1335136523794,-34.23));
#5270=CARTESIAN_POINT('',(-6.86648634762063,50.,-34.23));
#5271=CARTESIAN_POINT('',(-2.54781521894809E-14,33.4500000000006,-34.23));
#5272=CARTESIAN_POINT('',(-7.65652593287732,-1.6385677226743,-34.23));
#5273=CARTESIAN_POINT('',(-7.65652593287732,-1.6385677226743,-34.23));
#5274=CARTESIAN_POINT('',(1.77853476882172,7.79649297902478,-34.23));
#5275=CARTESIAN_POINT('',(1.77853476882172,7.79649297902478,-34.23));
#5276=CARTESIAN_POINT('',(-2.00000000000002,29.2256285182378,-34.23));
#5277=CARTESIAN_POINT('',(-5.80000005960467,38.,-34.23));
#5278=CARTESIAN_POINT('Origin',(-4.00000005960467,38.,-34.23));
#5279=CARTESIAN_POINT('Origin',(-4.00000005960467,38.,-30.23));
#5280=CARTESIAN_POINT('',(-5.80000005960467,38.,-30.23));
#5281=CARTESIAN_POINT('Origin',(-7.69491347236679,48.,-21.));
#5282=CARTESIAN_POINT('',(-7.69491347236679,48.,-21.));
#5283=CARTESIAN_POINT('',(-7.69491347236679,48.,-21.));
#5284=CARTESIAN_POINT('',(-42.3050865276333,48.,-21.));
#5285=CARTESIAN_POINT('',(-42.3050865276333,48.,-21.));
#5286=CARTESIAN_POINT('',(-42.3050865276333,48.,-21.));
#5287=CARTESIAN_POINT('Origin',(-2.00000000000003,42.3050865276332,-21.));
#5288=CARTESIAN_POINT('',(-7.69491347236679,48.,-21.));
#5289=CARTESIAN_POINT('Origin',(1.77853476882172,7.79649297902478,-21.));
#5290=CARTESIAN_POINT('',(1.77853476882172,7.79649297902478,-21.));
#5291=CARTESIAN_POINT('',(1.77853476882172,7.79649297902478,-21.));
#5292=CARTESIAN_POINT('',(-2.00000000000002,29.2256285182378,-21.));
#5293=CARTESIAN_POINT('Origin',(-7.65652593287732,-1.6385677226743,-21.));
#5294=CARTESIAN_POINT('',(-7.65652593287733,-1.6385677226743,-21.));
#5295=CARTESIAN_POINT('',(-7.65652593287733,-1.6385677226743,-21.));
#5296=CARTESIAN_POINT('',(1.77853476882172,7.79649297902478,-21.));
#5297=CARTESIAN_POINT('Origin',(-3.35695527911661E-14,43.1335136523794,
-21.));
#5298=CARTESIAN_POINT('',(-3.35695527911661E-14,43.1335136523794,-21.));
#5299=CARTESIAN_POINT('',(-3.35695527911661E-14,43.1335136523794,-21.));
#5300=CARTESIAN_POINT('',(-2.21346099593012E-14,29.400605845289,-21.));
#5301=CARTESIAN_POINT('',(-2.21346099593012E-14,29.400605845289,-21.));
#5302=CARTESIAN_POINT('',(-2.21346099593012E-14,29.400605845289,-21.));
#5303=CARTESIAN_POINT('Origin',(-6.86648634762063,50.,-21.));
#5304=CARTESIAN_POINT('',(-6.86648634762063,50.,-21.));
#5305=CARTESIAN_POINT('',(-6.86648634762063,50.,-21.));
#5306=CARTESIAN_POINT('',(-3.35695527911661E-14,43.1335136523794,-21.));
#5307=CARTESIAN_POINT('Origin',(-43.1335136523795,50.,-21.));
#5308=CARTESIAN_POINT('',(-43.1335136523795,50.,-21.));
#5309=CARTESIAN_POINT('',(-43.1335136523795,50.,-21.));
#5310=CARTESIAN_POINT('',(-43.1335136523795,50.,-21.));
#5311=CARTESIAN_POINT('Origin',(-50.,43.1335136523793,-21.));
#5312=CARTESIAN_POINT('',(-50.,43.1335136523793,-21.));
#5313=CARTESIAN_POINT('',(-50.,43.1335136523793,-21.));
#5314=CARTESIAN_POINT('',(-50.,43.1335136523793,-21.));
#5315=CARTESIAN_POINT('Origin',(-46.0000000596047,38.,-21.));
#5316=CARTESIAN_POINT('',(-50.,37.9982736652071,-21.));
#5317=CARTESIAN_POINT('',(-50.,37.9982736652071,-31.23));
#5318=CARTESIAN_POINT('',(-50.,37.9982736652071,-21.));
#5319=CARTESIAN_POINT('',(-50.,38.0017263347953,-21.));
#5320=CARTESIAN_POINT('Origin',(-46.0000000596047,38.,-21.));
#5321=CARTESIAN_POINT('',(-50.,38.0017263347953,-31.23));
#5322=CARTESIAN_POINT('',(-50.,38.0017263347953,-21.));
#5323=CARTESIAN_POINT('Origin',(-46.0000000596047,38.,-31.23));
#5324=CARTESIAN_POINT('Origin',(-50.,6.86648634762055,-21.));
#5325=CARTESIAN_POINT('',(-50.,6.86648634762055,-21.));
#5326=CARTESIAN_POINT('',(-50.,6.86648634762055,-21.));
#5327=CARTESIAN_POINT('',(-50.,43.1335136523793,-21.));
#5328=CARTESIAN_POINT('',(-50.,43.1335136523793,-21.));
#5329=CARTESIAN_POINT('Origin',(-28.2918689079281,1.99999999999997,-21.));
#5330=CARTESIAN_POINT('',(-7.65652593287733,-1.6385677226743,-21.));
#5331=CARTESIAN_POINT('Origin',(-42.3050865276333,48.,-21.));
#5332=CARTESIAN_POINT('',(-48.,42.3050865276332,-21.));
#5333=CARTESIAN_POINT('Origin',(-43.1335136523794,-4.55191440096314E-14,
-21.));
#5334=CARTESIAN_POINT('',(-43.1335136523794,-4.56469547886549E-14,-21.));
#5335=CARTESIAN_POINT('',(-43.1335136523794,-4.56469547886549E-14,-21.));
#5336=CARTESIAN_POINT('',(-50.,6.86648634762055,-21.));
#5337=CARTESIAN_POINT('Origin',(-28.4668462349796,-2.92190549336642E-14,
-21.));
#5338=CARTESIAN_POINT('',(-28.4668462349796,-2.92190549336642E-14,-21.));
#5339=CARTESIAN_POINT('',(-28.4668462349796,-2.92190549336642E-14,-21.));
#5340=CARTESIAN_POINT('',(-43.1335136523794,-4.56469547886549E-14,-21.));
#5341=CARTESIAN_POINT('Origin',(-8.56774660228956,-3.50874815704918,-21.));
#5342=CARTESIAN_POINT('',(-8.56774660228956,-3.50874815704918,-21.));
#5343=CARTESIAN_POINT('',(-8.56774660228956,-3.50874815704918,-21.));
#5344=CARTESIAN_POINT('',(-28.4668462349796,-2.92190549336642E-14,-21.));
#5345=CARTESIAN_POINT('Origin',(-8.02943725152286,-0.455844122715716,-21.));
#5346=CARTESIAN_POINT('',(-5.8374062298477,-2.64787514439086,-21.));
#5347=CARTESIAN_POINT('',(-5.8374062298477,-2.64787514439086,-21.));
#5348=CARTESIAN_POINT('Origin',(-8.02943725152286,-0.455844122715716,-21.));
#5349=CARTESIAN_POINT('Origin',(2.82465183968739,6.01418292514425,-21.));
#5350=CARTESIAN_POINT('',(2.82465183968739,6.01418292514425,-21.));
#5351=CARTESIAN_POINT('',(2.82465183968739,6.01418292514425,-21.));
#5352=CARTESIAN_POINT('',(-5.8374062298477,-2.64787514439086,-21.));
#5353=CARTESIAN_POINT('Origin',(0.703331496127749,8.13550326870389,-21.));
#5354=CARTESIAN_POINT('',(3.65775475516437,8.65644780170468,-21.));
#5355=CARTESIAN_POINT('',(3.65775475516437,8.65644780170468,-21.));
#5356=CARTESIAN_POINT('Origin',(0.703331496127749,8.13550326870389,-21.));
#5357=CARTESIAN_POINT('Origin',(-2.27595720048157E-14,29.400605845289,-21.));
#5358=CARTESIAN_POINT('',(3.65775475516437,8.65644780170468,-21.));
#5359=CARTESIAN_POINT('Origin',(-23.1483344382006,23.2220779386443,-21.));
#5360=UNCERTAINTY_MEASURE_WITH_UNIT(LENGTH_MEASURE(0.01),#5364,
'DISTANCE_ACCURACY_VALUE',
'Maximum model space distance between geometric entities at asserted c
onnectivities');
#5361=UNCERTAINTY_MEASURE_WITH_UNIT(LENGTH_MEASURE(0.01),#5364,
'DISTANCE_ACCURACY_VALUE',
'Maximum model space distance between geometric entities at asserted c
onnectivities');
#5362=(
GEOMETRIC_REPRESENTATION_CONTEXT(3)
GLOBAL_UNCERTAINTY_ASSIGNED_CONTEXT((#5360))
GLOBAL_UNIT_ASSIGNED_CONTEXT((#5364,#5366,#5367))
REPRESENTATION_CONTEXT('','3D')
);
#5363=(
GEOMETRIC_REPRESENTATION_CONTEXT(3)
GLOBAL_UNCERTAINTY_ASSIGNED_CONTEXT((#5361))
GLOBAL_UNIT_ASSIGNED_CONTEXT((#5364,#5366,#5367))
REPRESENTATION_CONTEXT('','3D')
);
#5364=(
LENGTH_UNIT()
NAMED_UNIT(*)
SI_UNIT(.MILLI.,.METRE.)
);
#5365=(
LENGTH_UNIT()
NAMED_UNIT(*)
SI_UNIT($,.METRE.)
);
#5366=(
NAMED_UNIT(*)
PLANE_ANGLE_UNIT()
SI_UNIT($,.RADIAN.)
);
#5367=(
NAMED_UNIT(*)
SI_UNIT($,.STERADIAN.)
SOLID_ANGLE_UNIT()
);
#5368=SHAPE_DEFINITION_REPRESENTATION(#5369,#5370);
#5369=PRODUCT_DEFINITION_SHAPE('',$,#5372);
#5370=SHAPE_REPRESENTATION('',(#2895),#5362);
#5371=PRODUCT_DEFINITION_CONTEXT('part definition',#5376,'design');
#5372=PRODUCT_DEFINITION('Deckel Teil 1','Deckel Teil 1 v30',#5373,#5371);
#5373=PRODUCT_DEFINITION_FORMATION('',$,#5378);
#5374=PRODUCT_RELATED_PRODUCT_CATEGORY('Deckel Teil 1 v30',
'Deckel Teil 1 v30',(#5378));
#5375=APPLICATION_PROTOCOL_DEFINITION('international standard',
'automotive_design',2009,#5376);
#5376=APPLICATION_CONTEXT(
'Core Data for Automotive Mechanical Design Process');
#5377=PRODUCT_CONTEXT('part definition',#5376,'mechanical');
#5378=PRODUCT('Deckel Teil 1','Deckel Teil 1 v30',$,(#5377));
#5379=PRESENTATION_STYLE_ASSIGNMENT((#5380));
#5380=SURFACE_STYLE_USAGE(.BOTH.,#5381);
#5381=SURFACE_SIDE_STYLE('',(#5382));
#5382=SURFACE_STYLE_FILL_AREA(#5383);
#5383=FILL_AREA_STYLE('Stahl - satiniert',(#5384));
#5384=FILL_AREA_STYLE_COLOUR('Stahl - satiniert',#5385);
#5385=COLOUR_RGB('Stahl - satiniert',0.627450980392157,0.627450980392157,
0.627450980392157);
ENDSEC;
END-ISO-10303-21;
