ISO-10303-21;
HEADER;
/* Generated by software containing ST-Developer
 * from STEP Tools, Inc. (www.steptools.com) 
 */

FILE_DESCRIPTION(
/* description */ (''),
/* implementation_level */ '2;1');

FILE_NAME(
/* name */ 'Deckel Teil 2.step',
/* time_stamp */ '2026-10-02T07:23:50+02:00',
/* author */ (''),
/* organization */ (''),
/* preprocessor_version */ 'ST-DEVELOPER v20.2',
/* originating_system */ 'Autodesk Translation Framework v15.15.0.0',
/* authorisation */ '');

FILE_SCHEMA (('AUTOMOTIVE_DESIGN { 1 0 10303 214 3 1 1 }'));
ENDSEC;

DATA;
#10=MECHANICAL_DESIGN_GEOMETRIC_PRESENTATION_REPRESENTATION('',(#13),#12969);
#11=SHAPE_REPRESENTATION_RELATIONSHIP('SRR','None',#12976,#12);
#12=ADVANCED_BREP_SHAPE_REPRESENTATION('',(#14),#12968);
#13=STYLED_ITEM('',(#12985),#14);
#14=MANIFOLD_SOLID_BREP('K\X\F6rper1',#6833);
#15=(
BOUNDED_SURFACE()
B_SPLINE_SURFACE(2,2,((#12337,#12338,#12339),(#12340,#12341,#12342),(#12343,
#12344,#12345)),.UNSPECIFIED.,.F.,.F.,.F.)
B_SPLINE_SURFACE_WITH_KNOTS((3,3),(3,3),(-1.5707963267949,-3.88578058618804E-16),
(-2.22044604925031E-16,1.57079633448582),.UNSPECIFIED.)
GEOMETRIC_REPRESENTATION_ITEM()
RATIONAL_B_SPLINE_SURFACE(((1.,0.707106778467395,1.),(0.70710678118655,
0.499999998077271,0.70710678118655),(1.,0.707106778467395,1.)))
REPRESENTATION_ITEM('')
SURFACE()
);
#16=SPHERICAL_SURFACE('',#7101,0.999999999999997);
#17=SPHERICAL_SURFACE('',#7104,0.999999999999997);
#18=SPHERICAL_SURFACE('',#7168,1.);
#19=SPHERICAL_SURFACE('',#7212,1.);
#20=SPHERICAL_SURFACE('',#7222,1.);
#21=TOROIDAL_SURFACE('',#6935,2.,1.);
#22=TOROIDAL_SURFACE('',#6939,2.,1.);
#23=TOROIDAL_SURFACE('',#6945,2.,1.);
#24=TOROIDAL_SURFACE('',#6959,2.,1.);
#25=TOROIDAL_SURFACE('',#6997,2.,1.);
#26=TOROIDAL_SURFACE('',#7001,2.,1.);
#27=TOROIDAL_SURFACE('',#7007,2.,1.);
#28=TOROIDAL_SURFACE('',#7015,2.,1.);
#29=TOROIDAL_SURFACE('',#7020,2.,1.);
#30=TOROIDAL_SURFACE('',#7025,2.,1.);
#31=TOROIDAL_SURFACE('',#7027,2.,1.);
#32=TOROIDAL_SURFACE('',#7030,2.,1.);
#33=TOROIDAL_SURFACE('',#7035,2.,1.);
#34=TOROIDAL_SURFACE('',#7041,2.,1.);
#35=TOROIDAL_SURFACE('',#7046,2.,1.);
#36=TOROIDAL_SURFACE('',#7051,2.,1.);
#37=TOROIDAL_SURFACE('',#7092,2.25,1.);
#38=TOROIDAL_SURFACE('',#7098,2.25,1.);
#39=TOROIDAL_SURFACE('',#7114,2.25,1.);
#40=TOROIDAL_SURFACE('',#7119,2.25,1.);
#41=TOROIDAL_SURFACE('',#7124,2.25,1.);
#42=TOROIDAL_SURFACE('',#7129,2.25,1.);
#43=TOROIDAL_SURFACE('',#7133,2.25,1.);
#44=TOROIDAL_SURFACE('',#7138,2.25,1.);
#45=TOROIDAL_SURFACE('',#7187,6.75,1.);
#46=TOROIDAL_SURFACE('',#7191,4.75,1.);
#47=TOROIDAL_SURFACE('',#7200,1.3,1.);
#48=TOROIDAL_SURFACE('',#7204,5.74999999999999,1.);
#49=TOROIDAL_SURFACE('',#7208,5.5,1.);
#50=ELLIPSE('',#6925,3.34132375630461,1.6);
#51=ELLIPSE('',#6926,3.34132375630461,1.6);
#52=ELLIPSE('',#6954,3.09910381311203,1.);
#53=ELLIPSE('',#6957,3.09910381311203,1.);
#54=ELLIPSE('',#6965,1.03199900550236,1.);
#55=ELLIPSE('',#6967,4.04714992273431,1.);
#56=ELLIPSE('',#6983,2.30421428300707,1.);
#57=ELLIPSE('',#6984,4.04714992273431,1.);
#58=ELLIPSE('',#6985,1.03199900550236,1.);
#59=ELLIPSE('',#7074,4.17665469538076,2.);
#60=ELLIPSE('',#7076,3.80058475033068,1.);
#61=ELLIPSE('',#7080,3.80058475033068,1.);
#62=ELLIPSE('',#7081,4.17665469538076,2.);
#63=ELLIPSE('',#7109,2.30421428300709,1.);
#64=ELLIPSE('',#7177,1.12738194686634,1.);
#65=ELLIPSE('',#7179,1.12738194686634,1.);
#66=ELLIPSE('',#7181,1.00381983754335,1.);
#67=ELLIPSE('',#7196,1.00550827956352,1.);
#68=ELLIPSE('',#7198,1.00550827956352,1.);
#69=ELLIPSE('',#7225,2.92380440016308,1.);
#70=ELLIPSE('',#7226,2.92380440016308,1.);
#71=ELLIPSE('',#7255,1.01542661188575,1.);
#72=ELLIPSE('',#7260,2.92380440016309,1.);
#73=ELLIPSE('',#7261,1.01542661188575,1.);
#74=ELLIPSE('',#7266,2.92380440016309,1.);
#75=ELLIPSE('',#7267,1.01542661188574,1.);
#76=ELLIPSE('',#7272,2.92380440016309,1.);
#77=ELLIPSE('',#7273,1.01542661188574,1.);
#78=ELLIPSE('',#7276,2.92380440016309,1.);
#79=ELLIPSE('',#7277,1.01542661188575,1.);
#80=ELLIPSE('',#7280,2.92380440016309,1.);
#81=ELLIPSE('',#7281,1.01542661188574,1.);
#82=ELLIPSE('',#7286,2.92380440016308,1.);
#83=ELLIPSE('',#7287,1.01542661188575,1.);
#84=ELLIPSE('',#7290,1.01542661188575,1.);
#85=ELLIPSE('',#7293,2.92380440016308,1.);
#86=ELLIPSE('',#7294,1.01542661188574,1.);
#87=ELLIPSE('',#7299,1.01542661188575,1.);
#88=ELLIPSE('',#7301,2.92380440016308,1.);
#89=CYLINDRICAL_SURFACE('',#6922,0.6);
#90=CYLINDRICAL_SURFACE('',#6928,0.6);
#91=CYLINDRICAL_SURFACE('',#6951,0.6);
#92=CYLINDRICAL_SURFACE('',#6955,0.6);
#93=CYLINDRICAL_SURFACE('',#6963,1.);
#94=CYLINDRICAL_SURFACE('',#6966,1.);
#95=CYLINDRICAL_SURFACE('',#6982,1.);
#96=CYLINDRICAL_SURFACE('',#6986,1.);
#97=CYLINDRICAL_SURFACE('',#6994,1.);
#98=CYLINDRICAL_SURFACE('',#7005,1.);
#99=CYLINDRICAL_SURFACE('',#7010,1.);
#100=CYLINDRICAL_SURFACE('',#7013,1.);
#101=CYLINDRICAL_SURFACE('',#7018,1.);
#102=CYLINDRICAL_SURFACE('',#7023,1.);
#103=CYLINDRICAL_SURFACE('',#7033,1.);
#104=CYLINDRICAL_SURFACE('',#7039,1.);
#105=CYLINDRICAL_SURFACE('',#7044,1.);
#106=CYLINDRICAL_SURFACE('',#7049,1.);
#107=CYLINDRICAL_SURFACE('',#7053,1.);
#108=CYLINDRICAL_SURFACE('',#7055,1.);
#109=CYLINDRICAL_SURFACE('',#7057,1.);
#110=CYLINDRICAL_SURFACE('',#7059,1.);
#111=CYLINDRICAL_SURFACE('',#7061,1.);
#112=CYLINDRICAL_SURFACE('',#7063,1.);
#113=CYLINDRICAL_SURFACE('',#7065,1.);
#114=CYLINDRICAL_SURFACE('',#7066,1.);
#115=CYLINDRICAL_SURFACE('',#7077,1.);
#116=CYLINDRICAL_SURFACE('',#7082,1.);
#117=CYLINDRICAL_SURFACE('',#7085,1.);
#118=CYLINDRICAL_SURFACE('',#7096,1.);
#119=CYLINDRICAL_SURFACE('',#7108,1.);
#120=CYLINDRICAL_SURFACE('',#7110,1.);
#121=CYLINDRICAL_SURFACE('',#7111,1.);
#122=CYLINDRICAL_SURFACE('',#7112,1.);
#123=CYLINDRICAL_SURFACE('',#7117,1.);
#124=CYLINDRICAL_SURFACE('',#7122,1.);
#125=CYLINDRICAL_SURFACE('',#7127,1.);
#126=CYLINDRICAL_SURFACE('',#7131,1.);
#127=CYLINDRICAL_SURFACE('',#7136,1.);
#128=CYLINDRICAL_SURFACE('',#7141,1.);
#129=CYLINDRICAL_SURFACE('',#7142,1.25);
#130=CYLINDRICAL_SURFACE('',#7144,1.25);
#131=CYLINDRICAL_SURFACE('',#7146,1.25);
#132=CYLINDRICAL_SURFACE('',#7147,1.25);
#133=CYLINDRICAL_SURFACE('',#7150,2.);
#134=CYLINDRICAL_SURFACE('',#7155,2.);
#135=CYLINDRICAL_SURFACE('',#7160,1.);
#136=CYLINDRICAL_SURFACE('',#7163,1.);
#137=CYLINDRICAL_SURFACE('',#7172,1.);
#138=CYLINDRICAL_SURFACE('',#7174,1.);
#139=CYLINDRICAL_SURFACE('',#7176,1.);
#140=CYLINDRICAL_SURFACE('',#7178,1.);
#141=CYLINDRICAL_SURFACE('',#7180,1.);
#142=CYLINDRICAL_SURFACE('',#7182,1.);
#143=CYLINDRICAL_SURFACE('',#7195,1.);
#144=CYLINDRICAL_SURFACE('',#7197,1.);
#145=CYLINDRICAL_SURFACE('',#7199,1.);
#146=CYLINDRICAL_SURFACE('',#7207,1.);
#147=CYLINDRICAL_SURFACE('',#7216,1.);
#148=CYLINDRICAL_SURFACE('',#7218,1.);
#149=CYLINDRICAL_SURFACE('',#7220,1.);
#150=CYLINDRICAL_SURFACE('',#7254,1.);
#151=CYLINDRICAL_SURFACE('',#7256,1.);
#152=CYLINDRICAL_SURFACE('',#7259,1.);
#153=CYLINDRICAL_SURFACE('',#7262,1.);
#154=CYLINDRICAL_SURFACE('',#7265,1.);
#155=CYLINDRICAL_SURFACE('',#7268,1.);
#156=CYLINDRICAL_SURFACE('',#7271,1.);
#157=CYLINDRICAL_SURFACE('',#7274,1.);
#158=CYLINDRICAL_SURFACE('',#7275,1.);
#159=CYLINDRICAL_SURFACE('',#7278,1.);
#160=CYLINDRICAL_SURFACE('',#7279,1.);
#161=CYLINDRICAL_SURFACE('',#7282,1.);
#162=CYLINDRICAL_SURFACE('',#7285,1.);
#163=CYLINDRICAL_SURFACE('',#7288,1.);
#164=CYLINDRICAL_SURFACE('',#7289,1.);
#165=CYLINDRICAL_SURFACE('',#7291,1.);
#166=CYLINDRICAL_SURFACE('',#7292,1.);
#167=CYLINDRICAL_SURFACE('',#7295,1.);
#168=CYLINDRICAL_SURFACE('',#7298,1.);
#169=CYLINDRICAL_SURFACE('',#7300,1.);
#170=CYLINDRICAL_SURFACE('',#7312,6.);
#171=CYLINDRICAL_SURFACE('',#7315,7.5);
#172=CYLINDRICAL_SURFACE('',#7319,1.8);
#173=CYLINDRICAL_SURFACE('',#7322,5.75);
#174=CYLINDRICAL_SURFACE('',#7327,3.75);
#175=CYLINDRICAL_SURFACE('',#7328,1.8);
#176=CYLINDRICAL_SURFACE('',#7331,5.75);
#177=CYLINDRICAL_SURFACE('',#7337,3.75);
#178=CYLINDRICAL_SURFACE('',#7341,0.750000000000002);
#179=CYLINDRICAL_SURFACE('',#7343,4.5);
#180=CYLINDRICAL_SURFACE('',#7345,1.);
#181=CYLINDRICAL_SURFACE('',#7348,3.75);
#182=CYLINDRICAL_SURFACE('',#7351,5.75);
#183=CYLINDRICAL_SURFACE('',#7353,5.75);
#184=CYLINDRICAL_SURFACE('',#7355,2.);
#185=CYLINDRICAL_SURFACE('',#7375,2.3);
#186=CYLINDRICAL_SURFACE('',#7376,4.74999999999999);
#187=CYLINDRICAL_SURFACE('',#7377,0.950000000000006);
#188=CYLINDRICAL_SURFACE('',#7380,1.8);
#189=CYLINDRICAL_SURFACE('',#7393,3.09999999999555);
#190=CYLINDRICAL_SURFACE('',#7395,3.);
#191=CIRCLE('',#6921,0.600000000000001);
#192=CIRCLE('',#6923,0.600000000000001);
#193=CIRCLE('',#6927,0.600000000000001);
#194=CIRCLE('',#6929,0.6);
#195=CIRCLE('',#6931,2.);
#196=CIRCLE('',#6932,2.);
#197=CIRCLE('',#6933,2.);
#198=CIRCLE('',#6934,2.);
#199=CIRCLE('',#6936,1.);
#200=CIRCLE('',#6937,1.00000000000001);
#201=CIRCLE('',#6938,0.600000000000001);
#202=CIRCLE('',#6940,2.);
#203=CIRCLE('',#6941,1.);
#204=CIRCLE('',#6942,1.);
#205=CIRCLE('',#6943,0.599999999999997);
#206=CIRCLE('',#6944,0.600000000000001);
#207=CIRCLE('',#6946,2.);
#208=CIRCLE('',#6947,1.);
#209=CIRCLE('',#6948,1.);
#210=CIRCLE('',#6949,0.600000000000001);
#211=CIRCLE('',#6950,0.600000000000001);
#212=CIRCLE('',#6952,0.600000000000001);
#213=CIRCLE('',#6953,0.600000000000001);
#214=CIRCLE('',#6956,0.600000000000005);
#215=CIRCLE('',#6958,0.600000000000001);
#216=CIRCLE('',#6960,2.);
#217=CIRCLE('',#6961,1.);
#218=CIRCLE('',#6962,1.);
#219=CIRCLE('',#6964,1.);
#220=CIRCLE('',#6969,1.);
#221=CIRCLE('',#6970,1.);
#222=CIRCLE('',#6971,1.);
#223=CIRCLE('',#6972,1.);
#224=CIRCLE('',#6973,3.75);
#225=CIRCLE('',#6974,3.);
#226=CIRCLE('',#6975,3.09999999999555);
#227=CIRCLE('',#6976,3.75);
#228=CIRCLE('',#6977,3.75);
#229=CIRCLE('',#6981,2.);
#230=CIRCLE('',#6988,2.);
#231=CIRCLE('',#6989,2.);
#232=CIRCLE('',#6991,2.);
#233=CIRCLE('',#6992,2.);
#234=CIRCLE('',#6993,2.);
#235=CIRCLE('',#6995,1.);
#236=CIRCLE('',#6996,1.);
#237=CIRCLE('',#6998,2.);
#238=CIRCLE('',#6999,1.);
#239=CIRCLE('',#7000,1.);
#240=CIRCLE('',#7002,1.00000000000001);
#241=CIRCLE('',#7003,1.);
#242=CIRCLE('',#7004,1.);
#243=CIRCLE('',#7006,1.00000000000001);
#244=CIRCLE('',#7008,1.);
#245=CIRCLE('',#7009,1.);
#246=CIRCLE('',#7012,2.);
#247=CIRCLE('',#7014,1.00000000000001);
#248=CIRCLE('',#7016,1.);
#249=CIRCLE('',#7017,1.);
#250=CIRCLE('',#7019,1.00000000000001);
#251=CIRCLE('',#7021,1.);
#252=CIRCLE('',#7022,1.);
#253=CIRCLE('',#7024,1.00000000000001);
#254=CIRCLE('',#7026,1.);
#255=CIRCLE('',#7028,1.);
#256=CIRCLE('',#7029,1.);
#257=CIRCLE('',#7031,1.);
#258=CIRCLE('',#7032,1.);
#259=CIRCLE('',#7034,1.);
#260=CIRCLE('',#7036,1.);
#261=CIRCLE('',#7038,2.);
#262=CIRCLE('',#7040,1.);
#263=CIRCLE('',#7042,1.);
#264=CIRCLE('',#7043,1.);
#265=CIRCLE('',#7045,1.);
#266=CIRCLE('',#7047,1.);
#267=CIRCLE('',#7048,1.);
#268=CIRCLE('',#7050,1.);
#269=CIRCLE('',#7052,1.);
#270=CIRCLE('',#7067,1.);
#271=CIRCLE('',#7069,2.25);
#272=CIRCLE('',#7070,2.25);
#273=CIRCLE('',#7071,2.25);
#274=CIRCLE('',#7072,2.25);
#275=CIRCLE('',#7073,0.999999999999999);
#276=CIRCLE('',#7075,1.);
#277=CIRCLE('',#7078,0.999999999999996);
#278=CIRCLE('',#7079,1.);
#279=CIRCLE('',#7083,0.999999999999996);
#280=CIRCLE('',#7084,1.);
#281=CIRCLE('',#7086,1.);
#282=CIRCLE('',#7088,2.25);
#283=CIRCLE('',#7089,2.25);
#284=CIRCLE('',#7090,2.25);
#285=CIRCLE('',#7091,2.25);
#286=CIRCLE('',#7093,1.25);
#287=CIRCLE('',#7094,1.);
#288=CIRCLE('',#7097,1.);
#289=CIRCLE('',#7099,0.999999999999996);
#290=CIRCLE('',#7100,1.25);
#291=CIRCLE('',#7102,0.999999999999996);
#292=CIRCLE('',#7103,0.999999999999997);
#293=CIRCLE('',#7105,1.);
#294=CIRCLE('',#7106,0.999999999999997);
#295=CIRCLE('',#7107,1.00000000000001);
#296=CIRCLE('',#7115,1.);
#297=CIRCLE('',#7116,1.25);
#298=CIRCLE('',#7118,1.);
#299=CIRCLE('',#7120,1.);
#300=CIRCLE('',#7121,1.25);
#301=CIRCLE('',#7123,0.999999999999999);
#302=CIRCLE('',#7125,1.);
#303=CIRCLE('',#7126,1.25);
#304=CIRCLE('',#7128,0.999999999999999);
#305=CIRCLE('',#7130,1.25);
#306=CIRCLE('',#7132,1.);
#307=CIRCLE('',#7134,1.);
#308=CIRCLE('',#7135,1.25);
#309=CIRCLE('',#7137,1.);
#310=CIRCLE('',#7139,1.);
#311=CIRCLE('',#7140,1.25);
#312=CIRCLE('',#7151,2.);
#313=CIRCLE('',#7152,2.);
#314=CIRCLE('',#7154,1.);
#315=CIRCLE('',#7156,2.);
#316=CIRCLE('',#7157,2.);
#317=CIRCLE('',#7159,1.);
#318=CIRCLE('',#7166,0.750000000000002);
#319=CIRCLE('',#7167,0.950000000000006);
#320=CIRCLE('',#7169,0.999999999999996);
#321=CIRCLE('',#7170,1.);
#322=CIRCLE('',#7171,1.);
#323=CIRCLE('',#7173,1.);
#324=CIRCLE('',#7175,1.);
#325=CIRCLE('',#7183,1.);
#326=CIRCLE('',#7184,1.00000000000001);
#327=CIRCLE('',#7185,1.);
#328=CIRCLE('',#7186,2.);
#329=CIRCLE('',#7188,0.999999999999997);
#330=CIRCLE('',#7189,6.75);
#331=CIRCLE('',#7190,5.75);
#332=CIRCLE('',#7192,1.00000000000001);
#333=CIRCLE('',#7193,4.75);
#334=CIRCLE('',#7194,5.75);
#335=CIRCLE('',#7201,2.3);
#336=CIRCLE('',#7202,1.);
#337=CIRCLE('',#7203,1.3);
#338=CIRCLE('',#7205,5.74999999999999);
#339=CIRCLE('',#7206,4.74999999999999);
#340=CIRCLE('',#7209,4.5);
#341=CIRCLE('',#7210,0.999999999999996);
#342=CIRCLE('',#7211,5.5);
#343=CIRCLE('',#7213,0.999999999999996);
#344=CIRCLE('',#7214,1.);
#345=CIRCLE('',#7215,1.);
#346=CIRCLE('',#7217,0.999999999999996);
#347=CIRCLE('',#7219,1.);
#348=CIRCLE('',#7221,1.);
#349=CIRCLE('',#7223,1.);
#350=CIRCLE('',#7232,1.);
#351=CIRCLE('',#7233,1.);
#352=CIRCLE('',#7237,1.);
#353=CIRCLE('',#7238,1.);
#354=CIRCLE('',#7242,1.);
#355=CIRCLE('',#7243,1.);
#356=CIRCLE('',#7247,1.);
#357=CIRCLE('',#7248,1.);
#358=CIRCLE('',#7252,1.);
#359=CIRCLE('',#7253,1.);
#360=CIRCLE('',#7313,6.);
#361=CIRCLE('',#7314,6.);
#362=CIRCLE('',#7316,7.5);
#363=CIRCLE('',#7317,7.5);
#364=CIRCLE('',#7320,1.8);
#365=CIRCLE('',#7321,1.8);
#366=CIRCLE('',#7323,5.75);
#367=CIRCLE('',#7324,5.75);
#368=CIRCLE('',#7326,3.75);
#369=CIRCLE('',#7329,1.8);
#370=CIRCLE('',#7330,1.8);
#371=CIRCLE('',#7332,5.75);
#372=CIRCLE('',#7333,5.75);
#373=CIRCLE('',#7335,3.75);
#374=CIRCLE('',#7338,3.75);
#375=CIRCLE('',#7340,1.8);
#376=CIRCLE('',#7342,0.750000000000002);
#377=CIRCLE('',#7344,4.5);
#378=CIRCLE('',#7346,1.);
#379=CIRCLE('',#7352,5.75);
#380=CIRCLE('',#7354,5.75);
#381=CIRCLE('',#7356,2.);
#382=CIRCLE('',#7359,3.09999999999555);
#383=CIRCLE('',#7360,3.);
#384=CIRCLE('',#7361,1.8);
#385=CIRCLE('',#7362,4.75);
#386=CIRCLE('',#7363,2.29999999999999);
#387=CIRCLE('',#7364,0.950000000000009);
#388=FACE_BOUND('',#982,.T.);
#389=FACE_BOUND('',#1045,.T.);
#390=FACE_BOUND('',#1116,.T.);
#391=FACE_BOUND('',#1244,.T.);
#392=FACE_BOUND('',#1306,.T.);
#393=FACE_BOUND('',#1311,.T.);
#394=FACE_BOUND('',#1315,.T.);
#395=FACE_BOUND('',#1328,.T.);
#396=FACE_BOUND('',#1329,.T.);
#397=FACE_BOUND('',#1330,.T.);
#398=FACE_BOUND('',#1331,.T.);
#399=FACE_BOUND('',#1356,.T.);
#400=FACE_BOUND('',#1357,.T.);
#401=FACE_BOUND('',#1358,.T.);
#402=FACE_BOUND('',#1359,.T.);
#403=FACE_BOUND('',#1364,.T.);
#404=FACE_BOUND('',#1365,.T.);
#405=FACE_BOUND('',#1366,.T.);
#406=FACE_BOUND('',#1367,.T.);
#407=PLANE('',#6847);
#408=PLANE('',#6848);
#409=PLANE('',#6849);
#410=PLANE('',#6850);
#411=PLANE('',#6851);
#412=PLANE('',#6852);
#413=PLANE('',#6853);
#414=PLANE('',#6854);
#415=PLANE('',#6855);
#416=PLANE('',#6856);
#417=PLANE('',#6857);
#418=PLANE('',#6858);
#419=PLANE('',#6859);
#420=PLANE('',#6860);
#421=PLANE('',#6861);
#422=PLANE('',#6862);
#423=PLANE('',#6863);
#424=PLANE('',#6864);
#425=PLANE('',#6865);
#426=PLANE('',#6866);
#427=PLANE('',#6867);
#428=PLANE('',#6868);
#429=PLANE('',#6869);
#430=PLANE('',#6870);
#431=PLANE('',#6871);
#432=PLANE('',#6872);
#433=PLANE('',#6873);
#434=PLANE('',#6874);
#435=PLANE('',#6875);
#436=PLANE('',#6876);
#437=PLANE('',#6877);
#438=PLANE('',#6878);
#439=PLANE('',#6879);
#440=PLANE('',#6880);
#441=PLANE('',#6881);
#442=PLANE('',#6882);
#443=PLANE('',#6883);
#444=PLANE('',#6884);
#445=PLANE('',#6885);
#446=PLANE('',#6886);
#447=PLANE('',#6887);
#448=PLANE('',#6888);
#449=PLANE('',#6889);
#450=PLANE('',#6890);
#451=PLANE('',#6891);
#452=PLANE('',#6892);
#453=PLANE('',#6893);
#454=PLANE('',#6894);
#455=PLANE('',#6895);
#456=PLANE('',#6896);
#457=PLANE('',#6897);
#458=PLANE('',#6898);
#459=PLANE('',#6899);
#460=PLANE('',#6900);
#461=PLANE('',#6901);
#462=PLANE('',#6902);
#463=PLANE('',#6903);
#464=PLANE('',#6904);
#465=PLANE('',#6905);
#466=PLANE('',#6906);
#467=PLANE('',#6907);
#468=PLANE('',#6908);
#469=PLANE('',#6909);
#470=PLANE('',#6910);
#471=PLANE('',#6911);
#472=PLANE('',#6912);
#473=PLANE('',#6913);
#474=PLANE('',#6914);
#475=PLANE('',#6915);
#476=PLANE('',#6916);
#477=PLANE('',#6917);
#478=PLANE('',#6918);
#479=PLANE('',#6919);
#480=PLANE('',#6920);
#481=PLANE('',#6924);
#482=PLANE('',#6930);
#483=PLANE('',#6968);
#484=PLANE('',#6978);
#485=PLANE('',#6979);
#486=PLANE('',#6980);
#487=PLANE('',#6987);
#488=PLANE('',#6990);
#489=PLANE('',#7011);
#490=PLANE('',#7037);
#491=PLANE('',#7054);
#492=PLANE('',#7056);
#493=PLANE('',#7058);
#494=PLANE('',#7060);
#495=PLANE('',#7062);
#496=PLANE('',#7064);
#497=PLANE('',#7068);
#498=PLANE('',#7087);
#499=PLANE('',#7095);
#500=PLANE('',#7113);
#501=PLANE('',#7143);
#502=PLANE('',#7145);
#503=PLANE('',#7148);
#504=PLANE('',#7149);
#505=PLANE('',#7153);
#506=PLANE('',#7158);
#507=PLANE('',#7161);
#508=PLANE('',#7162);
#509=PLANE('',#7164);
#510=PLANE('',#7165);
#511=PLANE('',#7224);
#512=PLANE('',#7227);
#513=PLANE('',#7228);
#514=PLANE('',#7229);
#515=PLANE('',#7230);
#516=PLANE('',#7231);
#517=PLANE('',#7234);
#518=PLANE('',#7235);
#519=PLANE('',#7236);
#520=PLANE('',#7239);
#521=PLANE('',#7240);
#522=PLANE('',#7241);
#523=PLANE('',#7244);
#524=PLANE('',#7245);
#525=PLANE('',#7246);
#526=PLANE('',#7249);
#527=PLANE('',#7250);
#528=PLANE('',#7251);
#529=PLANE('',#7257);
#530=PLANE('',#7258);
#531=PLANE('',#7263);
#532=PLANE('',#7264);
#533=PLANE('',#7269);
#534=PLANE('',#7270);
#535=PLANE('',#7283);
#536=PLANE('',#7284);
#537=PLANE('',#7296);
#538=PLANE('',#7297);
#539=PLANE('',#7302);
#540=PLANE('',#7303);
#541=PLANE('',#7304);
#542=PLANE('',#7305);
#543=PLANE('',#7306);
#544=PLANE('',#7307);
#545=PLANE('',#7308);
#546=PLANE('',#7309);
#547=PLANE('',#7310);
#548=PLANE('',#7311);
#549=PLANE('',#7318);
#550=PLANE('',#7325);
#551=PLANE('',#7334);
#552=PLANE('',#7336);
#553=PLANE('',#7339);
#554=PLANE('',#7347);
#555=PLANE('',#7349);
#556=PLANE('',#7350);
#557=PLANE('',#7357);
#558=PLANE('',#7358);
#559=PLANE('',#7365);
#560=PLANE('',#7366);
#561=PLANE('',#7367);
#562=PLANE('',#7368);
#563=PLANE('',#7369);
#564=PLANE('',#7370);
#565=PLANE('',#7371);
#566=PLANE('',#7372);
#567=PLANE('',#7373);
#568=PLANE('',#7374);
#569=PLANE('',#7378);
#570=PLANE('',#7379);
#571=PLANE('',#7381);
#572=PLANE('',#7382);
#573=PLANE('',#7383);
#574=PLANE('',#7384);
#575=PLANE('',#7385);
#576=PLANE('',#7386);
#577=PLANE('',#7387);
#578=PLANE('',#7388);
#579=PLANE('',#7389);
#580=PLANE('',#7390);
#581=PLANE('',#7391);
#582=PLANE('',#7392);
#583=PLANE('',#7394);
#584=FACE_OUTER_BOUND('',#968,.T.);
#585=FACE_OUTER_BOUND('',#969,.T.);
#586=FACE_OUTER_BOUND('',#970,.T.);
#587=FACE_OUTER_BOUND('',#971,.T.);
#588=FACE_OUTER_BOUND('',#972,.T.);
#589=FACE_OUTER_BOUND('',#973,.T.);
#590=FACE_OUTER_BOUND('',#974,.T.);
#591=FACE_OUTER_BOUND('',#975,.T.);
#592=FACE_OUTER_BOUND('',#976,.T.);
#593=FACE_OUTER_BOUND('',#977,.T.);
#594=FACE_OUTER_BOUND('',#978,.T.);
#595=FACE_OUTER_BOUND('',#979,.T.);
#596=FACE_OUTER_BOUND('',#980,.T.);
#597=FACE_OUTER_BOUND('',#981,.T.);
#598=FACE_OUTER_BOUND('',#983,.T.);
#599=FACE_OUTER_BOUND('',#984,.T.);
#600=FACE_OUTER_BOUND('',#985,.T.);
#601=FACE_OUTER_BOUND('',#986,.T.);
#602=FACE_OUTER_BOUND('',#987,.T.);
#603=FACE_OUTER_BOUND('',#988,.T.);
#604=FACE_OUTER_BOUND('',#989,.T.);
#605=FACE_OUTER_BOUND('',#990,.T.);
#606=FACE_OUTER_BOUND('',#991,.T.);
#607=FACE_OUTER_BOUND('',#992,.T.);
#608=FACE_OUTER_BOUND('',#993,.T.);
#609=FACE_OUTER_BOUND('',#994,.T.);
#610=FACE_OUTER_BOUND('',#995,.T.);
#611=FACE_OUTER_BOUND('',#996,.T.);
#612=FACE_OUTER_BOUND('',#997,.T.);
#613=FACE_OUTER_BOUND('',#998,.T.);
#614=FACE_OUTER_BOUND('',#999,.T.);
#615=FACE_OUTER_BOUND('',#1000,.T.);
#616=FACE_OUTER_BOUND('',#1001,.T.);
#617=FACE_OUTER_BOUND('',#1002,.T.);
#618=FACE_OUTER_BOUND('',#1003,.T.);
#619=FACE_OUTER_BOUND('',#1004,.T.);
#620=FACE_OUTER_BOUND('',#1005,.T.);
#621=FACE_OUTER_BOUND('',#1006,.T.);
#622=FACE_OUTER_BOUND('',#1007,.T.);
#623=FACE_OUTER_BOUND('',#1008,.T.);
#624=FACE_OUTER_BOUND('',#1009,.T.);
#625=FACE_OUTER_BOUND('',#1010,.T.);
#626=FACE_OUTER_BOUND('',#1011,.T.);
#627=FACE_OUTER_BOUND('',#1012,.T.);
#628=FACE_OUTER_BOUND('',#1013,.T.);
#629=FACE_OUTER_BOUND('',#1014,.T.);
#630=FACE_OUTER_BOUND('',#1015,.T.);
#631=FACE_OUTER_BOUND('',#1016,.T.);
#632=FACE_OUTER_BOUND('',#1017,.T.);
#633=FACE_OUTER_BOUND('',#1018,.T.);
#634=FACE_OUTER_BOUND('',#1019,.T.);
#635=FACE_OUTER_BOUND('',#1020,.T.);
#636=FACE_OUTER_BOUND('',#1021,.T.);
#637=FACE_OUTER_BOUND('',#1022,.T.);
#638=FACE_OUTER_BOUND('',#1023,.T.);
#639=FACE_OUTER_BOUND('',#1024,.T.);
#640=FACE_OUTER_BOUND('',#1025,.T.);
#641=FACE_OUTER_BOUND('',#1026,.T.);
#642=FACE_OUTER_BOUND('',#1027,.T.);
#643=FACE_OUTER_BOUND('',#1028,.T.);
#644=FACE_OUTER_BOUND('',#1029,.T.);
#645=FACE_OUTER_BOUND('',#1030,.T.);
#646=FACE_OUTER_BOUND('',#1031,.T.);
#647=FACE_OUTER_BOUND('',#1032,.T.);
#648=FACE_OUTER_BOUND('',#1033,.T.);
#649=FACE_OUTER_BOUND('',#1034,.T.);
#650=FACE_OUTER_BOUND('',#1035,.T.);
#651=FACE_OUTER_BOUND('',#1036,.T.);
#652=FACE_OUTER_BOUND('',#1037,.T.);
#653=FACE_OUTER_BOUND('',#1038,.T.);
#654=FACE_OUTER_BOUND('',#1039,.T.);
#655=FACE_OUTER_BOUND('',#1040,.T.);
#656=FACE_OUTER_BOUND('',#1041,.T.);
#657=FACE_OUTER_BOUND('',#1042,.T.);
#658=FACE_OUTER_BOUND('',#1043,.T.);
#659=FACE_OUTER_BOUND('',#1044,.T.);
#660=FACE_OUTER_BOUND('',#1046,.T.);
#661=FACE_OUTER_BOUND('',#1047,.T.);
#662=FACE_OUTER_BOUND('',#1048,.T.);
#663=FACE_OUTER_BOUND('',#1049,.T.);
#664=FACE_OUTER_BOUND('',#1050,.T.);
#665=FACE_OUTER_BOUND('',#1051,.T.);
#666=FACE_OUTER_BOUND('',#1052,.T.);
#667=FACE_OUTER_BOUND('',#1053,.T.);
#668=FACE_OUTER_BOUND('',#1054,.T.);
#669=FACE_OUTER_BOUND('',#1055,.T.);
#670=FACE_OUTER_BOUND('',#1056,.T.);
#671=FACE_OUTER_BOUND('',#1057,.T.);
#672=FACE_OUTER_BOUND('',#1058,.T.);
#673=FACE_OUTER_BOUND('',#1059,.T.);
#674=FACE_OUTER_BOUND('',#1060,.T.);
#675=FACE_OUTER_BOUND('',#1061,.T.);
#676=FACE_OUTER_BOUND('',#1062,.T.);
#677=FACE_OUTER_BOUND('',#1063,.T.);
#678=FACE_OUTER_BOUND('',#1064,.T.);
#679=FACE_OUTER_BOUND('',#1065,.T.);
#680=FACE_OUTER_BOUND('',#1066,.T.);
#681=FACE_OUTER_BOUND('',#1067,.T.);
#682=FACE_OUTER_BOUND('',#1068,.T.);
#683=FACE_OUTER_BOUND('',#1069,.T.);
#684=FACE_OUTER_BOUND('',#1070,.T.);
#685=FACE_OUTER_BOUND('',#1071,.T.);
#686=FACE_OUTER_BOUND('',#1072,.T.);
#687=FACE_OUTER_BOUND('',#1073,.T.);
#688=FACE_OUTER_BOUND('',#1074,.T.);
#689=FACE_OUTER_BOUND('',#1075,.T.);
#690=FACE_OUTER_BOUND('',#1076,.T.);
#691=FACE_OUTER_BOUND('',#1077,.T.);
#692=FACE_OUTER_BOUND('',#1078,.T.);
#693=FACE_OUTER_BOUND('',#1079,.T.);
#694=FACE_OUTER_BOUND('',#1080,.T.);
#695=FACE_OUTER_BOUND('',#1081,.T.);
#696=FACE_OUTER_BOUND('',#1082,.T.);
#697=FACE_OUTER_BOUND('',#1083,.T.);
#698=FACE_OUTER_BOUND('',#1084,.T.);
#699=FACE_OUTER_BOUND('',#1085,.T.);
#700=FACE_OUTER_BOUND('',#1086,.T.);
#701=FACE_OUTER_BOUND('',#1087,.T.);
#702=FACE_OUTER_BOUND('',#1088,.T.);
#703=FACE_OUTER_BOUND('',#1089,.T.);
#704=FACE_OUTER_BOUND('',#1090,.T.);
#705=FACE_OUTER_BOUND('',#1091,.T.);
#706=FACE_OUTER_BOUND('',#1092,.T.);
#707=FACE_OUTER_BOUND('',#1093,.T.);
#708=FACE_OUTER_BOUND('',#1094,.T.);
#709=FACE_OUTER_BOUND('',#1095,.T.);
#710=FACE_OUTER_BOUND('',#1096,.T.);
#711=FACE_OUTER_BOUND('',#1097,.T.);
#712=FACE_OUTER_BOUND('',#1098,.T.);
#713=FACE_OUTER_BOUND('',#1099,.T.);
#714=FACE_OUTER_BOUND('',#1100,.T.);
#715=FACE_OUTER_BOUND('',#1101,.T.);
#716=FACE_OUTER_BOUND('',#1102,.T.);
#717=FACE_OUTER_BOUND('',#1103,.T.);
#718=FACE_OUTER_BOUND('',#1104,.T.);
#719=FACE_OUTER_BOUND('',#1105,.T.);
#720=FACE_OUTER_BOUND('',#1106,.T.);
#721=FACE_OUTER_BOUND('',#1107,.T.);
#722=FACE_OUTER_BOUND('',#1108,.T.);
#723=FACE_OUTER_BOUND('',#1109,.T.);
#724=FACE_OUTER_BOUND('',#1110,.T.);
#725=FACE_OUTER_BOUND('',#1111,.T.);
#726=FACE_OUTER_BOUND('',#1112,.T.);
#727=FACE_OUTER_BOUND('',#1113,.T.);
#728=FACE_OUTER_BOUND('',#1114,.T.);
#729=FACE_OUTER_BOUND('',#1115,.T.);
#730=FACE_OUTER_BOUND('',#1117,.T.);
#731=FACE_OUTER_BOUND('',#1118,.T.);
#732=FACE_OUTER_BOUND('',#1119,.T.);
#733=FACE_OUTER_BOUND('',#1120,.T.);
#734=FACE_OUTER_BOUND('',#1121,.T.);
#735=FACE_OUTER_BOUND('',#1122,.T.);
#736=FACE_OUTER_BOUND('',#1123,.T.);
#737=FACE_OUTER_BOUND('',#1124,.T.);
#738=FACE_OUTER_BOUND('',#1125,.T.);
#739=FACE_OUTER_BOUND('',#1126,.T.);
#740=FACE_OUTER_BOUND('',#1127,.T.);
#741=FACE_OUTER_BOUND('',#1128,.T.);
#742=FACE_OUTER_BOUND('',#1129,.T.);
#743=FACE_OUTER_BOUND('',#1130,.T.);
#744=FACE_OUTER_BOUND('',#1131,.T.);
#745=FACE_OUTER_BOUND('',#1132,.T.);
#746=FACE_OUTER_BOUND('',#1133,.T.);
#747=FACE_OUTER_BOUND('',#1134,.T.);
#748=FACE_OUTER_BOUND('',#1135,.T.);
#749=FACE_OUTER_BOUND('',#1136,.T.);
#750=FACE_OUTER_BOUND('',#1137,.T.);
#751=FACE_OUTER_BOUND('',#1138,.T.);
#752=FACE_OUTER_BOUND('',#1139,.T.);
#753=FACE_OUTER_BOUND('',#1140,.T.);
#754=FACE_OUTER_BOUND('',#1141,.T.);
#755=FACE_OUTER_BOUND('',#1142,.T.);
#756=FACE_OUTER_BOUND('',#1143,.T.);
#757=FACE_OUTER_BOUND('',#1144,.T.);
#758=FACE_OUTER_BOUND('',#1145,.T.);
#759=FACE_OUTER_BOUND('',#1146,.T.);
#760=FACE_OUTER_BOUND('',#1147,.T.);
#761=FACE_OUTER_BOUND('',#1148,.T.);
#762=FACE_OUTER_BOUND('',#1149,.T.);
#763=FACE_OUTER_BOUND('',#1150,.T.);
#764=FACE_OUTER_BOUND('',#1151,.T.);
#765=FACE_OUTER_BOUND('',#1152,.T.);
#766=FACE_OUTER_BOUND('',#1153,.T.);
#767=FACE_OUTER_BOUND('',#1154,.T.);
#768=FACE_OUTER_BOUND('',#1155,.T.);
#769=FACE_OUTER_BOUND('',#1156,.T.);
#770=FACE_OUTER_BOUND('',#1157,.T.);
#771=FACE_OUTER_BOUND('',#1158,.T.);
#772=FACE_OUTER_BOUND('',#1159,.T.);
#773=FACE_OUTER_BOUND('',#1160,.T.);
#774=FACE_OUTER_BOUND('',#1161,.T.);
#775=FACE_OUTER_BOUND('',#1162,.T.);
#776=FACE_OUTER_BOUND('',#1163,.T.);
#777=FACE_OUTER_BOUND('',#1164,.T.);
#778=FACE_OUTER_BOUND('',#1165,.T.);
#779=FACE_OUTER_BOUND('',#1166,.T.);
#780=FACE_OUTER_BOUND('',#1167,.T.);
#781=FACE_OUTER_BOUND('',#1168,.T.);
#782=FACE_OUTER_BOUND('',#1169,.T.);
#783=FACE_OUTER_BOUND('',#1170,.T.);
#784=FACE_OUTER_BOUND('',#1171,.T.);
#785=FACE_OUTER_BOUND('',#1172,.T.);
#786=FACE_OUTER_BOUND('',#1173,.T.);
#787=FACE_OUTER_BOUND('',#1174,.T.);
#788=FACE_OUTER_BOUND('',#1175,.T.);
#789=FACE_OUTER_BOUND('',#1176,.T.);
#790=FACE_OUTER_BOUND('',#1177,.T.);
#791=FACE_OUTER_BOUND('',#1178,.T.);
#792=FACE_OUTER_BOUND('',#1179,.T.);
#793=FACE_OUTER_BOUND('',#1180,.T.);
#794=FACE_OUTER_BOUND('',#1181,.T.);
#795=FACE_OUTER_BOUND('',#1182,.T.);
#796=FACE_OUTER_BOUND('',#1183,.T.);
#797=FACE_OUTER_BOUND('',#1184,.T.);
#798=FACE_OUTER_BOUND('',#1185,.T.);
#799=FACE_OUTER_BOUND('',#1186,.T.);
#800=FACE_OUTER_BOUND('',#1187,.T.);
#801=FACE_OUTER_BOUND('',#1188,.T.);
#802=FACE_OUTER_BOUND('',#1189,.T.);
#803=FACE_OUTER_BOUND('',#1190,.T.);
#804=FACE_OUTER_BOUND('',#1191,.T.);
#805=FACE_OUTER_BOUND('',#1192,.T.);
#806=FACE_OUTER_BOUND('',#1193,.T.);
#807=FACE_OUTER_BOUND('',#1194,.T.);
#808=FACE_OUTER_BOUND('',#1195,.T.);
#809=FACE_OUTER_BOUND('',#1196,.T.);
#810=FACE_OUTER_BOUND('',#1197,.T.);
#811=FACE_OUTER_BOUND('',#1198,.T.);
#812=FACE_OUTER_BOUND('',#1199,.T.);
#813=FACE_OUTER_BOUND('',#1200,.T.);
#814=FACE_OUTER_BOUND('',#1201,.T.);
#815=FACE_OUTER_BOUND('',#1202,.T.);
#816=FACE_OUTER_BOUND('',#1203,.T.);
#817=FACE_OUTER_BOUND('',#1204,.T.);
#818=FACE_OUTER_BOUND('',#1205,.T.);
#819=FACE_OUTER_BOUND('',#1206,.T.);
#820=FACE_OUTER_BOUND('',#1207,.T.);
#821=FACE_OUTER_BOUND('',#1208,.T.);
#822=FACE_OUTER_BOUND('',#1209,.T.);
#823=FACE_OUTER_BOUND('',#1210,.T.);
#824=FACE_OUTER_BOUND('',#1211,.T.);
#825=FACE_OUTER_BOUND('',#1212,.T.);
#826=FACE_OUTER_BOUND('',#1213,.T.);
#827=FACE_OUTER_BOUND('',#1214,.T.);
#828=FACE_OUTER_BOUND('',#1215,.T.);
#829=FACE_OUTER_BOUND('',#1216,.T.);
#830=FACE_OUTER_BOUND('',#1217,.T.);
#831=FACE_OUTER_BOUND('',#1218,.T.);
#832=FACE_OUTER_BOUND('',#1219,.T.);
#833=FACE_OUTER_BOUND('',#1220,.T.);
#834=FACE_OUTER_BOUND('',#1221,.T.);
#835=FACE_OUTER_BOUND('',#1222,.T.);
#836=FACE_OUTER_BOUND('',#1223,.T.);
#837=FACE_OUTER_BOUND('',#1224,.T.);
#838=FACE_OUTER_BOUND('',#1225,.T.);
#839=FACE_OUTER_BOUND('',#1226,.T.);
#840=FACE_OUTER_BOUND('',#1227,.T.);
#841=FACE_OUTER_BOUND('',#1228,.T.);
#842=FACE_OUTER_BOUND('',#1229,.T.);
#843=FACE_OUTER_BOUND('',#1230,.T.);
#844=FACE_OUTER_BOUND('',#1231,.T.);
#845=FACE_OUTER_BOUND('',#1232,.T.);
#846=FACE_OUTER_BOUND('',#1233,.T.);
#847=FACE_OUTER_BOUND('',#1234,.T.);
#848=FACE_OUTER_BOUND('',#1235,.T.);
#849=FACE_OUTER_BOUND('',#1236,.T.);
#850=FACE_OUTER_BOUND('',#1237,.T.);
#851=FACE_OUTER_BOUND('',#1238,.T.);
#852=FACE_OUTER_BOUND('',#1239,.T.);
#853=FACE_OUTER_BOUND('',#1240,.T.);
#854=FACE_OUTER_BOUND('',#1241,.T.);
#855=FACE_OUTER_BOUND('',#1242,.T.);
#856=FACE_OUTER_BOUND('',#1243,.T.);
#857=FACE_OUTER_BOUND('',#1245,.T.);
#858=FACE_OUTER_BOUND('',#1246,.T.);
#859=FACE_OUTER_BOUND('',#1247,.T.);
#860=FACE_OUTER_BOUND('',#1248,.T.);
#861=FACE_OUTER_BOUND('',#1249,.T.);
#862=FACE_OUTER_BOUND('',#1250,.T.);
#863=FACE_OUTER_BOUND('',#1251,.T.);
#864=FACE_OUTER_BOUND('',#1252,.T.);
#865=FACE_OUTER_BOUND('',#1253,.T.);
#866=FACE_OUTER_BOUND('',#1254,.T.);
#867=FACE_OUTER_BOUND('',#1255,.T.);
#868=FACE_OUTER_BOUND('',#1256,.T.);
#869=FACE_OUTER_BOUND('',#1257,.T.);
#870=FACE_OUTER_BOUND('',#1258,.T.);
#871=FACE_OUTER_BOUND('',#1259,.T.);
#872=FACE_OUTER_BOUND('',#1260,.T.);
#873=FACE_OUTER_BOUND('',#1261,.T.);
#874=FACE_OUTER_BOUND('',#1262,.T.);
#875=FACE_OUTER_BOUND('',#1263,.T.);
#876=FACE_OUTER_BOUND('',#1264,.T.);
#877=FACE_OUTER_BOUND('',#1265,.T.);
#878=FACE_OUTER_BOUND('',#1266,.T.);
#879=FACE_OUTER_BOUND('',#1267,.T.);
#880=FACE_OUTER_BOUND('',#1268,.T.);
#881=FACE_OUTER_BOUND('',#1269,.T.);
#882=FACE_OUTER_BOUND('',#1270,.T.);
#883=FACE_OUTER_BOUND('',#1271,.T.);
#884=FACE_OUTER_BOUND('',#1272,.T.);
#885=FACE_OUTER_BOUND('',#1273,.T.);
#886=FACE_OUTER_BOUND('',#1274,.T.);
#887=FACE_OUTER_BOUND('',#1275,.T.);
#888=FACE_OUTER_BOUND('',#1276,.T.);
#889=FACE_OUTER_BOUND('',#1277,.T.);
#890=FACE_OUTER_BOUND('',#1278,.T.);
#891=FACE_OUTER_BOUND('',#1279,.T.);
#892=FACE_OUTER_BOUND('',#1280,.T.);
#893=FACE_OUTER_BOUND('',#1281,.T.);
#894=FACE_OUTER_BOUND('',#1282,.T.);
#895=FACE_OUTER_BOUND('',#1283,.T.);
#896=FACE_OUTER_BOUND('',#1284,.T.);
#897=FACE_OUTER_BOUND('',#1285,.T.);
#898=FACE_OUTER_BOUND('',#1286,.T.);
#899=FACE_OUTER_BOUND('',#1287,.T.);
#900=FACE_OUTER_BOUND('',#1288,.T.);
#901=FACE_OUTER_BOUND('',#1289,.T.);
#902=FACE_OUTER_BOUND('',#1290,.T.);
#903=FACE_OUTER_BOUND('',#1291,.T.);
#904=FACE_OUTER_BOUND('',#1292,.T.);
#905=FACE_OUTER_BOUND('',#1293,.T.);
#906=FACE_OUTER_BOUND('',#1294,.T.);
#907=FACE_OUTER_BOUND('',#1295,.T.);
#908=FACE_OUTER_BOUND('',#1296,.T.);
#909=FACE_OUTER_BOUND('',#1297,.T.);
#910=FACE_OUTER_BOUND('',#1298,.T.);
#911=FACE_OUTER_BOUND('',#1299,.T.);
#912=FACE_OUTER_BOUND('',#1300,.T.);
#913=FACE_OUTER_BOUND('',#1301,.T.);
#914=FACE_OUTER_BOUND('',#1302,.T.);
#915=FACE_OUTER_BOUND('',#1303,.T.);
#916=FACE_OUTER_BOUND('',#1304,.T.);
#917=FACE_OUTER_BOUND('',#1305,.T.);
#918=FACE_OUTER_BOUND('',#1307,.T.);
#919=FACE_OUTER_BOUND('',#1308,.T.);
#920=FACE_OUTER_BOUND('',#1309,.T.);
#921=FACE_OUTER_BOUND('',#1310,.T.);
#922=FACE_OUTER_BOUND('',#1312,.T.);
#923=FACE_OUTER_BOUND('',#1313,.T.);
#924=FACE_OUTER_BOUND('',#1314,.T.);
#925=FACE_OUTER_BOUND('',#1316,.T.);
#926=FACE_OUTER_BOUND('',#1317,.T.);
#927=FACE_OUTER_BOUND('',#1318,.T.);
#928=FACE_OUTER_BOUND('',#1319,.T.);
#929=FACE_OUTER_BOUND('',#1320,.T.);
#930=FACE_OUTER_BOUND('',#1321,.T.);
#931=FACE_OUTER_BOUND('',#1322,.T.);
#932=FACE_OUTER_BOUND('',#1323,.T.);
#933=FACE_OUTER_BOUND('',#1324,.T.);
#934=FACE_OUTER_BOUND('',#1325,.T.);
#935=FACE_OUTER_BOUND('',#1326,.T.);
#936=FACE_OUTER_BOUND('',#1327,.T.);
#937=FACE_OUTER_BOUND('',#1332,.T.);
#938=FACE_OUTER_BOUND('',#1333,.T.);
#939=FACE_OUTER_BOUND('',#1334,.T.);
#940=FACE_OUTER_BOUND('',#1335,.T.);
#941=FACE_OUTER_BOUND('',#1336,.T.);
#942=FACE_OUTER_BOUND('',#1337,.T.);
#943=FACE_OUTER_BOUND('',#1338,.T.);
#944=FACE_OUTER_BOUND('',#1339,.T.);
#945=FACE_OUTER_BOUND('',#1340,.T.);
#946=FACE_OUTER_BOUND('',#1341,.T.);
#947=FACE_OUTER_BOUND('',#1342,.T.);
#948=FACE_OUTER_BOUND('',#1343,.T.);
#949=FACE_OUTER_BOUND('',#1344,.T.);
#950=FACE_OUTER_BOUND('',#1345,.T.);
#951=FACE_OUTER_BOUND('',#1346,.T.);
#952=FACE_OUTER_BOUND('',#1347,.T.);
#953=FACE_OUTER_BOUND('',#1348,.T.);
#954=FACE_OUTER_BOUND('',#1349,.T.);
#955=FACE_OUTER_BOUND('',#1350,.T.);
#956=FACE_OUTER_BOUND('',#1351,.T.);
#957=FACE_OUTER_BOUND('',#1352,.T.);
#958=FACE_OUTER_BOUND('',#1353,.T.);
#959=FACE_OUTER_BOUND('',#1354,.T.);
#960=FACE_OUTER_BOUND('',#1355,.T.);
#961=FACE_OUTER_BOUND('',#1360,.T.);
#962=FACE_OUTER_BOUND('',#1361,.T.);
#963=FACE_OUTER_BOUND('',#1362,.T.);
#964=FACE_OUTER_BOUND('',#1363,.T.);
#965=FACE_OUTER_BOUND('',#1368,.T.);
#966=FACE_OUTER_BOUND('',#1369,.T.);
#967=FACE_OUTER_BOUND('',#1370,.T.);
#968=EDGE_LOOP('',(#4379,#4380,#4381,#4382));
#969=EDGE_LOOP('',(#4383,#4384,#4385,#4386));
#970=EDGE_LOOP('',(#4387,#4388,#4389,#4390));
#971=EDGE_LOOP('',(#4391,#4392,#4393,#4394));
#972=EDGE_LOOP('',(#4395,#4396,#4397,#4398));
#973=EDGE_LOOP('',(#4399,#4400,#4401,#4402));
#974=EDGE_LOOP('',(#4403,#4404,#4405,#4406));
#975=EDGE_LOOP('',(#4407,#4408,#4409,#4410));
#976=EDGE_LOOP('',(#4411,#4412,#4413,#4414));
#977=EDGE_LOOP('',(#4415,#4416,#4417,#4418));
#978=EDGE_LOOP('',(#4419,#4420,#4421,#4422));
#979=EDGE_LOOP('',(#4423,#4424,#4425,#4426));
#980=EDGE_LOOP('',(#4427,#4428,#4429,#4430));
#981=EDGE_LOOP('',(#4431,#4432,#4433,#4434,#4435,#4436,#4437,#4438));
#982=EDGE_LOOP('',(#4439,#4440,#4441,#4442,#4443));
#983=EDGE_LOOP('',(#4444,#4445,#4446,#4447));
#984=EDGE_LOOP('',(#4448,#4449,#4450,#4451));
#985=EDGE_LOOP('',(#4452,#4453,#4454,#4455));
#986=EDGE_LOOP('',(#4456,#4457,#4458,#4459));
#987=EDGE_LOOP('',(#4460,#4461,#4462,#4463));
#988=EDGE_LOOP('',(#4464,#4465,#4466,#4467));
#989=EDGE_LOOP('',(#4468,#4469,#4470,#4471));
#990=EDGE_LOOP('',(#4472,#4473,#4474,#4475));
#991=EDGE_LOOP('',(#4476,#4477,#4478,#4479));
#992=EDGE_LOOP('',(#4480,#4481,#4482,#4483));
#993=EDGE_LOOP('',(#4484,#4485,#4486,#4487,#4488,#4489,#4490,#4491,#4492,
#4493));
#994=EDGE_LOOP('',(#4494,#4495,#4496,#4497));
#995=EDGE_LOOP('',(#4498,#4499,#4500,#4501));
#996=EDGE_LOOP('',(#4502,#4503,#4504,#4505));
#997=EDGE_LOOP('',(#4506,#4507,#4508,#4509));
#998=EDGE_LOOP('',(#4510,#4511,#4512,#4513));
#999=EDGE_LOOP('',(#4514,#4515,#4516,#4517));
#1000=EDGE_LOOP('',(#4518,#4519,#4520,#4521));
#1001=EDGE_LOOP('',(#4522,#4523,#4524,#4525));
#1002=EDGE_LOOP('',(#4526,#4527,#4528,#4529));
#1003=EDGE_LOOP('',(#4530,#4531,#4532,#4533));
#1004=EDGE_LOOP('',(#4534,#4535,#4536,#4537));
#1005=EDGE_LOOP('',(#4538,#4539,#4540,#4541));
#1006=EDGE_LOOP('',(#4542,#4543,#4544,#4545,#4546,#4547,#4548,#4549,#4550,
#4551,#4552,#4553));
#1007=EDGE_LOOP('',(#4554,#4555,#4556,#4557));
#1008=EDGE_LOOP('',(#4558,#4559,#4560,#4561));
#1009=EDGE_LOOP('',(#4562,#4563,#4564,#4565));
#1010=EDGE_LOOP('',(#4566,#4567,#4568,#4569));
#1011=EDGE_LOOP('',(#4570,#4571,#4572,#4573));
#1012=EDGE_LOOP('',(#4574,#4575,#4576,#4577));
#1013=EDGE_LOOP('',(#4578,#4579,#4580,#4581));
#1014=EDGE_LOOP('',(#4582,#4583,#4584,#4585));
#1015=EDGE_LOOP('',(#4586,#4587,#4588,#4589));
#1016=EDGE_LOOP('',(#4590,#4591,#4592,#4593));
#1017=EDGE_LOOP('',(#4594,#4595,#4596,#4597));
#1018=EDGE_LOOP('',(#4598,#4599,#4600,#4601));
#1019=EDGE_LOOP('',(#4602,#4603,#4604,#4605));
#1020=EDGE_LOOP('',(#4606,#4607,#4608,#4609));
#1021=EDGE_LOOP('',(#4610,#4611,#4612,#4613));
#1022=EDGE_LOOP('',(#4614,#4615,#4616,#4617));
#1023=EDGE_LOOP('',(#4618,#4619,#4620,#4621));
#1024=EDGE_LOOP('',(#4622,#4623,#4624,#4625));
#1025=EDGE_LOOP('',(#4626,#4627,#4628,#4629));
#1026=EDGE_LOOP('',(#4630,#4631,#4632,#4633));
#1027=EDGE_LOOP('',(#4634,#4635,#4636,#4637));
#1028=EDGE_LOOP('',(#4638,#4639,#4640,#4641));
#1029=EDGE_LOOP('',(#4642,#4643,#4644,#4645,#4646,#4647,#4648,#4649,#4650,
#4651,#4652,#4653,#4654,#4655,#4656,#4657,#4658,#4659,#4660,#4661,#4662,
#4663));
#1030=EDGE_LOOP('',(#4664,#4665,#4666,#4667,#4668));
#1031=EDGE_LOOP('',(#4669,#4670,#4671,#4672));
#1032=EDGE_LOOP('',(#4673,#4674,#4675,#4676));
#1033=EDGE_LOOP('',(#4677,#4678,#4679,#4680));
#1034=EDGE_LOOP('',(#4681,#4682,#4683,#4684));
#1035=EDGE_LOOP('',(#4685,#4686,#4687,#4688));
#1036=EDGE_LOOP('',(#4689,#4690,#4691,#4692));
#1037=EDGE_LOOP('',(#4693,#4694,#4695,#4696));
#1038=EDGE_LOOP('',(#4697,#4698,#4699,#4700));
#1039=EDGE_LOOP('',(#4701,#4702,#4703,#4704));
#1040=EDGE_LOOP('',(#4705,#4706,#4707,#4708));
#1041=EDGE_LOOP('',(#4709,#4710,#4711,#4712));
#1042=EDGE_LOOP('',(#4713,#4714,#4715,#4716));
#1043=EDGE_LOOP('',(#4717,#4718,#4719,#4720));
#1044=EDGE_LOOP('',(#4721,#4722,#4723,#4724,#4725,#4726,#4727,#4728));
#1045=EDGE_LOOP('',(#4729,#4730,#4731,#4732,#4733));
#1046=EDGE_LOOP('',(#4734,#4735,#4736,#4737));
#1047=EDGE_LOOP('',(#4738,#4739,#4740,#4741));
#1048=EDGE_LOOP('',(#4742,#4743,#4744,#4745));
#1049=EDGE_LOOP('',(#4746,#4747,#4748,#4749));
#1050=EDGE_LOOP('',(#4750,#4751,#4752,#4753));
#1051=EDGE_LOOP('',(#4754,#4755,#4756,#4757));
#1052=EDGE_LOOP('',(#4758,#4759,#4760,#4761));
#1053=EDGE_LOOP('',(#4762,#4763,#4764,#4765));
#1054=EDGE_LOOP('',(#4766,#4767,#4768,#4769));
#1055=EDGE_LOOP('',(#4770,#4771,#4772,#4773));
#1056=EDGE_LOOP('',(#4774,#4775,#4776,#4777,#4778,#4779,#4780,#4781,#4782,
#4783));
#1057=EDGE_LOOP('',(#4784,#4785,#4786,#4787));
#1058=EDGE_LOOP('',(#4788,#4789,#4790,#4791));
#1059=EDGE_LOOP('',(#4792,#4793,#4794,#4795));
#1060=EDGE_LOOP('',(#4796,#4797,#4798,#4799));
#1061=EDGE_LOOP('',(#4800,#4801,#4802,#4803));
#1062=EDGE_LOOP('',(#4804,#4805,#4806,#4807));
#1063=EDGE_LOOP('',(#4808,#4809,#4810,#4811,#4812,#4813));
#1064=EDGE_LOOP('',(#4814,#4815,#4816,#4817));
#1065=EDGE_LOOP('',(#4818,#4819,#4820,#4821));
#1066=EDGE_LOOP('',(#4822,#4823,#4824,#4825));
#1067=EDGE_LOOP('',(#4826,#4827,#4828,#4829));
#1068=EDGE_LOOP('',(#4830,#4831,#4832,#4833));
#1069=EDGE_LOOP('',(#4834,#4835,#4836,#4837));
#1070=EDGE_LOOP('',(#4838,#4839,#4840,#4841));
#1071=EDGE_LOOP('',(#4842,#4843,#4844,#4845));
#1072=EDGE_LOOP('',(#4846,#4847,#4848,#4849));
#1073=EDGE_LOOP('',(#4850,#4851,#4852,#4853));
#1074=EDGE_LOOP('',(#4854,#4855,#4856,#4857));
#1075=EDGE_LOOP('',(#4858,#4859,#4860,#4861));
#1076=EDGE_LOOP('',(#4862,#4863,#4864,#4865));
#1077=EDGE_LOOP('',(#4866,#4867,#4868,#4869));
#1078=EDGE_LOOP('',(#4870,#4871,#4872,#4873));
#1079=EDGE_LOOP('',(#4874,#4875,#4876,#4877));
#1080=EDGE_LOOP('',(#4878,#4879,#4880,#4881));
#1081=EDGE_LOOP('',(#4882,#4883,#4884,#4885));
#1082=EDGE_LOOP('',(#4886,#4887,#4888,#4889));
#1083=EDGE_LOOP('',(#4890,#4891,#4892,#4893));
#1084=EDGE_LOOP('',(#4894,#4895,#4896,#4897));
#1085=EDGE_LOOP('',(#4898,#4899,#4900,#4901));
#1086=EDGE_LOOP('',(#4902,#4903,#4904,#4905,#4906,#4907,#4908,#4909,#4910,
#4911,#4912,#4913,#4914,#4915,#4916,#4917,#4918,#4919,#4920,#4921,#4922,
#4923));
#1087=EDGE_LOOP('',(#4924,#4925,#4926,#4927,#4928));
#1088=EDGE_LOOP('',(#4929,#4930,#4931));
#1089=EDGE_LOOP('',(#4932,#4933,#4934,#4935));
#1090=EDGE_LOOP('',(#4936,#4937,#4938));
#1091=EDGE_LOOP('',(#4939,#4940,#4941,#4942,#4943,#4944,#4945,#4946,#4947,
#4948,#4949,#4950,#4951,#4952,#4953,#4954,#4955,#4956,#4957,#4958,#4959,
#4960,#4961,#4962,#4963));
#1092=EDGE_LOOP('',(#4964,#4965,#4966));
#1093=EDGE_LOOP('',(#4967,#4968,#4969,#4970));
#1094=EDGE_LOOP('',(#4971,#4972,#4973,#4974,#4975,#4976,#4977,#4978,#4979,
#4980,#4981));
#1095=EDGE_LOOP('',(#4982,#4983,#4984,#4985));
#1096=EDGE_LOOP('',(#4986,#4987,#4988,#4989));
#1097=EDGE_LOOP('',(#4990,#4991));
#1098=EDGE_LOOP('',(#4992,#4993,#4994,#4995,#4996));
#1099=EDGE_LOOP('',(#4997,#4998,#4999,#5000));
#1100=EDGE_LOOP('',(#5001,#5002));
#1101=EDGE_LOOP('',(#5003,#5004,#5005,#5006));
#1102=EDGE_LOOP('',(#5007,#5008));
#1103=EDGE_LOOP('',(#5009,#5010,#5011,#5012,#5013));
#1104=EDGE_LOOP('',(#5014,#5015,#5016,#5017));
#1105=EDGE_LOOP('',(#5018,#5019));
#1106=EDGE_LOOP('',(#5020,#5021,#5022));
#1107=EDGE_LOOP('',(#5023,#5024,#5025,#5026));
#1108=EDGE_LOOP('',(#5027,#5028,#5029,#5030));
#1109=EDGE_LOOP('',(#5031,#5032,#5033,#5034));
#1110=EDGE_LOOP('',(#5035,#5036,#5037,#5038,#5039));
#1111=EDGE_LOOP('',(#5040,#5041));
#1112=EDGE_LOOP('',(#5042,#5043,#5044,#5045));
#1113=EDGE_LOOP('',(#5046,#5047,#5048,#5049));
#1114=EDGE_LOOP('',(#5050,#5051,#5052,#5053,#5054,#5055,#5056));
#1115=EDGE_LOOP('',(#5057,#5058,#5059,#5060,#5061,#5062,#5063,#5064,#5065,
#5066,#5067,#5068,#5069,#5070,#5071,#5072,#5073,#5074,#5075,#5076,#5077,
#5078,#5079,#5080,#5081,#5082,#5083,#5084,#5085,#5086,#5087,#5088,#5089,
#5090,#5091));
#1116=EDGE_LOOP('',(#5092));
#1117=EDGE_LOOP('',(#5093,#5094,#5095,#5096));
#1118=EDGE_LOOP('',(#5097,#5098,#5099,#5100));
#1119=EDGE_LOOP('',(#5101,#5102,#5103,#5104,#5105));
#1120=EDGE_LOOP('',(#5106,#5107,#5108,#5109,#5110,#5111,#5112,#5113));
#1121=EDGE_LOOP('',(#5114,#5115,#5116,#5117));
#1122=EDGE_LOOP('',(#5118,#5119,#5120,#5121,#5122));
#1123=EDGE_LOOP('',(#5123,#5124,#5125,#5126,#5127,#5128,#5129,#5130,#5131,
#5132,#5133));
#1124=EDGE_LOOP('',(#5134,#5135,#5136,#5137,#5138));
#1125=EDGE_LOOP('',(#5139,#5140,#5141,#5142));
#1126=EDGE_LOOP('',(#5143,#5144,#5145,#5146));
#1127=EDGE_LOOP('',(#5147,#5148,#5149,#5150));
#1128=EDGE_LOOP('',(#5151,#5152,#5153,#5154));
#1129=EDGE_LOOP('',(#5155,#5156,#5157,#5158));
#1130=EDGE_LOOP('',(#5159,#5160,#5161));
#1131=EDGE_LOOP('',(#5162,#5163,#5164,#5165));
#1132=EDGE_LOOP('',(#5166,#5167,#5168,#5169,#5170));
#1133=EDGE_LOOP('',(#5171,#5172,#5173,#5174,#5175));
#1134=EDGE_LOOP('',(#5176,#5177,#5178,#5179));
#1135=EDGE_LOOP('',(#5180,#5181,#5182,#5183,#5184,#5185));
#1136=EDGE_LOOP('',(#5186,#5187,#5188,#5189));
#1137=EDGE_LOOP('',(#5190,#5191,#5192,#5193));
#1138=EDGE_LOOP('',(#5194,#5195,#5196,#5197,#5198));
#1139=EDGE_LOOP('',(#5199,#5200,#5201,#5202));
#1140=EDGE_LOOP('',(#5203,#5204,#5205,#5206,#5207));
#1141=EDGE_LOOP('',(#5208,#5209,#5210));
#1142=EDGE_LOOP('',(#5211,#5212,#5213,#5214));
#1143=EDGE_LOOP('',(#5215,#5216,#5217,#5218));
#1144=EDGE_LOOP('',(#5219,#5220,#5221,#5222));
#1145=EDGE_LOOP('',(#5223,#5224,#5225,#5226));
#1146=EDGE_LOOP('',(#5227,#5228,#5229,#5230,#5231,#5232));
#1147=EDGE_LOOP('',(#5233,#5234,#5235,#5236,#5237));
#1148=EDGE_LOOP('',(#5238,#5239,#5240,#5241));
#1149=EDGE_LOOP('',(#5242,#5243,#5244,#5245));
#1150=EDGE_LOOP('',(#5246,#5247,#5248,#5249));
#1151=EDGE_LOOP('',(#5250,#5251,#5252,#5253));
#1152=EDGE_LOOP('',(#5254,#5255,#5256,#5257));
#1153=EDGE_LOOP('',(#5258,#5259,#5260,#5261));
#1154=EDGE_LOOP('',(#5262,#5263,#5264,#5265));
#1155=EDGE_LOOP('',(#5266,#5267,#5268,#5269));
#1156=EDGE_LOOP('',(#5270,#5271,#5272,#5273));
#1157=EDGE_LOOP('',(#5274,#5275,#5276,#5277));
#1158=EDGE_LOOP('',(#5278,#5279,#5280,#5281));
#1159=EDGE_LOOP('',(#5282,#5283,#5284,#5285));
#1160=EDGE_LOOP('',(#5286,#5287,#5288,#5289));
#1161=EDGE_LOOP('',(#5290,#5291,#5292,#5293));
#1162=EDGE_LOOP('',(#5294,#5295,#5296,#5297));
#1163=EDGE_LOOP('',(#5298,#5299));
#1164=EDGE_LOOP('',(#5300,#5301,#5302,#5303,#5304,#5305,#5306,#5307,#5308,
#5309,#5310,#5311));
#1165=EDGE_LOOP('',(#5312,#5313,#5314,#5315,#5316));
#1166=EDGE_LOOP('',(#5317,#5318,#5319,#5320));
#1167=EDGE_LOOP('',(#5321,#5322,#5323,#5324));
#1168=EDGE_LOOP('',(#5325,#5326,#5327,#5328));
#1169=EDGE_LOOP('',(#5329,#5330,#5331));
#1170=EDGE_LOOP('',(#5332,#5333));
#1171=EDGE_LOOP('',(#5334,#5335,#5336,#5337));
#1172=EDGE_LOOP('',(#5338,#5339));
#1173=EDGE_LOOP('',(#5340,#5341,#5342,#5343));
#1174=EDGE_LOOP('',(#5344,#5345,#5346,#5347,#5348,#5349,#5350,#5351,#5352,
#5353,#5354,#5355));
#1175=EDGE_LOOP('',(#5356,#5357,#5358,#5359));
#1176=EDGE_LOOP('',(#5360,#5361,#5362,#5363,#5364,#5365,#5366,#5367,#5368,
#5369,#5370,#5371,#5372,#5373,#5374,#5375,#5376,#5377));
#1177=EDGE_LOOP('',(#5378,#5379,#5380,#5381));
#1178=EDGE_LOOP('',(#5382,#5383,#5384));
#1179=EDGE_LOOP('',(#5385,#5386,#5387,#5388));
#1180=EDGE_LOOP('',(#5389,#5390,#5391));
#1181=EDGE_LOOP('',(#5392,#5393,#5394));
#1182=EDGE_LOOP('',(#5395,#5396,#5397,#5398,#5399));
#1183=EDGE_LOOP('',(#5400,#5401,#5402,#5403));
#1184=EDGE_LOOP('',(#5404,#5405,#5406,#5407));
#1185=EDGE_LOOP('',(#5408,#5409,#5410,#5411));
#1186=EDGE_LOOP('',(#5412,#5413,#5414,#5415));
#1187=EDGE_LOOP('',(#5416,#5417,#5418,#5419,#5420));
#1188=EDGE_LOOP('',(#5421,#5422,#5423,#5424));
#1189=EDGE_LOOP('',(#5425,#5426,#5427,#5428));
#1190=EDGE_LOOP('',(#5429,#5430,#5431,#5432));
#1191=EDGE_LOOP('',(#5433,#5434,#5435,#5436));
#1192=EDGE_LOOP('',(#5437,#5438,#5439,#5440));
#1193=EDGE_LOOP('',(#5441,#5442,#5443,#5444,#5445));
#1194=EDGE_LOOP('',(#5446,#5447,#5448,#5449));
#1195=EDGE_LOOP('',(#5450,#5451,#5452,#5453));
#1196=EDGE_LOOP('',(#5454,#5455,#5456,#5457));
#1197=EDGE_LOOP('',(#5458,#5459,#5460,#5461));
#1198=EDGE_LOOP('',(#5462,#5463,#5464,#5465));
#1199=EDGE_LOOP('',(#5466,#5467,#5468,#5469));
#1200=EDGE_LOOP('',(#5470,#5471,#5472,#5473));
#1201=EDGE_LOOP('',(#5474,#5475,#5476,#5477));
#1202=EDGE_LOOP('',(#5478,#5479,#5480,#5481));
#1203=EDGE_LOOP('',(#5482,#5483,#5484,#5485));
#1204=EDGE_LOOP('',(#5486,#5487,#5488,#5489));
#1205=EDGE_LOOP('',(#5490,#5491,#5492,#5493));
#1206=EDGE_LOOP('',(#5494,#5495,#5496,#5497));
#1207=EDGE_LOOP('',(#5498,#5499,#5500,#5501,#5502));
#1208=EDGE_LOOP('',(#5503,#5504,#5505,#5506,#5507,#5508));
#1209=EDGE_LOOP('',(#5509,#5510,#5511,#5512,#5513));
#1210=EDGE_LOOP('',(#5514,#5515,#5516,#5517,#5518,#5519));
#1211=EDGE_LOOP('',(#5520,#5521,#5522,#5523));
#1212=EDGE_LOOP('',(#5524,#5525,#5526,#5527));
#1213=EDGE_LOOP('',(#5528,#5529,#5530,#5531));
#1214=EDGE_LOOP('',(#5532,#5533,#5534,#5535));
#1215=EDGE_LOOP('',(#5536,#5537,#5538,#5539,#5540,#5541));
#1216=EDGE_LOOP('',(#5542,#5543,#5544,#5545,#5546,#5547));
#1217=EDGE_LOOP('',(#5548,#5549,#5550));
#1218=EDGE_LOOP('',(#5551,#5552,#5553));
#1219=EDGE_LOOP('',(#5554,#5555,#5556));
#1220=EDGE_LOOP('',(#5557,#5558,#5559,#5560));
#1221=EDGE_LOOP('',(#5561,#5562,#5563,#5564));
#1222=EDGE_LOOP('',(#5565,#5566,#5567,#5568));
#1223=EDGE_LOOP('',(#5569,#5570,#5571,#5572));
#1224=EDGE_LOOP('',(#5573,#5574,#5575,#5576));
#1225=EDGE_LOOP('',(#5577,#5578,#5579,#5580));
#1226=EDGE_LOOP('',(#5581,#5582,#5583,#5584));
#1227=EDGE_LOOP('',(#5585,#5586,#5587,#5588));
#1228=EDGE_LOOP('',(#5589,#5590,#5591,#5592));
#1229=EDGE_LOOP('',(#5593,#5594,#5595,#5596));
#1230=EDGE_LOOP('',(#5597,#5598,#5599,#5600));
#1231=EDGE_LOOP('',(#5601,#5602,#5603,#5604));
#1232=EDGE_LOOP('',(#5605,#5606,#5607,#5608));
#1233=EDGE_LOOP('',(#5609,#5610,#5611,#5612));
#1234=EDGE_LOOP('',(#5613,#5614,#5615,#5616));
#1235=EDGE_LOOP('',(#5617,#5618,#5619,#5620));
#1236=EDGE_LOOP('',(#5621,#5622,#5623));
#1237=EDGE_LOOP('',(#5624,#5625,#5626,#5627));
#1238=EDGE_LOOP('',(#5628,#5629,#5630,#5631));
#1239=EDGE_LOOP('',(#5632,#5633,#5634,#5635));
#1240=EDGE_LOOP('',(#5636,#5637,#5638));
#1241=EDGE_LOOP('',(#5639,#5640,#5641,#5642,#5643,#5644,#5645,#5646,#5647,
#5648,#5649,#5650,#5651));
#1242=EDGE_LOOP('',(#5652,#5653,#5654,#5655));
#1243=EDGE_LOOP('',(#5656,#5657,#5658,#5659,#5660,#5661,#5662,#5663,#5664,
#5665,#5666,#5667,#5668,#5669,#5670,#5671,#5672,#5673,#5674,#5675));
#1244=EDGE_LOOP('',(#5676,#5677,#5678,#5679));
#1245=EDGE_LOOP('',(#5680,#5681,#5682,#5683));
#1246=EDGE_LOOP('',(#5684,#5685,#5686,#5687,#5688,#5689));
#1247=EDGE_LOOP('',(#5690,#5691,#5692,#5693,#5694,#5695));
#1248=EDGE_LOOP('',(#5696,#5697,#5698,#5699));
#1249=EDGE_LOOP('',(#5700,#5701,#5702,#5703,#5704,#5705));
#1250=EDGE_LOOP('',(#5706,#5707,#5708,#5709,#5710,#5711));
#1251=EDGE_LOOP('',(#5712,#5713,#5714,#5715));
#1252=EDGE_LOOP('',(#5716,#5717,#5718,#5719,#5720,#5721));
#1253=EDGE_LOOP('',(#5722,#5723,#5724,#5725,#5726,#5727));
#1254=EDGE_LOOP('',(#5728,#5729,#5730,#5731));
#1255=EDGE_LOOP('',(#5732,#5733,#5734,#5735,#5736,#5737));
#1256=EDGE_LOOP('',(#5738,#5739,#5740,#5741,#5742,#5743));
#1257=EDGE_LOOP('',(#5744,#5745,#5746,#5747));
#1258=EDGE_LOOP('',(#5748,#5749,#5750,#5751,#5752,#5753));
#1259=EDGE_LOOP('',(#5754,#5755,#5756,#5757,#5758,#5759));
#1260=EDGE_LOOP('',(#5760,#5761,#5762,#5763));
#1261=EDGE_LOOP('',(#5764,#5765,#5766,#5767));
#1262=EDGE_LOOP('',(#5768,#5769,#5770,#5771));
#1263=EDGE_LOOP('',(#5772,#5773,#5774,#5775));
#1264=EDGE_LOOP('',(#5776,#5777,#5778,#5779));
#1265=EDGE_LOOP('',(#5780,#5781,#5782,#5783));
#1266=EDGE_LOOP('',(#5784,#5785,#5786,#5787));
#1267=EDGE_LOOP('',(#5788,#5789,#5790,#5791));
#1268=EDGE_LOOP('',(#5792,#5793,#5794,#5795));
#1269=EDGE_LOOP('',(#5796,#5797,#5798,#5799));
#1270=EDGE_LOOP('',(#5800,#5801,#5802,#5803));
#1271=EDGE_LOOP('',(#5804,#5805,#5806,#5807));
#1272=EDGE_LOOP('',(#5808,#5809,#5810,#5811));
#1273=EDGE_LOOP('',(#5812,#5813,#5814,#5815));
#1274=EDGE_LOOP('',(#5816,#5817,#5818,#5819));
#1275=EDGE_LOOP('',(#5820,#5821,#5822,#5823));
#1276=EDGE_LOOP('',(#5824,#5825,#5826,#5827));
#1277=EDGE_LOOP('',(#5828,#5829,#5830,#5831));
#1278=EDGE_LOOP('',(#5832,#5833,#5834,#5835));
#1279=EDGE_LOOP('',(#5836,#5837,#5838,#5839));
#1280=EDGE_LOOP('',(#5840,#5841,#5842,#5843));
#1281=EDGE_LOOP('',(#5844,#5845,#5846,#5847));
#1282=EDGE_LOOP('',(#5848,#5849,#5850,#5851));
#1283=EDGE_LOOP('',(#5852,#5853,#5854,#5855));
#1284=EDGE_LOOP('',(#5856,#5857,#5858,#5859));
#1285=EDGE_LOOP('',(#5860,#5861,#5862,#5863));
#1286=EDGE_LOOP('',(#5864,#5865,#5866,#5867));
#1287=EDGE_LOOP('',(#5868,#5869,#5870,#5871));
#1288=EDGE_LOOP('',(#5872,#5873,#5874,#5875));
#1289=EDGE_LOOP('',(#5876,#5877,#5878,#5879));
#1290=EDGE_LOOP('',(#5880,#5881,#5882,#5883,#5884,#5885));
#1291=EDGE_LOOP('',(#5886,#5887,#5888,#5889,#5890,#5891));
#1292=EDGE_LOOP('',(#5892,#5893,#5894,#5895,#5896,#5897));
#1293=EDGE_LOOP('',(#5898,#5899,#5900,#5901,#5902,#5903));
#1294=EDGE_LOOP('',(#5904,#5905,#5906,#5907,#5908,#5909));
#1295=EDGE_LOOP('',(#5910,#5911,#5912,#5913));
#1296=EDGE_LOOP('',(#5914,#5915,#5916,#5917));
#1297=EDGE_LOOP('',(#5918,#5919,#5920,#5921));
#1298=EDGE_LOOP('',(#5922,#5923,#5924,#5925));
#1299=EDGE_LOOP('',(#5926,#5927,#5928,#5929));
#1300=EDGE_LOOP('',(#5930,#5931,#5932,#5933));
#1301=EDGE_LOOP('',(#5934,#5935,#5936,#5937));
#1302=EDGE_LOOP('',(#5938,#5939,#5940,#5941));
#1303=EDGE_LOOP('',(#5942,#5943,#5944,#5945));
#1304=EDGE_LOOP('',(#5946,#5947,#5948,#5949));
#1305=EDGE_LOOP('',(#5950,#5951,#5952,#5953,#5954,#5955));
#1306=EDGE_LOOP('',(#5956));
#1307=EDGE_LOOP('',(#5957,#5958,#5959,#5960));
#1308=EDGE_LOOP('',(#5961,#5962,#5963,#5964));
#1309=EDGE_LOOP('',(#5965,#5966,#5967,#5968));
#1310=EDGE_LOOP('',(#5969,#5970,#5971,#5972,#5973,#5974,#5975));
#1311=EDGE_LOOP('',(#5976));
#1312=EDGE_LOOP('',(#5977,#5978,#5979,#5980));
#1313=EDGE_LOOP('',(#5981,#5982,#5983,#5984));
#1314=EDGE_LOOP('',(#5985));
#1315=EDGE_LOOP('',(#5986));
#1316=EDGE_LOOP('',(#5987,#5988,#5989,#5990));
#1317=EDGE_LOOP('',(#5991,#5992,#5993,#5994));
#1318=EDGE_LOOP('',(#5995,#5996,#5997,#5998));
#1319=EDGE_LOOP('',(#5999,#6000,#6001,#6002,#6003,#6004,#6005,#6006,#6007,
#6008,#6009,#6010,#6011));
#1320=EDGE_LOOP('',(#6012,#6013,#6014,#6015));
#1321=EDGE_LOOP('',(#6016,#6017,#6018,#6019));
#1322=EDGE_LOOP('',(#6020,#6021,#6022,#6023));
#1323=EDGE_LOOP('',(#6024,#6025,#6026,#6027));
#1324=EDGE_LOOP('',(#6028,#6029,#6030,#6031));
#1325=EDGE_LOOP('',(#6032,#6033,#6034,#6035));
#1326=EDGE_LOOP('',(#6036,#6037,#6038,#6039,#6040,#6041));
#1327=EDGE_LOOP('',(#6042,#6043,#6044,#6045,#6046,#6047,#6048,#6049,#6050,
#6051,#6052,#6053,#6054,#6055,#6056,#6057,#6058,#6059));
#1328=EDGE_LOOP('',(#6060));
#1329=EDGE_LOOP('',(#6061));
#1330=EDGE_LOOP('',(#6062));
#1331=EDGE_LOOP('',(#6063,#6064,#6065,#6066,#6067,#6068,#6069,#6070,#6071,
#6072,#6073,#6074,#6075,#6076,#6077,#6078,#6079,#6080,#6081,#6082,#6083,
#6084,#6085,#6086,#6087,#6088,#6089,#6090));
#1332=EDGE_LOOP('',(#6091,#6092,#6093,#6094,#6095));
#1333=EDGE_LOOP('',(#6096,#6097,#6098,#6099));
#1334=EDGE_LOOP('',(#6100,#6101,#6102,#6103,#6104));
#1335=EDGE_LOOP('',(#6105,#6106,#6107,#6108,#6109));
#1336=EDGE_LOOP('',(#6110,#6111,#6112,#6113));
#1337=EDGE_LOOP('',(#6114,#6115,#6116,#6117,#6118,#6119,#6120,#6121,#6122,
#6123));
#1338=EDGE_LOOP('',(#6124,#6125,#6126,#6127));
#1339=EDGE_LOOP('',(#6128,#6129,#6130,#6131,#6132,#6133,#6134,#6135,#6136,
#6137));
#1340=EDGE_LOOP('',(#6138,#6139,#6140,#6141));
#1341=EDGE_LOOP('',(#6142,#6143,#6144,#6145));
#1342=EDGE_LOOP('',(#6146,#6147,#6148,#6149));
#1343=EDGE_LOOP('',(#6150,#6151,#6152,#6153));
#1344=EDGE_LOOP('',(#6154,#6155,#6156,#6157));
#1345=EDGE_LOOP('',(#6158,#6159,#6160,#6161,#6162,#6163,#6164,#6165,#6166,
#6167));
#1346=EDGE_LOOP('',(#6168,#6169,#6170,#6171,#6172));
#1347=EDGE_LOOP('',(#6173,#6174,#6175,#6176));
#1348=EDGE_LOOP('',(#6177,#6178,#6179,#6180));
#1349=EDGE_LOOP('',(#6181,#6182,#6183,#6184,#6185,#6186));
#1350=EDGE_LOOP('',(#6187,#6188,#6189,#6190,#6191,#6192,#6193,#6194,#6195,
#6196,#6197,#6198,#6199,#6200,#6201,#6202));
#1351=EDGE_LOOP('',(#6203,#6204,#6205,#6206));
#1352=EDGE_LOOP('',(#6207,#6208,#6209,#6210,#6211,#6212,#6213,#6214,#6215,
#6216,#6217,#6218,#6219,#6220,#6221,#6222,#6223,#6224,#6225,#6226,#6227,
#6228,#6229,#6230));
#1353=EDGE_LOOP('',(#6231,#6232,#6233,#6234,#6235,#6236));
#1354=EDGE_LOOP('',(#6237,#6238,#6239,#6240));
#1355=EDGE_LOOP('',(#6241,#6242,#6243,#6244,#6245,#6246));
#1356=EDGE_LOOP('',(#6247,#6248,#6249,#6250,#6251,#6252,#6253,#6254,#6255,
#6256,#6257,#6258,#6259,#6260,#6261,#6262,#6263,#6264,#6265,#6266,#6267,
#6268));
#1357=EDGE_LOOP('',(#6269,#6270,#6271,#6272,#6273,#6274,#6275,#6276,#6277,
#6278,#6279,#6280));
#1358=EDGE_LOOP('',(#6281,#6282,#6283,#6284,#6285,#6286,#6287,#6288,#6289,
#6290));
#1359=EDGE_LOOP('',(#6291,#6292,#6293,#6294,#6295,#6296,#6297,#6298));
#1360=EDGE_LOOP('',(#6299,#6300,#6301,#6302,#6303,#6304));
#1361=EDGE_LOOP('',(#6305,#6306,#6307,#6308));
#1362=EDGE_LOOP('',(#6309,#6310,#6311,#6312,#6313,#6314));
#1363=EDGE_LOOP('',(#6315,#6316,#6317,#6318,#6319,#6320));
#1364=EDGE_LOOP('',(#6321,#6322,#6323,#6324,#6325,#6326,#6327,#6328,#6329,
#6330,#6331,#6332,#6333,#6334,#6335,#6336,#6337,#6338,#6339,#6340,#6341,
#6342));
#1365=EDGE_LOOP('',(#6343,#6344,#6345,#6346,#6347,#6348));
#1366=EDGE_LOOP('',(#6349,#6350,#6351,#6352,#6353,#6354,#6355,#6356,#6357,
#6358));
#1367=EDGE_LOOP('',(#6359,#6360,#6361,#6362,#6363,#6364,#6365,#6366));
#1368=EDGE_LOOP('',(#6367,#6368,#6369,#6370));
#1369=EDGE_LOOP('',(#6371,#6372,#6373,#6374));
#1370=EDGE_LOOP('',(#6375,#6376,#6377,#6378));
#1371=LINE('',#9130,#1992);
#1372=LINE('',#9135,#1993);
#1373=LINE('',#9147,#1994);
#1374=LINE('',#9153,#1995);
#1375=LINE('',#9155,#1996);
#1376=LINE('',#9156,#1997);
#1377=LINE('',#9159,#1998);
#1378=LINE('',#9161,#1999);
#1379=LINE('',#9162,#2000);
#1380=LINE('',#9164,#2001);
#1381=LINE('',#9165,#2002);
#1382=LINE('',#9169,#2003);
#1383=LINE('',#9171,#2004);
#1384=LINE('',#9173,#2005);
#1385=LINE('',#9174,#2006);
#1386=LINE('',#9177,#2007);
#1387=LINE('',#9179,#2008);
#1388=LINE('',#9180,#2009);
#1389=LINE('',#9183,#2010);
#1390=LINE('',#9185,#2011);
#1391=LINE('',#9186,#2012);
#1392=LINE('',#9189,#2013);
#1393=LINE('',#9191,#2014);
#1394=LINE('',#9192,#2015);
#1395=LINE('',#9195,#2016);
#1396=LINE('',#9197,#2017);
#1397=LINE('',#9198,#2018);
#1398=LINE('',#9201,#2019);
#1399=LINE('',#9203,#2020);
#1400=LINE('',#9204,#2021);
#1401=LINE('',#9207,#2022);
#1402=LINE('',#9209,#2023);
#1403=LINE('',#9210,#2024);
#1404=LINE('',#9212,#2025);
#1405=LINE('',#9213,#2026);
#1406=LINE('',#9218,#2027);
#1407=LINE('',#9220,#2028);
#1408=LINE('',#9222,#2029);
#1409=LINE('',#9223,#2030);
#1410=LINE('',#9226,#2031);
#1411=LINE('',#9228,#2032);
#1412=LINE('',#9229,#2033);
#1413=LINE('',#9232,#2034);
#1414=LINE('',#9234,#2035);
#1415=LINE('',#9235,#2036);
#1416=LINE('',#9238,#2037);
#1417=LINE('',#9240,#2038);
#1418=LINE('',#9241,#2039);
#1419=LINE('',#9244,#2040);
#1420=LINE('',#9246,#2041);
#1421=LINE('',#9247,#2042);
#1422=LINE('',#9250,#2043);
#1423=LINE('',#9252,#2044);
#1424=LINE('',#9253,#2045);
#1425=LINE('',#9256,#2046);
#1426=LINE('',#9258,#2047);
#1427=LINE('',#9259,#2048);
#1428=LINE('',#9262,#2049);
#1429=LINE('',#9264,#2050);
#1430=LINE('',#9265,#2051);
#1431=LINE('',#9268,#2052);
#1432=LINE('',#9270,#2053);
#1433=LINE('',#9271,#2054);
#1434=LINE('',#9273,#2055);
#1435=LINE('',#9274,#2056);
#1436=LINE('',#9279,#2057);
#1437=LINE('',#9281,#2058);
#1438=LINE('',#9283,#2059);
#1439=LINE('',#9284,#2060);
#1440=LINE('',#9287,#2061);
#1441=LINE('',#9289,#2062);
#1442=LINE('',#9290,#2063);
#1443=LINE('',#9293,#2064);
#1444=LINE('',#9295,#2065);
#1445=LINE('',#9296,#2066);
#1446=LINE('',#9299,#2067);
#1447=LINE('',#9301,#2068);
#1448=LINE('',#9302,#2069);
#1449=LINE('',#9305,#2070);
#1450=LINE('',#9307,#2071);
#1451=LINE('',#9308,#2072);
#1452=LINE('',#9311,#2073);
#1453=LINE('',#9313,#2074);
#1454=LINE('',#9314,#2075);
#1455=LINE('',#9317,#2076);
#1456=LINE('',#9319,#2077);
#1457=LINE('',#9320,#2078);
#1458=LINE('',#9323,#2079);
#1459=LINE('',#9325,#2080);
#1460=LINE('',#9326,#2081);
#1461=LINE('',#9329,#2082);
#1462=LINE('',#9331,#2083);
#1463=LINE('',#9332,#2084);
#1464=LINE('',#9335,#2085);
#1465=LINE('',#9337,#2086);
#1466=LINE('',#9338,#2087);
#1467=LINE('',#9341,#2088);
#1468=LINE('',#9343,#2089);
#1469=LINE('',#9344,#2090);
#1470=LINE('',#9346,#2091);
#1471=LINE('',#9347,#2092);
#1472=LINE('',#9361,#2093);
#1473=LINE('',#9366,#2094);
#1474=LINE('',#9378,#2095);
#1475=LINE('',#9393,#2096);
#1476=LINE('',#9408,#2097);
#1477=LINE('',#9423,#2098);
#1478=LINE('',#9438,#2099);
#1479=LINE('',#9453,#2100);
#1480=LINE('',#9468,#2101);
#1481=LINE('',#9483,#2102);
#1482=LINE('',#9489,#2103);
#1483=LINE('',#9491,#2104);
#1484=LINE('',#9492,#2105);
#1485=LINE('',#9504,#2106);
#1486=LINE('',#9519,#2107);
#1487=LINE('',#9534,#2108);
#1488=LINE('',#9549,#2109);
#1489=LINE('',#9564,#2110);
#1490=LINE('',#9579,#2111);
#1491=LINE('',#9594,#2112);
#1492=LINE('',#9609,#2113);
#1493=LINE('',#9624,#2114);
#1494=LINE('',#9639,#2115);
#1495=LINE('',#9645,#2116);
#1496=LINE('',#9647,#2117);
#1497=LINE('',#9648,#2118);
#1498=LINE('',#9675,#2119);
#1499=LINE('',#9680,#2120);
#1500=LINE('',#9692,#2121);
#1501=LINE('',#9698,#2122);
#1502=LINE('',#9700,#2123);
#1503=LINE('',#9701,#2124);
#1504=LINE('',#9704,#2125);
#1505=LINE('',#9706,#2126);
#1506=LINE('',#9707,#2127);
#1507=LINE('',#9709,#2128);
#1508=LINE('',#9710,#2129);
#1509=LINE('',#9714,#2130);
#1510=LINE('',#9716,#2131);
#1511=LINE('',#9718,#2132);
#1512=LINE('',#9719,#2133);
#1513=LINE('',#9722,#2134);
#1514=LINE('',#9724,#2135);
#1515=LINE('',#9725,#2136);
#1516=LINE('',#9728,#2137);
#1517=LINE('',#9730,#2138);
#1518=LINE('',#9731,#2139);
#1519=LINE('',#9734,#2140);
#1520=LINE('',#9736,#2141);
#1521=LINE('',#9737,#2142);
#1522=LINE('',#9740,#2143);
#1523=LINE('',#9742,#2144);
#1524=LINE('',#9743,#2145);
#1525=LINE('',#9746,#2146);
#1526=LINE('',#9748,#2147);
#1527=LINE('',#9749,#2148);
#1528=LINE('',#9752,#2149);
#1529=LINE('',#9754,#2150);
#1530=LINE('',#9755,#2151);
#1531=LINE('',#9757,#2152);
#1532=LINE('',#9758,#2153);
#1533=LINE('',#9763,#2154);
#1534=LINE('',#9765,#2155);
#1535=LINE('',#9767,#2156);
#1536=LINE('',#9768,#2157);
#1537=LINE('',#9771,#2158);
#1538=LINE('',#9773,#2159);
#1539=LINE('',#9774,#2160);
#1540=LINE('',#9777,#2161);
#1541=LINE('',#9779,#2162);
#1542=LINE('',#9780,#2163);
#1543=LINE('',#9783,#2164);
#1544=LINE('',#9785,#2165);
#1545=LINE('',#9786,#2166);
#1546=LINE('',#9789,#2167);
#1547=LINE('',#9791,#2168);
#1548=LINE('',#9792,#2169);
#1549=LINE('',#9795,#2170);
#1550=LINE('',#9797,#2171);
#1551=LINE('',#9798,#2172);
#1552=LINE('',#9801,#2173);
#1553=LINE('',#9803,#2174);
#1554=LINE('',#9804,#2175);
#1555=LINE('',#9807,#2176);
#1556=LINE('',#9809,#2177);
#1557=LINE('',#9810,#2178);
#1558=LINE('',#9813,#2179);
#1559=LINE('',#9815,#2180);
#1560=LINE('',#9816,#2181);
#1561=LINE('',#9818,#2182);
#1562=LINE('',#9819,#2183);
#1563=LINE('',#9824,#2184);
#1564=LINE('',#9826,#2185);
#1565=LINE('',#9828,#2186);
#1566=LINE('',#9829,#2187);
#1567=LINE('',#9832,#2188);
#1568=LINE('',#9834,#2189);
#1569=LINE('',#9835,#2190);
#1570=LINE('',#9838,#2191);
#1571=LINE('',#9840,#2192);
#1572=LINE('',#9841,#2193);
#1573=LINE('',#9844,#2194);
#1574=LINE('',#9846,#2195);
#1575=LINE('',#9847,#2196);
#1576=LINE('',#9850,#2197);
#1577=LINE('',#9852,#2198);
#1578=LINE('',#9853,#2199);
#1579=LINE('',#9855,#2200);
#1580=LINE('',#9856,#2201);
#1581=LINE('',#9870,#2202);
#1582=LINE('',#9875,#2203);
#1583=LINE('',#9887,#2204);
#1584=LINE('',#9902,#2205);
#1585=LINE('',#9917,#2206);
#1586=LINE('',#9932,#2207);
#1587=LINE('',#9947,#2208);
#1588=LINE('',#9962,#2209);
#1589=LINE('',#9977,#2210);
#1590=LINE('',#9992,#2211);
#1591=LINE('',#9998,#2212);
#1592=LINE('',#10000,#2213);
#1593=LINE('',#10001,#2214);
#1594=LINE('',#10013,#2215);
#1595=LINE('',#10028,#2216);
#1596=LINE('',#10043,#2217);
#1597=LINE('',#10058,#2218);
#1598=LINE('',#10073,#2219);
#1599=LINE('',#10088,#2220);
#1600=LINE('',#10103,#2221);
#1601=LINE('',#10118,#2222);
#1602=LINE('',#10133,#2223);
#1603=LINE('',#10148,#2224);
#1604=LINE('',#10154,#2225);
#1605=LINE('',#10156,#2226);
#1606=LINE('',#10157,#2227);
#1607=LINE('',#10252,#2228);
#1608=LINE('',#10253,#2229);
#1609=LINE('',#10341,#2230);
#1610=LINE('',#10352,#2231);
#1611=LINE('',#10363,#2232);
#1612=LINE('',#10377,#2233);
#1613=LINE('',#10379,#2234);
#1614=LINE('',#10381,#2235);
#1615=LINE('',#10383,#2236);
#1616=LINE('',#10385,#2237);
#1617=LINE('',#10387,#2238);
#1618=LINE('',#10391,#2239);
#1619=LINE('',#10395,#2240);
#1620=LINE('',#10410,#2241);
#1621=LINE('',#10421,#2242);
#1622=LINE('',#10431,#2243);
#1623=LINE('',#10503,#2244);
#1624=LINE('',#10508,#2245);
#1625=LINE('',#10512,#2246);
#1626=LINE('',#10518,#2247);
#1627=LINE('',#10520,#2248);
#1628=LINE('',#10522,#2249);
#1629=LINE('',#10523,#2250);
#1630=LINE('',#10984,#2251);
#1631=LINE('',#11021,#2252);
#1632=LINE('',#11087,#2253);
#1633=LINE('',#11091,#2254);
#1634=LINE('',#11109,#2255);
#1635=LINE('',#11112,#2256);
#1636=LINE('',#11116,#2257);
#1637=LINE('',#11118,#2258);
#1638=LINE('',#11120,#2259);
#1639=LINE('',#11122,#2260);
#1640=LINE('',#11124,#2261);
#1641=LINE('',#11128,#2262);
#1642=LINE('',#11132,#2263);
#1643=LINE('',#11136,#2264);
#1644=LINE('',#11140,#2265);
#1645=LINE('',#11142,#2266);
#1646=LINE('',#11144,#2267);
#1647=LINE('',#11148,#2268);
#1648=LINE('',#11152,#2269);
#1649=LINE('',#11154,#2270);
#1650=LINE('',#11156,#2271);
#1651=LINE('',#11158,#2272);
#1652=LINE('',#11160,#2273);
#1653=LINE('',#11162,#2274);
#1654=LINE('',#11164,#2275);
#1655=LINE('',#11166,#2276);
#1656=LINE('',#11170,#2277);
#1657=LINE('',#11171,#2278);
#1658=LINE('',#11176,#2279);
#1659=LINE('',#11177,#2280);
#1660=LINE('',#11179,#2281);
#1661=LINE('',#11183,#2282);
#1662=LINE('',#11188,#2283);
#1663=LINE('',#11207,#2284);
#1664=LINE('',#11210,#2285);
#1665=LINE('',#11213,#2286);
#1666=LINE('',#11217,#2287);
#1667=LINE('',#11220,#2288);
#1668=LINE('',#11222,#2289);
#1669=LINE('',#11228,#2290);
#1670=LINE('',#11231,#2291);
#1671=LINE('',#11236,#2292);
#1672=LINE('',#11253,#2293);
#1673=LINE('',#11259,#2294);
#1674=LINE('',#11265,#2295);
#1675=LINE('',#11273,#2296);
#1676=LINE('',#11281,#2297);
#1677=LINE('',#11282,#2298);
#1678=LINE('',#11296,#2299);
#1679=LINE('',#11311,#2300);
#1680=LINE('',#11316,#2301);
#1681=LINE('',#11324,#2302);
#1682=LINE('',#11332,#2303);
#1683=LINE('',#11333,#2304);
#1684=LINE('',#11347,#2305);
#1685=LINE('',#11348,#2306);
#1686=LINE('',#11350,#2307);
#1687=LINE('',#11352,#2308);
#1688=LINE('',#11353,#2309);
#1689=LINE('',#11355,#2310);
#1690=LINE('',#11357,#2311);
#1691=LINE('',#11360,#2312);
#1692=LINE('',#11363,#2313);
#1693=LINE('',#11365,#2314);
#1694=LINE('',#11367,#2315);
#1695=LINE('',#11369,#2316);
#1696=LINE('',#11467,#2317);
#1697=LINE('',#11471,#2318);
#1698=LINE('',#11475,#2319);
#1699=LINE('',#11479,#2320);
#1700=LINE('',#11483,#2321);
#1701=LINE('',#11485,#2322);
#1702=LINE('',#11486,#2323);
#1703=LINE('',#11520,#2324);
#1704=LINE('',#11521,#2325);
#1705=LINE('',#11561,#2326);
#1706=LINE('',#11562,#2327);
#1707=LINE('',#11799,#2328);
#1708=LINE('',#11802,#2329);
#1709=LINE('',#11807,#2330);
#1710=LINE('',#11811,#2331);
#1711=LINE('',#11815,#2332);
#1712=LINE('',#11818,#2333);
#1713=LINE('',#11819,#2334);
#1714=LINE('',#11825,#2335);
#1715=LINE('',#11826,#2336);
#1716=LINE('',#11828,#2337);
#1717=LINE('',#11830,#2338);
#1718=LINE('',#11832,#2339);
#1719=LINE('',#11834,#2340);
#1720=LINE('',#11835,#2341);
#1721=LINE('',#11837,#2342);
#1722=LINE('',#11851,#2343);
#1723=LINE('',#11941,#2344);
#1724=LINE('',#11944,#2345);
#1725=LINE('',#11945,#2346);
#1726=LINE('',#11947,#2347);
#1727=LINE('',#11949,#2348);
#1728=LINE('',#11970,#2349);
#1729=LINE('',#11978,#2350);
#1730=LINE('',#11986,#2351);
#1731=LINE('',#12004,#2352);
#1732=LINE('',#12012,#2353);
#1733=LINE('',#12018,#2354);
#1734=LINE('',#12020,#2355);
#1735=LINE('',#12021,#2356);
#1736=LINE('',#12023,#2357);
#1737=LINE('',#12025,#2358);
#1738=LINE('',#12026,#2359);
#1739=LINE('',#12030,#2360);
#1740=LINE('',#12038,#2361);
#1741=LINE('',#12042,#2362);
#1742=LINE('',#12055,#2363);
#1743=LINE('',#12059,#2364);
#1744=LINE('',#12061,#2365);
#1745=LINE('',#12062,#2366);
#1746=LINE('',#12077,#2367);
#1747=LINE('',#12081,#2368);
#1748=LINE('',#12085,#2369);
#1749=LINE('',#12087,#2370);
#1750=LINE('',#12089,#2371);
#1751=LINE('',#12092,#2372);
#1752=LINE('',#12094,#2373);
#1753=LINE('',#12095,#2374);
#1754=LINE('',#12097,#2375);
#1755=LINE('',#12099,#2376);
#1756=LINE('',#12101,#2377);
#1757=LINE('',#12102,#2378);
#1758=LINE('',#12105,#2379);
#1759=LINE('',#12305,#2380);
#1760=LINE('',#12306,#2381);
#1761=LINE('',#12311,#2382);
#1762=LINE('',#12312,#2383);
#1763=LINE('',#12315,#2384);
#1764=LINE('',#12317,#2385);
#1765=LINE('',#12321,#2386);
#1766=LINE('',#12323,#2387);
#1767=LINE('',#12327,#2388);
#1768=LINE('',#12329,#2389);
#1769=LINE('',#12333,#2390);
#1770=LINE('',#12336,#2391);
#1771=LINE('',#12365,#2392);
#1772=LINE('',#12367,#2393);
#1773=LINE('',#12371,#2394);
#1774=LINE('',#12373,#2395);
#1775=LINE('',#12377,#2396);
#1776=LINE('',#12379,#2397);
#1777=LINE('',#12402,#2398);
#1778=LINE('',#12403,#2399);
#1779=LINE('',#12420,#2400);
#1780=LINE('',#12421,#2401);
#1781=LINE('',#12426,#2402);
#1782=LINE('',#12427,#2403);
#1783=LINE('',#12432,#2404);
#1784=LINE('',#12433,#2405);
#1785=LINE('',#12438,#2406);
#1786=LINE('',#12440,#2407);
#1787=LINE('',#12442,#2408);
#1788=LINE('',#12444,#2409);
#1789=LINE('',#12446,#2410);
#1790=LINE('',#12450,#2411);
#1791=LINE('',#12454,#2412);
#1792=LINE('',#12456,#2413);
#1793=LINE('',#12457,#2414);
#1794=LINE('',#12460,#2415);
#1795=LINE('',#12461,#2416);
#1796=LINE('',#12464,#2417);
#1797=LINE('',#12466,#2418);
#1798=LINE('',#12467,#2419);
#1799=LINE('',#12471,#2420);
#1800=LINE('',#12473,#2421);
#1801=LINE('',#12475,#2422);
#1802=LINE('',#12476,#2423);
#1803=LINE('',#12479,#2424);
#1804=LINE('',#12481,#2425);
#1805=LINE('',#12483,#2426);
#1806=LINE('',#12485,#2427);
#1807=LINE('',#12486,#2428);
#1808=LINE('',#12489,#2429);
#1809=LINE('',#12493,#2430);
#1810=LINE('',#12498,#2431);
#1811=LINE('',#12500,#2432);
#1812=LINE('',#12502,#2433);
#1813=LINE('',#12503,#2434);
#1814=LINE('',#12506,#2435);
#1815=LINE('',#12508,#2436);
#1816=LINE('',#12510,#2437);
#1817=LINE('',#12512,#2438);
#1818=LINE('',#12513,#2439);
#1819=LINE('',#12516,#2440);
#1820=LINE('',#12520,#2441);
#1821=LINE('',#12525,#2442);
#1822=LINE('',#12527,#2443);
#1823=LINE('',#12529,#2444);
#1824=LINE('',#12530,#2445);
#1825=LINE('',#12533,#2446);
#1826=LINE('',#12535,#2447);
#1827=LINE('',#12536,#2448);
#1828=LINE('',#12537,#2449);
#1829=LINE('',#12540,#2450);
#1830=LINE('',#12544,#2451);
#1831=LINE('',#12549,#2452);
#1832=LINE('',#12551,#2453);
#1833=LINE('',#12553,#2454);
#1834=LINE('',#12554,#2455);
#1835=LINE('',#12557,#2456);
#1836=LINE('',#12559,#2457);
#1837=LINE('',#12561,#2458);
#1838=LINE('',#12563,#2459);
#1839=LINE('',#12564,#2460);
#1840=LINE('',#12567,#2461);
#1841=LINE('',#12571,#2462);
#1842=LINE('',#12576,#2463);
#1843=LINE('',#12578,#2464);
#1844=LINE('',#12580,#2465);
#1845=LINE('',#12581,#2466);
#1846=LINE('',#12584,#2467);
#1847=LINE('',#12586,#2468);
#1848=LINE('',#12588,#2469);
#1849=LINE('',#12590,#2470);
#1850=LINE('',#12591,#2471);
#1851=LINE('',#12594,#2472);
#1852=LINE('',#12598,#2473);
#1853=LINE('',#12602,#2474);
#1854=LINE('',#12604,#2475);
#1855=LINE('',#12607,#2476);
#1856=LINE('',#12608,#2477);
#1857=LINE('',#12611,#2478);
#1858=LINE('',#12612,#2479);
#1859=LINE('',#12614,#2480);
#1860=LINE('',#12618,#2481);
#1861=LINE('',#12622,#2482);
#1862=LINE('',#12625,#2483);
#1863=LINE('',#12627,#2484);
#1864=LINE('',#12628,#2485);
#1865=LINE('',#12630,#2486);
#1866=LINE('',#12634,#2487);
#1867=LINE('',#12638,#2488);
#1868=LINE('',#12641,#2489);
#1869=LINE('',#12643,#2490);
#1870=LINE('',#12644,#2491);
#1871=LINE('',#12646,#2492);
#1872=LINE('',#12650,#2493);
#1873=LINE('',#12654,#2494);
#1874=LINE('',#12658,#2495);
#1875=LINE('',#12662,#2496);
#1876=LINE('',#12666,#2497);
#1877=LINE('',#12670,#2498);
#1878=LINE('',#12673,#2499);
#1879=LINE('',#12674,#2500);
#1880=LINE('',#12677,#2501);
#1881=LINE('',#12678,#2502);
#1882=LINE('',#12681,#2503);
#1883=LINE('',#12682,#2504);
#1884=LINE('',#12693,#2505);
#1885=LINE('',#12697,#2506);
#1886=LINE('',#12700,#2507);
#1887=LINE('',#12702,#2508);
#1888=LINE('',#12703,#2509);
#1889=LINE('',#12705,#2510);
#1890=LINE('',#12708,#2511);
#1891=LINE('',#12712,#2512);
#1892=LINE('',#12716,#2513);
#1893=LINE('',#12717,#2514);
#1894=LINE('',#12720,#2515);
#1895=LINE('',#12721,#2516);
#1896=LINE('',#12724,#2517);
#1897=LINE('',#12725,#2518);
#1898=LINE('',#12727,#2519);
#1899=LINE('',#12730,#2520);
#1900=LINE('',#12731,#2521);
#1901=LINE('',#12733,#2522);
#1902=LINE('',#12735,#2523);
#1903=LINE('',#12737,#2524);
#1904=LINE('',#12739,#2525);
#1905=LINE('',#12741,#2526);
#1906=LINE('',#12747,#2527);
#1907=LINE('',#12752,#2528);
#1908=LINE('',#12756,#2529);
#1909=LINE('',#12757,#2530);
#1910=LINE('',#12762,#2531);
#1911=LINE('',#12768,#2532);
#1912=LINE('',#12772,#2533);
#1913=LINE('',#12774,#2534);
#1914=LINE('',#12777,#2535);
#1915=LINE('',#12782,#2536);
#1916=LINE('',#12788,#2537);
#1917=LINE('',#12795,#2538);
#1918=LINE('',#12796,#2539);
#1919=LINE('',#12797,#2540);
#1920=LINE('',#12799,#2541);
#1921=LINE('',#12800,#2542);
#1922=LINE('',#12803,#2543);
#1923=LINE('',#12810,#2544);
#1924=LINE('',#12813,#2545);
#1925=LINE('',#12817,#2546);
#1926=LINE('',#12821,#2547);
#1927=LINE('',#12823,#2548);
#1928=LINE('',#12824,#2549);
#1929=LINE('',#12826,#2550);
#1930=LINE('',#12827,#2551);
#1931=LINE('',#12829,#2552);
#1932=LINE('',#12832,#2553);
#1933=LINE('',#12835,#2554);
#1934=LINE('',#12838,#2555);
#1935=LINE('',#12841,#2556);
#1936=LINE('',#12845,#2557);
#1937=LINE('',#12849,#2558);
#1938=LINE('',#12851,#2559);
#1939=LINE('',#12853,#2560);
#1940=LINE('',#12854,#2561);
#1941=LINE('',#12857,#2562);
#1942=LINE('',#12859,#2563);
#1943=LINE('',#12861,#2564);
#1944=LINE('',#12863,#2565);
#1945=LINE('',#12867,#2566);
#1946=LINE('',#12871,#2567);
#1947=LINE('',#12872,#2568);
#1948=LINE('',#12874,#2569);
#1949=LINE('',#12876,#2570);
#1950=LINE('',#12877,#2571);
#1951=LINE('',#12886,#2572);
#1952=LINE('',#12888,#2573);
#1953=LINE('',#12889,#2574);
#1954=LINE('',#12890,#2575);
#1955=LINE('',#12892,#2576);
#1956=LINE('',#12893,#2577);
#1957=LINE('',#12895,#2578);
#1958=LINE('',#12896,#2579);
#1959=LINE('',#12897,#2580);
#1960=LINE('',#12899,#2581);
#1961=LINE('',#12903,#2582);
#1962=LINE('',#12904,#2583);
#1963=LINE('',#12907,#2584);
#1964=LINE('',#12908,#2585);
#1965=LINE('',#12911,#2586);
#1966=LINE('',#12912,#2587);
#1967=LINE('',#12914,#2588);
#1968=LINE('',#12916,#2589);
#1969=LINE('',#12918,#2590);
#1970=LINE('',#12921,#2591);
#1971=LINE('',#12923,#2592);
#1972=LINE('',#12925,#2593);
#1973=LINE('',#12927,#2594);
#1974=LINE('',#12929,#2595);
#1975=LINE('',#12931,#2596);
#1976=LINE('',#12934,#2597);
#1977=LINE('',#12936,#2598);
#1978=LINE('',#12938,#2599);
#1979=LINE('',#12939,#2600);
#1980=LINE('',#12942,#2601);
#1981=LINE('',#12944,#2602);
#1982=LINE('',#12947,#2603);
#1983=LINE('',#12949,#2604);
#1984=LINE('',#12951,#2605);
#1985=LINE('',#12952,#2606);
#1986=LINE('',#12954,#2607);
#1987=LINE('',#12956,#2608);
#1988=LINE('',#12958,#2609);
#1989=LINE('',#12960,#2610);
#1990=LINE('',#12962,#2611);
#1991=LINE('',#12964,#2612);
#1992=VECTOR('',#7398,10.);
#1993=VECTOR('',#7399,10.);
#1994=VECTOR('',#7400,10.);
#1995=VECTOR('',#7403,10.);
#1996=VECTOR('',#7404,10.);
#1997=VECTOR('',#7405,10.);
#1998=VECTOR('',#7408,10.);
#1999=VECTOR('',#7409,10.);
#2000=VECTOR('',#7410,10.);
#2001=VECTOR('',#7413,10.);
#2002=VECTOR('',#7414,10.);
#2003=VECTOR('',#7417,10.);
#2004=VECTOR('',#7418,10.);
#2005=VECTOR('',#7419,10.);
#2006=VECTOR('',#7420,10.);
#2007=VECTOR('',#7423,10.);
#2008=VECTOR('',#7424,10.);
#2009=VECTOR('',#7425,10.);
#2010=VECTOR('',#7428,10.);
#2011=VECTOR('',#7429,10.);
#2012=VECTOR('',#7430,10.);
#2013=VECTOR('',#7433,10.);
#2014=VECTOR('',#7434,10.);
#2015=VECTOR('',#7435,10.);
#2016=VECTOR('',#7438,10.);
#2017=VECTOR('',#7439,10.);
#2018=VECTOR('',#7440,10.);
#2019=VECTOR('',#7443,10.);
#2020=VECTOR('',#7444,10.);
#2021=VECTOR('',#7445,10.);
#2022=VECTOR('',#7448,10.);
#2023=VECTOR('',#7449,10.);
#2024=VECTOR('',#7450,10.);
#2025=VECTOR('',#7453,10.);
#2026=VECTOR('',#7454,10.);
#2027=VECTOR('',#7459,10.);
#2028=VECTOR('',#7460,10.);
#2029=VECTOR('',#7461,10.);
#2030=VECTOR('',#7462,10.);
#2031=VECTOR('',#7465,10.);
#2032=VECTOR('',#7466,10.);
#2033=VECTOR('',#7467,10.);
#2034=VECTOR('',#7470,10.);
#2035=VECTOR('',#7471,10.);
#2036=VECTOR('',#7472,10.);
#2037=VECTOR('',#7475,10.);
#2038=VECTOR('',#7476,10.);
#2039=VECTOR('',#7477,10.);
#2040=VECTOR('',#7480,10.);
#2041=VECTOR('',#7481,10.);
#2042=VECTOR('',#7482,10.);
#2043=VECTOR('',#7485,10.);
#2044=VECTOR('',#7486,10.);
#2045=VECTOR('',#7487,10.);
#2046=VECTOR('',#7490,10.);
#2047=VECTOR('',#7491,10.);
#2048=VECTOR('',#7492,10.);
#2049=VECTOR('',#7495,10.);
#2050=VECTOR('',#7496,10.);
#2051=VECTOR('',#7497,10.);
#2052=VECTOR('',#7500,10.);
#2053=VECTOR('',#7501,10.);
#2054=VECTOR('',#7502,10.);
#2055=VECTOR('',#7505,10.);
#2056=VECTOR('',#7506,10.);
#2057=VECTOR('',#7511,10.);
#2058=VECTOR('',#7512,10.);
#2059=VECTOR('',#7513,10.);
#2060=VECTOR('',#7514,10.);
#2061=VECTOR('',#7517,10.);
#2062=VECTOR('',#7518,10.);
#2063=VECTOR('',#7519,10.);
#2064=VECTOR('',#7522,10.);
#2065=VECTOR('',#7523,10.);
#2066=VECTOR('',#7524,10.);
#2067=VECTOR('',#7527,10.);
#2068=VECTOR('',#7528,10.);
#2069=VECTOR('',#7529,10.);
#2070=VECTOR('',#7532,10.);
#2071=VECTOR('',#7533,10.);
#2072=VECTOR('',#7534,10.);
#2073=VECTOR('',#7537,10.);
#2074=VECTOR('',#7538,10.);
#2075=VECTOR('',#7539,10.);
#2076=VECTOR('',#7542,10.);
#2077=VECTOR('',#7543,10.);
#2078=VECTOR('',#7544,10.);
#2079=VECTOR('',#7547,10.);
#2080=VECTOR('',#7548,10.);
#2081=VECTOR('',#7549,10.);
#2082=VECTOR('',#7552,10.);
#2083=VECTOR('',#7553,10.);
#2084=VECTOR('',#7554,10.);
#2085=VECTOR('',#7557,10.);
#2086=VECTOR('',#7558,10.);
#2087=VECTOR('',#7559,10.);
#2088=VECTOR('',#7562,10.);
#2089=VECTOR('',#7563,10.);
#2090=VECTOR('',#7564,10.);
#2091=VECTOR('',#7567,10.);
#2092=VECTOR('',#7568,10.);
#2093=VECTOR('',#7571,10.);
#2094=VECTOR('',#7572,10.);
#2095=VECTOR('',#7573,10.);
#2096=VECTOR('',#7574,10.);
#2097=VECTOR('',#7575,10.);
#2098=VECTOR('',#7576,10.);
#2099=VECTOR('',#7577,10.);
#2100=VECTOR('',#7578,10.);
#2101=VECTOR('',#7579,10.);
#2102=VECTOR('',#7580,10.);
#2103=VECTOR('',#7583,10.);
#2104=VECTOR('',#7584,10.);
#2105=VECTOR('',#7585,10.);
#2106=VECTOR('',#7586,10.);
#2107=VECTOR('',#7587,10.);
#2108=VECTOR('',#7588,10.);
#2109=VECTOR('',#7589,10.);
#2110=VECTOR('',#7590,10.);
#2111=VECTOR('',#7591,10.);
#2112=VECTOR('',#7592,10.);
#2113=VECTOR('',#7593,10.);
#2114=VECTOR('',#7594,10.);
#2115=VECTOR('',#7595,10.);
#2116=VECTOR('',#7598,10.);
#2117=VECTOR('',#7599,10.);
#2118=VECTOR('',#7600,10.);
#2119=VECTOR('',#7605,10.);
#2120=VECTOR('',#7606,10.);
#2121=VECTOR('',#7607,10.);
#2122=VECTOR('',#7610,10.);
#2123=VECTOR('',#7611,10.);
#2124=VECTOR('',#7612,10.);
#2125=VECTOR('',#7615,10.);
#2126=VECTOR('',#7616,10.);
#2127=VECTOR('',#7617,10.);
#2128=VECTOR('',#7620,10.);
#2129=VECTOR('',#7621,10.);
#2130=VECTOR('',#7624,10.);
#2131=VECTOR('',#7625,10.);
#2132=VECTOR('',#7626,10.);
#2133=VECTOR('',#7627,10.);
#2134=VECTOR('',#7630,10.);
#2135=VECTOR('',#7631,10.);
#2136=VECTOR('',#7632,10.);
#2137=VECTOR('',#7635,10.);
#2138=VECTOR('',#7636,10.);
#2139=VECTOR('',#7637,10.);
#2140=VECTOR('',#7640,10.);
#2141=VECTOR('',#7641,10.);
#2142=VECTOR('',#7642,10.);
#2143=VECTOR('',#7645,10.);
#2144=VECTOR('',#7646,10.);
#2145=VECTOR('',#7647,10.);
#2146=VECTOR('',#7650,10.);
#2147=VECTOR('',#7651,10.);
#2148=VECTOR('',#7652,10.);
#2149=VECTOR('',#7655,10.);
#2150=VECTOR('',#7656,10.);
#2151=VECTOR('',#7657,10.);
#2152=VECTOR('',#7660,10.);
#2153=VECTOR('',#7661,10.);
#2154=VECTOR('',#7666,10.);
#2155=VECTOR('',#7667,10.);
#2156=VECTOR('',#7668,10.);
#2157=VECTOR('',#7669,10.);
#2158=VECTOR('',#7672,10.);
#2159=VECTOR('',#7673,10.);
#2160=VECTOR('',#7674,10.);
#2161=VECTOR('',#7677,10.);
#2162=VECTOR('',#7678,10.);
#2163=VECTOR('',#7679,10.);
#2164=VECTOR('',#7682,10.);
#2165=VECTOR('',#7683,10.);
#2166=VECTOR('',#7684,10.);
#2167=VECTOR('',#7687,10.);
#2168=VECTOR('',#7688,10.);
#2169=VECTOR('',#7689,10.);
#2170=VECTOR('',#7692,10.);
#2171=VECTOR('',#7693,10.);
#2172=VECTOR('',#7694,10.);
#2173=VECTOR('',#7697,10.);
#2174=VECTOR('',#7698,10.);
#2175=VECTOR('',#7699,10.);
#2176=VECTOR('',#7702,10.);
#2177=VECTOR('',#7703,10.);
#2178=VECTOR('',#7704,10.);
#2179=VECTOR('',#7707,10.);
#2180=VECTOR('',#7708,10.);
#2181=VECTOR('',#7709,10.);
#2182=VECTOR('',#7712,10.);
#2183=VECTOR('',#7713,10.);
#2184=VECTOR('',#7718,10.);
#2185=VECTOR('',#7719,10.);
#2186=VECTOR('',#7720,10.);
#2187=VECTOR('',#7721,10.);
#2188=VECTOR('',#7724,10.);
#2189=VECTOR('',#7725,10.);
#2190=VECTOR('',#7726,10.);
#2191=VECTOR('',#7729,10.);
#2192=VECTOR('',#7730,10.);
#2193=VECTOR('',#7731,10.);
#2194=VECTOR('',#7734,10.);
#2195=VECTOR('',#7735,10.);
#2196=VECTOR('',#7736,10.);
#2197=VECTOR('',#7739,10.);
#2198=VECTOR('',#7740,10.);
#2199=VECTOR('',#7741,10.);
#2200=VECTOR('',#7744,10.);
#2201=VECTOR('',#7745,10.);
#2202=VECTOR('',#7748,10.);
#2203=VECTOR('',#7749,10.);
#2204=VECTOR('',#7750,10.);
#2205=VECTOR('',#7751,10.);
#2206=VECTOR('',#7752,10.);
#2207=VECTOR('',#7753,10.);
#2208=VECTOR('',#7754,10.);
#2209=VECTOR('',#7755,10.);
#2210=VECTOR('',#7756,10.);
#2211=VECTOR('',#7757,10.);
#2212=VECTOR('',#7760,10.);
#2213=VECTOR('',#7761,10.);
#2214=VECTOR('',#7762,10.);
#2215=VECTOR('',#7763,10.);
#2216=VECTOR('',#7764,10.);
#2217=VECTOR('',#7765,10.);
#2218=VECTOR('',#7766,10.);
#2219=VECTOR('',#7767,10.);
#2220=VECTOR('',#7768,10.);
#2221=VECTOR('',#7769,10.);
#2222=VECTOR('',#7770,10.);
#2223=VECTOR('',#7771,10.);
#2224=VECTOR('',#7772,10.);
#2225=VECTOR('',#7775,10.);
#2226=VECTOR('',#7776,10.);
#2227=VECTOR('',#7777,10.);
#2228=VECTOR('',#7788,10.);
#2229=VECTOR('',#7789,10.);
#2230=VECTOR('',#7792,10.);
#2231=VECTOR('',#7793,10.);
#2232=VECTOR('',#7794,10.);
#2233=VECTOR('',#7795,10.);
#2234=VECTOR('',#7796,10.);
#2235=VECTOR('',#7797,10.);
#2236=VECTOR('',#7798,10.);
#2237=VECTOR('',#7799,10.);
#2238=VECTOR('',#7800,10.);
#2239=VECTOR('',#7803,10.);
#2240=VECTOR('',#7806,10.);
#2241=VECTOR('',#7807,10.);
#2242=VECTOR('',#7808,10.);
#2243=VECTOR('',#7809,10.);
#2244=VECTOR('',#7816,10.);
#2245=VECTOR('',#7821,10.);
#2246=VECTOR('',#7824,10.);
#2247=VECTOR('',#7829,10.);
#2248=VECTOR('',#7830,10.);
#2249=VECTOR('',#7831,10.);
#2250=VECTOR('',#7832,10.);
#2251=VECTOR('',#7869,10.);
#2252=VECTOR('',#7878,10.);
#2253=VECTOR('',#7893,10.);
#2254=VECTOR('',#7900,10.);
#2255=VECTOR('',#7903,10.);
#2256=VECTOR('',#7906,10.);
#2257=VECTOR('',#7909,10.);
#2258=VECTOR('',#7910,10.);
#2259=VECTOR('',#7911,10.);
#2260=VECTOR('',#7912,10.);
#2261=VECTOR('',#7913,10.);
#2262=VECTOR('',#7916,10.);
#2263=VECTOR('',#7919,10.);
#2264=VECTOR('',#7922,10.);
#2265=VECTOR('',#7925,10.);
#2266=VECTOR('',#7926,10.);
#2267=VECTOR('',#7927,10.);
#2268=VECTOR('',#7930,10.);
#2269=VECTOR('',#7933,10.);
#2270=VECTOR('',#7934,10.);
#2271=VECTOR('',#7935,10.);
#2272=VECTOR('',#7936,10.);
#2273=VECTOR('',#7937,10.);
#2274=VECTOR('',#7938,10.);
#2275=VECTOR('',#7939,10.);
#2276=VECTOR('',#7940,10.);
#2277=VECTOR('',#7943,10.);
#2278=VECTOR('',#7944,10.);
#2279=VECTOR('',#7949,10.);
#2280=VECTOR('',#7950,10.);
#2281=VECTOR('',#7953,10.);
#2282=VECTOR('',#7958,10.);
#2283=VECTOR('',#7963,10.);
#2284=VECTOR('',#7966,10.);
#2285=VECTOR('',#7971,10.);
#2286=VECTOR('',#7974,10.);
#2287=VECTOR('',#7977,10.);
#2288=VECTOR('',#7982,10.);
#2289=VECTOR('',#7983,10.);
#2290=VECTOR('',#7988,10.);
#2291=VECTOR('',#7991,10.);
#2292=VECTOR('',#7996,10.);
#2293=VECTOR('',#8019,10.);
#2294=VECTOR('',#8028,10.);
#2295=VECTOR('',#8037,10.);
#2296=VECTOR('',#8048,10.);
#2297=VECTOR('',#8059,10.);
#2298=VECTOR('',#8060,10.);
#2299=VECTOR('',#8081,10.);
#2300=VECTOR('',#8088,10.);
#2301=VECTOR('',#8095,10.);
#2302=VECTOR('',#8106,10.);
#2303=VECTOR('',#8117,10.);
#2304=VECTOR('',#8118,10.);
#2305=VECTOR('',#8125,10.);
#2306=VECTOR('',#8126,10.);
#2307=VECTOR('',#8129,10.);
#2308=VECTOR('',#8132,10.);
#2309=VECTOR('',#8133,10.);
#2310=VECTOR('',#8136,10.);
#2311=VECTOR('',#8139,10.);
#2312=VECTOR('',#8144,10.);
#2313=VECTOR('',#8149,10.);
#2314=VECTOR('',#8152,10.);
#2315=VECTOR('',#8155,10.);
#2316=VECTOR('',#8158,10.);
#2317=VECTOR('',#8167,10.);
#2318=VECTOR('',#8170,10.);
#2319=VECTOR('',#8173,10.);
#2320=VECTOR('',#8176,10.);
#2321=VECTOR('',#8179,10.);
#2322=VECTOR('',#8180,10.);
#2323=VECTOR('',#8181,10.);
#2324=VECTOR('',#8194,10.);
#2325=VECTOR('',#8195,10.);
#2326=VECTOR('',#8206,10.);
#2327=VECTOR('',#8207,10.);
#2328=VECTOR('',#8212,10.);
#2329=VECTOR('',#8215,10.);
#2330=VECTOR('',#8220,10.);
#2331=VECTOR('',#8223,10.);
#2332=VECTOR('',#8226,10.);
#2333=VECTOR('',#8229,10.);
#2334=VECTOR('',#8230,10.);
#2335=VECTOR('',#8239,10.);
#2336=VECTOR('',#8240,10.);
#2337=VECTOR('',#8241,10.);
#2338=VECTOR('',#8242,10.);
#2339=VECTOR('',#8243,10.);
#2340=VECTOR('',#8244,10.);
#2341=VECTOR('',#8245,10.);
#2342=VECTOR('',#8246,10.);
#2343=VECTOR('',#8247,10.);
#2344=VECTOR('',#8274,10.);
#2345=VECTOR('',#8279,10.);
#2346=VECTOR('',#8280,10.);
#2347=VECTOR('',#8283,10.);
#2348=VECTOR('',#8286,10.);
#2349=VECTOR('',#8299,10.);
#2350=VECTOR('',#8310,10.);
#2351=VECTOR('',#8321,10.);
#2352=VECTOR('',#8330,10.);
#2353=VECTOR('',#8341,10.);
#2354=VECTOR('',#8350,10.);
#2355=VECTOR('',#8353,10.);
#2356=VECTOR('',#8354,10.);
#2357=VECTOR('',#8357,10.);
#2358=VECTOR('',#8360,10.);
#2359=VECTOR('',#8361,10.);
#2360=VECTOR('',#8368,10.);
#2361=VECTOR('',#8377,10.);
#2362=VECTOR('',#8380,10.);
#2363=VECTOR('',#8383,10.);
#2364=VECTOR('',#8386,10.);
#2365=VECTOR('',#8387,10.);
#2366=VECTOR('',#8388,10.);
#2367=VECTOR('',#8391,10.);
#2368=VECTOR('',#8394,10.);
#2369=VECTOR('',#8399,10.);
#2370=VECTOR('',#8400,10.);
#2371=VECTOR('',#8401,10.);
#2372=VECTOR('',#8404,10.);
#2373=VECTOR('',#8407,10.);
#2374=VECTOR('',#8408,10.);
#2375=VECTOR('',#8411,10.);
#2376=VECTOR('',#8414,10.);
#2377=VECTOR('',#8417,10.);
#2378=VECTOR('',#8418,10.);
#2379=VECTOR('',#8423,10.);
#2380=VECTOR('',#8440,10.);
#2381=VECTOR('',#8441,10.);
#2382=VECTOR('',#8446,10.);
#2383=VECTOR('',#8447,10.);
#2384=VECTOR('',#8450,10.);
#2385=VECTOR('',#8451,10.);
#2386=VECTOR('',#8456,10.);
#2387=VECTOR('',#8457,10.);
#2388=VECTOR('',#8462,10.);
#2389=VECTOR('',#8463,10.);
#2390=VECTOR('',#8468,10.);
#2391=VECTOR('',#8471,10.);
#2392=VECTOR('',#8496,10.);
#2393=VECTOR('',#8497,10.);
#2394=VECTOR('',#8502,10.);
#2395=VECTOR('',#8503,10.);
#2396=VECTOR('',#8508,10.);
#2397=VECTOR('',#8509,10.);
#2398=VECTOR('',#8526,10.);
#2399=VECTOR('',#8527,10.);
#2400=VECTOR('',#8548,10.);
#2401=VECTOR('',#8549,10.);
#2402=VECTOR('',#8554,10.);
#2403=VECTOR('',#8555,10.);
#2404=VECTOR('',#8560,10.);
#2405=VECTOR('',#8561,10.);
#2406=VECTOR('',#8568,10.);
#2407=VECTOR('',#8569,10.);
#2408=VECTOR('',#8570,10.);
#2409=VECTOR('',#8571,10.);
#2410=VECTOR('',#8572,10.);
#2411=VECTOR('',#8575,10.);
#2412=VECTOR('',#8578,10.);
#2413=VECTOR('',#8579,10.);
#2414=VECTOR('',#8580,10.);
#2415=VECTOR('',#8583,10.);
#2416=VECTOR('',#8584,10.);
#2417=VECTOR('',#8587,10.);
#2418=VECTOR('',#8588,10.);
#2419=VECTOR('',#8589,10.);
#2420=VECTOR('',#8592,10.);
#2421=VECTOR('',#8593,10.);
#2422=VECTOR('',#8594,10.);
#2423=VECTOR('',#8595,10.);
#2424=VECTOR('',#8598,10.);
#2425=VECTOR('',#8599,10.);
#2426=VECTOR('',#8600,10.);
#2427=VECTOR('',#8601,10.);
#2428=VECTOR('',#8602,10.);
#2429=VECTOR('',#8605,10.);
#2430=VECTOR('',#8608,10.);
#2431=VECTOR('',#8613,10.);
#2432=VECTOR('',#8614,10.);
#2433=VECTOR('',#8615,10.);
#2434=VECTOR('',#8616,10.);
#2435=VECTOR('',#8619,10.);
#2436=VECTOR('',#8620,10.);
#2437=VECTOR('',#8621,10.);
#2438=VECTOR('',#8622,10.);
#2439=VECTOR('',#8623,10.);
#2440=VECTOR('',#8626,10.);
#2441=VECTOR('',#8629,10.);
#2442=VECTOR('',#8634,10.);
#2443=VECTOR('',#8635,10.);
#2444=VECTOR('',#8636,10.);
#2445=VECTOR('',#8637,10.);
#2446=VECTOR('',#8640,10.);
#2447=VECTOR('',#8641,10.);
#2448=VECTOR('',#8642,10.);
#2449=VECTOR('',#8643,10.);
#2450=VECTOR('',#8646,10.);
#2451=VECTOR('',#8649,10.);
#2452=VECTOR('',#8654,10.);
#2453=VECTOR('',#8655,10.);
#2454=VECTOR('',#8656,10.);
#2455=VECTOR('',#8657,10.);
#2456=VECTOR('',#8660,10.);
#2457=VECTOR('',#8661,10.);
#2458=VECTOR('',#8662,10.);
#2459=VECTOR('',#8663,10.);
#2460=VECTOR('',#8664,10.);
#2461=VECTOR('',#8667,10.);
#2462=VECTOR('',#8670,10.);
#2463=VECTOR('',#8675,10.);
#2464=VECTOR('',#8676,10.);
#2465=VECTOR('',#8677,10.);
#2466=VECTOR('',#8678,10.);
#2467=VECTOR('',#8681,10.);
#2468=VECTOR('',#8682,10.);
#2469=VECTOR('',#8683,10.);
#2470=VECTOR('',#8684,10.);
#2471=VECTOR('',#8685,10.);
#2472=VECTOR('',#8688,10.);
#2473=VECTOR('',#8691,10.);
#2474=VECTOR('',#8696,10.);
#2475=VECTOR('',#8697,10.);
#2476=VECTOR('',#8702,10.);
#2477=VECTOR('',#8703,10.);
#2478=VECTOR('',#8706,10.);
#2479=VECTOR('',#8707,10.);
#2480=VECTOR('',#8710,10.);
#2481=VECTOR('',#8713,10.);
#2482=VECTOR('',#8720,10.);
#2483=VECTOR('',#8723,10.);
#2484=VECTOR('',#8724,10.);
#2485=VECTOR('',#8725,10.);
#2486=VECTOR('',#8728,10.);
#2487=VECTOR('',#8731,10.);
#2488=VECTOR('',#8738,10.);
#2489=VECTOR('',#8741,10.);
#2490=VECTOR('',#8742,10.);
#2491=VECTOR('',#8743,10.);
#2492=VECTOR('',#8746,10.);
#2493=VECTOR('',#8749,10.);
#2494=VECTOR('',#8756,10.);
#2495=VECTOR('',#8759,10.);
#2496=VECTOR('',#8766,10.);
#2497=VECTOR('',#8769,10.);
#2498=VECTOR('',#8772,10.);
#2499=VECTOR('',#8777,10.);
#2500=VECTOR('',#8778,10.);
#2501=VECTOR('',#8781,10.);
#2502=VECTOR('',#8782,10.);
#2503=VECTOR('',#8785,10.);
#2504=VECTOR('',#8786,10.);
#2505=VECTOR('',#8803,10.);
#2506=VECTOR('',#8810,10.);
#2507=VECTOR('',#8813,10.);
#2508=VECTOR('',#8814,10.);
#2509=VECTOR('',#8815,10.);
#2510=VECTOR('',#8818,10.);
#2511=VECTOR('',#8821,10.);
#2512=VECTOR('',#8826,10.);
#2513=VECTOR('',#8831,10.);
#2514=VECTOR('',#8832,10.);
#2515=VECTOR('',#8835,10.);
#2516=VECTOR('',#8836,10.);
#2517=VECTOR('',#8839,10.);
#2518=VECTOR('',#8840,10.);
#2519=VECTOR('',#8843,10.);
#2520=VECTOR('',#8846,10.);
#2521=VECTOR('',#8847,10.);
#2522=VECTOR('',#8850,10.);
#2523=VECTOR('',#8853,10.);
#2524=VECTOR('',#8856,10.);
#2525=VECTOR('',#8859,10.);
#2526=VECTOR('',#8862,10.);
#2527=VECTOR('',#8869,10.);
#2528=VECTOR('',#8874,7.5);
#2529=VECTOR('',#8879,10.);
#2530=VECTOR('',#8880,10.);
#2531=VECTOR('',#8885,1.8);
#2532=VECTOR('',#8892,10.);
#2533=VECTOR('',#8897,10.);
#2534=VECTOR('',#8898,10.);
#2535=VECTOR('',#8903,10.);
#2536=VECTOR('',#8908,1.8);
#2537=VECTOR('',#8915,10.);
#2538=VECTOR('',#8922,10.);
#2539=VECTOR('',#8923,10.);
#2540=VECTOR('',#8924,10.);
#2541=VECTOR('',#8927,10.);
#2542=VECTOR('',#8928,10.);
#2543=VECTOR('',#8931,3.75);
#2544=VECTOR('',#8940,10.);
#2545=VECTOR('',#8943,10.);
#2546=VECTOR('',#8948,10.);
#2547=VECTOR('',#8953,10.);
#2548=VECTOR('',#8956,10.);
#2549=VECTOR('',#8957,10.);
#2550=VECTOR('',#8958,10.);
#2551=VECTOR('',#8959,10.);
#2552=VECTOR('',#8962,10.);
#2553=VECTOR('',#8967,10.);
#2554=VECTOR('',#8970,10.);
#2555=VECTOR('',#8973,10.);
#2556=VECTOR('',#8976,10.);
#2557=VECTOR('',#8981,10.);
#2558=VECTOR('',#8986,10.);
#2559=VECTOR('',#8987,10.);
#2560=VECTOR('',#8988,10.);
#2561=VECTOR('',#8989,10.);
#2562=VECTOR('',#8992,10.);
#2563=VECTOR('',#8993,10.);
#2564=VECTOR('',#8994,10.);
#2565=VECTOR('',#8995,10.);
#2566=VECTOR('',#8998,10.);
#2567=VECTOR('',#9001,10.);
#2568=VECTOR('',#9002,10.);
#2569=VECTOR('',#9003,10.);
#2570=VECTOR('',#9004,10.);
#2571=VECTOR('',#9005,10.);
#2572=VECTOR('',#9012,10.);
#2573=VECTOR('',#9013,10.);
#2574=VECTOR('',#9014,10.);
#2575=VECTOR('',#9015,10.);
#2576=VECTOR('',#9016,10.);
#2577=VECTOR('',#9017,10.);
#2578=VECTOR('',#9018,10.);
#2579=VECTOR('',#9019,10.);
#2580=VECTOR('',#9020,10.);
#2581=VECTOR('',#9021,10.);
#2582=VECTOR('',#9026,10.);
#2583=VECTOR('',#9027,10.);
#2584=VECTOR('',#9030,10.);
#2585=VECTOR('',#9031,10.);
#2586=VECTOR('',#9034,10.);
#2587=VECTOR('',#9035,10.);
#2588=VECTOR('',#9038,10.);
#2589=VECTOR('',#9041,10.);
#2590=VECTOR('',#9044,10.);
#2591=VECTOR('',#9049,10.);
#2592=VECTOR('',#9052,10.);
#2593=VECTOR('',#9055,10.);
#2594=VECTOR('',#9058,10.);
#2595=VECTOR('',#9061,10.);
#2596=VECTOR('',#9064,10.);
#2597=VECTOR('',#9069,10.);
#2598=VECTOR('',#9072,1.8);
#2599=VECTOR('',#9075,10.);
#2600=VECTOR('',#9076,10.);
#2601=VECTOR('',#9081,10.);
#2602=VECTOR('',#9084,10.);
#2603=VECTOR('',#9089,10.);
#2604=VECTOR('',#9092,10.);
#2605=VECTOR('',#9095,10.);
#2606=VECTOR('',#9096,10.);
#2607=VECTOR('',#9099,10.);
#2608=VECTOR('',#9102,10.);
#2609=VECTOR('',#9105,10.);
#2610=VECTOR('',#9108,10.);
#2611=VECTOR('',#9111,10.);
#2612=VECTOR('',#9114,10.);
#2613=B_SPLINE_CURVE_WITH_KNOTS('',2,(#9126,#9127,#9128),.UNSPECIFIED.,
 .F.,.F.,(3,3),(0.,1.),.UNSPECIFIED.);
#2614=B_SPLINE_CURVE_WITH_KNOTS('',2,(#9132,#9133,#9134),.UNSPECIFIED.,
 .F.,.F.,(3,3),(0.,1.),.UNSPECIFIED.);
#2615=B_SPLINE_CURVE_WITH_KNOTS('',2,(#9143,#9144,#9145),.UNSPECIFIED.,
 .F.,.F.,(3,3),(0.,1.),.UNSPECIFIED.);
#2616=B_SPLINE_CURVE_WITH_KNOTS('',2,(#9148,#9149,#9150),.UNSPECIFIED.,
 .F.,.F.,(3,3),(0.,1.),.UNSPECIFIED.);
#2617=B_SPLINE_CURVE_WITH_KNOTS('',2,(#9357,#9358,#9359),.UNSPECIFIED.,
 .F.,.F.,(3,3),(0.,1.),.UNSPECIFIED.);
#2618=B_SPLINE_CURVE_WITH_KNOTS('',2,(#9363,#9364,#9365),.UNSPECIFIED.,
 .F.,.F.,(3,3),(0.,1.),.UNSPECIFIED.);
#2619=B_SPLINE_CURVE_WITH_KNOTS('',2,(#9374,#9375,#9376),.UNSPECIFIED.,
 .F.,.F.,(3,3),(0.,1.),.UNSPECIFIED.);
#2620=B_SPLINE_CURVE_WITH_KNOTS('',2,(#9379,#9380,#9381),.UNSPECIFIED.,
 .F.,.F.,(3,3),(0.,1.),.UNSPECIFIED.);
#2621=B_SPLINE_CURVE_WITH_KNOTS('',2,(#9389,#9390,#9391),.UNSPECIFIED.,
 .F.,.F.,(3,3),(0.,1.),.UNSPECIFIED.);
#2622=B_SPLINE_CURVE_WITH_KNOTS('',2,(#9394,#9395,#9396),.UNSPECIFIED.,
 .F.,.F.,(3,3),(0.,1.),.UNSPECIFIED.);
#2623=B_SPLINE_CURVE_WITH_KNOTS('',2,(#9404,#9405,#9406),.UNSPECIFIED.,
 .F.,.F.,(3,3),(0.,1.),.UNSPECIFIED.);
#2624=B_SPLINE_CURVE_WITH_KNOTS('',2,(#9409,#9410,#9411),.UNSPECIFIED.,
 .F.,.F.,(3,3),(0.,1.),.UNSPECIFIED.);
#2625=B_SPLINE_CURVE_WITH_KNOTS('',2,(#9419,#9420,#9421),.UNSPECIFIED.,
 .F.,.F.,(3,3),(0.,1.),.UNSPECIFIED.);
#2626=B_SPLINE_CURVE_WITH_KNOTS('',2,(#9424,#9425,#9426),.UNSPECIFIED.,
 .F.,.F.,(3,3),(0.,1.),.UNSPECIFIED.);
#2627=B_SPLINE_CURVE_WITH_KNOTS('',2,(#9434,#9435,#9436),.UNSPECIFIED.,
 .F.,.F.,(3,3),(0.,1.),.UNSPECIFIED.);
#2628=B_SPLINE_CURVE_WITH_KNOTS('',2,(#9439,#9440,#9441),.UNSPECIFIED.,
 .F.,.F.,(3,3),(0.,1.),.UNSPECIFIED.);
#2629=B_SPLINE_CURVE_WITH_KNOTS('',2,(#9449,#9450,#9451),.UNSPECIFIED.,
 .F.,.F.,(3,3),(0.,1.),.UNSPECIFIED.);
#2630=B_SPLINE_CURVE_WITH_KNOTS('',2,(#9454,#9455,#9456),.UNSPECIFIED.,
 .F.,.F.,(3,3),(0.,1.),.UNSPECIFIED.);
#2631=B_SPLINE_CURVE_WITH_KNOTS('',2,(#9464,#9465,#9466),.UNSPECIFIED.,
 .F.,.F.,(3,3),(0.,1.),.UNSPECIFIED.);
#2632=B_SPLINE_CURVE_WITH_KNOTS('',2,(#9469,#9470,#9471),.UNSPECIFIED.,
 .F.,.F.,(3,3),(0.,1.),.UNSPECIFIED.);
#2633=B_SPLINE_CURVE_WITH_KNOTS('',2,(#9479,#9480,#9481),.UNSPECIFIED.,
 .F.,.F.,(3,3),(0.,1.),.UNSPECIFIED.);
#2634=B_SPLINE_CURVE_WITH_KNOTS('',2,(#9484,#9485,#9486),.UNSPECIFIED.,
 .F.,.F.,(3,3),(0.,1.),.UNSPECIFIED.);
#2635=B_SPLINE_CURVE_WITH_KNOTS('',2,(#9500,#9501,#9502),.UNSPECIFIED.,
 .F.,.F.,(3,3),(0.,1.),.UNSPECIFIED.);
#2636=B_SPLINE_CURVE_WITH_KNOTS('',2,(#9505,#9506,#9507),.UNSPECIFIED.,
 .F.,.F.,(3,3),(0.,1.),.UNSPECIFIED.);
#2637=B_SPLINE_CURVE_WITH_KNOTS('',2,(#9515,#9516,#9517),.UNSPECIFIED.,
 .F.,.F.,(3,3),(0.,1.),.UNSPECIFIED.);
#2638=B_SPLINE_CURVE_WITH_KNOTS('',2,(#9520,#9521,#9522),.UNSPECIFIED.,
 .F.,.F.,(3,3),(0.,1.),.UNSPECIFIED.);
#2639=B_SPLINE_CURVE_WITH_KNOTS('',2,(#9530,#9531,#9532),.UNSPECIFIED.,
 .F.,.F.,(3,3),(0.,1.),.UNSPECIFIED.);
#2640=B_SPLINE_CURVE_WITH_KNOTS('',2,(#9535,#9536,#9537),.UNSPECIFIED.,
 .F.,.F.,(3,3),(0.,1.),.UNSPECIFIED.);
#2641=B_SPLINE_CURVE_WITH_KNOTS('',2,(#9545,#9546,#9547),.UNSPECIFIED.,
 .F.,.F.,(3,3),(0.,1.),.UNSPECIFIED.);
#2642=B_SPLINE_CURVE_WITH_KNOTS('',2,(#9550,#9551,#9552),.UNSPECIFIED.,
 .F.,.F.,(3,3),(0.,1.),.UNSPECIFIED.);
#2643=B_SPLINE_CURVE_WITH_KNOTS('',2,(#9560,#9561,#9562),.UNSPECIFIED.,
 .F.,.F.,(3,3),(0.,1.),.UNSPECIFIED.);
#2644=B_SPLINE_CURVE_WITH_KNOTS('',2,(#9565,#9566,#9567),.UNSPECIFIED.,
 .F.,.F.,(3,3),(0.,1.),.UNSPECIFIED.);
#2645=B_SPLINE_CURVE_WITH_KNOTS('',2,(#9575,#9576,#9577),.UNSPECIFIED.,
 .F.,.F.,(3,3),(0.,1.),.UNSPECIFIED.);
#2646=B_SPLINE_CURVE_WITH_KNOTS('',2,(#9580,#9581,#9582),.UNSPECIFIED.,
 .F.,.F.,(3,3),(0.,1.),.UNSPECIFIED.);
#2647=B_SPLINE_CURVE_WITH_KNOTS('',2,(#9590,#9591,#9592),.UNSPECIFIED.,
 .F.,.F.,(3,3),(0.,1.),.UNSPECIFIED.);
#2648=B_SPLINE_CURVE_WITH_KNOTS('',2,(#9595,#9596,#9597),.UNSPECIFIED.,
 .F.,.F.,(3,3),(0.,1.),.UNSPECIFIED.);
#2649=B_SPLINE_CURVE_WITH_KNOTS('',2,(#9605,#9606,#9607),.UNSPECIFIED.,
 .F.,.F.,(3,3),(0.,1.),.UNSPECIFIED.);
#2650=B_SPLINE_CURVE_WITH_KNOTS('',2,(#9610,#9611,#9612),.UNSPECIFIED.,
 .F.,.F.,(3,3),(0.,1.),.UNSPECIFIED.);
#2651=B_SPLINE_CURVE_WITH_KNOTS('',2,(#9620,#9621,#9622),.UNSPECIFIED.,
 .F.,.F.,(3,3),(0.,1.),.UNSPECIFIED.);
#2652=B_SPLINE_CURVE_WITH_KNOTS('',2,(#9625,#9626,#9627),.UNSPECIFIED.,
 .F.,.F.,(3,3),(0.,1.),.UNSPECIFIED.);
#2653=B_SPLINE_CURVE_WITH_KNOTS('',2,(#9635,#9636,#9637),.UNSPECIFIED.,
 .F.,.F.,(3,3),(0.,1.),.UNSPECIFIED.);
#2654=B_SPLINE_CURVE_WITH_KNOTS('',2,(#9640,#9641,#9642),.UNSPECIFIED.,
 .F.,.F.,(3,3),(0.,1.),.UNSPECIFIED.);
#2655=B_SPLINE_CURVE_WITH_KNOTS('',2,(#9655,#9656,#9657),.UNSPECIFIED.,
 .F.,.F.,(3,3),(0.,1.),.UNSPECIFIED.);
#2656=B_SPLINE_CURVE_WITH_KNOTS('',2,(#9658,#9659,#9660),.UNSPECIFIED.,
 .F.,.F.,(3,3),(0.,1.),.UNSPECIFIED.);
#2657=B_SPLINE_CURVE_WITH_KNOTS('',2,(#9671,#9672,#9673),.UNSPECIFIED.,
 .F.,.F.,(3,3),(0.,1.),.UNSPECIFIED.);
#2658=B_SPLINE_CURVE_WITH_KNOTS('',2,(#9677,#9678,#9679),.UNSPECIFIED.,
 .F.,.F.,(3,3),(0.,1.),.UNSPECIFIED.);
#2659=B_SPLINE_CURVE_WITH_KNOTS('',2,(#9688,#9689,#9690),.UNSPECIFIED.,
 .F.,.F.,(3,3),(0.,1.),.UNSPECIFIED.);
#2660=B_SPLINE_CURVE_WITH_KNOTS('',2,(#9693,#9694,#9695),.UNSPECIFIED.,
 .F.,.F.,(3,3),(0.,1.),.UNSPECIFIED.);
#2661=B_SPLINE_CURVE_WITH_KNOTS('',2,(#9866,#9867,#9868),.UNSPECIFIED.,
 .F.,.F.,(3,3),(0.,1.),.UNSPECIFIED.);
#2662=B_SPLINE_CURVE_WITH_KNOTS('',2,(#9872,#9873,#9874),.UNSPECIFIED.,
 .F.,.F.,(3,3),(0.,1.),.UNSPECIFIED.);
#2663=B_SPLINE_CURVE_WITH_KNOTS('',2,(#9883,#9884,#9885),.UNSPECIFIED.,
 .F.,.F.,(3,3),(0.,1.),.UNSPECIFIED.);
#2664=B_SPLINE_CURVE_WITH_KNOTS('',2,(#9888,#9889,#9890),.UNSPECIFIED.,
 .F.,.F.,(3,3),(0.,1.),.UNSPECIFIED.);
#2665=B_SPLINE_CURVE_WITH_KNOTS('',2,(#9898,#9899,#9900),.UNSPECIFIED.,
 .F.,.F.,(3,3),(0.,1.),.UNSPECIFIED.);
#2666=B_SPLINE_CURVE_WITH_KNOTS('',2,(#9903,#9904,#9905),.UNSPECIFIED.,
 .F.,.F.,(3,3),(0.,1.),.UNSPECIFIED.);
#2667=B_SPLINE_CURVE_WITH_KNOTS('',2,(#9913,#9914,#9915),.UNSPECIFIED.,
 .F.,.F.,(3,3),(0.,1.),.UNSPECIFIED.);
#2668=B_SPLINE_CURVE_WITH_KNOTS('',2,(#9918,#9919,#9920),.UNSPECIFIED.,
 .F.,.F.,(3,3),(0.,1.),.UNSPECIFIED.);
#2669=B_SPLINE_CURVE_WITH_KNOTS('',2,(#9928,#9929,#9930),.UNSPECIFIED.,
 .F.,.F.,(3,3),(0.,1.),.UNSPECIFIED.);
#2670=B_SPLINE_CURVE_WITH_KNOTS('',2,(#9933,#9934,#9935),.UNSPECIFIED.,
 .F.,.F.,(3,3),(0.,1.),.UNSPECIFIED.);
#2671=B_SPLINE_CURVE_WITH_KNOTS('',2,(#9943,#9944,#9945),.UNSPECIFIED.,
 .F.,.F.,(3,3),(0.,1.),.UNSPECIFIED.);
#2672=B_SPLINE_CURVE_WITH_KNOTS('',2,(#9948,#9949,#9950),.UNSPECIFIED.,
 .F.,.F.,(3,3),(0.,1.),.UNSPECIFIED.);
#2673=B_SPLINE_CURVE_WITH_KNOTS('',2,(#9958,#9959,#9960),.UNSPECIFIED.,
 .F.,.F.,(3,3),(0.,1.),.UNSPECIFIED.);
#2674=B_SPLINE_CURVE_WITH_KNOTS('',2,(#9963,#9964,#9965),.UNSPECIFIED.,
 .F.,.F.,(3,3),(0.,1.),.UNSPECIFIED.);
#2675=B_SPLINE_CURVE_WITH_KNOTS('',2,(#9973,#9974,#9975),.UNSPECIFIED.,
 .F.,.F.,(3,3),(0.,1.),.UNSPECIFIED.);
#2676=B_SPLINE_CURVE_WITH_KNOTS('',2,(#9978,#9979,#9980),.UNSPECIFIED.,
 .F.,.F.,(3,3),(0.,1.),.UNSPECIFIED.);
#2677=B_SPLINE_CURVE_WITH_KNOTS('',2,(#9988,#9989,#9990),.UNSPECIFIED.,
 .F.,.F.,(3,3),(0.,1.),.UNSPECIFIED.);
#2678=B_SPLINE_CURVE_WITH_KNOTS('',2,(#9993,#9994,#9995),.UNSPECIFIED.,
 .F.,.F.,(3,3),(0.,1.),.UNSPECIFIED.);
#2679=B_SPLINE_CURVE_WITH_KNOTS('',2,(#10009,#10010,#10011),
 .UNSPECIFIED.,.F.,.F.,(3,3),(0.,1.),.UNSPECIFIED.);
#2680=B_SPLINE_CURVE_WITH_KNOTS('',2,(#10014,#10015,#10016),
 .UNSPECIFIED.,.F.,.F.,(3,3),(0.,1.),.UNSPECIFIED.);
#2681=B_SPLINE_CURVE_WITH_KNOTS('',2,(#10024,#10025,#10026),
 .UNSPECIFIED.,.F.,.F.,(3,3),(0.,1.),.UNSPECIFIED.);
#2682=B_SPLINE_CURVE_WITH_KNOTS('',2,(#10029,#10030,#10031),
 .UNSPECIFIED.,.F.,.F.,(3,3),(0.,1.),.UNSPECIFIED.);
#2683=B_SPLINE_CURVE_WITH_KNOTS('',2,(#10039,#10040,#10041),
 .UNSPECIFIED.,.F.,.F.,(3,3),(0.,1.),.UNSPECIFIED.);
#2684=B_SPLINE_CURVE_WITH_KNOTS('',2,(#10044,#10045,#10046),
 .UNSPECIFIED.,.F.,.F.,(3,3),(0.,1.),.UNSPECIFIED.);
#2685=B_SPLINE_CURVE_WITH_KNOTS('',2,(#10054,#10055,#10056),
 .UNSPECIFIED.,.F.,.F.,(3,3),(0.,1.),.UNSPECIFIED.);
#2686=B_SPLINE_CURVE_WITH_KNOTS('',2,(#10059,#10060,#10061),
 .UNSPECIFIED.,.F.,.F.,(3,3),(0.,1.),.UNSPECIFIED.);
#2687=B_SPLINE_CURVE_WITH_KNOTS('',2,(#10069,#10070,#10071),
 .UNSPECIFIED.,.F.,.F.,(3,3),(0.,1.),.UNSPECIFIED.);
#2688=B_SPLINE_CURVE_WITH_KNOTS('',2,(#10074,#10075,#10076),
 .UNSPECIFIED.,.F.,.F.,(3,3),(0.,1.),.UNSPECIFIED.);
#2689=B_SPLINE_CURVE_WITH_KNOTS('',2,(#10084,#10085,#10086),
 .UNSPECIFIED.,.F.,.F.,(3,3),(0.,1.),.UNSPECIFIED.);
#2690=B_SPLINE_CURVE_WITH_KNOTS('',2,(#10089,#10090,#10091),
 .UNSPECIFIED.,.F.,.F.,(3,3),(0.,1.),.UNSPECIFIED.);
#2691=B_SPLINE_CURVE_WITH_KNOTS('',2,(#10099,#10100,#10101),
 .UNSPECIFIED.,.F.,.F.,(3,3),(0.,1.),.UNSPECIFIED.);
#2692=B_SPLINE_CURVE_WITH_KNOTS('',2,(#10104,#10105,#10106),
 .UNSPECIFIED.,.F.,.F.,(3,3),(0.,1.),.UNSPECIFIED.);
#2693=B_SPLINE_CURVE_WITH_KNOTS('',2,(#10114,#10115,#10116),
 .UNSPECIFIED.,.F.,.F.,(3,3),(0.,1.),.UNSPECIFIED.);
#2694=B_SPLINE_CURVE_WITH_KNOTS('',2,(#10119,#10120,#10121),
 .UNSPECIFIED.,.F.,.F.,(3,3),(0.,1.),.UNSPECIFIED.);
#2695=B_SPLINE_CURVE_WITH_KNOTS('',2,(#10129,#10130,#10131),
 .UNSPECIFIED.,.F.,.F.,(3,3),(0.,1.),.UNSPECIFIED.);
#2696=B_SPLINE_CURVE_WITH_KNOTS('',2,(#10134,#10135,#10136),
 .UNSPECIFIED.,.F.,.F.,(3,3),(0.,1.),.UNSPECIFIED.);
#2697=B_SPLINE_CURVE_WITH_KNOTS('',2,(#10144,#10145,#10146),
 .UNSPECIFIED.,.F.,.F.,(3,3),(0.,1.),.UNSPECIFIED.);
#2698=B_SPLINE_CURVE_WITH_KNOTS('',2,(#10149,#10150,#10151),
 .UNSPECIFIED.,.F.,.F.,(3,3),(0.,1.),.UNSPECIFIED.);
#2699=B_SPLINE_CURVE_WITH_KNOTS('',2,(#10164,#10165,#10166),
 .UNSPECIFIED.,.F.,.F.,(3,3),(0.,1.),.UNSPECIFIED.);
#2700=B_SPLINE_CURVE_WITH_KNOTS('',2,(#10167,#10168,#10169),
 .UNSPECIFIED.,.F.,.F.,(3,3),(0.,1.),.UNSPECIFIED.);
#2701=B_SPLINE_CURVE_WITH_KNOTS('',3,(#10224,#10225,#10226,#10227,#10228,
#10229,#10230,#10231,#10232,#10233,#10234,#10235),.UNSPECIFIED.,.F.,.F.,
(4,1,1,1,1,1,1,2,4),(0.,0.0533746367647797,0.106749273529559,0.133436591911949,
0.160123910294339,0.186811228676729,0.213498547059119,0.266873183823899,
0.267438872972828),.UNSPECIFIED.);
#2702=B_SPLINE_CURVE_WITH_KNOTS('',3,(#10236,#10237,#10238,#10239,#10240,
#10241,#10242,#10243,#10244,#10245,#10246,#10247),.UNSPECIFIED.,.F.,.F.,
(4,2,1,1,1,1,1,1,4),(-0.267438872972828,-0.266873183823899,-0.213498547059119,
-0.186811228676729,-0.160123910294339,-0.133436591911949,-0.106749273529559,
-0.0533746367647797,0.),.UNSPECIFIED.);
#2703=B_SPLINE_CURVE_WITH_KNOTS('',3,(#10315,#10316,#10317,#10318,#10319,
#10320,#10321,#10322,#10323,#10324,#10325,#10326),.UNSPECIFIED.,.F.,.F.,
(4,1,1,1,1,1,1,2,4),(-0.266873183823899,-0.160123910294339,-0.133436591911949,
-0.10674927352956,-0.0800619551471697,-0.0533746367647798,-0.0266873183823899,
0.,0.000565689148929455),.UNSPECIFIED.);
#2704=B_SPLINE_CURVE_WITH_KNOTS('',3,(#10327,#10328,#10329,#10330,#10331,
#10332,#10333,#10334,#10335,#10336,#10337,#10338),.UNSPECIFIED.,.F.,.F.,
(4,2,1,1,1,1,1,1,4),(-0.000565689148929455,0.,0.0266873183823899,0.0533746367647798,
0.0800619551471697,0.10674927352956,0.133436591911949,0.160123910294339,
0.266873183823899),.UNSPECIFIED.);
#2705=B_SPLINE_CURVE_WITH_KNOTS('',3,(#10343,#10344,#10345,#10346,#10347,
#10348,#10349,#10350),.UNSPECIFIED.,.F.,.F.,(4,1,1,2,4),(-0.118168162443901,
-0.0709008974663404,-0.0472672649775603,0.,0.000565689149110185),
 .UNSPECIFIED.);
#2706=B_SPLINE_CURVE_WITH_KNOTS('',3,(#10354,#10355,#10356,#10357,#10358,
#10359,#10360,#10361),.UNSPECIFIED.,.F.,.F.,(4,2,1,1,4),(-0.267438872972832,
-0.266873183823722,-0.195972286787333,-0.17233865444187,-0.148705022096407),
 .UNSPECIFIED.);
#2707=B_SPLINE_CURVE_WITH_KNOTS('',3,(#10365,#10366,#10367,#10368,#10369,
#10370,#10371,#10372,#10373,#10374,#10375),.UNSPECIFIED.,.F.,.F.,(4,1,1,
1,1,1,2,4),(-0.266873183823899,-0.21349854705912,-0.16012391029434,-0.13343659191195,
-0.10674927352956,-0.0533746367647799,0.,0.000565689148929455),
 .UNSPECIFIED.);
#2708=B_SPLINE_CURVE_WITH_KNOTS('',3,(#10397,#10398,#10399,#10400,#10401,
#10402,#10403,#10404,#10405,#10406,#10407,#10408),.UNSPECIFIED.,.F.,.F.,
(4,2,1,1,1,1,1,1,4),(-0.267438872972829,-0.266873183823899,-0.21349854705912,
-0.18681122867673,-0.16012391029434,-0.13343659191195,-0.10674927352956,
-0.0533746367647799,0.),.UNSPECIFIED.);
#2709=B_SPLINE_CURVE_WITH_KNOTS('',3,(#10412,#10413,#10414,#10415,#10416,
#10417,#10418,#10419),.UNSPECIFIED.,.F.,.F.,(4,1,1,2,4),(-0.118168162443902,
-0.0709008974663411,-0.0472672649775607,0.,0.000565689149110185),
 .UNSPECIFIED.);
#2710=B_SPLINE_CURVE_WITH_KNOTS('',3,(#10423,#10424,#10425,#10426,#10427,
#10428,#10429,#10430),.UNSPECIFIED.,.F.,.F.,(4,2,1,1,4),(-0.26743887297283,
-0.266873183823814,-0.219605919132852,-0.19597228678737,-0.148705022096408),
 .UNSPECIFIED.);
#2711=B_SPLINE_CURVE_WITH_KNOTS('',3,(#10488,#10489,#10490,#10491,#10492,
#10493,#10494,#10495,#10496,#10497,#10498),.UNSPECIFIED.,.F.,.F.,(4,2,1,
1,1,1,1,4),(-0.000565689148929455,0.,0.0533746367647799,0.10674927352956,
0.13343659191195,0.16012391029434,0.21349854705912,0.266873183823899),
 .UNSPECIFIED.);
#2712=B_SPLINE_CURVE_WITH_KNOTS('',3,(#10562,#10563,#10564,#10565,#10566,
#10567),.UNSPECIFIED.,.F.,.F.,(4,2,4),(0.0422167130345828,0.0470533574031175,
0.0647687881657964),.UNSPECIFIED.);
#2713=B_SPLINE_CURVE_WITH_KNOTS('',3,(#10568,#10569,#10570,#10571,#10572,
#10573,#10574),.UNSPECIFIED.,.F.,.F.,(4,1,2,4),(0.179474969123524,0.195972286787333,
0.266873183823722,0.267438872972832),.UNSPECIFIED.);
#2714=B_SPLINE_CURVE_WITH_KNOTS('',3,(#10592,#10593,#10594,#10595,#10596,
#10597,#10598,#10599,#10600,#10601,#10602,#10603),.UNSPECIFIED.,.F.,.F.,
(4,2,2,2,2,4),(0.,0.0121949739617729,0.0203191951207162,0.0272930678541167,
0.034762580270925,0.0425355063847833),.UNSPECIFIED.);
#2715=B_SPLINE_CURVE_WITH_KNOTS('',3,(#10606,#10607,#10608,#10609,#10610,
#10611,#10612,#10613,#10614,#10615),.UNSPECIFIED.,.F.,.F.,(4,2,2,2,4),(0.365986036763261,
0.375494977491664,0.392609372751826,0.430504926686475,0.474537150113007),
 .UNSPECIFIED.);
#2716=B_SPLINE_CURVE_WITH_KNOTS('',3,(#10663,#10664,#10665,#10666),
 .UNSPECIFIED.,.F.,.F.,(4,4),(0.,0.0424338243217715),.UNSPECIFIED.);
#2717=B_SPLINE_CURVE_WITH_KNOTS('',3,(#10668,#10669,#10670,#10671,#10672,
#10673,#10674,#10675),.UNSPECIFIED.,.F.,.F.,(4,2,1,1,4),(-0.000565689149110185,
0.,0.0472672649775603,0.0709008974663404,0.0873955804347127),
 .UNSPECIFIED.);
#2718=B_SPLINE_CURVE_WITH_KNOTS('',3,(#10692,#10693,#10694,#10695,#10696,
#10697,#10698,#10699,#10700,#10701,#10702,#10703,#10704,#10705,#10706,#10707,
#10708,#10709,#10710,#10711,#10712,#10713,#10714,#10715,#10716,#10717,#10718,
#10719,#10720,#10721,#10722),.UNSPECIFIED.,.F.,.F.,(4,3,3,3,3,3,3,3,3,3,
4),(0.,0.00626361691236732,0.0117182496643355,0.016791785179843,0.0207476729931188,
0.0268006278725757,0.0289152664185194,0.0336860238680432,0.0378010147241721,
0.0430719141851659,0.0476765809920919),.UNSPECIFIED.);
#2719=B_SPLINE_CURVE_WITH_KNOTS('',3,(#10757,#10758,#10759,#10760,#10761,
#10762),.UNSPECIFIED.,.F.,.F.,(4,2,4),(0.0422167130345407,0.0470533574030498,
0.0647687881655566),.UNSPECIFIED.);
#2720=B_SPLINE_CURVE_WITH_KNOTS('',3,(#10763,#10764,#10765,#10766,#10767,
#10768,#10769,#10770),.UNSPECIFIED.,.F.,.F.,(4,1,1,2,4),(0.179477605640658,
0.19597228678737,0.219605919132852,0.266873183823814,0.26743887297283),
 .UNSPECIFIED.);
#2721=B_SPLINE_CURVE_WITH_KNOTS('',3,(#10788,#10789,#10790,#10791,#10792,
#10793,#10794,#10795,#10796,#10797,#10798,#10799),.UNSPECIFIED.,.F.,.F.,
(4,2,2,2,2,4),(0.,0.0121949739617828,0.0203191951206783,0.0272930678540527,
0.0347625802708946,0.0425355063847532),.UNSPECIFIED.);
#2722=B_SPLINE_CURVE_WITH_KNOTS('',3,(#10802,#10803,#10804,#10805,#10806,
#10807,#10808,#10809,#10810,#10811),.UNSPECIFIED.,.F.,.F.,(4,2,2,2,4),(0.365986036763262,
0.375494977491665,0.392609372751827,0.430504926686476,0.474537150113008),
 .UNSPECIFIED.);
#2723=B_SPLINE_CURVE_WITH_KNOTS('',3,(#10859,#10860,#10861,#10862),
 .UNSPECIFIED.,.F.,.F.,(4,4),(0.,0.0424338243219393),.UNSPECIFIED.);
#2724=B_SPLINE_CURVE_WITH_KNOTS('',3,(#10864,#10865,#10866,#10867,#10868,
#10869,#10870,#10871),.UNSPECIFIED.,.F.,.F.,(4,2,1,1,4),(-0.000565689149110185,
0.,0.0472672649775607,0.0709008974663411,0.0873955754183606),
 .UNSPECIFIED.);
#2725=B_SPLINE_CURVE_WITH_KNOTS('',3,(#10888,#10889,#10890,#10891,#10892,
#10893,#10894,#10895,#10896,#10897,#10898,#10899,#10900,#10901,#10902,#10903,
#10904,#10905,#10906,#10907,#10908,#10909,#10910,#10911,#10912,#10913,#10914,
#10915,#10916,#10917,#10918),.UNSPECIFIED.,.F.,.F.,(4,3,3,3,3,3,3,3,3,3,
4),(0.,0.00626361691305261,0.0117182496647752,0.016791785180681,0.0207476729941763,
0.026800627874146,0.0289152664201353,0.0336860238700139,0.0378010147263713,
0.0430719141877331,0.0476765809949214),.UNSPECIFIED.);
#2726=B_SPLINE_CURVE_WITH_KNOTS('',3,(#10969,#10970,#10971,#10972,#10973,
#10974,#10975,#10976,#10977,#10978,#10979,#10980),.UNSPECIFIED.,.F.,.F.,
(4,1,1,1,1,1,1,2,4),(0.,0.0533746367647799,0.10674927352956,0.13343659191195,
0.16012391029434,0.18681122867673,0.21349854705912,0.266873183823899,0.267438872972829),
 .UNSPECIFIED.);
#2727=B_SPLINE_CURVE_WITH_KNOTS('',3,(#11040,#11041,#11042,#11043),
 .UNSPECIFIED.,.F.,.F.,(4,4),(0.0778094039062151,0.0824438670512862),
 .UNSPECIFIED.);
#2728=B_SPLINE_CURVE_WITH_KNOTS('',3,(#11062,#11063,#11064,#11065,#11066,
#11067,#11068,#11069,#11070,#11071,#11072,#11073,#11074,#11075,#11076,#11077),
 .UNSPECIFIED.,.F.,.F.,(4,2,2,2,2,2,2,4),(0.,0.0229235230777678,0.0339469370122638,
0.0407169665549612,0.0467672351496573,0.0543527355300144,0.0672205189972258,
0.0787784267912716),.UNSPECIFIED.);
#2729=B_SPLINE_CURVE_WITH_KNOTS('',3,(#11095,#11096,#11097,#11098,#11099,
#11100,#11101,#11102,#11103,#11104,#11105,#11106,#11107,#11108),
 .UNSPECIFIED.,.F.,.F.,(4,2,2,2,2,2,4),(-0.218592169592446,-0.168159480756004,
-0.127282450275328,-0.0864381738868027,-0.0308229403909338,0.,0.00114103348766333),
 .UNSPECIFIED.);
#2730=B_SPLINE_CURVE_WITH_KNOTS('',3,(#11190,#11191,#11192,#11193,#11194,
#11195,#11196,#11197,#11198,#11199,#11200,#11201,#11202,#11203),
 .UNSPECIFIED.,.F.,.F.,(4,2,2,2,2,2,4),(-0.225174375438337,-0.224032736917141,
-0.193193453392875,-0.137548730634579,-0.096682797093604,-0.0557840920930244,
-0.0053246619717431),.UNSPECIFIED.);
#2731=B_SPLINE_CURVE_WITH_KNOTS('',3,(#11299,#11300,#11301,#11302,#11303,
#11304,#11305,#11306,#11307,#11308),.UNSPECIFIED.,.F.,.F.,(4,2,2,2,4),(0.814949419624285,
0.858981643050817,0.896877196985466,0.913991592245628,0.92350053297403),
 .UNSPECIFIED.);
#2732=B_SPLINE_CURVE_WITH_KNOTS('',3,(#11336,#11337,#11338,#11339,#11340,
#11341,#11342,#11343,#11344,#11345),.UNSPECIFIED.,.F.,.F.,(4,2,2,2,4),(0.814949419624285,
0.858981643050817,0.896877196985466,0.913991592245628,0.92350053297403),
 .UNSPECIFIED.);
#2733=B_SPLINE_CURVE_WITH_KNOTS('',3,(#11414,#11415,#11416,#11417,#11418,
#11419),.UNSPECIFIED.,.F.,.F.,(4,2,4),(0.,0.0479969471223113,0.0625726626349324),
 .UNSPECIFIED.);
#2734=B_SPLINE_CURVE_WITH_KNOTS('',3,(#11423,#11424,#11425,#11426,#11427,
#11428,#11429,#11430),.UNSPECIFIED.,.F.,.F.,(4,1,1,2,4),(-0.109364880892446,
-0.0437459523569783,-0.0218729761784892,0.,0.000632463834611829),
 .UNSPECIFIED.);
#2735=B_SPLINE_CURVE_WITH_KNOTS('',3,(#11431,#11432,#11433,#11434,#11435,
#11436,#11437,#11438),.UNSPECIFIED.,.F.,.F.,(4,2,1,1,4),(-0.000632463834611829,
0.,0.0218729761784892,0.0437459523569783,0.0665015171852134),
 .UNSPECIFIED.);
#2736=B_SPLINE_CURVE_WITH_KNOTS('',3,(#11455,#11456,#11457,#11458,#11459,
#11460,#11461,#11462,#11463,#11464),.UNSPECIFIED.,.F.,.F.,(4,2,2,2,4),(0.,
0.016741181169503,0.0308640311815877,0.0421316395108737,0.0540483773804228),
 .UNSPECIFIED.);
#2737=B_SPLINE_CURVE_WITH_KNOTS('',3,(#11505,#11506,#11507,#11508),
 .UNSPECIFIED.,.F.,.F.,(4,4),(0.,0.00200357050200589),.UNSPECIFIED.);
#2738=B_SPLINE_CURVE_WITH_KNOTS('',3,(#11624,#11625,#11626,#11627,#11628,
#11629,#11630,#11631,#11632,#11633,#11634,#11635),.UNSPECIFIED.,.F.,.F.,
(4,1,1,1,1,1,1,2,4),(-0.321319982119028,-0.257055985695222,-0.192791989271416,
-0.160659991059514,-0.128527992847611,-0.0642639964238055,-0.0321319982119027,
0.,0.000632463834747799),.UNSPECIFIED.);
#2739=B_SPLINE_CURVE_WITH_KNOTS('',3,(#11636,#11637,#11638,#11639,#11640,
#11641,#11642,#11643,#11644,#11645,#11646,#11647),.UNSPECIFIED.,.F.,.F.,
(4,2,1,1,1,1,1,1,4),(-0.000632463834747799,0.,0.0321319982119027,0.0642639964238055,
0.128527992847611,0.160659991059514,0.192791989271416,0.257055985695222,
0.321319982119028),.UNSPECIFIED.);
#2740=B_SPLINE_CURVE_WITH_KNOTS('',3,(#11664,#11665,#11666,#11667,#11668,
#11669,#11670,#11671,#11672,#11673,#11674,#11675,#11676,#11677,#11678,#11679,
#11680,#11681,#11682,#11683,#11684,#11685,#11686,#11687,#11688,#11689,#11690,
#11691,#11692,#11693,#11694,#11695,#11696,#11697,#11698,#11699,#11700,#11701,
#11702,#11703,#11704,#11705,#11706,#11707,#11708,#11709,#11710,#11711,#11712),
 .UNSPECIFIED.,.F.,.F.,(4,3,3,3,3,3,3,3,3,3,3,3,3,3,3,3,4),(0.,0.00874241169073983,
0.0176101596555319,0.0211424223843805,0.02736198481182,0.0334352379936071,
0.0351975674224461,0.0422010378470453,0.046449496864063,0.0526042167986244,
0.0578866651947113,0.0642450744698334,0.070632796974327,0.0738757417883435,
0.0817350439590976,0.0895722254014955,0.0954972169562065),.UNSPECIFIED.);
#2741=B_SPLINE_CURVE_WITH_KNOTS('',3,(#11747,#11748,#11749,#11750,#11751,
#11752),.UNSPECIFIED.,.F.,.F.,(4,2,4),(0.0540315621510009,0.0638720042975341,
0.0931115494713593),.UNSPECIFIED.);
#2742=B_SPLINE_CURVE_WITH_KNOTS('',3,(#11754,#11755,#11756,#11757,#11758,
#11759,#11760),.UNSPECIFIED.,.F.,.F.,(4,1,2,4),(0.255054458584559,0.255701053530158,
0.321319982119164,0.321952445953776),.UNSPECIFIED.);
#2743=B_SPLINE_CURVE_WITH_KNOTS('',3,(#11762,#11763,#11764,#11765,#11766,
#11767,#11768,#11769),.UNSPECIFIED.,.F.,.F.,(4,2,1,1,4),(-0.321952445953776,
-0.321319982119164,-0.255701053530158,-0.233828077333823,-0.211955101137487),
 .UNSPECIFIED.);
#2744=B_SPLINE_CURVE_WITH_KNOTS('',3,(#11787,#11788,#11789,#11790,#11791,
#11792,#11793,#11794,#11795,#11796),.UNSPECIFIED.,.F.,.F.,(4,2,2,2,4),(0.,
0.0181091634763676,0.0323290399936662,0.0432907127304152,0.0540418263130595),
 .UNSPECIFIED.);
#2745=B_SPLINE_CURVE_WITH_KNOTS('',3,(#11839,#11840,#11841,#11842,#11843,
#11844,#11845,#11846,#11847,#11848,#11849,#11850),.UNSPECIFIED.,.F.,.F.,
(4,2,1,1,1,1,1,1,4),(-0.321952445953777,-0.321319982118906,-0.257055985695125,
-0.224923987483234,-0.192791989271344,-0.160659991059453,-0.128527992847562,
-0.0642639964237812,0.),.UNSPECIFIED.);
#2746=B_SPLINE_CURVE_WITH_KNOTS('',3,(#11914,#11915,#11916,#11917,#11918,
#11919,#11920,#11921,#11922,#11923,#11924,#11925),.UNSPECIFIED.,.F.,.F.,
(4,1,1,1,1,1,1,2,4),(0.,0.0642639964237812,0.128527992847562,0.160659991059453,
0.192791989271344,0.224923987483234,0.257055985695125,0.321319982118906,
0.321952445953777),.UNSPECIFIED.);
#2747=B_SPLINE_CURVE_WITH_KNOTS('',3,(#11952,#11953,#11954,#11955,#11956,
#11957,#11958,#11959,#11960,#11961,#11962,#11963),.UNSPECIFIED.,.F.,.F.,
(4,2,2,2,2,4),(0.353535821134835,0.362792451030406,0.379696680811645,0.396815177445508,
0.435831925099079,0.48262884011486),.UNSPECIFIED.);
#2748=B_SPLINE_CURVE_WITH_KNOTS('',3,(#11989,#11990,#11991,#11992,#11993,
#11994,#11995,#11996,#11997,#11998,#11999,#12000),.UNSPECIFIED.,.F.,.F.,
(4,2,2,2,2,4),(0.831449124784857,0.878246039800638,0.917262787454209,0.934381284088072,
0.951285513869311,0.960542143734888),.UNSPECIFIED.);
#2749=B_SPLINE_CURVE_WITH_KNOTS('',3,(#12043,#12044,#12045,#12046,#12047,
#12048,#12049,#12050,#12051,#12052),.UNSPECIFIED.,.F.,.F.,(4,2,2,2,4),(0.,
0.0665288148103775,0.133057629620755,0.178398302759077,0.223738975897399),
 .UNSPECIFIED.);
#2750=B_SPLINE_CURVE_WITH_KNOTS('',3,(#12066,#12067,#12068,#12069,#12070,
#12071,#12072,#12073,#12074,#12075),.UNSPECIFIED.,.F.,.F.,(4,2,2,2,4),(0.534445444412075,
0.579786117550396,0.625126790688717,0.691655605499096,0.758184420309474),
 .UNSPECIFIED.);
#2751=B_SPLINE_CURVE_WITH_KNOTS('',3,(#12192,#12193,#12194,#12195,#12196,
#12197,#12198,#12199,#12200,#12201,#12202,#12203),.UNSPECIFIED.,.F.,.F.,
(4,1,1,1,1,1,1,2,4),(0.,0.00401168596883646,0.00802337193767292,0.0160467438753458,
0.0320934877506917,0.0481402316260375,0.0641869755013834,0.0802337193767292,
0.080819695294088),.UNSPECIFIED.);
#2752=B_SPLINE_CURVE_WITH_KNOTS('',3,(#12205,#12206,#12207,#12208,#12209,
#12210,#12211,#12212,#12213,#12214,#12215,#12216),.UNSPECIFIED.,.F.,.F.,
(4,2,1,1,1,1,1,1,4),(-0.080819695294088,-0.0802337193767292,-0.0641869755013834,
-0.0481402316260375,-0.0320934877506917,-0.0160467438753458,-0.00802337193767292,
-0.00401168596883646,0.),.UNSPECIFIED.);
#2753=B_SPLINE_CURVE_WITH_KNOTS('',3,(#12274,#12275,#12276,#12277,#12278,
#12279,#12280,#12281,#12282),.UNSPECIFIED.,.F.,.F.,(4,1,1,1,2,4),(-0.00998163980419653,
-0.00798531184335722,-0.00598898388251792,-0.00399265592167861,0.,0.000155594810259173),
 .UNSPECIFIED.);
#2754=B_SPLINE_CURVE_WITH_KNOTS('',3,(#12284,#12285,#12286,#12287,#12288,
#12289,#12290,#12291,#12292),.UNSPECIFIED.,.F.,.F.,(4,2,1,1,1,4),(-0.000155594810259173,
0.,0.00399265592167861,0.00598898388251792,0.00798531184335722,0.00998163980419653),
 .UNSPECIFIED.);
#2755=B_SPLINE_CURVE_WITH_KNOTS('',3,(#12380,#12381,#12382,#12383,#12384,
#12385,#12386,#12387,#12388,#12389,#12390,#12391),.UNSPECIFIED.,.F.,.F.,
(4,2,2,2,2,4),(0.,0.0388620019295154,0.077817162283087,0.116982610829729,
0.157376470547211,0.158154483545288),.UNSPECIFIED.);
#2756=VERTEX_POINT('',#9124);
#2757=VERTEX_POINT('',#9125);
#2758=VERTEX_POINT('',#9129);
#2759=VERTEX_POINT('',#9131);
#2760=VERTEX_POINT('',#9142);
#2761=VERTEX_POINT('',#9146);
#2762=VERTEX_POINT('',#9152);
#2763=VERTEX_POINT('',#9154);
#2764=VERTEX_POINT('',#9158);
#2765=VERTEX_POINT('',#9160);
#2766=VERTEX_POINT('',#9167);
#2767=VERTEX_POINT('',#9168);
#2768=VERTEX_POINT('',#9170);
#2769=VERTEX_POINT('',#9172);
#2770=VERTEX_POINT('',#9176);
#2771=VERTEX_POINT('',#9178);
#2772=VERTEX_POINT('',#9182);
#2773=VERTEX_POINT('',#9184);
#2774=VERTEX_POINT('',#9188);
#2775=VERTEX_POINT('',#9190);
#2776=VERTEX_POINT('',#9194);
#2777=VERTEX_POINT('',#9196);
#2778=VERTEX_POINT('',#9200);
#2779=VERTEX_POINT('',#9202);
#2780=VERTEX_POINT('',#9206);
#2781=VERTEX_POINT('',#9208);
#2782=VERTEX_POINT('',#9216);
#2783=VERTEX_POINT('',#9217);
#2784=VERTEX_POINT('',#9219);
#2785=VERTEX_POINT('',#9221);
#2786=VERTEX_POINT('',#9225);
#2787=VERTEX_POINT('',#9227);
#2788=VERTEX_POINT('',#9231);
#2789=VERTEX_POINT('',#9233);
#2790=VERTEX_POINT('',#9237);
#2791=VERTEX_POINT('',#9239);
#2792=VERTEX_POINT('',#9243);
#2793=VERTEX_POINT('',#9245);
#2794=VERTEX_POINT('',#9249);
#2795=VERTEX_POINT('',#9251);
#2796=VERTEX_POINT('',#9255);
#2797=VERTEX_POINT('',#9257);
#2798=VERTEX_POINT('',#9261);
#2799=VERTEX_POINT('',#9263);
#2800=VERTEX_POINT('',#9267);
#2801=VERTEX_POINT('',#9269);
#2802=VERTEX_POINT('',#9277);
#2803=VERTEX_POINT('',#9278);
#2804=VERTEX_POINT('',#9280);
#2805=VERTEX_POINT('',#9282);
#2806=VERTEX_POINT('',#9286);
#2807=VERTEX_POINT('',#9288);
#2808=VERTEX_POINT('',#9292);
#2809=VERTEX_POINT('',#9294);
#2810=VERTEX_POINT('',#9298);
#2811=VERTEX_POINT('',#9300);
#2812=VERTEX_POINT('',#9304);
#2813=VERTEX_POINT('',#9306);
#2814=VERTEX_POINT('',#9310);
#2815=VERTEX_POINT('',#9312);
#2816=VERTEX_POINT('',#9316);
#2817=VERTEX_POINT('',#9318);
#2818=VERTEX_POINT('',#9322);
#2819=VERTEX_POINT('',#9324);
#2820=VERTEX_POINT('',#9328);
#2821=VERTEX_POINT('',#9330);
#2822=VERTEX_POINT('',#9334);
#2823=VERTEX_POINT('',#9336);
#2824=VERTEX_POINT('',#9340);
#2825=VERTEX_POINT('',#9342);
#2826=VERTEX_POINT('',#9355);
#2827=VERTEX_POINT('',#9356);
#2828=VERTEX_POINT('',#9360);
#2829=VERTEX_POINT('',#9362);
#2830=VERTEX_POINT('',#9373);
#2831=VERTEX_POINT('',#9377);
#2832=VERTEX_POINT('',#9388);
#2833=VERTEX_POINT('',#9392);
#2834=VERTEX_POINT('',#9403);
#2835=VERTEX_POINT('',#9407);
#2836=VERTEX_POINT('',#9418);
#2837=VERTEX_POINT('',#9422);
#2838=VERTEX_POINT('',#9433);
#2839=VERTEX_POINT('',#9437);
#2840=VERTEX_POINT('',#9448);
#2841=VERTEX_POINT('',#9452);
#2842=VERTEX_POINT('',#9463);
#2843=VERTEX_POINT('',#9467);
#2844=VERTEX_POINT('',#9478);
#2845=VERTEX_POINT('',#9482);
#2846=VERTEX_POINT('',#9488);
#2847=VERTEX_POINT('',#9490);
#2848=VERTEX_POINT('',#9499);
#2849=VERTEX_POINT('',#9503);
#2850=VERTEX_POINT('',#9514);
#2851=VERTEX_POINT('',#9518);
#2852=VERTEX_POINT('',#9529);
#2853=VERTEX_POINT('',#9533);
#2854=VERTEX_POINT('',#9544);
#2855=VERTEX_POINT('',#9548);
#2856=VERTEX_POINT('',#9559);
#2857=VERTEX_POINT('',#9563);
#2858=VERTEX_POINT('',#9574);
#2859=VERTEX_POINT('',#9578);
#2860=VERTEX_POINT('',#9589);
#2861=VERTEX_POINT('',#9593);
#2862=VERTEX_POINT('',#9604);
#2863=VERTEX_POINT('',#9608);
#2864=VERTEX_POINT('',#9619);
#2865=VERTEX_POINT('',#9623);
#2866=VERTEX_POINT('',#9634);
#2867=VERTEX_POINT('',#9638);
#2868=VERTEX_POINT('',#9644);
#2869=VERTEX_POINT('',#9646);
#2870=VERTEX_POINT('',#9669);
#2871=VERTEX_POINT('',#9670);
#2872=VERTEX_POINT('',#9674);
#2873=VERTEX_POINT('',#9676);
#2874=VERTEX_POINT('',#9687);
#2875=VERTEX_POINT('',#9691);
#2876=VERTEX_POINT('',#9697);
#2877=VERTEX_POINT('',#9699);
#2878=VERTEX_POINT('',#9703);
#2879=VERTEX_POINT('',#9705);
#2880=VERTEX_POINT('',#9712);
#2881=VERTEX_POINT('',#9713);
#2882=VERTEX_POINT('',#9715);
#2883=VERTEX_POINT('',#9717);
#2884=VERTEX_POINT('',#9721);
#2885=VERTEX_POINT('',#9723);
#2886=VERTEX_POINT('',#9727);
#2887=VERTEX_POINT('',#9729);
#2888=VERTEX_POINT('',#9733);
#2889=VERTEX_POINT('',#9735);
#2890=VERTEX_POINT('',#9739);
#2891=VERTEX_POINT('',#9741);
#2892=VERTEX_POINT('',#9745);
#2893=VERTEX_POINT('',#9747);
#2894=VERTEX_POINT('',#9751);
#2895=VERTEX_POINT('',#9753);
#2896=VERTEX_POINT('',#9761);
#2897=VERTEX_POINT('',#9762);
#2898=VERTEX_POINT('',#9764);
#2899=VERTEX_POINT('',#9766);
#2900=VERTEX_POINT('',#9770);
#2901=VERTEX_POINT('',#9772);
#2902=VERTEX_POINT('',#9776);
#2903=VERTEX_POINT('',#9778);
#2904=VERTEX_POINT('',#9782);
#2905=VERTEX_POINT('',#9784);
#2906=VERTEX_POINT('',#9788);
#2907=VERTEX_POINT('',#9790);
#2908=VERTEX_POINT('',#9794);
#2909=VERTEX_POINT('',#9796);
#2910=VERTEX_POINT('',#9800);
#2911=VERTEX_POINT('',#9802);
#2912=VERTEX_POINT('',#9806);
#2913=VERTEX_POINT('',#9808);
#2914=VERTEX_POINT('',#9812);
#2915=VERTEX_POINT('',#9814);
#2916=VERTEX_POINT('',#9822);
#2917=VERTEX_POINT('',#9823);
#2918=VERTEX_POINT('',#9825);
#2919=VERTEX_POINT('',#9827);
#2920=VERTEX_POINT('',#9831);
#2921=VERTEX_POINT('',#9833);
#2922=VERTEX_POINT('',#9837);
#2923=VERTEX_POINT('',#9839);
#2924=VERTEX_POINT('',#9843);
#2925=VERTEX_POINT('',#9845);
#2926=VERTEX_POINT('',#9849);
#2927=VERTEX_POINT('',#9851);
#2928=VERTEX_POINT('',#9864);
#2929=VERTEX_POINT('',#9865);
#2930=VERTEX_POINT('',#9869);
#2931=VERTEX_POINT('',#9871);
#2932=VERTEX_POINT('',#9882);
#2933=VERTEX_POINT('',#9886);
#2934=VERTEX_POINT('',#9897);
#2935=VERTEX_POINT('',#9901);
#2936=VERTEX_POINT('',#9912);
#2937=VERTEX_POINT('',#9916);
#2938=VERTEX_POINT('',#9927);
#2939=VERTEX_POINT('',#9931);
#2940=VERTEX_POINT('',#9942);
#2941=VERTEX_POINT('',#9946);
#2942=VERTEX_POINT('',#9957);
#2943=VERTEX_POINT('',#9961);
#2944=VERTEX_POINT('',#9972);
#2945=VERTEX_POINT('',#9976);
#2946=VERTEX_POINT('',#9987);
#2947=VERTEX_POINT('',#9991);
#2948=VERTEX_POINT('',#9997);
#2949=VERTEX_POINT('',#9999);
#2950=VERTEX_POINT('',#10008);
#2951=VERTEX_POINT('',#10012);
#2952=VERTEX_POINT('',#10023);
#2953=VERTEX_POINT('',#10027);
#2954=VERTEX_POINT('',#10038);
#2955=VERTEX_POINT('',#10042);
#2956=VERTEX_POINT('',#10053);
#2957=VERTEX_POINT('',#10057);
#2958=VERTEX_POINT('',#10068);
#2959=VERTEX_POINT('',#10072);
#2960=VERTEX_POINT('',#10083);
#2961=VERTEX_POINT('',#10087);
#2962=VERTEX_POINT('',#10098);
#2963=VERTEX_POINT('',#10102);
#2964=VERTEX_POINT('',#10113);
#2965=VERTEX_POINT('',#10117);
#2966=VERTEX_POINT('',#10128);
#2967=VERTEX_POINT('',#10132);
#2968=VERTEX_POINT('',#10143);
#2969=VERTEX_POINT('',#10147);
#2970=VERTEX_POINT('',#10153);
#2971=VERTEX_POINT('',#10155);
#2972=VERTEX_POINT('',#10220);
#2973=VERTEX_POINT('',#10221);
#2974=VERTEX_POINT('',#10223);
#2975=VERTEX_POINT('',#10249);
#2976=VERTEX_POINT('',#10250);
#2977=VERTEX_POINT('',#10314);
#2978=VERTEX_POINT('',#10340);
#2979=VERTEX_POINT('',#10342);
#2980=VERTEX_POINT('',#10351);
#2981=VERTEX_POINT('',#10353);
#2982=VERTEX_POINT('',#10362);
#2983=VERTEX_POINT('',#10364);
#2984=VERTEX_POINT('',#10376);
#2985=VERTEX_POINT('',#10378);
#2986=VERTEX_POINT('',#10380);
#2987=VERTEX_POINT('',#10382);
#2988=VERTEX_POINT('',#10384);
#2989=VERTEX_POINT('',#10386);
#2990=VERTEX_POINT('',#10388);
#2991=VERTEX_POINT('',#10390);
#2992=VERTEX_POINT('',#10392);
#2993=VERTEX_POINT('',#10394);
#2994=VERTEX_POINT('',#10396);
#2995=VERTEX_POINT('',#10409);
#2996=VERTEX_POINT('',#10411);
#2997=VERTEX_POINT('',#10420);
#2998=VERTEX_POINT('',#10422);
#2999=VERTEX_POINT('',#10487);
#3000=VERTEX_POINT('',#10501);
#3001=VERTEX_POINT('',#10505);
#3002=VERTEX_POINT('',#10507);
#3003=VERTEX_POINT('',#10509);
#3004=VERTEX_POINT('',#10511);
#3005=VERTEX_POINT('',#10513);
#3006=VERTEX_POINT('',#10515);
#3007=VERTEX_POINT('',#10517);
#3008=VERTEX_POINT('',#10519);
#3009=VERTEX_POINT('',#10521);
#3010=VERTEX_POINT('',#10525);
#3011=VERTEX_POINT('',#10560);
#3012=VERTEX_POINT('',#10561);
#3013=VERTEX_POINT('',#10605);
#3014=VERTEX_POINT('',#10616);
#3015=VERTEX_POINT('',#10618);
#3016=VERTEX_POINT('',#10661);
#3017=VERTEX_POINT('',#10662);
#3018=VERTEX_POINT('',#10755);
#3019=VERTEX_POINT('',#10756);
#3020=VERTEX_POINT('',#10801);
#3021=VERTEX_POINT('',#10812);
#3022=VERTEX_POINT('',#10814);
#3023=VERTEX_POINT('',#10857);
#3024=VERTEX_POINT('',#10858);
#3025=VERTEX_POINT('',#10967);
#3026=VERTEX_POINT('',#10982);
#3027=VERTEX_POINT('',#11015);
#3028=VERTEX_POINT('',#11019);
#3029=VERTEX_POINT('',#11038);
#3030=VERTEX_POINT('',#11039);
#3031=VERTEX_POINT('',#11079);
#3032=VERTEX_POINT('',#11081);
#3033=VERTEX_POINT('',#11085);
#3034=VERTEX_POINT('',#11086);
#3035=VERTEX_POINT('',#11092);
#3036=VERTEX_POINT('',#11094);
#3037=VERTEX_POINT('',#11111);
#3038=VERTEX_POINT('',#11113);
#3039=VERTEX_POINT('',#11115);
#3040=VERTEX_POINT('',#11117);
#3041=VERTEX_POINT('',#11119);
#3042=VERTEX_POINT('',#11121);
#3043=VERTEX_POINT('',#11123);
#3044=VERTEX_POINT('',#11125);
#3045=VERTEX_POINT('',#11127);
#3046=VERTEX_POINT('',#11129);
#3047=VERTEX_POINT('',#11131);
#3048=VERTEX_POINT('',#11133);
#3049=VERTEX_POINT('',#11135);
#3050=VERTEX_POINT('',#11137);
#3051=VERTEX_POINT('',#11139);
#3052=VERTEX_POINT('',#11141);
#3053=VERTEX_POINT('',#11143);
#3054=VERTEX_POINT('',#11145);
#3055=VERTEX_POINT('',#11147);
#3056=VERTEX_POINT('',#11149);
#3057=VERTEX_POINT('',#11151);
#3058=VERTEX_POINT('',#11153);
#3059=VERTEX_POINT('',#11155);
#3060=VERTEX_POINT('',#11157);
#3061=VERTEX_POINT('',#11159);
#3062=VERTEX_POINT('',#11161);
#3063=VERTEX_POINT('',#11163);
#3064=VERTEX_POINT('',#11165);
#3065=VERTEX_POINT('',#11167);
#3066=VERTEX_POINT('',#11169);
#3067=VERTEX_POINT('',#11172);
#3068=VERTEX_POINT('',#11175);
#3069=VERTEX_POINT('',#11181);
#3070=VERTEX_POINT('',#11185);
#3071=VERTEX_POINT('',#11187);
#3072=VERTEX_POINT('',#11189);
#3073=VERTEX_POINT('',#11204);
#3074=VERTEX_POINT('',#11206);
#3075=VERTEX_POINT('',#11212);
#3076=VERTEX_POINT('',#11214);
#3077=VERTEX_POINT('',#11216);
#3078=VERTEX_POINT('',#11221);
#3079=VERTEX_POINT('',#11223);
#3080=VERTEX_POINT('',#11225);
#3081=VERTEX_POINT('',#11227);
#3082=VERTEX_POINT('',#11229);
#3083=VERTEX_POINT('',#11233);
#3084=VERTEX_POINT('',#11235);
#3085=VERTEX_POINT('',#11239);
#3086=VERTEX_POINT('',#11241);
#3087=VERTEX_POINT('',#11245);
#3088=VERTEX_POINT('',#11247);
#3089=VERTEX_POINT('',#11251);
#3090=VERTEX_POINT('',#11255);
#3091=VERTEX_POINT('',#11263);
#3092=VERTEX_POINT('',#11267);
#3093=VERTEX_POINT('',#11271);
#3094=VERTEX_POINT('',#11275);
#3095=VERTEX_POINT('',#11279);
#3096=VERTEX_POINT('',#11286);
#3097=VERTEX_POINT('',#11290);
#3098=VERTEX_POINT('',#11294);
#3099=VERTEX_POINT('',#11310);
#3100=VERTEX_POINT('',#11314);
#3101=VERTEX_POINT('',#11318);
#3102=VERTEX_POINT('',#11322);
#3103=VERTEX_POINT('',#11326);
#3104=VERTEX_POINT('',#11330);
#3105=VERTEX_POINT('',#11412);
#3106=VERTEX_POINT('',#11413);
#3107=VERTEX_POINT('',#11420);
#3108=VERTEX_POINT('',#11422);
#3109=VERTEX_POINT('',#11466);
#3110=VERTEX_POINT('',#11468);
#3111=VERTEX_POINT('',#11470);
#3112=VERTEX_POINT('',#11472);
#3113=VERTEX_POINT('',#11474);
#3114=VERTEX_POINT('',#11476);
#3115=VERTEX_POINT('',#11478);
#3116=VERTEX_POINT('',#11480);
#3117=VERTEX_POINT('',#11482);
#3118=VERTEX_POINT('',#11484);
#3119=VERTEX_POINT('',#11503);
#3120=VERTEX_POINT('',#11504);
#3121=VERTEX_POINT('',#11509);
#3122=VERTEX_POINT('',#11511);
#3123=VERTEX_POINT('',#11513);
#3124=VERTEX_POINT('',#11517);
#3125=VERTEX_POINT('',#11518);
#3126=VERTEX_POINT('',#11552);
#3127=VERTEX_POINT('',#11553);
#3128=VERTEX_POINT('',#11558);
#3129=VERTEX_POINT('',#11559);
#3130=VERTEX_POINT('',#11623);
#3131=VERTEX_POINT('',#11745);
#3132=VERTEX_POINT('',#11746);
#3133=VERTEX_POINT('',#11753);
#3134=VERTEX_POINT('',#11761);
#3135=VERTEX_POINT('',#11798);
#3136=VERTEX_POINT('',#11800);
#3137=VERTEX_POINT('',#11804);
#3138=VERTEX_POINT('',#11806);
#3139=VERTEX_POINT('',#11808);
#3140=VERTEX_POINT('',#11810);
#3141=VERTEX_POINT('',#11812);
#3142=VERTEX_POINT('',#11814);
#3143=VERTEX_POINT('',#11816);
#3144=VERTEX_POINT('',#11821);
#3145=VERTEX_POINT('',#11827);
#3146=VERTEX_POINT('',#11829);
#3147=VERTEX_POINT('',#11831);
#3148=VERTEX_POINT('',#11833);
#3149=VERTEX_POINT('',#11836);
#3150=VERTEX_POINT('',#11838);
#3151=VERTEX_POINT('',#11927);
#3152=VERTEX_POINT('',#11931);
#3153=VERTEX_POINT('',#11935);
#3154=VERTEX_POINT('',#11937);
#3155=VERTEX_POINT('',#11964);
#3156=VERTEX_POINT('',#11968);
#3157=VERTEX_POINT('',#11972);
#3158=VERTEX_POINT('',#11976);
#3159=VERTEX_POINT('',#11980);
#3160=VERTEX_POINT('',#11984);
#3161=VERTEX_POINT('',#12002);
#3162=VERTEX_POINT('',#12006);
#3163=VERTEX_POINT('',#12010);
#3164=VERTEX_POINT('',#12014);
#3165=VERTEX_POINT('',#12034);
#3166=VERTEX_POINT('',#12035);
#3167=VERTEX_POINT('',#12037);
#3168=VERTEX_POINT('',#12039);
#3169=VERTEX_POINT('',#12041);
#3170=VERTEX_POINT('',#12054);
#3171=VERTEX_POINT('',#12056);
#3172=VERTEX_POINT('',#12058);
#3173=VERTEX_POINT('',#12060);
#3174=VERTEX_POINT('',#12064);
#3175=VERTEX_POINT('',#12065);
#3176=VERTEX_POINT('',#12076);
#3177=VERTEX_POINT('',#12078);
#3178=VERTEX_POINT('',#12080);
#3179=VERTEX_POINT('',#12084);
#3180=VERTEX_POINT('',#12086);
#3181=VERTEX_POINT('',#12088);
#3182=VERTEX_POINT('',#12090);
#3183=VERTEX_POINT('',#12190);
#3184=VERTEX_POINT('',#12191);
#3185=VERTEX_POINT('',#12204);
#3186=VERTEX_POINT('',#12272);
#3187=VERTEX_POINT('',#12273);
#3188=VERTEX_POINT('',#12283);
#3189=VERTEX_POINT('',#12295);
#3190=VERTEX_POINT('',#12296);
#3191=VERTEX_POINT('',#12298);
#3192=VERTEX_POINT('',#12302);
#3193=VERTEX_POINT('',#12303);
#3194=VERTEX_POINT('',#12308);
#3195=VERTEX_POINT('',#12309);
#3196=VERTEX_POINT('',#12314);
#3197=VERTEX_POINT('',#12316);
#3198=VERTEX_POINT('',#12320);
#3199=VERTEX_POINT('',#12322);
#3200=VERTEX_POINT('',#12326);
#3201=VERTEX_POINT('',#12328);
#3202=VERTEX_POINT('',#12332);
#3203=VERTEX_POINT('',#12334);
#3204=VERTEX_POINT('',#12346);
#3205=VERTEX_POINT('',#12347);
#3206=VERTEX_POINT('',#12352);
#3207=VERTEX_POINT('',#12353);
#3208=VERTEX_POINT('',#12358);
#3209=VERTEX_POINT('',#12359);
#3210=VERTEX_POINT('',#12364);
#3211=VERTEX_POINT('',#12366);
#3212=VERTEX_POINT('',#12370);
#3213=VERTEX_POINT('',#12372);
#3214=VERTEX_POINT('',#12376);
#3215=VERTEX_POINT('',#12378);
#3216=VERTEX_POINT('',#12393);
#3217=VERTEX_POINT('',#12395);
#3218=VERTEX_POINT('',#12405);
#3219=VERTEX_POINT('',#12407);
#3220=VERTEX_POINT('',#12411);
#3221=VERTEX_POINT('',#12412);
#3222=VERTEX_POINT('',#12414);
#3223=VERTEX_POINT('',#12418);
#3224=VERTEX_POINT('',#12423);
#3225=VERTEX_POINT('',#12424);
#3226=VERTEX_POINT('',#12429);
#3227=VERTEX_POINT('',#12430);
#3228=VERTEX_POINT('',#12437);
#3229=VERTEX_POINT('',#12439);
#3230=VERTEX_POINT('',#12441);
#3231=VERTEX_POINT('',#12443);
#3232=VERTEX_POINT('',#12445);
#3233=VERTEX_POINT('',#12447);
#3234=VERTEX_POINT('',#12449);
#3235=VERTEX_POINT('',#12451);
#3236=VERTEX_POINT('',#12453);
#3237=VERTEX_POINT('',#12455);
#3238=VERTEX_POINT('',#12459);
#3239=VERTEX_POINT('',#12463);
#3240=VERTEX_POINT('',#12465);
#3241=VERTEX_POINT('',#12469);
#3242=VERTEX_POINT('',#12470);
#3243=VERTEX_POINT('',#12472);
#3244=VERTEX_POINT('',#12474);
#3245=VERTEX_POINT('',#12478);
#3246=VERTEX_POINT('',#12480);
#3247=VERTEX_POINT('',#12482);
#3248=VERTEX_POINT('',#12484);
#3249=VERTEX_POINT('',#12488);
#3250=VERTEX_POINT('',#12490);
#3251=VERTEX_POINT('',#12492);
#3252=VERTEX_POINT('',#12496);
#3253=VERTEX_POINT('',#12497);
#3254=VERTEX_POINT('',#12499);
#3255=VERTEX_POINT('',#12501);
#3256=VERTEX_POINT('',#12505);
#3257=VERTEX_POINT('',#12507);
#3258=VERTEX_POINT('',#12509);
#3259=VERTEX_POINT('',#12511);
#3260=VERTEX_POINT('',#12515);
#3261=VERTEX_POINT('',#12517);
#3262=VERTEX_POINT('',#12519);
#3263=VERTEX_POINT('',#12523);
#3264=VERTEX_POINT('',#12524);
#3265=VERTEX_POINT('',#12526);
#3266=VERTEX_POINT('',#12528);
#3267=VERTEX_POINT('',#12532);
#3268=VERTEX_POINT('',#12534);
#3269=VERTEX_POINT('',#12539);
#3270=VERTEX_POINT('',#12541);
#3271=VERTEX_POINT('',#12543);
#3272=VERTEX_POINT('',#12547);
#3273=VERTEX_POINT('',#12548);
#3274=VERTEX_POINT('',#12550);
#3275=VERTEX_POINT('',#12552);
#3276=VERTEX_POINT('',#12556);
#3277=VERTEX_POINT('',#12558);
#3278=VERTEX_POINT('',#12560);
#3279=VERTEX_POINT('',#12562);
#3280=VERTEX_POINT('',#12566);
#3281=VERTEX_POINT('',#12568);
#3282=VERTEX_POINT('',#12570);
#3283=VERTEX_POINT('',#12574);
#3284=VERTEX_POINT('',#12575);
#3285=VERTEX_POINT('',#12577);
#3286=VERTEX_POINT('',#12579);
#3287=VERTEX_POINT('',#12583);
#3288=VERTEX_POINT('',#12585);
#3289=VERTEX_POINT('',#12587);
#3290=VERTEX_POINT('',#12589);
#3291=VERTEX_POINT('',#12593);
#3292=VERTEX_POINT('',#12595);
#3293=VERTEX_POINT('',#12597);
#3294=VERTEX_POINT('',#12601);
#3295=VERTEX_POINT('',#12603);
#3296=VERTEX_POINT('',#12610);
#3297=VERTEX_POINT('',#12616);
#3298=VERTEX_POINT('',#12617);
#3299=VERTEX_POINT('',#12624);
#3300=VERTEX_POINT('',#12626);
#3301=VERTEX_POINT('',#12632);
#3302=VERTEX_POINT('',#12633);
#3303=VERTEX_POINT('',#12640);
#3304=VERTEX_POINT('',#12642);
#3305=VERTEX_POINT('',#12648);
#3306=VERTEX_POINT('',#12649);
#3307=VERTEX_POINT('',#12656);
#3308=VERTEX_POINT('',#12657);
#3309=VERTEX_POINT('',#12664);
#3310=VERTEX_POINT('',#12665);
#3311=VERTEX_POINT('',#12667);
#3312=VERTEX_POINT('',#12669);
#3313=VERTEX_POINT('',#12676);
#3314=VERTEX_POINT('',#12680);
#3315=VERTEX_POINT('',#12691);
#3316=VERTEX_POINT('',#12692);
#3317=VERTEX_POINT('',#12699);
#3318=VERTEX_POINT('',#12701);
#3319=VERTEX_POINT('',#12707);
#3320=VERTEX_POINT('',#12711);
#3321=VERTEX_POINT('',#12715);
#3322=VERTEX_POINT('',#12719);
#3323=VERTEX_POINT('',#12723);
#3324=VERTEX_POINT('',#12729);
#3325=VERTEX_POINT('',#12743);
#3326=VERTEX_POINT('',#12745);
#3327=VERTEX_POINT('',#12749);
#3328=VERTEX_POINT('',#12751);
#3329=VERTEX_POINT('',#12755);
#3330=VERTEX_POINT('',#12759);
#3331=VERTEX_POINT('',#12761);
#3332=VERTEX_POINT('',#12765);
#3333=VERTEX_POINT('',#12767);
#3334=VERTEX_POINT('',#12771);
#3335=VERTEX_POINT('',#12773);
#3336=VERTEX_POINT('',#12779);
#3337=VERTEX_POINT('',#12781);
#3338=VERTEX_POINT('',#12785);
#3339=VERTEX_POINT('',#12787);
#3340=VERTEX_POINT('',#12791);
#3341=VERTEX_POINT('',#12792);
#3342=VERTEX_POINT('',#12794);
#3343=VERTEX_POINT('',#12802);
#3344=VERTEX_POINT('',#12806);
#3345=VERTEX_POINT('',#12809);
#3346=VERTEX_POINT('',#12811);
#3347=VERTEX_POINT('',#12815);
#3348=VERTEX_POINT('',#12819);
#3349=VERTEX_POINT('',#12825);
#3350=VERTEX_POINT('',#12834);
#3351=VERTEX_POINT('',#12836);
#3352=VERTEX_POINT('',#12840);
#3353=VERTEX_POINT('',#12844);
#3354=VERTEX_POINT('',#12848);
#3355=VERTEX_POINT('',#12850);
#3356=VERTEX_POINT('',#12852);
#3357=VERTEX_POINT('',#12856);
#3358=VERTEX_POINT('',#12858);
#3359=VERTEX_POINT('',#12860);
#3360=VERTEX_POINT('',#12862);
#3361=VERTEX_POINT('',#12864);
#3362=VERTEX_POINT('',#12866);
#3363=VERTEX_POINT('',#12868);
#3364=VERTEX_POINT('',#12870);
#3365=VERTEX_POINT('',#12873);
#3366=VERTEX_POINT('',#12875);
#3367=VERTEX_POINT('',#12878);
#3368=VERTEX_POINT('',#12880);
#3369=VERTEX_POINT('',#12881);
#3370=VERTEX_POINT('',#12883);
#3371=VERTEX_POINT('',#12885);
#3372=VERTEX_POINT('',#12887);
#3373=VERTEX_POINT('',#12891);
#3374=VERTEX_POINT('',#12894);
#3375=VERTEX_POINT('',#12898);
#3376=VERTEX_POINT('',#12902);
#3377=VERTEX_POINT('',#12906);
#3378=VERTEX_POINT('',#12910);
#3379=EDGE_CURVE('',#2756,#2757,#2613,.T.);
#3380=EDGE_CURVE('',#2756,#2758,#1371,.T.);
#3381=EDGE_CURVE('',#2758,#2759,#2614,.T.);
#3382=EDGE_CURVE('',#2757,#2759,#1372,.T.);
#3383=EDGE_CURVE('',#2760,#2756,#2615,.T.);
#3384=EDGE_CURVE('',#2760,#2761,#1373,.T.);
#3385=EDGE_CURVE('',#2761,#2758,#2616,.T.);
#3386=EDGE_CURVE('',#2762,#2760,#1374,.T.);
#3387=EDGE_CURVE('',#2762,#2763,#1375,.T.);
#3388=EDGE_CURVE('',#2763,#2761,#1376,.T.);
#3389=EDGE_CURVE('',#2764,#2762,#1377,.T.);
#3390=EDGE_CURVE('',#2764,#2765,#1378,.T.);
#3391=EDGE_CURVE('',#2765,#2763,#1379,.T.);
#3392=EDGE_CURVE('',#2757,#2764,#1380,.T.);
#3393=EDGE_CURVE('',#2759,#2765,#1381,.T.);
#3394=EDGE_CURVE('',#2766,#2767,#1382,.T.);
#3395=EDGE_CURVE('',#2766,#2768,#1383,.T.);
#3396=EDGE_CURVE('',#2768,#2769,#1384,.T.);
#3397=EDGE_CURVE('',#2767,#2769,#1385,.T.);
#3398=EDGE_CURVE('',#2770,#2766,#1386,.T.);
#3399=EDGE_CURVE('',#2770,#2771,#1387,.T.);
#3400=EDGE_CURVE('',#2771,#2768,#1388,.T.);
#3401=EDGE_CURVE('',#2772,#2770,#1389,.T.);
#3402=EDGE_CURVE('',#2772,#2773,#1390,.T.);
#3403=EDGE_CURVE('',#2773,#2771,#1391,.T.);
#3404=EDGE_CURVE('',#2774,#2772,#1392,.T.);
#3405=EDGE_CURVE('',#2774,#2775,#1393,.T.);
#3406=EDGE_CURVE('',#2775,#2773,#1394,.T.);
#3407=EDGE_CURVE('',#2776,#2774,#1395,.T.);
#3408=EDGE_CURVE('',#2776,#2777,#1396,.T.);
#3409=EDGE_CURVE('',#2777,#2775,#1397,.T.);
#3410=EDGE_CURVE('',#2778,#2776,#1398,.T.);
#3411=EDGE_CURVE('',#2778,#2779,#1399,.T.);
#3412=EDGE_CURVE('',#2779,#2777,#1400,.T.);
#3413=EDGE_CURVE('',#2780,#2778,#1401,.T.);
#3414=EDGE_CURVE('',#2780,#2781,#1402,.T.);
#3415=EDGE_CURVE('',#2781,#2779,#1403,.T.);
#3416=EDGE_CURVE('',#2767,#2780,#1404,.T.);
#3417=EDGE_CURVE('',#2769,#2781,#1405,.T.);
#3418=EDGE_CURVE('',#2782,#2783,#1406,.T.);
#3419=EDGE_CURVE('',#2782,#2784,#1407,.T.);
#3420=EDGE_CURVE('',#2784,#2785,#1408,.T.);
#3421=EDGE_CURVE('',#2783,#2785,#1409,.T.);
#3422=EDGE_CURVE('',#2786,#2782,#1410,.T.);
#3423=EDGE_CURVE('',#2786,#2787,#1411,.T.);
#3424=EDGE_CURVE('',#2787,#2784,#1412,.T.);
#3425=EDGE_CURVE('',#2788,#2786,#1413,.T.);
#3426=EDGE_CURVE('',#2788,#2789,#1414,.T.);
#3427=EDGE_CURVE('',#2789,#2787,#1415,.T.);
#3428=EDGE_CURVE('',#2790,#2788,#1416,.T.);
#3429=EDGE_CURVE('',#2790,#2791,#1417,.T.);
#3430=EDGE_CURVE('',#2791,#2789,#1418,.T.);
#3431=EDGE_CURVE('',#2792,#2790,#1419,.T.);
#3432=EDGE_CURVE('',#2792,#2793,#1420,.T.);
#3433=EDGE_CURVE('',#2793,#2791,#1421,.T.);
#3434=EDGE_CURVE('',#2794,#2792,#1422,.T.);
#3435=EDGE_CURVE('',#2794,#2795,#1423,.T.);
#3436=EDGE_CURVE('',#2795,#2793,#1424,.T.);
#3437=EDGE_CURVE('',#2796,#2794,#1425,.T.);
#3438=EDGE_CURVE('',#2796,#2797,#1426,.T.);
#3439=EDGE_CURVE('',#2797,#2795,#1427,.T.);
#3440=EDGE_CURVE('',#2798,#2796,#1428,.T.);
#3441=EDGE_CURVE('',#2798,#2799,#1429,.T.);
#3442=EDGE_CURVE('',#2799,#2797,#1430,.T.);
#3443=EDGE_CURVE('',#2800,#2798,#1431,.T.);
#3444=EDGE_CURVE('',#2800,#2801,#1432,.T.);
#3445=EDGE_CURVE('',#2801,#2799,#1433,.T.);
#3446=EDGE_CURVE('',#2783,#2800,#1434,.T.);
#3447=EDGE_CURVE('',#2785,#2801,#1435,.T.);
#3448=EDGE_CURVE('',#2802,#2803,#1436,.T.);
#3449=EDGE_CURVE('',#2802,#2804,#1437,.T.);
#3450=EDGE_CURVE('',#2804,#2805,#1438,.T.);
#3451=EDGE_CURVE('',#2803,#2805,#1439,.T.);
#3452=EDGE_CURVE('',#2806,#2802,#1440,.T.);
#3453=EDGE_CURVE('',#2806,#2807,#1441,.T.);
#3454=EDGE_CURVE('',#2807,#2804,#1442,.T.);
#3455=EDGE_CURVE('',#2808,#2806,#1443,.T.);
#3456=EDGE_CURVE('',#2808,#2809,#1444,.T.);
#3457=EDGE_CURVE('',#2809,#2807,#1445,.T.);
#3458=EDGE_CURVE('',#2810,#2808,#1446,.T.);
#3459=EDGE_CURVE('',#2810,#2811,#1447,.T.);
#3460=EDGE_CURVE('',#2811,#2809,#1448,.T.);
#3461=EDGE_CURVE('',#2812,#2810,#1449,.T.);
#3462=EDGE_CURVE('',#2812,#2813,#1450,.T.);
#3463=EDGE_CURVE('',#2813,#2811,#1451,.T.);
#3464=EDGE_CURVE('',#2814,#2812,#1452,.T.);
#3465=EDGE_CURVE('',#2814,#2815,#1453,.T.);
#3466=EDGE_CURVE('',#2815,#2813,#1454,.T.);
#3467=EDGE_CURVE('',#2816,#2814,#1455,.T.);
#3468=EDGE_CURVE('',#2816,#2817,#1456,.T.);
#3469=EDGE_CURVE('',#2817,#2815,#1457,.T.);
#3470=EDGE_CURVE('',#2818,#2816,#1458,.T.);
#3471=EDGE_CURVE('',#2818,#2819,#1459,.T.);
#3472=EDGE_CURVE('',#2819,#2817,#1460,.T.);
#3473=EDGE_CURVE('',#2820,#2818,#1461,.T.);
#3474=EDGE_CURVE('',#2820,#2821,#1462,.T.);
#3475=EDGE_CURVE('',#2821,#2819,#1463,.T.);
#3476=EDGE_CURVE('',#2822,#2820,#1464,.T.);
#3477=EDGE_CURVE('',#2822,#2823,#1465,.T.);
#3478=EDGE_CURVE('',#2823,#2821,#1466,.T.);
#3479=EDGE_CURVE('',#2824,#2822,#1467,.T.);
#3480=EDGE_CURVE('',#2824,#2825,#1468,.T.);
#3481=EDGE_CURVE('',#2825,#2823,#1469,.T.);
#3482=EDGE_CURVE('',#2803,#2824,#1470,.T.);
#3483=EDGE_CURVE('',#2805,#2825,#1471,.T.);
#3484=EDGE_CURVE('',#2826,#2827,#2617,.T.);
#3485=EDGE_CURVE('',#2826,#2828,#1472,.T.);
#3486=EDGE_CURVE('',#2828,#2829,#2618,.T.);
#3487=EDGE_CURVE('',#2827,#2829,#1473,.T.);
#3488=EDGE_CURVE('',#2830,#2826,#2619,.T.);
#3489=EDGE_CURVE('',#2830,#2831,#1474,.T.);
#3490=EDGE_CURVE('',#2831,#2828,#2620,.T.);
#3491=EDGE_CURVE('',#2832,#2830,#2621,.T.);
#3492=EDGE_CURVE('',#2832,#2833,#1475,.T.);
#3493=EDGE_CURVE('',#2833,#2831,#2622,.T.);
#3494=EDGE_CURVE('',#2834,#2832,#2623,.T.);
#3495=EDGE_CURVE('',#2834,#2835,#1476,.T.);
#3496=EDGE_CURVE('',#2835,#2833,#2624,.T.);
#3497=EDGE_CURVE('',#2836,#2834,#2625,.T.);
#3498=EDGE_CURVE('',#2836,#2837,#1477,.T.);
#3499=EDGE_CURVE('',#2837,#2835,#2626,.T.);
#3500=EDGE_CURVE('',#2838,#2836,#2627,.T.);
#3501=EDGE_CURVE('',#2838,#2839,#1478,.T.);
#3502=EDGE_CURVE('',#2839,#2837,#2628,.T.);
#3503=EDGE_CURVE('',#2840,#2838,#2629,.T.);
#3504=EDGE_CURVE('',#2840,#2841,#1479,.T.);
#3505=EDGE_CURVE('',#2841,#2839,#2630,.T.);
#3506=EDGE_CURVE('',#2842,#2840,#2631,.T.);
#3507=EDGE_CURVE('',#2842,#2843,#1480,.T.);
#3508=EDGE_CURVE('',#2843,#2841,#2632,.T.);
#3509=EDGE_CURVE('',#2844,#2842,#2633,.T.);
#3510=EDGE_CURVE('',#2844,#2845,#1481,.T.);
#3511=EDGE_CURVE('',#2845,#2843,#2634,.T.);
#3512=EDGE_CURVE('',#2846,#2844,#1482,.T.);
#3513=EDGE_CURVE('',#2846,#2847,#1483,.T.);
#3514=EDGE_CURVE('',#2847,#2845,#1484,.T.);
#3515=EDGE_CURVE('',#2848,#2846,#2635,.T.);
#3516=EDGE_CURVE('',#2848,#2849,#1485,.T.);
#3517=EDGE_CURVE('',#2849,#2847,#2636,.T.);
#3518=EDGE_CURVE('',#2850,#2848,#2637,.T.);
#3519=EDGE_CURVE('',#2850,#2851,#1486,.T.);
#3520=EDGE_CURVE('',#2851,#2849,#2638,.T.);
#3521=EDGE_CURVE('',#2852,#2850,#2639,.T.);
#3522=EDGE_CURVE('',#2852,#2853,#1487,.T.);
#3523=EDGE_CURVE('',#2853,#2851,#2640,.T.);
#3524=EDGE_CURVE('',#2854,#2852,#2641,.T.);
#3525=EDGE_CURVE('',#2854,#2855,#1488,.T.);
#3526=EDGE_CURVE('',#2855,#2853,#2642,.T.);
#3527=EDGE_CURVE('',#2856,#2854,#2643,.T.);
#3528=EDGE_CURVE('',#2856,#2857,#1489,.T.);
#3529=EDGE_CURVE('',#2857,#2855,#2644,.T.);
#3530=EDGE_CURVE('',#2858,#2856,#2645,.T.);
#3531=EDGE_CURVE('',#2858,#2859,#1490,.T.);
#3532=EDGE_CURVE('',#2859,#2857,#2646,.T.);
#3533=EDGE_CURVE('',#2860,#2858,#2647,.T.);
#3534=EDGE_CURVE('',#2860,#2861,#1491,.T.);
#3535=EDGE_CURVE('',#2861,#2859,#2648,.T.);
#3536=EDGE_CURVE('',#2862,#2860,#2649,.T.);
#3537=EDGE_CURVE('',#2862,#2863,#1492,.T.);
#3538=EDGE_CURVE('',#2863,#2861,#2650,.T.);
#3539=EDGE_CURVE('',#2864,#2862,#2651,.T.);
#3540=EDGE_CURVE('',#2864,#2865,#1493,.T.);
#3541=EDGE_CURVE('',#2865,#2863,#2652,.T.);
#3542=EDGE_CURVE('',#2866,#2864,#2653,.T.);
#3543=EDGE_CURVE('',#2866,#2867,#1494,.T.);
#3544=EDGE_CURVE('',#2867,#2865,#2654,.T.);
#3545=EDGE_CURVE('',#2868,#2866,#1495,.T.);
#3546=EDGE_CURVE('',#2868,#2869,#1496,.T.);
#3547=EDGE_CURVE('',#2869,#2867,#1497,.T.);
#3548=EDGE_CURVE('',#2827,#2868,#2655,.T.);
#3549=EDGE_CURVE('',#2829,#2869,#2656,.T.);
#3550=EDGE_CURVE('',#2870,#2871,#2657,.T.);
#3551=EDGE_CURVE('',#2870,#2872,#1498,.T.);
#3552=EDGE_CURVE('',#2872,#2873,#2658,.T.);
#3553=EDGE_CURVE('',#2871,#2873,#1499,.T.);
#3554=EDGE_CURVE('',#2874,#2870,#2659,.T.);
#3555=EDGE_CURVE('',#2874,#2875,#1500,.T.);
#3556=EDGE_CURVE('',#2875,#2872,#2660,.T.);
#3557=EDGE_CURVE('',#2876,#2874,#1501,.T.);
#3558=EDGE_CURVE('',#2876,#2877,#1502,.T.);
#3559=EDGE_CURVE('',#2877,#2875,#1503,.T.);
#3560=EDGE_CURVE('',#2878,#2876,#1504,.T.);
#3561=EDGE_CURVE('',#2878,#2879,#1505,.T.);
#3562=EDGE_CURVE('',#2879,#2877,#1506,.T.);
#3563=EDGE_CURVE('',#2871,#2878,#1507,.T.);
#3564=EDGE_CURVE('',#2873,#2879,#1508,.T.);
#3565=EDGE_CURVE('',#2880,#2881,#1509,.T.);
#3566=EDGE_CURVE('',#2880,#2882,#1510,.T.);
#3567=EDGE_CURVE('',#2882,#2883,#1511,.T.);
#3568=EDGE_CURVE('',#2881,#2883,#1512,.T.);
#3569=EDGE_CURVE('',#2884,#2880,#1513,.T.);
#3570=EDGE_CURVE('',#2884,#2885,#1514,.T.);
#3571=EDGE_CURVE('',#2885,#2882,#1515,.T.);
#3572=EDGE_CURVE('',#2886,#2884,#1516,.T.);
#3573=EDGE_CURVE('',#2886,#2887,#1517,.T.);
#3574=EDGE_CURVE('',#2887,#2885,#1518,.T.);
#3575=EDGE_CURVE('',#2888,#2886,#1519,.T.);
#3576=EDGE_CURVE('',#2888,#2889,#1520,.T.);
#3577=EDGE_CURVE('',#2889,#2887,#1521,.T.);
#3578=EDGE_CURVE('',#2890,#2888,#1522,.T.);
#3579=EDGE_CURVE('',#2890,#2891,#1523,.T.);
#3580=EDGE_CURVE('',#2891,#2889,#1524,.T.);
#3581=EDGE_CURVE('',#2892,#2890,#1525,.T.);
#3582=EDGE_CURVE('',#2892,#2893,#1526,.T.);
#3583=EDGE_CURVE('',#2893,#2891,#1527,.T.);
#3584=EDGE_CURVE('',#2894,#2892,#1528,.T.);
#3585=EDGE_CURVE('',#2894,#2895,#1529,.T.);
#3586=EDGE_CURVE('',#2895,#2893,#1530,.T.);
#3587=EDGE_CURVE('',#2881,#2894,#1531,.T.);
#3588=EDGE_CURVE('',#2883,#2895,#1532,.T.);
#3589=EDGE_CURVE('',#2896,#2897,#1533,.T.);
#3590=EDGE_CURVE('',#2896,#2898,#1534,.T.);
#3591=EDGE_CURVE('',#2898,#2899,#1535,.T.);
#3592=EDGE_CURVE('',#2897,#2899,#1536,.T.);
#3593=EDGE_CURVE('',#2900,#2896,#1537,.T.);
#3594=EDGE_CURVE('',#2900,#2901,#1538,.T.);
#3595=EDGE_CURVE('',#2901,#2898,#1539,.T.);
#3596=EDGE_CURVE('',#2902,#2900,#1540,.T.);
#3597=EDGE_CURVE('',#2902,#2903,#1541,.T.);
#3598=EDGE_CURVE('',#2903,#2901,#1542,.T.);
#3599=EDGE_CURVE('',#2904,#2902,#1543,.T.);
#3600=EDGE_CURVE('',#2904,#2905,#1544,.T.);
#3601=EDGE_CURVE('',#2905,#2903,#1545,.T.);
#3602=EDGE_CURVE('',#2906,#2904,#1546,.T.);
#3603=EDGE_CURVE('',#2906,#2907,#1547,.T.);
#3604=EDGE_CURVE('',#2907,#2905,#1548,.T.);
#3605=EDGE_CURVE('',#2908,#2906,#1549,.T.);
#3606=EDGE_CURVE('',#2908,#2909,#1550,.T.);
#3607=EDGE_CURVE('',#2909,#2907,#1551,.T.);
#3608=EDGE_CURVE('',#2910,#2908,#1552,.T.);
#3609=EDGE_CURVE('',#2910,#2911,#1553,.T.);
#3610=EDGE_CURVE('',#2911,#2909,#1554,.T.);
#3611=EDGE_CURVE('',#2912,#2910,#1555,.T.);
#3612=EDGE_CURVE('',#2912,#2913,#1556,.T.);
#3613=EDGE_CURVE('',#2913,#2911,#1557,.T.);
#3614=EDGE_CURVE('',#2914,#2912,#1558,.T.);
#3615=EDGE_CURVE('',#2914,#2915,#1559,.T.);
#3616=EDGE_CURVE('',#2915,#2913,#1560,.T.);
#3617=EDGE_CURVE('',#2897,#2914,#1561,.T.);
#3618=EDGE_CURVE('',#2899,#2915,#1562,.T.);
#3619=EDGE_CURVE('',#2916,#2917,#1563,.T.);
#3620=EDGE_CURVE('',#2916,#2918,#1564,.T.);
#3621=EDGE_CURVE('',#2918,#2919,#1565,.T.);
#3622=EDGE_CURVE('',#2917,#2919,#1566,.T.);
#3623=EDGE_CURVE('',#2920,#2916,#1567,.T.);
#3624=EDGE_CURVE('',#2920,#2921,#1568,.T.);
#3625=EDGE_CURVE('',#2921,#2918,#1569,.T.);
#3626=EDGE_CURVE('',#2922,#2920,#1570,.T.);
#3627=EDGE_CURVE('',#2922,#2923,#1571,.T.);
#3628=EDGE_CURVE('',#2923,#2921,#1572,.T.);
#3629=EDGE_CURVE('',#2924,#2922,#1573,.T.);
#3630=EDGE_CURVE('',#2924,#2925,#1574,.T.);
#3631=EDGE_CURVE('',#2925,#2923,#1575,.T.);
#3632=EDGE_CURVE('',#2926,#2924,#1576,.T.);
#3633=EDGE_CURVE('',#2926,#2927,#1577,.T.);
#3634=EDGE_CURVE('',#2927,#2925,#1578,.T.);
#3635=EDGE_CURVE('',#2917,#2926,#1579,.T.);
#3636=EDGE_CURVE('',#2919,#2927,#1580,.T.);
#3637=EDGE_CURVE('',#2928,#2929,#2661,.T.);
#3638=EDGE_CURVE('',#2928,#2930,#1581,.T.);
#3639=EDGE_CURVE('',#2930,#2931,#2662,.T.);
#3640=EDGE_CURVE('',#2929,#2931,#1582,.T.);
#3641=EDGE_CURVE('',#2932,#2928,#2663,.T.);
#3642=EDGE_CURVE('',#2932,#2933,#1583,.T.);
#3643=EDGE_CURVE('',#2933,#2930,#2664,.T.);
#3644=EDGE_CURVE('',#2934,#2932,#2665,.T.);
#3645=EDGE_CURVE('',#2934,#2935,#1584,.T.);
#3646=EDGE_CURVE('',#2935,#2933,#2666,.T.);
#3647=EDGE_CURVE('',#2936,#2934,#2667,.T.);
#3648=EDGE_CURVE('',#2936,#2937,#1585,.T.);
#3649=EDGE_CURVE('',#2937,#2935,#2668,.T.);
#3650=EDGE_CURVE('',#2938,#2936,#2669,.T.);
#3651=EDGE_CURVE('',#2938,#2939,#1586,.T.);
#3652=EDGE_CURVE('',#2939,#2937,#2670,.T.);
#3653=EDGE_CURVE('',#2940,#2938,#2671,.T.);
#3654=EDGE_CURVE('',#2940,#2941,#1587,.T.);
#3655=EDGE_CURVE('',#2941,#2939,#2672,.T.);
#3656=EDGE_CURVE('',#2942,#2940,#2673,.T.);
#3657=EDGE_CURVE('',#2942,#2943,#1588,.T.);
#3658=EDGE_CURVE('',#2943,#2941,#2674,.T.);
#3659=EDGE_CURVE('',#2944,#2942,#2675,.T.);
#3660=EDGE_CURVE('',#2944,#2945,#1589,.T.);
#3661=EDGE_CURVE('',#2945,#2943,#2676,.T.);
#3662=EDGE_CURVE('',#2946,#2944,#2677,.T.);
#3663=EDGE_CURVE('',#2946,#2947,#1590,.T.);
#3664=EDGE_CURVE('',#2947,#2945,#2678,.T.);
#3665=EDGE_CURVE('',#2948,#2946,#1591,.T.);
#3666=EDGE_CURVE('',#2948,#2949,#1592,.T.);
#3667=EDGE_CURVE('',#2949,#2947,#1593,.T.);
#3668=EDGE_CURVE('',#2950,#2948,#2679,.T.);
#3669=EDGE_CURVE('',#2950,#2951,#1594,.T.);
#3670=EDGE_CURVE('',#2951,#2949,#2680,.T.);
#3671=EDGE_CURVE('',#2952,#2950,#2681,.T.);
#3672=EDGE_CURVE('',#2952,#2953,#1595,.T.);
#3673=EDGE_CURVE('',#2953,#2951,#2682,.T.);
#3674=EDGE_CURVE('',#2954,#2952,#2683,.T.);
#3675=EDGE_CURVE('',#2954,#2955,#1596,.T.);
#3676=EDGE_CURVE('',#2955,#2953,#2684,.T.);
#3677=EDGE_CURVE('',#2956,#2954,#2685,.T.);
#3678=EDGE_CURVE('',#2956,#2957,#1597,.T.);
#3679=EDGE_CURVE('',#2957,#2955,#2686,.T.);
#3680=EDGE_CURVE('',#2958,#2956,#2687,.T.);
#3681=EDGE_CURVE('',#2958,#2959,#1598,.T.);
#3682=EDGE_CURVE('',#2959,#2957,#2688,.T.);
#3683=EDGE_CURVE('',#2960,#2958,#2689,.T.);
#3684=EDGE_CURVE('',#2960,#2961,#1599,.T.);
#3685=EDGE_CURVE('',#2961,#2959,#2690,.T.);
#3686=EDGE_CURVE('',#2962,#2960,#2691,.T.);
#3687=EDGE_CURVE('',#2962,#2963,#1600,.T.);
#3688=EDGE_CURVE('',#2963,#2961,#2692,.T.);
#3689=EDGE_CURVE('',#2964,#2962,#2693,.T.);
#3690=EDGE_CURVE('',#2964,#2965,#1601,.T.);
#3691=EDGE_CURVE('',#2965,#2963,#2694,.T.);
#3692=EDGE_CURVE('',#2966,#2964,#2695,.T.);
#3693=EDGE_CURVE('',#2966,#2967,#1602,.T.);
#3694=EDGE_CURVE('',#2967,#2965,#2696,.T.);
#3695=EDGE_CURVE('',#2968,#2966,#2697,.T.);
#3696=EDGE_CURVE('',#2968,#2969,#1603,.T.);
#3697=EDGE_CURVE('',#2969,#2967,#2698,.T.);
#3698=EDGE_CURVE('',#2970,#2968,#1604,.T.);
#3699=EDGE_CURVE('',#2970,#2971,#1605,.T.);
#3700=EDGE_CURVE('',#2971,#2969,#1606,.T.);
#3701=EDGE_CURVE('',#2929,#2970,#2699,.T.);
#3702=EDGE_CURVE('',#2931,#2971,#2700,.T.);
#3703=EDGE_CURVE('',#2972,#2973,#191,.T.);
#3704=EDGE_CURVE('',#2973,#2974,#2701,.T.);
#3705=EDGE_CURVE('',#2974,#2972,#2702,.T.);
#3706=EDGE_CURVE('',#2975,#2976,#192,.T.);
#3707=EDGE_CURVE('',#2976,#2973,#1607,.T.);
#3708=EDGE_CURVE('',#2972,#2975,#1608,.T.);
#3709=EDGE_CURVE('',#2975,#2977,#2703,.T.);
#3710=EDGE_CURVE('',#2977,#2976,#2704,.T.);
#3711=EDGE_CURVE('',#2978,#2974,#1609,.T.);
#3712=EDGE_CURVE('',#2979,#2978,#2705,.T.);
#3713=EDGE_CURVE('',#2979,#2980,#1610,.T.);
#3714=EDGE_CURVE('',#2981,#2980,#2706,.T.);
#3715=EDGE_CURVE('',#2982,#2981,#1611,.T.);
#3716=EDGE_CURVE('',#2983,#2982,#2707,.T.);
#3717=EDGE_CURVE('',#2984,#2983,#1612,.T.);
#3718=EDGE_CURVE('',#2985,#2984,#1613,.T.);
#3719=EDGE_CURVE('',#2986,#2985,#1614,.T.);
#3720=EDGE_CURVE('',#2987,#2986,#1615,.T.);
#3721=EDGE_CURVE('',#2988,#2987,#1616,.T.);
#3722=EDGE_CURVE('',#2988,#2989,#1617,.T.);
#3723=EDGE_CURVE('',#2990,#2989,#50,.T.);
#3724=EDGE_CURVE('',#2991,#2990,#1618,.T.);
#3725=EDGE_CURVE('',#2992,#2991,#51,.T.);
#3726=EDGE_CURVE('',#2993,#2992,#1619,.T.);
#3727=EDGE_CURVE('',#2994,#2993,#2708,.T.);
#3728=EDGE_CURVE('',#2995,#2994,#1620,.T.);
#3729=EDGE_CURVE('',#2996,#2995,#2709,.T.);
#3730=EDGE_CURVE('',#2996,#2997,#1621,.T.);
#3731=EDGE_CURVE('',#2998,#2997,#2710,.T.);
#3732=EDGE_CURVE('',#2977,#2998,#1622,.T.);
#3733=EDGE_CURVE('',#2982,#2999,#2711,.T.);
#3734=EDGE_CURVE('',#2999,#2983,#193,.T.);
#3735=EDGE_CURVE('',#3000,#2984,#194,.T.);
#3736=EDGE_CURVE('',#2999,#3000,#1623,.T.);
#3737=EDGE_CURVE('',#3001,#2999,#195,.T.);
#3738=EDGE_CURVE('',#3002,#3001,#1624,.T.);
#3739=EDGE_CURVE('',#3003,#3002,#196,.T.);
#3740=EDGE_CURVE('',#3004,#3003,#1625,.T.);
#3741=EDGE_CURVE('',#3005,#3004,#197,.T.);
#3742=EDGE_CURVE('',#3006,#3005,#198,.T.);
#3743=EDGE_CURVE('',#3007,#3006,#1626,.T.);
#3744=EDGE_CURVE('',#3008,#3007,#1627,.T.);
#3745=EDGE_CURVE('',#3009,#3008,#1628,.T.);
#3746=EDGE_CURVE('',#3009,#3000,#1629,.T.);
#3747=EDGE_CURVE('',#2982,#3010,#199,.T.);
#3748=EDGE_CURVE('',#3001,#3010,#200,.T.);
#3749=EDGE_CURVE('',#3011,#3012,#2712,.T.);
#3750=EDGE_CURVE('',#3012,#2981,#2713,.T.);
#3751=EDGE_CURVE('',#2980,#3011,#201,.T.);
#3752=EDGE_CURVE('',#2980,#3011,#2714,.T.);
#3753=EDGE_CURVE('',#3012,#3013,#2715,.T.);
#3754=EDGE_CURVE('',#3013,#3014,#202,.T.);
#3755=EDGE_CURVE('',#3014,#3015,#203,.T.);
#3756=EDGE_CURVE('',#3015,#2981,#204,.T.);
#3757=EDGE_CURVE('',#3016,#3017,#2716,.T.);
#3758=EDGE_CURVE('',#3017,#2979,#205,.T.);
#3759=EDGE_CURVE('',#2978,#3016,#2717,.T.);
#3760=EDGE_CURVE('',#3017,#2979,#2718,.T.);
#3761=EDGE_CURVE('',#3018,#3019,#2719,.T.);
#3762=EDGE_CURVE('',#3019,#2998,#2720,.T.);
#3763=EDGE_CURVE('',#2997,#3018,#206,.T.);
#3764=EDGE_CURVE('',#2997,#3018,#2721,.T.);
#3765=EDGE_CURVE('',#3019,#3020,#2722,.T.);
#3766=EDGE_CURVE('',#3020,#3021,#207,.T.);
#3767=EDGE_CURVE('',#3021,#3022,#208,.T.);
#3768=EDGE_CURVE('',#3022,#2998,#209,.T.);
#3769=EDGE_CURVE('',#3023,#3024,#2723,.T.);
#3770=EDGE_CURVE('',#3024,#2996,#210,.T.);
#3771=EDGE_CURVE('',#2995,#3023,#2724,.T.);
#3772=EDGE_CURVE('',#3024,#2996,#2725,.T.);
#3773=EDGE_CURVE('',#2993,#3025,#211,.T.);
#3774=EDGE_CURVE('',#3025,#2994,#2726,.T.);
#3775=EDGE_CURVE('',#2992,#3026,#212,.T.);
#3776=EDGE_CURVE('',#3026,#3025,#1630,.T.);
#3777=EDGE_CURVE('',#2991,#3027,#213,.T.);
#3778=EDGE_CURVE('',#3027,#3026,#52,.T.);
#3779=EDGE_CURVE('',#2990,#3028,#214,.T.);
#3780=EDGE_CURVE('',#3028,#3027,#1631,.T.);
#3781=EDGE_CURVE('',#3029,#3030,#2727,.T.);
#3782=EDGE_CURVE('',#3030,#3028,#53,.T.);
#3783=EDGE_CURVE('',#2989,#3029,#215,.T.);
#3784=EDGE_CURVE('',#2989,#3029,#2728,.T.);
#3785=EDGE_CURVE('',#3025,#3031,#216,.T.);
#3786=EDGE_CURVE('',#3031,#3032,#217,.T.);
#3787=EDGE_CURVE('',#3032,#2994,#218,.T.);
#3788=EDGE_CURVE('',#3033,#3034,#1632,.T.);
#3789=EDGE_CURVE('',#3034,#3009,#219,.T.);
#3790=EDGE_CURVE('',#3008,#3033,#54,.T.);
#3791=EDGE_CURVE('',#3027,#3033,#1633,.T.);
#3792=EDGE_CURVE('',#3007,#3035,#55,.T.);
#3793=EDGE_CURVE('',#3035,#3036,#2729,.T.);
#3794=EDGE_CURVE('',#3036,#3026,#1634,.T.);
#3795=EDGE_CURVE('',#3037,#3034,#1635,.T.);
#3796=EDGE_CURVE('',#3038,#3037,#220,.T.);
#3797=EDGE_CURVE('',#3039,#3038,#1636,.T.);
#3798=EDGE_CURVE('',#3039,#3040,#1637,.F.);
#3799=EDGE_CURVE('',#3040,#3041,#1638,.T.);
#3800=EDGE_CURVE('',#3041,#3042,#1639,.T.);
#3801=EDGE_CURVE('',#3042,#3043,#1640,.T.);
#3802=EDGE_CURVE('',#3044,#3043,#221,.T.);
#3803=EDGE_CURVE('',#3044,#3045,#1641,.T.);
#3804=EDGE_CURVE('',#3046,#3045,#222,.T.);
#3805=EDGE_CURVE('',#3047,#3046,#1642,.T.);
#3806=EDGE_CURVE('',#3048,#3047,#223,.T.);
#3807=EDGE_CURVE('',#3048,#3049,#1643,.T.);
#3808=EDGE_CURVE('',#3049,#3050,#224,.T.);
#3809=EDGE_CURVE('',#3050,#3051,#1644,.T.);
#3810=EDGE_CURVE('',#3051,#3052,#1645,.T.);
#3811=EDGE_CURVE('',#3052,#3053,#1646,.T.);
#3812=EDGE_CURVE('',#3053,#3054,#225,.T.);
#3813=EDGE_CURVE('',#3054,#3055,#1647,.T.);
#3814=EDGE_CURVE('',#3055,#3056,#226,.T.);
#3815=EDGE_CURVE('',#3056,#3057,#1648,.T.);
#3816=EDGE_CURVE('',#3057,#3058,#1649,.T.);
#3817=EDGE_CURVE('',#3058,#3059,#1650,.T.);
#3818=EDGE_CURVE('',#3059,#3060,#1651,.T.);
#3819=EDGE_CURVE('',#3060,#3061,#1652,.T.);
#3820=EDGE_CURVE('',#3061,#3062,#1653,.T.);
#3821=EDGE_CURVE('',#3062,#3063,#1654,.T.);
#3822=EDGE_CURVE('',#3063,#3064,#1655,.T.);
#3823=EDGE_CURVE('',#3064,#3065,#227,.T.);
#3824=EDGE_CURVE('',#3065,#3066,#1656,.T.);
#3825=EDGE_CURVE('',#3066,#2985,#1657,.T.);
#3826=EDGE_CURVE('',#3067,#3067,#228,.T.);
#3827=EDGE_CURVE('',#3068,#3033,#1658,.T.);
#3828=EDGE_CURVE('',#3037,#3068,#1659,.T.);
#3829=EDGE_CURVE('',#3068,#3028,#1660,.T.);
#3830=EDGE_CURVE('',#3069,#3036,#229,.T.);
#3831=EDGE_CURVE('',#3031,#3069,#1661,.T.);
#3832=EDGE_CURVE('',#3030,#3070,#56,.T.);
#3833=EDGE_CURVE('',#3070,#3071,#1662,.T.);
#3834=EDGE_CURVE('',#3071,#3072,#2730,.T.);
#3835=EDGE_CURVE('',#3072,#3073,#57,.T.);
#3836=EDGE_CURVE('',#3073,#3074,#1663,.T.);
#3837=EDGE_CURVE('',#3074,#3068,#58,.T.);
#3838=EDGE_CURVE('',#3074,#3038,#1664,.T.);
#3839=EDGE_CURVE('',#3070,#3075,#1665,.T.);
#3840=EDGE_CURVE('',#3076,#3075,#230,.T.);
#3841=EDGE_CURVE('',#3077,#3076,#1666,.T.);
#3842=EDGE_CURVE('',#3071,#3077,#231,.T.);
#3843=EDGE_CURVE('',#3013,#3039,#1667,.T.);
#3844=EDGE_CURVE('',#3078,#3073,#1668,.T.);
#3845=EDGE_CURVE('',#3079,#3078,#232,.T.);
#3846=EDGE_CURVE('',#3080,#3079,#233,.T.);
#3847=EDGE_CURVE('',#3081,#3080,#1669,.T.);
#3848=EDGE_CURVE('',#3082,#3081,#234,.T.);
#3849=EDGE_CURVE('',#3014,#3082,#1670,.T.);
#3850=EDGE_CURVE('',#3072,#3083,#235,.T.);
#3851=EDGE_CURVE('',#3083,#3084,#1671,.T.);
#3852=EDGE_CURVE('',#3078,#3084,#236,.T.);
#3853=EDGE_CURVE('',#2973,#3085,#237,.T.);
#3854=EDGE_CURVE('',#3085,#3086,#238,.T.);
#3855=EDGE_CURVE('',#3086,#2974,#239,.T.);
#3856=EDGE_CURVE('',#3005,#3087,#240,.T.);
#3857=EDGE_CURVE('',#3004,#3088,#241,.T.);
#3858=EDGE_CURVE('',#3088,#3087,#242,.T.);
#3859=EDGE_CURVE('',#3003,#3089,#243,.T.);
#3860=EDGE_CURVE('',#3089,#3088,#1672,.T.);
#3861=EDGE_CURVE('',#3002,#3090,#244,.T.);
#3862=EDGE_CURVE('',#3090,#3089,#245,.T.);
#3863=EDGE_CURVE('',#3010,#3090,#1673,.T.);
#3864=EDGE_CURVE('',#3085,#2976,#246,.T.);
#3865=EDGE_CURVE('',#3069,#3091,#247,.T.);
#3866=EDGE_CURVE('',#3091,#3032,#1674,.T.);
#3867=EDGE_CURVE('',#3035,#3092,#248,.T.);
#3868=EDGE_CURVE('',#3092,#3091,#249,.T.);
#3869=EDGE_CURVE('',#3006,#3093,#250,.T.);
#3870=EDGE_CURVE('',#3093,#3092,#1675,.T.);
#3871=EDGE_CURVE('',#3005,#3094,#251,.T.);
#3872=EDGE_CURVE('',#3094,#3093,#252,.T.);
#3873=EDGE_CURVE('',#3085,#3095,#253,.T.);
#3874=EDGE_CURVE('',#3095,#3094,#1676,.T.);
#3875=EDGE_CURVE('',#3087,#3086,#1677,.T.);
#3876=EDGE_CURVE('',#2977,#3095,#254,.T.);
#3877=EDGE_CURVE('',#3079,#3096,#255,.T.);
#3878=EDGE_CURVE('',#3084,#3096,#256,.T.);
#3879=EDGE_CURVE('',#3077,#3097,#257,.T.);
#3880=EDGE_CURVE('',#3097,#3083,#258,.T.);
#3881=EDGE_CURVE('',#3076,#3098,#259,.T.);
#3882=EDGE_CURVE('',#3098,#3097,#1678,.T.);
#3883=EDGE_CURVE('',#2995,#3098,#260,.T.);
#3884=EDGE_CURVE('',#3075,#3023,#2731,.T.);
#3885=EDGE_CURVE('',#3020,#3099,#1679,.T.);
#3886=EDGE_CURVE('',#3021,#3099,#261,.T.);
#3887=EDGE_CURVE('',#3082,#3100,#262,.T.);
#3888=EDGE_CURVE('',#3100,#3015,#1680,.T.);
#3889=EDGE_CURVE('',#3081,#3101,#263,.T.);
#3890=EDGE_CURVE('',#3101,#3100,#264,.T.);
#3891=EDGE_CURVE('',#3080,#3102,#265,.T.);
#3892=EDGE_CURVE('',#3102,#3101,#1681,.T.);
#3893=EDGE_CURVE('',#3079,#3103,#266,.T.);
#3894=EDGE_CURVE('',#3103,#3102,#267,.T.);
#3895=EDGE_CURVE('',#3021,#3104,#268,.T.);
#3896=EDGE_CURVE('',#3104,#3103,#1682,.T.);
#3897=EDGE_CURVE('',#3096,#3022,#1683,.T.);
#3898=EDGE_CURVE('',#2978,#3104,#269,.T.);
#3899=EDGE_CURVE('',#3099,#3016,#2732,.T.);
#3900=EDGE_CURVE('',#3094,#3096,#1684,.T.);
#3901=EDGE_CURVE('',#3084,#3093,#1685,.T.);
#3902=EDGE_CURVE('',#3092,#3083,#1686,.T.);
#3903=EDGE_CURVE('',#3090,#3100,#1687,.T.);
#3904=EDGE_CURVE('',#3101,#3089,#1688,.T.);
#3905=EDGE_CURVE('',#3088,#3102,#1689,.T.);
#3906=EDGE_CURVE('',#3022,#3095,#1690,.T.);
#3907=EDGE_CURVE('',#3015,#3010,#1691,.T.);
#3908=EDGE_CURVE('',#3097,#3091,#1692,.T.);
#3909=EDGE_CURVE('',#3032,#3098,#1693,.T.);
#3910=EDGE_CURVE('',#3103,#3087,#1694,.T.);
#3911=EDGE_CURVE('',#3086,#3104,#1695,.T.);
#3912=EDGE_CURVE('',#3105,#3106,#2733,.F.);
#3913=EDGE_CURVE('',#3105,#3107,#270,.T.);
#3914=EDGE_CURVE('',#3107,#3108,#2734,.T.);
#3915=EDGE_CURVE('',#3108,#3106,#2735,.T.);
#3916=EDGE_CURVE('',#3107,#3105,#2736,.F.);
#3917=EDGE_CURVE('',#3042,#3109,#1696,.T.);
#3918=EDGE_CURVE('',#3110,#3109,#271,.T.);
#3919=EDGE_CURVE('',#3111,#3110,#1697,.T.);
#3920=EDGE_CURVE('',#3112,#3111,#272,.T.);
#3921=EDGE_CURVE('',#3113,#3112,#1698,.T.);
#3922=EDGE_CURVE('',#3114,#3113,#273,.T.);
#3923=EDGE_CURVE('',#3115,#3114,#1699,.T.);
#3924=EDGE_CURVE('',#3116,#3115,#274,.T.);
#3925=EDGE_CURVE('',#3116,#3117,#1700,.T.);
#3926=EDGE_CURVE('',#3118,#3117,#1701,.T.);
#3927=EDGE_CURVE('',#3043,#3118,#1702,.T.);
#3928=EDGE_CURVE('',#3119,#3120,#2737,.T.);
#3929=EDGE_CURVE('',#3120,#3121,#275,.T.);
#3930=EDGE_CURVE('',#3121,#3122,#59,.T.);
#3931=EDGE_CURVE('',#3122,#3123,#276,.T.);
#3932=EDGE_CURVE('',#3123,#3119,#60,.T.);
#3933=EDGE_CURVE('',#3124,#3125,#277,.T.);
#3934=EDGE_CURVE('',#3125,#3123,#1703,.T.);
#3935=EDGE_CURVE('',#3122,#3124,#1704,.T.);
#3936=EDGE_CURVE('',#3126,#3127,#278,.T.);
#3937=EDGE_CURVE('',#3127,#3125,#61,.T.);
#3938=EDGE_CURVE('',#3124,#3126,#62,.T.);
#3939=EDGE_CURVE('',#3128,#3129,#279,.T.);
#3940=EDGE_CURVE('',#3129,#3127,#1705,.T.);
#3941=EDGE_CURVE('',#3126,#3128,#1706,.T.);
#3942=EDGE_CURVE('',#3128,#3130,#2738,.T.);
#3943=EDGE_CURVE('',#3130,#3129,#2739,.T.);
#3944=EDGE_CURVE('',#3120,#3121,#2740,.T.);
#3945=EDGE_CURVE('',#3131,#3132,#2741,.T.);
#3946=EDGE_CURVE('',#3132,#3133,#2742,.T.);
#3947=EDGE_CURVE('',#3133,#3134,#2743,.T.);
#3948=EDGE_CURVE('',#3134,#3131,#280,.T.);
#3949=EDGE_CURVE('',#3134,#3131,#2744,.T.);
#3950=EDGE_CURVE('',#3127,#3135,#1707,.T.);
#3951=EDGE_CURVE('',#3135,#3136,#281,.F.);
#3952=EDGE_CURVE('',#3136,#3125,#1708,.T.);
#3953=EDGE_CURVE('',#3137,#3129,#282,.T.);
#3954=EDGE_CURVE('',#3138,#3137,#1709,.T.);
#3955=EDGE_CURVE('',#3139,#3138,#283,.T.);
#3956=EDGE_CURVE('',#3140,#3139,#1710,.T.);
#3957=EDGE_CURVE('',#3141,#3140,#284,.T.);
#3958=EDGE_CURVE('',#3142,#3141,#1711,.T.);
#3959=EDGE_CURVE('',#3143,#3142,#285,.T.);
#3960=EDGE_CURVE('',#3047,#3143,#1712,.T.);
#3961=EDGE_CURVE('',#3135,#3046,#1713,.T.);
#3962=EDGE_CURVE('',#3130,#3144,#286,.T.);
#3963=EDGE_CURVE('',#3137,#3144,#287,.T.);
#3964=EDGE_CURVE('',#3134,#3107,#1714,.T.);
#3965=EDGE_CURVE('',#3130,#3133,#1715,.T.);
#3966=EDGE_CURVE('',#3145,#3121,#1716,.T.);
#3967=EDGE_CURVE('',#3146,#3145,#1717,.T.);
#3968=EDGE_CURVE('',#3147,#3146,#1718,.T.);
#3969=EDGE_CURVE('',#3147,#3148,#1719,.T.);
#3970=EDGE_CURVE('',#3148,#3049,#1720,.T.);
#3971=EDGE_CURVE('',#3149,#3048,#1721,.T.);
#3972=EDGE_CURVE('',#3150,#3149,#2745,.T.);
#3973=EDGE_CURVE('',#3108,#3150,#1722,.T.);
#3974=EDGE_CURVE('',#3143,#3149,#288,.T.);
#3975=EDGE_CURVE('',#3143,#3150,#2746,.T.);
#3976=EDGE_CURVE('',#3142,#3151,#289,.T.);
#3977=EDGE_CURVE('',#3151,#3150,#290,.T.);
#3978=EDGE_CURVE('',#3152,#3135,#291,.F.);
#3979=EDGE_CURVE('',#3136,#3152,#292,.F.);
#3980=EDGE_CURVE('',#3118,#3153,#293,.F.);
#3981=EDGE_CURVE('',#3154,#3118,#294,.F.);
#3982=EDGE_CURVE('',#3153,#3154,#295,.F.);
#3983=EDGE_CURVE('',#3123,#3154,#1723,.T.);
#3984=EDGE_CURVE('',#3117,#3119,#63,.T.);
#3985=EDGE_CURVE('',#3152,#3153,#1724,.T.);
#3986=EDGE_CURVE('',#3154,#3136,#1725,.T.);
#3987=EDGE_CURVE('',#3153,#3044,#1726,.T.);
#3988=EDGE_CURVE('',#3045,#3152,#1727,.T.);
#3989=EDGE_CURVE('',#3132,#3116,#2747,.T.);
#3990=EDGE_CURVE('',#3115,#3155,#296,.T.);
#3991=EDGE_CURVE('',#3155,#3133,#297,.T.);
#3992=EDGE_CURVE('',#3114,#3156,#298,.T.);
#3993=EDGE_CURVE('',#3156,#3155,#1728,.T.);
#3994=EDGE_CURVE('',#3113,#3157,#299,.T.);
#3995=EDGE_CURVE('',#3157,#3156,#300,.T.);
#3996=EDGE_CURVE('',#3112,#3158,#301,.T.);
#3997=EDGE_CURVE('',#3158,#3157,#1729,.T.);
#3998=EDGE_CURVE('',#3111,#3159,#302,.T.);
#3999=EDGE_CURVE('',#3159,#3158,#303,.T.);
#4000=EDGE_CURVE('',#3110,#3160,#304,.T.);
#4001=EDGE_CURVE('',#3160,#3159,#1730,.T.);
#4002=EDGE_CURVE('',#3108,#3160,#305,.T.);
#4003=EDGE_CURVE('',#3109,#3106,#2748,.T.);
#4004=EDGE_CURVE('',#3141,#3161,#306,.T.);
#4005=EDGE_CURVE('',#3161,#3151,#1731,.T.);
#4006=EDGE_CURVE('',#3140,#3162,#307,.T.);
#4007=EDGE_CURVE('',#3162,#3161,#308,.T.);
#4008=EDGE_CURVE('',#3139,#3163,#309,.T.);
#4009=EDGE_CURVE('',#3163,#3162,#1732,.T.);
#4010=EDGE_CURVE('',#3138,#3164,#310,.T.);
#4011=EDGE_CURVE('',#3164,#3163,#311,.T.);
#4012=EDGE_CURVE('',#3144,#3164,#1733,.T.);
#4013=EDGE_CURVE('',#3159,#3161,#1734,.T.);
#4014=EDGE_CURVE('',#3162,#3158,#1735,.T.);
#4015=EDGE_CURVE('',#3151,#3160,#1736,.T.);
#4016=EDGE_CURVE('',#3157,#3163,#1737,.T.);
#4017=EDGE_CURVE('',#3164,#3156,#1738,.T.);
#4018=EDGE_CURVE('',#3155,#3144,#1739,.T.);
#4019=EDGE_CURVE('',#3165,#3166,#312,.T.);
#4020=EDGE_CURVE('',#3166,#3167,#1740,.T.);
#4021=EDGE_CURVE('',#3167,#3168,#313,.T.);
#4022=EDGE_CURVE('',#3168,#3169,#1741,.T.);
#4023=EDGE_CURVE('',#3169,#3165,#2749,.T.);
#4024=EDGE_CURVE('',#3166,#3170,#1742,.T.);
#4025=EDGE_CURVE('',#3171,#3170,#314,.T.);
#4026=EDGE_CURVE('',#3172,#3171,#1743,.T.);
#4027=EDGE_CURVE('',#3173,#3172,#1744,.T.);
#4028=EDGE_CURVE('',#3167,#3173,#1745,.T.);
#4029=EDGE_CURVE('',#3174,#3175,#2750,.F.);
#4030=EDGE_CURVE('',#3174,#3176,#1746,.T.);
#4031=EDGE_CURVE('',#3176,#3177,#315,.T.);
#4032=EDGE_CURVE('',#3177,#3178,#1747,.T.);
#4033=EDGE_CURVE('',#3175,#3178,#316,.F.);
#4034=EDGE_CURVE('',#3177,#3179,#1748,.T.);
#4035=EDGE_CURVE('',#3180,#3179,#1749,.T.);
#4036=EDGE_CURVE('',#3181,#3180,#1750,.T.);
#4037=EDGE_CURVE('',#3182,#3181,#317,.T.);
#4038=EDGE_CURVE('',#3178,#3182,#1751,.T.);
#4039=EDGE_CURVE('',#3181,#3171,#1752,.T.);
#4040=EDGE_CURVE('',#3170,#3182,#1753,.T.);
#4041=EDGE_CURVE('',#3172,#3180,#1754,.T.);
#4042=EDGE_CURVE('',#3179,#3173,#1755,.T.);
#4043=EDGE_CURVE('',#3175,#3165,#1756,.F.);
#4044=EDGE_CURVE('',#3169,#3174,#1757,.T.);
#4045=EDGE_CURVE('',#3168,#3176,#1758,.T.);
#4046=EDGE_CURVE('',#3183,#3184,#2751,.T.);
#4047=EDGE_CURVE('',#3184,#3185,#2752,.T.);
#4048=EDGE_CURVE('',#3185,#3183,#318,.T.);
#4049=EDGE_CURVE('',#3186,#3187,#2753,.T.);
#4050=EDGE_CURVE('',#3187,#3188,#2754,.T.);
#4051=EDGE_CURVE('',#3188,#3186,#319,.T.);
#4052=EDGE_CURVE('',#3189,#3190,#320,.F.);
#4053=EDGE_CURVE('',#3191,#3189,#321,.F.);
#4054=EDGE_CURVE('',#3190,#3191,#322,.F.);
#4055=EDGE_CURVE('',#3192,#3193,#323,.T.);
#4056=EDGE_CURVE('',#3193,#3191,#1759,.T.);
#4057=EDGE_CURVE('',#3189,#3192,#1760,.T.);
#4058=EDGE_CURVE('',#3194,#3195,#324,.T.);
#4059=EDGE_CURVE('',#3195,#3190,#1761,.T.);
#4060=EDGE_CURVE('',#3191,#3194,#1762,.T.);
#4061=EDGE_CURVE('',#3196,#3189,#1763,.T.);
#4062=EDGE_CURVE('',#3190,#3197,#1764,.T.);
#4063=EDGE_CURVE('',#3197,#3196,#64,.T.);
#4064=EDGE_CURVE('',#3198,#3196,#1765,.T.);
#4065=EDGE_CURVE('',#3197,#3199,#1766,.T.);
#4066=EDGE_CURVE('',#3199,#3198,#65,.T.);
#4067=EDGE_CURVE('',#3200,#3198,#1767,.T.);
#4068=EDGE_CURVE('',#3199,#3201,#1768,.T.);
#4069=EDGE_CURVE('',#3201,#3200,#66,.T.);
#4070=EDGE_CURVE('',#3201,#3202,#1769,.T.);
#4071=EDGE_CURVE('',#3202,#3203,#325,.T.);
#4072=EDGE_CURVE('',#3203,#3200,#1770,.T.);
#4073=EDGE_CURVE('',#3204,#3205,#326,.T.);
#4074=EDGE_CURVE('',#3205,#3203,#327,.T.);
#4075=EDGE_CURVE('',#3202,#3204,#328,.T.);
#4076=EDGE_CURVE('',#3206,#3207,#329,.T.);
#4077=EDGE_CURVE('',#3207,#3205,#330,.T.);
#4078=EDGE_CURVE('',#3204,#3206,#331,.T.);
#4079=EDGE_CURVE('',#3208,#3209,#332,.T.);
#4080=EDGE_CURVE('',#3209,#3207,#333,.T.);
#4081=EDGE_CURVE('',#3206,#3208,#334,.T.);
#4082=EDGE_CURVE('',#3210,#3209,#1771,.T.);
#4083=EDGE_CURVE('',#3208,#3211,#1772,.T.);
#4084=EDGE_CURVE('',#3211,#3210,#67,.T.);
#4085=EDGE_CURVE('',#3212,#3210,#1773,.T.);
#4086=EDGE_CURVE('',#3211,#3213,#1774,.T.);
#4087=EDGE_CURVE('',#3213,#3212,#68,.T.);
#4088=EDGE_CURVE('',#3214,#3212,#1775,.T.);
#4089=EDGE_CURVE('',#3213,#3215,#1776,.T.);
#4090=EDGE_CURVE('',#3215,#3214,#2755,.T.);
#4091=EDGE_CURVE('',#3215,#3216,#335,.T.);
#4092=EDGE_CURVE('',#3216,#3217,#336,.T.);
#4093=EDGE_CURVE('',#3217,#3214,#337,.T.);
#4094=EDGE_CURVE('',#3187,#3217,#338,.T.);
#4095=EDGE_CURVE('',#3216,#3188,#339,.T.);
#4096=EDGE_CURVE('',#3184,#3187,#1777,.T.);
#4097=EDGE_CURVE('',#3186,#3185,#1778,.T.);
#4098=EDGE_CURVE('',#3183,#3218,#340,.T.);
#4099=EDGE_CURVE('',#3218,#3219,#341,.T.);
#4100=EDGE_CURVE('',#3219,#3184,#342,.T.);
#4101=EDGE_CURVE('',#3220,#3221,#343,.F.);
#4102=EDGE_CURVE('',#3222,#3220,#344,.F.);
#4103=EDGE_CURVE('',#3221,#3222,#345,.F.);
#4104=EDGE_CURVE('',#3219,#3223,#346,.T.);
#4105=EDGE_CURVE('',#3223,#3222,#1779,.T.);
#4106=EDGE_CURVE('',#3220,#3219,#1780,.T.);
#4107=EDGE_CURVE('',#3224,#3225,#347,.T.);
#4108=EDGE_CURVE('',#3225,#3221,#1781,.T.);
#4109=EDGE_CURVE('',#3222,#3224,#1782,.T.);
#4110=EDGE_CURVE('',#3226,#3227,#348,.T.);
#4111=EDGE_CURVE('',#3227,#3220,#1783,.T.);
#4112=EDGE_CURVE('',#3221,#3226,#1784,.T.);
#4113=EDGE_CURVE('',#3218,#3223,#349,.T.);
#4114=EDGE_CURVE('',#3228,#3195,#1785,.T.);
#4115=EDGE_CURVE('',#3228,#3229,#1786,.T.);
#4116=EDGE_CURVE('',#3229,#3230,#1787,.T.);
#4117=EDGE_CURVE('',#3231,#3230,#1788,.T.);
#4118=EDGE_CURVE('',#3231,#3232,#1789,.T.);
#4119=EDGE_CURVE('',#3233,#3232,#69,.F.);
#4120=EDGE_CURVE('',#3233,#3234,#1790,.T.);
#4121=EDGE_CURVE('',#3235,#3234,#70,.F.);
#4122=EDGE_CURVE('',#3235,#3236,#1791,.T.);
#4123=EDGE_CURVE('',#3237,#3236,#1792,.T.);
#4124=EDGE_CURVE('',#3197,#3237,#1793,.T.);
#4125=EDGE_CURVE('',#3193,#3238,#1794,.T.);
#4126=EDGE_CURVE('',#3194,#3238,#1795,.T.);
#4127=EDGE_CURVE('',#3239,#3192,#1796,.T.);
#4128=EDGE_CURVE('',#3227,#3240,#1797,.T.);
#4129=EDGE_CURVE('',#3239,#3240,#1798,.T.);
#4130=EDGE_CURVE('',#3241,#3242,#1799,.T.);
#4131=EDGE_CURVE('',#3242,#3243,#1800,.T.);
#4132=EDGE_CURVE('',#3243,#3244,#1801,.T.);
#4133=EDGE_CURVE('',#3244,#3241,#1802,.T.);
#4134=EDGE_CURVE('',#3241,#3245,#1803,.T.);
#4135=EDGE_CURVE('',#3246,#3245,#1804,.T.);
#4136=EDGE_CURVE('',#3247,#3246,#1805,.T.);
#4137=EDGE_CURVE('',#3248,#3247,#1806,.T.);
#4138=EDGE_CURVE('',#3242,#3248,#1807,.T.);
#4139=EDGE_CURVE('',#3249,#3244,#1808,.T.);
#4140=EDGE_CURVE('',#3250,#3249,#350,.T.);
#4141=EDGE_CURVE('',#3251,#3250,#1809,.T.);
#4142=EDGE_CURVE('',#3245,#3251,#351,.T.);
#4143=EDGE_CURVE('',#3252,#3253,#1810,.T.);
#4144=EDGE_CURVE('',#3253,#3254,#1811,.T.);
#4145=EDGE_CURVE('',#3254,#3255,#1812,.T.);
#4146=EDGE_CURVE('',#3255,#3252,#1813,.T.);
#4147=EDGE_CURVE('',#3252,#3256,#1814,.T.);
#4148=EDGE_CURVE('',#3257,#3256,#1815,.T.);
#4149=EDGE_CURVE('',#3258,#3257,#1816,.T.);
#4150=EDGE_CURVE('',#3259,#3258,#1817,.T.);
#4151=EDGE_CURVE('',#3253,#3259,#1818,.T.);
#4152=EDGE_CURVE('',#3260,#3255,#1819,.T.);
#4153=EDGE_CURVE('',#3261,#3260,#352,.T.);
#4154=EDGE_CURVE('',#3262,#3261,#1820,.T.);
#4155=EDGE_CURVE('',#3256,#3262,#353,.T.);
#4156=EDGE_CURVE('',#3263,#3264,#1821,.T.);
#4157=EDGE_CURVE('',#3264,#3265,#1822,.T.);
#4158=EDGE_CURVE('',#3265,#3266,#1823,.T.);
#4159=EDGE_CURVE('',#3266,#3263,#1824,.T.);
#4160=EDGE_CURVE('',#3267,#3263,#1825,.T.);
#4161=EDGE_CURVE('',#3268,#3267,#1826,.T.);
#4162=EDGE_CURVE('',#3232,#3268,#1827,.T.);
#4163=EDGE_CURVE('',#3264,#3231,#1828,.T.);
#4164=EDGE_CURVE('',#3266,#3269,#1829,.T.);
#4165=EDGE_CURVE('',#3270,#3269,#354,.T.);
#4166=EDGE_CURVE('',#3270,#3271,#1830,.T.);
#4167=EDGE_CURVE('',#3267,#3271,#355,.T.);
#4168=EDGE_CURVE('',#3272,#3273,#1831,.T.);
#4169=EDGE_CURVE('',#3273,#3274,#1832,.T.);
#4170=EDGE_CURVE('',#3274,#3275,#1833,.T.);
#4171=EDGE_CURVE('',#3275,#3272,#1834,.T.);
#4172=EDGE_CURVE('',#3272,#3276,#1835,.T.);
#4173=EDGE_CURVE('',#3277,#3276,#1836,.T.);
#4174=EDGE_CURVE('',#3278,#3277,#1837,.T.);
#4175=EDGE_CURVE('',#3279,#3278,#1838,.T.);
#4176=EDGE_CURVE('',#3273,#3279,#1839,.T.);
#4177=EDGE_CURVE('',#3280,#3275,#1840,.T.);
#4178=EDGE_CURVE('',#3281,#3280,#356,.T.);
#4179=EDGE_CURVE('',#3282,#3281,#1841,.T.);
#4180=EDGE_CURVE('',#3276,#3282,#357,.T.);
#4181=EDGE_CURVE('',#3283,#3284,#1842,.T.);
#4182=EDGE_CURVE('',#3284,#3285,#1843,.T.);
#4183=EDGE_CURVE('',#3285,#3286,#1844,.T.);
#4184=EDGE_CURVE('',#3286,#3283,#1845,.T.);
#4185=EDGE_CURVE('',#3287,#3283,#1846,.T.);
#4186=EDGE_CURVE('',#3288,#3287,#1847,.T.);
#4187=EDGE_CURVE('',#3289,#3288,#1848,.T.);
#4188=EDGE_CURVE('',#3290,#3289,#1849,.T.);
#4189=EDGE_CURVE('',#3284,#3290,#1850,.T.);
#4190=EDGE_CURVE('',#3286,#3291,#1851,.T.);
#4191=EDGE_CURVE('',#3292,#3291,#358,.T.);
#4192=EDGE_CURVE('',#3292,#3293,#1852,.T.);
#4193=EDGE_CURVE('',#3287,#3293,#359,.T.);
#4194=EDGE_CURVE('',#3294,#3270,#1853,.T.);
#4195=EDGE_CURVE('',#3269,#3295,#1854,.T.);
#4196=EDGE_CURVE('',#3295,#3294,#71,.T.);
#4197=EDGE_CURVE('',#3295,#3235,#1855,.T.);
#4198=EDGE_CURVE('',#3234,#3294,#1856,.T.);
#4199=EDGE_CURVE('',#3296,#3294,#1857,.T.);
#4200=EDGE_CURVE('',#3271,#3296,#1858,.T.);
#4201=EDGE_CURVE('',#3296,#3233,#1859,.T.);
#4202=EDGE_CURVE('',#3297,#3298,#1860,.T.);
#4203=EDGE_CURVE('',#3298,#3247,#72,.F.);
#4204=EDGE_CURVE('',#3246,#3297,#73,.T.);
#4205=EDGE_CURVE('',#3251,#3297,#1861,.T.);
#4206=EDGE_CURVE('',#3297,#3299,#1862,.T.);
#4207=EDGE_CURVE('',#3300,#3299,#1863,.T.);
#4208=EDGE_CURVE('',#3298,#3300,#1864,.T.);
#4209=EDGE_CURVE('',#3299,#3250,#1865,.T.);
#4210=EDGE_CURVE('',#3301,#3302,#1866,.T.);
#4211=EDGE_CURVE('',#3302,#3258,#74,.F.);
#4212=EDGE_CURVE('',#3257,#3301,#75,.T.);
#4213=EDGE_CURVE('',#3262,#3301,#1867,.T.);
#4214=EDGE_CURVE('',#3301,#3303,#1868,.T.);
#4215=EDGE_CURVE('',#3304,#3303,#1869,.T.);
#4216=EDGE_CURVE('',#3302,#3304,#1870,.T.);
#4217=EDGE_CURVE('',#3303,#3261,#1871,.T.);
#4218=EDGE_CURVE('',#3305,#3306,#1872,.T.);
#4219=EDGE_CURVE('',#3306,#3304,#76,.F.);
#4220=EDGE_CURVE('',#3303,#3305,#77,.T.);
#4221=EDGE_CURVE('',#3260,#3305,#1873,.T.);
#4222=EDGE_CURVE('',#3307,#3308,#1874,.T.);
#4223=EDGE_CURVE('',#3308,#3300,#78,.F.);
#4224=EDGE_CURVE('',#3299,#3307,#79,.T.);
#4225=EDGE_CURVE('',#3249,#3307,#1875,.T.);
#4226=EDGE_CURVE('',#3309,#3310,#1876,.T.);
#4227=EDGE_CURVE('',#3310,#3311,#80,.F.);
#4228=EDGE_CURVE('',#3311,#3312,#1877,.T.);
#4229=EDGE_CURVE('',#3312,#3309,#81,.T.);
#4230=EDGE_CURVE('',#3312,#3281,#1878,.T.);
#4231=EDGE_CURVE('',#3280,#3309,#1879,.T.);
#4232=EDGE_CURVE('',#3313,#3312,#1880,.T.);
#4233=EDGE_CURVE('',#3282,#3313,#1881,.T.);
#4234=EDGE_CURVE('',#3314,#3311,#1882,.T.);
#4235=EDGE_CURVE('',#3313,#3314,#1883,.T.);
#4236=EDGE_CURVE('',#3314,#3278,#82,.F.);
#4237=EDGE_CURVE('',#3277,#3313,#83,.T.);
#4238=EDGE_CURVE('',#3268,#3296,#84,.T.);
#4239=EDGE_CURVE('',#3315,#3316,#1884,.T.);
#4240=EDGE_CURVE('',#3316,#3289,#85,.F.);
#4241=EDGE_CURVE('',#3288,#3315,#86,.T.);
#4242=EDGE_CURVE('',#3293,#3315,#1885,.T.);
#4243=EDGE_CURVE('',#3315,#3317,#1886,.T.);
#4244=EDGE_CURVE('',#3318,#3317,#1887,.T.);
#4245=EDGE_CURVE('',#3316,#3318,#1888,.T.);
#4246=EDGE_CURVE('',#3317,#3292,#1889,.T.);
#4247=EDGE_CURVE('',#3291,#3319,#1890,.T.);
#4248=EDGE_CURVE('',#3319,#3317,#87,.T.);
#4249=EDGE_CURVE('',#3319,#3320,#1891,.T.);
#4250=EDGE_CURVE('',#3320,#3318,#88,.F.);
#4251=EDGE_CURVE('',#3285,#3321,#1892,.T.);
#4252=EDGE_CURVE('',#3320,#3321,#1893,.T.);
#4253=EDGE_CURVE('',#3243,#3322,#1894,.T.);
#4254=EDGE_CURVE('',#3308,#3322,#1895,.T.);
#4255=EDGE_CURVE('',#3274,#3323,#1896,.T.);
#4256=EDGE_CURVE('',#3310,#3323,#1897,.T.);
#4257=EDGE_CURVE('',#3265,#3236,#1898,.T.);
#4258=EDGE_CURVE('',#3254,#3324,#1899,.T.);
#4259=EDGE_CURVE('',#3306,#3324,#1900,.T.);
#4260=EDGE_CURVE('',#3236,#3231,#1901,.T.);
#4261=EDGE_CURVE('',#3324,#3259,#1902,.T.);
#4262=EDGE_CURVE('',#3323,#3279,#1903,.T.);
#4263=EDGE_CURVE('',#3322,#3248,#1904,.T.);
#4264=EDGE_CURVE('',#3321,#3290,#1905,.T.);
#4265=EDGE_CURVE('',#3325,#3147,#360,.T.);
#4266=EDGE_CURVE('',#3146,#3326,#361,.T.);
#4267=EDGE_CURVE('',#3326,#3325,#1906,.T.);
#4268=EDGE_CURVE('',#2986,#3327,#362,.T.);
#4269=EDGE_CURVE('',#3327,#3328,#1907,.T.);
#4270=EDGE_CURVE('',#3328,#2987,#363,.T.);
#4271=EDGE_CURVE('',#3329,#2986,#1908,.T.);
#4272=EDGE_CURVE('',#3329,#3066,#1909,.T.);
#4273=EDGE_CURVE('',#3330,#3330,#364,.T.);
#4274=EDGE_CURVE('',#3330,#3331,#1910,.T.);
#4275=EDGE_CURVE('',#3331,#3331,#365,.T.);
#4276=EDGE_CURVE('',#3332,#3326,#366,.T.);
#4277=EDGE_CURVE('',#3332,#3333,#1911,.T.);
#4278=EDGE_CURVE('',#3325,#3333,#367,.T.);
#4279=EDGE_CURVE('',#3333,#3334,#1912,.T.);
#4280=EDGE_CURVE('',#3335,#3334,#1913,.T.);
#4281=EDGE_CURVE('',#3148,#3335,#368,.T.);
#4282=EDGE_CURVE('',#3050,#3335,#1914,.T.);
#4283=EDGE_CURVE('',#3336,#3336,#369,.T.);
#4284=EDGE_CURVE('',#3336,#3337,#1915,.T.);
#4285=EDGE_CURVE('',#3337,#3337,#370,.T.);
#4286=EDGE_CURVE('',#3338,#3327,#371,.T.);
#4287=EDGE_CURVE('',#3339,#3338,#1916,.T.);
#4288=EDGE_CURVE('',#3328,#3339,#372,.T.);
#4289=EDGE_CURVE('',#3340,#3341,#373,.T.);
#4290=EDGE_CURVE('',#3342,#3340,#1917,.T.);
#4291=EDGE_CURVE('',#3342,#3338,#1918,.T.);
#4292=EDGE_CURVE('',#3341,#3329,#1919,.T.);
#4293=EDGE_CURVE('',#3340,#3064,#1920,.T.);
#4294=EDGE_CURVE('',#3342,#3063,#1921,.T.);
#4295=EDGE_CURVE('',#3067,#3343,#1922,.T.);
#4296=EDGE_CURVE('',#3343,#3343,#374,.T.);
#4297=EDGE_CURVE('',#3344,#3344,#375,.T.);
#4298=EDGE_CURVE('',#3345,#3185,#1923,.T.);
#4299=EDGE_CURVE('',#3345,#3346,#376,.T.);
#4300=EDGE_CURVE('',#3183,#3346,#1924,.T.);
#4301=EDGE_CURVE('',#3346,#3347,#377,.T.);
#4302=EDGE_CURVE('',#3218,#3347,#1925,.T.);
#4303=EDGE_CURVE('',#3347,#3348,#378,.T.);
#4304=EDGE_CURVE('',#3348,#3223,#1926,.T.);
#4305=EDGE_CURVE('',#3279,#3348,#1927,.T.);
#4306=EDGE_CURVE('',#3230,#3323,#1928,.T.);
#4307=EDGE_CURVE('',#3229,#3349,#1929,.T.);
#4308=EDGE_CURVE('',#3224,#3349,#1930,.T.);
#4309=EDGE_CURVE('',#3065,#3341,#1931,.T.);
#4310=EDGE_CURVE('',#3334,#3051,#1932,.T.);
#4311=EDGE_CURVE('',#3206,#3350,#1933,.T.);
#4312=EDGE_CURVE('',#3350,#3351,#379,.T.);
#4313=EDGE_CURVE('',#3351,#3208,#1934,.T.);
#4314=EDGE_CURVE('',#3352,#3204,#1935,.T.);
#4315=EDGE_CURVE('',#3350,#3352,#380,.T.);
#4316=EDGE_CURVE('',#3202,#3353,#1936,.T.);
#4317=EDGE_CURVE('',#3353,#3352,#381,.T.);
#4318=EDGE_CURVE('',#3354,#3349,#1937,.T.);
#4319=EDGE_CURVE('',#3228,#3355,#1938,.T.);
#4320=EDGE_CURVE('',#3356,#3355,#1939,.T.);
#4321=EDGE_CURVE('',#3354,#3356,#1940,.T.);
#4322=EDGE_CURVE('',#3339,#3357,#1941,.T.);
#4323=EDGE_CURVE('',#3357,#3358,#1942,.T.);
#4324=EDGE_CURVE('',#3358,#3359,#1943,.T.);
#4325=EDGE_CURVE('',#3359,#3360,#1944,.T.);
#4326=EDGE_CURVE('',#3360,#3361,#382,.T.);
#4327=EDGE_CURVE('',#3361,#3362,#1945,.T.);
#4328=EDGE_CURVE('',#3362,#3363,#383,.T.);
#4329=EDGE_CURVE('',#3363,#3364,#1946,.T.);
#4330=EDGE_CURVE('',#3364,#3332,#1947,.T.);
#4331=EDGE_CURVE('',#3145,#3365,#1948,.T.);
#4332=EDGE_CURVE('',#3365,#3366,#1949,.T.);
#4333=EDGE_CURVE('',#3366,#2988,#1950,.T.);
#4334=EDGE_CURVE('',#3367,#3367,#384,.T.);
#4335=EDGE_CURVE('',#3368,#3369,#385,.T.);
#4336=EDGE_CURVE('',#3369,#3370,#386,.T.);
#4337=EDGE_CURVE('',#3370,#3371,#1951,.T.);
#4338=EDGE_CURVE('',#3371,#3372,#1952,.T.);
#4339=EDGE_CURVE('',#3372,#3322,#1953,.T.);
#4340=EDGE_CURVE('',#3248,#3351,#1954,.T.);
#4341=EDGE_CURVE('',#3353,#3373,#1955,.T.);
#4342=EDGE_CURVE('',#3373,#3324,#1956,.T.);
#4343=EDGE_CURVE('',#3259,#3374,#1957,.T.);
#4344=EDGE_CURVE('',#3374,#3237,#1958,.T.);
#4345=EDGE_CURVE('',#3345,#3321,#1959,.T.);
#4346=EDGE_CURVE('',#3290,#3375,#1960,.T.);
#4347=EDGE_CURVE('',#3375,#3368,#387,.T.);
#4348=EDGE_CURVE('',#3238,#3376,#1961,.T.);
#4349=EDGE_CURVE('',#3376,#3228,#1962,.T.);
#4350=EDGE_CURVE('',#3377,#3225,#1963,.T.);
#4351=EDGE_CURVE('',#3226,#3377,#1964,.T.);
#4352=EDGE_CURVE('',#3378,#3377,#1965,.T.);
#4353=EDGE_CURVE('',#3240,#3378,#1966,.T.);
#4354=EDGE_CURVE('',#3239,#3376,#1967,.T.);
#4355=EDGE_CURVE('',#3199,#3374,#1968,.T.);
#4356=EDGE_CURVE('',#3201,#3373,#1969,.T.);
#4357=EDGE_CURVE('',#3211,#3372,#1970,.T.);
#4358=EDGE_CURVE('',#3213,#3371,#1971,.T.);
#4359=EDGE_CURVE('',#3215,#3370,#1972,.T.);
#4360=EDGE_CURVE('',#3216,#3369,#1973,.T.);
#4361=EDGE_CURVE('',#3188,#3368,#1974,.T.);
#4362=EDGE_CURVE('',#3186,#3375,#1975,.T.);
#4363=EDGE_CURVE('',#3349,#3378,#1976,.T.);
#4364=EDGE_CURVE('',#3344,#3367,#1977,.T.);
#4365=EDGE_CURVE('',#3053,#3363,#1978,.T.);
#4366=EDGE_CURVE('',#3364,#3052,#1979,.T.);
#4367=EDGE_CURVE('',#3365,#3041,#1980,.T.);
#4368=EDGE_CURVE('',#3366,#3040,#1981,.T.);
#4369=EDGE_CURVE('',#3357,#3062,#1982,.T.);
#4370=EDGE_CURVE('',#3358,#3061,#1983,.T.);
#4371=EDGE_CURVE('',#3354,#3060,#1984,.T.);
#4372=EDGE_CURVE('',#3356,#3359,#1985,.T.);
#4373=EDGE_CURVE('',#3240,#3059,#1986,.T.);
#4374=EDGE_CURVE('',#3239,#3058,#1987,.T.);
#4375=EDGE_CURVE('',#3355,#3057,#1988,.T.);
#4376=EDGE_CURVE('',#3360,#3056,#1989,.T.);
#4377=EDGE_CURVE('',#3361,#3055,#1990,.T.);
#4378=EDGE_CURVE('',#3362,#3054,#1991,.T.);
#4379=ORIENTED_EDGE('',*,*,#3379,.F.);
#4380=ORIENTED_EDGE('',*,*,#3380,.T.);
#4381=ORIENTED_EDGE('',*,*,#3381,.T.);
#4382=ORIENTED_EDGE('',*,*,#3382,.F.);
#4383=ORIENTED_EDGE('',*,*,#3383,.F.);
#4384=ORIENTED_EDGE('',*,*,#3384,.T.);
#4385=ORIENTED_EDGE('',*,*,#3385,.T.);
#4386=ORIENTED_EDGE('',*,*,#3380,.F.);
#4387=ORIENTED_EDGE('',*,*,#3386,.F.);
#4388=ORIENTED_EDGE('',*,*,#3387,.T.);
#4389=ORIENTED_EDGE('',*,*,#3388,.T.);
#4390=ORIENTED_EDGE('',*,*,#3384,.F.);
#4391=ORIENTED_EDGE('',*,*,#3389,.F.);
#4392=ORIENTED_EDGE('',*,*,#3390,.T.);
#4393=ORIENTED_EDGE('',*,*,#3391,.T.);
#4394=ORIENTED_EDGE('',*,*,#3387,.F.);
#4395=ORIENTED_EDGE('',*,*,#3392,.F.);
#4396=ORIENTED_EDGE('',*,*,#3382,.T.);
#4397=ORIENTED_EDGE('',*,*,#3393,.T.);
#4398=ORIENTED_EDGE('',*,*,#3390,.F.);
#4399=ORIENTED_EDGE('',*,*,#3394,.F.);
#4400=ORIENTED_EDGE('',*,*,#3395,.T.);
#4401=ORIENTED_EDGE('',*,*,#3396,.T.);
#4402=ORIENTED_EDGE('',*,*,#3397,.F.);
#4403=ORIENTED_EDGE('',*,*,#3398,.F.);
#4404=ORIENTED_EDGE('',*,*,#3399,.T.);
#4405=ORIENTED_EDGE('',*,*,#3400,.T.);
#4406=ORIENTED_EDGE('',*,*,#3395,.F.);
#4407=ORIENTED_EDGE('',*,*,#3401,.F.);
#4408=ORIENTED_EDGE('',*,*,#3402,.T.);
#4409=ORIENTED_EDGE('',*,*,#3403,.T.);
#4410=ORIENTED_EDGE('',*,*,#3399,.F.);
#4411=ORIENTED_EDGE('',*,*,#3404,.F.);
#4412=ORIENTED_EDGE('',*,*,#3405,.T.);
#4413=ORIENTED_EDGE('',*,*,#3406,.T.);
#4414=ORIENTED_EDGE('',*,*,#3402,.F.);
#4415=ORIENTED_EDGE('',*,*,#3407,.F.);
#4416=ORIENTED_EDGE('',*,*,#3408,.T.);
#4417=ORIENTED_EDGE('',*,*,#3409,.T.);
#4418=ORIENTED_EDGE('',*,*,#3405,.F.);
#4419=ORIENTED_EDGE('',*,*,#3410,.F.);
#4420=ORIENTED_EDGE('',*,*,#3411,.T.);
#4421=ORIENTED_EDGE('',*,*,#3412,.T.);
#4422=ORIENTED_EDGE('',*,*,#3408,.F.);
#4423=ORIENTED_EDGE('',*,*,#3413,.F.);
#4424=ORIENTED_EDGE('',*,*,#3414,.T.);
#4425=ORIENTED_EDGE('',*,*,#3415,.T.);
#4426=ORIENTED_EDGE('',*,*,#3411,.F.);
#4427=ORIENTED_EDGE('',*,*,#3416,.F.);
#4428=ORIENTED_EDGE('',*,*,#3397,.T.);
#4429=ORIENTED_EDGE('',*,*,#3417,.T.);
#4430=ORIENTED_EDGE('',*,*,#3414,.F.);
#4431=ORIENTED_EDGE('',*,*,#3417,.F.);
#4432=ORIENTED_EDGE('',*,*,#3396,.F.);
#4433=ORIENTED_EDGE('',*,*,#3400,.F.);
#4434=ORIENTED_EDGE('',*,*,#3403,.F.);
#4435=ORIENTED_EDGE('',*,*,#3406,.F.);
#4436=ORIENTED_EDGE('',*,*,#3409,.F.);
#4437=ORIENTED_EDGE('',*,*,#3412,.F.);
#4438=ORIENTED_EDGE('',*,*,#3415,.F.);
#4439=ORIENTED_EDGE('',*,*,#3393,.F.);
#4440=ORIENTED_EDGE('',*,*,#3381,.F.);
#4441=ORIENTED_EDGE('',*,*,#3385,.F.);
#4442=ORIENTED_EDGE('',*,*,#3388,.F.);
#4443=ORIENTED_EDGE('',*,*,#3391,.F.);
#4444=ORIENTED_EDGE('',*,*,#3418,.F.);
#4445=ORIENTED_EDGE('',*,*,#3419,.T.);
#4446=ORIENTED_EDGE('',*,*,#3420,.T.);
#4447=ORIENTED_EDGE('',*,*,#3421,.F.);
#4448=ORIENTED_EDGE('',*,*,#3422,.F.);
#4449=ORIENTED_EDGE('',*,*,#3423,.T.);
#4450=ORIENTED_EDGE('',*,*,#3424,.T.);
#4451=ORIENTED_EDGE('',*,*,#3419,.F.);
#4452=ORIENTED_EDGE('',*,*,#3425,.F.);
#4453=ORIENTED_EDGE('',*,*,#3426,.T.);
#4454=ORIENTED_EDGE('',*,*,#3427,.T.);
#4455=ORIENTED_EDGE('',*,*,#3423,.F.);
#4456=ORIENTED_EDGE('',*,*,#3428,.F.);
#4457=ORIENTED_EDGE('',*,*,#3429,.T.);
#4458=ORIENTED_EDGE('',*,*,#3430,.T.);
#4459=ORIENTED_EDGE('',*,*,#3426,.F.);
#4460=ORIENTED_EDGE('',*,*,#3431,.F.);
#4461=ORIENTED_EDGE('',*,*,#3432,.T.);
#4462=ORIENTED_EDGE('',*,*,#3433,.T.);
#4463=ORIENTED_EDGE('',*,*,#3429,.F.);
#4464=ORIENTED_EDGE('',*,*,#3434,.F.);
#4465=ORIENTED_EDGE('',*,*,#3435,.T.);
#4466=ORIENTED_EDGE('',*,*,#3436,.T.);
#4467=ORIENTED_EDGE('',*,*,#3432,.F.);
#4468=ORIENTED_EDGE('',*,*,#3437,.F.);
#4469=ORIENTED_EDGE('',*,*,#3438,.T.);
#4470=ORIENTED_EDGE('',*,*,#3439,.T.);
#4471=ORIENTED_EDGE('',*,*,#3435,.F.);
#4472=ORIENTED_EDGE('',*,*,#3440,.F.);
#4473=ORIENTED_EDGE('',*,*,#3441,.T.);
#4474=ORIENTED_EDGE('',*,*,#3442,.T.);
#4475=ORIENTED_EDGE('',*,*,#3438,.F.);
#4476=ORIENTED_EDGE('',*,*,#3443,.F.);
#4477=ORIENTED_EDGE('',*,*,#3444,.T.);
#4478=ORIENTED_EDGE('',*,*,#3445,.T.);
#4479=ORIENTED_EDGE('',*,*,#3441,.F.);
#4480=ORIENTED_EDGE('',*,*,#3446,.F.);
#4481=ORIENTED_EDGE('',*,*,#3421,.T.);
#4482=ORIENTED_EDGE('',*,*,#3447,.T.);
#4483=ORIENTED_EDGE('',*,*,#3444,.F.);
#4484=ORIENTED_EDGE('',*,*,#3447,.F.);
#4485=ORIENTED_EDGE('',*,*,#3420,.F.);
#4486=ORIENTED_EDGE('',*,*,#3424,.F.);
#4487=ORIENTED_EDGE('',*,*,#3427,.F.);
#4488=ORIENTED_EDGE('',*,*,#3430,.F.);
#4489=ORIENTED_EDGE('',*,*,#3433,.F.);
#4490=ORIENTED_EDGE('',*,*,#3436,.F.);
#4491=ORIENTED_EDGE('',*,*,#3439,.F.);
#4492=ORIENTED_EDGE('',*,*,#3442,.F.);
#4493=ORIENTED_EDGE('',*,*,#3445,.F.);
#4494=ORIENTED_EDGE('',*,*,#3448,.F.);
#4495=ORIENTED_EDGE('',*,*,#3449,.T.);
#4496=ORIENTED_EDGE('',*,*,#3450,.T.);
#4497=ORIENTED_EDGE('',*,*,#3451,.F.);
#4498=ORIENTED_EDGE('',*,*,#3452,.F.);
#4499=ORIENTED_EDGE('',*,*,#3453,.T.);
#4500=ORIENTED_EDGE('',*,*,#3454,.T.);
#4501=ORIENTED_EDGE('',*,*,#3449,.F.);
#4502=ORIENTED_EDGE('',*,*,#3455,.F.);
#4503=ORIENTED_EDGE('',*,*,#3456,.T.);
#4504=ORIENTED_EDGE('',*,*,#3457,.T.);
#4505=ORIENTED_EDGE('',*,*,#3453,.F.);
#4506=ORIENTED_EDGE('',*,*,#3458,.F.);
#4507=ORIENTED_EDGE('',*,*,#3459,.T.);
#4508=ORIENTED_EDGE('',*,*,#3460,.T.);
#4509=ORIENTED_EDGE('',*,*,#3456,.F.);
#4510=ORIENTED_EDGE('',*,*,#3461,.F.);
#4511=ORIENTED_EDGE('',*,*,#3462,.T.);
#4512=ORIENTED_EDGE('',*,*,#3463,.T.);
#4513=ORIENTED_EDGE('',*,*,#3459,.F.);
#4514=ORIENTED_EDGE('',*,*,#3464,.F.);
#4515=ORIENTED_EDGE('',*,*,#3465,.T.);
#4516=ORIENTED_EDGE('',*,*,#3466,.T.);
#4517=ORIENTED_EDGE('',*,*,#3462,.F.);
#4518=ORIENTED_EDGE('',*,*,#3467,.F.);
#4519=ORIENTED_EDGE('',*,*,#3468,.T.);
#4520=ORIENTED_EDGE('',*,*,#3469,.T.);
#4521=ORIENTED_EDGE('',*,*,#3465,.F.);
#4522=ORIENTED_EDGE('',*,*,#3470,.F.);
#4523=ORIENTED_EDGE('',*,*,#3471,.T.);
#4524=ORIENTED_EDGE('',*,*,#3472,.T.);
#4525=ORIENTED_EDGE('',*,*,#3468,.F.);
#4526=ORIENTED_EDGE('',*,*,#3473,.F.);
#4527=ORIENTED_EDGE('',*,*,#3474,.T.);
#4528=ORIENTED_EDGE('',*,*,#3475,.T.);
#4529=ORIENTED_EDGE('',*,*,#3471,.F.);
#4530=ORIENTED_EDGE('',*,*,#3476,.F.);
#4531=ORIENTED_EDGE('',*,*,#3477,.T.);
#4532=ORIENTED_EDGE('',*,*,#3478,.T.);
#4533=ORIENTED_EDGE('',*,*,#3474,.F.);
#4534=ORIENTED_EDGE('',*,*,#3479,.F.);
#4535=ORIENTED_EDGE('',*,*,#3480,.T.);
#4536=ORIENTED_EDGE('',*,*,#3481,.T.);
#4537=ORIENTED_EDGE('',*,*,#3477,.F.);
#4538=ORIENTED_EDGE('',*,*,#3482,.F.);
#4539=ORIENTED_EDGE('',*,*,#3451,.T.);
#4540=ORIENTED_EDGE('',*,*,#3483,.T.);
#4541=ORIENTED_EDGE('',*,*,#3480,.F.);
#4542=ORIENTED_EDGE('',*,*,#3483,.F.);
#4543=ORIENTED_EDGE('',*,*,#3450,.F.);
#4544=ORIENTED_EDGE('',*,*,#3454,.F.);
#4545=ORIENTED_EDGE('',*,*,#3457,.F.);
#4546=ORIENTED_EDGE('',*,*,#3460,.F.);
#4547=ORIENTED_EDGE('',*,*,#3463,.F.);
#4548=ORIENTED_EDGE('',*,*,#3466,.F.);
#4549=ORIENTED_EDGE('',*,*,#3469,.F.);
#4550=ORIENTED_EDGE('',*,*,#3472,.F.);
#4551=ORIENTED_EDGE('',*,*,#3475,.F.);
#4552=ORIENTED_EDGE('',*,*,#3478,.F.);
#4553=ORIENTED_EDGE('',*,*,#3481,.F.);
#4554=ORIENTED_EDGE('',*,*,#3484,.F.);
#4555=ORIENTED_EDGE('',*,*,#3485,.T.);
#4556=ORIENTED_EDGE('',*,*,#3486,.T.);
#4557=ORIENTED_EDGE('',*,*,#3487,.F.);
#4558=ORIENTED_EDGE('',*,*,#3488,.F.);
#4559=ORIENTED_EDGE('',*,*,#3489,.T.);
#4560=ORIENTED_EDGE('',*,*,#3490,.T.);
#4561=ORIENTED_EDGE('',*,*,#3485,.F.);
#4562=ORIENTED_EDGE('',*,*,#3491,.F.);
#4563=ORIENTED_EDGE('',*,*,#3492,.T.);
#4564=ORIENTED_EDGE('',*,*,#3493,.T.);
#4565=ORIENTED_EDGE('',*,*,#3489,.F.);
#4566=ORIENTED_EDGE('',*,*,#3494,.F.);
#4567=ORIENTED_EDGE('',*,*,#3495,.T.);
#4568=ORIENTED_EDGE('',*,*,#3496,.T.);
#4569=ORIENTED_EDGE('',*,*,#3492,.F.);
#4570=ORIENTED_EDGE('',*,*,#3497,.F.);
#4571=ORIENTED_EDGE('',*,*,#3498,.T.);
#4572=ORIENTED_EDGE('',*,*,#3499,.T.);
#4573=ORIENTED_EDGE('',*,*,#3495,.F.);
#4574=ORIENTED_EDGE('',*,*,#3500,.F.);
#4575=ORIENTED_EDGE('',*,*,#3501,.T.);
#4576=ORIENTED_EDGE('',*,*,#3502,.T.);
#4577=ORIENTED_EDGE('',*,*,#3498,.F.);
#4578=ORIENTED_EDGE('',*,*,#3503,.F.);
#4579=ORIENTED_EDGE('',*,*,#3504,.T.);
#4580=ORIENTED_EDGE('',*,*,#3505,.T.);
#4581=ORIENTED_EDGE('',*,*,#3501,.F.);
#4582=ORIENTED_EDGE('',*,*,#3506,.F.);
#4583=ORIENTED_EDGE('',*,*,#3507,.T.);
#4584=ORIENTED_EDGE('',*,*,#3508,.T.);
#4585=ORIENTED_EDGE('',*,*,#3504,.F.);
#4586=ORIENTED_EDGE('',*,*,#3509,.F.);
#4587=ORIENTED_EDGE('',*,*,#3510,.T.);
#4588=ORIENTED_EDGE('',*,*,#3511,.T.);
#4589=ORIENTED_EDGE('',*,*,#3507,.F.);
#4590=ORIENTED_EDGE('',*,*,#3512,.F.);
#4591=ORIENTED_EDGE('',*,*,#3513,.T.);
#4592=ORIENTED_EDGE('',*,*,#3514,.T.);
#4593=ORIENTED_EDGE('',*,*,#3510,.F.);
#4594=ORIENTED_EDGE('',*,*,#3515,.F.);
#4595=ORIENTED_EDGE('',*,*,#3516,.T.);
#4596=ORIENTED_EDGE('',*,*,#3517,.T.);
#4597=ORIENTED_EDGE('',*,*,#3513,.F.);
#4598=ORIENTED_EDGE('',*,*,#3518,.F.);
#4599=ORIENTED_EDGE('',*,*,#3519,.T.);
#4600=ORIENTED_EDGE('',*,*,#3520,.T.);
#4601=ORIENTED_EDGE('',*,*,#3516,.F.);
#4602=ORIENTED_EDGE('',*,*,#3521,.F.);
#4603=ORIENTED_EDGE('',*,*,#3522,.T.);
#4604=ORIENTED_EDGE('',*,*,#3523,.T.);
#4605=ORIENTED_EDGE('',*,*,#3519,.F.);
#4606=ORIENTED_EDGE('',*,*,#3524,.F.);
#4607=ORIENTED_EDGE('',*,*,#3525,.T.);
#4608=ORIENTED_EDGE('',*,*,#3526,.T.);
#4609=ORIENTED_EDGE('',*,*,#3522,.F.);
#4610=ORIENTED_EDGE('',*,*,#3527,.F.);
#4611=ORIENTED_EDGE('',*,*,#3528,.T.);
#4612=ORIENTED_EDGE('',*,*,#3529,.T.);
#4613=ORIENTED_EDGE('',*,*,#3525,.F.);
#4614=ORIENTED_EDGE('',*,*,#3530,.F.);
#4615=ORIENTED_EDGE('',*,*,#3531,.T.);
#4616=ORIENTED_EDGE('',*,*,#3532,.T.);
#4617=ORIENTED_EDGE('',*,*,#3528,.F.);
#4618=ORIENTED_EDGE('',*,*,#3533,.F.);
#4619=ORIENTED_EDGE('',*,*,#3534,.T.);
#4620=ORIENTED_EDGE('',*,*,#3535,.T.);
#4621=ORIENTED_EDGE('',*,*,#3531,.F.);
#4622=ORIENTED_EDGE('',*,*,#3536,.F.);
#4623=ORIENTED_EDGE('',*,*,#3537,.T.);
#4624=ORIENTED_EDGE('',*,*,#3538,.T.);
#4625=ORIENTED_EDGE('',*,*,#3534,.F.);
#4626=ORIENTED_EDGE('',*,*,#3539,.F.);
#4627=ORIENTED_EDGE('',*,*,#3540,.T.);
#4628=ORIENTED_EDGE('',*,*,#3541,.T.);
#4629=ORIENTED_EDGE('',*,*,#3537,.F.);
#4630=ORIENTED_EDGE('',*,*,#3542,.F.);
#4631=ORIENTED_EDGE('',*,*,#3543,.T.);
#4632=ORIENTED_EDGE('',*,*,#3544,.T.);
#4633=ORIENTED_EDGE('',*,*,#3540,.F.);
#4634=ORIENTED_EDGE('',*,*,#3545,.F.);
#4635=ORIENTED_EDGE('',*,*,#3546,.T.);
#4636=ORIENTED_EDGE('',*,*,#3547,.T.);
#4637=ORIENTED_EDGE('',*,*,#3543,.F.);
#4638=ORIENTED_EDGE('',*,*,#3548,.F.);
#4639=ORIENTED_EDGE('',*,*,#3487,.T.);
#4640=ORIENTED_EDGE('',*,*,#3549,.T.);
#4641=ORIENTED_EDGE('',*,*,#3546,.F.);
#4642=ORIENTED_EDGE('',*,*,#3549,.F.);
#4643=ORIENTED_EDGE('',*,*,#3486,.F.);
#4644=ORIENTED_EDGE('',*,*,#3490,.F.);
#4645=ORIENTED_EDGE('',*,*,#3493,.F.);
#4646=ORIENTED_EDGE('',*,*,#3496,.F.);
#4647=ORIENTED_EDGE('',*,*,#3499,.F.);
#4648=ORIENTED_EDGE('',*,*,#3502,.F.);
#4649=ORIENTED_EDGE('',*,*,#3505,.F.);
#4650=ORIENTED_EDGE('',*,*,#3508,.F.);
#4651=ORIENTED_EDGE('',*,*,#3511,.F.);
#4652=ORIENTED_EDGE('',*,*,#3514,.F.);
#4653=ORIENTED_EDGE('',*,*,#3517,.F.);
#4654=ORIENTED_EDGE('',*,*,#3520,.F.);
#4655=ORIENTED_EDGE('',*,*,#3523,.F.);
#4656=ORIENTED_EDGE('',*,*,#3526,.F.);
#4657=ORIENTED_EDGE('',*,*,#3529,.F.);
#4658=ORIENTED_EDGE('',*,*,#3532,.F.);
#4659=ORIENTED_EDGE('',*,*,#3535,.F.);
#4660=ORIENTED_EDGE('',*,*,#3538,.F.);
#4661=ORIENTED_EDGE('',*,*,#3541,.F.);
#4662=ORIENTED_EDGE('',*,*,#3544,.F.);
#4663=ORIENTED_EDGE('',*,*,#3547,.F.);
#4664=ORIENTED_EDGE('',*,*,#3379,.T.);
#4665=ORIENTED_EDGE('',*,*,#3392,.T.);
#4666=ORIENTED_EDGE('',*,*,#3389,.T.);
#4667=ORIENTED_EDGE('',*,*,#3386,.T.);
#4668=ORIENTED_EDGE('',*,*,#3383,.T.);
#4669=ORIENTED_EDGE('',*,*,#3550,.F.);
#4670=ORIENTED_EDGE('',*,*,#3551,.T.);
#4671=ORIENTED_EDGE('',*,*,#3552,.T.);
#4672=ORIENTED_EDGE('',*,*,#3553,.F.);
#4673=ORIENTED_EDGE('',*,*,#3554,.F.);
#4674=ORIENTED_EDGE('',*,*,#3555,.T.);
#4675=ORIENTED_EDGE('',*,*,#3556,.T.);
#4676=ORIENTED_EDGE('',*,*,#3551,.F.);
#4677=ORIENTED_EDGE('',*,*,#3557,.F.);
#4678=ORIENTED_EDGE('',*,*,#3558,.T.);
#4679=ORIENTED_EDGE('',*,*,#3559,.T.);
#4680=ORIENTED_EDGE('',*,*,#3555,.F.);
#4681=ORIENTED_EDGE('',*,*,#3560,.F.);
#4682=ORIENTED_EDGE('',*,*,#3561,.T.);
#4683=ORIENTED_EDGE('',*,*,#3562,.T.);
#4684=ORIENTED_EDGE('',*,*,#3558,.F.);
#4685=ORIENTED_EDGE('',*,*,#3563,.F.);
#4686=ORIENTED_EDGE('',*,*,#3553,.T.);
#4687=ORIENTED_EDGE('',*,*,#3564,.T.);
#4688=ORIENTED_EDGE('',*,*,#3561,.F.);
#4689=ORIENTED_EDGE('',*,*,#3565,.F.);
#4690=ORIENTED_EDGE('',*,*,#3566,.T.);
#4691=ORIENTED_EDGE('',*,*,#3567,.T.);
#4692=ORIENTED_EDGE('',*,*,#3568,.F.);
#4693=ORIENTED_EDGE('',*,*,#3569,.F.);
#4694=ORIENTED_EDGE('',*,*,#3570,.T.);
#4695=ORIENTED_EDGE('',*,*,#3571,.T.);
#4696=ORIENTED_EDGE('',*,*,#3566,.F.);
#4697=ORIENTED_EDGE('',*,*,#3572,.F.);
#4698=ORIENTED_EDGE('',*,*,#3573,.T.);
#4699=ORIENTED_EDGE('',*,*,#3574,.T.);
#4700=ORIENTED_EDGE('',*,*,#3570,.F.);
#4701=ORIENTED_EDGE('',*,*,#3575,.F.);
#4702=ORIENTED_EDGE('',*,*,#3576,.T.);
#4703=ORIENTED_EDGE('',*,*,#3577,.T.);
#4704=ORIENTED_EDGE('',*,*,#3573,.F.);
#4705=ORIENTED_EDGE('',*,*,#3578,.F.);
#4706=ORIENTED_EDGE('',*,*,#3579,.T.);
#4707=ORIENTED_EDGE('',*,*,#3580,.T.);
#4708=ORIENTED_EDGE('',*,*,#3576,.F.);
#4709=ORIENTED_EDGE('',*,*,#3581,.F.);
#4710=ORIENTED_EDGE('',*,*,#3582,.T.);
#4711=ORIENTED_EDGE('',*,*,#3583,.T.);
#4712=ORIENTED_EDGE('',*,*,#3579,.F.);
#4713=ORIENTED_EDGE('',*,*,#3584,.F.);
#4714=ORIENTED_EDGE('',*,*,#3585,.T.);
#4715=ORIENTED_EDGE('',*,*,#3586,.T.);
#4716=ORIENTED_EDGE('',*,*,#3582,.F.);
#4717=ORIENTED_EDGE('',*,*,#3587,.F.);
#4718=ORIENTED_EDGE('',*,*,#3568,.T.);
#4719=ORIENTED_EDGE('',*,*,#3588,.T.);
#4720=ORIENTED_EDGE('',*,*,#3585,.F.);
#4721=ORIENTED_EDGE('',*,*,#3588,.F.);
#4722=ORIENTED_EDGE('',*,*,#3567,.F.);
#4723=ORIENTED_EDGE('',*,*,#3571,.F.);
#4724=ORIENTED_EDGE('',*,*,#3574,.F.);
#4725=ORIENTED_EDGE('',*,*,#3577,.F.);
#4726=ORIENTED_EDGE('',*,*,#3580,.F.);
#4727=ORIENTED_EDGE('',*,*,#3583,.F.);
#4728=ORIENTED_EDGE('',*,*,#3586,.F.);
#4729=ORIENTED_EDGE('',*,*,#3564,.F.);
#4730=ORIENTED_EDGE('',*,*,#3552,.F.);
#4731=ORIENTED_EDGE('',*,*,#3556,.F.);
#4732=ORIENTED_EDGE('',*,*,#3559,.F.);
#4733=ORIENTED_EDGE('',*,*,#3562,.F.);
#4734=ORIENTED_EDGE('',*,*,#3589,.F.);
#4735=ORIENTED_EDGE('',*,*,#3590,.T.);
#4736=ORIENTED_EDGE('',*,*,#3591,.T.);
#4737=ORIENTED_EDGE('',*,*,#3592,.F.);
#4738=ORIENTED_EDGE('',*,*,#3593,.F.);
#4739=ORIENTED_EDGE('',*,*,#3594,.T.);
#4740=ORIENTED_EDGE('',*,*,#3595,.T.);
#4741=ORIENTED_EDGE('',*,*,#3590,.F.);
#4742=ORIENTED_EDGE('',*,*,#3596,.F.);
#4743=ORIENTED_EDGE('',*,*,#3597,.T.);
#4744=ORIENTED_EDGE('',*,*,#3598,.T.);
#4745=ORIENTED_EDGE('',*,*,#3594,.F.);
#4746=ORIENTED_EDGE('',*,*,#3599,.F.);
#4747=ORIENTED_EDGE('',*,*,#3600,.T.);
#4748=ORIENTED_EDGE('',*,*,#3601,.T.);
#4749=ORIENTED_EDGE('',*,*,#3597,.F.);
#4750=ORIENTED_EDGE('',*,*,#3602,.F.);
#4751=ORIENTED_EDGE('',*,*,#3603,.T.);
#4752=ORIENTED_EDGE('',*,*,#3604,.T.);
#4753=ORIENTED_EDGE('',*,*,#3600,.F.);
#4754=ORIENTED_EDGE('',*,*,#3605,.F.);
#4755=ORIENTED_EDGE('',*,*,#3606,.T.);
#4756=ORIENTED_EDGE('',*,*,#3607,.T.);
#4757=ORIENTED_EDGE('',*,*,#3603,.F.);
#4758=ORIENTED_EDGE('',*,*,#3608,.F.);
#4759=ORIENTED_EDGE('',*,*,#3609,.T.);
#4760=ORIENTED_EDGE('',*,*,#3610,.T.);
#4761=ORIENTED_EDGE('',*,*,#3606,.F.);
#4762=ORIENTED_EDGE('',*,*,#3611,.F.);
#4763=ORIENTED_EDGE('',*,*,#3612,.T.);
#4764=ORIENTED_EDGE('',*,*,#3613,.T.);
#4765=ORIENTED_EDGE('',*,*,#3609,.F.);
#4766=ORIENTED_EDGE('',*,*,#3614,.F.);
#4767=ORIENTED_EDGE('',*,*,#3615,.T.);
#4768=ORIENTED_EDGE('',*,*,#3616,.T.);
#4769=ORIENTED_EDGE('',*,*,#3612,.F.);
#4770=ORIENTED_EDGE('',*,*,#3617,.F.);
#4771=ORIENTED_EDGE('',*,*,#3592,.T.);
#4772=ORIENTED_EDGE('',*,*,#3618,.T.);
#4773=ORIENTED_EDGE('',*,*,#3615,.F.);
#4774=ORIENTED_EDGE('',*,*,#3618,.F.);
#4775=ORIENTED_EDGE('',*,*,#3591,.F.);
#4776=ORIENTED_EDGE('',*,*,#3595,.F.);
#4777=ORIENTED_EDGE('',*,*,#3598,.F.);
#4778=ORIENTED_EDGE('',*,*,#3601,.F.);
#4779=ORIENTED_EDGE('',*,*,#3604,.F.);
#4780=ORIENTED_EDGE('',*,*,#3607,.F.);
#4781=ORIENTED_EDGE('',*,*,#3610,.F.);
#4782=ORIENTED_EDGE('',*,*,#3613,.F.);
#4783=ORIENTED_EDGE('',*,*,#3616,.F.);
#4784=ORIENTED_EDGE('',*,*,#3619,.F.);
#4785=ORIENTED_EDGE('',*,*,#3620,.T.);
#4786=ORIENTED_EDGE('',*,*,#3621,.T.);
#4787=ORIENTED_EDGE('',*,*,#3622,.F.);
#4788=ORIENTED_EDGE('',*,*,#3623,.F.);
#4789=ORIENTED_EDGE('',*,*,#3624,.T.);
#4790=ORIENTED_EDGE('',*,*,#3625,.T.);
#4791=ORIENTED_EDGE('',*,*,#3620,.F.);
#4792=ORIENTED_EDGE('',*,*,#3626,.F.);
#4793=ORIENTED_EDGE('',*,*,#3627,.T.);
#4794=ORIENTED_EDGE('',*,*,#3628,.T.);
#4795=ORIENTED_EDGE('',*,*,#3624,.F.);
#4796=ORIENTED_EDGE('',*,*,#3629,.F.);
#4797=ORIENTED_EDGE('',*,*,#3630,.T.);
#4798=ORIENTED_EDGE('',*,*,#3631,.T.);
#4799=ORIENTED_EDGE('',*,*,#3627,.F.);
#4800=ORIENTED_EDGE('',*,*,#3632,.F.);
#4801=ORIENTED_EDGE('',*,*,#3633,.T.);
#4802=ORIENTED_EDGE('',*,*,#3634,.T.);
#4803=ORIENTED_EDGE('',*,*,#3630,.F.);
#4804=ORIENTED_EDGE('',*,*,#3635,.F.);
#4805=ORIENTED_EDGE('',*,*,#3622,.T.);
#4806=ORIENTED_EDGE('',*,*,#3636,.T.);
#4807=ORIENTED_EDGE('',*,*,#3633,.F.);
#4808=ORIENTED_EDGE('',*,*,#3636,.F.);
#4809=ORIENTED_EDGE('',*,*,#3621,.F.);
#4810=ORIENTED_EDGE('',*,*,#3625,.F.);
#4811=ORIENTED_EDGE('',*,*,#3628,.F.);
#4812=ORIENTED_EDGE('',*,*,#3631,.F.);
#4813=ORIENTED_EDGE('',*,*,#3634,.F.);
#4814=ORIENTED_EDGE('',*,*,#3637,.F.);
#4815=ORIENTED_EDGE('',*,*,#3638,.T.);
#4816=ORIENTED_EDGE('',*,*,#3639,.T.);
#4817=ORIENTED_EDGE('',*,*,#3640,.F.);
#4818=ORIENTED_EDGE('',*,*,#3641,.F.);
#4819=ORIENTED_EDGE('',*,*,#3642,.T.);
#4820=ORIENTED_EDGE('',*,*,#3643,.T.);
#4821=ORIENTED_EDGE('',*,*,#3638,.F.);
#4822=ORIENTED_EDGE('',*,*,#3644,.F.);
#4823=ORIENTED_EDGE('',*,*,#3645,.T.);
#4824=ORIENTED_EDGE('',*,*,#3646,.T.);
#4825=ORIENTED_EDGE('',*,*,#3642,.F.);
#4826=ORIENTED_EDGE('',*,*,#3647,.F.);
#4827=ORIENTED_EDGE('',*,*,#3648,.T.);
#4828=ORIENTED_EDGE('',*,*,#3649,.T.);
#4829=ORIENTED_EDGE('',*,*,#3645,.F.);
#4830=ORIENTED_EDGE('',*,*,#3650,.F.);
#4831=ORIENTED_EDGE('',*,*,#3651,.T.);
#4832=ORIENTED_EDGE('',*,*,#3652,.T.);
#4833=ORIENTED_EDGE('',*,*,#3648,.F.);
#4834=ORIENTED_EDGE('',*,*,#3653,.F.);
#4835=ORIENTED_EDGE('',*,*,#3654,.T.);
#4836=ORIENTED_EDGE('',*,*,#3655,.T.);
#4837=ORIENTED_EDGE('',*,*,#3651,.F.);
#4838=ORIENTED_EDGE('',*,*,#3656,.F.);
#4839=ORIENTED_EDGE('',*,*,#3657,.T.);
#4840=ORIENTED_EDGE('',*,*,#3658,.T.);
#4841=ORIENTED_EDGE('',*,*,#3654,.F.);
#4842=ORIENTED_EDGE('',*,*,#3659,.F.);
#4843=ORIENTED_EDGE('',*,*,#3660,.T.);
#4844=ORIENTED_EDGE('',*,*,#3661,.T.);
#4845=ORIENTED_EDGE('',*,*,#3657,.F.);
#4846=ORIENTED_EDGE('',*,*,#3662,.F.);
#4847=ORIENTED_EDGE('',*,*,#3663,.T.);
#4848=ORIENTED_EDGE('',*,*,#3664,.T.);
#4849=ORIENTED_EDGE('',*,*,#3660,.F.);
#4850=ORIENTED_EDGE('',*,*,#3665,.F.);
#4851=ORIENTED_EDGE('',*,*,#3666,.T.);
#4852=ORIENTED_EDGE('',*,*,#3667,.T.);
#4853=ORIENTED_EDGE('',*,*,#3663,.F.);
#4854=ORIENTED_EDGE('',*,*,#3668,.F.);
#4855=ORIENTED_EDGE('',*,*,#3669,.T.);
#4856=ORIENTED_EDGE('',*,*,#3670,.T.);
#4857=ORIENTED_EDGE('',*,*,#3666,.F.);
#4858=ORIENTED_EDGE('',*,*,#3671,.F.);
#4859=ORIENTED_EDGE('',*,*,#3672,.T.);
#4860=ORIENTED_EDGE('',*,*,#3673,.T.);
#4861=ORIENTED_EDGE('',*,*,#3669,.F.);
#4862=ORIENTED_EDGE('',*,*,#3674,.F.);
#4863=ORIENTED_EDGE('',*,*,#3675,.T.);
#4864=ORIENTED_EDGE('',*,*,#3676,.T.);
#4865=ORIENTED_EDGE('',*,*,#3672,.F.);
#4866=ORIENTED_EDGE('',*,*,#3677,.F.);
#4867=ORIENTED_EDGE('',*,*,#3678,.T.);
#4868=ORIENTED_EDGE('',*,*,#3679,.T.);
#4869=ORIENTED_EDGE('',*,*,#3675,.F.);
#4870=ORIENTED_EDGE('',*,*,#3680,.F.);
#4871=ORIENTED_EDGE('',*,*,#3681,.T.);
#4872=ORIENTED_EDGE('',*,*,#3682,.T.);
#4873=ORIENTED_EDGE('',*,*,#3678,.F.);
#4874=ORIENTED_EDGE('',*,*,#3683,.F.);
#4875=ORIENTED_EDGE('',*,*,#3684,.T.);
#4876=ORIENTED_EDGE('',*,*,#3685,.T.);
#4877=ORIENTED_EDGE('',*,*,#3681,.F.);
#4878=ORIENTED_EDGE('',*,*,#3686,.F.);
#4879=ORIENTED_EDGE('',*,*,#3687,.T.);
#4880=ORIENTED_EDGE('',*,*,#3688,.T.);
#4881=ORIENTED_EDGE('',*,*,#3684,.F.);
#4882=ORIENTED_EDGE('',*,*,#3689,.F.);
#4883=ORIENTED_EDGE('',*,*,#3690,.T.);
#4884=ORIENTED_EDGE('',*,*,#3691,.T.);
#4885=ORIENTED_EDGE('',*,*,#3687,.F.);
#4886=ORIENTED_EDGE('',*,*,#3692,.F.);
#4887=ORIENTED_EDGE('',*,*,#3693,.T.);
#4888=ORIENTED_EDGE('',*,*,#3694,.T.);
#4889=ORIENTED_EDGE('',*,*,#3690,.F.);
#4890=ORIENTED_EDGE('',*,*,#3695,.F.);
#4891=ORIENTED_EDGE('',*,*,#3696,.T.);
#4892=ORIENTED_EDGE('',*,*,#3697,.T.);
#4893=ORIENTED_EDGE('',*,*,#3693,.F.);
#4894=ORIENTED_EDGE('',*,*,#3698,.F.);
#4895=ORIENTED_EDGE('',*,*,#3699,.T.);
#4896=ORIENTED_EDGE('',*,*,#3700,.T.);
#4897=ORIENTED_EDGE('',*,*,#3696,.F.);
#4898=ORIENTED_EDGE('',*,*,#3701,.F.);
#4899=ORIENTED_EDGE('',*,*,#3640,.T.);
#4900=ORIENTED_EDGE('',*,*,#3702,.T.);
#4901=ORIENTED_EDGE('',*,*,#3699,.F.);
#4902=ORIENTED_EDGE('',*,*,#3702,.F.);
#4903=ORIENTED_EDGE('',*,*,#3639,.F.);
#4904=ORIENTED_EDGE('',*,*,#3643,.F.);
#4905=ORIENTED_EDGE('',*,*,#3646,.F.);
#4906=ORIENTED_EDGE('',*,*,#3649,.F.);
#4907=ORIENTED_EDGE('',*,*,#3652,.F.);
#4908=ORIENTED_EDGE('',*,*,#3655,.F.);
#4909=ORIENTED_EDGE('',*,*,#3658,.F.);
#4910=ORIENTED_EDGE('',*,*,#3661,.F.);
#4911=ORIENTED_EDGE('',*,*,#3664,.F.);
#4912=ORIENTED_EDGE('',*,*,#3667,.F.);
#4913=ORIENTED_EDGE('',*,*,#3670,.F.);
#4914=ORIENTED_EDGE('',*,*,#3673,.F.);
#4915=ORIENTED_EDGE('',*,*,#3676,.F.);
#4916=ORIENTED_EDGE('',*,*,#3679,.F.);
#4917=ORIENTED_EDGE('',*,*,#3682,.F.);
#4918=ORIENTED_EDGE('',*,*,#3685,.F.);
#4919=ORIENTED_EDGE('',*,*,#3688,.F.);
#4920=ORIENTED_EDGE('',*,*,#3691,.F.);
#4921=ORIENTED_EDGE('',*,*,#3694,.F.);
#4922=ORIENTED_EDGE('',*,*,#3697,.F.);
#4923=ORIENTED_EDGE('',*,*,#3700,.F.);
#4924=ORIENTED_EDGE('',*,*,#3550,.T.);
#4925=ORIENTED_EDGE('',*,*,#3563,.T.);
#4926=ORIENTED_EDGE('',*,*,#3560,.T.);
#4927=ORIENTED_EDGE('',*,*,#3557,.T.);
#4928=ORIENTED_EDGE('',*,*,#3554,.T.);
#4929=ORIENTED_EDGE('',*,*,#3703,.T.);
#4930=ORIENTED_EDGE('',*,*,#3704,.T.);
#4931=ORIENTED_EDGE('',*,*,#3705,.T.);
#4932=ORIENTED_EDGE('',*,*,#3706,.T.);
#4933=ORIENTED_EDGE('',*,*,#3707,.T.);
#4934=ORIENTED_EDGE('',*,*,#3703,.F.);
#4935=ORIENTED_EDGE('',*,*,#3708,.T.);
#4936=ORIENTED_EDGE('',*,*,#3709,.T.);
#4937=ORIENTED_EDGE('',*,*,#3710,.T.);
#4938=ORIENTED_EDGE('',*,*,#3706,.F.);
#4939=ORIENTED_EDGE('',*,*,#3709,.F.);
#4940=ORIENTED_EDGE('',*,*,#3708,.F.);
#4941=ORIENTED_EDGE('',*,*,#3705,.F.);
#4942=ORIENTED_EDGE('',*,*,#3711,.F.);
#4943=ORIENTED_EDGE('',*,*,#3712,.F.);
#4944=ORIENTED_EDGE('',*,*,#3713,.T.);
#4945=ORIENTED_EDGE('',*,*,#3714,.F.);
#4946=ORIENTED_EDGE('',*,*,#3715,.F.);
#4947=ORIENTED_EDGE('',*,*,#3716,.F.);
#4948=ORIENTED_EDGE('',*,*,#3717,.F.);
#4949=ORIENTED_EDGE('',*,*,#3718,.F.);
#4950=ORIENTED_EDGE('',*,*,#3719,.F.);
#4951=ORIENTED_EDGE('',*,*,#3720,.F.);
#4952=ORIENTED_EDGE('',*,*,#3721,.F.);
#4953=ORIENTED_EDGE('',*,*,#3722,.T.);
#4954=ORIENTED_EDGE('',*,*,#3723,.F.);
#4955=ORIENTED_EDGE('',*,*,#3724,.F.);
#4956=ORIENTED_EDGE('',*,*,#3725,.F.);
#4957=ORIENTED_EDGE('',*,*,#3726,.F.);
#4958=ORIENTED_EDGE('',*,*,#3727,.F.);
#4959=ORIENTED_EDGE('',*,*,#3728,.F.);
#4960=ORIENTED_EDGE('',*,*,#3729,.F.);
#4961=ORIENTED_EDGE('',*,*,#3730,.T.);
#4962=ORIENTED_EDGE('',*,*,#3731,.F.);
#4963=ORIENTED_EDGE('',*,*,#3732,.F.);
#4964=ORIENTED_EDGE('',*,*,#3716,.T.);
#4965=ORIENTED_EDGE('',*,*,#3733,.T.);
#4966=ORIENTED_EDGE('',*,*,#3734,.T.);
#4967=ORIENTED_EDGE('',*,*,#3735,.T.);
#4968=ORIENTED_EDGE('',*,*,#3717,.T.);
#4969=ORIENTED_EDGE('',*,*,#3734,.F.);
#4970=ORIENTED_EDGE('',*,*,#3736,.T.);
#4971=ORIENTED_EDGE('',*,*,#3736,.F.);
#4972=ORIENTED_EDGE('',*,*,#3737,.F.);
#4973=ORIENTED_EDGE('',*,*,#3738,.F.);
#4974=ORIENTED_EDGE('',*,*,#3739,.F.);
#4975=ORIENTED_EDGE('',*,*,#3740,.F.);
#4976=ORIENTED_EDGE('',*,*,#3741,.F.);
#4977=ORIENTED_EDGE('',*,*,#3742,.F.);
#4978=ORIENTED_EDGE('',*,*,#3743,.F.);
#4979=ORIENTED_EDGE('',*,*,#3744,.F.);
#4980=ORIENTED_EDGE('',*,*,#3745,.F.);
#4981=ORIENTED_EDGE('',*,*,#3746,.T.);
#4982=ORIENTED_EDGE('',*,*,#3733,.F.);
#4983=ORIENTED_EDGE('',*,*,#3747,.T.);
#4984=ORIENTED_EDGE('',*,*,#3748,.F.);
#4985=ORIENTED_EDGE('',*,*,#3737,.T.);
#4986=ORIENTED_EDGE('',*,*,#3749,.T.);
#4987=ORIENTED_EDGE('',*,*,#3750,.T.);
#4988=ORIENTED_EDGE('',*,*,#3714,.T.);
#4989=ORIENTED_EDGE('',*,*,#3751,.T.);
#4990=ORIENTED_EDGE('',*,*,#3752,.T.);
#4991=ORIENTED_EDGE('',*,*,#3751,.F.);
#4992=ORIENTED_EDGE('',*,*,#3750,.F.);
#4993=ORIENTED_EDGE('',*,*,#3753,.T.);
#4994=ORIENTED_EDGE('',*,*,#3754,.T.);
#4995=ORIENTED_EDGE('',*,*,#3755,.T.);
#4996=ORIENTED_EDGE('',*,*,#3756,.T.);
#4997=ORIENTED_EDGE('',*,*,#3757,.T.);
#4998=ORIENTED_EDGE('',*,*,#3758,.T.);
#4999=ORIENTED_EDGE('',*,*,#3712,.T.);
#5000=ORIENTED_EDGE('',*,*,#3759,.T.);
#5001=ORIENTED_EDGE('',*,*,#3760,.T.);
#5002=ORIENTED_EDGE('',*,*,#3758,.F.);
#5003=ORIENTED_EDGE('',*,*,#3761,.T.);
#5004=ORIENTED_EDGE('',*,*,#3762,.T.);
#5005=ORIENTED_EDGE('',*,*,#3731,.T.);
#5006=ORIENTED_EDGE('',*,*,#3763,.T.);
#5007=ORIENTED_EDGE('',*,*,#3764,.T.);
#5008=ORIENTED_EDGE('',*,*,#3763,.F.);
#5009=ORIENTED_EDGE('',*,*,#3762,.F.);
#5010=ORIENTED_EDGE('',*,*,#3765,.T.);
#5011=ORIENTED_EDGE('',*,*,#3766,.T.);
#5012=ORIENTED_EDGE('',*,*,#3767,.T.);
#5013=ORIENTED_EDGE('',*,*,#3768,.T.);
#5014=ORIENTED_EDGE('',*,*,#3769,.T.);
#5015=ORIENTED_EDGE('',*,*,#3770,.T.);
#5016=ORIENTED_EDGE('',*,*,#3729,.T.);
#5017=ORIENTED_EDGE('',*,*,#3771,.T.);
#5018=ORIENTED_EDGE('',*,*,#3772,.T.);
#5019=ORIENTED_EDGE('',*,*,#3770,.F.);
#5020=ORIENTED_EDGE('',*,*,#3773,.T.);
#5021=ORIENTED_EDGE('',*,*,#3774,.T.);
#5022=ORIENTED_EDGE('',*,*,#3727,.T.);
#5023=ORIENTED_EDGE('',*,*,#3775,.T.);
#5024=ORIENTED_EDGE('',*,*,#3776,.T.);
#5025=ORIENTED_EDGE('',*,*,#3773,.F.);
#5026=ORIENTED_EDGE('',*,*,#3726,.T.);
#5027=ORIENTED_EDGE('',*,*,#3777,.T.);
#5028=ORIENTED_EDGE('',*,*,#3778,.T.);
#5029=ORIENTED_EDGE('',*,*,#3775,.F.);
#5030=ORIENTED_EDGE('',*,*,#3725,.T.);
#5031=ORIENTED_EDGE('',*,*,#3779,.T.);
#5032=ORIENTED_EDGE('',*,*,#3780,.T.);
#5033=ORIENTED_EDGE('',*,*,#3777,.F.);
#5034=ORIENTED_EDGE('',*,*,#3724,.T.);
#5035=ORIENTED_EDGE('',*,*,#3781,.T.);
#5036=ORIENTED_EDGE('',*,*,#3782,.T.);
#5037=ORIENTED_EDGE('',*,*,#3779,.F.);
#5038=ORIENTED_EDGE('',*,*,#3723,.T.);
#5039=ORIENTED_EDGE('',*,*,#3783,.T.);
#5040=ORIENTED_EDGE('',*,*,#3784,.T.);
#5041=ORIENTED_EDGE('',*,*,#3783,.F.);
#5042=ORIENTED_EDGE('',*,*,#3774,.F.);
#5043=ORIENTED_EDGE('',*,*,#3785,.T.);
#5044=ORIENTED_EDGE('',*,*,#3786,.T.);
#5045=ORIENTED_EDGE('',*,*,#3787,.T.);
#5046=ORIENTED_EDGE('',*,*,#3788,.T.);
#5047=ORIENTED_EDGE('',*,*,#3789,.T.);
#5048=ORIENTED_EDGE('',*,*,#3745,.T.);
#5049=ORIENTED_EDGE('',*,*,#3790,.T.);
#5050=ORIENTED_EDGE('',*,*,#3778,.F.);
#5051=ORIENTED_EDGE('',*,*,#3791,.T.);
#5052=ORIENTED_EDGE('',*,*,#3790,.F.);
#5053=ORIENTED_EDGE('',*,*,#3744,.T.);
#5054=ORIENTED_EDGE('',*,*,#3792,.T.);
#5055=ORIENTED_EDGE('',*,*,#3793,.T.);
#5056=ORIENTED_EDGE('',*,*,#3794,.T.);
#5057=ORIENTED_EDGE('',*,*,#3789,.F.);
#5058=ORIENTED_EDGE('',*,*,#3795,.F.);
#5059=ORIENTED_EDGE('',*,*,#3796,.F.);
#5060=ORIENTED_EDGE('',*,*,#3797,.F.);
#5061=ORIENTED_EDGE('',*,*,#3798,.T.);
#5062=ORIENTED_EDGE('',*,*,#3799,.T.);
#5063=ORIENTED_EDGE('',*,*,#3800,.T.);
#5064=ORIENTED_EDGE('',*,*,#3801,.T.);
#5065=ORIENTED_EDGE('',*,*,#3802,.F.);
#5066=ORIENTED_EDGE('',*,*,#3803,.T.);
#5067=ORIENTED_EDGE('',*,*,#3804,.F.);
#5068=ORIENTED_EDGE('',*,*,#3805,.F.);
#5069=ORIENTED_EDGE('',*,*,#3806,.F.);
#5070=ORIENTED_EDGE('',*,*,#3807,.T.);
#5071=ORIENTED_EDGE('',*,*,#3808,.T.);
#5072=ORIENTED_EDGE('',*,*,#3809,.T.);
#5073=ORIENTED_EDGE('',*,*,#3810,.T.);
#5074=ORIENTED_EDGE('',*,*,#3811,.T.);
#5075=ORIENTED_EDGE('',*,*,#3812,.T.);
#5076=ORIENTED_EDGE('',*,*,#3813,.T.);
#5077=ORIENTED_EDGE('',*,*,#3814,.T.);
#5078=ORIENTED_EDGE('',*,*,#3815,.T.);
#5079=ORIENTED_EDGE('',*,*,#3816,.T.);
#5080=ORIENTED_EDGE('',*,*,#3817,.T.);
#5081=ORIENTED_EDGE('',*,*,#3818,.T.);
#5082=ORIENTED_EDGE('',*,*,#3819,.T.);
#5083=ORIENTED_EDGE('',*,*,#3820,.T.);
#5084=ORIENTED_EDGE('',*,*,#3821,.T.);
#5085=ORIENTED_EDGE('',*,*,#3822,.T.);
#5086=ORIENTED_EDGE('',*,*,#3823,.T.);
#5087=ORIENTED_EDGE('',*,*,#3824,.T.);
#5088=ORIENTED_EDGE('',*,*,#3825,.T.);
#5089=ORIENTED_EDGE('',*,*,#3718,.T.);
#5090=ORIENTED_EDGE('',*,*,#3735,.F.);
#5091=ORIENTED_EDGE('',*,*,#3746,.F.);
#5092=ORIENTED_EDGE('',*,*,#3826,.T.);
#5093=ORIENTED_EDGE('',*,*,#3788,.F.);
#5094=ORIENTED_EDGE('',*,*,#3827,.F.);
#5095=ORIENTED_EDGE('',*,*,#3828,.F.);
#5096=ORIENTED_EDGE('',*,*,#3795,.T.);
#5097=ORIENTED_EDGE('',*,*,#3780,.F.);
#5098=ORIENTED_EDGE('',*,*,#3829,.F.);
#5099=ORIENTED_EDGE('',*,*,#3827,.T.);
#5100=ORIENTED_EDGE('',*,*,#3791,.F.);
#5101=ORIENTED_EDGE('',*,*,#3776,.F.);
#5102=ORIENTED_EDGE('',*,*,#3794,.F.);
#5103=ORIENTED_EDGE('',*,*,#3830,.F.);
#5104=ORIENTED_EDGE('',*,*,#3831,.F.);
#5105=ORIENTED_EDGE('',*,*,#3785,.F.);
#5106=ORIENTED_EDGE('',*,*,#3832,.T.);
#5107=ORIENTED_EDGE('',*,*,#3833,.T.);
#5108=ORIENTED_EDGE('',*,*,#3834,.T.);
#5109=ORIENTED_EDGE('',*,*,#3835,.T.);
#5110=ORIENTED_EDGE('',*,*,#3836,.T.);
#5111=ORIENTED_EDGE('',*,*,#3837,.T.);
#5112=ORIENTED_EDGE('',*,*,#3829,.T.);
#5113=ORIENTED_EDGE('',*,*,#3782,.F.);
#5114=ORIENTED_EDGE('',*,*,#3838,.T.);
#5115=ORIENTED_EDGE('',*,*,#3796,.T.);
#5116=ORIENTED_EDGE('',*,*,#3828,.T.);
#5117=ORIENTED_EDGE('',*,*,#3837,.F.);
#5118=ORIENTED_EDGE('',*,*,#3839,.T.);
#5119=ORIENTED_EDGE('',*,*,#3840,.F.);
#5120=ORIENTED_EDGE('',*,*,#3841,.F.);
#5121=ORIENTED_EDGE('',*,*,#3842,.F.);
#5122=ORIENTED_EDGE('',*,*,#3833,.F.);
#5123=ORIENTED_EDGE('',*,*,#3843,.T.);
#5124=ORIENTED_EDGE('',*,*,#3797,.T.);
#5125=ORIENTED_EDGE('',*,*,#3838,.F.);
#5126=ORIENTED_EDGE('',*,*,#3836,.F.);
#5127=ORIENTED_EDGE('',*,*,#3844,.F.);
#5128=ORIENTED_EDGE('',*,*,#3845,.F.);
#5129=ORIENTED_EDGE('',*,*,#3846,.F.);
#5130=ORIENTED_EDGE('',*,*,#3847,.F.);
#5131=ORIENTED_EDGE('',*,*,#3848,.F.);
#5132=ORIENTED_EDGE('',*,*,#3849,.F.);
#5133=ORIENTED_EDGE('',*,*,#3754,.F.);
#5134=ORIENTED_EDGE('',*,*,#3835,.F.);
#5135=ORIENTED_EDGE('',*,*,#3850,.T.);
#5136=ORIENTED_EDGE('',*,*,#3851,.T.);
#5137=ORIENTED_EDGE('',*,*,#3852,.F.);
#5138=ORIENTED_EDGE('',*,*,#3844,.T.);
#5139=ORIENTED_EDGE('',*,*,#3704,.F.);
#5140=ORIENTED_EDGE('',*,*,#3853,.T.);
#5141=ORIENTED_EDGE('',*,*,#3854,.T.);
#5142=ORIENTED_EDGE('',*,*,#3855,.T.);
#5143=ORIENTED_EDGE('',*,*,#3856,.F.);
#5144=ORIENTED_EDGE('',*,*,#3741,.T.);
#5145=ORIENTED_EDGE('',*,*,#3857,.T.);
#5146=ORIENTED_EDGE('',*,*,#3858,.T.);
#5147=ORIENTED_EDGE('',*,*,#3859,.T.);
#5148=ORIENTED_EDGE('',*,*,#3860,.T.);
#5149=ORIENTED_EDGE('',*,*,#3857,.F.);
#5150=ORIENTED_EDGE('',*,*,#3740,.T.);
#5151=ORIENTED_EDGE('',*,*,#3861,.T.);
#5152=ORIENTED_EDGE('',*,*,#3862,.T.);
#5153=ORIENTED_EDGE('',*,*,#3859,.F.);
#5154=ORIENTED_EDGE('',*,*,#3739,.T.);
#5155=ORIENTED_EDGE('',*,*,#3748,.T.);
#5156=ORIENTED_EDGE('',*,*,#3863,.T.);
#5157=ORIENTED_EDGE('',*,*,#3861,.F.);
#5158=ORIENTED_EDGE('',*,*,#3738,.T.);
#5159=ORIENTED_EDGE('',*,*,#3707,.F.);
#5160=ORIENTED_EDGE('',*,*,#3864,.F.);
#5161=ORIENTED_EDGE('',*,*,#3853,.F.);
#5162=ORIENTED_EDGE('',*,*,#3865,.T.);
#5163=ORIENTED_EDGE('',*,*,#3866,.T.);
#5164=ORIENTED_EDGE('',*,*,#3786,.F.);
#5165=ORIENTED_EDGE('',*,*,#3831,.T.);
#5166=ORIENTED_EDGE('',*,*,#3793,.F.);
#5167=ORIENTED_EDGE('',*,*,#3867,.T.);
#5168=ORIENTED_EDGE('',*,*,#3868,.T.);
#5169=ORIENTED_EDGE('',*,*,#3865,.F.);
#5170=ORIENTED_EDGE('',*,*,#3830,.T.);
#5171=ORIENTED_EDGE('',*,*,#3792,.F.);
#5172=ORIENTED_EDGE('',*,*,#3743,.T.);
#5173=ORIENTED_EDGE('',*,*,#3869,.T.);
#5174=ORIENTED_EDGE('',*,*,#3870,.T.);
#5175=ORIENTED_EDGE('',*,*,#3867,.F.);
#5176=ORIENTED_EDGE('',*,*,#3871,.T.);
#5177=ORIENTED_EDGE('',*,*,#3872,.T.);
#5178=ORIENTED_EDGE('',*,*,#3869,.F.);
#5179=ORIENTED_EDGE('',*,*,#3742,.T.);
#5180=ORIENTED_EDGE('',*,*,#3873,.T.);
#5181=ORIENTED_EDGE('',*,*,#3874,.T.);
#5182=ORIENTED_EDGE('',*,*,#3871,.F.);
#5183=ORIENTED_EDGE('',*,*,#3856,.T.);
#5184=ORIENTED_EDGE('',*,*,#3875,.T.);
#5185=ORIENTED_EDGE('',*,*,#3854,.F.);
#5186=ORIENTED_EDGE('',*,*,#3710,.F.);
#5187=ORIENTED_EDGE('',*,*,#3876,.T.);
#5188=ORIENTED_EDGE('',*,*,#3873,.F.);
#5189=ORIENTED_EDGE('',*,*,#3864,.T.);
#5190=ORIENTED_EDGE('',*,*,#3877,.F.);
#5191=ORIENTED_EDGE('',*,*,#3845,.T.);
#5192=ORIENTED_EDGE('',*,*,#3852,.T.);
#5193=ORIENTED_EDGE('',*,*,#3878,.T.);
#5194=ORIENTED_EDGE('',*,*,#3834,.F.);
#5195=ORIENTED_EDGE('',*,*,#3842,.T.);
#5196=ORIENTED_EDGE('',*,*,#3879,.T.);
#5197=ORIENTED_EDGE('',*,*,#3880,.T.);
#5198=ORIENTED_EDGE('',*,*,#3850,.F.);
#5199=ORIENTED_EDGE('',*,*,#3881,.T.);
#5200=ORIENTED_EDGE('',*,*,#3882,.T.);
#5201=ORIENTED_EDGE('',*,*,#3879,.F.);
#5202=ORIENTED_EDGE('',*,*,#3841,.T.);
#5203=ORIENTED_EDGE('',*,*,#3771,.F.);
#5204=ORIENTED_EDGE('',*,*,#3883,.T.);
#5205=ORIENTED_EDGE('',*,*,#3881,.F.);
#5206=ORIENTED_EDGE('',*,*,#3840,.T.);
#5207=ORIENTED_EDGE('',*,*,#3884,.T.);
#5208=ORIENTED_EDGE('',*,*,#3885,.T.);
#5209=ORIENTED_EDGE('',*,*,#3886,.F.);
#5210=ORIENTED_EDGE('',*,*,#3766,.F.);
#5211=ORIENTED_EDGE('',*,*,#3887,.T.);
#5212=ORIENTED_EDGE('',*,*,#3888,.T.);
#5213=ORIENTED_EDGE('',*,*,#3755,.F.);
#5214=ORIENTED_EDGE('',*,*,#3849,.T.);
#5215=ORIENTED_EDGE('',*,*,#3889,.T.);
#5216=ORIENTED_EDGE('',*,*,#3890,.T.);
#5217=ORIENTED_EDGE('',*,*,#3887,.F.);
#5218=ORIENTED_EDGE('',*,*,#3848,.T.);
#5219=ORIENTED_EDGE('',*,*,#3891,.T.);
#5220=ORIENTED_EDGE('',*,*,#3892,.T.);
#5221=ORIENTED_EDGE('',*,*,#3889,.F.);
#5222=ORIENTED_EDGE('',*,*,#3847,.T.);
#5223=ORIENTED_EDGE('',*,*,#3893,.T.);
#5224=ORIENTED_EDGE('',*,*,#3894,.T.);
#5225=ORIENTED_EDGE('',*,*,#3891,.F.);
#5226=ORIENTED_EDGE('',*,*,#3846,.T.);
#5227=ORIENTED_EDGE('',*,*,#3895,.T.);
#5228=ORIENTED_EDGE('',*,*,#3896,.T.);
#5229=ORIENTED_EDGE('',*,*,#3893,.F.);
#5230=ORIENTED_EDGE('',*,*,#3877,.T.);
#5231=ORIENTED_EDGE('',*,*,#3897,.T.);
#5232=ORIENTED_EDGE('',*,*,#3767,.F.);
#5233=ORIENTED_EDGE('',*,*,#3759,.F.);
#5234=ORIENTED_EDGE('',*,*,#3898,.T.);
#5235=ORIENTED_EDGE('',*,*,#3895,.F.);
#5236=ORIENTED_EDGE('',*,*,#3886,.T.);
#5237=ORIENTED_EDGE('',*,*,#3899,.T.);
#5238=ORIENTED_EDGE('',*,*,#3872,.F.);
#5239=ORIENTED_EDGE('',*,*,#3900,.T.);
#5240=ORIENTED_EDGE('',*,*,#3878,.F.);
#5241=ORIENTED_EDGE('',*,*,#3901,.T.);
#5242=ORIENTED_EDGE('',*,*,#3870,.F.);
#5243=ORIENTED_EDGE('',*,*,#3901,.F.);
#5244=ORIENTED_EDGE('',*,*,#3851,.F.);
#5245=ORIENTED_EDGE('',*,*,#3902,.F.);
#5246=ORIENTED_EDGE('',*,*,#3862,.F.);
#5247=ORIENTED_EDGE('',*,*,#3903,.T.);
#5248=ORIENTED_EDGE('',*,*,#3890,.F.);
#5249=ORIENTED_EDGE('',*,*,#3904,.T.);
#5250=ORIENTED_EDGE('',*,*,#3860,.F.);
#5251=ORIENTED_EDGE('',*,*,#3904,.F.);
#5252=ORIENTED_EDGE('',*,*,#3892,.F.);
#5253=ORIENTED_EDGE('',*,*,#3905,.F.);
#5254=ORIENTED_EDGE('',*,*,#3876,.F.);
#5255=ORIENTED_EDGE('',*,*,#3732,.T.);
#5256=ORIENTED_EDGE('',*,*,#3768,.F.);
#5257=ORIENTED_EDGE('',*,*,#3906,.T.);
#5258=ORIENTED_EDGE('',*,*,#3874,.F.);
#5259=ORIENTED_EDGE('',*,*,#3906,.F.);
#5260=ORIENTED_EDGE('',*,*,#3897,.F.);
#5261=ORIENTED_EDGE('',*,*,#3900,.F.);
#5262=ORIENTED_EDGE('',*,*,#3747,.F.);
#5263=ORIENTED_EDGE('',*,*,#3715,.T.);
#5264=ORIENTED_EDGE('',*,*,#3756,.F.);
#5265=ORIENTED_EDGE('',*,*,#3907,.T.);
#5266=ORIENTED_EDGE('',*,*,#3863,.F.);
#5267=ORIENTED_EDGE('',*,*,#3907,.F.);
#5268=ORIENTED_EDGE('',*,*,#3888,.F.);
#5269=ORIENTED_EDGE('',*,*,#3903,.F.);
#5270=ORIENTED_EDGE('',*,*,#3868,.F.);
#5271=ORIENTED_EDGE('',*,*,#3902,.T.);
#5272=ORIENTED_EDGE('',*,*,#3880,.F.);
#5273=ORIENTED_EDGE('',*,*,#3908,.T.);
#5274=ORIENTED_EDGE('',*,*,#3866,.F.);
#5275=ORIENTED_EDGE('',*,*,#3908,.F.);
#5276=ORIENTED_EDGE('',*,*,#3882,.F.);
#5277=ORIENTED_EDGE('',*,*,#3909,.F.);
#5278=ORIENTED_EDGE('',*,*,#3858,.F.);
#5279=ORIENTED_EDGE('',*,*,#3905,.T.);
#5280=ORIENTED_EDGE('',*,*,#3894,.F.);
#5281=ORIENTED_EDGE('',*,*,#3910,.T.);
#5282=ORIENTED_EDGE('',*,*,#3875,.F.);
#5283=ORIENTED_EDGE('',*,*,#3910,.F.);
#5284=ORIENTED_EDGE('',*,*,#3896,.F.);
#5285=ORIENTED_EDGE('',*,*,#3911,.F.);
#5286=ORIENTED_EDGE('',*,*,#3787,.F.);
#5287=ORIENTED_EDGE('',*,*,#3909,.T.);
#5288=ORIENTED_EDGE('',*,*,#3883,.F.);
#5289=ORIENTED_EDGE('',*,*,#3728,.T.);
#5290=ORIENTED_EDGE('',*,*,#3855,.F.);
#5291=ORIENTED_EDGE('',*,*,#3911,.T.);
#5292=ORIENTED_EDGE('',*,*,#3898,.F.);
#5293=ORIENTED_EDGE('',*,*,#3711,.T.);
#5294=ORIENTED_EDGE('',*,*,#3912,.F.);
#5295=ORIENTED_EDGE('',*,*,#3913,.T.);
#5296=ORIENTED_EDGE('',*,*,#3914,.T.);
#5297=ORIENTED_EDGE('',*,*,#3915,.T.);
#5298=ORIENTED_EDGE('',*,*,#3916,.F.);
#5299=ORIENTED_EDGE('',*,*,#3913,.F.);
#5300=ORIENTED_EDGE('',*,*,#3917,.T.);
#5301=ORIENTED_EDGE('',*,*,#3918,.F.);
#5302=ORIENTED_EDGE('',*,*,#3919,.F.);
#5303=ORIENTED_EDGE('',*,*,#3920,.F.);
#5304=ORIENTED_EDGE('',*,*,#3921,.F.);
#5305=ORIENTED_EDGE('',*,*,#3922,.F.);
#5306=ORIENTED_EDGE('',*,*,#3923,.F.);
#5307=ORIENTED_EDGE('',*,*,#3924,.F.);
#5308=ORIENTED_EDGE('',*,*,#3925,.T.);
#5309=ORIENTED_EDGE('',*,*,#3926,.F.);
#5310=ORIENTED_EDGE('',*,*,#3927,.F.);
#5311=ORIENTED_EDGE('',*,*,#3801,.F.);
#5312=ORIENTED_EDGE('',*,*,#3928,.T.);
#5313=ORIENTED_EDGE('',*,*,#3929,.T.);
#5314=ORIENTED_EDGE('',*,*,#3930,.T.);
#5315=ORIENTED_EDGE('',*,*,#3931,.T.);
#5316=ORIENTED_EDGE('',*,*,#3932,.T.);
#5317=ORIENTED_EDGE('',*,*,#3933,.T.);
#5318=ORIENTED_EDGE('',*,*,#3934,.T.);
#5319=ORIENTED_EDGE('',*,*,#3931,.F.);
#5320=ORIENTED_EDGE('',*,*,#3935,.T.);
#5321=ORIENTED_EDGE('',*,*,#3936,.T.);
#5322=ORIENTED_EDGE('',*,*,#3937,.T.);
#5323=ORIENTED_EDGE('',*,*,#3933,.F.);
#5324=ORIENTED_EDGE('',*,*,#3938,.T.);
#5325=ORIENTED_EDGE('',*,*,#3939,.T.);
#5326=ORIENTED_EDGE('',*,*,#3940,.T.);
#5327=ORIENTED_EDGE('',*,*,#3936,.F.);
#5328=ORIENTED_EDGE('',*,*,#3941,.T.);
#5329=ORIENTED_EDGE('',*,*,#3942,.T.);
#5330=ORIENTED_EDGE('',*,*,#3943,.T.);
#5331=ORIENTED_EDGE('',*,*,#3939,.F.);
#5332=ORIENTED_EDGE('',*,*,#3944,.T.);
#5333=ORIENTED_EDGE('',*,*,#3929,.F.);
#5334=ORIENTED_EDGE('',*,*,#3945,.T.);
#5335=ORIENTED_EDGE('',*,*,#3946,.T.);
#5336=ORIENTED_EDGE('',*,*,#3947,.T.);
#5337=ORIENTED_EDGE('',*,*,#3948,.T.);
#5338=ORIENTED_EDGE('',*,*,#3949,.T.);
#5339=ORIENTED_EDGE('',*,*,#3948,.F.);
#5340=ORIENTED_EDGE('',*,*,#3937,.F.);
#5341=ORIENTED_EDGE('',*,*,#3950,.T.);
#5342=ORIENTED_EDGE('',*,*,#3951,.T.);
#5343=ORIENTED_EDGE('',*,*,#3952,.T.);
#5344=ORIENTED_EDGE('',*,*,#3940,.F.);
#5345=ORIENTED_EDGE('',*,*,#3953,.F.);
#5346=ORIENTED_EDGE('',*,*,#3954,.F.);
#5347=ORIENTED_EDGE('',*,*,#3955,.F.);
#5348=ORIENTED_EDGE('',*,*,#3956,.F.);
#5349=ORIENTED_EDGE('',*,*,#3957,.F.);
#5350=ORIENTED_EDGE('',*,*,#3958,.F.);
#5351=ORIENTED_EDGE('',*,*,#3959,.F.);
#5352=ORIENTED_EDGE('',*,*,#3960,.F.);
#5353=ORIENTED_EDGE('',*,*,#3805,.T.);
#5354=ORIENTED_EDGE('',*,*,#3961,.F.);
#5355=ORIENTED_EDGE('',*,*,#3950,.F.);
#5356=ORIENTED_EDGE('',*,*,#3943,.F.);
#5357=ORIENTED_EDGE('',*,*,#3962,.T.);
#5358=ORIENTED_EDGE('',*,*,#3963,.F.);
#5359=ORIENTED_EDGE('',*,*,#3953,.T.);
#5360=ORIENTED_EDGE('',*,*,#3914,.F.);
#5361=ORIENTED_EDGE('',*,*,#3964,.F.);
#5362=ORIENTED_EDGE('',*,*,#3947,.F.);
#5363=ORIENTED_EDGE('',*,*,#3965,.F.);
#5364=ORIENTED_EDGE('',*,*,#3942,.F.);
#5365=ORIENTED_EDGE('',*,*,#3941,.F.);
#5366=ORIENTED_EDGE('',*,*,#3938,.F.);
#5367=ORIENTED_EDGE('',*,*,#3935,.F.);
#5368=ORIENTED_EDGE('',*,*,#3930,.F.);
#5369=ORIENTED_EDGE('',*,*,#3966,.F.);
#5370=ORIENTED_EDGE('',*,*,#3967,.F.);
#5371=ORIENTED_EDGE('',*,*,#3968,.F.);
#5372=ORIENTED_EDGE('',*,*,#3969,.T.);
#5373=ORIENTED_EDGE('',*,*,#3970,.T.);
#5374=ORIENTED_EDGE('',*,*,#3807,.F.);
#5375=ORIENTED_EDGE('',*,*,#3971,.F.);
#5376=ORIENTED_EDGE('',*,*,#3972,.F.);
#5377=ORIENTED_EDGE('',*,*,#3973,.F.);
#5378=ORIENTED_EDGE('',*,*,#3974,.T.);
#5379=ORIENTED_EDGE('',*,*,#3971,.T.);
#5380=ORIENTED_EDGE('',*,*,#3806,.T.);
#5381=ORIENTED_EDGE('',*,*,#3960,.T.);
#5382=ORIENTED_EDGE('',*,*,#3974,.F.);
#5383=ORIENTED_EDGE('',*,*,#3975,.T.);
#5384=ORIENTED_EDGE('',*,*,#3972,.T.);
#5385=ORIENTED_EDGE('',*,*,#3975,.F.);
#5386=ORIENTED_EDGE('',*,*,#3959,.T.);
#5387=ORIENTED_EDGE('',*,*,#3976,.T.);
#5388=ORIENTED_EDGE('',*,*,#3977,.T.);
#5389=ORIENTED_EDGE('',*,*,#3978,.F.);
#5390=ORIENTED_EDGE('',*,*,#3979,.F.);
#5391=ORIENTED_EDGE('',*,*,#3951,.F.);
#5392=ORIENTED_EDGE('',*,*,#3980,.F.);
#5393=ORIENTED_EDGE('',*,*,#3981,.F.);
#5394=ORIENTED_EDGE('',*,*,#3982,.F.);
#5395=ORIENTED_EDGE('',*,*,#3932,.F.);
#5396=ORIENTED_EDGE('',*,*,#3983,.T.);
#5397=ORIENTED_EDGE('',*,*,#3981,.T.);
#5398=ORIENTED_EDGE('',*,*,#3926,.T.);
#5399=ORIENTED_EDGE('',*,*,#3984,.T.);
#5400=ORIENTED_EDGE('',*,*,#3979,.T.);
#5401=ORIENTED_EDGE('',*,*,#3985,.T.);
#5402=ORIENTED_EDGE('',*,*,#3982,.T.);
#5403=ORIENTED_EDGE('',*,*,#3986,.T.);
#5404=ORIENTED_EDGE('',*,*,#3802,.T.);
#5405=ORIENTED_EDGE('',*,*,#3927,.T.);
#5406=ORIENTED_EDGE('',*,*,#3980,.T.);
#5407=ORIENTED_EDGE('',*,*,#3987,.T.);
#5408=ORIENTED_EDGE('',*,*,#3804,.T.);
#5409=ORIENTED_EDGE('',*,*,#3988,.T.);
#5410=ORIENTED_EDGE('',*,*,#3978,.T.);
#5411=ORIENTED_EDGE('',*,*,#3961,.T.);
#5412=ORIENTED_EDGE('',*,*,#3987,.F.);
#5413=ORIENTED_EDGE('',*,*,#3985,.F.);
#5414=ORIENTED_EDGE('',*,*,#3988,.F.);
#5415=ORIENTED_EDGE('',*,*,#3803,.F.);
#5416=ORIENTED_EDGE('',*,*,#3989,.T.);
#5417=ORIENTED_EDGE('',*,*,#3924,.T.);
#5418=ORIENTED_EDGE('',*,*,#3990,.T.);
#5419=ORIENTED_EDGE('',*,*,#3991,.T.);
#5420=ORIENTED_EDGE('',*,*,#3946,.F.);
#5421=ORIENTED_EDGE('',*,*,#3992,.T.);
#5422=ORIENTED_EDGE('',*,*,#3993,.T.);
#5423=ORIENTED_EDGE('',*,*,#3990,.F.);
#5424=ORIENTED_EDGE('',*,*,#3923,.T.);
#5425=ORIENTED_EDGE('',*,*,#3994,.T.);
#5426=ORIENTED_EDGE('',*,*,#3995,.T.);
#5427=ORIENTED_EDGE('',*,*,#3992,.F.);
#5428=ORIENTED_EDGE('',*,*,#3922,.T.);
#5429=ORIENTED_EDGE('',*,*,#3996,.T.);
#5430=ORIENTED_EDGE('',*,*,#3997,.T.);
#5431=ORIENTED_EDGE('',*,*,#3994,.F.);
#5432=ORIENTED_EDGE('',*,*,#3921,.T.);
#5433=ORIENTED_EDGE('',*,*,#3998,.T.);
#5434=ORIENTED_EDGE('',*,*,#3999,.T.);
#5435=ORIENTED_EDGE('',*,*,#3996,.F.);
#5436=ORIENTED_EDGE('',*,*,#3920,.T.);
#5437=ORIENTED_EDGE('',*,*,#4000,.T.);
#5438=ORIENTED_EDGE('',*,*,#4001,.T.);
#5439=ORIENTED_EDGE('',*,*,#3998,.F.);
#5440=ORIENTED_EDGE('',*,*,#3919,.T.);
#5441=ORIENTED_EDGE('',*,*,#3915,.F.);
#5442=ORIENTED_EDGE('',*,*,#4002,.T.);
#5443=ORIENTED_EDGE('',*,*,#4000,.F.);
#5444=ORIENTED_EDGE('',*,*,#3918,.T.);
#5445=ORIENTED_EDGE('',*,*,#4003,.T.);
#5446=ORIENTED_EDGE('',*,*,#4004,.T.);
#5447=ORIENTED_EDGE('',*,*,#4005,.T.);
#5448=ORIENTED_EDGE('',*,*,#3976,.F.);
#5449=ORIENTED_EDGE('',*,*,#3958,.T.);
#5450=ORIENTED_EDGE('',*,*,#4006,.T.);
#5451=ORIENTED_EDGE('',*,*,#4007,.T.);
#5452=ORIENTED_EDGE('',*,*,#4004,.F.);
#5453=ORIENTED_EDGE('',*,*,#3957,.T.);
#5454=ORIENTED_EDGE('',*,*,#4008,.T.);
#5455=ORIENTED_EDGE('',*,*,#4009,.T.);
#5456=ORIENTED_EDGE('',*,*,#4006,.F.);
#5457=ORIENTED_EDGE('',*,*,#3956,.T.);
#5458=ORIENTED_EDGE('',*,*,#4010,.T.);
#5459=ORIENTED_EDGE('',*,*,#4011,.T.);
#5460=ORIENTED_EDGE('',*,*,#4008,.F.);
#5461=ORIENTED_EDGE('',*,*,#3955,.T.);
#5462=ORIENTED_EDGE('',*,*,#3963,.T.);
#5463=ORIENTED_EDGE('',*,*,#4012,.T.);
#5464=ORIENTED_EDGE('',*,*,#4010,.F.);
#5465=ORIENTED_EDGE('',*,*,#3954,.T.);
#5466=ORIENTED_EDGE('',*,*,#3999,.F.);
#5467=ORIENTED_EDGE('',*,*,#4013,.T.);
#5468=ORIENTED_EDGE('',*,*,#4007,.F.);
#5469=ORIENTED_EDGE('',*,*,#4014,.T.);
#5470=ORIENTED_EDGE('',*,*,#4001,.F.);
#5471=ORIENTED_EDGE('',*,*,#4015,.F.);
#5472=ORIENTED_EDGE('',*,*,#4005,.F.);
#5473=ORIENTED_EDGE('',*,*,#4013,.F.);
#5474=ORIENTED_EDGE('',*,*,#3995,.F.);
#5475=ORIENTED_EDGE('',*,*,#4016,.T.);
#5476=ORIENTED_EDGE('',*,*,#4011,.F.);
#5477=ORIENTED_EDGE('',*,*,#4017,.T.);
#5478=ORIENTED_EDGE('',*,*,#3997,.F.);
#5479=ORIENTED_EDGE('',*,*,#4014,.F.);
#5480=ORIENTED_EDGE('',*,*,#4009,.F.);
#5481=ORIENTED_EDGE('',*,*,#4016,.F.);
#5482=ORIENTED_EDGE('',*,*,#4002,.F.);
#5483=ORIENTED_EDGE('',*,*,#3973,.T.);
#5484=ORIENTED_EDGE('',*,*,#3977,.F.);
#5485=ORIENTED_EDGE('',*,*,#4015,.T.);
#5486=ORIENTED_EDGE('',*,*,#3991,.F.);
#5487=ORIENTED_EDGE('',*,*,#4018,.T.);
#5488=ORIENTED_EDGE('',*,*,#3962,.F.);
#5489=ORIENTED_EDGE('',*,*,#3965,.T.);
#5490=ORIENTED_EDGE('',*,*,#3993,.F.);
#5491=ORIENTED_EDGE('',*,*,#4017,.F.);
#5492=ORIENTED_EDGE('',*,*,#4012,.F.);
#5493=ORIENTED_EDGE('',*,*,#4018,.F.);
#5494=ORIENTED_EDGE('',*,*,#3934,.F.);
#5495=ORIENTED_EDGE('',*,*,#3952,.F.);
#5496=ORIENTED_EDGE('',*,*,#3986,.F.);
#5497=ORIENTED_EDGE('',*,*,#3983,.F.);
#5498=ORIENTED_EDGE('',*,*,#4019,.T.);
#5499=ORIENTED_EDGE('',*,*,#4020,.T.);
#5500=ORIENTED_EDGE('',*,*,#4021,.T.);
#5501=ORIENTED_EDGE('',*,*,#4022,.T.);
#5502=ORIENTED_EDGE('',*,*,#4023,.T.);
#5503=ORIENTED_EDGE('',*,*,#4020,.F.);
#5504=ORIENTED_EDGE('',*,*,#4024,.T.);
#5505=ORIENTED_EDGE('',*,*,#4025,.F.);
#5506=ORIENTED_EDGE('',*,*,#4026,.F.);
#5507=ORIENTED_EDGE('',*,*,#4027,.F.);
#5508=ORIENTED_EDGE('',*,*,#4028,.F.);
#5509=ORIENTED_EDGE('',*,*,#4029,.F.);
#5510=ORIENTED_EDGE('',*,*,#4030,.T.);
#5511=ORIENTED_EDGE('',*,*,#4031,.T.);
#5512=ORIENTED_EDGE('',*,*,#4032,.T.);
#5513=ORIENTED_EDGE('',*,*,#4033,.F.);
#5514=ORIENTED_EDGE('',*,*,#4032,.F.);
#5515=ORIENTED_EDGE('',*,*,#4034,.T.);
#5516=ORIENTED_EDGE('',*,*,#4035,.F.);
#5517=ORIENTED_EDGE('',*,*,#4036,.F.);
#5518=ORIENTED_EDGE('',*,*,#4037,.F.);
#5519=ORIENTED_EDGE('',*,*,#4038,.F.);
#5520=ORIENTED_EDGE('',*,*,#4037,.T.);
#5521=ORIENTED_EDGE('',*,*,#4039,.T.);
#5522=ORIENTED_EDGE('',*,*,#4025,.T.);
#5523=ORIENTED_EDGE('',*,*,#4040,.T.);
#5524=ORIENTED_EDGE('',*,*,#4039,.F.);
#5525=ORIENTED_EDGE('',*,*,#4036,.T.);
#5526=ORIENTED_EDGE('',*,*,#4041,.F.);
#5527=ORIENTED_EDGE('',*,*,#4026,.T.);
#5528=ORIENTED_EDGE('',*,*,#4027,.T.);
#5529=ORIENTED_EDGE('',*,*,#4041,.T.);
#5530=ORIENTED_EDGE('',*,*,#4035,.T.);
#5531=ORIENTED_EDGE('',*,*,#4042,.T.);
#5532=ORIENTED_EDGE('',*,*,#4043,.T.);
#5533=ORIENTED_EDGE('',*,*,#4023,.F.);
#5534=ORIENTED_EDGE('',*,*,#4044,.T.);
#5535=ORIENTED_EDGE('',*,*,#4029,.T.);
#5536=ORIENTED_EDGE('',*,*,#4040,.F.);
#5537=ORIENTED_EDGE('',*,*,#4024,.F.);
#5538=ORIENTED_EDGE('',*,*,#4019,.F.);
#5539=ORIENTED_EDGE('',*,*,#4043,.F.);
#5540=ORIENTED_EDGE('',*,*,#4033,.T.);
#5541=ORIENTED_EDGE('',*,*,#4038,.T.);
#5542=ORIENTED_EDGE('',*,*,#4042,.F.);
#5543=ORIENTED_EDGE('',*,*,#4034,.F.);
#5544=ORIENTED_EDGE('',*,*,#4031,.F.);
#5545=ORIENTED_EDGE('',*,*,#4045,.F.);
#5546=ORIENTED_EDGE('',*,*,#4021,.F.);
#5547=ORIENTED_EDGE('',*,*,#4028,.T.);
#5548=ORIENTED_EDGE('',*,*,#4046,.T.);
#5549=ORIENTED_EDGE('',*,*,#4047,.T.);
#5550=ORIENTED_EDGE('',*,*,#4048,.T.);
#5551=ORIENTED_EDGE('',*,*,#4049,.T.);
#5552=ORIENTED_EDGE('',*,*,#4050,.T.);
#5553=ORIENTED_EDGE('',*,*,#4051,.T.);
#5554=ORIENTED_EDGE('',*,*,#4052,.F.);
#5555=ORIENTED_EDGE('',*,*,#4053,.F.);
#5556=ORIENTED_EDGE('',*,*,#4054,.F.);
#5557=ORIENTED_EDGE('',*,*,#4055,.T.);
#5558=ORIENTED_EDGE('',*,*,#4056,.T.);
#5559=ORIENTED_EDGE('',*,*,#4053,.T.);
#5560=ORIENTED_EDGE('',*,*,#4057,.T.);
#5561=ORIENTED_EDGE('',*,*,#4058,.T.);
#5562=ORIENTED_EDGE('',*,*,#4059,.T.);
#5563=ORIENTED_EDGE('',*,*,#4054,.T.);
#5564=ORIENTED_EDGE('',*,*,#4060,.T.);
#5565=ORIENTED_EDGE('',*,*,#4061,.T.);
#5566=ORIENTED_EDGE('',*,*,#4052,.T.);
#5567=ORIENTED_EDGE('',*,*,#4062,.T.);
#5568=ORIENTED_EDGE('',*,*,#4063,.T.);
#5569=ORIENTED_EDGE('',*,*,#4064,.T.);
#5570=ORIENTED_EDGE('',*,*,#4063,.F.);
#5571=ORIENTED_EDGE('',*,*,#4065,.T.);
#5572=ORIENTED_EDGE('',*,*,#4066,.T.);
#5573=ORIENTED_EDGE('',*,*,#4067,.T.);
#5574=ORIENTED_EDGE('',*,*,#4066,.F.);
#5575=ORIENTED_EDGE('',*,*,#4068,.T.);
#5576=ORIENTED_EDGE('',*,*,#4069,.T.);
#5577=ORIENTED_EDGE('',*,*,#4070,.T.);
#5578=ORIENTED_EDGE('',*,*,#4071,.T.);
#5579=ORIENTED_EDGE('',*,*,#4072,.T.);
#5580=ORIENTED_EDGE('',*,*,#4069,.F.);
#5581=ORIENTED_EDGE('',*,*,#4073,.T.);
#5582=ORIENTED_EDGE('',*,*,#4074,.T.);
#5583=ORIENTED_EDGE('',*,*,#4071,.F.);
#5584=ORIENTED_EDGE('',*,*,#4075,.T.);
#5585=ORIENTED_EDGE('',*,*,#4076,.T.);
#5586=ORIENTED_EDGE('',*,*,#4077,.T.);
#5587=ORIENTED_EDGE('',*,*,#4073,.F.);
#5588=ORIENTED_EDGE('',*,*,#4078,.T.);
#5589=ORIENTED_EDGE('',*,*,#4079,.T.);
#5590=ORIENTED_EDGE('',*,*,#4080,.T.);
#5591=ORIENTED_EDGE('',*,*,#4076,.F.);
#5592=ORIENTED_EDGE('',*,*,#4081,.T.);
#5593=ORIENTED_EDGE('',*,*,#4082,.T.);
#5594=ORIENTED_EDGE('',*,*,#4079,.F.);
#5595=ORIENTED_EDGE('',*,*,#4083,.T.);
#5596=ORIENTED_EDGE('',*,*,#4084,.T.);
#5597=ORIENTED_EDGE('',*,*,#4085,.T.);
#5598=ORIENTED_EDGE('',*,*,#4084,.F.);
#5599=ORIENTED_EDGE('',*,*,#4086,.T.);
#5600=ORIENTED_EDGE('',*,*,#4087,.T.);
#5601=ORIENTED_EDGE('',*,*,#4088,.T.);
#5602=ORIENTED_EDGE('',*,*,#4087,.F.);
#5603=ORIENTED_EDGE('',*,*,#4089,.T.);
#5604=ORIENTED_EDGE('',*,*,#4090,.T.);
#5605=ORIENTED_EDGE('',*,*,#4091,.T.);
#5606=ORIENTED_EDGE('',*,*,#4092,.T.);
#5607=ORIENTED_EDGE('',*,*,#4093,.T.);
#5608=ORIENTED_EDGE('',*,*,#4090,.F.);
#5609=ORIENTED_EDGE('',*,*,#4050,.F.);
#5610=ORIENTED_EDGE('',*,*,#4094,.T.);
#5611=ORIENTED_EDGE('',*,*,#4092,.F.);
#5612=ORIENTED_EDGE('',*,*,#4095,.T.);
#5613=ORIENTED_EDGE('',*,*,#4047,.F.);
#5614=ORIENTED_EDGE('',*,*,#4096,.T.);
#5615=ORIENTED_EDGE('',*,*,#4049,.F.);
#5616=ORIENTED_EDGE('',*,*,#4097,.T.);
#5617=ORIENTED_EDGE('',*,*,#4046,.F.);
#5618=ORIENTED_EDGE('',*,*,#4098,.T.);
#5619=ORIENTED_EDGE('',*,*,#4099,.T.);
#5620=ORIENTED_EDGE('',*,*,#4100,.T.);
#5621=ORIENTED_EDGE('',*,*,#4101,.F.);
#5622=ORIENTED_EDGE('',*,*,#4102,.F.);
#5623=ORIENTED_EDGE('',*,*,#4103,.F.);
#5624=ORIENTED_EDGE('',*,*,#4104,.T.);
#5625=ORIENTED_EDGE('',*,*,#4105,.T.);
#5626=ORIENTED_EDGE('',*,*,#4102,.T.);
#5627=ORIENTED_EDGE('',*,*,#4106,.T.);
#5628=ORIENTED_EDGE('',*,*,#4107,.T.);
#5629=ORIENTED_EDGE('',*,*,#4108,.T.);
#5630=ORIENTED_EDGE('',*,*,#4103,.T.);
#5631=ORIENTED_EDGE('',*,*,#4109,.T.);
#5632=ORIENTED_EDGE('',*,*,#4110,.T.);
#5633=ORIENTED_EDGE('',*,*,#4111,.T.);
#5634=ORIENTED_EDGE('',*,*,#4101,.T.);
#5635=ORIENTED_EDGE('',*,*,#4112,.T.);
#5636=ORIENTED_EDGE('',*,*,#4104,.F.);
#5637=ORIENTED_EDGE('',*,*,#4099,.F.);
#5638=ORIENTED_EDGE('',*,*,#4113,.T.);
#5639=ORIENTED_EDGE('',*,*,#4062,.F.);
#5640=ORIENTED_EDGE('',*,*,#4059,.F.);
#5641=ORIENTED_EDGE('',*,*,#4114,.F.);
#5642=ORIENTED_EDGE('',*,*,#4115,.T.);
#5643=ORIENTED_EDGE('',*,*,#4116,.T.);
#5644=ORIENTED_EDGE('',*,*,#4117,.F.);
#5645=ORIENTED_EDGE('',*,*,#4118,.T.);
#5646=ORIENTED_EDGE('',*,*,#4119,.F.);
#5647=ORIENTED_EDGE('',*,*,#4120,.T.);
#5648=ORIENTED_EDGE('',*,*,#4121,.F.);
#5649=ORIENTED_EDGE('',*,*,#4122,.T.);
#5650=ORIENTED_EDGE('',*,*,#4123,.F.);
#5651=ORIENTED_EDGE('',*,*,#4124,.F.);
#5652=ORIENTED_EDGE('',*,*,#4060,.F.);
#5653=ORIENTED_EDGE('',*,*,#4056,.F.);
#5654=ORIENTED_EDGE('',*,*,#4125,.T.);
#5655=ORIENTED_EDGE('',*,*,#4126,.F.);
#5656=ORIENTED_EDGE('',*,*,#4127,.T.);
#5657=ORIENTED_EDGE('',*,*,#4057,.F.);
#5658=ORIENTED_EDGE('',*,*,#4061,.F.);
#5659=ORIENTED_EDGE('',*,*,#4064,.F.);
#5660=ORIENTED_EDGE('',*,*,#4067,.F.);
#5661=ORIENTED_EDGE('',*,*,#4072,.F.);
#5662=ORIENTED_EDGE('',*,*,#4074,.F.);
#5663=ORIENTED_EDGE('',*,*,#4077,.F.);
#5664=ORIENTED_EDGE('',*,*,#4080,.F.);
#5665=ORIENTED_EDGE('',*,*,#4082,.F.);
#5666=ORIENTED_EDGE('',*,*,#4085,.F.);
#5667=ORIENTED_EDGE('',*,*,#4088,.F.);
#5668=ORIENTED_EDGE('',*,*,#4093,.F.);
#5669=ORIENTED_EDGE('',*,*,#4094,.F.);
#5670=ORIENTED_EDGE('',*,*,#4096,.F.);
#5671=ORIENTED_EDGE('',*,*,#4100,.F.);
#5672=ORIENTED_EDGE('',*,*,#4106,.F.);
#5673=ORIENTED_EDGE('',*,*,#4111,.F.);
#5674=ORIENTED_EDGE('',*,*,#4128,.T.);
#5675=ORIENTED_EDGE('',*,*,#4129,.F.);
#5676=ORIENTED_EDGE('',*,*,#4045,.T.);
#5677=ORIENTED_EDGE('',*,*,#4030,.F.);
#5678=ORIENTED_EDGE('',*,*,#4044,.F.);
#5679=ORIENTED_EDGE('',*,*,#4022,.F.);
#5680=ORIENTED_EDGE('',*,*,#4130,.T.);
#5681=ORIENTED_EDGE('',*,*,#4131,.T.);
#5682=ORIENTED_EDGE('',*,*,#4132,.T.);
#5683=ORIENTED_EDGE('',*,*,#4133,.T.);
#5684=ORIENTED_EDGE('',*,*,#4130,.F.);
#5685=ORIENTED_EDGE('',*,*,#4134,.T.);
#5686=ORIENTED_EDGE('',*,*,#4135,.F.);
#5687=ORIENTED_EDGE('',*,*,#4136,.F.);
#5688=ORIENTED_EDGE('',*,*,#4137,.F.);
#5689=ORIENTED_EDGE('',*,*,#4138,.F.);
#5690=ORIENTED_EDGE('',*,*,#4133,.F.);
#5691=ORIENTED_EDGE('',*,*,#4139,.F.);
#5692=ORIENTED_EDGE('',*,*,#4140,.F.);
#5693=ORIENTED_EDGE('',*,*,#4141,.F.);
#5694=ORIENTED_EDGE('',*,*,#4142,.F.);
#5695=ORIENTED_EDGE('',*,*,#4134,.F.);
#5696=ORIENTED_EDGE('',*,*,#4143,.T.);
#5697=ORIENTED_EDGE('',*,*,#4144,.T.);
#5698=ORIENTED_EDGE('',*,*,#4145,.T.);
#5699=ORIENTED_EDGE('',*,*,#4146,.T.);
#5700=ORIENTED_EDGE('',*,*,#4143,.F.);
#5701=ORIENTED_EDGE('',*,*,#4147,.T.);
#5702=ORIENTED_EDGE('',*,*,#4148,.F.);
#5703=ORIENTED_EDGE('',*,*,#4149,.F.);
#5704=ORIENTED_EDGE('',*,*,#4150,.F.);
#5705=ORIENTED_EDGE('',*,*,#4151,.F.);
#5706=ORIENTED_EDGE('',*,*,#4146,.F.);
#5707=ORIENTED_EDGE('',*,*,#4152,.F.);
#5708=ORIENTED_EDGE('',*,*,#4153,.F.);
#5709=ORIENTED_EDGE('',*,*,#4154,.F.);
#5710=ORIENTED_EDGE('',*,*,#4155,.F.);
#5711=ORIENTED_EDGE('',*,*,#4147,.F.);
#5712=ORIENTED_EDGE('',*,*,#4156,.T.);
#5713=ORIENTED_EDGE('',*,*,#4157,.T.);
#5714=ORIENTED_EDGE('',*,*,#4158,.T.);
#5715=ORIENTED_EDGE('',*,*,#4159,.T.);
#5716=ORIENTED_EDGE('',*,*,#4156,.F.);
#5717=ORIENTED_EDGE('',*,*,#4160,.F.);
#5718=ORIENTED_EDGE('',*,*,#4161,.F.);
#5719=ORIENTED_EDGE('',*,*,#4162,.F.);
#5720=ORIENTED_EDGE('',*,*,#4118,.F.);
#5721=ORIENTED_EDGE('',*,*,#4163,.F.);
#5722=ORIENTED_EDGE('',*,*,#4159,.F.);
#5723=ORIENTED_EDGE('',*,*,#4164,.T.);
#5724=ORIENTED_EDGE('',*,*,#4165,.F.);
#5725=ORIENTED_EDGE('',*,*,#4166,.T.);
#5726=ORIENTED_EDGE('',*,*,#4167,.F.);
#5727=ORIENTED_EDGE('',*,*,#4160,.T.);
#5728=ORIENTED_EDGE('',*,*,#4168,.T.);
#5729=ORIENTED_EDGE('',*,*,#4169,.T.);
#5730=ORIENTED_EDGE('',*,*,#4170,.T.);
#5731=ORIENTED_EDGE('',*,*,#4171,.T.);
#5732=ORIENTED_EDGE('',*,*,#4168,.F.);
#5733=ORIENTED_EDGE('',*,*,#4172,.T.);
#5734=ORIENTED_EDGE('',*,*,#4173,.F.);
#5735=ORIENTED_EDGE('',*,*,#4174,.F.);
#5736=ORIENTED_EDGE('',*,*,#4175,.F.);
#5737=ORIENTED_EDGE('',*,*,#4176,.F.);
#5738=ORIENTED_EDGE('',*,*,#4171,.F.);
#5739=ORIENTED_EDGE('',*,*,#4177,.F.);
#5740=ORIENTED_EDGE('',*,*,#4178,.F.);
#5741=ORIENTED_EDGE('',*,*,#4179,.F.);
#5742=ORIENTED_EDGE('',*,*,#4180,.F.);
#5743=ORIENTED_EDGE('',*,*,#4172,.F.);
#5744=ORIENTED_EDGE('',*,*,#4181,.T.);
#5745=ORIENTED_EDGE('',*,*,#4182,.T.);
#5746=ORIENTED_EDGE('',*,*,#4183,.T.);
#5747=ORIENTED_EDGE('',*,*,#4184,.T.);
#5748=ORIENTED_EDGE('',*,*,#4181,.F.);
#5749=ORIENTED_EDGE('',*,*,#4185,.F.);
#5750=ORIENTED_EDGE('',*,*,#4186,.F.);
#5751=ORIENTED_EDGE('',*,*,#4187,.F.);
#5752=ORIENTED_EDGE('',*,*,#4188,.F.);
#5753=ORIENTED_EDGE('',*,*,#4189,.F.);
#5754=ORIENTED_EDGE('',*,*,#4184,.F.);
#5755=ORIENTED_EDGE('',*,*,#4190,.T.);
#5756=ORIENTED_EDGE('',*,*,#4191,.F.);
#5757=ORIENTED_EDGE('',*,*,#4192,.T.);
#5758=ORIENTED_EDGE('',*,*,#4193,.F.);
#5759=ORIENTED_EDGE('',*,*,#4185,.T.);
#5760=ORIENTED_EDGE('',*,*,#4194,.T.);
#5761=ORIENTED_EDGE('',*,*,#4165,.T.);
#5762=ORIENTED_EDGE('',*,*,#4195,.T.);
#5763=ORIENTED_EDGE('',*,*,#4196,.T.);
#5764=ORIENTED_EDGE('',*,*,#4197,.T.);
#5765=ORIENTED_EDGE('',*,*,#4121,.T.);
#5766=ORIENTED_EDGE('',*,*,#4198,.T.);
#5767=ORIENTED_EDGE('',*,*,#4196,.F.);
#5768=ORIENTED_EDGE('',*,*,#4194,.F.);
#5769=ORIENTED_EDGE('',*,*,#4199,.F.);
#5770=ORIENTED_EDGE('',*,*,#4200,.F.);
#5771=ORIENTED_EDGE('',*,*,#4166,.F.);
#5772=ORIENTED_EDGE('',*,*,#4198,.F.);
#5773=ORIENTED_EDGE('',*,*,#4120,.F.);
#5774=ORIENTED_EDGE('',*,*,#4201,.F.);
#5775=ORIENTED_EDGE('',*,*,#4199,.T.);
#5776=ORIENTED_EDGE('',*,*,#4202,.T.);
#5777=ORIENTED_EDGE('',*,*,#4203,.T.);
#5778=ORIENTED_EDGE('',*,*,#4136,.T.);
#5779=ORIENTED_EDGE('',*,*,#4204,.T.);
#5780=ORIENTED_EDGE('',*,*,#4135,.T.);
#5781=ORIENTED_EDGE('',*,*,#4142,.T.);
#5782=ORIENTED_EDGE('',*,*,#4205,.T.);
#5783=ORIENTED_EDGE('',*,*,#4204,.F.);
#5784=ORIENTED_EDGE('',*,*,#4202,.F.);
#5785=ORIENTED_EDGE('',*,*,#4206,.T.);
#5786=ORIENTED_EDGE('',*,*,#4207,.F.);
#5787=ORIENTED_EDGE('',*,*,#4208,.F.);
#5788=ORIENTED_EDGE('',*,*,#4205,.F.);
#5789=ORIENTED_EDGE('',*,*,#4141,.T.);
#5790=ORIENTED_EDGE('',*,*,#4209,.F.);
#5791=ORIENTED_EDGE('',*,*,#4206,.F.);
#5792=ORIENTED_EDGE('',*,*,#4210,.T.);
#5793=ORIENTED_EDGE('',*,*,#4211,.T.);
#5794=ORIENTED_EDGE('',*,*,#4149,.T.);
#5795=ORIENTED_EDGE('',*,*,#4212,.T.);
#5796=ORIENTED_EDGE('',*,*,#4148,.T.);
#5797=ORIENTED_EDGE('',*,*,#4155,.T.);
#5798=ORIENTED_EDGE('',*,*,#4213,.T.);
#5799=ORIENTED_EDGE('',*,*,#4212,.F.);
#5800=ORIENTED_EDGE('',*,*,#4210,.F.);
#5801=ORIENTED_EDGE('',*,*,#4214,.T.);
#5802=ORIENTED_EDGE('',*,*,#4215,.F.);
#5803=ORIENTED_EDGE('',*,*,#4216,.F.);
#5804=ORIENTED_EDGE('',*,*,#4213,.F.);
#5805=ORIENTED_EDGE('',*,*,#4154,.T.);
#5806=ORIENTED_EDGE('',*,*,#4217,.F.);
#5807=ORIENTED_EDGE('',*,*,#4214,.F.);
#5808=ORIENTED_EDGE('',*,*,#4218,.T.);
#5809=ORIENTED_EDGE('',*,*,#4219,.T.);
#5810=ORIENTED_EDGE('',*,*,#4215,.T.);
#5811=ORIENTED_EDGE('',*,*,#4220,.T.);
#5812=ORIENTED_EDGE('',*,*,#4217,.T.);
#5813=ORIENTED_EDGE('',*,*,#4153,.T.);
#5814=ORIENTED_EDGE('',*,*,#4221,.T.);
#5815=ORIENTED_EDGE('',*,*,#4220,.F.);
#5816=ORIENTED_EDGE('',*,*,#4222,.T.);
#5817=ORIENTED_EDGE('',*,*,#4223,.T.);
#5818=ORIENTED_EDGE('',*,*,#4207,.T.);
#5819=ORIENTED_EDGE('',*,*,#4224,.T.);
#5820=ORIENTED_EDGE('',*,*,#4209,.T.);
#5821=ORIENTED_EDGE('',*,*,#4140,.T.);
#5822=ORIENTED_EDGE('',*,*,#4225,.T.);
#5823=ORIENTED_EDGE('',*,*,#4224,.F.);
#5824=ORIENTED_EDGE('',*,*,#4226,.T.);
#5825=ORIENTED_EDGE('',*,*,#4227,.T.);
#5826=ORIENTED_EDGE('',*,*,#4228,.T.);
#5827=ORIENTED_EDGE('',*,*,#4229,.T.);
#5828=ORIENTED_EDGE('',*,*,#4230,.T.);
#5829=ORIENTED_EDGE('',*,*,#4178,.T.);
#5830=ORIENTED_EDGE('',*,*,#4231,.T.);
#5831=ORIENTED_EDGE('',*,*,#4229,.F.);
#5832=ORIENTED_EDGE('',*,*,#4230,.F.);
#5833=ORIENTED_EDGE('',*,*,#4232,.F.);
#5834=ORIENTED_EDGE('',*,*,#4233,.F.);
#5835=ORIENTED_EDGE('',*,*,#4179,.T.);
#5836=ORIENTED_EDGE('',*,*,#4228,.F.);
#5837=ORIENTED_EDGE('',*,*,#4234,.F.);
#5838=ORIENTED_EDGE('',*,*,#4235,.F.);
#5839=ORIENTED_EDGE('',*,*,#4232,.T.);
#5840=ORIENTED_EDGE('',*,*,#4235,.T.);
#5841=ORIENTED_EDGE('',*,*,#4236,.T.);
#5842=ORIENTED_EDGE('',*,*,#4174,.T.);
#5843=ORIENTED_EDGE('',*,*,#4237,.T.);
#5844=ORIENTED_EDGE('',*,*,#4173,.T.);
#5845=ORIENTED_EDGE('',*,*,#4180,.T.);
#5846=ORIENTED_EDGE('',*,*,#4233,.T.);
#5847=ORIENTED_EDGE('',*,*,#4237,.F.);
#5848=ORIENTED_EDGE('',*,*,#4201,.T.);
#5849=ORIENTED_EDGE('',*,*,#4119,.T.);
#5850=ORIENTED_EDGE('',*,*,#4162,.T.);
#5851=ORIENTED_EDGE('',*,*,#4238,.T.);
#5852=ORIENTED_EDGE('',*,*,#4161,.T.);
#5853=ORIENTED_EDGE('',*,*,#4167,.T.);
#5854=ORIENTED_EDGE('',*,*,#4200,.T.);
#5855=ORIENTED_EDGE('',*,*,#4238,.F.);
#5856=ORIENTED_EDGE('',*,*,#4239,.T.);
#5857=ORIENTED_EDGE('',*,*,#4240,.T.);
#5858=ORIENTED_EDGE('',*,*,#4187,.T.);
#5859=ORIENTED_EDGE('',*,*,#4241,.T.);
#5860=ORIENTED_EDGE('',*,*,#4186,.T.);
#5861=ORIENTED_EDGE('',*,*,#4193,.T.);
#5862=ORIENTED_EDGE('',*,*,#4242,.T.);
#5863=ORIENTED_EDGE('',*,*,#4241,.F.);
#5864=ORIENTED_EDGE('',*,*,#4239,.F.);
#5865=ORIENTED_EDGE('',*,*,#4243,.T.);
#5866=ORIENTED_EDGE('',*,*,#4244,.F.);
#5867=ORIENTED_EDGE('',*,*,#4245,.F.);
#5868=ORIENTED_EDGE('',*,*,#4242,.F.);
#5869=ORIENTED_EDGE('',*,*,#4192,.F.);
#5870=ORIENTED_EDGE('',*,*,#4246,.F.);
#5871=ORIENTED_EDGE('',*,*,#4243,.F.);
#5872=ORIENTED_EDGE('',*,*,#4246,.T.);
#5873=ORIENTED_EDGE('',*,*,#4191,.T.);
#5874=ORIENTED_EDGE('',*,*,#4247,.T.);
#5875=ORIENTED_EDGE('',*,*,#4248,.T.);
#5876=ORIENTED_EDGE('',*,*,#4249,.T.);
#5877=ORIENTED_EDGE('',*,*,#4250,.T.);
#5878=ORIENTED_EDGE('',*,*,#4244,.T.);
#5879=ORIENTED_EDGE('',*,*,#4248,.F.);
#5880=ORIENTED_EDGE('',*,*,#4183,.F.);
#5881=ORIENTED_EDGE('',*,*,#4251,.T.);
#5882=ORIENTED_EDGE('',*,*,#4252,.F.);
#5883=ORIENTED_EDGE('',*,*,#4249,.F.);
#5884=ORIENTED_EDGE('',*,*,#4247,.F.);
#5885=ORIENTED_EDGE('',*,*,#4190,.F.);
#5886=ORIENTED_EDGE('',*,*,#4132,.F.);
#5887=ORIENTED_EDGE('',*,*,#4253,.T.);
#5888=ORIENTED_EDGE('',*,*,#4254,.F.);
#5889=ORIENTED_EDGE('',*,*,#4222,.F.);
#5890=ORIENTED_EDGE('',*,*,#4225,.F.);
#5891=ORIENTED_EDGE('',*,*,#4139,.T.);
#5892=ORIENTED_EDGE('',*,*,#4170,.F.);
#5893=ORIENTED_EDGE('',*,*,#4255,.T.);
#5894=ORIENTED_EDGE('',*,*,#4256,.F.);
#5895=ORIENTED_EDGE('',*,*,#4226,.F.);
#5896=ORIENTED_EDGE('',*,*,#4231,.F.);
#5897=ORIENTED_EDGE('',*,*,#4177,.T.);
#5898=ORIENTED_EDGE('',*,*,#4158,.F.);
#5899=ORIENTED_EDGE('',*,*,#4257,.T.);
#5900=ORIENTED_EDGE('',*,*,#4122,.F.);
#5901=ORIENTED_EDGE('',*,*,#4197,.F.);
#5902=ORIENTED_EDGE('',*,*,#4195,.F.);
#5903=ORIENTED_EDGE('',*,*,#4164,.F.);
#5904=ORIENTED_EDGE('',*,*,#4145,.F.);
#5905=ORIENTED_EDGE('',*,*,#4258,.T.);
#5906=ORIENTED_EDGE('',*,*,#4259,.F.);
#5907=ORIENTED_EDGE('',*,*,#4218,.F.);
#5908=ORIENTED_EDGE('',*,*,#4221,.F.);
#5909=ORIENTED_EDGE('',*,*,#4152,.T.);
#5910=ORIENTED_EDGE('',*,*,#4157,.F.);
#5911=ORIENTED_EDGE('',*,*,#4163,.T.);
#5912=ORIENTED_EDGE('',*,*,#4260,.F.);
#5913=ORIENTED_EDGE('',*,*,#4257,.F.);
#5914=ORIENTED_EDGE('',*,*,#4144,.F.);
#5915=ORIENTED_EDGE('',*,*,#4151,.T.);
#5916=ORIENTED_EDGE('',*,*,#4261,.F.);
#5917=ORIENTED_EDGE('',*,*,#4258,.F.);
#5918=ORIENTED_EDGE('',*,*,#4169,.F.);
#5919=ORIENTED_EDGE('',*,*,#4176,.T.);
#5920=ORIENTED_EDGE('',*,*,#4262,.F.);
#5921=ORIENTED_EDGE('',*,*,#4255,.F.);
#5922=ORIENTED_EDGE('',*,*,#4131,.F.);
#5923=ORIENTED_EDGE('',*,*,#4138,.T.);
#5924=ORIENTED_EDGE('',*,*,#4263,.F.);
#5925=ORIENTED_EDGE('',*,*,#4253,.F.);
#5926=ORIENTED_EDGE('',*,*,#4182,.F.);
#5927=ORIENTED_EDGE('',*,*,#4189,.T.);
#5928=ORIENTED_EDGE('',*,*,#4264,.F.);
#5929=ORIENTED_EDGE('',*,*,#4251,.F.);
#5930=ORIENTED_EDGE('',*,*,#4265,.T.);
#5931=ORIENTED_EDGE('',*,*,#3968,.T.);
#5932=ORIENTED_EDGE('',*,*,#4266,.T.);
#5933=ORIENTED_EDGE('',*,*,#4267,.T.);
#5934=ORIENTED_EDGE('',*,*,#4268,.T.);
#5935=ORIENTED_EDGE('',*,*,#4269,.T.);
#5936=ORIENTED_EDGE('',*,*,#4270,.T.);
#5937=ORIENTED_EDGE('',*,*,#3720,.T.);
#5938=ORIENTED_EDGE('',*,*,#4271,.T.);
#5939=ORIENTED_EDGE('',*,*,#3719,.T.);
#5940=ORIENTED_EDGE('',*,*,#3825,.F.);
#5941=ORIENTED_EDGE('',*,*,#4272,.F.);
#5942=ORIENTED_EDGE('',*,*,#4273,.F.);
#5943=ORIENTED_EDGE('',*,*,#4274,.T.);
#5944=ORIENTED_EDGE('',*,*,#4275,.F.);
#5945=ORIENTED_EDGE('',*,*,#4274,.F.);
#5946=ORIENTED_EDGE('',*,*,#4267,.F.);
#5947=ORIENTED_EDGE('',*,*,#4276,.F.);
#5948=ORIENTED_EDGE('',*,*,#4277,.T.);
#5949=ORIENTED_EDGE('',*,*,#4278,.F.);
#5950=ORIENTED_EDGE('',*,*,#4279,.T.);
#5951=ORIENTED_EDGE('',*,*,#4280,.F.);
#5952=ORIENTED_EDGE('',*,*,#4281,.F.);
#5953=ORIENTED_EDGE('',*,*,#3969,.F.);
#5954=ORIENTED_EDGE('',*,*,#4265,.F.);
#5955=ORIENTED_EDGE('',*,*,#4278,.T.);
#5956=ORIENTED_EDGE('',*,*,#4273,.T.);
#5957=ORIENTED_EDGE('',*,*,#4281,.T.);
#5958=ORIENTED_EDGE('',*,*,#4282,.F.);
#5959=ORIENTED_EDGE('',*,*,#3808,.F.);
#5960=ORIENTED_EDGE('',*,*,#3970,.F.);
#5961=ORIENTED_EDGE('',*,*,#4283,.F.);
#5962=ORIENTED_EDGE('',*,*,#4284,.T.);
#5963=ORIENTED_EDGE('',*,*,#4285,.F.);
#5964=ORIENTED_EDGE('',*,*,#4284,.F.);
#5965=ORIENTED_EDGE('',*,*,#4269,.F.);
#5966=ORIENTED_EDGE('',*,*,#4286,.F.);
#5967=ORIENTED_EDGE('',*,*,#4287,.F.);
#5968=ORIENTED_EDGE('',*,*,#4288,.F.);
#5969=ORIENTED_EDGE('',*,*,#4289,.F.);
#5970=ORIENTED_EDGE('',*,*,#4290,.F.);
#5971=ORIENTED_EDGE('',*,*,#4291,.T.);
#5972=ORIENTED_EDGE('',*,*,#4286,.T.);
#5973=ORIENTED_EDGE('',*,*,#4268,.F.);
#5974=ORIENTED_EDGE('',*,*,#4271,.F.);
#5975=ORIENTED_EDGE('',*,*,#4292,.F.);
#5976=ORIENTED_EDGE('',*,*,#4283,.T.);
#5977=ORIENTED_EDGE('',*,*,#4290,.T.);
#5978=ORIENTED_EDGE('',*,*,#4293,.T.);
#5979=ORIENTED_EDGE('',*,*,#3822,.F.);
#5980=ORIENTED_EDGE('',*,*,#4294,.F.);
#5981=ORIENTED_EDGE('',*,*,#3826,.F.);
#5982=ORIENTED_EDGE('',*,*,#4295,.T.);
#5983=ORIENTED_EDGE('',*,*,#4296,.T.);
#5984=ORIENTED_EDGE('',*,*,#4295,.F.);
#5985=ORIENTED_EDGE('',*,*,#4296,.F.);
#5986=ORIENTED_EDGE('',*,*,#4297,.F.);
#5987=ORIENTED_EDGE('',*,*,#4048,.F.);
#5988=ORIENTED_EDGE('',*,*,#4298,.F.);
#5989=ORIENTED_EDGE('',*,*,#4299,.T.);
#5990=ORIENTED_EDGE('',*,*,#4300,.F.);
#5991=ORIENTED_EDGE('',*,*,#4098,.F.);
#5992=ORIENTED_EDGE('',*,*,#4300,.T.);
#5993=ORIENTED_EDGE('',*,*,#4301,.T.);
#5994=ORIENTED_EDGE('',*,*,#4302,.F.);
#5995=ORIENTED_EDGE('',*,*,#4113,.F.);
#5996=ORIENTED_EDGE('',*,*,#4302,.T.);
#5997=ORIENTED_EDGE('',*,*,#4303,.T.);
#5998=ORIENTED_EDGE('',*,*,#4304,.T.);
#5999=ORIENTED_EDGE('',*,*,#4105,.F.);
#6000=ORIENTED_EDGE('',*,*,#4304,.F.);
#6001=ORIENTED_EDGE('',*,*,#4305,.F.);
#6002=ORIENTED_EDGE('',*,*,#4175,.T.);
#6003=ORIENTED_EDGE('',*,*,#4236,.F.);
#6004=ORIENTED_EDGE('',*,*,#4234,.T.);
#6005=ORIENTED_EDGE('',*,*,#4227,.F.);
#6006=ORIENTED_EDGE('',*,*,#4256,.T.);
#6007=ORIENTED_EDGE('',*,*,#4306,.F.);
#6008=ORIENTED_EDGE('',*,*,#4116,.F.);
#6009=ORIENTED_EDGE('',*,*,#4307,.T.);
#6010=ORIENTED_EDGE('',*,*,#4308,.F.);
#6011=ORIENTED_EDGE('',*,*,#4109,.F.);
#6012=ORIENTED_EDGE('',*,*,#4289,.T.);
#6013=ORIENTED_EDGE('',*,*,#4309,.F.);
#6014=ORIENTED_EDGE('',*,*,#3823,.F.);
#6015=ORIENTED_EDGE('',*,*,#4293,.F.);
#6016=ORIENTED_EDGE('',*,*,#4292,.T.);
#6017=ORIENTED_EDGE('',*,*,#4272,.T.);
#6018=ORIENTED_EDGE('',*,*,#3824,.F.);
#6019=ORIENTED_EDGE('',*,*,#4309,.T.);
#6020=ORIENTED_EDGE('',*,*,#4280,.T.);
#6021=ORIENTED_EDGE('',*,*,#4310,.T.);
#6022=ORIENTED_EDGE('',*,*,#3809,.F.);
#6023=ORIENTED_EDGE('',*,*,#4282,.T.);
#6024=ORIENTED_EDGE('',*,*,#4081,.F.);
#6025=ORIENTED_EDGE('',*,*,#4311,.T.);
#6026=ORIENTED_EDGE('',*,*,#4312,.T.);
#6027=ORIENTED_EDGE('',*,*,#4313,.T.);
#6028=ORIENTED_EDGE('',*,*,#4078,.F.);
#6029=ORIENTED_EDGE('',*,*,#4314,.F.);
#6030=ORIENTED_EDGE('',*,*,#4315,.F.);
#6031=ORIENTED_EDGE('',*,*,#4311,.F.);
#6032=ORIENTED_EDGE('',*,*,#4075,.F.);
#6033=ORIENTED_EDGE('',*,*,#4316,.T.);
#6034=ORIENTED_EDGE('',*,*,#4317,.T.);
#6035=ORIENTED_EDGE('',*,*,#4314,.T.);
#6036=ORIENTED_EDGE('',*,*,#4318,.T.);
#6037=ORIENTED_EDGE('',*,*,#4307,.F.);
#6038=ORIENTED_EDGE('',*,*,#4115,.F.);
#6039=ORIENTED_EDGE('',*,*,#4319,.T.);
#6040=ORIENTED_EDGE('',*,*,#4320,.F.);
#6041=ORIENTED_EDGE('',*,*,#4321,.F.);
#6042=ORIENTED_EDGE('',*,*,#4322,.T.);
#6043=ORIENTED_EDGE('',*,*,#4323,.T.);
#6044=ORIENTED_EDGE('',*,*,#4324,.T.);
#6045=ORIENTED_EDGE('',*,*,#4325,.T.);
#6046=ORIENTED_EDGE('',*,*,#4326,.T.);
#6047=ORIENTED_EDGE('',*,*,#4327,.T.);
#6048=ORIENTED_EDGE('',*,*,#4328,.T.);
#6049=ORIENTED_EDGE('',*,*,#4329,.T.);
#6050=ORIENTED_EDGE('',*,*,#4330,.T.);
#6051=ORIENTED_EDGE('',*,*,#4276,.T.);
#6052=ORIENTED_EDGE('',*,*,#4266,.F.);
#6053=ORIENTED_EDGE('',*,*,#3967,.T.);
#6054=ORIENTED_EDGE('',*,*,#4331,.T.);
#6055=ORIENTED_EDGE('',*,*,#4332,.T.);
#6056=ORIENTED_EDGE('',*,*,#4333,.T.);
#6057=ORIENTED_EDGE('',*,*,#3721,.T.);
#6058=ORIENTED_EDGE('',*,*,#4270,.F.);
#6059=ORIENTED_EDGE('',*,*,#4288,.T.);
#6060=ORIENTED_EDGE('',*,*,#4275,.T.);
#6061=ORIENTED_EDGE('',*,*,#4285,.T.);
#6062=ORIENTED_EDGE('',*,*,#4334,.F.);
#6063=ORIENTED_EDGE('',*,*,#4335,.T.);
#6064=ORIENTED_EDGE('',*,*,#4336,.T.);
#6065=ORIENTED_EDGE('',*,*,#4337,.T.);
#6066=ORIENTED_EDGE('',*,*,#4338,.T.);
#6067=ORIENTED_EDGE('',*,*,#4339,.T.);
#6068=ORIENTED_EDGE('',*,*,#4263,.T.);
#6069=ORIENTED_EDGE('',*,*,#4340,.T.);
#6070=ORIENTED_EDGE('',*,*,#4312,.F.);
#6071=ORIENTED_EDGE('',*,*,#4315,.T.);
#6072=ORIENTED_EDGE('',*,*,#4317,.F.);
#6073=ORIENTED_EDGE('',*,*,#4341,.T.);
#6074=ORIENTED_EDGE('',*,*,#4342,.T.);
#6075=ORIENTED_EDGE('',*,*,#4261,.T.);
#6076=ORIENTED_EDGE('',*,*,#4343,.T.);
#6077=ORIENTED_EDGE('',*,*,#4344,.T.);
#6078=ORIENTED_EDGE('',*,*,#4123,.T.);
#6079=ORIENTED_EDGE('',*,*,#4260,.T.);
#6080=ORIENTED_EDGE('',*,*,#4117,.T.);
#6081=ORIENTED_EDGE('',*,*,#4306,.T.);
#6082=ORIENTED_EDGE('',*,*,#4262,.T.);
#6083=ORIENTED_EDGE('',*,*,#4305,.T.);
#6084=ORIENTED_EDGE('',*,*,#4303,.F.);
#6085=ORIENTED_EDGE('',*,*,#4301,.F.);
#6086=ORIENTED_EDGE('',*,*,#4299,.F.);
#6087=ORIENTED_EDGE('',*,*,#4345,.T.);
#6088=ORIENTED_EDGE('',*,*,#4264,.T.);
#6089=ORIENTED_EDGE('',*,*,#4346,.T.);
#6090=ORIENTED_EDGE('',*,*,#4347,.T.);
#6091=ORIENTED_EDGE('',*,*,#4114,.T.);
#6092=ORIENTED_EDGE('',*,*,#4058,.F.);
#6093=ORIENTED_EDGE('',*,*,#4126,.T.);
#6094=ORIENTED_EDGE('',*,*,#4348,.T.);
#6095=ORIENTED_EDGE('',*,*,#4349,.T.);
#6096=ORIENTED_EDGE('',*,*,#4108,.F.);
#6097=ORIENTED_EDGE('',*,*,#4350,.F.);
#6098=ORIENTED_EDGE('',*,*,#4351,.F.);
#6099=ORIENTED_EDGE('',*,*,#4112,.F.);
#6100=ORIENTED_EDGE('',*,*,#4128,.F.);
#6101=ORIENTED_EDGE('',*,*,#4110,.F.);
#6102=ORIENTED_EDGE('',*,*,#4351,.T.);
#6103=ORIENTED_EDGE('',*,*,#4352,.F.);
#6104=ORIENTED_EDGE('',*,*,#4353,.F.);
#6105=ORIENTED_EDGE('',*,*,#4127,.F.);
#6106=ORIENTED_EDGE('',*,*,#4354,.T.);
#6107=ORIENTED_EDGE('',*,*,#4348,.F.);
#6108=ORIENTED_EDGE('',*,*,#4125,.F.);
#6109=ORIENTED_EDGE('',*,*,#4055,.F.);
#6110=ORIENTED_EDGE('',*,*,#4065,.F.);
#6111=ORIENTED_EDGE('',*,*,#4124,.T.);
#6112=ORIENTED_EDGE('',*,*,#4344,.F.);
#6113=ORIENTED_EDGE('',*,*,#4355,.F.);
#6114=ORIENTED_EDGE('',*,*,#4068,.F.);
#6115=ORIENTED_EDGE('',*,*,#4355,.T.);
#6116=ORIENTED_EDGE('',*,*,#4343,.F.);
#6117=ORIENTED_EDGE('',*,*,#4150,.T.);
#6118=ORIENTED_EDGE('',*,*,#4211,.F.);
#6119=ORIENTED_EDGE('',*,*,#4216,.T.);
#6120=ORIENTED_EDGE('',*,*,#4219,.F.);
#6121=ORIENTED_EDGE('',*,*,#4259,.T.);
#6122=ORIENTED_EDGE('',*,*,#4342,.F.);
#6123=ORIENTED_EDGE('',*,*,#4356,.F.);
#6124=ORIENTED_EDGE('',*,*,#4070,.F.);
#6125=ORIENTED_EDGE('',*,*,#4356,.T.);
#6126=ORIENTED_EDGE('',*,*,#4341,.F.);
#6127=ORIENTED_EDGE('',*,*,#4316,.F.);
#6128=ORIENTED_EDGE('',*,*,#4083,.F.);
#6129=ORIENTED_EDGE('',*,*,#4313,.F.);
#6130=ORIENTED_EDGE('',*,*,#4340,.F.);
#6131=ORIENTED_EDGE('',*,*,#4137,.T.);
#6132=ORIENTED_EDGE('',*,*,#4203,.F.);
#6133=ORIENTED_EDGE('',*,*,#4208,.T.);
#6134=ORIENTED_EDGE('',*,*,#4223,.F.);
#6135=ORIENTED_EDGE('',*,*,#4254,.T.);
#6136=ORIENTED_EDGE('',*,*,#4339,.F.);
#6137=ORIENTED_EDGE('',*,*,#4357,.F.);
#6138=ORIENTED_EDGE('',*,*,#4086,.F.);
#6139=ORIENTED_EDGE('',*,*,#4357,.T.);
#6140=ORIENTED_EDGE('',*,*,#4338,.F.);
#6141=ORIENTED_EDGE('',*,*,#4358,.F.);
#6142=ORIENTED_EDGE('',*,*,#4089,.F.);
#6143=ORIENTED_EDGE('',*,*,#4358,.T.);
#6144=ORIENTED_EDGE('',*,*,#4337,.F.);
#6145=ORIENTED_EDGE('',*,*,#4359,.F.);
#6146=ORIENTED_EDGE('',*,*,#4091,.F.);
#6147=ORIENTED_EDGE('',*,*,#4359,.T.);
#6148=ORIENTED_EDGE('',*,*,#4336,.F.);
#6149=ORIENTED_EDGE('',*,*,#4360,.F.);
#6150=ORIENTED_EDGE('',*,*,#4095,.F.);
#6151=ORIENTED_EDGE('',*,*,#4360,.T.);
#6152=ORIENTED_EDGE('',*,*,#4335,.F.);
#6153=ORIENTED_EDGE('',*,*,#4361,.F.);
#6154=ORIENTED_EDGE('',*,*,#4051,.F.);
#6155=ORIENTED_EDGE('',*,*,#4361,.T.);
#6156=ORIENTED_EDGE('',*,*,#4347,.F.);
#6157=ORIENTED_EDGE('',*,*,#4362,.F.);
#6158=ORIENTED_EDGE('',*,*,#4097,.F.);
#6159=ORIENTED_EDGE('',*,*,#4362,.T.);
#6160=ORIENTED_EDGE('',*,*,#4346,.F.);
#6161=ORIENTED_EDGE('',*,*,#4188,.T.);
#6162=ORIENTED_EDGE('',*,*,#4240,.F.);
#6163=ORIENTED_EDGE('',*,*,#4245,.T.);
#6164=ORIENTED_EDGE('',*,*,#4250,.F.);
#6165=ORIENTED_EDGE('',*,*,#4252,.T.);
#6166=ORIENTED_EDGE('',*,*,#4345,.F.);
#6167=ORIENTED_EDGE('',*,*,#4298,.T.);
#6168=ORIENTED_EDGE('',*,*,#4308,.T.);
#6169=ORIENTED_EDGE('',*,*,#4363,.T.);
#6170=ORIENTED_EDGE('',*,*,#4352,.T.);
#6171=ORIENTED_EDGE('',*,*,#4350,.T.);
#6172=ORIENTED_EDGE('',*,*,#4107,.F.);
#6173=ORIENTED_EDGE('',*,*,#4297,.T.);
#6174=ORIENTED_EDGE('',*,*,#4364,.T.);
#6175=ORIENTED_EDGE('',*,*,#4334,.T.);
#6176=ORIENTED_EDGE('',*,*,#4364,.F.);
#6177=ORIENTED_EDGE('',*,*,#4365,.F.);
#6178=ORIENTED_EDGE('',*,*,#3811,.F.);
#6179=ORIENTED_EDGE('',*,*,#4366,.F.);
#6180=ORIENTED_EDGE('',*,*,#4329,.F.);
#6181=ORIENTED_EDGE('',*,*,#4366,.T.);
#6182=ORIENTED_EDGE('',*,*,#3810,.F.);
#6183=ORIENTED_EDGE('',*,*,#4310,.F.);
#6184=ORIENTED_EDGE('',*,*,#4279,.F.);
#6185=ORIENTED_EDGE('',*,*,#4277,.F.);
#6186=ORIENTED_EDGE('',*,*,#4330,.F.);
#6187=ORIENTED_EDGE('',*,*,#3966,.T.);
#6188=ORIENTED_EDGE('',*,*,#3944,.F.);
#6189=ORIENTED_EDGE('',*,*,#3928,.F.);
#6190=ORIENTED_EDGE('',*,*,#3984,.F.);
#6191=ORIENTED_EDGE('',*,*,#3925,.F.);
#6192=ORIENTED_EDGE('',*,*,#3989,.F.);
#6193=ORIENTED_EDGE('',*,*,#3945,.F.);
#6194=ORIENTED_EDGE('',*,*,#3949,.F.);
#6195=ORIENTED_EDGE('',*,*,#3964,.T.);
#6196=ORIENTED_EDGE('',*,*,#3916,.T.);
#6197=ORIENTED_EDGE('',*,*,#3912,.T.);
#6198=ORIENTED_EDGE('',*,*,#4003,.F.);
#6199=ORIENTED_EDGE('',*,*,#3917,.F.);
#6200=ORIENTED_EDGE('',*,*,#3800,.F.);
#6201=ORIENTED_EDGE('',*,*,#4367,.F.);
#6202=ORIENTED_EDGE('',*,*,#4331,.F.);
#6203=ORIENTED_EDGE('',*,*,#4367,.T.);
#6204=ORIENTED_EDGE('',*,*,#3799,.F.);
#6205=ORIENTED_EDGE('',*,*,#4368,.F.);
#6206=ORIENTED_EDGE('',*,*,#4332,.F.);
#6207=ORIENTED_EDGE('',*,*,#4368,.T.);
#6208=ORIENTED_EDGE('',*,*,#3798,.F.);
#6209=ORIENTED_EDGE('',*,*,#3843,.F.);
#6210=ORIENTED_EDGE('',*,*,#3753,.F.);
#6211=ORIENTED_EDGE('',*,*,#3749,.F.);
#6212=ORIENTED_EDGE('',*,*,#3752,.F.);
#6213=ORIENTED_EDGE('',*,*,#3713,.F.);
#6214=ORIENTED_EDGE('',*,*,#3760,.F.);
#6215=ORIENTED_EDGE('',*,*,#3757,.F.);
#6216=ORIENTED_EDGE('',*,*,#3899,.F.);
#6217=ORIENTED_EDGE('',*,*,#3885,.F.);
#6218=ORIENTED_EDGE('',*,*,#3765,.F.);
#6219=ORIENTED_EDGE('',*,*,#3761,.F.);
#6220=ORIENTED_EDGE('',*,*,#3764,.F.);
#6221=ORIENTED_EDGE('',*,*,#3730,.F.);
#6222=ORIENTED_EDGE('',*,*,#3772,.F.);
#6223=ORIENTED_EDGE('',*,*,#3769,.F.);
#6224=ORIENTED_EDGE('',*,*,#3884,.F.);
#6225=ORIENTED_EDGE('',*,*,#3839,.F.);
#6226=ORIENTED_EDGE('',*,*,#3832,.F.);
#6227=ORIENTED_EDGE('',*,*,#3781,.F.);
#6228=ORIENTED_EDGE('',*,*,#3784,.F.);
#6229=ORIENTED_EDGE('',*,*,#3722,.F.);
#6230=ORIENTED_EDGE('',*,*,#4333,.F.);
#6231=ORIENTED_EDGE('',*,*,#4294,.T.);
#6232=ORIENTED_EDGE('',*,*,#3821,.F.);
#6233=ORIENTED_EDGE('',*,*,#4369,.F.);
#6234=ORIENTED_EDGE('',*,*,#4322,.F.);
#6235=ORIENTED_EDGE('',*,*,#4287,.T.);
#6236=ORIENTED_EDGE('',*,*,#4291,.F.);
#6237=ORIENTED_EDGE('',*,*,#4369,.T.);
#6238=ORIENTED_EDGE('',*,*,#3820,.F.);
#6239=ORIENTED_EDGE('',*,*,#4370,.F.);
#6240=ORIENTED_EDGE('',*,*,#4323,.F.);
#6241=ORIENTED_EDGE('',*,*,#4370,.T.);
#6242=ORIENTED_EDGE('',*,*,#3819,.F.);
#6243=ORIENTED_EDGE('',*,*,#4371,.F.);
#6244=ORIENTED_EDGE('',*,*,#4321,.T.);
#6245=ORIENTED_EDGE('',*,*,#4372,.T.);
#6246=ORIENTED_EDGE('',*,*,#4324,.F.);
#6247=ORIENTED_EDGE('',*,*,#3484,.T.);
#6248=ORIENTED_EDGE('',*,*,#3548,.T.);
#6249=ORIENTED_EDGE('',*,*,#3545,.T.);
#6250=ORIENTED_EDGE('',*,*,#3542,.T.);
#6251=ORIENTED_EDGE('',*,*,#3539,.T.);
#6252=ORIENTED_EDGE('',*,*,#3536,.T.);
#6253=ORIENTED_EDGE('',*,*,#3533,.T.);
#6254=ORIENTED_EDGE('',*,*,#3530,.T.);
#6255=ORIENTED_EDGE('',*,*,#3527,.T.);
#6256=ORIENTED_EDGE('',*,*,#3524,.T.);
#6257=ORIENTED_EDGE('',*,*,#3521,.T.);
#6258=ORIENTED_EDGE('',*,*,#3518,.T.);
#6259=ORIENTED_EDGE('',*,*,#3515,.T.);
#6260=ORIENTED_EDGE('',*,*,#3512,.T.);
#6261=ORIENTED_EDGE('',*,*,#3509,.T.);
#6262=ORIENTED_EDGE('',*,*,#3506,.T.);
#6263=ORIENTED_EDGE('',*,*,#3503,.T.);
#6264=ORIENTED_EDGE('',*,*,#3500,.T.);
#6265=ORIENTED_EDGE('',*,*,#3497,.T.);
#6266=ORIENTED_EDGE('',*,*,#3494,.T.);
#6267=ORIENTED_EDGE('',*,*,#3491,.T.);
#6268=ORIENTED_EDGE('',*,*,#3488,.T.);
#6269=ORIENTED_EDGE('',*,*,#3448,.T.);
#6270=ORIENTED_EDGE('',*,*,#3482,.T.);
#6271=ORIENTED_EDGE('',*,*,#3479,.T.);
#6272=ORIENTED_EDGE('',*,*,#3476,.T.);
#6273=ORIENTED_EDGE('',*,*,#3473,.T.);
#6274=ORIENTED_EDGE('',*,*,#3470,.T.);
#6275=ORIENTED_EDGE('',*,*,#3467,.T.);
#6276=ORIENTED_EDGE('',*,*,#3464,.T.);
#6277=ORIENTED_EDGE('',*,*,#3461,.T.);
#6278=ORIENTED_EDGE('',*,*,#3458,.T.);
#6279=ORIENTED_EDGE('',*,*,#3455,.T.);
#6280=ORIENTED_EDGE('',*,*,#3452,.T.);
#6281=ORIENTED_EDGE('',*,*,#3418,.T.);
#6282=ORIENTED_EDGE('',*,*,#3446,.T.);
#6283=ORIENTED_EDGE('',*,*,#3443,.T.);
#6284=ORIENTED_EDGE('',*,*,#3440,.T.);
#6285=ORIENTED_EDGE('',*,*,#3437,.T.);
#6286=ORIENTED_EDGE('',*,*,#3434,.T.);
#6287=ORIENTED_EDGE('',*,*,#3431,.T.);
#6288=ORIENTED_EDGE('',*,*,#3428,.T.);
#6289=ORIENTED_EDGE('',*,*,#3425,.T.);
#6290=ORIENTED_EDGE('',*,*,#3422,.T.);
#6291=ORIENTED_EDGE('',*,*,#3394,.T.);
#6292=ORIENTED_EDGE('',*,*,#3416,.T.);
#6293=ORIENTED_EDGE('',*,*,#3413,.T.);
#6294=ORIENTED_EDGE('',*,*,#3410,.T.);
#6295=ORIENTED_EDGE('',*,*,#3407,.T.);
#6296=ORIENTED_EDGE('',*,*,#3404,.T.);
#6297=ORIENTED_EDGE('',*,*,#3401,.T.);
#6298=ORIENTED_EDGE('',*,*,#3398,.T.);
#6299=ORIENTED_EDGE('',*,*,#4371,.T.);
#6300=ORIENTED_EDGE('',*,*,#3818,.F.);
#6301=ORIENTED_EDGE('',*,*,#4373,.F.);
#6302=ORIENTED_EDGE('',*,*,#4353,.T.);
#6303=ORIENTED_EDGE('',*,*,#4363,.F.);
#6304=ORIENTED_EDGE('',*,*,#4318,.F.);
#6305=ORIENTED_EDGE('',*,*,#4129,.T.);
#6306=ORIENTED_EDGE('',*,*,#4373,.T.);
#6307=ORIENTED_EDGE('',*,*,#3817,.F.);
#6308=ORIENTED_EDGE('',*,*,#4374,.F.);
#6309=ORIENTED_EDGE('',*,*,#4374,.T.);
#6310=ORIENTED_EDGE('',*,*,#3816,.F.);
#6311=ORIENTED_EDGE('',*,*,#4375,.F.);
#6312=ORIENTED_EDGE('',*,*,#4319,.F.);
#6313=ORIENTED_EDGE('',*,*,#4349,.F.);
#6314=ORIENTED_EDGE('',*,*,#4354,.F.);
#6315=ORIENTED_EDGE('',*,*,#4375,.T.);
#6316=ORIENTED_EDGE('',*,*,#3815,.F.);
#6317=ORIENTED_EDGE('',*,*,#4376,.F.);
#6318=ORIENTED_EDGE('',*,*,#4325,.F.);
#6319=ORIENTED_EDGE('',*,*,#4372,.F.);
#6320=ORIENTED_EDGE('',*,*,#4320,.T.);
#6321=ORIENTED_EDGE('',*,*,#3637,.T.);
#6322=ORIENTED_EDGE('',*,*,#3701,.T.);
#6323=ORIENTED_EDGE('',*,*,#3698,.T.);
#6324=ORIENTED_EDGE('',*,*,#3695,.T.);
#6325=ORIENTED_EDGE('',*,*,#3692,.T.);
#6326=ORIENTED_EDGE('',*,*,#3689,.T.);
#6327=ORIENTED_EDGE('',*,*,#3686,.T.);
#6328=ORIENTED_EDGE('',*,*,#3683,.T.);
#6329=ORIENTED_EDGE('',*,*,#3680,.T.);
#6330=ORIENTED_EDGE('',*,*,#3677,.T.);
#6331=ORIENTED_EDGE('',*,*,#3674,.T.);
#6332=ORIENTED_EDGE('',*,*,#3671,.T.);
#6333=ORIENTED_EDGE('',*,*,#3668,.T.);
#6334=ORIENTED_EDGE('',*,*,#3665,.T.);
#6335=ORIENTED_EDGE('',*,*,#3662,.T.);
#6336=ORIENTED_EDGE('',*,*,#3659,.T.);
#6337=ORIENTED_EDGE('',*,*,#3656,.T.);
#6338=ORIENTED_EDGE('',*,*,#3653,.T.);
#6339=ORIENTED_EDGE('',*,*,#3650,.T.);
#6340=ORIENTED_EDGE('',*,*,#3647,.T.);
#6341=ORIENTED_EDGE('',*,*,#3644,.T.);
#6342=ORIENTED_EDGE('',*,*,#3641,.T.);
#6343=ORIENTED_EDGE('',*,*,#3619,.T.);
#6344=ORIENTED_EDGE('',*,*,#3635,.T.);
#6345=ORIENTED_EDGE('',*,*,#3632,.T.);
#6346=ORIENTED_EDGE('',*,*,#3629,.T.);
#6347=ORIENTED_EDGE('',*,*,#3626,.T.);
#6348=ORIENTED_EDGE('',*,*,#3623,.T.);
#6349=ORIENTED_EDGE('',*,*,#3589,.T.);
#6350=ORIENTED_EDGE('',*,*,#3617,.T.);
#6351=ORIENTED_EDGE('',*,*,#3614,.T.);
#6352=ORIENTED_EDGE('',*,*,#3611,.T.);
#6353=ORIENTED_EDGE('',*,*,#3608,.T.);
#6354=ORIENTED_EDGE('',*,*,#3605,.T.);
#6355=ORIENTED_EDGE('',*,*,#3602,.T.);
#6356=ORIENTED_EDGE('',*,*,#3599,.T.);
#6357=ORIENTED_EDGE('',*,*,#3596,.T.);
#6358=ORIENTED_EDGE('',*,*,#3593,.T.);
#6359=ORIENTED_EDGE('',*,*,#3565,.T.);
#6360=ORIENTED_EDGE('',*,*,#3587,.T.);
#6361=ORIENTED_EDGE('',*,*,#3584,.T.);
#6362=ORIENTED_EDGE('',*,*,#3581,.T.);
#6363=ORIENTED_EDGE('',*,*,#3578,.T.);
#6364=ORIENTED_EDGE('',*,*,#3575,.T.);
#6365=ORIENTED_EDGE('',*,*,#3572,.T.);
#6366=ORIENTED_EDGE('',*,*,#3569,.T.);
#6367=ORIENTED_EDGE('',*,*,#4376,.T.);
#6368=ORIENTED_EDGE('',*,*,#3814,.F.);
#6369=ORIENTED_EDGE('',*,*,#4377,.F.);
#6370=ORIENTED_EDGE('',*,*,#4326,.F.);
#6371=ORIENTED_EDGE('',*,*,#4377,.T.);
#6372=ORIENTED_EDGE('',*,*,#3813,.F.);
#6373=ORIENTED_EDGE('',*,*,#4378,.F.);
#6374=ORIENTED_EDGE('',*,*,#4327,.F.);
#6375=ORIENTED_EDGE('',*,*,#4378,.T.);
#6376=ORIENTED_EDGE('',*,*,#3812,.F.);
#6377=ORIENTED_EDGE('',*,*,#4365,.T.);
#6378=ORIENTED_EDGE('',*,*,#4328,.F.);
#6379=B_SPLINE_SURFACE_WITH_KNOTS('',2,1,((#9118,#9119),(#9120,#9121),(#9122,
#9123)),.UNSPECIFIED.,.F.,.F.,.F.,(3,3),(2,2),(0.,1.),(0.,0.05),
 .UNSPECIFIED.);
#6380=B_SPLINE_SURFACE_WITH_KNOTS('',2,1,((#9136,#9137),(#9138,#9139),(#9140,
#9141)),.UNSPECIFIED.,.F.,.F.,.F.,(3,3),(2,2),(0.,1.),(0.,0.05),
 .UNSPECIFIED.);
#6381=B_SPLINE_SURFACE_WITH_KNOTS('',2,1,((#9349,#9350),(#9351,#9352),(#9353,
#9354)),.UNSPECIFIED.,.F.,.F.,.F.,(3,3),(2,2),(0.,1.),(0.,0.05),
 .UNSPECIFIED.);
#6382=B_SPLINE_SURFACE_WITH_KNOTS('',2,1,((#9367,#9368),(#9369,#9370),(#9371,
#9372)),.UNSPECIFIED.,.F.,.F.,.F.,(3,3),(2,2),(0.,1.),(0.,0.05),
 .UNSPECIFIED.);
#6383=B_SPLINE_SURFACE_WITH_KNOTS('',2,1,((#9382,#9383),(#9384,#9385),(#9386,
#9387)),.UNSPECIFIED.,.F.,.F.,.F.,(3,3),(2,2),(0.,1.),(0.,0.05),
 .UNSPECIFIED.);
#6384=B_SPLINE_SURFACE_WITH_KNOTS('',2,1,((#9397,#9398),(#9399,#9400),(#9401,
#9402)),.UNSPECIFIED.,.F.,.F.,.F.,(3,3),(2,2),(0.,1.),(0.,0.05),
 .UNSPECIFIED.);
#6385=B_SPLINE_SURFACE_WITH_KNOTS('',2,1,((#9412,#9413),(#9414,#9415),(#9416,
#9417)),.UNSPECIFIED.,.F.,.F.,.F.,(3,3),(2,2),(0.,1.),(0.,0.05),
 .UNSPECIFIED.);
#6386=B_SPLINE_SURFACE_WITH_KNOTS('',2,1,((#9427,#9428),(#9429,#9430),(#9431,
#9432)),.UNSPECIFIED.,.F.,.F.,.F.,(3,3),(2,2),(0.,1.),(0.,0.05),
 .UNSPECIFIED.);
#6387=B_SPLINE_SURFACE_WITH_KNOTS('',2,1,((#9442,#9443),(#9444,#9445),(#9446,
#9447)),.UNSPECIFIED.,.F.,.F.,.F.,(3,3),(2,2),(0.,1.),(0.,0.05),
 .UNSPECIFIED.);
#6388=B_SPLINE_SURFACE_WITH_KNOTS('',2,1,((#9457,#9458),(#9459,#9460),(#9461,
#9462)),.UNSPECIFIED.,.F.,.F.,.F.,(3,3),(2,2),(0.,1.),(0.,0.05),
 .UNSPECIFIED.);
#6389=B_SPLINE_SURFACE_WITH_KNOTS('',2,1,((#9472,#9473),(#9474,#9475),(#9476,
#9477)),.UNSPECIFIED.,.F.,.F.,.F.,(3,3),(2,2),(0.,1.),(0.,0.05),
 .UNSPECIFIED.);
#6390=B_SPLINE_SURFACE_WITH_KNOTS('',2,1,((#9493,#9494),(#9495,#9496),(#9497,
#9498)),.UNSPECIFIED.,.F.,.F.,.F.,(3,3),(2,2),(0.,1.),(0.,0.05),
 .UNSPECIFIED.);
#6391=B_SPLINE_SURFACE_WITH_KNOTS('',2,1,((#9508,#9509),(#9510,#9511),(#9512,
#9513)),.UNSPECIFIED.,.F.,.F.,.F.,(3,3),(2,2),(0.,1.),(0.,0.05),
 .UNSPECIFIED.);
#6392=B_SPLINE_SURFACE_WITH_KNOTS('',2,1,((#9523,#9524),(#9525,#9526),(#9527,
#9528)),.UNSPECIFIED.,.F.,.F.,.F.,(3,3),(2,2),(0.,1.),(0.,0.05),
 .UNSPECIFIED.);
#6393=B_SPLINE_SURFACE_WITH_KNOTS('',2,1,((#9538,#9539),(#9540,#9541),(#9542,
#9543)),.UNSPECIFIED.,.F.,.F.,.F.,(3,3),(2,2),(0.,1.),(0.,0.05),
 .UNSPECIFIED.);
#6394=B_SPLINE_SURFACE_WITH_KNOTS('',2,1,((#9553,#9554),(#9555,#9556),(#9557,
#9558)),.UNSPECIFIED.,.F.,.F.,.F.,(3,3),(2,2),(0.,1.),(0.,0.05),
 .UNSPECIFIED.);
#6395=B_SPLINE_SURFACE_WITH_KNOTS('',2,1,((#9568,#9569),(#9570,#9571),(#9572,
#9573)),.UNSPECIFIED.,.F.,.F.,.F.,(3,3),(2,2),(0.,1.),(0.,0.05),
 .UNSPECIFIED.);
#6396=B_SPLINE_SURFACE_WITH_KNOTS('',2,1,((#9583,#9584),(#9585,#9586),(#9587,
#9588)),.UNSPECIFIED.,.F.,.F.,.F.,(3,3),(2,2),(0.,1.),(0.,0.05),
 .UNSPECIFIED.);
#6397=B_SPLINE_SURFACE_WITH_KNOTS('',2,1,((#9598,#9599),(#9600,#9601),(#9602,
#9603)),.UNSPECIFIED.,.F.,.F.,.F.,(3,3),(2,2),(0.,1.),(0.,0.05),
 .UNSPECIFIED.);
#6398=B_SPLINE_SURFACE_WITH_KNOTS('',2,1,((#9613,#9614),(#9615,#9616),(#9617,
#9618)),.UNSPECIFIED.,.F.,.F.,.F.,(3,3),(2,2),(0.,1.),(0.,0.05),
 .UNSPECIFIED.);
#6399=B_SPLINE_SURFACE_WITH_KNOTS('',2,1,((#9628,#9629),(#9630,#9631),(#9632,
#9633)),.UNSPECIFIED.,.F.,.F.,.F.,(3,3),(2,2),(0.,1.),(0.,0.05),
 .UNSPECIFIED.);
#6400=B_SPLINE_SURFACE_WITH_KNOTS('',2,1,((#9649,#9650),(#9651,#9652),(#9653,
#9654)),.UNSPECIFIED.,.F.,.F.,.F.,(3,3),(2,2),(0.,1.),(0.,0.05),
 .UNSPECIFIED.);
#6401=B_SPLINE_SURFACE_WITH_KNOTS('',2,1,((#9663,#9664),(#9665,#9666),(#9667,
#9668)),.UNSPECIFIED.,.F.,.F.,.F.,(3,3),(2,2),(0.,1.),(0.,0.05),
 .UNSPECIFIED.);
#6402=B_SPLINE_SURFACE_WITH_KNOTS('',2,1,((#9681,#9682),(#9683,#9684),(#9685,
#9686)),.UNSPECIFIED.,.F.,.F.,.F.,(3,3),(2,2),(0.,1.),(0.,0.05),
 .UNSPECIFIED.);
#6403=B_SPLINE_SURFACE_WITH_KNOTS('',2,1,((#9858,#9859),(#9860,#9861),(#9862,
#9863)),.UNSPECIFIED.,.F.,.F.,.F.,(3,3),(2,2),(0.,1.),(0.,0.05),
 .UNSPECIFIED.);
#6404=B_SPLINE_SURFACE_WITH_KNOTS('',2,1,((#9876,#9877),(#9878,#9879),(#9880,
#9881)),.UNSPECIFIED.,.F.,.F.,.F.,(3,3),(2,2),(0.,1.),(0.,0.05),
 .UNSPECIFIED.);
#6405=B_SPLINE_SURFACE_WITH_KNOTS('',2,1,((#9891,#9892),(#9893,#9894),(#9895,
#9896)),.UNSPECIFIED.,.F.,.F.,.F.,(3,3),(2,2),(0.,1.),(0.,0.05),
 .UNSPECIFIED.);
#6406=B_SPLINE_SURFACE_WITH_KNOTS('',2,1,((#9906,#9907),(#9908,#9909),(#9910,
#9911)),.UNSPECIFIED.,.F.,.F.,.F.,(3,3),(2,2),(0.,1.),(0.,0.05),
 .UNSPECIFIED.);
#6407=B_SPLINE_SURFACE_WITH_KNOTS('',2,1,((#9921,#9922),(#9923,#9924),(#9925,
#9926)),.UNSPECIFIED.,.F.,.F.,.F.,(3,3),(2,2),(0.,1.),(0.,0.05),
 .UNSPECIFIED.);
#6408=B_SPLINE_SURFACE_WITH_KNOTS('',2,1,((#9936,#9937),(#9938,#9939),(#9940,
#9941)),.UNSPECIFIED.,.F.,.F.,.F.,(3,3),(2,2),(0.,1.),(0.,0.05),
 .UNSPECIFIED.);
#6409=B_SPLINE_SURFACE_WITH_KNOTS('',2,1,((#9951,#9952),(#9953,#9954),(#9955,
#9956)),.UNSPECIFIED.,.F.,.F.,.F.,(3,3),(2,2),(0.,1.),(0.,0.05),
 .UNSPECIFIED.);
#6410=B_SPLINE_SURFACE_WITH_KNOTS('',2,1,((#9966,#9967),(#9968,#9969),(#9970,
#9971)),.UNSPECIFIED.,.F.,.F.,.F.,(3,3),(2,2),(0.,1.),(0.,0.05),
 .UNSPECIFIED.);
#6411=B_SPLINE_SURFACE_WITH_KNOTS('',2,1,((#9981,#9982),(#9983,#9984),(#9985,
#9986)),.UNSPECIFIED.,.F.,.F.,.F.,(3,3),(2,2),(0.,1.),(0.,0.05),
 .UNSPECIFIED.);
#6412=B_SPLINE_SURFACE_WITH_KNOTS('',2,1,((#10002,#10003),(#10004,#10005),
(#10006,#10007)),.UNSPECIFIED.,.F.,.F.,.F.,(3,3),(2,2),(0.,1.),(0.,0.05),
 .UNSPECIFIED.);
#6413=B_SPLINE_SURFACE_WITH_KNOTS('',2,1,((#10017,#10018),(#10019,#10020),
(#10021,#10022)),.UNSPECIFIED.,.F.,.F.,.F.,(3,3),(2,2),(0.,1.),(0.,0.05),
 .UNSPECIFIED.);
#6414=B_SPLINE_SURFACE_WITH_KNOTS('',2,1,((#10032,#10033),(#10034,#10035),
(#10036,#10037)),.UNSPECIFIED.,.F.,.F.,.F.,(3,3),(2,2),(0.,1.),(0.,0.05),
 .UNSPECIFIED.);
#6415=B_SPLINE_SURFACE_WITH_KNOTS('',2,1,((#10047,#10048),(#10049,#10050),
(#10051,#10052)),.UNSPECIFIED.,.F.,.F.,.F.,(3,3),(2,2),(0.,1.),(0.,0.05),
 .UNSPECIFIED.);
#6416=B_SPLINE_SURFACE_WITH_KNOTS('',2,1,((#10062,#10063),(#10064,#10065),
(#10066,#10067)),.UNSPECIFIED.,.F.,.F.,.F.,(3,3),(2,2),(0.,1.),(0.,0.05),
 .UNSPECIFIED.);
#6417=B_SPLINE_SURFACE_WITH_KNOTS('',2,1,((#10077,#10078),(#10079,#10080),
(#10081,#10082)),.UNSPECIFIED.,.F.,.F.,.F.,(3,3),(2,2),(0.,1.),(0.,0.05),
 .UNSPECIFIED.);
#6418=B_SPLINE_SURFACE_WITH_KNOTS('',2,1,((#10092,#10093),(#10094,#10095),
(#10096,#10097)),.UNSPECIFIED.,.F.,.F.,.F.,(3,3),(2,2),(0.,1.),(0.,0.05),
 .UNSPECIFIED.);
#6419=B_SPLINE_SURFACE_WITH_KNOTS('',2,1,((#10107,#10108),(#10109,#10110),
(#10111,#10112)),.UNSPECIFIED.,.F.,.F.,.F.,(3,3),(2,2),(0.,1.),(0.,0.05),
 .UNSPECIFIED.);
#6420=B_SPLINE_SURFACE_WITH_KNOTS('',2,1,((#10122,#10123),(#10124,#10125),
(#10126,#10127)),.UNSPECIFIED.,.F.,.F.,.F.,(3,3),(2,2),(0.,1.),(0.,0.05),
 .UNSPECIFIED.);
#6421=B_SPLINE_SURFACE_WITH_KNOTS('',2,1,((#10137,#10138),(#10139,#10140),
(#10141,#10142)),.UNSPECIFIED.,.F.,.F.,.F.,(3,3),(2,2),(0.,1.),(0.,0.05),
 .UNSPECIFIED.);
#6422=B_SPLINE_SURFACE_WITH_KNOTS('',2,1,((#10158,#10159),(#10160,#10161),
(#10162,#10163)),.UNSPECIFIED.,.F.,.F.,.F.,(3,3),(2,2),(0.,1.),(0.,0.05),
 .UNSPECIFIED.);
#6423=B_SPLINE_SURFACE_WITH_KNOTS('',3,3,((#10172,#10173,#10174,#10175,
#10176,#10177,#10178,#10179,#10180,#10181,#10182,#10183),(#10184,#10185,
#10186,#10187,#10188,#10189,#10190,#10191,#10192,#10193,#10194,#10195),
(#10196,#10197,#10198,#10199,#10200,#10201,#10202,#10203,#10204,#10205,
#10206,#10207),(#10208,#10209,#10210,#10211,#10212,#10213,#10214,#10215,
#10216,#10217,#10218,#10219)),.UNSPECIFIED.,.F.,.F.,.F.,(4,4),(4,2,1,1,
1,1,1,1,4),(0.,1.),(-0.267438872972828,-0.266873183823899,-0.213498547059119,
-0.186811228676729,-0.160123910294339,-0.133436591911949,-0.106749273529559,
-0.0533746367647797,0.),.UNSPECIFIED.);
#6424=B_SPLINE_SURFACE_WITH_KNOTS('',3,3,((#10254,#10255,#10256,#10257,
#10258,#10259,#10260,#10261,#10262,#10263,#10264,#10265),(#10266,#10267,
#10268,#10269,#10270,#10271,#10272,#10273,#10274,#10275,#10276,#10277),
(#10278,#10279,#10280,#10281,#10282,#10283,#10284,#10285,#10286,#10287,
#10288,#10289),(#10290,#10291,#10292,#10293,#10294,#10295,#10296,#10297,
#10298,#10299,#10300,#10301),(#10302,#10303,#10304,#10305,#10306,#10307,
#10308,#10309,#10310,#10311,#10312,#10313)),.UNSPECIFIED.,.F.,.F.,.F.,(4,
1,4),(4,1,1,1,1,1,1,2,4),(0.,0.5,1.),(-0.266873183823899,-0.160123910294339,
-0.133436591911949,-0.10674927352956,-0.0800619551471697,-0.0533746367647798,
-0.0266873183823899,0.,0.000565689148929455),.UNSPECIFIED.);
#6425=B_SPLINE_SURFACE_WITH_KNOTS('',3,3,((#10432,#10433,#10434,#10435,
#10436,#10437,#10438,#10439,#10440,#10441,#10442),(#10443,#10444,#10445,
#10446,#10447,#10448,#10449,#10450,#10451,#10452,#10453),(#10454,#10455,
#10456,#10457,#10458,#10459,#10460,#10461,#10462,#10463,#10464),(#10465,
#10466,#10467,#10468,#10469,#10470,#10471,#10472,#10473,#10474,#10475),
(#10476,#10477,#10478,#10479,#10480,#10481,#10482,#10483,#10484,#10485,
#10486)),.UNSPECIFIED.,.F.,.F.,.F.,(4,1,4),(4,1,1,1,1,1,2,4),(0.,0.5,1.),
(-0.266873183823899,-0.21349854705912,-0.16012391029434,-0.13343659191195,
-0.10674927352956,-0.0533746367647799,0.,0.000565689148929455),
 .UNSPECIFIED.);
#6426=B_SPLINE_SURFACE_WITH_KNOTS('',3,3,((#10528,#10529,#10530,#10531,
#10532,#10533,#10534,#10535),(#10536,#10537,#10538,#10539,#10540,#10541,
#10542,#10543),(#10544,#10545,#10546,#10547,#10548,#10549,#10550,#10551),
(#10552,#10553,#10554,#10555,#10556,#10557,#10558,#10559)),
 .UNSPECIFIED.,.F.,.F.,.F.,(4,4),(4,2,1,1,4),(0.,1.),(-0.267438872972832,
-0.266873183823722,-0.195972286787333,-0.17233865444187,-0.148705022096407),
 .UNSPECIFIED.);
#6427=B_SPLINE_SURFACE_WITH_KNOTS('',3,3,((#10576,#10577,#10578,#10579),
(#10580,#10581,#10582,#10583),(#10584,#10585,#10586,#10587),(#10588,#10589,
#10590,#10591)),.UNSPECIFIED.,.F.,.F.,.F.,(4,4),(4,4),(0.456911726064757,
1.),(-0.917909967994923,-0.907872087613896),.UNSPECIFIED.);
#6428=B_SPLINE_SURFACE_WITH_KNOTS('',3,3,((#10621,#10622,#10623,#10624,
#10625,#10626,#10627,#10628),(#10629,#10630,#10631,#10632,#10633,#10634,
#10635,#10636),(#10637,#10638,#10639,#10640,#10641,#10642,#10643,#10644),
(#10645,#10646,#10647,#10648,#10649,#10650,#10651,#10652),(#10653,#10654,
#10655,#10656,#10657,#10658,#10659,#10660)),.UNSPECIFIED.,.F.,.F.,.F.,(4,
1,4),(4,1,1,2,4),(0.,0.571428571428571,1.),(-0.118168162443901,-0.0709008974663404,
-0.0472672649775603,0.,0.000565689149110185),.UNSPECIFIED.);
#6429=B_SPLINE_SURFACE_WITH_KNOTS('',3,3,((#10676,#10677,#10678,#10679),
(#10680,#10681,#10682,#10683),(#10684,#10685,#10686,#10687),(#10688,#10689,
#10690,#10691)),.UNSPECIFIED.,.F.,.F.,.F.,(4,4),(4,4),(0.456911738994362,
1.),(-0.0100305480903771,-5.76057507866862E-16),.UNSPECIFIED.);
#6430=B_SPLINE_SURFACE_WITH_KNOTS('',3,3,((#10723,#10724,#10725,#10726,
#10727,#10728,#10729,#10730),(#10731,#10732,#10733,#10734,#10735,#10736,
#10737,#10738),(#10739,#10740,#10741,#10742,#10743,#10744,#10745,#10746),
(#10747,#10748,#10749,#10750,#10751,#10752,#10753,#10754)),
 .UNSPECIFIED.,.F.,.F.,.F.,(4,4),(4,2,1,1,4),(0.,1.),(-0.26743887297283,
-0.266873183823814,-0.219605919132852,-0.19597228678737,-0.148705022096408),
 .UNSPECIFIED.);
#6431=B_SPLINE_SURFACE_WITH_KNOTS('',3,3,((#10772,#10773,#10774,#10775),
(#10776,#10777,#10778,#10779),(#10780,#10781,#10782,#10783),(#10784,#10785,
#10786,#10787)),.UNSPECIFIED.,.F.,.F.,.F.,(4,4),(4,4),(0.45691172606476,
1.),(-0.917909967995016,-0.907872087613986),.UNSPECIFIED.);
#6432=B_SPLINE_SURFACE_WITH_KNOTS('',3,3,((#10817,#10818,#10819,#10820,
#10821,#10822,#10823,#10824),(#10825,#10826,#10827,#10828,#10829,#10830,
#10831,#10832),(#10833,#10834,#10835,#10836,#10837,#10838,#10839,#10840),
(#10841,#10842,#10843,#10844,#10845,#10846,#10847,#10848),(#10849,#10850,
#10851,#10852,#10853,#10854,#10855,#10856)),.UNSPECIFIED.,.F.,.F.,.F.,(4,
1,4),(4,1,1,2,4),(0.,0.571428571428571,1.),(-0.118168162443902,-0.0709008974663411,
-0.0472672649775607,0.,0.000565689149110185),.UNSPECIFIED.);
#6433=B_SPLINE_SURFACE_WITH_KNOTS('',3,3,((#10872,#10873,#10874,#10875),
(#10876,#10877,#10878,#10879),(#10880,#10881,#10882,#10883),(#10884,#10885,
#10886,#10887)),.UNSPECIFIED.,.F.,.F.,.F.,(4,4),(4,4),(0.456911738994358,
1.),(-0.0100305480903759,-1.33596516546551E-15),.UNSPECIFIED.);
#6434=B_SPLINE_SURFACE_WITH_KNOTS('',3,3,((#10919,#10920,#10921,#10922,
#10923,#10924,#10925,#10926,#10927,#10928,#10929,#10930),(#10931,#10932,
#10933,#10934,#10935,#10936,#10937,#10938,#10939,#10940,#10941,#10942),
(#10943,#10944,#10945,#10946,#10947,#10948,#10949,#10950,#10951,#10952,
#10953,#10954),(#10955,#10956,#10957,#10958,#10959,#10960,#10961,#10962,
#10963,#10964,#10965,#10966)),.UNSPECIFIED.,.F.,.F.,.F.,(4,4),(4,2,1,1,
1,1,1,1,4),(0.,1.),(-0.267438872972829,-0.266873183823899,-0.21349854705912,
-0.18681122867673,-0.16012391029434,-0.13343659191195,-0.10674927352956,
-0.0533746367647799,0.),.UNSPECIFIED.);
#6435=B_SPLINE_SURFACE_WITH_KNOTS('',3,3,((#10985,#10986,#10987,#10988,
#10989,#10990),(#10991,#10992,#10993,#10994,#10995,#10996),(#10997,#10998,
#10999,#11000,#11001,#11002),(#11003,#11004,#11005,#11006,#11007,#11008),
(#11009,#11010,#11011,#11012,#11013,#11014)),.UNSPECIFIED.,.F.,.F.,.F.,
(4,1,4),(4,1,1,4),(0.,0.5,1.),(-1.5707963267949,-0.897597901025656,-0.448798950512828,
5.55832470919749E-17),.UNSPECIFIED.);
#6436=B_SPLINE_SURFACE_WITH_KNOTS('',3,3,((#11022,#11023,#11024,#11025),
(#11026,#11027,#11028,#11029),(#11030,#11031,#11032,#11033),(#11034,#11035,
#11036,#11037)),.UNSPECIFIED.,.F.,.F.,.F.,(4,4),(4,4),(0.,1.),(-6.28318530717959,
-5.60765893227955),.UNSPECIFIED.);
#6437=B_SPLINE_SURFACE_WITH_KNOTS('',3,3,((#11046,#11047,#11048,#11049),
(#11050,#11051,#11052,#11053),(#11054,#11055,#11056,#11057),(#11058,#11059,
#11060,#11061)),.UNSPECIFIED.,.F.,.F.,.F.,(4,4),(4,4),(0.0668768572301471,
1.),(0.675526374900024,0.765109742365769),.UNSPECIFIED.);
#6438=B_SPLINE_SURFACE_WITH_KNOTS('',3,3,((#11372,#11373,#11374,#11375,
#11376,#11377,#11378,#11379),(#11380,#11381,#11382,#11383,#11384,#11385,
#11386,#11387),(#11388,#11389,#11390,#11391,#11392,#11393,#11394,#11395),
(#11396,#11397,#11398,#11399,#11400,#11401,#11402,#11403),(#11404,#11405,
#11406,#11407,#11408,#11409,#11410,#11411)),.UNSPECIFIED.,.F.,.F.,.F.,(4,
1,4),(4,1,1,2,4),(0.,0.5,1.),(-0.109364880892446,-0.0437459523569783,-0.0218729761784892,
0.,0.000632463834611829),.UNSPECIFIED.);
#6439=B_SPLINE_SURFACE_WITH_KNOTS('',3,3,((#11439,#11440,#11441,#11442),
(#11443,#11444,#11445,#11446),(#11447,#11448,#11449,#11450),(#11451,#11452,
#11453,#11454)),.UNSPECIFIED.,.F.,.F.,.F.,(4,4),(4,4),(0.559053662574254,
1.),(-0.00966060416631166,-1.74705852901322E-15),.UNSPECIFIED.);
#6440=B_SPLINE_SURFACE_WITH_KNOTS('',3,3,((#11487,#11488,#11489,#11490),
(#11491,#11492,#11493,#11494),(#11495,#11496,#11497,#11498),(#11499,#11500,
#11501,#11502)),.UNSPECIFIED.,.F.,.F.,.F.,(4,4),(4,4),(0.,1.),(-0.523883478577305,
4.94049245958195E-15),.UNSPECIFIED.);
#6441=B_SPLINE_SURFACE_WITH_KNOTS('',3,3,((#11522,#11523,#11524,#11525,
#11526,#11527),(#11528,#11529,#11530,#11531,#11532,#11533),(#11534,#11535,
#11536,#11537,#11538,#11539),(#11540,#11541,#11542,#11543,#11544,#11545),
(#11546,#11547,#11548,#11549,#11550,#11551)),.UNSPECIFIED.,.F.,.F.,.F.,
(4,1,4),(4,1,1,4),(0.,0.571428571428571,1.),(-6.28318530717958,-5.83438635666676,
-5.38558740615393,-4.71238898038469),.UNSPECIFIED.);
#6442=B_SPLINE_SURFACE_WITH_KNOTS('',3,3,((#11563,#11564,#11565,#11566,
#11567,#11568,#11569,#11570,#11571,#11572,#11573,#11574),(#11575,#11576,
#11577,#11578,#11579,#11580,#11581,#11582,#11583,#11584,#11585,#11586),
(#11587,#11588,#11589,#11590,#11591,#11592,#11593,#11594,#11595,#11596,
#11597,#11598),(#11599,#11600,#11601,#11602,#11603,#11604,#11605,#11606,
#11607,#11608,#11609,#11610),(#11611,#11612,#11613,#11614,#11615,#11616,
#11617,#11618,#11619,#11620,#11621,#11622)),.UNSPECIFIED.,.F.,.F.,.F.,(4,
1,4),(4,1,1,1,1,1,1,2,4),(0.,0.571428571428571,1.),(-0.321319982119028,
-0.257055985695222,-0.192791989271416,-0.160659991059514,-0.128527992847611,
-0.0642639964238055,-0.0321319982119027,0.,0.000632463834747799),
 .UNSPECIFIED.);
#6443=B_SPLINE_SURFACE_WITH_KNOTS('',3,3,((#11648,#11649,#11650,#11651),
(#11652,#11653,#11654,#11655),(#11656,#11657,#11658,#11659),(#11660,#11661,
#11662,#11663)),.UNSPECIFIED.,.F.,.F.,.F.,(4,4),(4,4),(0.0252722119509239,
1.),(-0.616341979828509,-0.523883478577302),.UNSPECIFIED.);
#6444=B_SPLINE_SURFACE_WITH_KNOTS('',3,3,((#11713,#11714,#11715,#11716,
#11717,#11718,#11719,#11720),(#11721,#11722,#11723,#11724,#11725,#11726,
#11727,#11728),(#11729,#11730,#11731,#11732,#11733,#11734,#11735,#11736),
(#11737,#11738,#11739,#11740,#11741,#11742,#11743,#11744)),
 .UNSPECIFIED.,.F.,.F.,.F.,(4,4),(4,2,1,1,4),(0.,1.),(-0.321952445953776,
-0.321319982119164,-0.255701053530158,-0.233828077333823,-0.211955101137487),
 .UNSPECIFIED.);
#6445=B_SPLINE_SURFACE_WITH_KNOTS('',3,3,((#11771,#11772,#11773,#11774),
(#11775,#11776,#11777,#11778),(#11779,#11780,#11781,#11782),(#11783,#11784,
#11785,#11786)),.UNSPECIFIED.,.F.,.F.,.F.,(4,4),(4,4),(0.559053663892405,
1.),(-1.15867586450066,-1.14899133835599),.UNSPECIFIED.);
#6446=B_SPLINE_SURFACE_WITH_KNOTS('',3,3,((#11854,#11855,#11856,#11857,
#11858,#11859,#11860,#11861,#11862,#11863,#11864,#11865),(#11866,#11867,
#11868,#11869,#11870,#11871,#11872,#11873,#11874,#11875,#11876,#11877),
(#11878,#11879,#11880,#11881,#11882,#11883,#11884,#11885,#11886,#11887,
#11888,#11889),(#11890,#11891,#11892,#11893,#11894,#11895,#11896,#11897,
#11898,#11899,#11900,#11901),(#11902,#11903,#11904,#11905,#11906,#11907,
#11908,#11909,#11910,#11911,#11912,#11913)),.UNSPECIFIED.,.F.,.F.,.F.,(4,
1,4),(4,2,1,1,1,1,1,1,4),(0.,0.571428571428571,1.),(-0.321952445953777,
-0.321319982118906,-0.257055985695125,-0.224923987483234,-0.192791989271344,
-0.160659991059453,-0.128527992847562,-0.0642639964237812,0.),
 .UNSPECIFIED.);
#6447=B_SPLINE_SURFACE_WITH_KNOTS('',3,3,((#12106,#12107,#12108,#12109,
#12110,#12111,#12112,#12113,#12114,#12115,#12116,#12117),(#12118,#12119,
#12120,#12121,#12122,#12123,#12124,#12125,#12126,#12127,#12128,#12129),
(#12130,#12131,#12132,#12133,#12134,#12135,#12136,#12137,#12138,#12139,
#12140,#12141),(#12142,#12143,#12144,#12145,#12146,#12147,#12148,#12149,
#12150,#12151,#12152,#12153),(#12154,#12155,#12156,#12157,#12158,#12159,
#12160,#12161,#12162,#12163,#12164,#12165),(#12166,#12167,#12168,#12169,
#12170,#12171,#12172,#12173,#12174,#12175,#12176,#12177),(#12178,#12179,
#12180,#12181,#12182,#12183,#12184,#12185,#12186,#12187,#12188,#12189)),
 .UNSPECIFIED.,.F.,.F.,.F.,(4,1,1,1,4),(4,1,1,1,1,1,1,2,4),(0.,0.285714285714286,
0.571428571428571,0.785714285714286,1.),(0.,0.00401168596883646,0.00802337193767292,
0.0160467438753458,0.0320934877506917,0.0481402316260375,0.0641869755013834,
0.0802337193767292,0.080819695294088),.UNSPECIFIED.);
#6448=B_SPLINE_SURFACE_WITH_KNOTS('',3,3,((#12218,#12219,#12220,#12221,
#12222,#12223,#12224,#12225,#12226),(#12227,#12228,#12229,#12230,#12231,
#12232,#12233,#12234,#12235),(#12236,#12237,#12238,#12239,#12240,#12241,
#12242,#12243,#12244),(#12245,#12246,#12247,#12248,#12249,#12250,#12251,
#12252,#12253),(#12254,#12255,#12256,#12257,#12258,#12259,#12260,#12261,
#12262),(#12263,#12264,#12265,#12266,#12267,#12268,#12269,#12270,#12271)),
 .UNSPECIFIED.,.F.,.F.,.F.,(4,1,1,4),(4,1,1,1,2,4),(0.,0.285714285714286,
0.571428571428571,1.),(-0.00998163980419653,-0.00798531184335722,-0.00598898388251792,
-0.00399265592167861,0.,0.000155594810259173),.UNSPECIFIED.);
#6449=ADVANCED_FACE('',(#584),#6379,.F.);
#6450=ADVANCED_FACE('',(#585),#6380,.F.);
#6451=ADVANCED_FACE('',(#586),#407,.F.);
#6452=ADVANCED_FACE('',(#587),#408,.F.);
#6453=ADVANCED_FACE('',(#588),#409,.F.);
#6454=ADVANCED_FACE('',(#589),#410,.F.);
#6455=ADVANCED_FACE('',(#590),#411,.F.);
#6456=ADVANCED_FACE('',(#591),#412,.F.);
#6457=ADVANCED_FACE('',(#592),#413,.F.);
#6458=ADVANCED_FACE('',(#593),#414,.F.);
#6459=ADVANCED_FACE('',(#594),#415,.F.);
#6460=ADVANCED_FACE('',(#595),#416,.F.);
#6461=ADVANCED_FACE('',(#596),#417,.F.);
#6462=ADVANCED_FACE('',(#597,#388),#418,.T.);
#6463=ADVANCED_FACE('',(#598),#419,.F.);
#6464=ADVANCED_FACE('',(#599),#420,.F.);
#6465=ADVANCED_FACE('',(#600),#421,.F.);
#6466=ADVANCED_FACE('',(#601),#422,.F.);
#6467=ADVANCED_FACE('',(#602),#423,.F.);
#6468=ADVANCED_FACE('',(#603),#424,.F.);
#6469=ADVANCED_FACE('',(#604),#425,.F.);
#6470=ADVANCED_FACE('',(#605),#426,.F.);
#6471=ADVANCED_FACE('',(#606),#427,.F.);
#6472=ADVANCED_FACE('',(#607),#428,.F.);
#6473=ADVANCED_FACE('',(#608),#429,.F.);
#6474=ADVANCED_FACE('',(#609),#430,.F.);
#6475=ADVANCED_FACE('',(#610),#431,.F.);
#6476=ADVANCED_FACE('',(#611),#432,.F.);
#6477=ADVANCED_FACE('',(#612),#433,.F.);
#6478=ADVANCED_FACE('',(#613),#434,.F.);
#6479=ADVANCED_FACE('',(#614),#435,.F.);
#6480=ADVANCED_FACE('',(#615),#436,.F.);
#6481=ADVANCED_FACE('',(#616),#437,.F.);
#6482=ADVANCED_FACE('',(#617),#438,.F.);
#6483=ADVANCED_FACE('',(#618),#439,.F.);
#6484=ADVANCED_FACE('',(#619),#440,.F.);
#6485=ADVANCED_FACE('',(#620),#441,.F.);
#6486=ADVANCED_FACE('',(#621),#442,.F.);
#6487=ADVANCED_FACE('',(#622),#6381,.F.);
#6488=ADVANCED_FACE('',(#623),#6382,.F.);
#6489=ADVANCED_FACE('',(#624),#6383,.F.);
#6490=ADVANCED_FACE('',(#625),#6384,.F.);
#6491=ADVANCED_FACE('',(#626),#6385,.F.);
#6492=ADVANCED_FACE('',(#627),#6386,.F.);
#6493=ADVANCED_FACE('',(#628),#6387,.F.);
#6494=ADVANCED_FACE('',(#629),#6388,.F.);
#6495=ADVANCED_FACE('',(#630),#6389,.F.);
#6496=ADVANCED_FACE('',(#631),#443,.F.);
#6497=ADVANCED_FACE('',(#632),#6390,.F.);
#6498=ADVANCED_FACE('',(#633),#6391,.F.);
#6499=ADVANCED_FACE('',(#634),#6392,.F.);
#6500=ADVANCED_FACE('',(#635),#6393,.F.);
#6501=ADVANCED_FACE('',(#636),#6394,.F.);
#6502=ADVANCED_FACE('',(#637),#6395,.F.);
#6503=ADVANCED_FACE('',(#638),#6396,.F.);
#6504=ADVANCED_FACE('',(#639),#6397,.F.);
#6505=ADVANCED_FACE('',(#640),#6398,.F.);
#6506=ADVANCED_FACE('',(#641),#6399,.F.);
#6507=ADVANCED_FACE('',(#642),#444,.F.);
#6508=ADVANCED_FACE('',(#643),#6400,.F.);
#6509=ADVANCED_FACE('',(#644),#445,.T.);
#6510=ADVANCED_FACE('',(#645),#446,.T.);
#6511=ADVANCED_FACE('',(#646),#6401,.F.);
#6512=ADVANCED_FACE('',(#647),#6402,.F.);
#6513=ADVANCED_FACE('',(#648),#447,.F.);
#6514=ADVANCED_FACE('',(#649),#448,.F.);
#6515=ADVANCED_FACE('',(#650),#449,.F.);
#6516=ADVANCED_FACE('',(#651),#450,.F.);
#6517=ADVANCED_FACE('',(#652),#451,.F.);
#6518=ADVANCED_FACE('',(#653),#452,.F.);
#6519=ADVANCED_FACE('',(#654),#453,.F.);
#6520=ADVANCED_FACE('',(#655),#454,.F.);
#6521=ADVANCED_FACE('',(#656),#455,.F.);
#6522=ADVANCED_FACE('',(#657),#456,.F.);
#6523=ADVANCED_FACE('',(#658),#457,.F.);
#6524=ADVANCED_FACE('',(#659,#389),#458,.T.);
#6525=ADVANCED_FACE('',(#660),#459,.F.);
#6526=ADVANCED_FACE('',(#661),#460,.F.);
#6527=ADVANCED_FACE('',(#662),#461,.F.);
#6528=ADVANCED_FACE('',(#663),#462,.F.);
#6529=ADVANCED_FACE('',(#664),#463,.F.);
#6530=ADVANCED_FACE('',(#665),#464,.F.);
#6531=ADVANCED_FACE('',(#666),#465,.F.);
#6532=ADVANCED_FACE('',(#667),#466,.F.);
#6533=ADVANCED_FACE('',(#668),#467,.F.);
#6534=ADVANCED_FACE('',(#669),#468,.F.);
#6535=ADVANCED_FACE('',(#670),#469,.F.);
#6536=ADVANCED_FACE('',(#671),#470,.F.);
#6537=ADVANCED_FACE('',(#672),#471,.F.);
#6538=ADVANCED_FACE('',(#673),#472,.F.);
#6539=ADVANCED_FACE('',(#674),#473,.F.);
#6540=ADVANCED_FACE('',(#675),#474,.F.);
#6541=ADVANCED_FACE('',(#676),#475,.F.);
#6542=ADVANCED_FACE('',(#677),#476,.F.);
#6543=ADVANCED_FACE('',(#678),#6403,.F.);
#6544=ADVANCED_FACE('',(#679),#6404,.F.);
#6545=ADVANCED_FACE('',(#680),#6405,.F.);
#6546=ADVANCED_FACE('',(#681),#6406,.F.);
#6547=ADVANCED_FACE('',(#682),#6407,.F.);
#6548=ADVANCED_FACE('',(#683),#6408,.F.);
#6549=ADVANCED_FACE('',(#684),#6409,.F.);
#6550=ADVANCED_FACE('',(#685),#6410,.F.);
#6551=ADVANCED_FACE('',(#686),#6411,.F.);
#6552=ADVANCED_FACE('',(#687),#477,.F.);
#6553=ADVANCED_FACE('',(#688),#6412,.F.);
#6554=ADVANCED_FACE('',(#689),#6413,.F.);
#6555=ADVANCED_FACE('',(#690),#6414,.F.);
#6556=ADVANCED_FACE('',(#691),#6415,.F.);
#6557=ADVANCED_FACE('',(#692),#6416,.F.);
#6558=ADVANCED_FACE('',(#693),#6417,.F.);
#6559=ADVANCED_FACE('',(#694),#6418,.F.);
#6560=ADVANCED_FACE('',(#695),#6419,.F.);
#6561=ADVANCED_FACE('',(#696),#6420,.F.);
#6562=ADVANCED_FACE('',(#697),#6421,.F.);
#6563=ADVANCED_FACE('',(#698),#478,.F.);
#6564=ADVANCED_FACE('',(#699),#6422,.F.);
#6565=ADVANCED_FACE('',(#700),#479,.T.);
#6566=ADVANCED_FACE('',(#701),#480,.T.);
#6567=ADVANCED_FACE('',(#702),#6423,.T.);
#6568=ADVANCED_FACE('',(#703),#89,.F.);
#6569=ADVANCED_FACE('',(#704),#6424,.T.);
#6570=ADVANCED_FACE('',(#705),#481,.T.);
#6571=ADVANCED_FACE('',(#706),#6425,.T.);
#6572=ADVANCED_FACE('',(#707),#90,.F.);
#6573=ADVANCED_FACE('',(#708),#482,.T.);
#6574=ADVANCED_FACE('',(#709),#21,.T.);
#6575=ADVANCED_FACE('',(#710),#6426,.T.);
#6576=ADVANCED_FACE('',(#711),#6427,.T.);
#6577=ADVANCED_FACE('',(#712),#22,.T.);
#6578=ADVANCED_FACE('',(#713),#6428,.T.);
#6579=ADVANCED_FACE('',(#714),#6429,.T.);
#6580=ADVANCED_FACE('',(#715),#6430,.T.);
#6581=ADVANCED_FACE('',(#716),#6431,.T.);
#6582=ADVANCED_FACE('',(#717),#23,.T.);
#6583=ADVANCED_FACE('',(#718),#6432,.T.);
#6584=ADVANCED_FACE('',(#719),#6433,.T.);
#6585=ADVANCED_FACE('',(#720),#6434,.T.);
#6586=ADVANCED_FACE('',(#721),#91,.F.);
#6587=ADVANCED_FACE('',(#722),#6435,.T.);
#6588=ADVANCED_FACE('',(#723),#92,.F.);
#6589=ADVANCED_FACE('',(#724),#6436,.T.);
#6590=ADVANCED_FACE('',(#725),#6437,.T.);
#6591=ADVANCED_FACE('',(#726),#24,.T.);
#6592=ADVANCED_FACE('',(#727),#93,.T.);
#6593=ADVANCED_FACE('',(#728),#94,.T.);
#6594=ADVANCED_FACE('',(#729,#390),#483,.T.);
#6595=ADVANCED_FACE('',(#730),#484,.T.);
#6596=ADVANCED_FACE('',(#731),#485,.T.);
#6597=ADVANCED_FACE('',(#732),#486,.T.);
#6598=ADVANCED_FACE('',(#733),#95,.T.);
#6599=ADVANCED_FACE('',(#734),#96,.T.);
#6600=ADVANCED_FACE('',(#735),#487,.F.);
#6601=ADVANCED_FACE('',(#736),#488,.F.);
#6602=ADVANCED_FACE('',(#737),#97,.T.);
#6603=ADVANCED_FACE('',(#738),#25,.T.);
#6604=ADVANCED_FACE('',(#739),#26,.T.);
#6605=ADVANCED_FACE('',(#740),#98,.T.);
#6606=ADVANCED_FACE('',(#741),#27,.T.);
#6607=ADVANCED_FACE('',(#742),#99,.T.);
#6608=ADVANCED_FACE('',(#743),#489,.T.);
#6609=ADVANCED_FACE('',(#744),#100,.T.);
#6610=ADVANCED_FACE('',(#745),#28,.T.);
#6611=ADVANCED_FACE('',(#746),#101,.T.);
#6612=ADVANCED_FACE('',(#747),#29,.T.);
#6613=ADVANCED_FACE('',(#748),#102,.T.);
#6614=ADVANCED_FACE('',(#749),#30,.T.);
#6615=ADVANCED_FACE('',(#750),#31,.T.);
#6616=ADVANCED_FACE('',(#751),#32,.T.);
#6617=ADVANCED_FACE('',(#752),#103,.T.);
#6618=ADVANCED_FACE('',(#753),#33,.T.);
#6619=ADVANCED_FACE('',(#754),#490,.F.);
#6620=ADVANCED_FACE('',(#755),#104,.T.);
#6621=ADVANCED_FACE('',(#756),#34,.T.);
#6622=ADVANCED_FACE('',(#757),#105,.T.);
#6623=ADVANCED_FACE('',(#758),#35,.T.);
#6624=ADVANCED_FACE('',(#759),#106,.T.);
#6625=ADVANCED_FACE('',(#760),#36,.T.);
#6626=ADVANCED_FACE('',(#761),#107,.F.);
#6627=ADVANCED_FACE('',(#762),#491,.T.);
#6628=ADVANCED_FACE('',(#763),#108,.F.);
#6629=ADVANCED_FACE('',(#764),#492,.T.);
#6630=ADVANCED_FACE('',(#765),#109,.F.);
#6631=ADVANCED_FACE('',(#766),#493,.T.);
#6632=ADVANCED_FACE('',(#767),#110,.F.);
#6633=ADVANCED_FACE('',(#768),#494,.T.);
#6634=ADVANCED_FACE('',(#769),#111,.F.);
#6635=ADVANCED_FACE('',(#770),#495,.T.);
#6636=ADVANCED_FACE('',(#771),#112,.F.);
#6637=ADVANCED_FACE('',(#772),#496,.T.);
#6638=ADVANCED_FACE('',(#773),#113,.F.);
#6639=ADVANCED_FACE('',(#774),#114,.F.);
#6640=ADVANCED_FACE('',(#775),#6438,.T.);
#6641=ADVANCED_FACE('',(#776),#6439,.T.);
#6642=ADVANCED_FACE('',(#777),#497,.T.);
#6643=ADVANCED_FACE('',(#778),#6440,.T.);
#6644=ADVANCED_FACE('',(#779),#115,.F.);
#6645=ADVANCED_FACE('',(#780),#6441,.T.);
#6646=ADVANCED_FACE('',(#781),#116,.F.);
#6647=ADVANCED_FACE('',(#782),#6442,.T.);
#6648=ADVANCED_FACE('',(#783),#6443,.T.);
#6649=ADVANCED_FACE('',(#784),#6444,.T.);
#6650=ADVANCED_FACE('',(#785),#6445,.T.);
#6651=ADVANCED_FACE('',(#786),#117,.T.);
#6652=ADVANCED_FACE('',(#787),#498,.T.);
#6653=ADVANCED_FACE('',(#788),#37,.T.);
#6654=ADVANCED_FACE('',(#789),#499,.T.);
#6655=ADVANCED_FACE('',(#790),#118,.F.);
#6656=ADVANCED_FACE('',(#791),#6446,.T.);
#6657=ADVANCED_FACE('',(#792),#38,.T.);
#6658=ADVANCED_FACE('',(#793),#16,.T.);
#6659=ADVANCED_FACE('',(#794),#17,.T.);
#6660=ADVANCED_FACE('',(#795),#119,.T.);
#6661=ADVANCED_FACE('',(#796),#120,.T.);
#6662=ADVANCED_FACE('',(#797),#121,.T.);
#6663=ADVANCED_FACE('',(#798),#122,.T.);
#6664=ADVANCED_FACE('',(#799),#500,.T.);
#6665=ADVANCED_FACE('',(#800),#39,.T.);
#6666=ADVANCED_FACE('',(#801),#123,.T.);
#6667=ADVANCED_FACE('',(#802),#40,.T.);
#6668=ADVANCED_FACE('',(#803),#124,.T.);
#6669=ADVANCED_FACE('',(#804),#41,.T.);
#6670=ADVANCED_FACE('',(#805),#125,.T.);
#6671=ADVANCED_FACE('',(#806),#42,.T.);
#6672=ADVANCED_FACE('',(#807),#126,.T.);
#6673=ADVANCED_FACE('',(#808),#43,.T.);
#6674=ADVANCED_FACE('',(#809),#127,.T.);
#6675=ADVANCED_FACE('',(#810),#44,.T.);
#6676=ADVANCED_FACE('',(#811),#128,.T.);
#6677=ADVANCED_FACE('',(#812),#129,.F.);
#6678=ADVANCED_FACE('',(#813),#501,.T.);
#6679=ADVANCED_FACE('',(#814),#130,.F.);
#6680=ADVANCED_FACE('',(#815),#502,.T.);
#6681=ADVANCED_FACE('',(#816),#131,.F.);
#6682=ADVANCED_FACE('',(#817),#132,.F.);
#6683=ADVANCED_FACE('',(#818),#503,.T.);
#6684=ADVANCED_FACE('',(#819),#504,.T.);
#6685=ADVANCED_FACE('',(#820),#133,.F.);
#6686=ADVANCED_FACE('',(#821),#505,.T.);
#6687=ADVANCED_FACE('',(#822),#134,.F.);
#6688=ADVANCED_FACE('',(#823),#506,.T.);
#6689=ADVANCED_FACE('',(#824),#135,.T.);
#6690=ADVANCED_FACE('',(#825),#507,.T.);
#6691=ADVANCED_FACE('',(#826),#508,.T.);
#6692=ADVANCED_FACE('',(#827),#136,.F.);
#6693=ADVANCED_FACE('',(#828),#509,.T.);
#6694=ADVANCED_FACE('',(#829),#510,.T.);
#6695=ADVANCED_FACE('',(#830),#6447,.T.);
#6696=ADVANCED_FACE('',(#831),#6448,.T.);
#6697=ADVANCED_FACE('',(#832),#18,.F.);
#6698=ADVANCED_FACE('',(#833),#137,.F.);
#6699=ADVANCED_FACE('',(#834),#138,.F.);
#6700=ADVANCED_FACE('',(#835),#139,.F.);
#6701=ADVANCED_FACE('',(#836),#140,.F.);
#6702=ADVANCED_FACE('',(#837),#141,.F.);
#6703=ADVANCED_FACE('',(#838),#142,.F.);
#6704=ADVANCED_FACE('',(#839),#15,.T.);
#6705=ADVANCED_FACE('',(#840),#45,.F.);
#6706=ADVANCED_FACE('',(#841),#46,.F.);
#6707=ADVANCED_FACE('',(#842),#143,.F.);
#6708=ADVANCED_FACE('',(#843),#144,.F.);
#6709=ADVANCED_FACE('',(#844),#145,.F.);
#6710=ADVANCED_FACE('',(#845),#47,.F.);
#6711=ADVANCED_FACE('',(#846),#48,.F.);
#6712=ADVANCED_FACE('',(#847),#146,.F.);
#6713=ADVANCED_FACE('',(#848),#49,.F.);
#6714=ADVANCED_FACE('',(#849),#19,.F.);
#6715=ADVANCED_FACE('',(#850),#147,.F.);
#6716=ADVANCED_FACE('',(#851),#148,.F.);
#6717=ADVANCED_FACE('',(#852),#149,.F.);
#6718=ADVANCED_FACE('',(#853),#20,.F.);
#6719=ADVANCED_FACE('',(#854),#511,.T.);
#6720=ADVANCED_FACE('',(#855),#512,.T.);
#6721=ADVANCED_FACE('',(#856,#391),#513,.F.);
#6722=ADVANCED_FACE('',(#857),#514,.T.);
#6723=ADVANCED_FACE('',(#858),#515,.T.);
#6724=ADVANCED_FACE('',(#859),#516,.T.);
#6725=ADVANCED_FACE('',(#860),#517,.T.);
#6726=ADVANCED_FACE('',(#861),#518,.T.);
#6727=ADVANCED_FACE('',(#862),#519,.T.);
#6728=ADVANCED_FACE('',(#863),#520,.T.);
#6729=ADVANCED_FACE('',(#864),#521,.T.);
#6730=ADVANCED_FACE('',(#865),#522,.T.);
#6731=ADVANCED_FACE('',(#866),#523,.T.);
#6732=ADVANCED_FACE('',(#867),#524,.T.);
#6733=ADVANCED_FACE('',(#868),#525,.T.);
#6734=ADVANCED_FACE('',(#869),#526,.T.);
#6735=ADVANCED_FACE('',(#870),#527,.T.);
#6736=ADVANCED_FACE('',(#871),#528,.T.);
#6737=ADVANCED_FACE('',(#872),#150,.T.);
#6738=ADVANCED_FACE('',(#873),#151,.T.);
#6739=ADVANCED_FACE('',(#874),#529,.T.);
#6740=ADVANCED_FACE('',(#875),#530,.T.);
#6741=ADVANCED_FACE('',(#876),#152,.T.);
#6742=ADVANCED_FACE('',(#877),#153,.T.);
#6743=ADVANCED_FACE('',(#878),#531,.T.);
#6744=ADVANCED_FACE('',(#879),#532,.T.);
#6745=ADVANCED_FACE('',(#880),#154,.T.);
#6746=ADVANCED_FACE('',(#881),#155,.T.);
#6747=ADVANCED_FACE('',(#882),#533,.T.);
#6748=ADVANCED_FACE('',(#883),#534,.T.);
#6749=ADVANCED_FACE('',(#884),#156,.T.);
#6750=ADVANCED_FACE('',(#885),#157,.T.);
#6751=ADVANCED_FACE('',(#886),#158,.T.);
#6752=ADVANCED_FACE('',(#887),#159,.T.);
#6753=ADVANCED_FACE('',(#888),#160,.T.);
#6754=ADVANCED_FACE('',(#889),#161,.T.);
#6755=ADVANCED_FACE('',(#890),#535,.T.);
#6756=ADVANCED_FACE('',(#891),#536,.T.);
#6757=ADVANCED_FACE('',(#892),#162,.T.);
#6758=ADVANCED_FACE('',(#893),#163,.T.);
#6759=ADVANCED_FACE('',(#894),#164,.T.);
#6760=ADVANCED_FACE('',(#895),#165,.T.);
#6761=ADVANCED_FACE('',(#896),#166,.T.);
#6762=ADVANCED_FACE('',(#897),#167,.T.);
#6763=ADVANCED_FACE('',(#898),#537,.T.);
#6764=ADVANCED_FACE('',(#899),#538,.T.);
#6765=ADVANCED_FACE('',(#900),#168,.T.);
#6766=ADVANCED_FACE('',(#901),#169,.T.);
#6767=ADVANCED_FACE('',(#902),#539,.T.);
#6768=ADVANCED_FACE('',(#903),#540,.T.);
#6769=ADVANCED_FACE('',(#904),#541,.T.);
#6770=ADVANCED_FACE('',(#905),#542,.T.);
#6771=ADVANCED_FACE('',(#906),#543,.T.);
#6772=ADVANCED_FACE('',(#907),#544,.T.);
#6773=ADVANCED_FACE('',(#908),#545,.T.);
#6774=ADVANCED_FACE('',(#909),#546,.T.);
#6775=ADVANCED_FACE('',(#910),#547,.T.);
#6776=ADVANCED_FACE('',(#911),#548,.T.);
#6777=ADVANCED_FACE('',(#912),#170,.F.);
#6778=ADVANCED_FACE('',(#913),#171,.F.);
#6779=ADVANCED_FACE('',(#914),#549,.T.);
#6780=ADVANCED_FACE('',(#915),#172,.F.);
#6781=ADVANCED_FACE('',(#916),#173,.T.);
#6782=ADVANCED_FACE('',(#917,#392),#550,.F.);
#6783=ADVANCED_FACE('',(#918),#174,.F.);
#6784=ADVANCED_FACE('',(#919),#175,.F.);
#6785=ADVANCED_FACE('',(#920),#176,.T.);
#6786=ADVANCED_FACE('',(#921,#393),#551,.F.);
#6787=ADVANCED_FACE('',(#922),#552,.T.);
#6788=ADVANCED_FACE('',(#923),#177,.F.);
#6789=ADVANCED_FACE('',(#924,#394),#553,.T.);
#6790=ADVANCED_FACE('',(#925),#178,.F.);
#6791=ADVANCED_FACE('',(#926),#179,.T.);
#6792=ADVANCED_FACE('',(#927),#180,.F.);
#6793=ADVANCED_FACE('',(#928),#554,.T.);
#6794=ADVANCED_FACE('',(#929),#181,.F.);
#6795=ADVANCED_FACE('',(#930),#555,.T.);
#6796=ADVANCED_FACE('',(#931),#556,.T.);
#6797=ADVANCED_FACE('',(#932),#182,.F.);
#6798=ADVANCED_FACE('',(#933),#183,.T.);
#6799=ADVANCED_FACE('',(#934),#184,.F.);
#6800=ADVANCED_FACE('',(#935),#557,.F.);
#6801=ADVANCED_FACE('',(#936,#395,#396,#397,#398),#558,.F.);
#6802=ADVANCED_FACE('',(#937),#559,.F.);
#6803=ADVANCED_FACE('',(#938),#560,.T.);
#6804=ADVANCED_FACE('',(#939),#561,.T.);
#6805=ADVANCED_FACE('',(#940),#562,.T.);
#6806=ADVANCED_FACE('',(#941),#563,.T.);
#6807=ADVANCED_FACE('',(#942),#564,.T.);
#6808=ADVANCED_FACE('',(#943),#565,.T.);
#6809=ADVANCED_FACE('',(#944),#566,.T.);
#6810=ADVANCED_FACE('',(#945),#567,.T.);
#6811=ADVANCED_FACE('',(#946),#568,.T.);
#6812=ADVANCED_FACE('',(#947),#185,.F.);
#6813=ADVANCED_FACE('',(#948),#186,.T.);
#6814=ADVANCED_FACE('',(#949),#187,.F.);
#6815=ADVANCED_FACE('',(#950),#569,.T.);
#6816=ADVANCED_FACE('',(#951),#570,.F.);
#6817=ADVANCED_FACE('',(#952),#188,.F.);
#6818=ADVANCED_FACE('',(#953),#571,.T.);
#6819=ADVANCED_FACE('',(#954),#572,.T.);
#6820=ADVANCED_FACE('',(#955),#573,.T.);
#6821=ADVANCED_FACE('',(#956),#574,.T.);
#6822=ADVANCED_FACE('',(#957),#575,.T.);
#6823=ADVANCED_FACE('',(#958),#576,.T.);
#6824=ADVANCED_FACE('',(#959),#577,.T.);
#6825=ADVANCED_FACE('',(#960,#399,#400,#401,#402),#578,.T.);
#6826=ADVANCED_FACE('',(#961),#579,.T.);
#6827=ADVANCED_FACE('',(#962),#580,.T.);
#6828=ADVANCED_FACE('',(#963),#581,.T.);
#6829=ADVANCED_FACE('',(#964,#403,#404,#405,#406),#582,.T.);
#6830=ADVANCED_FACE('',(#965),#189,.T.);
#6831=ADVANCED_FACE('',(#966),#583,.T.);
#6832=ADVANCED_FACE('',(#967),#190,.T.);
#6833=CLOSED_SHELL('',(#6449,#6450,#6451,#6452,#6453,#6454,#6455,#6456,
#6457,#6458,#6459,#6460,#6461,#6462,#6463,#6464,#6465,#6466,#6467,#6468,
#6469,#6470,#6471,#6472,#6473,#6474,#6475,#6476,#6477,#6478,#6479,#6480,
#6481,#6482,#6483,#6484,#6485,#6486,#6487,#6488,#6489,#6490,#6491,#6492,
#6493,#6494,#6495,#6496,#6497,#6498,#6499,#6500,#6501,#6502,#6503,#6504,
#6505,#6506,#6507,#6508,#6509,#6510,#6511,#6512,#6513,#6514,#6515,#6516,
#6517,#6518,#6519,#6520,#6521,#6522,#6523,#6524,#6525,#6526,#6527,#6528,
#6529,#6530,#6531,#6532,#6533,#6534,#6535,#6536,#6537,#6538,#6539,#6540,
#6541,#6542,#6543,#6544,#6545,#6546,#6547,#6548,#6549,#6550,#6551,#6552,
#6553,#6554,#6555,#6556,#6557,#6558,#6559,#6560,#6561,#6562,#6563,#6564,
#6565,#6566,#6567,#6568,#6569,#6570,#6571,#6572,#6573,#6574,#6575,#6576,
#6577,#6578,#6579,#6580,#6581,#6582,#6583,#6584,#6585,#6586,#6587,#6588,
#6589,#6590,#6591,#6592,#6593,#6594,#6595,#6596,#6597,#6598,#6599,#6600,
#6601,#6602,#6603,#6604,#6605,#6606,#6607,#6608,#6609,#6610,#6611,#6612,
#6613,#6614,#6615,#6616,#6617,#6618,#6619,#6620,#6621,#6622,#6623,#6624,
#6625,#6626,#6627,#6628,#6629,#6630,#6631,#6632,#6633,#6634,#6635,#6636,
#6637,#6638,#6639,#6640,#6641,#6642,#6643,#6644,#6645,#6646,#6647,#6648,
#6649,#6650,#6651,#6652,#6653,#6654,#6655,#6656,#6657,#6658,#6659,#6660,
#6661,#6662,#6663,#6664,#6665,#6666,#6667,#6668,#6669,#6670,#6671,#6672,
#6673,#6674,#6675,#6676,#6677,#6678,#6679,#6680,#6681,#6682,#6683,#6684,
#6685,#6686,#6687,#6688,#6689,#6690,#6691,#6692,#6693,#6694,#6695,#6696,
#6697,#6698,#6699,#6700,#6701,#6702,#6703,#6704,#6705,#6706,#6707,#6708,
#6709,#6710,#6711,#6712,#6713,#6714,#6715,#6716,#6717,#6718,#6719,#6720,
#6721,#6722,#6723,#6724,#6725,#6726,#6727,#6728,#6729,#6730,#6731,#6732,
#6733,#6734,#6735,#6736,#6737,#6738,#6739,#6740,#6741,#6742,#6743,#6744,
#6745,#6746,#6747,#6748,#6749,#6750,#6751,#6752,#6753,#6754,#6755,#6756,
#6757,#6758,#6759,#6760,#6761,#6762,#6763,#6764,#6765,#6766,#6767,#6768,
#6769,#6770,#6771,#6772,#6773,#6774,#6775,#6776,#6777,#6778,#6779,#6780,
#6781,#6782,#6783,#6784,#6785,#6786,#6787,#6788,#6789,#6790,#6791,#6792,
#6793,#6794,#6795,#6796,#6797,#6798,#6799,#6800,#6801,#6802,#6803,#6804,
#6805,#6806,#6807,#6808,#6809,#6810,#6811,#6812,#6813,#6814,#6815,#6816,
#6817,#6818,#6819,#6820,#6821,#6822,#6823,#6824,#6825,#6826,#6827,#6828,
#6829,#6830,#6831,#6832));
#6834=DERIVED_UNIT_ELEMENT(#6836,1.);
#6835=DERIVED_UNIT_ELEMENT(#12971,-3.);
#6836=(
MASS_UNIT()
NAMED_UNIT(*)
SI_UNIT(.KILO.,.GRAM.)
);
#6837=DERIVED_UNIT((#6834,#6835));
#6838=MEASURE_REPRESENTATION_ITEM('density measure',
POSITIVE_RATIO_MEASURE(7850.),#6837);
#6839=PROPERTY_DEFINITION_REPRESENTATION(#6844,#6841);
#6840=PROPERTY_DEFINITION_REPRESENTATION(#6845,#6842);
#6841=REPRESENTATION('material name',(#6843),#12968);
#6842=REPRESENTATION('density',(#6838),#12968);
#6843=DESCRIPTIVE_REPRESENTATION_ITEM('Stahl','Stahl');
#6844=PROPERTY_DEFINITION('material property','material name',#12978);
#6845=PROPERTY_DEFINITION('material property','density of part',#12978);
#6846=AXIS2_PLACEMENT_3D('',#9117,#7396,#7397);
#6847=AXIS2_PLACEMENT_3D('',#9151,#7401,#7402);
#6848=AXIS2_PLACEMENT_3D('',#9157,#7406,#7407);
#6849=AXIS2_PLACEMENT_3D('',#9163,#7411,#7412);
#6850=AXIS2_PLACEMENT_3D('',#9166,#7415,#7416);
#6851=AXIS2_PLACEMENT_3D('',#9175,#7421,#7422);
#6852=AXIS2_PLACEMENT_3D('',#9181,#7426,#7427);
#6853=AXIS2_PLACEMENT_3D('',#9187,#7431,#7432);
#6854=AXIS2_PLACEMENT_3D('',#9193,#7436,#7437);
#6855=AXIS2_PLACEMENT_3D('',#9199,#7441,#7442);
#6856=AXIS2_PLACEMENT_3D('',#9205,#7446,#7447);
#6857=AXIS2_PLACEMENT_3D('',#9211,#7451,#7452);
#6858=AXIS2_PLACEMENT_3D('',#9214,#7455,#7456);
#6859=AXIS2_PLACEMENT_3D('',#9215,#7457,#7458);
#6860=AXIS2_PLACEMENT_3D('',#9224,#7463,#7464);
#6861=AXIS2_PLACEMENT_3D('',#9230,#7468,#7469);
#6862=AXIS2_PLACEMENT_3D('',#9236,#7473,#7474);
#6863=AXIS2_PLACEMENT_3D('',#9242,#7478,#7479);
#6864=AXIS2_PLACEMENT_3D('',#9248,#7483,#7484);
#6865=AXIS2_PLACEMENT_3D('',#9254,#7488,#7489);
#6866=AXIS2_PLACEMENT_3D('',#9260,#7493,#7494);
#6867=AXIS2_PLACEMENT_3D('',#9266,#7498,#7499);
#6868=AXIS2_PLACEMENT_3D('',#9272,#7503,#7504);
#6869=AXIS2_PLACEMENT_3D('',#9275,#7507,#7508);
#6870=AXIS2_PLACEMENT_3D('',#9276,#7509,#7510);
#6871=AXIS2_PLACEMENT_3D('',#9285,#7515,#7516);
#6872=AXIS2_PLACEMENT_3D('',#9291,#7520,#7521);
#6873=AXIS2_PLACEMENT_3D('',#9297,#7525,#7526);
#6874=AXIS2_PLACEMENT_3D('',#9303,#7530,#7531);
#6875=AXIS2_PLACEMENT_3D('',#9309,#7535,#7536);
#6876=AXIS2_PLACEMENT_3D('',#9315,#7540,#7541);
#6877=AXIS2_PLACEMENT_3D('',#9321,#7545,#7546);
#6878=AXIS2_PLACEMENT_3D('',#9327,#7550,#7551);
#6879=AXIS2_PLACEMENT_3D('',#9333,#7555,#7556);
#6880=AXIS2_PLACEMENT_3D('',#9339,#7560,#7561);
#6881=AXIS2_PLACEMENT_3D('',#9345,#7565,#7566);
#6882=AXIS2_PLACEMENT_3D('',#9348,#7569,#7570);
#6883=AXIS2_PLACEMENT_3D('',#9487,#7581,#7582);
#6884=AXIS2_PLACEMENT_3D('',#9643,#7596,#7597);
#6885=AXIS2_PLACEMENT_3D('',#9661,#7601,#7602);
#6886=AXIS2_PLACEMENT_3D('',#9662,#7603,#7604);
#6887=AXIS2_PLACEMENT_3D('',#9696,#7608,#7609);
#6888=AXIS2_PLACEMENT_3D('',#9702,#7613,#7614);
#6889=AXIS2_PLACEMENT_3D('',#9708,#7618,#7619);
#6890=AXIS2_PLACEMENT_3D('',#9711,#7622,#7623);
#6891=AXIS2_PLACEMENT_3D('',#9720,#7628,#7629);
#6892=AXIS2_PLACEMENT_3D('',#9726,#7633,#7634);
#6893=AXIS2_PLACEMENT_3D('',#9732,#7638,#7639);
#6894=AXIS2_PLACEMENT_3D('',#9738,#7643,#7644);
#6895=AXIS2_PLACEMENT_3D('',#9744,#7648,#7649);
#6896=AXIS2_PLACEMENT_3D('',#9750,#7653,#7654);
#6897=AXIS2_PLACEMENT_3D('',#9756,#7658,#7659);
#6898=AXIS2_PLACEMENT_3D('',#9759,#7662,#7663);
#6899=AXIS2_PLACEMENT_3D('',#9760,#7664,#7665);
#6900=AXIS2_PLACEMENT_3D('',#9769,#7670,#7671);
#6901=AXIS2_PLACEMENT_3D('',#9775,#7675,#7676);
#6902=AXIS2_PLACEMENT_3D('',#9781,#7680,#7681);
#6903=AXIS2_PLACEMENT_3D('',#9787,#7685,#7686);
#6904=AXIS2_PLACEMENT_3D('',#9793,#7690,#7691);
#6905=AXIS2_PLACEMENT_3D('',#9799,#7695,#7696);
#6906=AXIS2_PLACEMENT_3D('',#9805,#7700,#7701);
#6907=AXIS2_PLACEMENT_3D('',#9811,#7705,#7706);
#6908=AXIS2_PLACEMENT_3D('',#9817,#7710,#7711);
#6909=AXIS2_PLACEMENT_3D('',#9820,#7714,#7715);
#6910=AXIS2_PLACEMENT_3D('',#9821,#7716,#7717);
#6911=AXIS2_PLACEMENT_3D('',#9830,#7722,#7723);
#6912=AXIS2_PLACEMENT_3D('',#9836,#7727,#7728);
#6913=AXIS2_PLACEMENT_3D('',#9842,#7732,#7733);
#6914=AXIS2_PLACEMENT_3D('',#9848,#7737,#7738);
#6915=AXIS2_PLACEMENT_3D('',#9854,#7742,#7743);
#6916=AXIS2_PLACEMENT_3D('',#9857,#7746,#7747);
#6917=AXIS2_PLACEMENT_3D('',#9996,#7758,#7759);
#6918=AXIS2_PLACEMENT_3D('',#10152,#7773,#7774);
#6919=AXIS2_PLACEMENT_3D('',#10170,#7778,#7779);
#6920=AXIS2_PLACEMENT_3D('',#10171,#7780,#7781);
#6921=AXIS2_PLACEMENT_3D('',#10222,#7782,#7783);
#6922=AXIS2_PLACEMENT_3D('',#10248,#7784,#7785);
#6923=AXIS2_PLACEMENT_3D('',#10251,#7786,#7787);
#6924=AXIS2_PLACEMENT_3D('',#10339,#7790,#7791);
#6925=AXIS2_PLACEMENT_3D('',#10389,#7801,#7802);
#6926=AXIS2_PLACEMENT_3D('',#10393,#7804,#7805);
#6927=AXIS2_PLACEMENT_3D('',#10499,#7810,#7811);
#6928=AXIS2_PLACEMENT_3D('',#10500,#7812,#7813);
#6929=AXIS2_PLACEMENT_3D('',#10502,#7814,#7815);
#6930=AXIS2_PLACEMENT_3D('',#10504,#7817,#7818);
#6931=AXIS2_PLACEMENT_3D('',#10506,#7819,#7820);
#6932=AXIS2_PLACEMENT_3D('',#10510,#7822,#7823);
#6933=AXIS2_PLACEMENT_3D('',#10514,#7825,#7826);
#6934=AXIS2_PLACEMENT_3D('',#10516,#7827,#7828);
#6935=AXIS2_PLACEMENT_3D('',#10524,#7833,#7834);
#6936=AXIS2_PLACEMENT_3D('',#10526,#7835,#7836);
#6937=AXIS2_PLACEMENT_3D('',#10527,#7837,#7838);
#6938=AXIS2_PLACEMENT_3D('',#10575,#7839,#7840);
#6939=AXIS2_PLACEMENT_3D('',#10604,#7841,#7842);
#6940=AXIS2_PLACEMENT_3D('',#10617,#7843,#7844);
#6941=AXIS2_PLACEMENT_3D('',#10619,#7845,#7846);
#6942=AXIS2_PLACEMENT_3D('',#10620,#7847,#7848);
#6943=AXIS2_PLACEMENT_3D('',#10667,#7849,#7850);
#6944=AXIS2_PLACEMENT_3D('',#10771,#7851,#7852);
#6945=AXIS2_PLACEMENT_3D('',#10800,#7853,#7854);
#6946=AXIS2_PLACEMENT_3D('',#10813,#7855,#7856);
#6947=AXIS2_PLACEMENT_3D('',#10815,#7857,#7858);
#6948=AXIS2_PLACEMENT_3D('',#10816,#7859,#7860);
#6949=AXIS2_PLACEMENT_3D('',#10863,#7861,#7862);
#6950=AXIS2_PLACEMENT_3D('',#10968,#7863,#7864);
#6951=AXIS2_PLACEMENT_3D('',#10981,#7865,#7866);
#6952=AXIS2_PLACEMENT_3D('',#10983,#7867,#7868);
#6953=AXIS2_PLACEMENT_3D('',#11016,#7870,#7871);
#6954=AXIS2_PLACEMENT_3D('',#11017,#7872,#7873);
#6955=AXIS2_PLACEMENT_3D('',#11018,#7874,#7875);
#6956=AXIS2_PLACEMENT_3D('',#11020,#7876,#7877);
#6957=AXIS2_PLACEMENT_3D('',#11044,#7879,#7880);
#6958=AXIS2_PLACEMENT_3D('',#11045,#7881,#7882);
#6959=AXIS2_PLACEMENT_3D('',#11078,#7883,#7884);
#6960=AXIS2_PLACEMENT_3D('',#11080,#7885,#7886);
#6961=AXIS2_PLACEMENT_3D('',#11082,#7887,#7888);
#6962=AXIS2_PLACEMENT_3D('',#11083,#7889,#7890);
#6963=AXIS2_PLACEMENT_3D('',#11084,#7891,#7892);
#6964=AXIS2_PLACEMENT_3D('',#11088,#7894,#7895);
#6965=AXIS2_PLACEMENT_3D('',#11089,#7896,#7897);
#6966=AXIS2_PLACEMENT_3D('',#11090,#7898,#7899);
#6967=AXIS2_PLACEMENT_3D('',#11093,#7901,#7902);
#6968=AXIS2_PLACEMENT_3D('',#11110,#7904,#7905);
#6969=AXIS2_PLACEMENT_3D('',#11114,#7907,#7908);
#6970=AXIS2_PLACEMENT_3D('',#11126,#7914,#7915);
#6971=AXIS2_PLACEMENT_3D('',#11130,#7917,#7918);
#6972=AXIS2_PLACEMENT_3D('',#11134,#7920,#7921);
#6973=AXIS2_PLACEMENT_3D('',#11138,#7923,#7924);
#6974=AXIS2_PLACEMENT_3D('',#11146,#7928,#7929);
#6975=AXIS2_PLACEMENT_3D('',#11150,#7931,#7932);
#6976=AXIS2_PLACEMENT_3D('',#11168,#7941,#7942);
#6977=AXIS2_PLACEMENT_3D('',#11173,#7945,#7946);
#6978=AXIS2_PLACEMENT_3D('',#11174,#7947,#7948);
#6979=AXIS2_PLACEMENT_3D('',#11178,#7951,#7952);
#6980=AXIS2_PLACEMENT_3D('',#11180,#7954,#7955);
#6981=AXIS2_PLACEMENT_3D('',#11182,#7956,#7957);
#6982=AXIS2_PLACEMENT_3D('',#11184,#7959,#7960);
#6983=AXIS2_PLACEMENT_3D('',#11186,#7961,#7962);
#6984=AXIS2_PLACEMENT_3D('',#11205,#7964,#7965);
#6985=AXIS2_PLACEMENT_3D('',#11208,#7967,#7968);
#6986=AXIS2_PLACEMENT_3D('',#11209,#7969,#7970);
#6987=AXIS2_PLACEMENT_3D('',#11211,#7972,#7973);
#6988=AXIS2_PLACEMENT_3D('',#11215,#7975,#7976);
#6989=AXIS2_PLACEMENT_3D('',#11218,#7978,#7979);
#6990=AXIS2_PLACEMENT_3D('',#11219,#7980,#7981);
#6991=AXIS2_PLACEMENT_3D('',#11224,#7984,#7985);
#6992=AXIS2_PLACEMENT_3D('',#11226,#7986,#7987);
#6993=AXIS2_PLACEMENT_3D('',#11230,#7989,#7990);
#6994=AXIS2_PLACEMENT_3D('',#11232,#7992,#7993);
#6995=AXIS2_PLACEMENT_3D('',#11234,#7994,#7995);
#6996=AXIS2_PLACEMENT_3D('',#11237,#7997,#7998);
#6997=AXIS2_PLACEMENT_3D('',#11238,#7999,#8000);
#6998=AXIS2_PLACEMENT_3D('',#11240,#8001,#8002);
#6999=AXIS2_PLACEMENT_3D('',#11242,#8003,#8004);
#7000=AXIS2_PLACEMENT_3D('',#11243,#8005,#8006);
#7001=AXIS2_PLACEMENT_3D('',#11244,#8007,#8008);
#7002=AXIS2_PLACEMENT_3D('',#11246,#8009,#8010);
#7003=AXIS2_PLACEMENT_3D('',#11248,#8011,#8012);
#7004=AXIS2_PLACEMENT_3D('',#11249,#8013,#8014);
#7005=AXIS2_PLACEMENT_3D('',#11250,#8015,#8016);
#7006=AXIS2_PLACEMENT_3D('',#11252,#8017,#8018);
#7007=AXIS2_PLACEMENT_3D('',#11254,#8020,#8021);
#7008=AXIS2_PLACEMENT_3D('',#11256,#8022,#8023);
#7009=AXIS2_PLACEMENT_3D('',#11257,#8024,#8025);
#7010=AXIS2_PLACEMENT_3D('',#11258,#8026,#8027);
#7011=AXIS2_PLACEMENT_3D('',#11260,#8029,#8030);
#7012=AXIS2_PLACEMENT_3D('',#11261,#8031,#8032);
#7013=AXIS2_PLACEMENT_3D('',#11262,#8033,#8034);
#7014=AXIS2_PLACEMENT_3D('',#11264,#8035,#8036);
#7015=AXIS2_PLACEMENT_3D('',#11266,#8038,#8039);
#7016=AXIS2_PLACEMENT_3D('',#11268,#8040,#8041);
#7017=AXIS2_PLACEMENT_3D('',#11269,#8042,#8043);
#7018=AXIS2_PLACEMENT_3D('',#11270,#8044,#8045);
#7019=AXIS2_PLACEMENT_3D('',#11272,#8046,#8047);
#7020=AXIS2_PLACEMENT_3D('',#11274,#8049,#8050);
#7021=AXIS2_PLACEMENT_3D('',#11276,#8051,#8052);
#7022=AXIS2_PLACEMENT_3D('',#11277,#8053,#8054);
#7023=AXIS2_PLACEMENT_3D('',#11278,#8055,#8056);
#7024=AXIS2_PLACEMENT_3D('',#11280,#8057,#8058);
#7025=AXIS2_PLACEMENT_3D('',#11283,#8061,#8062);
#7026=AXIS2_PLACEMENT_3D('',#11284,#8063,#8064);
#7027=AXIS2_PLACEMENT_3D('',#11285,#8065,#8066);
#7028=AXIS2_PLACEMENT_3D('',#11287,#8067,#8068);
#7029=AXIS2_PLACEMENT_3D('',#11288,#8069,#8070);
#7030=AXIS2_PLACEMENT_3D('',#11289,#8071,#8072);
#7031=AXIS2_PLACEMENT_3D('',#11291,#8073,#8074);
#7032=AXIS2_PLACEMENT_3D('',#11292,#8075,#8076);
#7033=AXIS2_PLACEMENT_3D('',#11293,#8077,#8078);
#7034=AXIS2_PLACEMENT_3D('',#11295,#8079,#8080);
#7035=AXIS2_PLACEMENT_3D('',#11297,#8082,#8083);
#7036=AXIS2_PLACEMENT_3D('',#11298,#8084,#8085);
#7037=AXIS2_PLACEMENT_3D('',#11309,#8086,#8087);
#7038=AXIS2_PLACEMENT_3D('',#11312,#8089,#8090);
#7039=AXIS2_PLACEMENT_3D('',#11313,#8091,#8092);
#7040=AXIS2_PLACEMENT_3D('',#11315,#8093,#8094);
#7041=AXIS2_PLACEMENT_3D('',#11317,#8096,#8097);
#7042=AXIS2_PLACEMENT_3D('',#11319,#8098,#8099);
#7043=AXIS2_PLACEMENT_3D('',#11320,#8100,#8101);
#7044=AXIS2_PLACEMENT_3D('',#11321,#8102,#8103);
#7045=AXIS2_PLACEMENT_3D('',#11323,#8104,#8105);
#7046=AXIS2_PLACEMENT_3D('',#11325,#8107,#8108);
#7047=AXIS2_PLACEMENT_3D('',#11327,#8109,#8110);
#7048=AXIS2_PLACEMENT_3D('',#11328,#8111,#8112);
#7049=AXIS2_PLACEMENT_3D('',#11329,#8113,#8114);
#7050=AXIS2_PLACEMENT_3D('',#11331,#8115,#8116);
#7051=AXIS2_PLACEMENT_3D('',#11334,#8119,#8120);
#7052=AXIS2_PLACEMENT_3D('',#11335,#8121,#8122);
#7053=AXIS2_PLACEMENT_3D('',#11346,#8123,#8124);
#7054=AXIS2_PLACEMENT_3D('',#11349,#8127,#8128);
#7055=AXIS2_PLACEMENT_3D('',#11351,#8130,#8131);
#7056=AXIS2_PLACEMENT_3D('',#11354,#8134,#8135);
#7057=AXIS2_PLACEMENT_3D('',#11356,#8137,#8138);
#7058=AXIS2_PLACEMENT_3D('',#11358,#8140,#8141);
#7059=AXIS2_PLACEMENT_3D('',#11359,#8142,#8143);
#7060=AXIS2_PLACEMENT_3D('',#11361,#8145,#8146);
#7061=AXIS2_PLACEMENT_3D('',#11362,#8147,#8148);
#7062=AXIS2_PLACEMENT_3D('',#11364,#8150,#8151);
#7063=AXIS2_PLACEMENT_3D('',#11366,#8153,#8154);
#7064=AXIS2_PLACEMENT_3D('',#11368,#8156,#8157);
#7065=AXIS2_PLACEMENT_3D('',#11370,#8159,#8160);
#7066=AXIS2_PLACEMENT_3D('',#11371,#8161,#8162);
#7067=AXIS2_PLACEMENT_3D('',#11421,#8163,#8164);
#7068=AXIS2_PLACEMENT_3D('',#11465,#8165,#8166);
#7069=AXIS2_PLACEMENT_3D('',#11469,#8168,#8169);
#7070=AXIS2_PLACEMENT_3D('',#11473,#8171,#8172);
#7071=AXIS2_PLACEMENT_3D('',#11477,#8174,#8175);
#7072=AXIS2_PLACEMENT_3D('',#11481,#8177,#8178);
#7073=AXIS2_PLACEMENT_3D('',#11510,#8182,#8183);
#7074=AXIS2_PLACEMENT_3D('',#11512,#8184,#8185);
#7075=AXIS2_PLACEMENT_3D('',#11514,#8186,#8187);
#7076=AXIS2_PLACEMENT_3D('',#11515,#8188,#8189);
#7077=AXIS2_PLACEMENT_3D('',#11516,#8190,#8191);
#7078=AXIS2_PLACEMENT_3D('',#11519,#8192,#8193);
#7079=AXIS2_PLACEMENT_3D('',#11554,#8196,#8197);
#7080=AXIS2_PLACEMENT_3D('',#11555,#8198,#8199);
#7081=AXIS2_PLACEMENT_3D('',#11556,#8200,#8201);
#7082=AXIS2_PLACEMENT_3D('',#11557,#8202,#8203);
#7083=AXIS2_PLACEMENT_3D('',#11560,#8204,#8205);
#7084=AXIS2_PLACEMENT_3D('',#11770,#8208,#8209);
#7085=AXIS2_PLACEMENT_3D('',#11797,#8210,#8211);
#7086=AXIS2_PLACEMENT_3D('',#11801,#8213,#8214);
#7087=AXIS2_PLACEMENT_3D('',#11803,#8216,#8217);
#7088=AXIS2_PLACEMENT_3D('',#11805,#8218,#8219);
#7089=AXIS2_PLACEMENT_3D('',#11809,#8221,#8222);
#7090=AXIS2_PLACEMENT_3D('',#11813,#8224,#8225);
#7091=AXIS2_PLACEMENT_3D('',#11817,#8227,#8228);
#7092=AXIS2_PLACEMENT_3D('',#11820,#8231,#8232);
#7093=AXIS2_PLACEMENT_3D('',#11822,#8233,#8234);
#7094=AXIS2_PLACEMENT_3D('',#11823,#8235,#8236);
#7095=AXIS2_PLACEMENT_3D('',#11824,#8237,#8238);
#7096=AXIS2_PLACEMENT_3D('',#11852,#8248,#8249);
#7097=AXIS2_PLACEMENT_3D('',#11853,#8250,#8251);
#7098=AXIS2_PLACEMENT_3D('',#11926,#8252,#8253);
#7099=AXIS2_PLACEMENT_3D('',#11928,#8254,#8255);
#7100=AXIS2_PLACEMENT_3D('',#11929,#8256,#8257);
#7101=AXIS2_PLACEMENT_3D('',#11930,#8258,#8259);
#7102=AXIS2_PLACEMENT_3D('',#11932,#8260,#8261);
#7103=AXIS2_PLACEMENT_3D('',#11933,#8262,#8263);
#7104=AXIS2_PLACEMENT_3D('',#11934,#8264,#8265);
#7105=AXIS2_PLACEMENT_3D('',#11936,#8266,#8267);
#7106=AXIS2_PLACEMENT_3D('',#11938,#8268,#8269);
#7107=AXIS2_PLACEMENT_3D('',#11939,#8270,#8271);
#7108=AXIS2_PLACEMENT_3D('',#11940,#8272,#8273);
#7109=AXIS2_PLACEMENT_3D('',#11942,#8275,#8276);
#7110=AXIS2_PLACEMENT_3D('',#11943,#8277,#8278);
#7111=AXIS2_PLACEMENT_3D('',#11946,#8281,#8282);
#7112=AXIS2_PLACEMENT_3D('',#11948,#8284,#8285);
#7113=AXIS2_PLACEMENT_3D('',#11950,#8287,#8288);
#7114=AXIS2_PLACEMENT_3D('',#11951,#8289,#8290);
#7115=AXIS2_PLACEMENT_3D('',#11965,#8291,#8292);
#7116=AXIS2_PLACEMENT_3D('',#11966,#8293,#8294);
#7117=AXIS2_PLACEMENT_3D('',#11967,#8295,#8296);
#7118=AXIS2_PLACEMENT_3D('',#11969,#8297,#8298);
#7119=AXIS2_PLACEMENT_3D('',#11971,#8300,#8301);
#7120=AXIS2_PLACEMENT_3D('',#11973,#8302,#8303);
#7121=AXIS2_PLACEMENT_3D('',#11974,#8304,#8305);
#7122=AXIS2_PLACEMENT_3D('',#11975,#8306,#8307);
#7123=AXIS2_PLACEMENT_3D('',#11977,#8308,#8309);
#7124=AXIS2_PLACEMENT_3D('',#11979,#8311,#8312);
#7125=AXIS2_PLACEMENT_3D('',#11981,#8313,#8314);
#7126=AXIS2_PLACEMENT_3D('',#11982,#8315,#8316);
#7127=AXIS2_PLACEMENT_3D('',#11983,#8317,#8318);
#7128=AXIS2_PLACEMENT_3D('',#11985,#8319,#8320);
#7129=AXIS2_PLACEMENT_3D('',#11987,#8322,#8323);
#7130=AXIS2_PLACEMENT_3D('',#11988,#8324,#8325);
#7131=AXIS2_PLACEMENT_3D('',#12001,#8326,#8327);
#7132=AXIS2_PLACEMENT_3D('',#12003,#8328,#8329);
#7133=AXIS2_PLACEMENT_3D('',#12005,#8331,#8332);
#7134=AXIS2_PLACEMENT_3D('',#12007,#8333,#8334);
#7135=AXIS2_PLACEMENT_3D('',#12008,#8335,#8336);
#7136=AXIS2_PLACEMENT_3D('',#12009,#8337,#8338);
#7137=AXIS2_PLACEMENT_3D('',#12011,#8339,#8340);
#7138=AXIS2_PLACEMENT_3D('',#12013,#8342,#8343);
#7139=AXIS2_PLACEMENT_3D('',#12015,#8344,#8345);
#7140=AXIS2_PLACEMENT_3D('',#12016,#8346,#8347);
#7141=AXIS2_PLACEMENT_3D('',#12017,#8348,#8349);
#7142=AXIS2_PLACEMENT_3D('',#12019,#8351,#8352);
#7143=AXIS2_PLACEMENT_3D('',#12022,#8355,#8356);
#7144=AXIS2_PLACEMENT_3D('',#12024,#8358,#8359);
#7145=AXIS2_PLACEMENT_3D('',#12027,#8362,#8363);
#7146=AXIS2_PLACEMENT_3D('',#12028,#8364,#8365);
#7147=AXIS2_PLACEMENT_3D('',#12029,#8366,#8367);
#7148=AXIS2_PLACEMENT_3D('',#12031,#8369,#8370);
#7149=AXIS2_PLACEMENT_3D('',#12032,#8371,#8372);
#7150=AXIS2_PLACEMENT_3D('',#12033,#8373,#8374);
#7151=AXIS2_PLACEMENT_3D('',#12036,#8375,#8376);
#7152=AXIS2_PLACEMENT_3D('',#12040,#8378,#8379);
#7153=AXIS2_PLACEMENT_3D('',#12053,#8381,#8382);
#7154=AXIS2_PLACEMENT_3D('',#12057,#8384,#8385);
#7155=AXIS2_PLACEMENT_3D('',#12063,#8389,#8390);
#7156=AXIS2_PLACEMENT_3D('',#12079,#8392,#8393);
#7157=AXIS2_PLACEMENT_3D('',#12082,#8395,#8396);
#7158=AXIS2_PLACEMENT_3D('',#12083,#8397,#8398);
#7159=AXIS2_PLACEMENT_3D('',#12091,#8402,#8403);
#7160=AXIS2_PLACEMENT_3D('',#12093,#8405,#8406);
#7161=AXIS2_PLACEMENT_3D('',#12096,#8409,#8410);
#7162=AXIS2_PLACEMENT_3D('',#12098,#8412,#8413);
#7163=AXIS2_PLACEMENT_3D('',#12100,#8415,#8416);
#7164=AXIS2_PLACEMENT_3D('',#12103,#8419,#8420);
#7165=AXIS2_PLACEMENT_3D('',#12104,#8421,#8422);
#7166=AXIS2_PLACEMENT_3D('',#12217,#8424,#8425);
#7167=AXIS2_PLACEMENT_3D('',#12293,#8426,#8427);
#7168=AXIS2_PLACEMENT_3D('',#12294,#8428,#8429);
#7169=AXIS2_PLACEMENT_3D('',#12297,#8430,#8431);
#7170=AXIS2_PLACEMENT_3D('',#12299,#8432,#8433);
#7171=AXIS2_PLACEMENT_3D('',#12300,#8434,#8435);
#7172=AXIS2_PLACEMENT_3D('',#12301,#8436,#8437);
#7173=AXIS2_PLACEMENT_3D('',#12304,#8438,#8439);
#7174=AXIS2_PLACEMENT_3D('',#12307,#8442,#8443);
#7175=AXIS2_PLACEMENT_3D('',#12310,#8444,#8445);
#7176=AXIS2_PLACEMENT_3D('',#12313,#8448,#8449);
#7177=AXIS2_PLACEMENT_3D('',#12318,#8452,#8453);
#7178=AXIS2_PLACEMENT_3D('',#12319,#8454,#8455);
#7179=AXIS2_PLACEMENT_3D('',#12324,#8458,#8459);
#7180=AXIS2_PLACEMENT_3D('',#12325,#8460,#8461);
#7181=AXIS2_PLACEMENT_3D('',#12330,#8464,#8465);
#7182=AXIS2_PLACEMENT_3D('',#12331,#8466,#8467);
#7183=AXIS2_PLACEMENT_3D('',#12335,#8469,#8470);
#7184=AXIS2_PLACEMENT_3D('',#12348,#8472,#8473);
#7185=AXIS2_PLACEMENT_3D('',#12349,#8474,#8475);
#7186=AXIS2_PLACEMENT_3D('',#12350,#8476,#8477);
#7187=AXIS2_PLACEMENT_3D('',#12351,#8478,#8479);
#7188=AXIS2_PLACEMENT_3D('',#12354,#8480,#8481);
#7189=AXIS2_PLACEMENT_3D('',#12355,#8482,#8483);
#7190=AXIS2_PLACEMENT_3D('',#12356,#8484,#8485);
#7191=AXIS2_PLACEMENT_3D('',#12357,#8486,#8487);
#7192=AXIS2_PLACEMENT_3D('',#12360,#8488,#8489);
#7193=AXIS2_PLACEMENT_3D('',#12361,#8490,#8491);
#7194=AXIS2_PLACEMENT_3D('',#12362,#8492,#8493);
#7195=AXIS2_PLACEMENT_3D('',#12363,#8494,#8495);
#7196=AXIS2_PLACEMENT_3D('',#12368,#8498,#8499);
#7197=AXIS2_PLACEMENT_3D('',#12369,#8500,#8501);
#7198=AXIS2_PLACEMENT_3D('',#12374,#8504,#8505);
#7199=AXIS2_PLACEMENT_3D('',#12375,#8506,#8507);
#7200=AXIS2_PLACEMENT_3D('',#12392,#8510,#8511);
#7201=AXIS2_PLACEMENT_3D('',#12394,#8512,#8513);
#7202=AXIS2_PLACEMENT_3D('',#12396,#8514,#8515);
#7203=AXIS2_PLACEMENT_3D('',#12397,#8516,#8517);
#7204=AXIS2_PLACEMENT_3D('',#12398,#8518,#8519);
#7205=AXIS2_PLACEMENT_3D('',#12399,#8520,#8521);
#7206=AXIS2_PLACEMENT_3D('',#12400,#8522,#8523);
#7207=AXIS2_PLACEMENT_3D('',#12401,#8524,#8525);
#7208=AXIS2_PLACEMENT_3D('',#12404,#8528,#8529);
#7209=AXIS2_PLACEMENT_3D('',#12406,#8530,#8531);
#7210=AXIS2_PLACEMENT_3D('',#12408,#8532,#8533);
#7211=AXIS2_PLACEMENT_3D('',#12409,#8534,#8535);
#7212=AXIS2_PLACEMENT_3D('',#12410,#8536,#8537);
#7213=AXIS2_PLACEMENT_3D('',#12413,#8538,#8539);
#7214=AXIS2_PLACEMENT_3D('',#12415,#8540,#8541);
#7215=AXIS2_PLACEMENT_3D('',#12416,#8542,#8543);
#7216=AXIS2_PLACEMENT_3D('',#12417,#8544,#8545);
#7217=AXIS2_PLACEMENT_3D('',#12419,#8546,#8547);
#7218=AXIS2_PLACEMENT_3D('',#12422,#8550,#8551);
#7219=AXIS2_PLACEMENT_3D('',#12425,#8552,#8553);
#7220=AXIS2_PLACEMENT_3D('',#12428,#8556,#8557);
#7221=AXIS2_PLACEMENT_3D('',#12431,#8558,#8559);
#7222=AXIS2_PLACEMENT_3D('',#12434,#8562,#8563);
#7223=AXIS2_PLACEMENT_3D('',#12435,#8564,#8565);
#7224=AXIS2_PLACEMENT_3D('',#12436,#8566,#8567);
#7225=AXIS2_PLACEMENT_3D('',#12448,#8573,#8574);
#7226=AXIS2_PLACEMENT_3D('',#12452,#8576,#8577);
#7227=AXIS2_PLACEMENT_3D('',#12458,#8581,#8582);
#7228=AXIS2_PLACEMENT_3D('',#12462,#8585,#8586);
#7229=AXIS2_PLACEMENT_3D('',#12468,#8590,#8591);
#7230=AXIS2_PLACEMENT_3D('',#12477,#8596,#8597);
#7231=AXIS2_PLACEMENT_3D('',#12487,#8603,#8604);
#7232=AXIS2_PLACEMENT_3D('',#12491,#8606,#8607);
#7233=AXIS2_PLACEMENT_3D('',#12494,#8609,#8610);
#7234=AXIS2_PLACEMENT_3D('',#12495,#8611,#8612);
#7235=AXIS2_PLACEMENT_3D('',#12504,#8617,#8618);
#7236=AXIS2_PLACEMENT_3D('',#12514,#8624,#8625);
#7237=AXIS2_PLACEMENT_3D('',#12518,#8627,#8628);
#7238=AXIS2_PLACEMENT_3D('',#12521,#8630,#8631);
#7239=AXIS2_PLACEMENT_3D('',#12522,#8632,#8633);
#7240=AXIS2_PLACEMENT_3D('',#12531,#8638,#8639);
#7241=AXIS2_PLACEMENT_3D('',#12538,#8644,#8645);
#7242=AXIS2_PLACEMENT_3D('',#12542,#8647,#8648);
#7243=AXIS2_PLACEMENT_3D('',#12545,#8650,#8651);
#7244=AXIS2_PLACEMENT_3D('',#12546,#8652,#8653);
#7245=AXIS2_PLACEMENT_3D('',#12555,#8658,#8659);
#7246=AXIS2_PLACEMENT_3D('',#12565,#8665,#8666);
#7247=AXIS2_PLACEMENT_3D('',#12569,#8668,#8669);
#7248=AXIS2_PLACEMENT_3D('',#12572,#8671,#8672);
#7249=AXIS2_PLACEMENT_3D('',#12573,#8673,#8674);
#7250=AXIS2_PLACEMENT_3D('',#12582,#8679,#8680);
#7251=AXIS2_PLACEMENT_3D('',#12592,#8686,#8687);
#7252=AXIS2_PLACEMENT_3D('',#12596,#8689,#8690);
#7253=AXIS2_PLACEMENT_3D('',#12599,#8692,#8693);
#7254=AXIS2_PLACEMENT_3D('',#12600,#8694,#8695);
#7255=AXIS2_PLACEMENT_3D('',#12605,#8698,#8699);
#7256=AXIS2_PLACEMENT_3D('',#12606,#8700,#8701);
#7257=AXIS2_PLACEMENT_3D('',#12609,#8704,#8705);
#7258=AXIS2_PLACEMENT_3D('',#12613,#8708,#8709);
#7259=AXIS2_PLACEMENT_3D('',#12615,#8711,#8712);
#7260=AXIS2_PLACEMENT_3D('',#12619,#8714,#8715);
#7261=AXIS2_PLACEMENT_3D('',#12620,#8716,#8717);
#7262=AXIS2_PLACEMENT_3D('',#12621,#8718,#8719);
#7263=AXIS2_PLACEMENT_3D('',#12623,#8721,#8722);
#7264=AXIS2_PLACEMENT_3D('',#12629,#8726,#8727);
#7265=AXIS2_PLACEMENT_3D('',#12631,#8729,#8730);
#7266=AXIS2_PLACEMENT_3D('',#12635,#8732,#8733);
#7267=AXIS2_PLACEMENT_3D('',#12636,#8734,#8735);
#7268=AXIS2_PLACEMENT_3D('',#12637,#8736,#8737);
#7269=AXIS2_PLACEMENT_3D('',#12639,#8739,#8740);
#7270=AXIS2_PLACEMENT_3D('',#12645,#8744,#8745);
#7271=AXIS2_PLACEMENT_3D('',#12647,#8747,#8748);
#7272=AXIS2_PLACEMENT_3D('',#12651,#8750,#8751);
#7273=AXIS2_PLACEMENT_3D('',#12652,#8752,#8753);
#7274=AXIS2_PLACEMENT_3D('',#12653,#8754,#8755);
#7275=AXIS2_PLACEMENT_3D('',#12655,#8757,#8758);
#7276=AXIS2_PLACEMENT_3D('',#12659,#8760,#8761);
#7277=AXIS2_PLACEMENT_3D('',#12660,#8762,#8763);
#7278=AXIS2_PLACEMENT_3D('',#12661,#8764,#8765);
#7279=AXIS2_PLACEMENT_3D('',#12663,#8767,#8768);
#7280=AXIS2_PLACEMENT_3D('',#12668,#8770,#8771);
#7281=AXIS2_PLACEMENT_3D('',#12671,#8773,#8774);
#7282=AXIS2_PLACEMENT_3D('',#12672,#8775,#8776);
#7283=AXIS2_PLACEMENT_3D('',#12675,#8779,#8780);
#7284=AXIS2_PLACEMENT_3D('',#12679,#8783,#8784);
#7285=AXIS2_PLACEMENT_3D('',#12683,#8787,#8788);
#7286=AXIS2_PLACEMENT_3D('',#12684,#8789,#8790);
#7287=AXIS2_PLACEMENT_3D('',#12685,#8791,#8792);
#7288=AXIS2_PLACEMENT_3D('',#12686,#8793,#8794);
#7289=AXIS2_PLACEMENT_3D('',#12687,#8795,#8796);
#7290=AXIS2_PLACEMENT_3D('',#12688,#8797,#8798);
#7291=AXIS2_PLACEMENT_3D('',#12689,#8799,#8800);
#7292=AXIS2_PLACEMENT_3D('',#12690,#8801,#8802);
#7293=AXIS2_PLACEMENT_3D('',#12694,#8804,#8805);
#7294=AXIS2_PLACEMENT_3D('',#12695,#8806,#8807);
#7295=AXIS2_PLACEMENT_3D('',#12696,#8808,#8809);
#7296=AXIS2_PLACEMENT_3D('',#12698,#8811,#8812);
#7297=AXIS2_PLACEMENT_3D('',#12704,#8816,#8817);
#7298=AXIS2_PLACEMENT_3D('',#12706,#8819,#8820);
#7299=AXIS2_PLACEMENT_3D('',#12709,#8822,#8823);
#7300=AXIS2_PLACEMENT_3D('',#12710,#8824,#8825);
#7301=AXIS2_PLACEMENT_3D('',#12713,#8827,#8828);
#7302=AXIS2_PLACEMENT_3D('',#12714,#8829,#8830);
#7303=AXIS2_PLACEMENT_3D('',#12718,#8833,#8834);
#7304=AXIS2_PLACEMENT_3D('',#12722,#8837,#8838);
#7305=AXIS2_PLACEMENT_3D('',#12726,#8841,#8842);
#7306=AXIS2_PLACEMENT_3D('',#12728,#8844,#8845);
#7307=AXIS2_PLACEMENT_3D('',#12732,#8848,#8849);
#7308=AXIS2_PLACEMENT_3D('',#12734,#8851,#8852);
#7309=AXIS2_PLACEMENT_3D('',#12736,#8854,#8855);
#7310=AXIS2_PLACEMENT_3D('',#12738,#8857,#8858);
#7311=AXIS2_PLACEMENT_3D('',#12740,#8860,#8861);
#7312=AXIS2_PLACEMENT_3D('',#12742,#8863,#8864);
#7313=AXIS2_PLACEMENT_3D('',#12744,#8865,#8866);
#7314=AXIS2_PLACEMENT_3D('',#12746,#8867,#8868);
#7315=AXIS2_PLACEMENT_3D('',#12748,#8870,#8871);
#7316=AXIS2_PLACEMENT_3D('',#12750,#8872,#8873);
#7317=AXIS2_PLACEMENT_3D('',#12753,#8875,#8876);
#7318=AXIS2_PLACEMENT_3D('',#12754,#8877,#8878);
#7319=AXIS2_PLACEMENT_3D('',#12758,#8881,#8882);
#7320=AXIS2_PLACEMENT_3D('',#12760,#8883,#8884);
#7321=AXIS2_PLACEMENT_3D('',#12763,#8886,#8887);
#7322=AXIS2_PLACEMENT_3D('',#12764,#8888,#8889);
#7323=AXIS2_PLACEMENT_3D('',#12766,#8890,#8891);
#7324=AXIS2_PLACEMENT_3D('',#12769,#8893,#8894);
#7325=AXIS2_PLACEMENT_3D('',#12770,#8895,#8896);
#7326=AXIS2_PLACEMENT_3D('',#12775,#8899,#8900);
#7327=AXIS2_PLACEMENT_3D('',#12776,#8901,#8902);
#7328=AXIS2_PLACEMENT_3D('',#12778,#8904,#8905);
#7329=AXIS2_PLACEMENT_3D('',#12780,#8906,#8907);
#7330=AXIS2_PLACEMENT_3D('',#12783,#8909,#8910);
#7331=AXIS2_PLACEMENT_3D('',#12784,#8911,#8912);
#7332=AXIS2_PLACEMENT_3D('',#12786,#8913,#8914);
#7333=AXIS2_PLACEMENT_3D('',#12789,#8916,#8917);
#7334=AXIS2_PLACEMENT_3D('',#12790,#8918,#8919);
#7335=AXIS2_PLACEMENT_3D('',#12793,#8920,#8921);
#7336=AXIS2_PLACEMENT_3D('',#12798,#8925,#8926);
#7337=AXIS2_PLACEMENT_3D('',#12801,#8929,#8930);
#7338=AXIS2_PLACEMENT_3D('',#12804,#8932,#8933);
#7339=AXIS2_PLACEMENT_3D('',#12805,#8934,#8935);
#7340=AXIS2_PLACEMENT_3D('',#12807,#8936,#8937);
#7341=AXIS2_PLACEMENT_3D('',#12808,#8938,#8939);
#7342=AXIS2_PLACEMENT_3D('',#12812,#8941,#8942);
#7343=AXIS2_PLACEMENT_3D('',#12814,#8944,#8945);
#7344=AXIS2_PLACEMENT_3D('',#12816,#8946,#8947);
#7345=AXIS2_PLACEMENT_3D('',#12818,#8949,#8950);
#7346=AXIS2_PLACEMENT_3D('',#12820,#8951,#8952);
#7347=AXIS2_PLACEMENT_3D('',#12822,#8954,#8955);
#7348=AXIS2_PLACEMENT_3D('',#12828,#8960,#8961);
#7349=AXIS2_PLACEMENT_3D('',#12830,#8963,#8964);
#7350=AXIS2_PLACEMENT_3D('',#12831,#8965,#8966);
#7351=AXIS2_PLACEMENT_3D('',#12833,#8968,#8969);
#7352=AXIS2_PLACEMENT_3D('',#12837,#8971,#8972);
#7353=AXIS2_PLACEMENT_3D('',#12839,#8974,#8975);
#7354=AXIS2_PLACEMENT_3D('',#12842,#8977,#8978);
#7355=AXIS2_PLACEMENT_3D('',#12843,#8979,#8980);
#7356=AXIS2_PLACEMENT_3D('',#12846,#8982,#8983);
#7357=AXIS2_PLACEMENT_3D('',#12847,#8984,#8985);
#7358=AXIS2_PLACEMENT_3D('',#12855,#8990,#8991);
#7359=AXIS2_PLACEMENT_3D('',#12865,#8996,#8997);
#7360=AXIS2_PLACEMENT_3D('',#12869,#8999,#9000);
#7361=AXIS2_PLACEMENT_3D('',#12879,#9006,#9007);
#7362=AXIS2_PLACEMENT_3D('',#12882,#9008,#9009);
#7363=AXIS2_PLACEMENT_3D('',#12884,#9010,#9011);
#7364=AXIS2_PLACEMENT_3D('',#12900,#9022,#9023);
#7365=AXIS2_PLACEMENT_3D('',#12901,#9024,#9025);
#7366=AXIS2_PLACEMENT_3D('',#12905,#9028,#9029);
#7367=AXIS2_PLACEMENT_3D('',#12909,#9032,#9033);
#7368=AXIS2_PLACEMENT_3D('',#12913,#9036,#9037);
#7369=AXIS2_PLACEMENT_3D('',#12915,#9039,#9040);
#7370=AXIS2_PLACEMENT_3D('',#12917,#9042,#9043);
#7371=AXIS2_PLACEMENT_3D('',#12919,#9045,#9046);
#7372=AXIS2_PLACEMENT_3D('',#12920,#9047,#9048);
#7373=AXIS2_PLACEMENT_3D('',#12922,#9050,#9051);
#7374=AXIS2_PLACEMENT_3D('',#12924,#9053,#9054);
#7375=AXIS2_PLACEMENT_3D('',#12926,#9056,#9057);
#7376=AXIS2_PLACEMENT_3D('',#12928,#9059,#9060);
#7377=AXIS2_PLACEMENT_3D('',#12930,#9062,#9063);
#7378=AXIS2_PLACEMENT_3D('',#12932,#9065,#9066);
#7379=AXIS2_PLACEMENT_3D('',#12933,#9067,#9068);
#7380=AXIS2_PLACEMENT_3D('',#12935,#9070,#9071);
#7381=AXIS2_PLACEMENT_3D('',#12937,#9073,#9074);
#7382=AXIS2_PLACEMENT_3D('',#12940,#9077,#9078);
#7383=AXIS2_PLACEMENT_3D('',#12941,#9079,#9080);
#7384=AXIS2_PLACEMENT_3D('',#12943,#9082,#9083);
#7385=AXIS2_PLACEMENT_3D('',#12945,#9085,#9086);
#7386=AXIS2_PLACEMENT_3D('',#12946,#9087,#9088);
#7387=AXIS2_PLACEMENT_3D('',#12948,#9090,#9091);
#7388=AXIS2_PLACEMENT_3D('',#12950,#9093,#9094);
#7389=AXIS2_PLACEMENT_3D('',#12953,#9097,#9098);
#7390=AXIS2_PLACEMENT_3D('',#12955,#9100,#9101);
#7391=AXIS2_PLACEMENT_3D('',#12957,#9103,#9104);
#7392=AXIS2_PLACEMENT_3D('',#12959,#9106,#9107);
#7393=AXIS2_PLACEMENT_3D('',#12961,#9109,#9110);
#7394=AXIS2_PLACEMENT_3D('',#12963,#9112,#9113);
#7395=AXIS2_PLACEMENT_3D('',#12965,#9115,#9116);
#7396=DIRECTION('axis',(0.,0.,1.));
#7397=DIRECTION('refdir',(1.,0.,0.));
#7398=DIRECTION('',(0.,1.,0.));
#7399=DIRECTION('',(0.,1.,0.));
#7400=DIRECTION('',(0.,1.,0.));
#7401=DIRECTION('center_axis',(-0.352638294474922,0.,0.935759709150708));
#7402=DIRECTION('ref_axis',(0.935759709150708,0.,0.352638294474922));
#7403=DIRECTION('',(0.935759709150708,1.13660592486785E-15,0.352638294474922));
#7404=DIRECTION('',(0.,1.,0.));
#7405=DIRECTION('',(0.935759709150708,0.,0.352638294474922));
#7406=DIRECTION('center_axis',(1.,0.,0.));
#7407=DIRECTION('ref_axis',(0.,0.,-1.));
#7408=DIRECTION('',(0.,0.,-1.));
#7409=DIRECTION('',(0.,1.,0.));
#7410=DIRECTION('',(0.,0.,-1.));
#7411=DIRECTION('center_axis',(-0.350646096392725,0.,-0.936508043256727));
#7412=DIRECTION('ref_axis',(-0.936508043256727,0.,0.350646096392725));
#7413=DIRECTION('',(-0.936508043256727,-1.13751487720932E-15,0.350646096392725));
#7414=DIRECTION('',(-0.936508043256727,0.,0.350646096392725));
#7415=DIRECTION('center_axis',(-0.340892933924545,0.,-0.940102126154556));
#7416=DIRECTION('ref_axis',(-0.940102126154556,0.,0.340892933924545));
#7417=DIRECTION('',(-0.940102126154556,-1.14188037390274E-15,0.340892933924545));
#7418=DIRECTION('',(0.,1.,0.));
#7419=DIRECTION('',(-0.940102126154556,0.,0.340892933924545));
#7420=DIRECTION('',(0.,1.,0.));
#7421=DIRECTION('center_axis',(-1.,0.,0.));
#7422=DIRECTION('ref_axis',(0.,0.,1.));
#7423=DIRECTION('',(0.,0.,1.));
#7424=DIRECTION('',(0.,1.,0.));
#7425=DIRECTION('',(0.,0.,1.));
#7426=DIRECTION('center_axis',(-0.359401529578064,0.,0.933183015563908));
#7427=DIRECTION('ref_axis',(0.933183015563907,0.,0.359401529578064));
#7428=DIRECTION('',(0.933183015563907,1.13347618422109E-15,0.359401529578064));
#7429=DIRECTION('',(0.,1.,0.));
#7430=DIRECTION('',(0.933183015563907,0.,0.359401529578064));
#7431=DIRECTION('center_axis',(-1.,0.,0.));
#7432=DIRECTION('ref_axis',(0.,0.,1.));
#7433=DIRECTION('',(0.,0.,1.));
#7434=DIRECTION('',(0.,1.,0.));
#7435=DIRECTION('',(0.,0.,1.));
#7436=DIRECTION('center_axis',(0.378780426643866,0.,-0.925486568455475));
#7437=DIRECTION('ref_axis',(-0.925486568455475,0.,-0.378780426643866));
#7438=DIRECTION('',(-0.925486568455475,-1.12412781487121E-15,-0.378780426643866));
#7439=DIRECTION('',(0.,1.,0.));
#7440=DIRECTION('',(-0.925486568455475,0.,-0.378780426643866));
#7441=DIRECTION('center_axis',(1.,0.,0.));
#7442=DIRECTION('ref_axis',(0.,0.,-1.));
#7443=DIRECTION('',(0.,0.,-1.));
#7444=DIRECTION('',(0.,1.,0.));
#7445=DIRECTION('',(0.,0.,-1.));
#7446=DIRECTION('center_axis',(0.358509631707291,0.,0.933526027474919));
#7447=DIRECTION('ref_axis',(0.933526027474919,0.,-0.358509631707291));
#7448=DIRECTION('',(0.933526027474919,1.13389281828489E-15,-0.358509631707291));
#7449=DIRECTION('',(0.,1.,0.));
#7450=DIRECTION('',(0.933526027474919,0.,-0.358509631707291));
#7451=DIRECTION('center_axis',(-1.,0.,0.));
#7452=DIRECTION('ref_axis',(0.,0.,1.));
#7453=DIRECTION('',(0.,0.,1.));
#7454=DIRECTION('',(0.,0.,1.));
#7455=DIRECTION('center_axis',(0.,-1.,0.));
#7456=DIRECTION('ref_axis',(1.,0.,0.));
#7457=DIRECTION('center_axis',(0.,0.,-1.));
#7458=DIRECTION('ref_axis',(-1.,0.,0.));
#7459=DIRECTION('',(-1.,-1.21463439145016E-15,0.));
#7460=DIRECTION('',(0.,1.,0.));
#7461=DIRECTION('',(-1.,0.,0.));
#7462=DIRECTION('',(0.,1.,0.));
#7463=DIRECTION('center_axis',(-0.555699026990724,0.,0.831383540492331));
#7464=DIRECTION('ref_axis',(0.831383540492331,0.,0.555699026990724));
#7465=DIRECTION('',(0.831383540492331,1.00982704076758E-15,0.555699026990724));
#7466=DIRECTION('',(0.,1.,0.));
#7467=DIRECTION('',(0.831383540492331,0.,0.555699026990724));
#7468=DIRECTION('center_axis',(-1.,0.,0.));
#7469=DIRECTION('ref_axis',(0.,0.,1.));
#7470=DIRECTION('',(0.,0.,1.));
#7471=DIRECTION('',(0.,1.,0.));
#7472=DIRECTION('',(0.,0.,1.));
#7473=DIRECTION('center_axis',(0.,0.,-1.));
#7474=DIRECTION('ref_axis',(-1.,0.,0.));
#7475=DIRECTION('',(-1.,-1.21463439145016E-15,0.));
#7476=DIRECTION('',(0.,1.,0.));
#7477=DIRECTION('',(-1.,0.,0.));
#7478=DIRECTION('center_axis',(1.,0.,0.));
#7479=DIRECTION('ref_axis',(0.,0.,-1.));
#7480=DIRECTION('',(0.,0.,-1.));
#7481=DIRECTION('',(0.,1.,0.));
#7482=DIRECTION('',(0.,0.,-1.));
#7483=DIRECTION('center_axis',(0.,0.,1.));
#7484=DIRECTION('ref_axis',(1.,0.,0.));
#7485=DIRECTION('',(1.,1.21463439145016E-15,0.));
#7486=DIRECTION('',(0.,1.,0.));
#7487=DIRECTION('',(1.,0.,0.));
#7488=DIRECTION('center_axis',(0.556032720781179,0.,-0.831160401740049));
#7489=DIRECTION('ref_axis',(-0.831160401740049,0.,-0.556032720781179));
#7490=DIRECTION('',(-0.831160401740049,-1.009556008765E-15,-0.556032720781179));
#7491=DIRECTION('',(0.,1.,0.));
#7492=DIRECTION('',(-0.831160401740049,0.,-0.556032720781179));
#7493=DIRECTION('center_axis',(1.,0.,0.));
#7494=DIRECTION('ref_axis',(0.,0.,-1.));
#7495=DIRECTION('',(0.,0.,-1.));
#7496=DIRECTION('',(0.,1.,0.));
#7497=DIRECTION('',(0.,0.,-1.));
#7498=DIRECTION('center_axis',(0.,0.,1.));
#7499=DIRECTION('ref_axis',(1.,0.,0.));
#7500=DIRECTION('',(1.,1.21463439145016E-15,0.));
#7501=DIRECTION('',(0.,1.,0.));
#7502=DIRECTION('',(1.,0.,0.));
#7503=DIRECTION('center_axis',(-1.,0.,0.));
#7504=DIRECTION('ref_axis',(0.,0.,1.));
#7505=DIRECTION('',(0.,0.,1.));
#7506=DIRECTION('',(0.,0.,1.));
#7507=DIRECTION('center_axis',(0.,1.,0.));
#7508=DIRECTION('ref_axis',(0.,0.,1.));
#7509=DIRECTION('center_axis',(0.,0.,-1.));
#7510=DIRECTION('ref_axis',(-1.,0.,0.));
#7511=DIRECTION('',(-1.,-1.21463439145016E-15,0.));
#7512=DIRECTION('',(0.,1.,0.));
#7513=DIRECTION('',(-1.,0.,0.));
#7514=DIRECTION('',(0.,1.,0.));
#7515=DIRECTION('center_axis',(-1.,0.,0.));
#7516=DIRECTION('ref_axis',(0.,0.,1.));
#7517=DIRECTION('',(0.,0.,1.));
#7518=DIRECTION('',(0.,1.,0.));
#7519=DIRECTION('',(0.,0.,1.));
#7520=DIRECTION('center_axis',(0.,0.,1.));
#7521=DIRECTION('ref_axis',(1.,0.,0.));
#7522=DIRECTION('',(1.,1.21463439145016E-15,0.));
#7523=DIRECTION('',(0.,1.,0.));
#7524=DIRECTION('',(1.,0.,0.));
#7525=DIRECTION('center_axis',(-1.,0.,0.));
#7526=DIRECTION('ref_axis',(0.,0.,1.));
#7527=DIRECTION('',(0.,0.,1.));
#7528=DIRECTION('',(0.,1.,0.));
#7529=DIRECTION('',(0.,0.,1.));
#7530=DIRECTION('center_axis',(0.,0.,-1.));
#7531=DIRECTION('ref_axis',(-1.,0.,0.));
#7532=DIRECTION('',(-1.,-1.21463439145016E-15,0.));
#7533=DIRECTION('',(0.,1.,0.));
#7534=DIRECTION('',(-1.,0.,0.));
#7535=DIRECTION('center_axis',(1.,0.,0.));
#7536=DIRECTION('ref_axis',(0.,0.,-1.));
#7537=DIRECTION('',(0.,0.,-1.));
#7538=DIRECTION('',(0.,1.,0.));
#7539=DIRECTION('',(0.,0.,-1.));
#7540=DIRECTION('center_axis',(0.,0.,1.));
#7541=DIRECTION('ref_axis',(1.,0.,0.));
#7542=DIRECTION('',(1.,1.21463439145016E-15,0.));
#7543=DIRECTION('',(0.,1.,0.));
#7544=DIRECTION('',(1.,0.,0.));
#7545=DIRECTION('center_axis',(1.,0.,0.));
#7546=DIRECTION('ref_axis',(0.,0.,-1.));
#7547=DIRECTION('',(0.,0.,-1.));
#7548=DIRECTION('',(0.,1.,0.));
#7549=DIRECTION('',(0.,0.,-1.));
#7550=DIRECTION('center_axis',(0.,0.,-1.));
#7551=DIRECTION('ref_axis',(-1.,0.,0.));
#7552=DIRECTION('',(-1.,-1.21463439145016E-15,0.));
#7553=DIRECTION('',(0.,1.,0.));
#7554=DIRECTION('',(-1.,0.,0.));
#7555=DIRECTION('center_axis',(1.,0.,0.));
#7556=DIRECTION('ref_axis',(0.,0.,-1.));
#7557=DIRECTION('',(0.,0.,-1.));
#7558=DIRECTION('',(0.,1.,0.));
#7559=DIRECTION('',(0.,0.,-1.));
#7560=DIRECTION('center_axis',(0.,0.,1.));
#7561=DIRECTION('ref_axis',(1.,0.,0.));
#7562=DIRECTION('',(1.,1.21463439145016E-15,0.));
#7563=DIRECTION('',(0.,1.,0.));
#7564=DIRECTION('',(1.,0.,0.));
#7565=DIRECTION('center_axis',(-1.,0.,0.));
#7566=DIRECTION('ref_axis',(0.,0.,1.));
#7567=DIRECTION('',(0.,0.,1.));
#7568=DIRECTION('',(0.,0.,1.));
#7569=DIRECTION('center_axis',(0.,1.,0.));
#7570=DIRECTION('ref_axis',(0.,0.,1.));
#7571=DIRECTION('',(0.,1.,0.));
#7572=DIRECTION('',(0.,1.,0.));
#7573=DIRECTION('',(0.,1.,0.));
#7574=DIRECTION('',(0.,1.,0.));
#7575=DIRECTION('',(0.,1.,0.));
#7576=DIRECTION('',(0.,1.,0.));
#7577=DIRECTION('',(0.,1.,0.));
#7578=DIRECTION('',(0.,1.,0.));
#7579=DIRECTION('',(0.,1.,0.));
#7580=DIRECTION('',(0.,1.,0.));
#7581=DIRECTION('center_axis',(-0.973350259297521,0.,-0.229323511061228));
#7582=DIRECTION('ref_axis',(-0.229323511061228,0.,0.973350259297521));
#7583=DIRECTION('',(-0.229323511061228,-2.78544223303069E-16,0.973350259297521));
#7584=DIRECTION('',(0.,1.,0.));
#7585=DIRECTION('',(-0.229323511061228,0.,0.973350259297521));
#7586=DIRECTION('',(0.,1.,0.));
#7587=DIRECTION('',(0.,1.,0.));
#7588=DIRECTION('',(0.,1.,0.));
#7589=DIRECTION('',(0.,1.,0.));
#7590=DIRECTION('',(0.,1.,0.));
#7591=DIRECTION('',(0.,1.,0.));
#7592=DIRECTION('',(0.,1.,0.));
#7593=DIRECTION('',(0.,1.,0.));
#7594=DIRECTION('',(0.,1.,0.));
#7595=DIRECTION('',(0.,1.,0.));
#7596=DIRECTION('center_axis',(0.969551666842277,0.,-0.244886841874694));
#7597=DIRECTION('ref_axis',(-0.244886841874694,0.,-0.969551666842277));
#7598=DIRECTION('',(-0.244886841874694,-2.97447980154622E-16,-0.969551666842277));
#7599=DIRECTION('',(0.,1.,0.));
#7600=DIRECTION('',(-0.244886841874694,0.,-0.969551666842277));
#7601=DIRECTION('center_axis',(0.,-1.,0.));
#7602=DIRECTION('ref_axis',(1.,0.,0.));
#7603=DIRECTION('center_axis',(1.21463439145016E-15,-1.,0.));
#7604=DIRECTION('ref_axis',(-1.,-1.21463439145016E-15,2.10537153304714E-16));
#7605=DIRECTION('',(0.173648177666927,0.984807753012209,0.));
#7606=DIRECTION('',(0.173648177666927,0.984807753012209,0.));
#7607=DIRECTION('',(0.173648177666927,0.984807753012209,0.));
#7608=DIRECTION('center_axis',(-0.347280926407906,0.0612349972111436,0.935759709150708));
#7609=DIRECTION('ref_axis',(0.921543416528066,-0.162492968228156,0.352638294474922));
#7610=DIRECTION('',(0.921543416528066,-0.162492968228156,0.352638294474922));
#7611=DIRECTION('',(0.173648177666927,0.984807753012209,0.));
#7612=DIRECTION('',(0.921543416528066,-0.162492968228156,0.352638294474922));
#7613=DIRECTION('center_axis',(0.984807753012209,-0.173648177666927,0.));
#7614=DIRECTION('ref_axis',(0.,0.,-1.));
#7615=DIRECTION('',(0.,0.,-1.));
#7616=DIRECTION('',(0.173648177666927,0.984807753012209,0.));
#7617=DIRECTION('',(0.,0.,-1.));
#7618=DIRECTION('center_axis',(-0.345318994291022,0.0608890556446185,-0.936508043256727));
#7619=DIRECTION('ref_axis',(-0.922280381757517,0.162622915081953,0.350646096392725));
#7620=DIRECTION('',(-0.922280381757517,0.162622915081953,0.350646096392725));
#7621=DIRECTION('',(-0.922280381757517,0.162622915081953,0.350646096392725));
#7622=DIRECTION('center_axis',(-0.33571400427597,0.0591954367555295,-0.940102126154556));
#7623=DIRECTION('ref_axis',(-0.925819862460267,0.163247021027544,0.340892933924545));
#7624=DIRECTION('',(-0.925819862460267,0.163247021027544,0.340892933924545));
#7625=DIRECTION('',(0.173648177666927,0.984807753012209,0.));
#7626=DIRECTION('',(-0.925819862460267,0.163247021027544,0.340892933924545));
#7627=DIRECTION('',(0.173648177666927,0.984807753012209,0.));
#7628=DIRECTION('center_axis',(-0.984807753012209,0.173648177666927,0.));
#7629=DIRECTION('ref_axis',(0.,0.,1.));
#7630=DIRECTION('',(0.,0.,1.));
#7631=DIRECTION('',(0.173648177666927,0.984807753012209,0.));
#7632=DIRECTION('',(0.,0.,1.));
#7633=DIRECTION('center_axis',(-0.353941412772924,0.0624094206619371,0.933183015563908));
#7634=DIRECTION('ref_axis',(0.919005868706648,-0.162045530082403,0.359401529578064));
#7635=DIRECTION('',(0.919005868706648,-0.162045530082403,0.359401529578064));
#7636=DIRECTION('',(0.173648177666927,0.984807753012209,0.));
#7637=DIRECTION('',(0.919005868706648,-0.162045530082403,0.359401529578064));
#7638=DIRECTION('center_axis',(-0.984807753012209,0.173648177666927,0.));
#7639=DIRECTION('ref_axis',(0.,0.,1.));
#7640=DIRECTION('',(0.,0.,1.));
#7641=DIRECTION('',(0.173648177666927,0.984807753012209,0.));
#7642=DIRECTION('',(0.,0.,1.));
#7643=DIRECTION('center_axis',(0.373025900848151,-0.0657745308226086,-0.925486568455475));
#7644=DIRECTION('ref_axis',(-0.911426347923616,0.160709056067513,-0.378780426643866));
#7645=DIRECTION('',(-0.911426347923616,0.160709056067513,-0.378780426643866));
#7646=DIRECTION('',(0.173648177666927,0.984807753012209,0.));
#7647=DIRECTION('',(-0.911426347923616,0.160709056067513,-0.378780426643866));
#7648=DIRECTION('center_axis',(0.984807753012209,-0.173648177666927,0.));
#7649=DIRECTION('ref_axis',(0.,0.,-1.));
#7650=DIRECTION('',(0.,0.,-1.));
#7651=DIRECTION('',(0.173648177666927,0.984807753012209,0.));
#7652=DIRECTION('',(0.,0.,-1.));
#7653=DIRECTION('center_axis',(0.353063064834891,-0.0622545442220124,0.933526027474919));
#7654=DIRECTION('ref_axis',(0.919343669495988,-0.162105093475668,-0.358509631707291));
#7655=DIRECTION('',(0.919343669495988,-0.162105093475668,-0.358509631707291));
#7656=DIRECTION('',(0.173648177666927,0.984807753012209,0.));
#7657=DIRECTION('',(0.919343669495988,-0.162105093475668,-0.358509631707291));
#7658=DIRECTION('center_axis',(-0.984807753012209,0.173648177666927,0.));
#7659=DIRECTION('ref_axis',(0.,0.,1.));
#7660=DIRECTION('',(0.,0.,1.));
#7661=DIRECTION('',(0.,0.,1.));
#7662=DIRECTION('center_axis',(-0.17364817766693,-0.984807753012208,0.));
#7663=DIRECTION('ref_axis',(0.984807753012208,-0.17364817766693,0.));
#7664=DIRECTION('center_axis',(0.,0.,-1.));
#7665=DIRECTION('ref_axis',(-0.984807753012208,0.17364817766693,0.));
#7666=DIRECTION('',(-0.984807753012208,0.17364817766693,0.));
#7667=DIRECTION('',(0.173648177666927,0.984807753012209,0.));
#7668=DIRECTION('',(-0.984807753012208,0.17364817766693,0.));
#7669=DIRECTION('',(0.173648177666927,0.984807753012209,0.));
#7670=DIRECTION('center_axis',(-0.547256710121805,0.0964961233682239,0.831383540492331));
#7671=DIRECTION('ref_axis',(0.818752956403586,-0.144368236748773,0.555699026990724));
#7672=DIRECTION('',(0.818752956403586,-0.144368236748773,0.555699026990724));
#7673=DIRECTION('',(0.173648177666927,0.984807753012209,0.));
#7674=DIRECTION('',(0.818752956403586,-0.144368236748773,0.555699026990724));
#7675=DIRECTION('center_axis',(-0.984807753012209,0.173648177666927,0.));
#7676=DIRECTION('ref_axis',(0.,0.,1.));
#7677=DIRECTION('',(0.,0.,1.));
#7678=DIRECTION('',(0.173648177666927,0.984807753012209,0.));
#7679=DIRECTION('',(0.,0.,1.));
#7680=DIRECTION('center_axis',(0.,0.,-1.));
#7681=DIRECTION('ref_axis',(-0.984807753012208,0.17364817766693,0.));
#7682=DIRECTION('',(-0.984807753012208,0.17364817766693,0.));
#7683=DIRECTION('',(0.173648177666927,0.984807753012209,0.));
#7684=DIRECTION('',(-0.984807753012208,0.17364817766693,0.));
#7685=DIRECTION('center_axis',(0.984807753012209,-0.173648177666927,0.));
#7686=DIRECTION('ref_axis',(0.,0.,-1.));
#7687=DIRECTION('',(0.,0.,-1.));
#7688=DIRECTION('',(0.173648177666927,0.984807753012209,0.));
#7689=DIRECTION('',(0.,0.,-1.));
#7690=DIRECTION('center_axis',(0.,0.,1.));
#7691=DIRECTION('ref_axis',(0.984807753012208,-0.17364817766693,0.));
#7692=DIRECTION('',(0.984807753012208,-0.17364817766693,0.));
#7693=DIRECTION('',(0.173648177666927,0.984807753012209,0.));
#7694=DIRECTION('',(0.984807753012208,-0.17364817766693,0.));
#7695=DIRECTION('center_axis',(0.547585334353778,-0.0965540686868353,-0.831160401740049));
#7696=DIRECTION('ref_axis',(-0.818533207630342,0.144329489111072,-0.556032720781179));
#7697=DIRECTION('',(-0.818533207630342,0.144329489111072,-0.556032720781179));
#7698=DIRECTION('',(0.173648177666927,0.984807753012209,0.));
#7699=DIRECTION('',(-0.818533207630342,0.144329489111072,-0.556032720781179));
#7700=DIRECTION('center_axis',(0.984807753012209,-0.173648177666927,0.));
#7701=DIRECTION('ref_axis',(0.,0.,-1.));
#7702=DIRECTION('',(0.,0.,-1.));
#7703=DIRECTION('',(0.173648177666927,0.984807753012209,0.));
#7704=DIRECTION('',(0.,0.,-1.));
#7705=DIRECTION('center_axis',(0.,0.,1.));
#7706=DIRECTION('ref_axis',(0.984807753012208,-0.17364817766693,0.));
#7707=DIRECTION('',(0.984807753012208,-0.17364817766693,0.));
#7708=DIRECTION('',(0.173648177666927,0.984807753012209,0.));
#7709=DIRECTION('',(0.984807753012208,-0.17364817766693,0.));
#7710=DIRECTION('center_axis',(-0.984807753012209,0.173648177666927,0.));
#7711=DIRECTION('ref_axis',(0.,0.,1.));
#7712=DIRECTION('',(0.,0.,1.));
#7713=DIRECTION('',(0.,0.,1.));
#7714=DIRECTION('center_axis',(0.173648177666927,0.984807753012209,0.));
#7715=DIRECTION('ref_axis',(0.,0.,1.));
#7716=DIRECTION('center_axis',(0.,0.,-1.));
#7717=DIRECTION('ref_axis',(-0.984807753012208,0.17364817766693,0.));
#7718=DIRECTION('',(-0.984807753012208,0.17364817766693,0.));
#7719=DIRECTION('',(0.173648177666927,0.984807753012209,0.));
#7720=DIRECTION('',(-0.984807753012208,0.17364817766693,0.));
#7721=DIRECTION('',(0.173648177666927,0.984807753012209,0.));
#7722=DIRECTION('center_axis',(0.984807753012209,-0.173648177666927,0.));
#7723=DIRECTION('ref_axis',(0.,0.,-1.));
#7724=DIRECTION('',(0.,0.,-1.));
#7725=DIRECTION('',(0.173648177666927,0.984807753012209,0.));
#7726=DIRECTION('',(0.,0.,-1.));
#7727=DIRECTION('center_axis',(0.,0.,-1.));
#7728=DIRECTION('ref_axis',(-0.984807753012208,0.17364817766693,0.));
#7729=DIRECTION('',(-0.984807753012208,0.17364817766693,0.));
#7730=DIRECTION('',(0.173648177666927,0.984807753012209,0.));
#7731=DIRECTION('',(-0.984807753012208,0.17364817766693,0.));
#7732=DIRECTION('center_axis',(0.984807753012209,-0.173648177666927,0.));
#7733=DIRECTION('ref_axis',(0.,0.,-1.));
#7734=DIRECTION('',(0.,0.,-1.));
#7735=DIRECTION('',(0.173648177666927,0.984807753012209,0.));
#7736=DIRECTION('',(0.,0.,-1.));
#7737=DIRECTION('center_axis',(0.,0.,1.));
#7738=DIRECTION('ref_axis',(0.984807753012208,-0.17364817766693,0.));
#7739=DIRECTION('',(0.984807753012208,-0.17364817766693,0.));
#7740=DIRECTION('',(0.173648177666927,0.984807753012209,0.));
#7741=DIRECTION('',(0.984807753012208,-0.17364817766693,0.));
#7742=DIRECTION('center_axis',(-0.984807753012209,0.173648177666927,0.));
#7743=DIRECTION('ref_axis',(0.,0.,1.));
#7744=DIRECTION('',(0.,0.,1.));
#7745=DIRECTION('',(0.,0.,1.));
#7746=DIRECTION('center_axis',(0.173648177666927,0.984807753012209,0.));
#7747=DIRECTION('ref_axis',(0.,0.,1.));
#7748=DIRECTION('',(0.173648177666927,0.984807753012209,0.));
#7749=DIRECTION('',(0.173648177666927,0.984807753012209,0.));
#7750=DIRECTION('',(0.173648177666927,0.984807753012209,0.));
#7751=DIRECTION('',(0.173648177666927,0.984807753012209,0.));
#7752=DIRECTION('',(0.173648177666927,0.984807753012209,0.));
#7753=DIRECTION('',(0.173648177666927,0.984807753012209,0.));
#7754=DIRECTION('',(0.173648177666927,0.984807753012209,0.));
#7755=DIRECTION('',(0.173648177666927,0.984807753012209,0.));
#7756=DIRECTION('',(0.173648177666927,0.984807753012209,0.));
#7757=DIRECTION('',(0.173648177666927,0.984807753012209,0.));
#7758=DIRECTION('center_axis',(-0.958562881752642,0.169020498758646,-0.229323511061228));
#7759=DIRECTION('ref_axis',(-0.225839571641078,0.0398216097919642,0.973350259297521));
#7760=DIRECTION('',(-0.225839571641078,0.0398216097919642,0.973350259297521));
#7761=DIRECTION('',(0.173648177666927,0.984807753012209,0.));
#7762=DIRECTION('',(-0.225839571641078,0.0398216097919642,0.973350259297521));
#7763=DIRECTION('',(0.173648177666927,0.984807753012209,0.));
#7764=DIRECTION('',(0.173648177666927,0.984807753012209,0.));
#7765=DIRECTION('',(0.173648177666927,0.984807753012209,0.));
#7766=DIRECTION('',(0.173648177666927,0.984807753012209,0.));
#7767=DIRECTION('',(0.173648177666927,0.984807753012209,0.));
#7768=DIRECTION('',(0.173648177666927,0.984807753012209,0.));
#7769=DIRECTION('',(0.173648177666927,0.984807753012209,0.));
#7770=DIRECTION('',(0.173648177666927,0.984807753012209,0.));
#7771=DIRECTION('',(0.173648177666927,0.984807753012209,0.));
#7772=DIRECTION('',(0.173648177666927,0.984807753012209,0.));
#7773=DIRECTION('center_axis',(0.954821998452185,-0.168360880101093,-0.244886841874694));
#7774=DIRECTION('ref_axis',(-0.241166460488874,0.0425241538261502,-0.969551666842277));
#7775=DIRECTION('',(-0.241166460488874,0.0425241538261502,-0.969551666842277));
#7776=DIRECTION('',(0.173648177666927,0.984807753012209,0.));
#7777=DIRECTION('',(-0.241166460488874,0.0425241538261502,-0.969551666842277));
#7778=DIRECTION('center_axis',(-0.17364817766693,-0.984807753012208,0.));
#7779=DIRECTION('ref_axis',(0.984807753012208,-0.17364817766693,0.));
#7780=DIRECTION('center_axis',(-0.17364817766693,-0.984807753012208,0.));
#7781=DIRECTION('ref_axis',(-0.984807753012208,0.17364817766693,-5.76178138423249E-16));
#7782=DIRECTION('center_axis',(0.,0.,1.));
#7783=DIRECTION('ref_axis',(0.,-1.,0.));
#7784=DIRECTION('center_axis',(0.,0.,-1.));
#7785=DIRECTION('ref_axis',(0.707106781186542,-0.707106781186553,0.));
#7786=DIRECTION('center_axis',(0.,0.,1.));
#7787=DIRECTION('ref_axis',(0.,-1.,0.));
#7788=DIRECTION('',(0.,0.,-1.));
#7789=DIRECTION('',(0.,0.,1.));
#7790=DIRECTION('center_axis',(1.07110979973538E-15,1.,0.));
#7791=DIRECTION('ref_axis',(1.,-1.07110979973538E-15,1.94289029309402E-16));
#7792=DIRECTION('',(-1.,1.07110979973538E-15,0.));
#7793=DIRECTION('',(0.,0.,-1.));
#7794=DIRECTION('',(1.,-1.07110979973538E-15,0.));
#7795=DIRECTION('',(0.,0.,1.));
#7796=DIRECTION('',(1.,-1.07110979973538E-15,1.94289029309402E-16));
#7797=DIRECTION('',(0.,0.,-1.));
#7798=DIRECTION('',(0.,0.,-1.));
#7799=DIRECTION('',(-1.,1.07110979973538E-15,-3.77985953881143E-50));
#7800=DIRECTION('',(0.,0.,-1.));
#7801=DIRECTION('center_axis',(1.07110979973538E-15,1.,0.));
#7802=DIRECTION('ref_axis',(8.72209834243717E-16,-9.34232500884017E-31,
1.));
#7803=DIRECTION('',(1.,-1.07110979973538E-15,1.96370129951499E-15));
#7804=DIRECTION('center_axis',(1.07110979973538E-15,1.,0.));
#7805=DIRECTION('ref_axis',(6.64540826090451E-16,-7.11796191149727E-31,
1.));
#7806=DIRECTION('',(0.,0.,1.));
#7807=DIRECTION('',(-1.,1.07110979973538E-15,0.));
#7808=DIRECTION('',(0.,0.,-1.));
#7809=DIRECTION('',(1.,-1.07110979973538E-15,-1.26844881233905E-29));
#7810=DIRECTION('center_axis',(1.48029736616687E-14,0.,-1.));
#7811=DIRECTION('ref_axis',(1.,0.,1.48029736616687E-14));
#7812=DIRECTION('center_axis',(0.,0.,-1.));
#7813=DIRECTION('ref_axis',(0.707106781186542,-0.707106781186553,0.));
#7814=DIRECTION('center_axis',(1.94289029309402E-16,2.22044604925031E-16,
-1.));
#7815=DIRECTION('ref_axis',(0.707106781186542,-0.707106781186553,0.));
#7816=DIRECTION('',(0.,0.,-1.));
#7817=DIRECTION('center_axis',(-1.,0.,0.));
#7818=DIRECTION('ref_axis',(0.,0.,1.));
#7819=DIRECTION('center_axis',(-1.,0.,0.));
#7820=DIRECTION('ref_axis',(0.,-0.707106781186548,-0.707106781186548));
#7821=DIRECTION('',(0.,-1.,0.));
#7822=DIRECTION('center_axis',(-1.,0.,0.));
#7823=DIRECTION('ref_axis',(0.,0.707106781186548,-0.707106781186548));
#7824=DIRECTION('',(0.,8.88178419700122E-16,-1.));
#7825=DIRECTION('center_axis',(-1.,0.,0.));
#7826=DIRECTION('ref_axis',(0.,0.707106781186548,0.707106781186548));
#7827=DIRECTION('center_axis',(-1.,0.,0.));
#7828=DIRECTION('ref_axis',(0.,0.70710678118655,-0.707106781186545));
#7829=DIRECTION('',(0.,0.,-1.));
#7830=DIRECTION('',(0.,-0.47885213068055,0.877895572914397));
#7831=DIRECTION('',(0.,0.,1.));
#7832=DIRECTION('',(-1.44033386162401E-16,-1.,0.));
#7833=DIRECTION('center_axis',(-1.,0.,0.));
#7834=DIRECTION('ref_axis',(0.,0.,1.));
#7835=DIRECTION('center_axis',(1.,0.,0.));
#7836=DIRECTION('ref_axis',(0.,-0.707106781186548,-0.707106781186548));
#7837=DIRECTION('center_axis',(0.,1.,0.));
#7838=DIRECTION('ref_axis',(-1.,0.,0.));
#7839=DIRECTION('center_axis',(0.726246337187422,-5.24293449310474E-15,
-0.687434547954824));
#7840=DIRECTION('ref_axis',(2.79192965043269E-9,-1.,2.9495665169558E-9));
#7841=DIRECTION('center_axis',(1.,5.96115296921035E-16,0.));
#7842=DIRECTION('ref_axis',(0.,0.,-1.));
#7843=DIRECTION('center_axis',(1.,5.96115296921035E-16,0.));
#7844=DIRECTION('ref_axis',(4.21517168821896E-16,-0.707106781186548,-0.707106781186547));
#7845=DIRECTION('center_axis',(0.,-1.,0.));
#7846=DIRECTION('ref_axis',(1.,0.,0.));
#7847=DIRECTION('center_axis',(-1.,-5.96115296921035E-16,0.));
#7848=DIRECTION('ref_axis',(4.16333634234434E-16,-0.707106781186548,-0.707106781186547));
#7849=DIRECTION('center_axis',(0.726246335002668,-2.50265354814023E-15,
0.687434550262927));
#7850=DIRECTION('ref_axis',(-0.625308174681697,-0.415428668009168,0.660612373841403));
#7851=DIRECTION('center_axis',(0.726246337187417,-4.42161719165144E-16,
-0.68743454795483));
#7852=DIRECTION('ref_axis',(2.79192224894586E-9,-1.,2.94955171398214E-9));
#7853=DIRECTION('center_axis',(1.,5.96115296921035E-16,0.));
#7854=DIRECTION('ref_axis',(0.,0.,-1.));
#7855=DIRECTION('center_axis',(1.,5.96115296921035E-16,0.));
#7856=DIRECTION('ref_axis',(4.21517168821895E-16,-0.707106781186546,-0.70710678118655));
#7857=DIRECTION('center_axis',(0.,-1.,1.33226762955018E-14));
#7858=DIRECTION('ref_axis',(1.,0.,0.));
#7859=DIRECTION('center_axis',(-1.,-5.96115296921035E-16,0.));
#7860=DIRECTION('ref_axis',(4.16333634234436E-16,-0.707106781186546,-0.707106781186549));
#7861=DIRECTION('center_axis',(0.726246335002674,2.29811930905974E-15,0.68743455026292));
#7862=DIRECTION('ref_axis',(-0.625308174681692,-0.415428668009158,0.660612373841413));
#7863=DIRECTION('center_axis',(0.,0.,1.));
#7864=DIRECTION('ref_axis',(-7.40148683083437E-15,-1.,0.));
#7865=DIRECTION('center_axis',(0.,0.,-1.));
#7866=DIRECTION('ref_axis',(0.707106781186542,-0.707106781186553,0.));
#7867=DIRECTION('center_axis',(0.,0.,1.));
#7868=DIRECTION('ref_axis',(0.,-1.,0.));
#7869=DIRECTION('',(0.,0.,-1.));
#7870=DIRECTION('center_axis',(1.,0.,0.));
#7871=DIRECTION('ref_axis',(0.,-1.,0.));
#7872=DIRECTION('center_axis',(0.,-0.985450201756722,-0.169964407620055));
#7873=DIRECTION('ref_axis',(0.,-0.169964407620055,0.985450201756722));
#7874=DIRECTION('center_axis',(-1.,1.07110979973538E-15,-1.96370129951499E-15));
#7875=DIRECTION('ref_axis',(0.,-0.968993181842473,-0.247087461322504));
#7876=DIRECTION('center_axis',(1.,0.,0.));
#7877=DIRECTION('ref_axis',(0.,-1.,0.));
#7878=DIRECTION('',(-1.,1.07110979973538E-15,-1.96370129951499E-15));
#7879=DIRECTION('center_axis',(0.,-0.985450201756722,-0.169964407620055));
#7880=DIRECTION('ref_axis',(1.43296009630643E-15,-0.169964407620055,0.985450201756722));
#7881=DIRECTION('center_axis',(0.512981606121929,0.,-0.858399599126518));
#7882=DIRECTION('ref_axis',(0.,-1.,0.));
#7883=DIRECTION('center_axis',(-1.,0.,0.));
#7884=DIRECTION('ref_axis',(0.,0.,1.));
#7885=DIRECTION('center_axis',(-1.,0.,0.));
#7886=DIRECTION('ref_axis',(0.,-0.707106781186548,0.707106781186548));
#7887=DIRECTION('center_axis',(0.,-1.,0.));
#7888=DIRECTION('ref_axis',(-1.,0.,0.));
#7889=DIRECTION('center_axis',(1.,0.,0.));
#7890=DIRECTION('ref_axis',(0.,-0.707106781186548,0.707106781186548));
#7891=DIRECTION('center_axis',(0.,0.,-1.));
#7892=DIRECTION('ref_axis',(-0.707106781186551,0.707106781186544,0.));
#7893=DIRECTION('',(0.,0.,-1.));
#7894=DIRECTION('center_axis',(-1.94289029309402E-16,-2.22044604925031E-16,
1.));
#7895=DIRECTION('ref_axis',(-0.707106781186551,0.707106781186544,0.));
#7896=DIRECTION('center_axis',(0.,0.247087461322504,-0.968993181842473));
#7897=DIRECTION('ref_axis',(0.,0.968993181842473,0.247087461322504));
#7898=DIRECTION('center_axis',(0.,0.47885213068055,-0.877895572914397));
#7899=DIRECTION('ref_axis',(-0.70710678118655,0.620765912781417,0.338599588789841));
#7900=DIRECTION('',(0.,0.47885213068055,-0.877895572914397));
#7901=DIRECTION('center_axis',(0.,0.968993181842472,0.247087461322507));
#7902=DIRECTION('ref_axis',(1.71451367910266E-17,-0.247087461322507,0.968993181842472));
#7903=DIRECTION('',(0.,-0.47885213068055,0.877895572914397));
#7904=DIRECTION('center_axis',(1.94289029309402E-16,2.22044604925031E-16,
-1.));
#7905=DIRECTION('ref_axis',(-1.,6.8593742254505E-64,-1.94289029309402E-16));
#7906=DIRECTION('',(-1.,0.,0.));
#7907=DIRECTION('center_axis',(-1.94289029309402E-16,-2.22044604925031E-16,
1.));
#7908=DIRECTION('ref_axis',(0.707106781186551,0.707106781186544,0.));
#7909=DIRECTION('',(1.44033386162401E-16,1.,0.));
#7910=DIRECTION('',(-0.906307787036651,0.422618261740697,-8.22455552365868E-17));
#7911=DIRECTION('',(1.,-3.33066907387547E-15,1.94289029309401E-16));
#7912=DIRECTION('',(0.906307787036643,0.422618261740715,2.69925765161222E-16));
#7913=DIRECTION('',(-5.96115296921035E-16,1.,0.));
#7914=DIRECTION('center_axis',(-1.94289029309402E-16,-2.22044604925031E-16,
1.));
#7915=DIRECTION('ref_axis',(-0.707106781186549,0.707106781186546,0.));
#7916=DIRECTION('',(1.,0.,0.));
#7917=DIRECTION('center_axis',(-1.94289029309402E-16,-2.22044604925031E-16,
1.));
#7918=DIRECTION('ref_axis',(0.707106781186549,0.707106781186546,0.));
#7919=DIRECTION('',(-5.96115296921035E-16,1.,0.));
#7920=DIRECTION('center_axis',(1.94289029309402E-16,2.22044604925031E-16,
-1.));
#7921=DIRECTION('ref_axis',(-0.707106781186548,-0.707106781186548,0.));
#7922=DIRECTION('',(1.,3.06179196890401E-15,1.94289029309403E-16));
#7923=DIRECTION('center_axis',(-1.94289029309402E-16,-2.22044604925031E-16,
1.));
#7924=DIRECTION('ref_axis',(-1.,0.,0.));
#7925=DIRECTION('',(1.,3.06179196890401E-15,1.94289029309403E-16));
#7926=DIRECTION('',(8.7583346261887E-16,-1.,-2.22044604925031E-16));
#7927=DIRECTION('',(0.173648177666928,-0.984807753012208,-1.84933312564449E-16));
#7928=DIRECTION('center_axis',(1.94289029309402E-16,2.22044604925031E-16,
-1.));
#7929=DIRECTION('ref_axis',(0.984807753012208,0.173648177666929,2.2989498339512E-16));
#7930=DIRECTION('',(-0.707106781186547,-0.707106781186548,-2.94392336003207E-16));
#7931=DIRECTION('center_axis',(1.94289029309402E-16,2.22044604925031E-16,
-1.));
#7932=DIRECTION('ref_axis',(0.707106781186549,-0.707106781186546,-1.96261557335467E-17));
#7933=DIRECTION('',(-0.984807753012208,0.17364817766693,-5.76178138423249E-16));
#7934=DIRECTION('',(-4.3140830754274E-32,1.,2.22044604925031E-16));
#7935=DIRECTION('',(-1.,9.25185853854297E-17,-1.94289029309402E-16));
#7936=DIRECTION('',(1.36223684003086E-15,-1.,-2.22044604925031E-16));
#7937=DIRECTION('',(-1.,-1.21463439145016E-15,2.10537153304714E-16));
#7938=DIRECTION('',(-0.707106781186548,0.707106781186547,1.96261557335469E-17));
#7939=DIRECTION('',(-5.96115296921035E-16,1.,2.22044604925031E-16));
#7940=DIRECTION('',(1.,1.97557890536293E-15,1.94289029309403E-16));
#7941=DIRECTION('center_axis',(-1.94289029309402E-16,-2.22044604925031E-16,
1.));
#7942=DIRECTION('ref_axis',(-1.,0.,0.));
#7943=DIRECTION('',(1.,1.97557890536293E-15,1.94289029309403E-16));
#7944=DIRECTION('',(0.978147600733801,-0.20791169081778,1.43877678620962E-16));
#7945=DIRECTION('center_axis',(-1.94289029309402E-16,-2.22044604925031E-16,
1.));
#7946=DIRECTION('ref_axis',(1.,0.,0.));
#7947=DIRECTION('center_axis',(0.,1.,0.));
#7948=DIRECTION('ref_axis',(0.,0.,-1.));
#7949=DIRECTION('',(-1.,0.,0.));
#7950=DIRECTION('',(0.,0.,1.));
#7951=DIRECTION('center_axis',(0.,0.877895572914397,0.47885213068055));
#7952=DIRECTION('ref_axis',(6.89706938529998E-17,0.47885213068055,-0.877895572914397));
#7953=DIRECTION('',(2.85451080061906E-16,-0.47885213068055,0.877895572914397));
#7954=DIRECTION('center_axis',(-1.,0.,0.));
#7955=DIRECTION('ref_axis',(0.,0.,1.));
#7956=DIRECTION('center_axis',(-1.,0.,0.));
#7957=DIRECTION('ref_axis',(0.,0.707106781186548,0.707106781186548));
#7958=DIRECTION('',(0.,1.,0.));
#7959=DIRECTION('center_axis',(2.85451080061906E-16,-0.47885213068055,0.877895572914397));
#7960=DIRECTION('ref_axis',(0.707106781186547,0.62076591278142,0.338599588789843));
#7961=DIRECTION('center_axis',(0.422618261740697,0.906307787036651,0.));
#7962=DIRECTION('ref_axis',(0.203582142838505,-0.094931912269199,0.974444581877387));
#7963=DIRECTION('',(-2.85451080061906E-16,0.47885213068055,-0.877895572914397));
#7964=DIRECTION('center_axis',(0.,0.968993181842472,0.247087461322507));
#7965=DIRECTION('ref_axis',(2.74322188656425E-16,-0.247087461322507,0.968993181842472));
#7966=DIRECTION('',(-2.85451080061906E-16,0.47885213068055,-0.877895572914397));
#7967=DIRECTION('center_axis',(0.,-0.247087461322512,0.968993181842471));
#7968=DIRECTION('ref_axis',(-1.15526331661699E-15,0.968993181842471,0.247087461322512));
#7969=DIRECTION('center_axis',(0.,0.,1.));
#7970=DIRECTION('ref_axis',(0.707106781186551,0.707106781186544,0.));
#7971=DIRECTION('',(0.,0.,-1.));
#7972=DIRECTION('center_axis',(-1.,-5.96115296921035E-16,0.));
#7973=DIRECTION('ref_axis',(5.96115296921035E-16,-1.,0.));
#7974=DIRECTION('',(0.,0.,-1.));
#7975=DIRECTION('center_axis',(1.,5.96115296921035E-16,0.));
#7976=DIRECTION('ref_axis',(4.21517168821896E-16,-0.707106781186548,0.707106781186547));
#7977=DIRECTION('',(5.96115296921035E-16,-1.,0.));
#7978=DIRECTION('center_axis',(1.,5.96115296921035E-16,0.));
#7979=DIRECTION('ref_axis',(-4.21517168821896E-16,0.707106781186547,0.707106781186548));
#7980=DIRECTION('center_axis',(-1.,-5.96115296921035E-16,0.));
#7981=DIRECTION('ref_axis',(5.96115296921035E-16,-1.,0.));
#7982=DIRECTION('',(0.,0.,-1.));
#7983=DIRECTION('',(0.,0.,1.));
#7984=DIRECTION('center_axis',(1.,5.96115296921035E-16,0.));
#7985=DIRECTION('ref_axis',(-4.21517168821897E-16,0.707106781186549,-0.707106781186546));
#7986=DIRECTION('center_axis',(1.,5.96115296921035E-16,0.));
#7987=DIRECTION('ref_axis',(-4.21517168821896E-16,0.707106781186547,0.707106781186548));
#7988=DIRECTION('',(5.29456742378394E-31,-8.88178419700122E-16,1.));
#7989=DIRECTION('center_axis',(1.,5.96115296921035E-16,0.));
#7990=DIRECTION('ref_axis',(-4.21517168821896E-16,0.707106781186547,-0.707106781186548));
#7991=DIRECTION('',(-5.96115296921035E-16,1.,0.));
#7992=DIRECTION('center_axis',(0.,0.,1.));
#7993=DIRECTION('ref_axis',(0.707106781186548,-0.707106781186548,0.));
#7994=DIRECTION('center_axis',(0.,0.,-1.));
#7995=DIRECTION('ref_axis',(1.,0.,0.));
#7996=DIRECTION('',(0.,0.,-1.));
#7997=DIRECTION('center_axis',(0.,0.,-1.));
#7998=DIRECTION('ref_axis',(1.,0.,0.));
#7999=DIRECTION('center_axis',(-1.,0.,0.));
#8000=DIRECTION('ref_axis',(0.,0.,1.));
#8001=DIRECTION('center_axis',(-1.,0.,0.));
#8002=DIRECTION('ref_axis',(0.,-0.707106781186548,0.707106781186548));
#8003=DIRECTION('center_axis',(-2.36658271566302E-28,-1.,2.66453525910036E-14));
#8004=DIRECTION('ref_axis',(-1.,0.,-8.88178419700124E-15));
#8005=DIRECTION('center_axis',(1.,0.,0.));
#8006=DIRECTION('ref_axis',(0.,-0.707106781186548,0.707106781186548));
#8007=DIRECTION('center_axis',(-1.,0.,0.));
#8008=DIRECTION('ref_axis',(0.,0.,1.));
#8009=DIRECTION('center_axis',(0.,-1.,3.10862446895045E-14));
#8010=DIRECTION('ref_axis',(-1.,0.,0.));
#8011=DIRECTION('center_axis',(0.,0.,1.));
#8012=DIRECTION('ref_axis',(-1.,0.,0.));
#8013=DIRECTION('center_axis',(1.,0.,0.));
#8014=DIRECTION('ref_axis',(0.,0.707106781186548,0.707106781186548));
#8015=DIRECTION('center_axis',(0.,-8.88178419700122E-16,1.));
#8016=DIRECTION('ref_axis',(-0.707106781186548,-0.707106781186548,0.));
#8017=DIRECTION('center_axis',(0.,0.,1.));
#8018=DIRECTION('ref_axis',(-1.,0.,0.));
#8019=DIRECTION('',(0.,-8.88178419700122E-16,1.));
#8020=DIRECTION('center_axis',(-1.,0.,0.));
#8021=DIRECTION('ref_axis',(0.,0.,1.));
#8022=DIRECTION('center_axis',(0.,1.,0.));
#8023=DIRECTION('ref_axis',(-1.,0.,0.));
#8024=DIRECTION('center_axis',(1.,0.,0.));
#8025=DIRECTION('ref_axis',(0.,0.707106781186548,-0.707106781186548));
#8026=DIRECTION('center_axis',(0.,1.,0.));
#8027=DIRECTION('ref_axis',(-0.707106781186551,0.,0.707106781186544));
#8028=DIRECTION('',(0.,1.,0.));
#8029=DIRECTION('center_axis',(-1.,0.,0.));
#8030=DIRECTION('ref_axis',(0.,0.,1.));
#8031=DIRECTION('center_axis',(-1.,0.,0.));
#8032=DIRECTION('ref_axis',(0.,-0.707106781186541,-0.707106781186554));
#8033=DIRECTION('center_axis',(0.,-1.,0.));
#8034=DIRECTION('ref_axis',(-0.707106781186551,0.,-0.707106781186544));
#8035=DIRECTION('center_axis',(0.,-1.,0.));
#8036=DIRECTION('ref_axis',(-1.,0.,0.));
#8037=DIRECTION('',(0.,-1.,0.));
#8038=DIRECTION('center_axis',(-1.,0.,0.));
#8039=DIRECTION('ref_axis',(0.,0.,1.));
#8040=DIRECTION('center_axis',(0.,0.,1.));
#8041=DIRECTION('ref_axis',(-1.,0.,0.));
#8042=DIRECTION('center_axis',(1.,0.,0.));
#8043=DIRECTION('ref_axis',(0.,0.707106781186548,0.707106781186548));
#8044=DIRECTION('center_axis',(0.,0.,1.));
#8045=DIRECTION('ref_axis',(-0.707106781186548,-0.707106781186548,0.));
#8046=DIRECTION('center_axis',(0.,0.,1.));
#8047=DIRECTION('ref_axis',(-1.,0.,0.));
#8048=DIRECTION('',(0.,0.,1.));
#8049=DIRECTION('center_axis',(-1.,0.,0.));
#8050=DIRECTION('ref_axis',(0.,0.,1.));
#8051=DIRECTION('center_axis',(0.,1.,1.33226762955017E-14));
#8052=DIRECTION('ref_axis',(-1.,0.,0.));
#8053=DIRECTION('center_axis',(1.,0.,0.));
#8054=DIRECTION('ref_axis',(0.,0.70710678118655,-0.707106781186545));
#8055=DIRECTION('center_axis',(0.,1.,1.1842378929335E-14));
#8056=DIRECTION('ref_axis',(-0.707106781186551,-6.2803698347351E-15,0.707106781186544));
#8057=DIRECTION('center_axis',(0.,1.,1.33226762955019E-14));
#8058=DIRECTION('ref_axis',(-1.,0.,0.));
#8059=DIRECTION('',(0.,1.,1.1842378929335E-14));
#8060=DIRECTION('',(0.,-1.,0.));
#8061=DIRECTION('center_axis',(-1.,0.,0.));
#8062=DIRECTION('ref_axis',(0.,0.,1.));
#8063=DIRECTION('center_axis',(1.,0.,0.));
#8064=DIRECTION('ref_axis',(0.,-0.707106781186541,-0.707106781186554));
#8065=DIRECTION('center_axis',(1.,5.96115296921035E-16,0.));
#8066=DIRECTION('ref_axis',(0.,0.,-1.));
#8067=DIRECTION('center_axis',(1.57772181044203E-28,-1.,1.77635683940026E-14));
#8068=DIRECTION('ref_axis',(1.,0.,-8.88178419700124E-15));
#8069=DIRECTION('center_axis',(-1.,-5.96115296921035E-16,0.));
#8070=DIRECTION('ref_axis',(-4.16333634234434E-16,0.70710678118655,-0.707106781186546));
#8071=DIRECTION('center_axis',(1.,5.96115296921035E-16,0.));
#8072=DIRECTION('ref_axis',(0.,0.,-1.));
#8073=DIRECTION('center_axis',(0.,1.,0.));
#8074=DIRECTION('ref_axis',(1.,0.,0.));
#8075=DIRECTION('center_axis',(-1.,-5.96115296921035E-16,0.));
#8076=DIRECTION('ref_axis',(-4.16333634234435E-16,0.707106781186547,0.707106781186548));
#8077=DIRECTION('center_axis',(5.96115296921035E-16,-1.,0.));
#8078=DIRECTION('ref_axis',(0.707106781186551,0.,-0.707106781186544));
#8079=DIRECTION('center_axis',(0.,1.,0.));
#8080=DIRECTION('ref_axis',(1.,0.,0.));
#8081=DIRECTION('',(-5.96115296921035E-16,1.,0.));
#8082=DIRECTION('center_axis',(1.,5.96115296921035E-16,0.));
#8083=DIRECTION('ref_axis',(0.,0.,-1.));
#8084=DIRECTION('center_axis',(-1.,-5.96115296921035E-16,0.));
#8085=DIRECTION('ref_axis',(4.16333634234434E-16,-0.707106781186548,0.707106781186547));
#8086=DIRECTION('center_axis',(-1.,-5.96115296921035E-16,0.));
#8087=DIRECTION('ref_axis',(5.96115296921035E-16,-1.,0.));
#8088=DIRECTION('',(0.,0.,-1.));
#8089=DIRECTION('center_axis',(1.,5.96115296921035E-16,0.));
#8090=DIRECTION('ref_axis',(4.21517168821896E-16,-0.707106781186548,0.707106781186547));
#8091=DIRECTION('center_axis',(-5.96115296921035E-16,1.,0.));
#8092=DIRECTION('ref_axis',(0.707106781186557,0.,0.707106781186538));
#8093=DIRECTION('center_axis',(0.,-1.,0.));
#8094=DIRECTION('ref_axis',(1.,0.,0.));
#8095=DIRECTION('',(5.96115296921035E-16,-1.,0.));
#8096=DIRECTION('center_axis',(1.,5.96115296921035E-16,0.));
#8097=DIRECTION('ref_axis',(0.,0.,-1.));
#8098=DIRECTION('center_axis',(0.,0.,-1.));
#8099=DIRECTION('ref_axis',(1.,0.,0.));
#8100=DIRECTION('center_axis',(-1.,-5.96115296921035E-16,0.));
#8101=DIRECTION('ref_axis',(-4.16333634234435E-16,0.707106781186547,-0.707106781186548));
#8102=DIRECTION('center_axis',(5.29456742378394E-31,-8.88178419700122E-16,
1.));
#8103=DIRECTION('ref_axis',(0.707106781186548,-0.707106781186548,0.));
#8104=DIRECTION('center_axis',(0.,0.,-1.));
#8105=DIRECTION('ref_axis',(1.,0.,0.));
#8106=DIRECTION('',(-5.29456742378394E-31,8.88178419700122E-16,-1.));
#8107=DIRECTION('center_axis',(1.,5.96115296921035E-16,0.));
#8108=DIRECTION('ref_axis',(0.,0.,-1.));
#8109=DIRECTION('center_axis',(0.,1.,0.));
#8110=DIRECTION('ref_axis',(1.,0.,0.));
#8111=DIRECTION('center_axis',(-1.,-5.96115296921035E-16,0.));
#8112=DIRECTION('ref_axis',(-4.16333634234435E-16,0.707106781186547,0.707106781186548));
#8113=DIRECTION('center_axis',(5.96115296921035E-16,-1.,0.));
#8114=DIRECTION('ref_axis',(0.707106781186557,0.,-0.707106781186538));
#8115=DIRECTION('center_axis',(0.,1.,0.));
#8116=DIRECTION('ref_axis',(1.,0.,0.));
#8117=DIRECTION('',(-5.96115296921035E-16,1.,0.));
#8118=DIRECTION('',(5.96115296921035E-16,-1.,-1.1842378929335E-14));
#8119=DIRECTION('center_axis',(1.,5.96115296921035E-16,0.));
#8120=DIRECTION('ref_axis',(0.,0.,-1.));
#8121=DIRECTION('center_axis',(-1.,-5.96115296921035E-16,0.));
#8122=DIRECTION('ref_axis',(4.16333634234434E-16,-0.707106781186548,0.707106781186547));
#8123=DIRECTION('center_axis',(-1.,0.,0.));
#8124=DIRECTION('ref_axis',(0.,0.70710678118656,-0.707106781186535));
#8125=DIRECTION('',(1.,0.,0.));
#8126=DIRECTION('',(-1.,0.,0.));
#8127=DIRECTION('center_axis',(0.,-1.,0.));
#8128=DIRECTION('ref_axis',(0.,0.,1.));
#8129=DIRECTION('',(1.,0.,0.));
#8130=DIRECTION('center_axis',(-1.,0.,0.));
#8131=DIRECTION('ref_axis',(0.,0.707106781186548,-0.707106781186548));
#8132=DIRECTION('',(1.,0.,0.));
#8133=DIRECTION('',(-1.,0.,0.));
#8134=DIRECTION('center_axis',(0.,-1.,-8.88178419700122E-16));
#8135=DIRECTION('ref_axis',(5.29456742378394E-31,-8.88178419700122E-16,
1.));
#8136=DIRECTION('',(1.,0.,0.));
#8137=DIRECTION('center_axis',(-1.,1.07110979973538E-15,1.26844881233905E-29));
#8138=DIRECTION('ref_axis',(0.,-0.707106781186548,-0.707106781186548));
#8139=DIRECTION('',(-1.,1.07110979973538E-15,1.26844881233905E-29));
#8140=DIRECTION('center_axis',(0.,-1.1842378929335E-14,1.));
#8141=DIRECTION('ref_axis',(-5.96115296921035E-16,1.,1.1842378929335E-14));
#8142=DIRECTION('center_axis',(-1.,1.07110979973538E-15,0.));
#8143=DIRECTION('ref_axis',(0.,-0.707106781186551,-0.707106781186544));
#8144=DIRECTION('',(-1.,1.07110979973538E-15,0.));
#8145=DIRECTION('center_axis',(0.,0.,1.));
#8146=DIRECTION('ref_axis',(-5.96115296921035E-16,1.,0.));
#8147=DIRECTION('center_axis',(-1.,0.,0.));
#8148=DIRECTION('ref_axis',(0.,0.707106781186548,0.707106781186548));
#8149=DIRECTION('',(-1.,0.,0.));
#8150=DIRECTION('center_axis',(0.,0.,-1.));
#8151=DIRECTION('ref_axis',(5.96115296921035E-16,-1.,0.));
#8152=DIRECTION('',(1.,-1.07110979973538E-15,0.));
#8153=DIRECTION('center_axis',(-1.,0.,0.));
#8154=DIRECTION('ref_axis',(0.,0.707106781186548,0.707106781186548));
#8155=DIRECTION('',(-1.,0.,0.));
#8156=DIRECTION('center_axis',(0.,0.,-1.));
#8157=DIRECTION('ref_axis',(5.96115296921035E-16,-1.,0.));
#8158=DIRECTION('',(1.,-1.07110979973538E-15,0.));
#8159=DIRECTION('center_axis',(1.,-1.07110979973538E-15,0.));
#8160=DIRECTION('ref_axis',(0.,-0.707106781186551,0.707106781186544));
#8161=DIRECTION('center_axis',(1.,-1.07110979973538E-15,0.));
#8162=DIRECTION('ref_axis',(0.,-0.707106781186551,0.707106781186544));
#8163=DIRECTION('center_axis',(-0.834782426711831,6.11275478917798E-17,
-0.550579966992177));
#8164=DIRECTION('ref_axis',(0.500246539345556,-0.417708542701302,-0.758467516263649));
#8165=DIRECTION('center_axis',(-1.,-6.10643845361205E-16,-1.77602804998744E-32));
#8166=DIRECTION('ref_axis',(6.10643845361205E-16,-1.,0.));
#8167=DIRECTION('',(-1.77602804998744E-32,-8.28175480807271E-33,1.));
#8168=DIRECTION('center_axis',(-1.,-6.10643845361205E-16,-1.77602804998744E-32));
#8169=DIRECTION('ref_axis',(4.31790403944743E-16,-0.707106781186556,-0.707106781186539));
#8170=DIRECTION('',(6.10643845361205E-16,-1.,1.48029736616709E-14));
#8171=DIRECTION('center_axis',(-1.,-6.10643845361205E-16,-1.77602804998744E-32));
#8172=DIRECTION('ref_axis',(-4.31790403944731E-16,0.707106781186537,-0.707106781186558));
#8173=DIRECTION('',(9.35841653202665E-30,-1.52964061170577E-14,-1.));
#8174=DIRECTION('center_axis',(-1.,-6.10643845361205E-16,-1.77602804998744E-32));
#8175=DIRECTION('ref_axis',(-4.31790403944743E-16,0.707106781186557,0.707106781186538));
#8176=DIRECTION('',(-6.10643845361205E-16,1.,-1.48029736616692E-14));
#8177=DIRECTION('center_axis',(-1.,-6.10643845361205E-16,-1.77602804998744E-32));
#8178=DIRECTION('ref_axis',(4.31790403944735E-16,-0.707106781186544,0.707106781186551));
#8179=DIRECTION('',(-1.77602804998744E-32,-8.28175480807271E-33,1.));
#8180=DIRECTION('',(2.92408106438177E-16,-0.47885213068055,0.877895572914397));
#8181=DIRECTION('',(-1.00387061790447E-30,1.61486985400024E-15,1.));
#8182=DIRECTION('center_axis',(-0.638145558474918,-1.41696778416227E-15,
-0.769915739674632));
#8183=DIRECTION('ref_axis',(0.500246539745076,-0.760154867460475,-0.41462992770569));
#8184=DIRECTION('center_axis',(-3.06179196890401E-15,1.,0.));
#8185=DIRECTION('ref_axis',(-1.22940052826734E-15,-3.76416866401528E-30,
1.));
#8186=DIRECTION('center_axis',(1.,2.22044604925031E-15,-8.70783596567935E-15));
#8187=DIRECTION('ref_axis',(2.22044604925031E-15,-1.,0.));
#8188=DIRECTION('center_axis',(0.,-0.972956217955268,-0.230989605701599));
#8189=DIRECTION('ref_axis',(-5.84238004180045E-16,-0.230989605701599,0.972956217955268));
#8190=DIRECTION('center_axis',(-1.,-3.06179196890401E-15,5.61328527632438E-15));
#8191=DIRECTION('ref_axis',(2.29149811459797E-15,-0.968993181842471,-0.247087461322511));
#8192=DIRECTION('center_axis',(1.,2.22044604925032E-15,-4.0708177569592E-15));
#8193=DIRECTION('ref_axis',(2.22044604925032E-15,-1.,0.));
#8194=DIRECTION('',(-1.,-3.06179196890401E-15,5.61328527632438E-15));
#8195=DIRECTION('',(1.,3.06179196890401E-15,-5.61328527632438E-15));
#8196=DIRECTION('center_axis',(0.,0.,-1.));
#8197=DIRECTION('ref_axis',(0.,-1.,0.));
#8198=DIRECTION('center_axis',(0.,-0.972956217955268,-0.230989605701599));
#8199=DIRECTION('ref_axis',(-1.16847600836009E-15,-0.230989605701599,0.972956217955268));
#8200=DIRECTION('center_axis',(-3.06179196890401E-15,1.,0.));
#8201=DIRECTION('ref_axis',(-1.69457910653065E-15,-5.18665333728116E-30,
1.));
#8202=DIRECTION('center_axis',(0.,0.,1.));
#8203=DIRECTION('ref_axis',(-0.707106781186548,-0.707106781186548,0.));
#8204=DIRECTION('center_axis',(0.,0.,-1.));
#8205=DIRECTION('ref_axis',(2.22044604925032E-15,-1.,0.));
#8206=DIRECTION('',(0.,0.,1.));
#8207=DIRECTION('',(0.,0.,-1.));
#8208=DIRECTION('center_axis',(-0.834782426523807,-1.65974040282554E-15,
0.550579967277256));
#8209=DIRECTION('ref_axis',(-1.21591625656947E-11,-1.,-1.84385839929746E-11));
#8210=DIRECTION('center_axis',(0.,-0.47885213068055,0.877895572914397));
#8211=DIRECTION('ref_axis',(0.707106781186546,0.620765912781423,0.338599588789841));
#8212=DIRECTION('',(0.,0.47885213068055,-0.877895572914397));
#8213=DIRECTION('center_axis',(0.,0.478852130680566,-0.877895572914388));
#8214=DIRECTION('ref_axis',(1.,0.,0.));
#8215=DIRECTION('',(0.,-0.47885213068055,0.877895572914397));
#8216=DIRECTION('center_axis',(1.,0.,0.));
#8217=DIRECTION('ref_axis',(0.,0.,-1.));
#8218=DIRECTION('center_axis',(1.,0.,0.));
#8219=DIRECTION('ref_axis',(0.,-0.70710678118654,0.707106781186555));
#8220=DIRECTION('',(0.,-1.,1.48029736616692E-14));
#8221=DIRECTION('center_axis',(1.,0.,0.));
#8222=DIRECTION('ref_axis',(0.,0.707106781186556,0.707106781186539));
#8223=DIRECTION('',(0.,1.52964061170577E-14,1.));
#8224=DIRECTION('center_axis',(1.,0.,0.));
#8225=DIRECTION('ref_axis',(0.,0.707106781186537,-0.707106781186558));
#8226=DIRECTION('',(0.,1.,-1.48029736616709E-14));
#8227=DIRECTION('center_axis',(1.,0.,0.));
#8228=DIRECTION('ref_axis',(0.,-0.707106781186553,-0.707106781186542));
#8229=DIRECTION('',(0.,0.,1.));
#8230=DIRECTION('',(0.,-1.61486985400024E-15,-1.));
#8231=DIRECTION('center_axis',(1.,0.,0.));
#8232=DIRECTION('ref_axis',(0.,0.,-1.));
#8233=DIRECTION('center_axis',(-1.,0.,0.));
#8234=DIRECTION('ref_axis',(0.,-0.70710678118654,0.707106781186555));
#8235=DIRECTION('center_axis',(0.,1.,-1.3322676295502E-14));
#8236=DIRECTION('ref_axis',(1.,0.,0.));
#8237=DIRECTION('center_axis',(-3.06179196890401E-15,1.,0.));
#8238=DIRECTION('ref_axis',(1.,3.06179196890401E-15,1.94289029309403E-16));
#8239=DIRECTION('',(0.,0.,-1.));
#8240=DIRECTION('',(-1.,-3.06179196890401E-15,4.53236258731965E-29));
#8241=DIRECTION('',(0.,0.,-1.));
#8242=DIRECTION('',(-1.,-3.06179196890401E-15,-3.77985953877523E-50));
#8243=DIRECTION('',(0.,0.,1.));
#8244=DIRECTION('',(1.,3.06179196890401E-15,0.));
#8245=DIRECTION('',(0.,0.,-1.));
#8246=DIRECTION('',(0.,0.,-1.));
#8247=DIRECTION('',(1.,3.06179196890401E-15,-4.53236258732015E-29));
#8248=DIRECTION('center_axis',(0.,0.,1.));
#8249=DIRECTION('ref_axis',(-0.707106781186548,-0.707106781186548,0.));
#8250=DIRECTION('center_axis',(0.,0.,1.));
#8251=DIRECTION('ref_axis',(-1.,0.,0.));
#8252=DIRECTION('center_axis',(1.,0.,0.));
#8253=DIRECTION('ref_axis',(0.,0.,-1.));
#8254=DIRECTION('center_axis',(0.,-1.,1.33226762955019E-14));
#8255=DIRECTION('ref_axis',(1.,0.,0.));
#8256=DIRECTION('center_axis',(-1.,0.,0.));
#8257=DIRECTION('ref_axis',(0.,-0.707106781186553,-0.707106781186542));
#8258=DIRECTION('center_axis',(0.,0.,1.));
#8259=DIRECTION('ref_axis',(1.,0.,0.));
#8260=DIRECTION('center_axis',(1.77635683940025E-14,0.,1.));
#8261=DIRECTION('ref_axis',(0.,1.,0.));
#8262=DIRECTION('center_axis',(1.,0.,0.));
#8263=DIRECTION('ref_axis',(0.,0.877895572914398,0.478852130680548));
#8264=DIRECTION('center_axis',(0.,0.,1.));
#8265=DIRECTION('ref_axis',(1.,0.,0.));
#8266=DIRECTION('center_axis',(0.,-2.66453525910039E-14,1.));
#8267=DIRECTION('ref_axis',(-1.,0.,0.));
#8268=DIRECTION('center_axis',(2.76448983653642E-14,0.478852130680548,-0.877895572914398));
#8269=DIRECTION('ref_axis',(0.,0.877895572914398,0.478852130680548));
#8270=DIRECTION('center_axis',(-1.,0.,0.));
#8271=DIRECTION('ref_axis',(0.,1.,0.));
#8272=DIRECTION('center_axis',(-2.92408106438177E-16,0.47885213068055,-0.877895572914397));
#8273=DIRECTION('ref_axis',(-0.707106781186546,0.620765912781423,0.338599588789841));
#8274=DIRECTION('',(-2.92408106438177E-16,0.47885213068055,-0.877895572914397));
#8275=DIRECTION('center_axis',(-0.422618261740715,0.906307787036643,0.));
#8276=DIRECTION('ref_axis',(-0.203582142838511,-0.094931912269207,0.974444581877385));
#8277=DIRECTION('center_axis',(1.,0.,0.));
#8278=DIRECTION('ref_axis',(0.,0.968993181842473,0.247087461322505));
#8279=DIRECTION('',(-1.,0.,0.));
#8280=DIRECTION('',(1.,0.,0.));
#8281=DIRECTION('center_axis',(1.00387061790447E-30,-1.61486985400023E-15,
-1.));
#8282=DIRECTION('ref_axis',(-0.707106781186549,0.707106781186546,0.));
#8283=DIRECTION('',(1.00387061790447E-30,-1.61486985400024E-15,-1.));
#8284=DIRECTION('center_axis',(0.,1.61486985400023E-15,1.));
#8285=DIRECTION('ref_axis',(0.707106781186549,0.707106781186546,0.));
#8286=DIRECTION('',(0.,1.61486985400024E-15,1.));
#8287=DIRECTION('center_axis',(0.,1.,-1.61486985400023E-15));
#8288=DIRECTION('ref_axis',(1.66792880972087E-16,1.61486985400024E-15,1.));
#8289=DIRECTION('center_axis',(-1.,-6.10643845361205E-16,-1.77602804998744E-32));
#8290=DIRECTION('ref_axis',(0.,0.,1.));
#8291=DIRECTION('center_axis',(0.,-1.,1.33226762955018E-14));
#8292=DIRECTION('ref_axis',(-1.,0.,0.));
#8293=DIRECTION('center_axis',(1.,6.10643845361205E-16,1.77602804998744E-32));
#8294=DIRECTION('ref_axis',(4.44089209850061E-16,-0.707106781186544,0.707106781186551));
#8295=DIRECTION('center_axis',(6.10643845361205E-16,-1.,1.48029736616692E-14));
#8296=DIRECTION('ref_axis',(-0.707106781186549,-1.25607396694702E-14,-0.707106781186546));
#8297=DIRECTION('center_axis',(0.,-1.,1.33226762955019E-14));
#8298=DIRECTION('ref_axis',(-1.,0.,0.));
#8299=DIRECTION('',(6.10643845361205E-16,-1.,1.48029736616692E-14));
#8300=DIRECTION('center_axis',(-1.,-6.10643845361205E-16,-1.77602804998744E-32));
#8301=DIRECTION('ref_axis',(0.,0.,1.));
#8302=DIRECTION('center_axis',(0.,1.77635683940025E-14,1.));
#8303=DIRECTION('ref_axis',(-1.,0.,0.));
#8304=DIRECTION('center_axis',(1.,6.10643845361205E-16,1.77602804998744E-32));
#8305=DIRECTION('ref_axis',(-4.44089209850062E-16,0.707106781186557,0.707106781186538));
#8306=DIRECTION('center_axis',(-9.35841653202665E-30,1.52964061170577E-14,
1.));
#8307=DIRECTION('ref_axis',(-0.707106781186548,-0.707106781186548,1.25607396694702E-14));
#8308=DIRECTION('center_axis',(0.,1.77635683940025E-14,1.));
#8309=DIRECTION('ref_axis',(-1.,0.,0.));
#8310=DIRECTION('',(-9.35841653202665E-30,1.52964061170577E-14,1.));
#8311=DIRECTION('center_axis',(-1.,-6.10643845361205E-16,-1.77602804998744E-32));
#8312=DIRECTION('ref_axis',(0.,0.,1.));
#8313=DIRECTION('center_axis',(0.,1.,-1.33226762955019E-14));
#8314=DIRECTION('ref_axis',(-1.,0.,0.));
#8315=DIRECTION('center_axis',(1.,6.10643845361205E-16,1.77602804998744E-32));
#8316=DIRECTION('ref_axis',(-4.44089209850061E-16,0.707106781186537,-0.707106781186558));
#8317=DIRECTION('center_axis',(-6.10643845361205E-16,1.,-1.48029736616709E-14));
#8318=DIRECTION('ref_axis',(-0.707106781186548,6.28036983473512E-15,0.707106781186548));
#8319=DIRECTION('center_axis',(0.,1.,-1.33226762955019E-14));
#8320=DIRECTION('ref_axis',(-1.,0.,0.));
#8321=DIRECTION('',(-6.10643845361205E-16,1.,-1.48029736616709E-14));
#8322=DIRECTION('center_axis',(-1.,-6.10643845361205E-16,-1.77602804998744E-32));
#8323=DIRECTION('ref_axis',(0.,0.,1.));
#8324=DIRECTION('center_axis',(1.,6.10643845361205E-16,1.77602804998744E-32));
#8325=DIRECTION('ref_axis',(4.44089209850063E-16,-0.707106781186556,-0.707106781186539));
#8326=DIRECTION('center_axis',(0.,-1.,1.48029736616709E-14));
#8327=DIRECTION('ref_axis',(0.707106781186549,6.28036983473511E-15,0.707106781186546));
#8328=DIRECTION('center_axis',(0.,-1.,1.33226762955019E-14));
#8329=DIRECTION('ref_axis',(1.,0.,0.));
#8330=DIRECTION('',(0.,-1.,1.48029736616709E-14));
#8331=DIRECTION('center_axis',(1.,0.,0.));
#8332=DIRECTION('ref_axis',(0.,0.,-1.));
#8333=DIRECTION('center_axis',(0.,-1.77635683940024E-14,-1.));
#8334=DIRECTION('ref_axis',(1.,0.,0.));
#8335=DIRECTION('center_axis',(-1.,0.,0.));
#8336=DIRECTION('ref_axis',(0.,0.707106781186537,-0.707106781186558));
#8337=DIRECTION('center_axis',(0.,-1.52964061170577E-14,-1.));
#8338=DIRECTION('ref_axis',(0.707106781186549,-0.707106781186546,1.25607396694702E-14));
#8339=DIRECTION('center_axis',(0.,-1.77635683940025E-14,-1.));
#8340=DIRECTION('ref_axis',(1.,0.,0.));
#8341=DIRECTION('',(0.,-1.52964061170577E-14,-1.));
#8342=DIRECTION('center_axis',(1.,0.,0.));
#8343=DIRECTION('ref_axis',(0.,0.,-1.));
#8344=DIRECTION('center_axis',(0.,1.,-1.33226762955017E-14));
#8345=DIRECTION('ref_axis',(1.,0.,0.));
#8346=DIRECTION('center_axis',(-1.,0.,0.));
#8347=DIRECTION('ref_axis',(0.,0.707106781186556,0.707106781186539));
#8348=DIRECTION('center_axis',(0.,1.,-1.48029736616692E-14));
#8349=DIRECTION('ref_axis',(0.707106781186549,-1.25607396694702E-14,-0.707106781186546));
#8350=DIRECTION('',(0.,1.,-1.48029736616692E-14));
#8351=DIRECTION('center_axis',(1.,0.,0.));
#8352=DIRECTION('ref_axis',(0.,0.707106781186535,-0.70710678118656));
#8353=DIRECTION('',(1.,0.,0.));
#8354=DIRECTION('',(-1.,0.,0.));
#8355=DIRECTION('center_axis',(0.,1.48029736616709E-14,1.));
#8356=DIRECTION('ref_axis',(5.96115296921035E-16,-1.,1.48029736616709E-14));
#8357=DIRECTION('',(-1.,-3.06179196890401E-15,4.53236258732015E-29));
#8358=DIRECTION('center_axis',(1.,0.,0.));
#8359=DIRECTION('ref_axis',(0.,0.707106781186558,0.707106781186537));
#8360=DIRECTION('',(1.,0.,0.));
#8361=DIRECTION('',(-1.,0.,0.));
#8362=DIRECTION('center_axis',(0.,-1.,1.52964061170577E-14));
#8363=DIRECTION('ref_axis',(9.11842167429459E-30,-1.52964061170577E-14,
-1.));
#8364=DIRECTION('center_axis',(-1.,-3.06179196890401E-15,4.53236258732015E-29));
#8365=DIRECTION('ref_axis',(2.51214793389402E-15,-0.707106781186553,-0.707106781186542));
#8366=DIRECTION('center_axis',(1.,3.06179196890401E-15,-4.53236258731965E-29));
#8367=DIRECTION('ref_axis',(2.51214793389406E-15,-0.707106781186543,0.707106781186553));
#8368=DIRECTION('',(1.,3.06179196890401E-15,-4.53236258731965E-29));
#8369=DIRECTION('center_axis',(0.,-1.48029736616692E-14,-1.));
#8370=DIRECTION('ref_axis',(-9.04670444460658E-16,1.,-1.48029736616692E-14));
#8371=DIRECTION('center_axis',(0.,0.877895572914397,0.47885213068055));
#8372=DIRECTION('ref_axis',(2.85451080061906E-16,-0.47885213068055,0.877895572914397));
#8373=DIRECTION('center_axis',(0.,-1.,-2.22044604925031E-16));
#8374=DIRECTION('ref_axis',(-0.707106781186545,0.,-0.70710678118655));
#8375=DIRECTION('center_axis',(0.,1.,0.));
#8376=DIRECTION('ref_axis',(-0.707106781186545,0.,-0.70710678118655));
#8377=DIRECTION('',(0.,-1.,-2.22044604925031E-16));
#8378=DIRECTION('center_axis',(0.,-1.,0.));
#8379=DIRECTION('ref_axis',(-0.707106781186545,0.,-0.70710678118655));
#8380=DIRECTION('',(0.,1.,2.22044604925031E-16));
#8381=DIRECTION('center_axis',(1.,0.,0.));
#8382=DIRECTION('ref_axis',(0.,1.,0.));
#8383=DIRECTION('',(0.,0.,1.));
#8384=DIRECTION('center_axis',(-1.,0.,0.));
#8385=DIRECTION('ref_axis',(0.,0.707106781186549,0.707106781186546));
#8386=DIRECTION('',(0.,1.,0.));
#8387=DIRECTION('',(0.,0.707106781186549,0.707106781186546));
#8388=DIRECTION('',(0.,0.,1.));
#8389=DIRECTION('center_axis',(0.,1.,2.22044604925031E-16));
#8390=DIRECTION('ref_axis',(0.707106781186549,0.,-0.707106781186546));
#8391=DIRECTION('',(0.,-1.,-2.22044604925031E-16));
#8392=DIRECTION('center_axis',(0.,-1.,0.));
#8393=DIRECTION('ref_axis',(0.707106781186549,0.,-0.707106781186546));
#8394=DIRECTION('',(0.,1.,2.22044604925031E-16));
#8395=DIRECTION('center_axis',(0.,1.,0.));
#8396=DIRECTION('ref_axis',(0.707106781186549,0.,-0.707106781186546));
#8397=DIRECTION('center_axis',(-1.,0.,0.));
#8398=DIRECTION('ref_axis',(0.,-1.,-2.02055408584793E-16));
#8399=DIRECTION('',(0.,0.,1.));
#8400=DIRECTION('',(0.,-0.707106781186549,-0.707106781186546));
#8401=DIRECTION('',(0.,-1.,-2.02055408584793E-16));
#8402=DIRECTION('center_axis',(1.,0.,0.));
#8403=DIRECTION('ref_axis',(0.,0.707106781186549,0.707106781186546));
#8404=DIRECTION('',(0.,0.,1.));
#8405=DIRECTION('center_axis',(-1.,0.,0.));
#8406=DIRECTION('ref_axis',(0.,0.707106781186549,0.707106781186546));
#8407=DIRECTION('',(1.,0.,0.));
#8408=DIRECTION('',(-1.,0.,0.));
#8409=DIRECTION('center_axis',(0.,0.,1.));
#8410=DIRECTION('ref_axis',(1.,0.,0.));
#8411=DIRECTION('',(-1.,0.,0.));
#8412=DIRECTION('center_axis',(0.,-0.707106781186546,0.707106781186549));
#8413=DIRECTION('ref_axis',(1.,0.,0.));
#8414=DIRECTION('',(1.,0.,0.));
#8415=DIRECTION('center_axis',(1.,0.,1.94289029309402E-16));
#8416=DIRECTION('ref_axis',(0.,-0.707106781186549,-0.707106781186546));
#8417=DIRECTION('',(-1.,0.,-1.94289029309402E-16));
#8418=DIRECTION('',(-1.,0.,-1.94289029309402E-16));
#8419=DIRECTION('center_axis',(0.,1.,0.));
#8420=DIRECTION('ref_axis',(-1.,0.,0.));
#8421=DIRECTION('center_axis',(0.,-1.,0.));
#8422=DIRECTION('ref_axis',(1.,0.,2.78697115289369E-17));
#8423=DIRECTION('',(-1.,0.,-1.94289029309402E-16));
#8424=DIRECTION('center_axis',(0.,0.,1.));
#8425=DIRECTION('ref_axis',(-1.,0.,0.));
#8426=DIRECTION('center_axis',(-5.32907051820072E-13,7.13402016098628E-14,
1.));
#8427=DIRECTION('ref_axis',(0.184210515858834,0.982886812327351,2.80477395694775E-14));
#8428=DIRECTION('center_axis',(0.418703782481496,0.351334189452759,-0.837407564963));
#8429=DIRECTION('ref_axis',(-0.641491411765698,-0.538275207015993,-0.546578969722346));
#8430=DIRECTION('center_axis',(0.984807753012209,-0.173648177666925,-4.81970512575052E-17));
#8431=DIRECTION('ref_axis',(0.,2.7755575615629E-16,-1.));
#8432=DIRECTION('center_axis',(-1.11022302462516E-15,1.,0.));
#8433=DIRECTION('ref_axis',(-1.,-1.11022302462516E-15,0.));
#8434=DIRECTION('center_axis',(0.,0.,1.));
#8435=DIRECTION('ref_axis',(-0.173648177666927,-0.984807753012209,0.));
#8436=DIRECTION('center_axis',(1.05188899325007E-15,-1.,-2.22044604925031E-16));
#8437=DIRECTION('ref_axis',(-0.707106781186549,-1.57009245868378E-15,-0.707106781186546));
#8438=DIRECTION('center_axis',(-5.39260384428425E-32,1.,2.77555756156289E-16));
#8439=DIRECTION('ref_axis',(-0.707106781186549,-1.57009245868378E-15,-0.707106781186546));
#8440=DIRECTION('',(1.05188899325007E-15,-1.,-2.22044604925031E-16));
#8441=DIRECTION('',(-1.05188899325007E-15,1.,2.22044604925031E-16));
#8442=DIRECTION('center_axis',(0.,-2.77555756156289E-16,1.));
#8443=DIRECTION('ref_axis',(-0.766044443118977,-0.642787609686541,0.));
#8444=DIRECTION('center_axis',(-1.94289029309402E-16,-2.22044604925031E-16,
1.));
#8445=DIRECTION('ref_axis',(-0.766044443118977,-0.642787609686541,0.));
#8446=DIRECTION('',(0.,2.77555756156289E-16,-1.));
#8447=DIRECTION('',(0.,-2.77555756156289E-16,1.));
#8448=DIRECTION('center_axis',(0.984807753012209,-0.173648177666927,1.52779701383111E-16));
#8449=DIRECTION('ref_axis',(-0.122787803968971,-0.69636424032002,-0.707106781186546));
#8450=DIRECTION('',(-0.984807753012209,0.173648177666927,-1.52779701383111E-16));
#8451=DIRECTION('',(0.984807753012209,-0.173648177666927,1.52779701383111E-16));
#8452=DIRECTION('center_axis',(0.953716950748226,0.300705799504275,8.34626255619908E-17));
#8453=DIRECTION('ref_axis',(-0.300705799504275,0.953716950748226,-1.70541818831721E-16));
#8454=DIRECTION('center_axis',(0.707106781186547,0.707106781186549,2.94392336003208E-16));
#8455=DIRECTION('ref_axis',(0.500000000000002,-0.5,-0.707106781186547));
#8456=DIRECTION('',(-0.707106781186546,-0.707106781186548,-2.94392336003207E-16));
#8457=DIRECTION('',(0.707106781186546,0.707106781186548,2.94392336003207E-16));
#8458=DIRECTION('center_axis',(0.300705799504276,0.953716950748226,1.86728915870601E-15));
#8459=DIRECTION('ref_axis',(-0.953716950748226,0.300705799504275,2.9494693376633E-15));
#8460=DIRECTION('center_axis',(-0.173648177666923,0.984807753012209,1.84933312564451E-16));
#8461=DIRECTION('ref_axis',(0.696364240320021,0.122787803968968,-0.707106781186546));
#8462=DIRECTION('',(0.173648177666923,-0.984807753012209,-1.84933312564451E-16));
#8463=DIRECTION('',(-0.173648177666923,0.984807753012209,1.84933312564451E-16));
#8464=DIRECTION('center_axis',(-0.0871557427476462,0.996194698091747,0.));
#8465=DIRECTION('ref_axis',(0.996194698091746,0.0871557427476462,-2.12187179793622E-15));
#8466=DIRECTION('center_axis',(-6.5703444253077E-16,1.,2.22044604925031E-16));
#8467=DIRECTION('ref_axis',(0.707106781186549,0.,-0.707106781186546));
#8468=DIRECTION('',(-6.5703444253077E-16,1.,2.22044604925031E-16));
#8469=DIRECTION('center_axis',(0.,1.,0.));
#8470=DIRECTION('ref_axis',(1.,0.,0.));
#8471=DIRECTION('',(6.5703444253077E-16,-1.,-2.22044604925031E-16));
#8472=DIRECTION('center_axis',(-1.,-7.69092234342846E-9,0.));
#8473=DIRECTION('ref_axis',(-7.69092234342846E-9,1.,0.));
#8474=DIRECTION('center_axis',(1.94289029309402E-16,2.22044604925031E-16,
-1.));
#8475=DIRECTION('ref_axis',(0.707106778467396,0.7071067839057,2.94392336078679E-16));
#8476=DIRECTION('center_axis',(-1.94289029309402E-16,-2.22044604925031E-16,
1.));
#8477=DIRECTION('ref_axis',(0.707106778467396,0.7071067839057,2.77555756156289E-16));
#8478=DIRECTION('center_axis',(1.94289029309402E-16,2.22044604925031E-16,
-1.));
#8479=DIRECTION('ref_axis',(-1.,0.,0.));
#8480=DIRECTION('center_axis',(-0.895652173912998,0.444755194871202,0.));
#8481=DIRECTION('ref_axis',(0.444755194871202,0.895652173912998,0.));
#8482=DIRECTION('center_axis',(-1.94289029309402E-16,-2.22044604925031E-16,
1.));
#8483=DIRECTION('ref_axis',(-0.228416092544312,-0.973563602784527,-2.60553286448761E-16));
#8484=DIRECTION('center_axis',(1.94289029309402E-16,2.22044604925031E-16,
-1.));
#8485=DIRECTION('ref_axis',(-0.228416092544312,-0.973563602784527,-2.65488114584277E-16));
#8486=DIRECTION('center_axis',(-1.94289029309402E-16,-2.22044604925031E-16,
1.));
#8487=DIRECTION('ref_axis',(1.,0.,0.));
#8488=DIRECTION('center_axis',(-1.,-1.4432899320127E-14,0.));
#8489=DIRECTION('ref_axis',(-1.4432899320127E-14,1.,0.));
#8490=DIRECTION('center_axis',(1.94289029309402E-16,2.22044604925031E-16,
-1.));
#8491=DIRECTION('ref_axis',(0.228416096288106,0.973563601906164,2.60553286981103E-16));
#8492=DIRECTION('center_axis',(-1.94289029309402E-16,-2.22044604925031E-16,
1.));
#8493=DIRECTION('ref_axis',(0.228416096288106,0.973563601906164,2.65488114584277E-16));
#8494=DIRECTION('center_axis',(-1.,-1.51119369677651E-14,-1.94289029309405E-16));
#8495=DIRECTION('ref_axis',(-6.2803698347351E-15,0.707106781186551,-0.707106781186544));
#8496=DIRECTION('',(1.,1.51119369677651E-14,1.94289029309405E-16));
#8497=DIRECTION('',(-1.,-1.51119369677651E-14,-1.94289029309405E-16));
#8498=DIRECTION('center_axis',(-0.994521895368272,0.104528463267666,0.));
#8499=DIRECTION('ref_axis',(0.104528463267666,0.994521895368272,1.85871889087149E-15));
#8500=DIRECTION('center_axis',(-0.978147600733801,0.207911690817782,-1.43877678620961E-16));
#8501=DIRECTION('ref_axis',(0.147015766465219,0.691654801480222,-0.707106781186547));
#8502=DIRECTION('',(0.978147600733801,-0.207911690817782,1.43877678620961E-16));
#8503=DIRECTION('',(-0.978147600733801,0.207911690817782,-1.43877678620961E-16));
#8504=DIRECTION('center_axis',(-0.994521895368272,0.104528463267671,0.));
#8505=DIRECTION('ref_axis',(-0.104528463267671,-0.994521895368272,1.37644498085217E-15));
#8506=DIRECTION('center_axis',(-1.,0.,-1.94289029309402E-16));
#8507=DIRECTION('ref_axis',(0.,0.707106781186548,-0.707106781186548));
#8508=DIRECTION('',(1.,0.,1.94289029309402E-16));
#8509=DIRECTION('',(-1.,0.,-1.94289029309402E-16));
#8510=DIRECTION('center_axis',(-1.94289029309402E-16,-2.22044604925031E-16,
1.));
#8511=DIRECTION('ref_axis',(1.,0.,0.));
#8512=DIRECTION('center_axis',(-1.94289029309402E-16,-2.22044604925031E-16,
1.));
#8513=DIRECTION('ref_axis',(-0.419585973593406,0.907715600154406,1.20676415720126E-16));
#8514=DIRECTION('center_axis',(-0.792109618033581,-0.610378860232475,0.));
#8515=DIRECTION('ref_axis',(-0.610378860232475,0.792109618033581,0.));
#8516=DIRECTION('center_axis',(1.94289029309402E-16,2.22044604925031E-16,
-1.));
#8517=DIRECTION('ref_axis',(-0.419585973593406,0.907715600154406,1.20032400299269E-16));
#8518=DIRECTION('center_axis',(1.94289029309402E-16,2.22044604925031E-16,
-1.));
#8519=DIRECTION('ref_axis',(-1.,0.,0.));
#8520=DIRECTION('center_axis',(-1.94289029309402E-16,-2.22044604925031E-16,
1.));
#8521=DIRECTION('ref_axis',(0.233460593895831,-0.972366263862443,-1.70549850731747E-16));
#8522=DIRECTION('center_axis',(1.94289029309402E-16,2.22044604925031E-16,
-1.));
#8523=DIRECTION('ref_axis',(0.233460593895831,-0.972366263862443,-1.75298372309235E-16));
#8524=DIRECTION('center_axis',(3.96728157800393E-16,-1.,-2.22044604925031E-16));
#8525=DIRECTION('ref_axis',(-0.707106781186548,0.,-0.707106781186548));
#8526=DIRECTION('',(-3.96728157800393E-16,1.,2.22044604925031E-16));
#8527=DIRECTION('',(3.96728157800393E-16,-1.,-2.22044604925031E-16));
#8528=DIRECTION('center_axis',(1.94289029309402E-16,2.22044604925031E-16,
-1.));
#8529=DIRECTION('ref_axis',(0.660744736008909,0.750610680603811,0.));
#8530=DIRECTION('center_axis',(1.94289029309402E-16,2.22044604925031E-16,
-1.));
#8531=DIRECTION('ref_axis',(0.660744736008908,0.750610680603812,3.08395284618099E-16));
#8532=DIRECTION('center_axis',(-0.721595882529457,-0.692314511126651,0.));
#8533=DIRECTION('ref_axis',(-0.692314511126651,0.721595882529457,0.));
#8534=DIRECTION('center_axis',(-1.94289029309402E-16,-2.22044604925031E-16,
1.));
#8535=DIRECTION('ref_axis',(0.660744736008908,0.750610680603812,2.9504450540765E-16));
#8536=DIRECTION('center_axis',(-0.40824829046386,0.408248290463863,-0.816496580927727));
#8537=DIRECTION('ref_axis',(0.577350269189629,-0.577350269189626,-0.577350269189622));
#8538=DIRECTION('center_axis',(-1.11022302462516E-15,1.,0.));
#8539=DIRECTION('ref_axis',(0.,0.,-1.));
#8540=DIRECTION('center_axis',(-1.,0.,0.));
#8541=DIRECTION('ref_axis',(0.,-1.,0.));
#8542=DIRECTION('center_axis',(0.,0.,1.));
#8543=DIRECTION('ref_axis',(1.,2.22044604925031E-15,0.));
#8544=DIRECTION('center_axis',(1.,5.99459955090337E-16,1.94289029309402E-16));
#8545=DIRECTION('ref_axis',(0.,-0.707106781186549,-0.707106781186546));
#8546=DIRECTION('center_axis',(-1.,0.,0.));
#8547=DIRECTION('ref_axis',(0.,0.,-1.));
#8548=DIRECTION('',(1.,5.99459955090337E-16,1.94289029309402E-16));
#8549=DIRECTION('',(-1.,-5.99459955090337E-16,-1.94289029309402E-16));
#8550=DIRECTION('center_axis',(0.,-2.77555756156289E-16,1.));
#8551=DIRECTION('ref_axis',(0.707106781186547,-0.707106781186548,0.));
#8552=DIRECTION('center_axis',(-1.94289029309402E-16,-2.22044604925031E-16,
1.));
#8553=DIRECTION('ref_axis',(0.707106781186547,-0.707106781186548,0.));
#8554=DIRECTION('',(0.,2.77555756156289E-16,-1.));
#8555=DIRECTION('',(0.,-2.77555756156289E-16,1.));
#8556=DIRECTION('center_axis',(-1.96499650376133E-15,1.,2.22044604925031E-16));
#8557=DIRECTION('ref_axis',(0.707106781186548,3.14018491736756E-15,-0.707106781186548));
#8558=DIRECTION('center_axis',(-1.48029736616688E-15,1.,2.77555756156289E-16));
#8559=DIRECTION('ref_axis',(0.707106781186548,3.14018491736756E-15,-0.707106781186548));
#8560=DIRECTION('',(1.96499650376133E-15,-1.,-2.22044604925031E-16));
#8561=DIRECTION('',(-1.96499650376133E-15,1.,2.22044604925031E-16));
#8562=DIRECTION('center_axis',(0.127008705787546,-0.97478868153247,0.183455212546171));
#8563=DIRECTION('ref_axis',(-0.554863139125431,-0.223130066006777,-0.801461084821767));
#8564=DIRECTION('center_axis',(0.,0.,1.));
#8565=DIRECTION('ref_axis',(-0.692314511126654,0.721595882529454,0.));
#8566=DIRECTION('center_axis',(0.173648177666927,0.984807753012209,2.7333906055588E-16));
#8567=DIRECTION('ref_axis',(-0.984807753012209,0.173648177666927,-1.52779701383111E-16));
#8568=DIRECTION('',(0.984807753012209,-0.173648177666927,1.52779701383111E-16));
#8569=DIRECTION('',(-0.984807753012209,0.173648177666927,0.));
#8570=DIRECTION('',(0.,0.,1.));
#8571=DIRECTION('',(-0.984807753012209,0.173648177666927,-1.52455307269992E-47));
#8572=DIRECTION('',(4.74648297507184E-17,2.69186426036504E-16,-1.));
#8573=DIRECTION('center_axis',(-0.173648177666927,-0.984807753012209,-2.7333906055588E-16));
#8574=DIRECTION('ref_axis',(0.,2.84788978504315E-16,-1.));
#8575=DIRECTION('',(0.984807753012209,-0.173648177666927,0.));
#8576=DIRECTION('center_axis',(-0.173648177666927,-0.984807753012209,-2.7333906055588E-16));
#8577=DIRECTION('ref_axis',(-1.89859319002877E-16,2.78855874785476E-16,
-1.));
#8578=DIRECTION('',(-4.74648297507184E-17,-2.69186426036504E-16,1.));
#8579=DIRECTION('',(-0.984807753012209,0.173648177666927,-1.52455307269992E-47));
#8580=DIRECTION('',(0.,-2.77555756156289E-16,1.));
#8581=DIRECTION('center_axis',(1.,1.05188899325007E-15,2.91957844914E-31));
#8582=DIRECTION('ref_axis',(-1.05188899325007E-15,1.,2.22044604925031E-16));
#8583=DIRECTION('',(0.,-2.77555756156289E-16,1.));
#8584=DIRECTION('',(-1.05188899325007E-15,1.,2.22044604925031E-16));
#8585=DIRECTION('center_axis',(1.94289029309402E-16,2.22044604925031E-16,
-1.));
#8586=DIRECTION('ref_axis',(-1.,6.8593742254505E-64,-1.94289029309402E-16));
#8587=DIRECTION('',(1.,0.,1.94289029309402E-16));
#8588=DIRECTION('',(1.,1.48029736616688E-15,1.94289029309402E-16));
#8589=DIRECTION('',(-1.,9.25185853854297E-17,-1.94289029309402E-16));
#8590=DIRECTION('center_axis',(-1.05918075055958E-14,0.707106781186548,
0.707106781186548));
#8591=DIRECTION('ref_axis',(1.,0.,1.49790778244587E-14));
#8592=DIRECTION('',(-1.09906472107864E-14,0.707106781186548,-0.707106781186548));
#8593=DIRECTION('',(-1.,-1.49790778244587E-14,-3.77985953867086E-50));
#8594=DIRECTION('',(1.09906472107864E-14,-0.707106781186548,0.707106781186548));
#8595=DIRECTION('',(1.,1.49790778244587E-14,3.77985953867086E-50));
#8596=DIRECTION('center_axis',(1.,1.55431223447522E-14,0.));
#8597=DIRECTION('ref_axis',(1.55431223447522E-14,-1.,8.75811458636726E-47));
#8598=DIRECTION('',(1.55431223447522E-14,-1.,8.75811458636726E-47));
#8599=DIRECTION('',(0.,0.,1.));
#8600=DIRECTION('',(5.31606093208055E-15,-0.342020143325669,0.939692620785908));
#8601=DIRECTION('',(-4.3140830754274E-30,2.77555756156289E-16,-1.));
#8602=DIRECTION('',(0.,0.,-1.));
#8603=DIRECTION('center_axis',(-3.77985953880205E-50,8.75811458636726E-47,
1.));
#8604=DIRECTION('ref_axis',(1.,0.,3.77985953880205E-50));
#8605=DIRECTION('',(-1.55431223447522E-14,1.,-8.75811458636726E-47));
#8606=DIRECTION('center_axis',(3.77985953880205E-50,-8.75811458636726E-47,
-1.));
#8607=DIRECTION('ref_axis',(-0.707106781186533,-0.707106781186562,0.));
#8608=DIRECTION('',(-1.,-1.52044909408366E-14,-3.77985953866888E-50));
#8609=DIRECTION('center_axis',(3.77985953880205E-50,-8.75811458636726E-47,
-1.));
#8610=DIRECTION('ref_axis',(0.707106781186562,-0.707106781186533,0.));
#8611=DIRECTION('center_axis',(0.69636424032002,0.122787803968968,0.707106781186548));
#8612=DIRECTION('ref_axis',(0.71249829320867,0.,-0.701673843159864));
#8613=DIRECTION('',(0.69636424032002,0.122787803968968,-0.707106781186547));
#8614=DIRECTION('',(-0.173648177666923,0.984807753012209,-8.62571551214454E-47));
#8615=DIRECTION('',(-0.69636424032002,-0.122787803968968,0.707106781186547));
#8616=DIRECTION('',(0.173648177666923,-0.984807753012209,8.62571551214454E-47));
#8617=DIRECTION('center_axis',(0.173648177666923,-0.984807753012209,0.));
#8618=DIRECTION('ref_axis',(-0.984807753012209,-0.173648177666923,1.51710820274166E-47));
#8619=DIRECTION('',(-0.984807753012209,-0.173648177666923,1.51710820274166E-47));
#8620=DIRECTION('',(0.,0.,1.));
#8621=DIRECTION('',(-0.336824088833466,-0.0593911746138822,0.939692620785909));
#8622=DIRECTION('',(4.74648297507173E-17,8.36933011978494E-18,-1.));
#8623=DIRECTION('',(0.,0.,-1.));
#8624=DIRECTION('center_axis',(-3.77985953880205E-50,8.75811458636726E-47,
1.));
#8625=DIRECTION('ref_axis',(1.,0.,3.77985953880205E-50));
#8626=DIRECTION('',(0.984807753012209,0.173648177666923,-1.51710820274166E-47));
#8627=DIRECTION('center_axis',(3.77985953880205E-50,-8.75811458636726E-47,
-1.));
#8628=DIRECTION('ref_axis',(-0.819152044288988,0.573576436351052,0.));
#8629=DIRECTION('',(-0.173648177666923,0.984807753012209,-8.62571551214454E-47));
#8630=DIRECTION('center_axis',(3.77985953880205E-50,-8.75811458636726E-47,
-1.));
#8631=DIRECTION('ref_axis',(-0.573576436351052,-0.819152044288988,0.));
#8632=DIRECTION('center_axis',(-0.12278780396897,-0.696364240320019,0.707106781186548));
#8633=DIRECTION('ref_axis',(0.985255774317393,0.,0.171087869746032));
#8634=DIRECTION('',(-0.122787803968971,-0.69636424032002,-0.707106781186547));
#8635=DIRECTION('',(0.984807753012209,-0.173648177666927,1.52455307269992E-47));
#8636=DIRECTION('',(0.122787803968971,0.69636424032002,0.707106781186547));
#8637=DIRECTION('',(-0.984807753012209,0.173648177666927,-1.52455307269992E-47));
#8638=DIRECTION('center_axis',(-0.984807753012209,0.173648177666927,0.));
#8639=DIRECTION('ref_axis',(0.173648177666927,0.984807753012209,-8.62440278070304E-47));
#8640=DIRECTION('',(-0.173648177666927,-0.984807753012209,8.62440278070304E-47));
#8641=DIRECTION('',(0.,0.,1.));
#8642=DIRECTION('',(0.0593911746138837,0.336824088833465,0.939692620785908));
#8643=DIRECTION('',(0.,0.,-1.));
#8644=DIRECTION('center_axis',(-3.77985953880205E-50,8.75811458636726E-47,
1.));
#8645=DIRECTION('ref_axis',(1.,0.,3.77985953880205E-50));
#8646=DIRECTION('',(0.173648177666927,0.984807753012209,-8.62440278070304E-47));
#8647=DIRECTION('center_axis',(3.77985953880205E-50,-8.75811458636726E-47,
-1.));
#8648=DIRECTION('ref_axis',(0.819152044288989,0.57357643635105,0.));
#8649=DIRECTION('',(-0.984807753012209,0.173648177666927,-1.52455307269992E-47));
#8650=DIRECTION('center_axis',(3.77985953880205E-50,-8.75811458636726E-47,
-1.));
#8651=DIRECTION('ref_axis',(-0.573576436351047,0.819152044288991,0.));
#8652=DIRECTION('center_axis',(3.05210491106912E-16,-0.707106781186548,
0.707106781186548));
#8653=DIRECTION('ref_axis',(1.,0.,-4.31632815901948E-16));
#8654=DIRECTION('',(-2.34083761052689E-96,-0.707106781186548,-0.707106781186548));
#8655=DIRECTION('',(1.,4.31632815901948E-16,3.77985953879827E-50));
#8656=DIRECTION('',(2.34083761052689E-96,0.707106781186548,0.707106781186548));
#8657=DIRECTION('',(-1.,-4.31632815901948E-16,-3.77985953879827E-50));
#8658=DIRECTION('center_axis',(-1.,3.31044429612016E-96,0.));
#8659=DIRECTION('ref_axis',(3.31044429612016E-96,1.,-8.75811458636726E-47));
#8660=DIRECTION('',(3.31044429612016E-96,1.,-8.75811458636726E-47));
#8661=DIRECTION('',(0.,0.,1.));
#8662=DIRECTION('',(1.13223863263066E-96,0.342020143325669,0.939692620785908));
#8663=DIRECTION('',(9.18832869822905E-112,2.77555756156289E-16,-1.));
#8664=DIRECTION('',(0.,0.,-1.));
#8665=DIRECTION('center_axis',(-3.77985953880205E-50,8.75811458636726E-47,
1.));
#8666=DIRECTION('ref_axis',(1.,0.,3.77985953880205E-50));
#8667=DIRECTION('',(-3.31044429612016E-96,-1.,8.75811458636726E-47));
#8668=DIRECTION('center_axis',(3.77985953880205E-50,-8.75811458636726E-47,
-1.));
#8669=DIRECTION('ref_axis',(0.707106781186546,0.707106781186549,0.));
#8670=DIRECTION('',(1.,5.61510440815007E-16,3.77985953879713E-50));
#8671=DIRECTION('center_axis',(3.77985953880205E-50,-8.75811458636726E-47,
-1.));
#8672=DIRECTION('ref_axis',(-0.707106781186546,0.707106781186549,0.));
#8673=DIRECTION('center_axis',(-0.707106781186548,6.1929222144291E-47,0.707106781186548));
#8674=DIRECTION('ref_axis',(0.707106781186548,0.,0.707106781186548));
#8675=DIRECTION('',(-0.707106781186548,0.,-0.707106781186548));
#8676=DIRECTION('',(-3.31044429612016E-96,-1.,8.75811458636726E-47));
#8677=DIRECTION('',(0.707106781186548,0.,0.707106781186548));
#8678=DIRECTION('',(3.31044429612016E-96,1.,-8.75811458636726E-47));
#8679=DIRECTION('center_axis',(0.,1.,0.));
#8680=DIRECTION('ref_axis',(1.,0.,3.77985953880205E-50));
#8681=DIRECTION('',(-1.,0.,-3.77985953880205E-50));
#8682=DIRECTION('',(0.,0.,1.));
#8683=DIRECTION('',(0.342020143325669,0.,0.939692620785908));
#8684=DIRECTION('',(1.1011418382678E-31,0.,-1.));
#8685=DIRECTION('',(0.,0.,-1.));
#8686=DIRECTION('center_axis',(-3.77985953880205E-50,8.75811458636726E-47,
1.));
#8687=DIRECTION('ref_axis',(1.,0.,3.77985953880205E-50));
#8688=DIRECTION('',(1.,0.,3.77985953880205E-50));
#8689=DIRECTION('center_axis',(3.77985953880205E-50,-8.75811458636726E-47,
-1.));
#8690=DIRECTION('ref_axis',(0.707106781186546,-0.707106781186549,0.));
#8691=DIRECTION('',(-7.52441045363367E-16,1.,-8.75811458636726E-47));
#8692=DIRECTION('center_axis',(3.77985953880205E-50,-8.75811458636726E-47,
-1.));
#8693=DIRECTION('ref_axis',(0.707106781186548,0.707106781186548,0.));
#8694=DIRECTION('center_axis',(0.,0.,-1.));
#8695=DIRECTION('ref_axis',(0.819152044288989,0.57357643635105,0.));
#8696=DIRECTION('',(0.,0.,1.));
#8697=DIRECTION('',(0.,0.,-1.));
#8698=DIRECTION('center_axis',(0.0301536896070457,0.171010071662837,0.984807753012208));
#8699=DIRECTION('ref_axis',(-0.171010071662831,-0.969846310392954,0.173648177666933));
#8700=DIRECTION('center_axis',(-0.0593911746138837,-0.336824088833466,-0.939692620785908));
#8701=DIRECTION('ref_axis',(0.811747033632166,0.531580534038939,-0.241844762647975));
#8702=DIRECTION('',(-0.0593911746138837,-0.336824088833465,-0.939692620785908));
#8703=DIRECTION('',(0.0593911746138837,0.336824088833465,0.939692620785908));
#8704=DIRECTION('center_axis',(0.173648177666927,0.984807753012209,0.));
#8705=DIRECTION('ref_axis',(0.984807753012209,-0.173648177666927,1.52455307269992E-47));
#8706=DIRECTION('',(0.984807753012209,-0.173648177666927,0.));
#8707=DIRECTION('',(0.,0.,-1.));
#8708=DIRECTION('center_axis',(0.163175911166532,0.925416578398324,-0.342020143325669));
#8709=DIRECTION('ref_axis',(0.,0.346666517896648,0.937988446287807));
#8710=DIRECTION('',(-0.0593911746138837,-0.336824088833465,-0.939692620785908));
#8711=DIRECTION('center_axis',(5.31606093208055E-15,-0.342020143325669,
0.939692620785908));
#8712=DIRECTION('ref_axis',(0.707106781186557,-0.664463024388665,-0.241844762647974));
#8713=DIRECTION('',(-5.31606093208055E-15,0.342020143325669,-0.939692620785908));
#8714=DIRECTION('center_axis',(-1.51119369677651E-14,1.,2.77555756156289E-16));
#8715=DIRECTION('ref_axis',(-1.42394489252158E-16,2.6850162387679E-16,-1.));
#8716=DIRECTION('center_axis',(-1.62048861871626E-14,0.173648177666928,
-0.984807753012209));
#8717=DIRECTION('ref_axis',(6.12885016399698E-14,0.984807753012209,0.173648177666928));
#8718=DIRECTION('center_axis',(0.,0.,-1.));
#8719=DIRECTION('ref_axis',(0.707106781186562,-0.707106781186533,0.));
#8720=DIRECTION('',(0.,0.,-1.));
#8721=DIRECTION('center_axis',(1.42875479399103E-14,-0.939692620785908,
-0.342020143325669));
#8722=DIRECTION('ref_axis',(0.,0.342020143325669,-0.939692620785908));
#8723=DIRECTION('',(-1.,-1.52044909408366E-14,0.));
#8724=DIRECTION('',(5.31606093208055E-15,-0.342020143325669,0.939692620785908));
#8725=DIRECTION('',(-1.,-1.51119369677651E-14,0.));
#8726=DIRECTION('center_axis',(1.52044909408366E-14,-1.,0.));
#8727=DIRECTION('ref_axis',(-1.,-1.52044909408366E-14,-3.77985953866888E-50));
#8728=DIRECTION('',(0.,0.,1.));
#8729=DIRECTION('center_axis',(-0.336824088833466,-0.0593911746138822,0.939692620785908));
#8730=DIRECTION('ref_axis',(-0.53158053403894,-0.811747033632166,-0.241844762647974));
#8731=DIRECTION('',(0.336824088833465,0.0593911746138822,-0.939692620785909));
#8732=DIRECTION('center_axis',(0.984807753012209,0.173648177666923,4.81970512575045E-17));
#8733=DIRECTION('ref_axis',(8.89965557825985E-17,-1.89859319002877E-16,
-1.));
#8734=DIRECTION('center_axis',(0.171010071662848,0.0301536896070613,-0.984807753012205));
#8735=DIRECTION('ref_axis',(0.969846310392967,0.171010071662747,0.173648177666947));
#8736=DIRECTION('center_axis',(0.,0.,-1.));
#8737=DIRECTION('ref_axis',(-0.573576436351052,-0.819152044288988,0.));
#8738=DIRECTION('',(0.,0.,-1.));
#8739=DIRECTION('center_axis',(-0.925416578398325,-0.163175911166528,-0.342020143325669));
#8740=DIRECTION('ref_axis',(-0.346666517896647,0.,0.937988446287807));
#8741=DIRECTION('',(-0.173648177666923,0.984807753012209,0.));
#8742=DIRECTION('',(-0.336824088833465,-0.0593911746138822,0.939692620785909));
#8743=DIRECTION('',(-0.173648177666923,0.984807753012209,0.));
#8744=DIRECTION('center_axis',(-0.984807753012209,-0.173648177666923,0.));
#8745=DIRECTION('ref_axis',(-0.173648177666923,0.984807753012209,-8.62571551214454E-47));
#8746=DIRECTION('',(0.,0.,1.));
#8747=DIRECTION('center_axis',(0.336824088833465,0.0593911746138822,-0.939692620785908));
#8748=DIRECTION('ref_axis',(-0.777156141976877,0.580981447007872,-0.241844762647975));
#8749=DIRECTION('',(0.336824088833465,0.0593911746138822,-0.939692620785909));
#8750=DIRECTION('center_axis',(0.984807753012209,0.173648177666923,4.81970512575045E-17));
#8751=DIRECTION('ref_axis',(8.30634520637585E-17,-7.11972446260788E-17,
-1.));
#8752=DIRECTION('center_axis',(0.171010071662843,0.0301536896070411,-0.984807753012207));
#8753=DIRECTION('ref_axis',(-0.969846310392949,-0.171010071662854,-0.173648177666938));
#8754=DIRECTION('center_axis',(0.,0.,-1.));
#8755=DIRECTION('ref_axis',(-0.819152044288988,0.573576436351052,0.));
#8756=DIRECTION('',(0.,0.,-1.));
#8757=DIRECTION('center_axis',(-5.31606093208055E-15,0.342020143325669,
-0.939692620785908));
#8758=DIRECTION('ref_axis',(-0.707106781186542,-0.664463024388681,-0.241844762647976));
#8759=DIRECTION('',(-5.31606093208055E-15,0.342020143325669,-0.939692620785908));
#8760=DIRECTION('center_axis',(-1.51119369677651E-14,1.,2.77555756156289E-16));
#8761=DIRECTION('ref_axis',(-1.18662074376798E-16,2.68501623876821E-16,
-1.));
#8762=DIRECTION('center_axis',(-1.62048861871625E-14,0.173648177666924,
-0.984807753012209));
#8763=DIRECTION('ref_axis',(-6.12885016399681E-14,-0.984807753012209,-0.173648177666924));
#8764=DIRECTION('center_axis',(0.,0.,-1.));
#8765=DIRECTION('ref_axis',(-0.707106781186533,-0.707106781186562,0.));
#8766=DIRECTION('',(0.,0.,-1.));
#8767=DIRECTION('center_axis',(-1.13223863263066E-96,-0.342020143325669,
-0.939692620785908));
#8768=DIRECTION('ref_axis',(0.707106781186547,0.664463024388676,-0.241844762647975));
#8769=DIRECTION('',(-1.13223863263066E-96,-0.342020143325669,-0.939692620785908));
#8770=DIRECTION('center_axis',(5.99459955090338E-16,-1.,-2.77555756156289E-16));
#8771=DIRECTION('ref_axis',(-2.37324148753596E-16,2.68501623876788E-16,
-1.));
#8772=DIRECTION('',(1.13223863263066E-96,0.342020143325669,0.939692620785908));
#8773=DIRECTION('center_axis',(0.,-0.173648177666933,-0.984807753012208));
#8774=DIRECTION('ref_axis',(6.52030241746845E-96,0.984807753012208,-0.173648177666933));
#8775=DIRECTION('center_axis',(0.,0.,-1.));
#8776=DIRECTION('ref_axis',(0.707106781186546,0.707106781186549,0.));
#8777=DIRECTION('',(0.,0.,1.));
#8778=DIRECTION('',(0.,0.,-1.));
#8779=DIRECTION('center_axis',(-5.61510440815007E-16,1.,0.));
#8780=DIRECTION('ref_axis',(1.,5.61510440815007E-16,3.77985953879713E-50));
#8781=DIRECTION('',(1.,5.61510440815007E-16,0.));
#8782=DIRECTION('',(0.,0.,-1.));
#8783=DIRECTION('center_axis',(-5.27647217728105E-16,0.939692620785908,
-0.342020143325669));
#8784=DIRECTION('ref_axis',(0.,0.342020143325669,0.939692620785908));
#8785=DIRECTION('',(1.,5.99459955090338E-16,0.));
#8786=DIRECTION('',(-1.13223863263066E-96,-0.342020143325669,-0.939692620785908));
#8787=DIRECTION('center_axis',(1.13223863263066E-96,0.342020143325669,0.939692620785908));
#8788=DIRECTION('ref_axis',(-0.70710678118655,0.664463024388672,-0.241844762647974));
#8789=DIRECTION('center_axis',(5.99459955090338E-16,-1.,-2.77555756156289E-16));
#8790=DIRECTION('ref_axis',(-2.13591733878237E-16,2.68501623876789E-16,
-1.));
#8791=DIRECTION('center_axis',(0.,-0.173648177666929,-0.984807753012208));
#8792=DIRECTION('ref_axis',(-6.52030241746829E-96,-0.984807753012208,0.173648177666929));
#8793=DIRECTION('center_axis',(0.,0.,-1.));
#8794=DIRECTION('ref_axis',(-0.707106781186546,0.707106781186549,0.));
#8795=DIRECTION('center_axis',(0.0593911746138837,0.336824088833466,0.939692620785908));
#8796=DIRECTION('ref_axis',(-0.580981447007871,0.777156141976878,-0.241844762647975));
#8797=DIRECTION('center_axis',(-0.030153689607045,-0.171010071662833,-0.984807753012208));
#8798=DIRECTION('ref_axis',(-0.171010071662831,-0.969846310392955,0.173648177666929));
#8799=DIRECTION('center_axis',(0.,0.,-1.));
#8800=DIRECTION('ref_axis',(-0.573576436351047,0.819152044288991,0.));
#8801=DIRECTION('center_axis',(0.342020143325669,0.,0.939692620785908));
#8802=DIRECTION('ref_axis',(0.664463024388684,0.707106781186538,-0.241844762647978));
#8803=DIRECTION('',(-0.342020143325669,0.,-0.939692620785908));
#8804=DIRECTION('center_axis',(-1.,-3.96728157800393E-16,-1.1011418382678E-31));
#8805=DIRECTION('ref_axis',(-1.83383983035083E-30,1.18662074376798E-16,
-1.));
#8806=DIRECTION('center_axis',(-0.173648177666976,0.,-0.9848077530122));
#8807=DIRECTION('ref_axis',(-0.9848077530122,0.,0.173648177666976));
#8808=DIRECTION('center_axis',(0.,0.,-1.));
#8809=DIRECTION('ref_axis',(0.707106781186548,0.707106781186548,0.));
#8810=DIRECTION('',(0.,0.,-1.));
#8811=DIRECTION('center_axis',(0.939692620785908,7.07063297904391E-16,-0.342020143325669));
#8812=DIRECTION('ref_axis',(-0.342020143325669,0.,-0.939692620785908));
#8813=DIRECTION('',(7.52441045363367E-16,-1.,0.));
#8814=DIRECTION('',(0.342020143325669,0.,0.939692620785908));
#8815=DIRECTION('',(3.96728157800393E-16,-1.,0.));
#8816=DIRECTION('center_axis',(1.,7.52441045363367E-16,0.));
#8817=DIRECTION('ref_axis',(7.52441045363367E-16,-1.,8.75811458636726E-47));
#8818=DIRECTION('',(0.,0.,1.));
#8819=DIRECTION('center_axis',(0.,0.,-1.));
#8820=DIRECTION('ref_axis',(0.707106781186546,-0.707106781186549,0.));
#8821=DIRECTION('',(0.,0.,-1.));
#8822=DIRECTION('center_axis',(0.173648177666968,0.,0.984807753012201));
#8823=DIRECTION('ref_axis',(-0.984807753012201,0.,0.173648177666968));
#8824=DIRECTION('center_axis',(-0.342020143325669,0.,-0.939692620785908));
#8825=DIRECTION('ref_axis',(0.664463024388675,-0.707106781186546,-0.24184476264798));
#8826=DIRECTION('',(-0.342020143325669,0.,-0.939692620785908));
#8827=DIRECTION('center_axis',(-1.,-3.96728157800393E-16,-1.1011418382678E-31));
#8828=DIRECTION('ref_axis',(3.05639971725138E-31,1.66126904127517E-16,-1.));
#8829=DIRECTION('center_axis',(0.,-1.,0.));
#8830=DIRECTION('ref_axis',(-1.,0.,-3.77985953880205E-50));
#8831=DIRECTION('',(0.,0.,-1.));
#8832=DIRECTION('',(-1.1011418382678E-31,0.,1.));
#8833=DIRECTION('center_axis',(-1.,-1.55431223447522E-14,0.));
#8834=DIRECTION('ref_axis',(-1.55431223447522E-14,1.,-8.75811458636726E-47));
#8835=DIRECTION('',(0.,0.,-1.));
#8836=DIRECTION('',(4.3140830754274E-30,-2.77555756156289E-16,1.));
#8837=DIRECTION('center_axis',(1.,-3.31044429612016E-96,0.));
#8838=DIRECTION('ref_axis',(-3.31044429612016E-96,-1.,8.75811458636726E-47));
#8839=DIRECTION('',(0.,0.,-1.));
#8840=DIRECTION('',(-9.18832869822905E-112,-2.77555756156289E-16,1.));
#8841=DIRECTION('center_axis',(0.984807753012209,-0.173648177666927,0.));
#8842=DIRECTION('ref_axis',(-0.173648177666927,-0.984807753012209,8.62440278070304E-47));
#8843=DIRECTION('',(0.,0.,-1.));
#8844=DIRECTION('center_axis',(-0.173648177666923,0.984807753012209,0.));
#8845=DIRECTION('ref_axis',(0.984807753012209,0.173648177666923,-1.51710820274166E-47));
#8846=DIRECTION('',(0.,0.,-1.));
#8847=DIRECTION('',(-4.74648297507173E-17,-8.36933011978495E-18,1.));
#8848=DIRECTION('center_axis',(-0.173648177666927,-0.984807753012209,0.));
#8849=DIRECTION('ref_axis',(-0.984807753012209,0.173648177666927,-1.52455307269992E-47));
#8850=DIRECTION('',(-0.984807753012209,0.173648177666927,-1.52455307269992E-47));
#8851=DIRECTION('center_axis',(0.984807753012209,0.173648177666923,0.));
#8852=DIRECTION('ref_axis',(0.173648177666923,-0.984807753012209,8.62571551214454E-47));
#8853=DIRECTION('',(0.173648177666923,-0.984807753012209,8.62571551214454E-47));
#8854=DIRECTION('center_axis',(4.31632815901948E-16,-1.,0.));
#8855=DIRECTION('ref_axis',(-1.,-4.31632815901948E-16,-3.77985953879827E-50));
#8856=DIRECTION('',(-1.,-2.94055323771852E-16,-3.77985953879947E-50));
#8857=DIRECTION('center_axis',(-1.49790778244587E-14,1.,0.));
#8858=DIRECTION('ref_axis',(1.,1.49790778244587E-14,3.77985953867086E-50));
#8859=DIRECTION('',(1.,1.51119369677651E-14,3.77985953866969E-50));
#8860=DIRECTION('center_axis',(-1.,3.31044429612016E-96,0.));
#8861=DIRECTION('ref_axis',(3.31044429612016E-96,1.,-8.75811458636726E-47));
#8862=DIRECTION('',(-3.59548096162881E-16,1.,-8.75811458636726E-47));
#8863=DIRECTION('center_axis',(0.,0.,-1.));
#8864=DIRECTION('ref_axis',(0.594299158136439,-0.804244061612095,0.));
#8865=DIRECTION('center_axis',(0.,0.,-1.));
#8866=DIRECTION('ref_axis',(0.594299158136439,-0.804244061612095,0.));
#8867=DIRECTION('center_axis',(-3.77985953880205E-50,8.75811458636726E-47,
1.));
#8868=DIRECTION('ref_axis',(0.594299158136439,-0.804244061612095,0.));
#8869=DIRECTION('',(0.,0.,-1.));
#8870=DIRECTION('center_axis',(0.,0.,-1.));
#8871=DIRECTION('ref_axis',(-0.93308766791762,-0.359649001083079,0.));
#8872=DIRECTION('center_axis',(0.,0.,-1.));
#8873=DIRECTION('ref_axis',(-0.93308766791762,-0.359649001083079,0.));
#8874=DIRECTION('',(0.,0.,1.));
#8875=DIRECTION('center_axis',(-3.77985953880205E-50,8.75811458636726E-47,
1.));
#8876=DIRECTION('ref_axis',(-0.93308766791762,-0.359649001083079,0.));
#8877=DIRECTION('center_axis',(0.20791169081778,0.978147600733801,0.));
#8878=DIRECTION('ref_axis',(0.978147600733801,-0.20791169081778,1.43877678620962E-16));
#8879=DIRECTION('',(0.978147600733801,-0.20791169081778,0.));
#8880=DIRECTION('',(0.,0.,-1.));
#8881=DIRECTION('center_axis',(0.,0.,-1.));
#8882=DIRECTION('ref_axis',(-1.,0.,0.));
#8883=DIRECTION('center_axis',(0.,0.,1.));
#8884=DIRECTION('ref_axis',(-1.,0.,0.));
#8885=DIRECTION('',(0.,0.,1.));
#8886=DIRECTION('center_axis',(0.,0.,-1.));
#8887=DIRECTION('ref_axis',(-1.,0.,0.));
#8888=DIRECTION('center_axis',(0.,0.,-1.));
#8889=DIRECTION('ref_axis',(0.695652184279066,0.718378756999234,0.));
#8890=DIRECTION('center_axis',(0.,0.,1.));
#8891=DIRECTION('ref_axis',(0.695652184279066,0.718378756999234,0.));
#8892=DIRECTION('',(0.,0.,-1.));
#8893=DIRECTION('center_axis',(0.,0.,-1.));
#8894=DIRECTION('ref_axis',(0.695652184279066,0.718378756999234,0.));
#8895=DIRECTION('center_axis',(0.,0.,1.));
#8896=DIRECTION('ref_axis',(-1.,0.,0.));
#8897=DIRECTION('',(9.59952180854087E-16,-1.,4.15120870900152E-15));
#8898=DIRECTION('',(1.,3.06179196890401E-15,0.));
#8899=DIRECTION('center_axis',(0.,0.,1.));
#8900=DIRECTION('ref_axis',(-1.,0.,0.));
#8901=DIRECTION('center_axis',(0.,0.,-1.));
#8902=DIRECTION('ref_axis',(-1.,0.,0.));
#8903=DIRECTION('',(0.,0.,1.));
#8904=DIRECTION('center_axis',(0.,0.,-1.));
#8905=DIRECTION('ref_axis',(-1.,0.,0.));
#8906=DIRECTION('center_axis',(0.,0.,1.));
#8907=DIRECTION('ref_axis',(-1.,0.,0.));
#8908=DIRECTION('',(0.,0.,1.));
#8909=DIRECTION('center_axis',(0.,0.,-1.));
#8910=DIRECTION('ref_axis',(-1.,0.,0.));
#8911=DIRECTION('center_axis',(0.,0.,-1.));
#8912=DIRECTION('ref_axis',(0.215094555323482,0.976593227638915,0.));
#8913=DIRECTION('center_axis',(0.,0.,-1.));
#8914=DIRECTION('ref_axis',(-0.695652163547016,-0.718378777075406,0.));
#8915=DIRECTION('',(0.,0.,-1.));
#8916=DIRECTION('center_axis',(0.,0.,1.));
#8917=DIRECTION('ref_axis',(-0.695652163547016,-0.718378777075406,0.));
#8918=DIRECTION('center_axis',(0.,0.,1.));
#8919=DIRECTION('ref_axis',(-1.,0.,0.));
#8920=DIRECTION('center_axis',(0.,0.,1.));
#8921=DIRECTION('ref_axis',(-1.,0.,0.));
#8922=DIRECTION('',(1.,1.97557890536293E-15,0.));
#8923=DIRECTION('',(-1.01718408643324E-15,1.,0.));
#8924=DIRECTION('',(1.,1.97557890536293E-15,0.));
#8925=DIRECTION('center_axis',(-1.97557890536293E-15,1.,0.));
#8926=DIRECTION('ref_axis',(1.,1.97557890536293E-15,1.94289029309403E-16));
#8927=DIRECTION('',(0.,0.,-1.));
#8928=DIRECTION('',(0.,0.,-1.));
#8929=DIRECTION('center_axis',(0.,0.,1.));
#8930=DIRECTION('ref_axis',(1.,0.,0.));
#8931=DIRECTION('',(0.,0.,1.));
#8932=DIRECTION('center_axis',(0.,0.,1.));
#8933=DIRECTION('ref_axis',(1.,0.,0.));
#8934=DIRECTION('center_axis',(0.,0.,-1.));
#8935=DIRECTION('ref_axis',(1.,0.,0.));
#8936=DIRECTION('center_axis',(0.,0.,-1.));
#8937=DIRECTION('ref_axis',(-1.,0.,0.));
#8938=DIRECTION('center_axis',(0.,0.,1.));
#8939=DIRECTION('ref_axis',(-1.,0.,0.));
#8940=DIRECTION('',(0.,0.,-1.));
#8941=DIRECTION('center_axis',(-3.77985953880205E-50,8.75811458636726E-47,
1.));
#8942=DIRECTION('ref_axis',(-1.,0.,0.));
#8943=DIRECTION('',(0.,0.,1.));
#8944=DIRECTION('center_axis',(0.,0.,1.));
#8945=DIRECTION('ref_axis',(0.660744736008908,0.750610680603813,0.));
#8946=DIRECTION('center_axis',(3.77985953880205E-50,-8.75811458636726E-47,
-1.));
#8947=DIRECTION('ref_axis',(0.692314511126653,-0.721595882529456,0.));
#8948=DIRECTION('',(0.,0.,1.));
#8949=DIRECTION('center_axis',(0.,0.,1.));
#8950=DIRECTION('ref_axis',(-0.692314511126654,0.721595882529454,0.));
#8951=DIRECTION('center_axis',(-3.77985953880205E-50,8.75811458636726E-47,
1.));
#8952=DIRECTION('ref_axis',(-0.692314511126654,0.721595882529454,0.));
#8953=DIRECTION('',(0.,0.,-1.));
#8954=DIRECTION('center_axis',(-5.99459955090338E-16,1.,2.77555756156289E-16));
#8955=DIRECTION('ref_axis',(-1.,-5.99459955090337E-16,-1.94289029309402E-16));
#8956=DIRECTION('',(-1.,-2.94055323771852E-16,-3.77985953879947E-50));
#8957=DIRECTION('',(-1.,-2.94055323771852E-16,-3.77985953879947E-50));
#8958=DIRECTION('',(-1.,-2.94055323771852E-16,0.));
#8959=DIRECTION('',(1.,2.94055323771852E-16,1.94289029309402E-16));
#8960=DIRECTION('center_axis',(0.,0.,-1.));
#8961=DIRECTION('ref_axis',(-1.,0.,0.));
#8962=DIRECTION('',(0.,0.,1.));
#8963=DIRECTION('center_axis',(-1.97557890536293E-15,1.,0.));
#8964=DIRECTION('ref_axis',(1.,1.97557890536293E-15,1.94289029309403E-16));
#8965=DIRECTION('center_axis',(-3.06179196890401E-15,1.,0.));
#8966=DIRECTION('ref_axis',(1.,3.06179196890401E-15,1.94289029309403E-16));
#8967=DIRECTION('',(0.,0.,-1.));
#8968=DIRECTION('center_axis',(0.,0.,1.));
#8969=DIRECTION('ref_axis',(0.228416096288106,0.973563601906164,0.));
#8970=DIRECTION('',(0.,0.,1.));
#8971=DIRECTION('center_axis',(-3.77985953880205E-50,8.75811458636726E-47,
1.));
#8972=DIRECTION('ref_axis',(0.228416096288106,0.973563601906164,0.));
#8973=DIRECTION('',(-4.19440509207421E-30,2.77555756156289E-16,-1.));
#8974=DIRECTION('center_axis',(0.,0.,-1.));
#8975=DIRECTION('ref_axis',(0.695652184279066,0.718378756999234,0.));
#8976=DIRECTION('',(0.,0.,-1.));
#8977=DIRECTION('center_axis',(0.,0.,1.));
#8978=DIRECTION('ref_axis',(0.695652184279066,0.718378756999234,0.));
#8979=DIRECTION('center_axis',(0.,0.,-1.));
#8980=DIRECTION('ref_axis',(0.707106778467396,0.7071067839057,0.));
#8981=DIRECTION('',(-1.82363691517354E-31,-1.19819226393958E-46,1.));
#8982=DIRECTION('center_axis',(-3.77985953880205E-50,8.75811458636726E-47,
1.));
#8983=DIRECTION('ref_axis',(0.707106778467396,0.7071067839057,0.));
#8984=DIRECTION('center_axis',(1.04684884459228E-32,-8.25949048069086E-32,
1.));
#8985=DIRECTION('ref_axis',(-1.,0.,1.04684884459228E-32));
#8986=DIRECTION('',(-1.36223684003086E-15,1.,2.22044604925031E-16));
#8987=DIRECTION('',(4.3140830754274E-32,-1.,-2.22044604925031E-16));
#8988=DIRECTION('',(0.984807753012208,-0.17364817766693,-2.21841547361142E-32));
#8989=DIRECTION('',(1.,1.26091942530882E-15,0.));
#8990=DIRECTION('center_axis',(3.77985953880205E-50,-8.75811458636726E-47,
-1.));
#8991=DIRECTION('ref_axis',(-1.,0.,-3.77985953880205E-50));
#8992=DIRECTION('',(5.96115296921035E-16,-1.,8.75811458636726E-47));
#8993=DIRECTION('',(0.707106781186548,-0.707106781186546,6.19559497874091E-47));
#8994=DIRECTION('',(1.,1.26091942530882E-15,3.779859538791E-50));
#8995=DIRECTION('',(0.984807753012208,-0.17364817766693,1.52455307269994E-47));
#8996=DIRECTION('center_axis',(-3.77985953880205E-50,8.75811458636726E-47,
1.));
#8997=DIRECTION('ref_axis',(-0.173648177666928,-0.984807753012209,0.));
#8998=DIRECTION('',(0.707106781186547,0.707106781186548,-6.19024945011729E-47));
#8999=DIRECTION('center_axis',(-3.77985953880205E-50,8.75811458636726E-47,
1.));
#9000=DIRECTION('ref_axis',(0.707106781186548,-0.707106781186547,0.));
#9001=DIRECTION('',(-0.173648177666928,0.984807753012208,-8.62571551214453E-47));
#9002=DIRECTION('',(-9.59952180854087E-16,1.,-4.15120870900152E-15));
#9003=DIRECTION('',(-0.906307787036643,-0.422618261740715,3.69791344648261E-47));
#9004=DIRECTION('',(-1.,3.33066907387547E-15,-3.77985953883122E-50));
#9005=DIRECTION('',(-0.906307787036651,0.422618261740697,-3.70476487875029E-47));
#9006=DIRECTION('center_axis',(-3.77985953880205E-50,8.75811458636726E-47,
1.));
#9007=DIRECTION('ref_axis',(-1.,0.,0.));
#9008=DIRECTION('center_axis',(-3.77985953880205E-50,8.75811458636726E-47,
1.));
#9009=DIRECTION('ref_axis',(-0.184210515858836,-0.982886812327351,0.));
#9010=DIRECTION('center_axis',(3.77985953880205E-50,-8.75811458636726E-47,
-1.));
#9011=DIRECTION('ref_axis',(-0.207911690817777,0.978147600733802,0.));
#9012=DIRECTION('',(1.,0.,3.77985953880205E-50));
#9013=DIRECTION('',(0.978147600733801,-0.207911690817782,1.82461167256649E-47));
#9014=DIRECTION('',(1.,1.51119369677651E-14,3.77985953866969E-50));
#9015=DIRECTION('',(1.,1.51119369677651E-14,3.77985953866969E-50));
#9016=DIRECTION('',(6.5703444253077E-17,-1.,8.75811458636726E-47));
#9017=DIRECTION('',(0.173648177666923,-0.984807753012209,8.62571551214454E-47));
#9018=DIRECTION('',(0.173648177666923,-0.984807753012209,8.62571551214454E-47));
#9019=DIRECTION('',(-0.707106781186546,-0.707106781186549,6.19024945011729E-47));
#9020=DIRECTION('',(-3.59548096162881E-16,1.,-8.75811458636726E-47));
#9021=DIRECTION('',(-3.59548096162881E-16,1.,-8.75811458636726E-47));
#9022=DIRECTION('center_axis',(3.77985953880205E-50,-8.75811458636726E-47,
-1.));
#9023=DIRECTION('ref_axis',(0.184210515858825,0.982886812327353,0.));
#9024=DIRECTION('center_axis',(1.94289029309402E-16,2.22044604925031E-16,
-1.));
#9025=DIRECTION('ref_axis',(-1.,8.67173430724508E-48,-1.94289029309402E-16));
#9026=DIRECTION('',(-1.,0.,-1.94289029309402E-16));
#9027=DIRECTION('',(4.3140830754274E-32,-1.,-2.22044604925031E-16));
#9028=DIRECTION('center_axis',(-1.,-1.96499650376133E-15,-5.45396090445941E-31));
#9029=DIRECTION('ref_axis',(1.96499650376133E-15,-1.,-2.22044604925031E-16));
#9030=DIRECTION('',(1.96499650376133E-15,-1.,-2.22044604925031E-16));
#9031=DIRECTION('',(0.,-2.77555756156289E-16,1.));
#9032=DIRECTION('center_axis',(-1.48029736616688E-15,1.,2.77555756156289E-16));
#9033=DIRECTION('ref_axis',(-1.,-1.48029736616688E-15,-1.94289029309402E-16));
#9034=DIRECTION('',(-1.,-1.48029736616688E-15,-1.94289029309402E-16));
#9035=DIRECTION('',(0.,-2.77555756156289E-16,1.));
#9036=DIRECTION('center_axis',(-5.39260384428425E-32,1.,2.77555756156289E-16));
#9037=DIRECTION('ref_axis',(-1.,0.,-1.94289029309402E-16));
#9038=DIRECTION('',(0.,-2.77555756156289E-16,1.));
#9039=DIRECTION('center_axis',(-0.707106781186549,0.707106781186547,1.96261557335472E-16));
#9040=DIRECTION('ref_axis',(-0.707106781186546,-0.707106781186548,-2.94392336003207E-16));
#9041=DIRECTION('',(0.,-2.77555756156289E-16,1.));
#9042=DIRECTION('center_axis',(-0.984807753012209,-0.173648177666923,-4.81970512575045E-17));
#9043=DIRECTION('ref_axis',(0.173648177666923,-0.984807753012209,-1.84933312564451E-16));
#9044=DIRECTION('',(0.,-2.77555756156289E-16,1.));
#9045=DIRECTION('center_axis',(-1.,-6.5703444253077E-16,-1.82363691517354E-31));
#9046=DIRECTION('ref_axis',(6.5703444253077E-16,-1.,-2.22044604925031E-16));
#9047=DIRECTION('center_axis',(1.51119369677651E-14,-1.,-2.77555756156289E-16));
#9048=DIRECTION('ref_axis',(1.,1.51119369677651E-14,1.94289029309405E-16));
#9049=DIRECTION('',(0.,-2.77555756156289E-16,1.));
#9050=DIRECTION('center_axis',(-0.207911690817782,-0.978147600733801,-2.7149049695413E-16));
#9051=DIRECTION('ref_axis',(0.978147600733801,-0.207911690817782,1.43877678620961E-16));
#9052=DIRECTION('',(0.,-2.77555756156289E-16,1.));
#9053=DIRECTION('center_axis',(5.39260384428425E-32,-1.,-2.77555756156289E-16));
#9054=DIRECTION('ref_axis',(1.,0.,1.94289029309402E-16));
#9055=DIRECTION('',(0.,-2.77555756156289E-16,1.));
#9056=DIRECTION('center_axis',(0.,-2.77555756156289E-16,1.));
#9057=DIRECTION('ref_axis',(-0.610378860232477,0.792109618033579,2.19854583991979E-16));
#9058=DIRECTION('',(0.,-2.77555756156289E-16,1.));
#9059=DIRECTION('center_axis',(0.,-2.77555756156289E-16,1.));
#9060=DIRECTION('ref_axis',(0.610378860232477,-0.792109618033579,-2.19854583991979E-16));
#9061=DIRECTION('',(0.,-2.77555756156289E-16,1.));
#9062=DIRECTION('center_axis',(0.,-2.77555756156289E-16,1.));
#9063=DIRECTION('ref_axis',(-1.,9.34924652315915E-15,2.594937188227E-30));
#9064=DIRECTION('',(0.,-2.77555756156289E-16,1.));
#9065=DIRECTION('center_axis',(1.,3.96728157800393E-16,1.1011418382678E-31));
#9066=DIRECTION('ref_axis',(-3.96728157800393E-16,1.,2.22044604925031E-16));
#9067=DIRECTION('center_axis',(1.94289029309402E-16,2.22044604925031E-16,
-1.));
#9068=DIRECTION('ref_axis',(-1.,8.67173430724508E-48,-1.94289029309402E-16));
#9069=DIRECTION('',(-1.36223684003086E-15,1.,2.22044604925031E-16));
#9070=DIRECTION('center_axis',(0.,0.,-1.));
#9071=DIRECTION('ref_axis',(-1.,0.,0.));
#9072=DIRECTION('',(0.,0.,1.));
#9073=DIRECTION('center_axis',(0.984807753012208,0.173648177666928,0.));
#9074=DIRECTION('ref_axis',(0.173648177666928,-0.984807753012208,-1.84933312564449E-16));
#9075=DIRECTION('',(0.,-2.77555756156289E-16,1.));
#9076=DIRECTION('',(0.,0.,-1.));
#9077=DIRECTION('center_axis',(1.,8.7583346261887E-16,0.));
#9078=DIRECTION('ref_axis',(8.7583346261887E-16,-1.,-2.22044604925031E-16));
#9079=DIRECTION('center_axis',(-0.422618261740715,0.906307787036643,0.));
#9080=DIRECTION('ref_axis',(0.906307787036643,0.422618261740715,2.69925765161222E-16));
#9081=DIRECTION('',(0.,0.,-1.));
#9082=DIRECTION('center_axis',(3.33066907387547E-15,1.,0.));
#9083=DIRECTION('ref_axis',(1.,-3.33066907387547E-15,1.94289029309401E-16));
#9084=DIRECTION('',(0.,0.,-1.));
#9085=DIRECTION('center_axis',(0.422618261740697,0.906307787036651,0.));
#9086=DIRECTION('ref_axis',(0.906307787036651,-0.422618261740697,8.22455552365868E-17));
#9087=DIRECTION('center_axis',(-1.,-5.96115296921035E-16,0.));
#9088=DIRECTION('ref_axis',(-5.96115296921035E-16,1.,2.22044604925031E-16));
#9089=DIRECTION('',(0.,0.,-1.));
#9090=DIRECTION('center_axis',(-0.707106781186547,-0.707106781186548,0.));
#9091=DIRECTION('ref_axis',(-0.707106781186548,0.707106781186547,1.96261557335469E-17));
#9092=DIRECTION('',(0.,0.,-1.));
#9093=DIRECTION('center_axis',(1.21463439145016E-15,-1.,0.));
#9094=DIRECTION('ref_axis',(-1.,-1.21463439145016E-15,2.10537153304714E-16));
#9095=DIRECTION('',(0.,0.,-1.));
#9096=DIRECTION('',(0.,0.,1.));
#9097=DIRECTION('center_axis',(1.,1.36223684003086E-15,0.));
#9098=DIRECTION('ref_axis',(1.36223684003086E-15,-1.,-2.22044604925031E-16));
#9099=DIRECTION('',(0.,0.,-1.));
#9100=DIRECTION('center_axis',(-9.25185853854297E-17,-1.,0.));
#9101=DIRECTION('ref_axis',(-1.,9.25185853854297E-17,-1.94289029309402E-16));
#9102=DIRECTION('',(0.,0.,-1.));
#9103=DIRECTION('center_axis',(-1.,-4.3140830754274E-32,0.));
#9104=DIRECTION('ref_axis',(-4.3140830754274E-32,1.,2.22044604925031E-16));
#9105=DIRECTION('',(0.,0.,-1.));
#9106=DIRECTION('center_axis',(-0.17364817766693,-0.984807753012208,0.));
#9107=DIRECTION('ref_axis',(-0.984807753012208,0.17364817766693,-5.76178138423249E-16));
#9108=DIRECTION('',(0.,0.,-1.));
#9109=DIRECTION('center_axis',(0.,0.,-1.));
#9110=DIRECTION('ref_axis',(0.707106781186549,-0.707106781186546,0.));
#9111=DIRECTION('',(0.,0.,-1.));
#9112=DIRECTION('center_axis',(0.707106781186548,-0.707106781186547,0.));
#9113=DIRECTION('ref_axis',(-0.707106781186547,-0.707106781186548,-2.94392336003207E-16));
#9114=DIRECTION('',(0.,0.,-1.));
#9115=DIRECTION('center_axis',(0.,0.,-1.));
#9116=DIRECTION('ref_axis',(0.984807753012208,0.173648177666929,0.));
#9117=CARTESIAN_POINT('',(0.,0.,0.));
#9118=CARTESIAN_POINT('Ctrl Pts',(-33.4514930236741,-2.94461551207717E-14,
-51.0056180068257));
#9119=CARTESIAN_POINT('Ctrl Pts',(-33.4514930236741,0.499999999999971,-51.0056180068257));
#9120=CARTESIAN_POINT('Ctrl Pts',(-33.7400334465905,-2.94461551207717E-14,
-50.9483191677335));
#9121=CARTESIAN_POINT('Ctrl Pts',(-33.7400334465905,0.499999999999971,-50.9483191677335));
#9122=CARTESIAN_POINT('Ctrl Pts',(-34.0244809675618,-2.94461551207717E-14,
-50.8439535208943));
#9123=CARTESIAN_POINT('Ctrl Pts',(-34.0244809675618,0.499999999999971,-50.8439535208943));
#9124=CARTESIAN_POINT('',(-33.4514930236741,-2.94461551207717E-14,-51.0056180068257));
#9125=CARTESIAN_POINT('',(-34.0244809675618,-2.94461551207717E-14,-50.8439535208943));
#9126=CARTESIAN_POINT('Ctrl Pts',(-33.4514930236741,-2.94461551207717E-14,
-51.0056180068257));
#9127=CARTESIAN_POINT('Ctrl Pts',(-33.7400334465905,-2.94461551207717E-14,
-50.9483191677335));
#9128=CARTESIAN_POINT('Ctrl Pts',(-34.0244809675618,-2.94461551207717E-14,
-50.8439535208943));
#9129=CARTESIAN_POINT('',(-33.4514930236741,0.499999999999971,-51.0056180068257));
#9130=CARTESIAN_POINT('',(-33.4514930236741,-2.94461551207717E-14,-51.0056180068257));
#9131=CARTESIAN_POINT('',(-34.0244809675618,0.499999999999971,-50.8439535208943));
#9132=CARTESIAN_POINT('Ctrl Pts',(-33.4514930236741,0.499999999999971,-51.0056180068257));
#9133=CARTESIAN_POINT('Ctrl Pts',(-33.7400334465905,0.499999999999971,-50.9483191677335));
#9134=CARTESIAN_POINT('Ctrl Pts',(-34.0244809675618,0.499999999999971,-50.8439535208943));
#9135=CARTESIAN_POINT('',(-34.0244809675618,-2.94461551207717E-14,-50.8439535208943));
#9136=CARTESIAN_POINT('Ctrl Pts',(-34.0735941517754,-2.94461551207717E-14,
-51.2184420534375));
#9137=CARTESIAN_POINT('Ctrl Pts',(-34.0735941517754,0.499999999999971,-51.2184420534375));
#9138=CARTESIAN_POINT('Ctrl Pts',(-33.6950130153104,-2.94461551207717E-14,
-51.0751951047185));
#9139=CARTESIAN_POINT('Ctrl Pts',(-33.6950130153104,0.499999999999971,-51.0751951047185));
#9140=CARTESIAN_POINT('Ctrl Pts',(-33.4514930236741,-2.94461551207717E-14,
-51.0056180068257));
#9141=CARTESIAN_POINT('Ctrl Pts',(-33.4514930236741,0.499999999999971,-51.0056180068257));
#9142=CARTESIAN_POINT('',(-34.0735941517754,-2.94461551207717E-14,-51.2184420534375));
#9143=CARTESIAN_POINT('Ctrl Pts',(-34.0735941517754,-2.94461551207717E-14,
-51.2184420534375));
#9144=CARTESIAN_POINT('Ctrl Pts',(-33.6950130153104,-2.94461551207717E-14,
-51.0751951047185));
#9145=CARTESIAN_POINT('Ctrl Pts',(-33.4514930236741,-2.94461551207717E-14,
-51.0056180068257));
#9146=CARTESIAN_POINT('',(-34.0735941517754,0.499999999999971,-51.2184420534375));
#9147=CARTESIAN_POINT('',(-34.0735941517754,-2.94461551207717E-14,-51.2184420534375));
#9148=CARTESIAN_POINT('Ctrl Pts',(-34.0735941517754,0.499999999999971,-51.2184420534375));
#9149=CARTESIAN_POINT('Ctrl Pts',(-33.6950130153104,0.499999999999971,-51.0751951047185));
#9150=CARTESIAN_POINT('Ctrl Pts',(-33.4514930236741,0.499999999999971,-51.0056180068257));
#9151=CARTESIAN_POINT('Origin',(-34.9044262755319,-2.94461551207717E-14,
-51.5315386959317));
#9152=CARTESIAN_POINT('',(-34.9044262755319,-2.94461551207717E-14,-51.5315386959317));
#9153=CARTESIAN_POINT('',(-34.8162914860569,-2.82510903627923E-14,-51.4983253597083));
#9154=CARTESIAN_POINT('',(-34.9044262755319,0.499999999999971,-51.5315386959317));
#9155=CARTESIAN_POINT('',(-34.9044262755319,-2.94461551207717E-14,-51.5315386959317));
#9156=CARTESIAN_POINT('',(-34.9044262755319,0.499999999999971,-51.5315386959317));
#9157=CARTESIAN_POINT('Origin',(-34.9044262755319,-2.94461551207717E-14,
-50.5144855686429));
#9158=CARTESIAN_POINT('',(-34.9044262755319,-2.94461551207717E-14,-50.5144855686429));
#9159=CARTESIAN_POINT('',(-34.9044262755319,-2.83581419091719E-14,-55.2578961696209));
#9160=CARTESIAN_POINT('',(-34.9044262755319,0.499999999999971,-50.5144855686429));
#9161=CARTESIAN_POINT('',(-34.9044262755319,-2.94461551207717E-14,-50.5144855686429));
#9162=CARTESIAN_POINT('',(-34.9044262755319,0.499999999999971,-50.5144855686429));
#9163=CARTESIAN_POINT('Origin',(-34.0244809675618,-2.94461551207717E-14,
-50.8439535208943));
#9164=CARTESIAN_POINT('',(-31.4188399684031,-2.41244289061656E-14,-51.8195541593881));
#9165=CARTESIAN_POINT('',(-34.0244809675618,0.499999999999971,-50.8439535208943));
#9166=CARTESIAN_POINT('Origin',(-35.2277552473946,-2.94461551207717E-14,
-50.3998881884816));
#9167=CARTESIAN_POINT('',(-35.2277552473946,-2.94461551207717E-14,-50.3998881884816));
#9168=CARTESIAN_POINT('',(-36.1363499749108,-2.94461551207717E-14,-50.0704202362302));
#9169=CARTESIAN_POINT('',(-32.0469726184727,-2.48873804253328E-14,-51.5532802427946));
#9170=CARTESIAN_POINT('',(-35.2277552473946,0.499999999999971,-50.3998881884816));
#9171=CARTESIAN_POINT('',(-35.2277552473946,-2.94461551207717E-14,-50.3998881884816));
#9172=CARTESIAN_POINT('',(-36.1363499749108,0.499999999999971,-50.0704202362302));
#9173=CARTESIAN_POINT('',(-35.2277552473946,0.499999999999971,-50.3998881884816));
#9174=CARTESIAN_POINT('',(-36.1363499749108,-2.94461551207717E-14,-50.0704202362302));
#9175=CARTESIAN_POINT('Origin',(-35.2277552473946,-2.94461551207717E-14,
-51.6543218799832));
#9176=CARTESIAN_POINT('',(-35.2277552473946,-2.94461551207717E-14,-51.6543218799832));
#9177=CARTESIAN_POINT('',(-35.2277552473946,-2.87508683981487E-14,-55.8278143252911));
#9178=CARTESIAN_POINT('',(-35.2277552473946,0.499999999999971,-51.6543218799832));
#9179=CARTESIAN_POINT('',(-35.2277552473946,-2.94461551207717E-14,-51.6543218799832));
#9180=CARTESIAN_POINT('',(-35.2277552473946,0.499999999999971,-51.6543218799832));
#9181=CARTESIAN_POINT('Origin',(-36.1363499749108,-2.94461551207717E-14,
-52.0042535969022));
#9182=CARTESIAN_POINT('',(-36.1363499749108,-2.94461551207717E-14,-52.0042535969022));
#9183=CARTESIAN_POINT('',(-35.4635953577512,-2.90373279070711E-14,-51.7451521833475));
#9184=CARTESIAN_POINT('',(-36.1363499749108,0.499999999999971,-52.0042535969022));
#9185=CARTESIAN_POINT('',(-36.1363499749108,-2.94461551207717E-14,-52.0042535969022));
#9186=CARTESIAN_POINT('',(-36.1363499749108,0.499999999999971,-52.0042535969022));
#9187=CARTESIAN_POINT('Origin',(-36.1363499749108,-2.94461551207717E-14,
-52.4565050312284));
#9188=CARTESIAN_POINT('',(-36.1363499749108,-2.94461551207717E-14,-52.4565050312284));
#9189=CARTESIAN_POINT('',(-36.1363499749108,-2.98544788020801E-14,-56.2289059009136));
#9190=CARTESIAN_POINT('',(-36.1363499749108,0.499999999999971,-52.4565050312284));
#9191=CARTESIAN_POINT('',(-36.1363499749108,-2.94461551207717E-14,-52.4565050312284));
#9192=CARTESIAN_POINT('',(-36.1363499749108,0.499999999999971,-52.4565050312284));
#9193=CARTESIAN_POINT('Origin',(-33.1363498557015,-2.94461551207717E-14,
-51.2286737867597));
#9194=CARTESIAN_POINT('',(-33.1363498557015,-2.94461551207717E-14,-51.2286737867597));
#9195=CARTESIAN_POINT('',(-33.9780592546203,-2.72329446664675E-14,-51.5731661393226));
#9196=CARTESIAN_POINT('',(-33.1363498557015,0.499999999999971,-51.2286737867597));
#9197=CARTESIAN_POINT('',(-33.1363498557015,-2.94461551207717E-14,-51.2286737867597));
#9198=CARTESIAN_POINT('',(-33.1363498557015,0.499999999999971,-51.2286737867597));
#9199=CARTESIAN_POINT('Origin',(-33.1363498557015,-2.94461551207717E-14,
-50.800979466081));
#9200=CARTESIAN_POINT('',(-33.1363498557015,-2.94461551207717E-14,-50.800979466081));
#9201=CARTESIAN_POINT('',(-33.1363498557015,-2.62105754829339E-14,-55.4011431183399));
#9202=CARTESIAN_POINT('',(-33.1363498557015,0.499999999999971,-50.800979466081));
#9203=CARTESIAN_POINT('',(-33.1363498557015,-2.94461551207717E-14,-50.800979466081));
#9204=CARTESIAN_POINT('',(-33.1363498557015,0.499999999999971,-50.800979466081));
#9205=CARTESIAN_POINT('Origin',(-36.1363499749108,-2.94461551207717E-14,
-49.6488648959401));
#9206=CARTESIAN_POINT('',(-36.1363499749108,-2.94461551207717E-14,-49.6488648959401));
#9207=CARTESIAN_POINT('',(-32.388691551868,-2.53024439940444E-14,-51.0881087964493));
#9208=CARTESIAN_POINT('',(-36.1363499749108,0.499999999999971,-49.6488648959401));
#9209=CARTESIAN_POINT('',(-36.1363499749108,-2.94461551207717E-14,-49.6488648959401));
#9210=CARTESIAN_POINT('',(-36.1363499749108,0.499999999999971,-49.6488648959401));
#9211=CARTESIAN_POINT('Origin',(-36.1363499749108,-2.94461551207717E-14,
-50.0704202362302));
#9212=CARTESIAN_POINT('',(-36.1363499749108,-2.98544788020801E-14,-55.0358635034146));
#9213=CARTESIAN_POINT('',(-36.1363499749108,0.499999999999971,-50.0704202362302));
#9214=CARTESIAN_POINT('Origin',(-34.6363499153062,0.499999999999971,-53.0837219980511));
#9215=CARTESIAN_POINT('Origin',(-33.7789147484704,-2.94461551207717E-14,
-53.1502291866544));
#9216=CARTESIAN_POINT('',(-33.7789147484704,-2.94461551207717E-14,-53.1502291866544));
#9217=CARTESIAN_POINT('',(-36.1363499749108,-2.94461551207717E-14,-53.1502291866544));
#9218=CARTESIAN_POINT('',(-32.6451157790878,-2.56139056792266E-14,-53.1502291866544));
#9219=CARTESIAN_POINT('',(-33.7789147484704,0.499999999999971,-53.1502291866544));
#9220=CARTESIAN_POINT('',(-33.7789147484704,-2.94461551207717E-14,-53.1502291866544));
#9221=CARTESIAN_POINT('',(-36.1363499749108,0.499999999999971,-53.1502291866544));
#9222=CARTESIAN_POINT('',(-33.7789147484704,0.499999999999971,-53.1502291866544));
#9223=CARTESIAN_POINT('',(-36.1363499749108,-2.94461551207717E-14,-53.1502291866544));
#9224=CARTESIAN_POINT('Origin',(-36.1363499749108,-2.94461551207717E-14,
-54.7259453245404));
#9225=CARTESIAN_POINT('',(-36.1363499749108,-2.94461551207717E-14,-54.7259453245404));
#9226=CARTESIAN_POINT('',(-35.7565476914253,-2.93931578866072E-14,-54.4720844419244));
#9227=CARTESIAN_POINT('',(-36.1363499749108,0.499999999999971,-54.7259453245404));
#9228=CARTESIAN_POINT('',(-36.1363499749108,-2.94461551207717E-14,-54.7259453245404));
#9229=CARTESIAN_POINT('',(-36.1363499749108,0.499999999999971,-54.7259453245404));
#9230=CARTESIAN_POINT('Origin',(-36.1363499749108,-2.94461551207717E-14,
-55.1331761785749));
#9231=CARTESIAN_POINT('',(-36.1363499749108,-2.94461551207717E-14,-55.1331761785749));
#9232=CARTESIAN_POINT('',(-36.1363499749108,-2.98544788020801E-14,-57.5672414745869));
#9233=CARTESIAN_POINT('',(-36.1363499749108,0.499999999999971,-55.1331761785749));
#9234=CARTESIAN_POINT('',(-36.1363499749108,-2.94461551207717E-14,-55.1331761785749));
#9235=CARTESIAN_POINT('',(-36.1363499749108,0.499999999999971,-55.1331761785749));
#9236=CARTESIAN_POINT('Origin',(-33.1363498557015,-2.94461551207717E-14,
-55.1331761785749));
#9237=CARTESIAN_POINT('',(-33.1363498557015,-2.94461551207717E-14,-55.1331761785749));
#9238=CARTESIAN_POINT('',(-32.3238333327034,-2.52236649704788E-14,-55.1331761785748));
#9239=CARTESIAN_POINT('',(-33.1363498557015,0.499999999999971,-55.1331761785749));
#9240=CARTESIAN_POINT('',(-33.1363498557015,-2.94461551207717E-14,-55.1331761785749));
#9241=CARTESIAN_POINT('',(-33.1363498557015,0.499999999999971,-55.1331761785749));
#9242=CARTESIAN_POINT('Origin',(-33.1363498557015,-2.94461551207717E-14,
-54.752548665643));
#9243=CARTESIAN_POINT('',(-33.1363498557015,-2.94461551207717E-14,-54.752548665643));
#9244=CARTESIAN_POINT('',(-33.1363498557015,-2.62105754829339E-14,-57.376927718121));
#9245=CARTESIAN_POINT('',(-33.1363498557015,0.499999999999971,-54.752548665643));
#9246=CARTESIAN_POINT('',(-33.1363498557015,-2.94461551207717E-14,-54.752548665643));
#9247=CARTESIAN_POINT('',(-33.1363498557015,0.499999999999971,-54.752548665643));
#9248=CARTESIAN_POINT('Origin',(-35.4917388546868,-2.94461551207717E-14,
-54.752548665643));
#9249=CARTESIAN_POINT('',(-35.4917388546868,-2.94461551207717E-14,-54.752548665643));
#9250=CARTESIAN_POINT('',(-33.501527832196,-2.66541332121843E-14,-54.752548665643));
#9251=CARTESIAN_POINT('',(-35.4917388546868,0.499999999999971,-54.752548665643));
#9252=CARTESIAN_POINT('',(-35.4917388546868,-2.94461551207717E-14,-54.752548665643));
#9253=CARTESIAN_POINT('',(-35.4917388546868,0.499999999999971,-54.752548665643));
#9254=CARTESIAN_POINT('Origin',(-33.1363498557015,-2.94461551207717E-14,
-53.1768319317105));
#9255=CARTESIAN_POINT('',(-33.1363498557015,-2.94461551207717E-14,-53.1768319317105));
#9256=CARTESIAN_POINT('',(-34.1520146483593,-2.74442368702811E-14,-53.8562950736995));
#9257=CARTESIAN_POINT('',(-33.1363498557015,0.499999999999971,-53.1768319317105));
#9258=CARTESIAN_POINT('',(-33.1363498557015,-2.94461551207717E-14,-53.1768319317105));
#9259=CARTESIAN_POINT('',(-33.1363498557015,0.499999999999971,-53.1768319317105));
#9260=CARTESIAN_POINT('Origin',(-33.1363498557015,-2.94461551207717E-14,
-52.7696016737226));
#9261=CARTESIAN_POINT('',(-33.1363498557015,-2.94461551207717E-14,-52.7696016737226));
#9262=CARTESIAN_POINT('',(-33.1363498557015,-2.62105754829339E-14,-56.3854542221607));
#9263=CARTESIAN_POINT('',(-33.1363498557015,0.499999999999971,-52.7696016737226));
#9264=CARTESIAN_POINT('',(-33.1363498557015,-2.94461551207717E-14,-52.7696016737226));
#9265=CARTESIAN_POINT('',(-33.1363498557015,0.499999999999971,-52.7696016737226));
#9266=CARTESIAN_POINT('Origin',(-36.1363499749108,-2.94461551207717E-14,
-52.7696016737226));
#9267=CARTESIAN_POINT('',(-36.1363499749108,-2.94461551207717E-14,-52.7696016737226));
#9268=CARTESIAN_POINT('',(-33.823833392308,-2.70456166300519E-14,-52.7696016737226));
#9269=CARTESIAN_POINT('',(-36.1363499749108,0.499999999999971,-52.7696016737226));
#9270=CARTESIAN_POINT('',(-36.1363499749108,-2.94461551207717E-14,-52.7696016737226));
#9271=CARTESIAN_POINT('',(-36.1363499749108,0.499999999999971,-52.7696016737226));
#9272=CARTESIAN_POINT('Origin',(-36.1363499749108,-2.94461551207717E-14,
-53.1502291866544));
#9273=CARTESIAN_POINT('',(-36.1363499749108,-2.98544788020801E-14,-56.5757679786267));
#9274=CARTESIAN_POINT('',(-36.1363499749108,0.499999999999971,-53.1502291866544));
#9275=CARTESIAN_POINT('Origin',(-34.6363499153062,0.499999999999971,-53.0837219980511));
#9276=CARTESIAN_POINT('Origin',(-34.7222981739446,-2.94461551207717E-14,
-57.3739680954221));
#9277=CARTESIAN_POINT('',(-34.7222981739446,-2.94461551207717E-14,-57.3739680954221));
#9278=CARTESIAN_POINT('',(-36.1363499749108,-2.94461551207717E-14,-57.3739680954221));
#9279=CARTESIAN_POINT('',(-33.1168074918249,-2.61868386556791E-14,-57.3739680954221));
#9280=CARTESIAN_POINT('',(-34.7222981739446,0.499999999999971,-57.3739680954221));
#9281=CARTESIAN_POINT('',(-34.7222981739446,-2.94461551207717E-14,-57.3739680954221));
#9282=CARTESIAN_POINT('',(-36.1363499749108,0.499999999999971,-57.3739680954221));
#9283=CARTESIAN_POINT('',(-34.7222981739446,0.499999999999971,-57.3739680954221));
#9284=CARTESIAN_POINT('',(-36.1363499749108,-2.94461551207717E-14,-57.3739680954221));
#9285=CARTESIAN_POINT('Origin',(-34.7222981739446,-2.94461551207717E-14,
-58.9333126255277));
#9286=CARTESIAN_POINT('',(-34.7222981739446,-2.94461551207717E-14,-58.9333126255277));
#9287=CARTESIAN_POINT('',(-34.7222981739446,-2.81369228533344E-14,-59.4673096980633));
#9288=CARTESIAN_POINT('',(-34.7222981739446,0.499999999999971,-58.9333126255277));
#9289=CARTESIAN_POINT('',(-34.7222981739446,-2.94461551207717E-14,-58.9333126255277));
#9290=CARTESIAN_POINT('',(-34.7222981739446,0.499999999999971,-58.9333126255277));
#9291=CARTESIAN_POINT('Origin',(-36.1363499749108,-2.94461551207717E-14,
-58.9333126255277));
#9292=CARTESIAN_POINT('',(-36.1363499749108,-2.94461551207717E-14,-58.9333126255277));
#9293=CARTESIAN_POINT('',(-33.823833392308,-2.70456166300519E-14,-58.9333126255277));
#9294=CARTESIAN_POINT('',(-36.1363499749108,0.499999999999971,-58.9333126255277));
#9295=CARTESIAN_POINT('',(-36.1363499749108,-2.94461551207717E-14,-58.9333126255277));
#9296=CARTESIAN_POINT('',(-36.1363499749108,0.499999999999971,-58.9333126255277));
#9297=CARTESIAN_POINT('Origin',(-36.1363499749108,-2.94461551207717E-14,
-59.33031174624));
#9298=CARTESIAN_POINT('',(-36.1363499749108,-2.94461551207717E-14,-59.33031174624));
#9299=CARTESIAN_POINT('',(-36.1363499749108,-2.98544788020801E-14,-59.6658092584194));
#9300=CARTESIAN_POINT('',(-36.1363499749108,0.499999999999971,-59.33031174624));
#9301=CARTESIAN_POINT('',(-36.1363499749108,-2.94461551207717E-14,-59.33031174624));
#9302=CARTESIAN_POINT('',(-36.1363499749108,0.499999999999971,-59.33031174624));
#9303=CARTESIAN_POINT('Origin',(-33.1363498557015,-2.94461551207717E-14,
-59.33031174624));
#9304=CARTESIAN_POINT('',(-33.1363498557015,-2.94461551207717E-14,-59.33031174624));
#9305=CARTESIAN_POINT('',(-32.3238333327034,-2.52236649704788E-14,-59.3303117462399));
#9306=CARTESIAN_POINT('',(-33.1363498557015,0.499999999999971,-59.33031174624));
#9307=CARTESIAN_POINT('',(-33.1363498557015,-2.94461551207717E-14,-59.33031174624));
#9308=CARTESIAN_POINT('',(-33.1363498557015,0.499999999999971,-59.33031174624));
#9309=CARTESIAN_POINT('Origin',(-33.1363498557015,-2.94461551207717E-14,
-58.9333126255277));
#9310=CARTESIAN_POINT('',(-33.1363498557015,-2.94461551207717E-14,-58.9333126255277));
#9311=CARTESIAN_POINT('',(-33.1363498557015,-2.62105754829339E-14,-59.4673096980633));
#9312=CARTESIAN_POINT('',(-33.1363498557015,0.499999999999971,-58.9333126255277));
#9313=CARTESIAN_POINT('',(-33.1363498557015,-2.94461551207717E-14,-58.9333126255277));
#9314=CARTESIAN_POINT('',(-33.1363498557015,0.499999999999971,-58.9333126255277));
#9315=CARTESIAN_POINT('Origin',(-34.3682735550805,-2.94461551207717E-14,
-58.9333126255277));
#9316=CARTESIAN_POINT('',(-34.3682735550805,-2.94461551207717E-14,-58.9333126255277));
#9317=CARTESIAN_POINT('',(-32.9397951823928,-2.59718334169329E-14,-58.9333126255277));
#9318=CARTESIAN_POINT('',(-34.3682735550805,0.499999999999971,-58.9333126255277));
#9319=CARTESIAN_POINT('',(-34.3682735550805,-2.94461551207717E-14,-58.9333126255277));
#9320=CARTESIAN_POINT('',(-34.3682735550805,0.499999999999971,-58.9333126255277));
#9321=CARTESIAN_POINT('Origin',(-34.3682735550805,-2.94461551207717E-14,
-57.3739680954221));
#9322=CARTESIAN_POINT('',(-34.3682735550805,-2.94461551207717E-14,-57.3739680954221));
#9323=CARTESIAN_POINT('',(-34.3682735550805,-2.77069123758421E-14,-58.6876374330105));
#9324=CARTESIAN_POINT('',(-34.3682735550805,0.499999999999971,-57.3739680954221));
#9325=CARTESIAN_POINT('',(-34.3682735550805,-2.94461551207717E-14,-57.3739680954221));
#9326=CARTESIAN_POINT('',(-34.3682735550805,0.499999999999971,-57.3739680954221));
#9327=CARTESIAN_POINT('Origin',(-33.1363498557015,-2.94461551207717E-14,
-57.3739680954221));
#9328=CARTESIAN_POINT('',(-33.1363498557015,-2.94461551207717E-14,-57.3739680954221));
#9329=CARTESIAN_POINT('',(-32.3238333327034,-2.52236649704788E-14,-57.3739680954221));
#9330=CARTESIAN_POINT('',(-33.1363498557015,0.499999999999971,-57.3739680954221));
#9331=CARTESIAN_POINT('',(-33.1363498557015,-2.94461551207717E-14,-57.3739680954221));
#9332=CARTESIAN_POINT('',(-33.1363498557015,0.499999999999971,-57.3739680954221));
#9333=CARTESIAN_POINT('Origin',(-33.1363498557015,-2.94461551207717E-14,
-56.9769689747098));
#9334=CARTESIAN_POINT('',(-33.1363498557015,-2.94461551207717E-14,-56.9769689747098));
#9335=CARTESIAN_POINT('',(-33.1363498557015,-2.62105754829339E-14,-58.4891378726544));
#9336=CARTESIAN_POINT('',(-33.1363498557015,0.499999999999971,-56.9769689747098));
#9337=CARTESIAN_POINT('',(-33.1363498557015,-2.94461551207717E-14,-56.9769689747098));
#9338=CARTESIAN_POINT('',(-33.1363498557015,0.499999999999971,-56.9769689747098));
#9339=CARTESIAN_POINT('Origin',(-36.1363499749108,-2.94461551207717E-14,
-56.9769689747098));
#9340=CARTESIAN_POINT('',(-36.1363499749108,-2.94461551207717E-14,-56.9769689747098));
#9341=CARTESIAN_POINT('',(-33.823833392308,-2.70456166300519E-14,-56.9769689747098));
#9342=CARTESIAN_POINT('',(-36.1363499749108,0.499999999999971,-56.9769689747098));
#9343=CARTESIAN_POINT('',(-36.1363499749108,-2.94461551207717E-14,-56.9769689747098));
#9344=CARTESIAN_POINT('',(-36.1363499749108,0.499999999999971,-56.9769689747098));
#9345=CARTESIAN_POINT('Origin',(-36.1363499749108,-2.94461551207717E-14,
-57.3739680954221));
#9346=CARTESIAN_POINT('',(-36.1363499749108,-2.98544788020801E-14,-58.6876374330105));
#9347=CARTESIAN_POINT('',(-36.1363499749108,0.499999999999971,-57.3739680954221));
#9348=CARTESIAN_POINT('Origin',(-34.6363499153062,0.499999999999971,-53.0837219980511));
#9349=CARTESIAN_POINT('Ctrl Pts',(-35.8478098500176,-2.94461551207717E-14,
-48.2143491812947));
#9350=CARTESIAN_POINT('Ctrl Pts',(-35.8478098500176,0.499999999999971,-48.2143491812947));
#9351=CARTESIAN_POINT('Ctrl Pts',(-35.8478098500176,-2.94461551207717E-14,
-48.5479100354913));
#9352=CARTESIAN_POINT('Ctrl Pts',(-35.8478098500176,0.499999999999971,-48.5479100354913));
#9353=CARTESIAN_POINT('Ctrl Pts',(-35.6554495680734,-2.94461551207717E-14,
-48.7791514703038));
#9354=CARTESIAN_POINT('Ctrl Pts',(-35.6554495680734,0.499999999999971,-48.7791514703038));
#9355=CARTESIAN_POINT('',(-35.8478098500176,-2.94461551207717E-14,-48.2143491812947));
#9356=CARTESIAN_POINT('',(-35.6554495680734,-2.94461551207717E-14,-48.7791514703038));
#9357=CARTESIAN_POINT('Ctrl Pts',(-35.8478098500176,-2.94461551207717E-14,
-48.2143491812947));
#9358=CARTESIAN_POINT('Ctrl Pts',(-35.8478098500176,-2.94461551207717E-14,
-48.5479100354913));
#9359=CARTESIAN_POINT('Ctrl Pts',(-35.6554495680734,-2.94461551207717E-14,
-48.7791514703038));
#9360=CARTESIAN_POINT('',(-35.8478098500176,0.499999999999971,-48.2143491812947));
#9361=CARTESIAN_POINT('',(-35.8478098500176,-2.94461551207717E-14,-48.2143491812947));
#9362=CARTESIAN_POINT('',(-35.6554495680734,0.499999999999971,-48.7791514703038));
#9363=CARTESIAN_POINT('Ctrl Pts',(-35.8478098500176,0.499999999999971,-48.2143491812947));
#9364=CARTESIAN_POINT('Ctrl Pts',(-35.8478098500176,0.499999999999971,-48.5479100354913));
#9365=CARTESIAN_POINT('Ctrl Pts',(-35.6554495680734,0.499999999999971,-48.7791514703038));
#9366=CARTESIAN_POINT('',(-35.6554495680734,-2.94461551207717E-14,-48.7791514703038));
#9367=CARTESIAN_POINT('Ctrl Pts',(-35.7066091287537,-2.94461551207717E-14,
-47.7047993549111));
#9368=CARTESIAN_POINT('Ctrl Pts',(-35.7066091287537,0.499999999999971,-47.7047993549111));
#9369=CARTESIAN_POINT('Ctrl Pts',(-35.8478098500176,-2.94461551207717E-14,
-47.9401336916688));
#9370=CARTESIAN_POINT('Ctrl Pts',(-35.8478098500176,0.499999999999971,-47.9401336916688));
#9371=CARTESIAN_POINT('Ctrl Pts',(-35.8478098500176,-2.94461551207717E-14,
-48.2143491812947));
#9372=CARTESIAN_POINT('Ctrl Pts',(-35.8478098500176,0.499999999999971,-48.2143491812947));
#9373=CARTESIAN_POINT('',(-35.7066091287537,-2.94461551207717E-14,-47.7047993549111));
#9374=CARTESIAN_POINT('Ctrl Pts',(-35.7066091287537,-2.94461551207717E-14,
-47.7047993549111));
#9375=CARTESIAN_POINT('Ctrl Pts',(-35.8478098500176,-2.94461551207717E-14,
-47.9401336916688));
#9376=CARTESIAN_POINT('Ctrl Pts',(-35.8478098500176,-2.94461551207717E-14,
-48.2143491812947));
#9377=CARTESIAN_POINT('',(-35.7066091287537,0.499999999999971,-47.7047993549111));
#9378=CARTESIAN_POINT('',(-35.7066091287537,-2.94461551207717E-14,-47.7047993549111));
#9379=CARTESIAN_POINT('Ctrl Pts',(-35.7066091287537,0.499999999999971,-47.7047993549111));
#9380=CARTESIAN_POINT('Ctrl Pts',(-35.8478098500176,0.499999999999971,-47.9401336916688));
#9381=CARTESIAN_POINT('Ctrl Pts',(-35.8478098500176,0.499999999999971,-48.2143491812947));
#9382=CARTESIAN_POINT('Ctrl Pts',(-35.2799379218026,-2.94461551207717E-14,
-47.3579372026923));
#9383=CARTESIAN_POINT('Ctrl Pts',(-35.2799379218026,0.499999999999971,-47.3579372026923));
#9384=CARTESIAN_POINT('Ctrl Pts',(-35.5654087055131,-2.94461551207717E-14,
-47.4694650926593));
#9385=CARTESIAN_POINT('Ctrl Pts',(-35.5654087055131,0.499999999999971,-47.4694650926593));
#9386=CARTESIAN_POINT('Ctrl Pts',(-35.7066091287537,-2.94461551207717E-14,
-47.7047993549111));
#9387=CARTESIAN_POINT('Ctrl Pts',(-35.7066091287537,0.499999999999971,-47.7047993549111));
#9388=CARTESIAN_POINT('',(-35.2799379218026,-2.94461551207717E-14,-47.3579372026923));
#9389=CARTESIAN_POINT('Ctrl Pts',(-35.2799379218026,-2.94461551207717E-14,
-47.3579372026923));
#9390=CARTESIAN_POINT('Ctrl Pts',(-35.5654087055131,-2.94461551207717E-14,
-47.4694650926593));
#9391=CARTESIAN_POINT('Ctrl Pts',(-35.7066091287537,-2.94461551207717E-14,
-47.7047993549111));
#9392=CARTESIAN_POINT('',(-35.2799379218026,0.499999999999971,-47.3579372026923));
#9393=CARTESIAN_POINT('',(-35.2799379218026,-2.94461551207717E-14,-47.3579372026923));
#9394=CARTESIAN_POINT('Ctrl Pts',(-35.2799379218026,0.499999999999971,-47.3579372026923));
#9395=CARTESIAN_POINT('Ctrl Pts',(-35.5654087055131,0.499999999999971,-47.4694650926593));
#9396=CARTESIAN_POINT('Ctrl Pts',(-35.7066091287537,0.499999999999971,-47.7047993549111));
#9397=CARTESIAN_POINT('Ctrl Pts',(-34.6117932486936,-2.94461551207717E-14,
-47.2464092382196));
#9398=CARTESIAN_POINT('Ctrl Pts',(-34.6117932486936,0.499999999999971,-47.2464092382196));
#9399=CARTESIAN_POINT('Ctrl Pts',(-34.9944671380921,-2.94461551207717E-14,
-47.2464092382196));
#9400=CARTESIAN_POINT('Ctrl Pts',(-34.9944671380921,0.499999999999971,-47.2464092382196));
#9401=CARTESIAN_POINT('Ctrl Pts',(-35.2799379218026,-2.94461551207717E-14,
-47.3579372026923));
#9402=CARTESIAN_POINT('Ctrl Pts',(-35.2799379218026,0.499999999999971,-47.3579372026923));
#9403=CARTESIAN_POINT('',(-34.6117932486936,-2.94461551207717E-14,-47.2464092382196));
#9404=CARTESIAN_POINT('Ctrl Pts',(-34.6117932486936,-2.94461551207717E-14,
-47.2464092382196));
#9405=CARTESIAN_POINT('Ctrl Pts',(-34.9944671380921,-2.94461551207717E-14,
-47.2464092382196));
#9406=CARTESIAN_POINT('Ctrl Pts',(-35.2799379218026,-2.94461551207717E-14,
-47.3579372026923));
#9407=CARTESIAN_POINT('',(-34.6117932486936,0.499999999999971,-47.2464092382196));
#9408=CARTESIAN_POINT('',(-34.6117932486936,-2.94461551207717E-14,-47.2464092382196));
#9409=CARTESIAN_POINT('Ctrl Pts',(-34.6117932486936,0.499999999999971,-47.2464092382196));
#9410=CARTESIAN_POINT('Ctrl Pts',(-34.9944671380921,0.499999999999971,-47.2464092382196));
#9411=CARTESIAN_POINT('Ctrl Pts',(-35.2799379218026,0.499999999999971,-47.3579372026923));
#9412=CARTESIAN_POINT('Ctrl Pts',(-34.0357359636231,-2.94461551207717E-14,
-47.3405429282191));
#9413=CARTESIAN_POINT('Ctrl Pts',(-34.0357359636231,0.499999999999971,-47.3405429282191));
#9414=CARTESIAN_POINT('Ctrl Pts',(-34.3150674689217,-2.94461551207717E-14,
-47.2464092382196));
#9415=CARTESIAN_POINT('Ctrl Pts',(-34.3150674689217,0.499999999999971,-47.2464092382196));
#9416=CARTESIAN_POINT('Ctrl Pts',(-34.6117932486936,-2.94461551207717E-14,
-47.2464092382196));
#9417=CARTESIAN_POINT('Ctrl Pts',(-34.6117932486936,0.499999999999971,-47.2464092382196));
#9418=CARTESIAN_POINT('',(-34.0357359636231,-2.94461551207717E-14,-47.3405429282191));
#9419=CARTESIAN_POINT('Ctrl Pts',(-34.0357359636231,-2.94461551207717E-14,
-47.3405429282191));
#9420=CARTESIAN_POINT('Ctrl Pts',(-34.3150674689217,-2.94461551207717E-14,
-47.2464092382196));
#9421=CARTESIAN_POINT('Ctrl Pts',(-34.6117932486936,-2.94461551207717E-14,
-47.2464092382196));
#9422=CARTESIAN_POINT('',(-34.0357359636231,0.499999999999971,-47.3405429282191));
#9423=CARTESIAN_POINT('',(-34.0357359636231,-2.94461551207717E-14,-47.3405429282191));
#9424=CARTESIAN_POINT('Ctrl Pts',(-34.0357359636231,0.499999999999971,-47.3405429282191));
#9425=CARTESIAN_POINT('Ctrl Pts',(-34.3150674689217,0.499999999999971,-47.2464092382196));
#9426=CARTESIAN_POINT('Ctrl Pts',(-34.6117932486936,0.499999999999971,-47.2464092382196));
#9427=CARTESIAN_POINT('Ctrl Pts',(-33.5906472194596,-2.94461551207717E-14,
-47.6669412412646));
#9428=CARTESIAN_POINT('Ctrl Pts',(-33.5906472194596,0.499999999999971,-47.6669412412646));
#9429=CARTESIAN_POINT('Ctrl Pts',(-33.7564044583245,-2.94461551207717E-14,
-47.4346766182187));
#9430=CARTESIAN_POINT('Ctrl Pts',(-33.7564044583245,0.499999999999971,-47.4346766182187));
#9431=CARTESIAN_POINT('Ctrl Pts',(-34.0357359636231,-2.94461551207717E-14,
-47.3405429282191));
#9432=CARTESIAN_POINT('Ctrl Pts',(-34.0357359636231,0.499999999999971,-47.3405429282191));
#9433=CARTESIAN_POINT('',(-33.5906472194596,-2.94461551207717E-14,-47.6669412412646));
#9434=CARTESIAN_POINT('Ctrl Pts',(-33.5906472194596,-2.94461551207717E-14,
-47.6669412412646));
#9435=CARTESIAN_POINT('Ctrl Pts',(-33.7564044583245,-2.94461551207717E-14,
-47.4346766182187));
#9436=CARTESIAN_POINT('Ctrl Pts',(-34.0357359636231,-2.94461551207717E-14,
-47.3405429282191));
#9437=CARTESIAN_POINT('',(-33.5906472194596,0.499999999999971,-47.6669412412646));
#9438=CARTESIAN_POINT('',(-33.5906472194596,-2.94461551207717E-14,-47.6669412412646));
#9439=CARTESIAN_POINT('Ctrl Pts',(-33.5906472194596,0.499999999999971,-47.6669412412646));
#9440=CARTESIAN_POINT('Ctrl Pts',(-33.7564044583245,0.499999999999971,-47.4346766182187));
#9441=CARTESIAN_POINT('Ctrl Pts',(-34.0357359636231,0.499999999999971,-47.3405429282191));
#9442=CARTESIAN_POINT('Ctrl Pts',(-33.4248899805947,-2.94461551207717E-14,
-48.2450449773076));
#9443=CARTESIAN_POINT('Ctrl Pts',(-33.4248899805947,0.499999999999971,-48.2450449773076));
#9444=CARTESIAN_POINT('Ctrl Pts',(-33.4248899805947,-2.94461551207717E-14,
-47.8992060133222));
#9445=CARTESIAN_POINT('Ctrl Pts',(-33.4248899805947,0.499999999999971,-47.8992060133222));
#9446=CARTESIAN_POINT('Ctrl Pts',(-33.5906472194596,-2.94461551207717E-14,
-47.6669412412646));
#9447=CARTESIAN_POINT('Ctrl Pts',(-33.5906472194596,0.499999999999971,-47.6669412412646));
#9448=CARTESIAN_POINT('',(-33.4248899805947,-2.94461551207717E-14,-48.2450449773076));
#9449=CARTESIAN_POINT('Ctrl Pts',(-33.4248899805947,-2.94461551207717E-14,
-48.2450449773076));
#9450=CARTESIAN_POINT('Ctrl Pts',(-33.4248899805947,-2.94461551207717E-14,
-47.8992060133222));
#9451=CARTESIAN_POINT('Ctrl Pts',(-33.5906472194596,-2.94461551207717E-14,
-47.6669412412646));
#9452=CARTESIAN_POINT('',(-33.4248899805947,0.499999999999971,-48.2450449773076));
#9453=CARTESIAN_POINT('',(-33.4248899805947,-2.94461551207717E-14,-48.2450449773076));
#9454=CARTESIAN_POINT('Ctrl Pts',(-33.4248899805947,0.499999999999971,-48.2450449773076));
#9455=CARTESIAN_POINT('Ctrl Pts',(-33.4248899805947,0.499999999999971,-47.8992060133222));
#9456=CARTESIAN_POINT('Ctrl Pts',(-33.5906472194596,0.499999999999971,-47.6669412412646));
#9457=CARTESIAN_POINT('Ctrl Pts',(-33.5742762077256,-2.94461551207717E-14,
-48.7443629213574));
#9458=CARTESIAN_POINT('Ctrl Pts',(-33.5742762077256,0.499999999999971,-48.7443629213574));
#9459=CARTESIAN_POINT('Ctrl Pts',(-33.4248899805947,-2.94461551207717E-14,
-48.5458635100129));
#9460=CARTESIAN_POINT('Ctrl Pts',(-33.4248899805947,0.499999999999971,-48.5458635100129));
#9461=CARTESIAN_POINT('Ctrl Pts',(-33.4248899805947,-2.94461551207717E-14,
-48.2450449773076));
#9462=CARTESIAN_POINT('Ctrl Pts',(-33.4248899805947,0.499999999999971,-48.2450449773076));
#9463=CARTESIAN_POINT('',(-33.5742762077256,-2.94461551207717E-14,-48.7443629213574));
#9464=CARTESIAN_POINT('Ctrl Pts',(-33.5742762077256,-2.94461551207717E-14,
-48.7443629213574));
#9465=CARTESIAN_POINT('Ctrl Pts',(-33.4248899805947,-2.94461551207717E-14,
-48.5458635100129));
#9466=CARTESIAN_POINT('Ctrl Pts',(-33.4248899805947,-2.94461551207717E-14,
-48.2450449773076));
#9467=CARTESIAN_POINT('',(-33.5742762077256,0.499999999999971,-48.7443629213574));
#9468=CARTESIAN_POINT('',(-33.5742762077256,-2.94461551207717E-14,-48.7443629213574));
#9469=CARTESIAN_POINT('Ctrl Pts',(-33.5742762077256,0.499999999999971,-48.7443629213574));
#9470=CARTESIAN_POINT('Ctrl Pts',(-33.4248899805947,0.499999999999971,-48.5458635100129));
#9471=CARTESIAN_POINT('Ctrl Pts',(-33.4248899805947,0.499999999999971,-48.2450449773076));
#9472=CARTESIAN_POINT('Ctrl Pts',(-34.0510838616296,-2.94461551207717E-14,
-49.0472278305295));
#9473=CARTESIAN_POINT('Ctrl Pts',(-34.0510838616296,0.499999999999971,-49.0472278305295));
#9474=CARTESIAN_POINT('Ctrl Pts',(-33.7236622858449,-2.94461551207717E-14,
-48.9428621836904));
#9475=CARTESIAN_POINT('Ctrl Pts',(-33.7236622858449,0.499999999999971,-48.9428621836904));
#9476=CARTESIAN_POINT('Ctrl Pts',(-33.5742762077256,-2.94461551207717E-14,
-48.7443629213574));
#9477=CARTESIAN_POINT('Ctrl Pts',(-33.5742762077256,0.499999999999971,-48.7443629213574));
#9478=CARTESIAN_POINT('',(-34.0510838616296,-2.94461551207717E-14,-49.0472278305295));
#9479=CARTESIAN_POINT('Ctrl Pts',(-34.0510838616296,-2.94461551207717E-14,
-49.0472278305295));
#9480=CARTESIAN_POINT('Ctrl Pts',(-33.7236622858449,-2.94461551207717E-14,
-48.9428621836904));
#9481=CARTESIAN_POINT('Ctrl Pts',(-33.5742762077256,-2.94461551207717E-14,
-48.7443629213574));
#9482=CARTESIAN_POINT('',(-34.0510838616296,0.499999999999971,-49.0472278305295));
#9483=CARTESIAN_POINT('',(-34.0510838616296,-2.94461551207717E-14,-49.0472278305295));
#9484=CARTESIAN_POINT('Ctrl Pts',(-34.0510838616296,0.499999999999971,-49.0472278305295));
#9485=CARTESIAN_POINT('Ctrl Pts',(-33.7236622858449,0.499999999999971,-48.9428621836904));
#9486=CARTESIAN_POINT('Ctrl Pts',(-33.5742762077256,0.499999999999971,-48.7443629213574));
#9487=CARTESIAN_POINT('Origin',(-33.9589964735909,-2.94461551207717E-14,
-49.4380873748067));
#9488=CARTESIAN_POINT('',(-33.9589964735909,-2.94461551207717E-14,-49.4380873748067));
#9489=CARTESIAN_POINT('',(-32.715716440371,-2.56996596704803E-14,-54.7151169175428));
#9490=CARTESIAN_POINT('',(-33.9589964735909,0.499999999999971,-49.4380873748067));
#9491=CARTESIAN_POINT('',(-33.9589964735909,-2.94461551207717E-14,-49.4380873748067));
#9492=CARTESIAN_POINT('',(-33.9589964735909,0.499999999999971,-49.4380873748067));
#9493=CARTESIAN_POINT('Ctrl Pts',(-33.3143853533669,-2.94461551207717E-14,
-49.0103929051164));
#9494=CARTESIAN_POINT('Ctrl Pts',(-33.3143853533669,0.499999999999971,-49.0103929051164));
#9495=CARTESIAN_POINT('Ctrl Pts',(-33.5435804117127,-2.94461551207717E-14,
-49.3173504182103));
#9496=CARTESIAN_POINT('Ctrl Pts',(-33.5435804117127,0.499999999999971,-49.3173504182103));
#9497=CARTESIAN_POINT('Ctrl Pts',(-33.9589964735909,-2.94461551207717E-14,
-49.4380873748067));
#9498=CARTESIAN_POINT('Ctrl Pts',(-33.9589964735909,0.499999999999971,-49.4380873748067));
#9499=CARTESIAN_POINT('',(-33.3143853533669,-2.94461551207717E-14,-49.0103929051164));
#9500=CARTESIAN_POINT('Ctrl Pts',(-33.3143853533669,-2.94461551207717E-14,
-49.0103929051164));
#9501=CARTESIAN_POINT('Ctrl Pts',(-33.5435804117127,-2.94461551207717E-14,
-49.3173504182103));
#9502=CARTESIAN_POINT('Ctrl Pts',(-33.9589964735909,-2.94461551207717E-14,
-49.4380873748067));
#9503=CARTESIAN_POINT('',(-33.3143853533669,0.499999999999971,-49.0103929051164));
#9504=CARTESIAN_POINT('',(-33.3143853533669,-2.94461551207717E-14,-49.0103929051164));
#9505=CARTESIAN_POINT('Ctrl Pts',(-33.3143853533669,0.499999999999971,-49.0103929051164));
#9506=CARTESIAN_POINT('Ctrl Pts',(-33.5435804117127,0.499999999999971,-49.3173504182103));
#9507=CARTESIAN_POINT('Ctrl Pts',(-33.9589964735909,0.499999999999971,-49.4380873748067));
#9508=CARTESIAN_POINT('Ctrl Pts',(-33.0851902950211,-2.94461551207717E-14,
-48.2532306321862));
#9509=CARTESIAN_POINT('Ctrl Pts',(-33.0851902950211,0.499999999999971,-48.2532306321862));
#9510=CARTESIAN_POINT('Ctrl Pts',(-33.0851902950211,-2.94461551207717E-14,
-48.7034352430108));
#9511=CARTESIAN_POINT('Ctrl Pts',(-33.0851902950211,0.499999999999971,-48.7034352430108));
#9512=CARTESIAN_POINT('Ctrl Pts',(-33.3143853533669,-2.94461551207717E-14,
-49.0103929051164));
#9513=CARTESIAN_POINT('Ctrl Pts',(-33.3143853533669,0.499999999999971,-49.0103929051164));
#9514=CARTESIAN_POINT('',(-33.0851902950211,-2.94461551207717E-14,-48.2532306321862));
#9515=CARTESIAN_POINT('Ctrl Pts',(-33.0851902950211,-2.94461551207717E-14,
-48.2532306321862));
#9516=CARTESIAN_POINT('Ctrl Pts',(-33.0851902950211,-2.94461551207717E-14,
-48.7034352430108));
#9517=CARTESIAN_POINT('Ctrl Pts',(-33.3143853533669,-2.94461551207717E-14,
-49.0103929051164));
#9518=CARTESIAN_POINT('',(-33.0851902950211,0.499999999999971,-48.2532306321862));
#9519=CARTESIAN_POINT('',(-33.0851902950211,-2.94461551207717E-14,-48.2532306321862));
#9520=CARTESIAN_POINT('Ctrl Pts',(-33.0851902950211,0.499999999999971,-48.2532306321862));
#9521=CARTESIAN_POINT('Ctrl Pts',(-33.0851902950211,0.499999999999971,-48.7034352430108));
#9522=CARTESIAN_POINT('Ctrl Pts',(-33.3143853533669,0.499999999999971,-49.0103929051164));
#9523=CARTESIAN_POINT('Ctrl Pts',(-33.2662954318925,-2.94461551207717E-14,
-47.5257406690124));
#9524=CARTESIAN_POINT('Ctrl Pts',(-33.2662954318925,0.499999999999971,-47.5257406690124));
#9525=CARTESIAN_POINT('Ctrl Pts',(-33.0851902950211,-2.94461551207717E-14,
-47.8562318094972));
#9526=CARTESIAN_POINT('Ctrl Pts',(-33.0851902950211,0.499999999999971,-47.8562318094972));
#9527=CARTESIAN_POINT('Ctrl Pts',(-33.0851902950211,-2.94461551207717E-14,
-48.2532306321862));
#9528=CARTESIAN_POINT('Ctrl Pts',(-33.0851902950211,0.499999999999971,-48.2532306321862));
#9529=CARTESIAN_POINT('',(-33.2662954318925,-2.94461551207717E-14,-47.5257406690124));
#9530=CARTESIAN_POINT('Ctrl Pts',(-33.2662954318925,-2.94461551207717E-14,
-47.5257406690124));
#9531=CARTESIAN_POINT('Ctrl Pts',(-33.0851902950211,-2.94461551207717E-14,
-47.8562318094972));
#9532=CARTESIAN_POINT('Ctrl Pts',(-33.0851902950211,-2.94461551207717E-14,
-48.2532306321862));
#9533=CARTESIAN_POINT('',(-33.2662954318925,0.499999999999971,-47.5257406690124));
#9534=CARTESIAN_POINT('',(-33.2662954318925,-2.94461551207717E-14,-47.5257406690124));
#9535=CARTESIAN_POINT('Ctrl Pts',(-33.2662954318925,0.499999999999971,-47.5257406690124));
#9536=CARTESIAN_POINT('Ctrl Pts',(-33.0851902950211,0.499999999999971,-47.8562318094972));
#9537=CARTESIAN_POINT('Ctrl Pts',(-33.0851902950211,0.499999999999971,-48.2532306321862));
#9538=CARTESIAN_POINT('Ctrl Pts',(-33.796308873932,-2.94461551207717E-14,
-47.0161909171346));
#9539=CARTESIAN_POINT('Ctrl Pts',(-33.796308873932,0.499999999999971,-47.0161909171346));
#9540=CARTESIAN_POINT('Ctrl Pts',(-33.4474002707406,-2.94461551207717E-14,
-47.1952496030334));
#9541=CARTESIAN_POINT('Ctrl Pts',(-33.4474002707406,0.499999999999971,-47.1952496030334));
#9542=CARTESIAN_POINT('Ctrl Pts',(-33.2662954318925,-2.94461551207717E-14,
-47.5257406690124));
#9543=CARTESIAN_POINT('Ctrl Pts',(-33.2662954318925,0.499999999999971,-47.5257406690124));
#9544=CARTESIAN_POINT('',(-33.796308873932,-2.94461551207717E-14,-47.0161909171346));
#9545=CARTESIAN_POINT('Ctrl Pts',(-33.796308873932,-2.94461551207717E-14,
-47.0161909171346));
#9546=CARTESIAN_POINT('Ctrl Pts',(-33.4474002707406,-2.94461551207717E-14,
-47.1952496030334));
#9547=CARTESIAN_POINT('Ctrl Pts',(-33.2662954318925,-2.94461551207717E-14,
-47.5257406690124));
#9548=CARTESIAN_POINT('',(-33.796308873932,0.499999999999971,-47.0161909171346));
#9549=CARTESIAN_POINT('',(-33.796308873932,-2.94461551207717E-14,-47.0161909171346));
#9550=CARTESIAN_POINT('Ctrl Pts',(-33.796308873932,0.499999999999971,-47.0161909171346));
#9551=CARTESIAN_POINT('Ctrl Pts',(-33.4474002707406,0.499999999999971,-47.1952496030334));
#9552=CARTESIAN_POINT('Ctrl Pts',(-33.2662954318925,0.499999999999971,-47.5257406690124));
#9553=CARTESIAN_POINT('Ctrl Pts',(-34.6138396251603,-2.94461551207717E-14,
-46.8371322498623));
#9554=CARTESIAN_POINT('Ctrl Pts',(-34.6138396251603,0.499999999999971,-46.8371322498623));
#9555=CARTESIAN_POINT('Ctrl Pts',(-34.1452174771233,-2.94461551207717E-14,
-46.8371322498623));
#9556=CARTESIAN_POINT('Ctrl Pts',(-34.1452174771233,0.499999999999971,-46.8371322498623));
#9557=CARTESIAN_POINT('Ctrl Pts',(-33.796308873932,-2.94461551207717E-14,
-47.0161909171346));
#9558=CARTESIAN_POINT('Ctrl Pts',(-33.796308873932,0.499999999999971,-47.0161909171346));
#9559=CARTESIAN_POINT('',(-34.6138396251603,-2.94461551207717E-14,-46.8371322498623));
#9560=CARTESIAN_POINT('Ctrl Pts',(-34.6138396251603,-2.94461551207717E-14,
-46.8371322498623));
#9561=CARTESIAN_POINT('Ctrl Pts',(-34.1452174771233,-2.94461551207717E-14,
-46.8371322498623));
#9562=CARTESIAN_POINT('Ctrl Pts',(-33.796308873932,-2.94461551207717E-14,
-47.0161909171346));
#9563=CARTESIAN_POINT('',(-34.6138396251603,0.499999999999971,-46.8371322498623));
#9564=CARTESIAN_POINT('',(-34.6138396251603,-2.94461551207717E-14,-46.8371322498623));
#9565=CARTESIAN_POINT('Ctrl Pts',(-34.6138396251603,0.499999999999971,-46.8371322498623));
#9566=CARTESIAN_POINT('Ctrl Pts',(-34.1452174771233,0.499999999999971,-46.8371322498623));
#9567=CARTESIAN_POINT('Ctrl Pts',(-33.796308873932,0.499999999999971,-47.0161909171346));
#9568=CARTESIAN_POINT('Ctrl Pts',(-35.4180690038606,-2.94461551207717E-14,
-46.9957270779613));
#9569=CARTESIAN_POINT('Ctrl Pts',(-35.4180690038606,0.499999999999971,-46.9957270779613));
#9570=CARTESIAN_POINT('Ctrl Pts',(-35.0435804713174,-2.94461551207717E-14,
-46.8371322498623));
#9571=CARTESIAN_POINT('Ctrl Pts',(-35.0435804713174,0.499999999999971,-46.8371322498623));
#9572=CARTESIAN_POINT('Ctrl Pts',(-34.6138396251603,-2.94461551207717E-14,
-46.8371322498623));
#9573=CARTESIAN_POINT('Ctrl Pts',(-34.6138396251603,0.499999999999971,-46.8371322498623));
#9574=CARTESIAN_POINT('',(-35.4180690038606,-2.94461551207717E-14,-46.9957270779613));
#9575=CARTESIAN_POINT('Ctrl Pts',(-35.4180690038606,-2.94461551207717E-14,
-46.9957270779613));
#9576=CARTESIAN_POINT('Ctrl Pts',(-35.0435804713174,-2.94461551207717E-14,
-46.8371322498623));
#9577=CARTESIAN_POINT('Ctrl Pts',(-34.6138396251603,-2.94461551207717E-14,
-46.8371322498623));
#9578=CARTESIAN_POINT('',(-35.4180690038606,0.499999999999971,-46.9957270779613));
#9579=CARTESIAN_POINT('',(-35.4180690038606,-2.94461551207717E-14,-46.9957270779613));
#9580=CARTESIAN_POINT('Ctrl Pts',(-35.4180690038606,0.499999999999971,-46.9957270779613));
#9581=CARTESIAN_POINT('Ctrl Pts',(-35.0435804713174,0.499999999999971,-46.8371322498623));
#9582=CARTESIAN_POINT('Ctrl Pts',(-34.6138396251603,0.499999999999971,-46.8371322498623));
#9583=CARTESIAN_POINT('Ctrl Pts',(-35.9900333869859,-2.94461551207717E-14,
-47.4582100220922));
#9584=CARTESIAN_POINT('Ctrl Pts',(-35.9900333869859,0.499999999999971,-47.4582100220922));
#9585=CARTESIAN_POINT('Ctrl Pts',(-35.7925572383805,-2.94461551207717E-14,
-47.1543219246867));
#9586=CARTESIAN_POINT('Ctrl Pts',(-35.7925572383805,0.499999999999971,-47.1543219246867));
#9587=CARTESIAN_POINT('Ctrl Pts',(-35.4180690038606,-2.94461551207717E-14,
-46.9957270779613));
#9588=CARTESIAN_POINT('Ctrl Pts',(-35.4180690038606,0.499999999999971,-46.9957270779613));
#9589=CARTESIAN_POINT('',(-35.9900333869859,-2.94461551207717E-14,-47.4582100220922));
#9590=CARTESIAN_POINT('Ctrl Pts',(-35.9900333869859,-2.94461551207717E-14,
-47.4582100220922));
#9591=CARTESIAN_POINT('Ctrl Pts',(-35.7925572383805,-2.94461551207717E-14,
-47.1543219246867));
#9592=CARTESIAN_POINT('Ctrl Pts',(-35.4180690038606,-2.94461551207717E-14,
-46.9957270779613));
#9593=CARTESIAN_POINT('',(-35.9900333869859,0.499999999999971,-47.4582100220922));
#9594=CARTESIAN_POINT('',(-35.9900333869859,-2.94461551207717E-14,-47.4582100220922));
#9595=CARTESIAN_POINT('Ctrl Pts',(-35.9900333869859,0.499999999999971,-47.4582100220922));
#9596=CARTESIAN_POINT('Ctrl Pts',(-35.7925572383805,0.499999999999971,-47.1543219246867));
#9597=CARTESIAN_POINT('Ctrl Pts',(-35.4180690038606,0.499999999999971,-46.9957270779613));
#9598=CARTESIAN_POINT('Ctrl Pts',(-36.1875095355912,-2.94461551207717E-14,
-48.2470913537744));
#9599=CARTESIAN_POINT('Ctrl Pts',(-36.1875095355912,0.499999999999971,-48.2470913537744));
#9600=CARTESIAN_POINT('Ctrl Pts',(-36.1875095355912,-2.94461551207717E-14,
-47.7620981194976));
#9601=CARTESIAN_POINT('Ctrl Pts',(-36.1875095355912,0.499999999999971,-47.7620981194976));
#9602=CARTESIAN_POINT('Ctrl Pts',(-35.9900333869859,-2.94461551207717E-14,
-47.4582100220922));
#9603=CARTESIAN_POINT('Ctrl Pts',(-35.9900333869859,0.499999999999971,-47.4582100220922));
#9604=CARTESIAN_POINT('',(-36.1875095355912,-2.94461551207717E-14,-48.2470913537744));
#9605=CARTESIAN_POINT('Ctrl Pts',(-36.1875095355912,-2.94461551207717E-14,
-48.2470913537744));
#9606=CARTESIAN_POINT('Ctrl Pts',(-36.1875095355912,-2.94461551207717E-14,
-47.7620981194976));
#9607=CARTESIAN_POINT('Ctrl Pts',(-35.9900333869859,-2.94461551207717E-14,
-47.4582100220922));
#9608=CARTESIAN_POINT('',(-36.1875095355912,0.499999999999971,-48.2470913537744));
#9609=CARTESIAN_POINT('',(-36.1875095355912,-2.94461551207717E-14,-48.2470913537744));
#9610=CARTESIAN_POINT('Ctrl Pts',(-36.1875095355912,0.499999999999971,-48.2470913537744));
#9611=CARTESIAN_POINT('Ctrl Pts',(-36.1875095355912,0.499999999999971,-47.7620981194976));
#9612=CARTESIAN_POINT('Ctrl Pts',(-35.9900333869859,0.499999999999971,-47.4582100220922));
#9613=CARTESIAN_POINT('Ctrl Pts',(-35.9306883204385,-2.94461551207717E-14,
-49.0400654383901));
#9614=CARTESIAN_POINT('Ctrl Pts',(-35.9306883204385,0.499999999999971,-49.0400654383901));
#9615=CARTESIAN_POINT('Ctrl Pts',(-36.1875095355912,-2.94461551207717E-14,
-48.7157135018113));
#9616=CARTESIAN_POINT('Ctrl Pts',(-36.1875095355912,0.499999999999971,-48.7157135018113));
#9617=CARTESIAN_POINT('Ctrl Pts',(-36.1875095355912,-2.94461551207717E-14,
-48.2470913537744));
#9618=CARTESIAN_POINT('Ctrl Pts',(-36.1875095355912,0.499999999999971,-48.2470913537744));
#9619=CARTESIAN_POINT('',(-35.9306883204385,-2.94461551207717E-14,-49.0400654383901));
#9620=CARTESIAN_POINT('Ctrl Pts',(-35.9306883204385,-2.94461551207717E-14,
-49.0400654383901));
#9621=CARTESIAN_POINT('Ctrl Pts',(-36.1875095355912,-2.94461551207717E-14,
-48.7157135018113));
#9622=CARTESIAN_POINT('Ctrl Pts',(-36.1875095355912,-2.94461551207717E-14,
-48.2470913537744));
#9623=CARTESIAN_POINT('',(-35.9306883204385,0.499999999999971,-49.0400654383901));
#9624=CARTESIAN_POINT('',(-35.9306883204385,-2.94461551207717E-14,-49.0400654383901));
#9625=CARTESIAN_POINT('Ctrl Pts',(-35.9306883204385,0.499999999999971,-49.0400654383901));
#9626=CARTESIAN_POINT('Ctrl Pts',(-36.1875095355912,0.499999999999971,-48.7157135018113));
#9627=CARTESIAN_POINT('Ctrl Pts',(-36.1875095355912,0.499999999999971,-48.2470913537744));
#9628=CARTESIAN_POINT('Ctrl Pts',(-35.1847811925813,-2.94461551207717E-14,
-49.4892469354871));
#9629=CARTESIAN_POINT('Ctrl Pts',(-35.1847811925813,0.499999999999971,-49.4892469354871));
#9630=CARTESIAN_POINT('Ctrl Pts',(-35.6738671052857,-2.94461551207717E-14,
-49.3644175239804));
#9631=CARTESIAN_POINT('Ctrl Pts',(-35.6738671052857,0.499999999999971,-49.3644175239804));
#9632=CARTESIAN_POINT('Ctrl Pts',(-35.9306883204385,-2.94461551207717E-14,
-49.0400654383901));
#9633=CARTESIAN_POINT('Ctrl Pts',(-35.9306883204385,0.499999999999971,-49.0400654383901));
#9634=CARTESIAN_POINT('',(-35.1847811925813,-2.94461551207717E-14,-49.4892469354871));
#9635=CARTESIAN_POINT('Ctrl Pts',(-35.1847811925813,-2.94461551207717E-14,
-49.4892469354871));
#9636=CARTESIAN_POINT('Ctrl Pts',(-35.6738671052857,-2.94461551207717E-14,
-49.3644175239804));
#9637=CARTESIAN_POINT('Ctrl Pts',(-35.9306883204385,-2.94461551207717E-14,
-49.0400654383901));
#9638=CARTESIAN_POINT('',(-35.1847811925813,0.499999999999971,-49.4892469354871));
#9639=CARTESIAN_POINT('',(-35.1847811925813,-2.94461551207717E-14,-49.4892469354871));
#9640=CARTESIAN_POINT('Ctrl Pts',(-35.1847811925813,0.499999999999971,-49.4892469354871));
#9641=CARTESIAN_POINT('Ctrl Pts',(-35.6738671052857,0.499999999999971,-49.3644175239804));
#9642=CARTESIAN_POINT('Ctrl Pts',(-35.9306883204385,0.499999999999971,-49.0400654383901));
#9643=CARTESIAN_POINT('Origin',(-35.0845082986756,-2.94461551207717E-14,
-49.0922482618096));
#9644=CARTESIAN_POINT('',(-35.0845082986756,-2.94461551207717E-14,-49.0922482618096));
#9645=CARTESIAN_POINT('',(-36.2724382405741,-3.00197762898275E-14,-53.795479543827));
#9646=CARTESIAN_POINT('',(-35.0845082986756,0.499999999999971,-49.0922482618096));
#9647=CARTESIAN_POINT('',(-35.0845082986756,-2.94461551207717E-14,-49.0922482618096));
#9648=CARTESIAN_POINT('',(-35.0845082986756,0.499999999999971,-49.0922482618096));
#9649=CARTESIAN_POINT('Ctrl Pts',(-35.6554495680734,-2.94461551207717E-14,
-48.7791514703038));
#9650=CARTESIAN_POINT('Ctrl Pts',(-35.6554495680734,0.499999999999971,-48.7791514703038));
#9651=CARTESIAN_POINT('Ctrl Pts',(-35.4630895841523,-2.94461551207717E-14,
-49.0103929051164));
#9652=CARTESIAN_POINT('Ctrl Pts',(-35.4630895841523,0.499999999999971,-49.0103929051164));
#9653=CARTESIAN_POINT('Ctrl Pts',(-35.0845082986756,-2.94461551207717E-14,
-49.0922482618096));
#9654=CARTESIAN_POINT('Ctrl Pts',(-35.0845082986756,0.499999999999971,-49.0922482618096));
#9655=CARTESIAN_POINT('Ctrl Pts',(-35.6554495680734,-2.94461551207717E-14,
-48.7791514703038));
#9656=CARTESIAN_POINT('Ctrl Pts',(-35.4630895841523,-2.94461551207717E-14,
-49.0103929051164));
#9657=CARTESIAN_POINT('Ctrl Pts',(-35.0845082986756,-2.94461551207717E-14,
-49.0922482618096));
#9658=CARTESIAN_POINT('Ctrl Pts',(-35.6554495680734,0.499999999999971,-48.7791514703038));
#9659=CARTESIAN_POINT('Ctrl Pts',(-35.4630895841523,0.499999999999971,-49.0103929051164));
#9660=CARTESIAN_POINT('Ctrl Pts',(-35.0845082986756,0.499999999999971,-49.0922482618096));
#9661=CARTESIAN_POINT('Origin',(-34.6363499153062,0.499999999999971,-53.0837219980511));
#9662=CARTESIAN_POINT('Origin',(-31.5113168097052,-2.42367544580237E-14,
-60.0013067705989));
#9663=CARTESIAN_POINT('Ctrl Pts',(-15.2131657245273,-2.33698146768269,-51.1608931575184));
#9664=CARTESIAN_POINT('Ctrl Pts',(-15.1263416356939,-1.84457759117659,-51.1608931575184));
#9665=CARTESIAN_POINT('Ctrl Pts',(-15.4973225700728,-2.28687694906001,-51.1035943184262));
#9666=CARTESIAN_POINT('Ctrl Pts',(-15.4104984812394,-1.79447307255391,-51.1035943184262));
#9667=CARTESIAN_POINT('Ctrl Pts',(-15.7774486940505,-2.23748315540147,-50.999228671587));
#9668=CARTESIAN_POINT('Ctrl Pts',(-15.690624605217,-1.74507927889536,-50.999228671587));
#9669=CARTESIAN_POINT('',(-15.2131657245273,-2.33698146768269,-51.1608931575184));
#9670=CARTESIAN_POINT('',(-15.7774486940505,-2.23748315540147,-50.999228671587));
#9671=CARTESIAN_POINT('Ctrl Pts',(-15.2131657245273,-2.33698146768269,-51.1608931575184));
#9672=CARTESIAN_POINT('Ctrl Pts',(-15.4973225700728,-2.28687694906001,-51.1035943184262));
#9673=CARTESIAN_POINT('Ctrl Pts',(-15.7774486940505,-2.23748315540147,-50.999228671587));
#9674=CARTESIAN_POINT('',(-15.1263416356939,-1.84457759117659,-51.1608931575184));
#9675=CARTESIAN_POINT('',(-15.2131657245273,-2.33698146768269,-51.1608931575184));
#9676=CARTESIAN_POINT('',(-15.690624605217,-1.74507927889536,-50.999228671587));
#9677=CARTESIAN_POINT('Ctrl Pts',(-15.1263416356939,-1.84457759117659,-51.1608931575184));
#9678=CARTESIAN_POINT('Ctrl Pts',(-15.4104984812394,-1.7944730725539,-51.1035943184262));
#9679=CARTESIAN_POINT('Ctrl Pts',(-15.690624605217,-1.74507927889536,-50.999228671587));
#9680=CARTESIAN_POINT('',(-15.7774486940505,-2.23748315540147,-50.999228671587));
#9681=CARTESIAN_POINT('Ctrl Pts',(-15.8258157386392,-2.22895474046335,-51.3737172041302));
#9682=CARTESIAN_POINT('Ctrl Pts',(-15.7389916498057,-1.73655086395724,-51.3737172041302));
#9683=CARTESIAN_POINT('Ctrl Pts',(-15.4529861003042,-2.29469466490958,-51.2304702554112));
#9684=CARTESIAN_POINT('Ctrl Pts',(-15.3661620114708,-1.80229078840348,-51.2304702554112));
#9685=CARTESIAN_POINT('Ctrl Pts',(-15.2131657245273,-2.33698146768269,-51.1608931575184));
#9686=CARTESIAN_POINT('Ctrl Pts',(-15.1263416356939,-1.84457759117659,-51.1608931575184));
#9687=CARTESIAN_POINT('',(-15.8258157386392,-2.22895474046335,-51.3737172041302));
#9688=CARTESIAN_POINT('Ctrl Pts',(-15.8258157386392,-2.22895474046335,-51.3737172041302));
#9689=CARTESIAN_POINT('Ctrl Pts',(-15.4529861003042,-2.29469466490958,-51.2304702554112));
#9690=CARTESIAN_POINT('Ctrl Pts',(-15.2131657245273,-2.33698146768269,-51.1608931575184));
#9691=CARTESIAN_POINT('',(-15.7389916498057,-1.73655086395724,-51.3737172041302));
#9692=CARTESIAN_POINT('',(-15.8258157386392,-2.22895474046335,-51.3737172041302));
#9693=CARTESIAN_POINT('Ctrl Pts',(-15.7389916498057,-1.73655086395724,-51.3737172041302));
#9694=CARTESIAN_POINT('Ctrl Pts',(-15.3661620114708,-1.80229078840348,-51.2304702554112));
#9695=CARTESIAN_POINT('Ctrl Pts',(-15.1263416356939,-1.84457759117659,-51.1608931575184));
#9696=CARTESIAN_POINT('Origin',(-16.6440256555661,-2.0846822562259,-51.6868138466244));
#9697=CARTESIAN_POINT('',(-16.6440256555661,-2.0846822562259,-51.6868138466244));
#9698=CARTESIAN_POINT('',(-14.4590306028191,-2.46995583673972,-50.8507024762673));
#9699=CARTESIAN_POINT('',(-16.5572015667326,-1.5922783797198,-51.6868138466244));
#9700=CARTESIAN_POINT('',(-16.6440256555661,-2.0846822562259,-51.6868138466244));
#9701=CARTESIAN_POINT('',(-16.5572015667326,-1.5922783797198,-51.6868138466244));
#9702=CARTESIAN_POINT('Origin',(-16.6440256555661,-2.0846822562259,-50.6697607193356));
#9703=CARTESIAN_POINT('',(-16.6440256555661,-2.0846822562259,-50.6697607193356));
#9704=CARTESIAN_POINT('',(-16.6440256555661,-2.0846822562259,-55.3355337449673));
#9705=CARTESIAN_POINT('',(-16.5572015667326,-1.5922783797198,-50.6697607193356));
#9706=CARTESIAN_POINT('',(-16.6440256555661,-2.0846822562259,-50.6697607193356));
#9707=CARTESIAN_POINT('',(-16.5572015667326,-1.5922783797198,-50.6697607193356));
#9708=CARTESIAN_POINT('Origin',(-15.7774486940505,-2.23748315540147,-50.999228671587));
#9709=CARTESIAN_POINT('',(-11.1602146701962,-3.05162609005208,-52.7546764926834));
#9710=CARTESIAN_POINT('',(-15.690624605217,-1.74507927889536,-50.999228671587));
#9711=CARTESIAN_POINT('Origin',(-16.96244253383,-2.02853676947501,-50.5551633391743));
#9712=CARTESIAN_POINT('',(-16.96244253383,-2.02853676947501,-50.5551633391743));
#9713=CARTESIAN_POINT('',(-17.857233665834,-1.87076095080404,-50.2256953869229));
#9714=CARTESIAN_POINT('',(-11.7622327781251,-2.94547405474916,-52.4699146126396));
#9715=CARTESIAN_POINT('',(-16.8756184449966,-1.5361328929689,-50.5551633391743));
#9716=CARTESIAN_POINT('',(-16.96244253383,-2.02853676947501,-50.5551633391743));
#9717=CARTESIAN_POINT('',(-17.7704095770005,-1.37835707429794,-50.2256953869229));
#9718=CARTESIAN_POINT('',(-16.8756184449966,-1.5361328929689,-50.5551633391743));
#9719=CARTESIAN_POINT('',(-17.857233665834,-1.87076095080404,-50.2256953869229));
#9720=CARTESIAN_POINT('Origin',(-16.96244253383,-2.02853676947501,-51.8095970306759));
#9721=CARTESIAN_POINT('',(-16.96244253383,-2.02853676947501,-51.8095970306759));
#9722=CARTESIAN_POINT('',(-16.96244253383,-2.02853676947501,-55.9054519006374));
#9723=CARTESIAN_POINT('',(-16.8756184449966,-1.5361328929689,-51.8095970306759));
#9724=CARTESIAN_POINT('',(-16.96244253383,-2.02853676947501,-51.8095970306759));
#9725=CARTESIAN_POINT('',(-16.8756184449966,-1.5361328929689,-51.8095970306759));
#9726=CARTESIAN_POINT('Origin',(-17.857233665834,-1.87076095080404,-52.1595287475949));
#9727=CARTESIAN_POINT('',(-17.857233665834,-1.87076095080404,-52.1595287475949));
#9728=CARTESIAN_POINT('',(-15.1074878693197,-2.3556153248192,-51.0841679921636));
#9729=CARTESIAN_POINT('',(-17.7704095770005,-1.37835707429794,-52.1595287475949));
#9730=CARTESIAN_POINT('',(-17.857233665834,-1.87076095080404,-52.1595287475949));
#9731=CARTESIAN_POINT('',(-17.7704095770005,-1.37835707429794,-52.1595287475949));
#9732=CARTESIAN_POINT('Origin',(-17.857233665834,-1.87076095080404,-52.611780181921));
#9733=CARTESIAN_POINT('',(-17.857233665834,-1.87076095080404,-52.611780181921));
#9734=CARTESIAN_POINT('',(-17.857233665834,-1.87076095080404,-56.30654347626));
#9735=CARTESIAN_POINT('',(-17.7704095770005,-1.37835707429794,-52.611780181921));
#9736=CARTESIAN_POINT('',(-17.857233665834,-1.87076095080404,-52.611780181921));
#9737=CARTESIAN_POINT('',(-17.7704095770005,-1.37835707429794,-52.611780181921));
#9738=CARTESIAN_POINT('Origin',(-14.9028102893991,-2.39170550450531,-51.3839489374523));
#9739=CARTESIAN_POINT('',(-14.9028102893991,-2.39170550450531,-51.3839489374523));
#9740=CARTESIAN_POINT('',(-13.677226055185,-2.60780907212818,-50.874607376084));
#9741=CARTESIAN_POINT('',(-14.8159862005657,-1.8993016279992,-51.3839489374523));
#9742=CARTESIAN_POINT('',(-14.9028102893991,-2.39170550450531,-51.3839489374523));
#9743=CARTESIAN_POINT('',(-14.8159862005657,-1.8993016279992,-51.3839489374523));
#9744=CARTESIAN_POINT('Origin',(-14.9028102893991,-2.39170550450531,-50.9562546167736));
#9745=CARTESIAN_POINT('',(-14.9028102893991,-2.39170550450531,-50.9562546167736));
#9746=CARTESIAN_POINT('',(-14.9028102893991,-2.39170550450531,-55.4787806936863));
#9747=CARTESIAN_POINT('',(-14.8159862005657,-1.8993016279992,-50.9562546167736));
#9748=CARTESIAN_POINT('',(-14.9028102893991,-2.39170550450531,-50.9562546167736));
#9749=CARTESIAN_POINT('',(-14.8159862005657,-1.8993016279992,-50.9562546167736));
#9750=CARTESIAN_POINT('Origin',(-17.857233665834,-1.87076095080404,-49.8041400466328));
#9751=CARTESIAN_POINT('',(-17.857233665834,-1.87076095080404,-49.8041400466328));
#9752=CARTESIAN_POINT('',(-12.1290148570761,-2.88080047818976,-52.0379310473284));
#9753=CARTESIAN_POINT('',(-17.7704095770005,-1.37835707429794,-49.8041400466328));
#9754=CARTESIAN_POINT('',(-17.857233665834,-1.87076095080404,-49.8041400466328));
#9755=CARTESIAN_POINT('',(-17.7704095770005,-1.37835707429794,-49.8041400466328));
#9756=CARTESIAN_POINT('Origin',(-17.857233665834,-1.87076095080404,-50.2256953869229));
#9757=CARTESIAN_POINT('',(-17.857233665834,-1.87076095080404,-55.1135010787609));
#9758=CARTESIAN_POINT('',(-17.7704095770005,-1.37835707429794,-50.2256953869229));
#9759=CARTESIAN_POINT('Origin',(-16.2931978887831,-1.63882935114857,-52.9852452747737));
#9760=CARTESIAN_POINT('Origin',(-15.5356131776114,-2.28012528184325,-53.3055043373471));
#9761=CARTESIAN_POINT('',(-15.5356131776114,-2.28012528184325,-53.3055043373471));
#9762=CARTESIAN_POINT('',(-17.857233665834,-1.87076095080404,-53.3055043373471));
#9763=CARTESIAN_POINT('',(-12.0516798899505,-2.89443671944621,-53.3055043373471));
#9764=CARTESIAN_POINT('',(-15.4487890887779,-1.78772140533715,-53.3055043373471));
#9765=CARTESIAN_POINT('',(-15.5356131776114,-2.28012528184325,-53.3055043373471));
#9766=CARTESIAN_POINT('',(-17.7704095770005,-1.37835707429794,-53.3055043373471));
#9767=CARTESIAN_POINT('',(-15.4487890887779,-1.78772140533715,-53.3055043373471));
#9768=CARTESIAN_POINT('',(-17.857233665834,-1.87076095080404,-53.3055043373471));
#9769=CARTESIAN_POINT('Origin',(-17.857233665834,-1.87076095080404,-54.8812204752331));
#9770=CARTESIAN_POINT('',(-17.857233665834,-1.87076095080404,-54.8812204752331));
#9771=CARTESIAN_POINT('',(-15.8115624769151,-2.2314679750684,-53.4927949674724));
#9772=CARTESIAN_POINT('',(-17.7704095770005,-1.37835707429794,-54.8812204752331));
#9773=CARTESIAN_POINT('',(-17.857233665834,-1.87076095080404,-54.8812204752331));
#9774=CARTESIAN_POINT('',(-17.7704095770005,-1.37835707429794,-54.8812204752331));
#9775=CARTESIAN_POINT('Origin',(-17.857233665834,-1.87076095080404,-55.2884513292675));
#9776=CARTESIAN_POINT('',(-17.857233665834,-1.87076095080404,-55.2884513292675));
#9777=CARTESIAN_POINT('',(-17.857233665834,-1.87076095080404,-57.6448790499332));
#9778=CARTESIAN_POINT('',(-17.7704095770005,-1.37835707429794,-55.2884513292675));
#9779=CARTESIAN_POINT('',(-17.857233665834,-1.87076095080404,-55.2884513292675));
#9780=CARTESIAN_POINT('',(-17.7704095770005,-1.37835707429794,-55.2884513292675));
#9781=CARTESIAN_POINT('Origin',(-14.9028102893991,-2.39170550450531,-55.2884513292675));
#9782=CARTESIAN_POINT('',(-14.9028102893991,-2.39170550450531,-55.2884513292675));
#9783=CARTESIAN_POINT('',(-11.7352784458443,-2.95022683077724,-55.2884513292675));
#9784=CARTESIAN_POINT('',(-14.8159862005657,-1.8993016279992,-55.2884513292675));
#9785=CARTESIAN_POINT('',(-14.9028102893991,-2.39170550450531,-55.2884513292675));
#9786=CARTESIAN_POINT('',(-14.8159862005657,-1.8993016279992,-55.2884513292675));
#9787=CARTESIAN_POINT('Origin',(-14.9028102893991,-2.39170550450531,-54.9078238163357));
#9788=CARTESIAN_POINT('',(-14.9028102893991,-2.39170550450531,-54.9078238163357));
#9789=CARTESIAN_POINT('',(-14.9028102893991,-2.39170550450531,-57.4545652934673));
#9790=CARTESIAN_POINT('',(-14.8159862005657,-1.8993016279992,-54.9078238163357));
#9791=CARTESIAN_POINT('',(-14.9028102893991,-2.39170550450531,-54.9078238163357));
#9792=CARTESIAN_POINT('',(-14.8159862005657,-1.8993016279992,-54.9078238163357));
#9793=CARTESIAN_POINT('Origin',(-17.2224156369595,-1.98269649713478,-54.9078238163357));
#9794=CARTESIAN_POINT('',(-17.2224156369595,-1.98269649713478,-54.9078238163357));
#9795=CARTESIAN_POINT('',(-12.8950811196245,-2.74572232709198,-54.9078238163357));
#9796=CARTESIAN_POINT('',(-17.135591548126,-1.49029262062868,-54.9078238163357));
#9797=CARTESIAN_POINT('',(-17.2224156369595,-1.98269649713478,-54.9078238163357));
#9798=CARTESIAN_POINT('',(-17.135591548126,-1.49029262062868,-54.9078238163357));
#9799=CARTESIAN_POINT('Origin',(-14.9028102893991,-2.39170550450531,-53.3321070824032));
#9800=CARTESIAN_POINT('',(-14.9028102893991,-2.39170550450531,-53.3321070824032));
#9801=CARTESIAN_POINT('',(-14.2322724090666,-2.509939424395,-52.8766081502737));
#9802=CARTESIAN_POINT('',(-14.8159862005657,-1.8993016279992,-53.3321070824032));
#9803=CARTESIAN_POINT('',(-14.9028102893991,-2.39170550450531,-53.3321070824032));
#9804=CARTESIAN_POINT('',(-14.8159862005657,-1.8993016279992,-53.3321070824032));
#9805=CARTESIAN_POINT('Origin',(-14.9028102893991,-2.39170550450531,-52.9248768244152));
#9806=CARTESIAN_POINT('',(-14.9028102893991,-2.39170550450531,-52.9248768244152));
#9807=CARTESIAN_POINT('',(-14.9028102893991,-2.39170550450531,-56.4630917975071));
#9808=CARTESIAN_POINT('',(-14.8159862005657,-1.8993016279992,-52.9248768244152));
#9809=CARTESIAN_POINT('',(-14.9028102893991,-2.39170550450531,-52.9248768244152));
#9810=CARTESIAN_POINT('',(-14.8159862005657,-1.8993016279992,-52.9248768244152));
#9811=CARTESIAN_POINT('Origin',(-17.857233665834,-1.87076095080404,-52.9248768244152));
#9812=CARTESIAN_POINT('',(-17.857233665834,-1.87076095080404,-52.9248768244152));
#9813=CARTESIAN_POINT('',(-13.2124901340618,-2.68975455392661,-52.9248768244152));
#9814=CARTESIAN_POINT('',(-17.7704095770005,-1.37835707429794,-52.9248768244152));
#9815=CARTESIAN_POINT('',(-17.857233665834,-1.87076095080404,-52.9248768244152));
#9816=CARTESIAN_POINT('',(-17.7704095770005,-1.37835707429794,-52.9248768244152));
#9817=CARTESIAN_POINT('Origin',(-17.857233665834,-1.87076095080404,-53.3055043373471));
#9818=CARTESIAN_POINT('',(-17.857233665834,-1.87076095080404,-56.653405553973));
#9819=CARTESIAN_POINT('',(-17.7704095770005,-1.37835707429794,-53.3055043373471));
#9820=CARTESIAN_POINT('Origin',(-16.2931978887831,-1.63882935114857,-52.9852452747737));
#9821=CARTESIAN_POINT('Origin',(-17.5085876231673,-1.93223665484342,-58.9780831489926));
#9822=CARTESIAN_POINT('',(-17.5085876231673,-1.93223665484342,-58.9780831489926));
#9823=CARTESIAN_POINT('',(-17.857233665834,-1.87076095080404,-58.9780831489926));
#9824=CARTESIAN_POINT('',(-13.0381671127284,-2.7204924059463,-58.9780831489926));
#9825=CARTESIAN_POINT('',(-17.4217635343338,-1.43983277833732,-58.9780831489926));
#9826=CARTESIAN_POINT('',(-17.5085876231673,-1.93223665484342,-58.9780831489926));
#9827=CARTESIAN_POINT('',(-17.7704095770005,-1.37835707429794,-58.9780831489926));
#9828=CARTESIAN_POINT('',(-17.4217635343338,-1.43983277833732,-58.9780831489926));
#9829=CARTESIAN_POINT('',(-17.857233665834,-1.87076095080404,-58.9780831489926));
#9830=CARTESIAN_POINT('Origin',(-17.5085876231673,-1.93223665484342,-57.500593677557));
#9831=CARTESIAN_POINT('',(-17.5085876231673,-1.93223665484342,-57.500593677557));
#9832=CARTESIAN_POINT('',(-17.5085876231673,-1.93223665484342,-58.750950224078));
#9833=CARTESIAN_POINT('',(-17.4217635343338,-1.43983277833732,-57.500593677557));
#9834=CARTESIAN_POINT('',(-17.5085876231673,-1.93223665484342,-57.500593677557));
#9835=CARTESIAN_POINT('',(-17.4217635343338,-1.43983277833732,-57.500593677557));
#9836=CARTESIAN_POINT('Origin',(-14.9028102893991,-2.39170550450531,-57.500593677557));
#9837=CARTESIAN_POINT('',(-14.9028102893991,-2.39170550450531,-57.500593677557));
#9838=CARTESIAN_POINT('',(-11.7352784458443,-2.95022683077724,-57.500593677557));
#9839=CARTESIAN_POINT('',(-14.8159862005657,-1.8993016279992,-57.500593677557));
#9840=CARTESIAN_POINT('',(-14.9028102893991,-2.39170550450531,-57.500593677557));
#9841=CARTESIAN_POINT('',(-14.8159862005657,-1.8993016279992,-57.500593677557));
#9842=CARTESIAN_POINT('Origin',(-14.9028102893991,-2.39170550450531,-57.1035945568447));
#9843=CARTESIAN_POINT('',(-14.9028102893991,-2.39170550450531,-57.1035945568447));
#9844=CARTESIAN_POINT('',(-14.9028102893991,-2.39170550450531,-58.5524506637218));
#9845=CARTESIAN_POINT('',(-14.8159862005657,-1.8993016279992,-57.1035945568447));
#9846=CARTESIAN_POINT('',(-14.9028102893991,-2.39170550450531,-57.1035945568447));
#9847=CARTESIAN_POINT('',(-14.8159862005657,-1.8993016279992,-57.1035945568447));
#9848=CARTESIAN_POINT('Origin',(-17.857233665834,-1.87076095080404,-57.1035945568447));
#9849=CARTESIAN_POINT('',(-17.857233665834,-1.87076095080404,-57.1035945568447));
#9850=CARTESIAN_POINT('',(-13.2124901340618,-2.68975455392661,-57.1035945568447));
#9851=CARTESIAN_POINT('',(-17.7704095770005,-1.37835707429794,-57.1035945568447));
#9852=CARTESIAN_POINT('',(-17.857233665834,-1.87076095080404,-57.1035945568447));
#9853=CARTESIAN_POINT('',(-17.7704095770005,-1.37835707429794,-57.1035945568447));
#9854=CARTESIAN_POINT('Origin',(-17.857233665834,-1.87076095080404,-58.9780831489926));
#9855=CARTESIAN_POINT('',(-17.857233665834,-1.87076095080404,-59.4896949597957));
#9856=CARTESIAN_POINT('',(-17.7704095770005,-1.37835707429794,-58.9780831489926));
#9857=CARTESIAN_POINT('Origin',(-16.2931978887831,-1.63882935114857,-52.9852452747737));
#9858=CARTESIAN_POINT('Ctrl Pts',(-17.5730771137841,-1.92086541767553,-48.3696243319874));
#9859=CARTESIAN_POINT('Ctrl Pts',(-17.4862530249506,-1.42846154116943,-48.3696243319874));
#9860=CARTESIAN_POINT('Ctrl Pts',(-17.5730771137841,-1.92086541767553,-48.703185186184));
#9861=CARTESIAN_POINT('Ctrl Pts',(-17.4862530249506,-1.42846154116943,-48.703185186184));
#9862=CARTESIAN_POINT('Ctrl Pts',(-17.3836392167537,-1.95426843009065,-48.9344266209965));
#9863=CARTESIAN_POINT('Ctrl Pts',(-17.2968151279203,-1.46186455358455,-48.9344266209965));
#9864=CARTESIAN_POINT('',(-17.5730771137841,-1.92086541767553,-48.3696243319874));
#9865=CARTESIAN_POINT('',(-17.3836392167537,-1.95426843009065,-48.9344266209965));
#9866=CARTESIAN_POINT('Ctrl Pts',(-17.5730771137841,-1.92086541767553,-48.3696243319874));
#9867=CARTESIAN_POINT('Ctrl Pts',(-17.5730771137841,-1.92086541767553,-48.703185186184));
#9868=CARTESIAN_POINT('Ctrl Pts',(-17.3836392167537,-1.95426843009065,-48.9344266209965));
#9869=CARTESIAN_POINT('',(-17.4862530249506,-1.42846154116943,-48.3696243319874));
#9870=CARTESIAN_POINT('',(-17.5730771137841,-1.92086541767553,-48.3696243319874));
#9871=CARTESIAN_POINT('',(-17.2968151279203,-1.46186455358455,-48.9344266209965));
#9872=CARTESIAN_POINT('Ctrl Pts',(-17.4862530249506,-1.42846154116943,-48.3696243319874));
#9873=CARTESIAN_POINT('Ctrl Pts',(-17.4862530249506,-1.42846154116943,-48.703185186184));
#9874=CARTESIAN_POINT('Ctrl Pts',(-17.2968151279203,-1.46186455358455,-48.9344266209965));
#9875=CARTESIAN_POINT('',(-17.3836392167537,-1.95426843009065,-48.9344266209965));
#9876=CARTESIAN_POINT('Ctrl Pts',(-17.4340215487525,-1.94538466560826,-47.8600745056038));
#9877=CARTESIAN_POINT('Ctrl Pts',(-17.347197459919,-1.45298078910216,-47.8600745056038));
#9878=CARTESIAN_POINT('Ctrl Pts',(-17.5730771137841,-1.92086541767553,-48.0954088423615));
#9879=CARTESIAN_POINT('Ctrl Pts',(-17.4862530249506,-1.42846154116943,-48.0954088423615));
#9880=CARTESIAN_POINT('Ctrl Pts',(-17.5730771137841,-1.92086541767553,-48.3696243319874));
#9881=CARTESIAN_POINT('Ctrl Pts',(-17.4862530249506,-1.42846154116943,-48.3696243319874));
#9882=CARTESIAN_POINT('',(-17.4340215487525,-1.94538466560826,-47.8600745056038));
#9883=CARTESIAN_POINT('Ctrl Pts',(-17.4340215487525,-1.94538466560826,-47.8600745056038));
#9884=CARTESIAN_POINT('Ctrl Pts',(-17.5730771137841,-1.92086541767553,-48.0954088423615));
#9885=CARTESIAN_POINT('Ctrl Pts',(-17.5730771137841,-1.92086541767553,-48.3696243319874));
#9886=CARTESIAN_POINT('',(-17.347197459919,-1.45298078910216,-47.8600745056038));
#9887=CARTESIAN_POINT('',(-17.4340215487525,-1.94538466560826,-47.8600745056038));
#9888=CARTESIAN_POINT('Ctrl Pts',(-17.347197459919,-1.45298078910216,-47.8600745056038));
#9889=CARTESIAN_POINT('Ctrl Pts',(-17.4862530249506,-1.42846154116943,-48.0954088423615));
#9890=CARTESIAN_POINT('Ctrl Pts',(-17.4862530249506,-1.42846154116943,-48.3696243319874));
#9891=CARTESIAN_POINT('Ctrl Pts',(-17.0138324361599,-2.01947534315828,-47.513212353385));
#9892=CARTESIAN_POINT('Ctrl Pts',(-16.9270083473265,-1.52707146665218,-47.513212353385));
#9893=CARTESIAN_POINT('Ctrl Pts',(-17.2949662772165,-1.9699038617898,-47.624740243352));
#9894=CARTESIAN_POINT('Ctrl Pts',(-17.208142188383,-1.4774999852837,-47.624740243352));
#9895=CARTESIAN_POINT('Ctrl Pts',(-17.4340215487525,-1.94538466560826,-47.8600745056038));
#9896=CARTESIAN_POINT('Ctrl Pts',(-17.347197459919,-1.45298078910216,-47.8600745056038));
#9897=CARTESIAN_POINT('',(-17.0138324361599,-2.01947534315828,-47.513212353385));
#9898=CARTESIAN_POINT('Ctrl Pts',(-17.0138324361599,-2.01947534315828,-47.513212353385));
#9899=CARTESIAN_POINT('Ctrl Pts',(-17.2949662772165,-1.9699038617898,-47.624740243352));
#9900=CARTESIAN_POINT('Ctrl Pts',(-17.4340215487525,-1.94538466560826,-47.8600745056038));
#9901=CARTESIAN_POINT('',(-16.9270083473265,-1.52707146665218,-47.513212353385));
#9902=CARTESIAN_POINT('',(-17.0138324361599,-2.01947534315828,-47.513212353385));
#9903=CARTESIAN_POINT('Ctrl Pts',(-16.9270083473265,-1.52707146665217,-47.513212353385));
#9904=CARTESIAN_POINT('Ctrl Pts',(-17.208142188383,-1.4774999852837,-47.624740243352));
#9905=CARTESIAN_POINT('Ctrl Pts',(-17.347197459919,-1.45298078910216,-47.8600745056038));
#9906=CARTESIAN_POINT('Ctrl Pts',(-16.3558383819483,-2.13549744806153,-47.4016843889122));
#9907=CARTESIAN_POINT('Ctrl Pts',(-16.2690142931149,-1.64309357155543,-47.4016843889122));
#9908=CARTESIAN_POINT('Ctrl Pts',(-16.7326985951034,-2.06904682452675,-47.4016843889122));
#9909=CARTESIAN_POINT('Ctrl Pts',(-16.6458745062699,-1.57664294802065,-47.4016843889122));
#9910=CARTESIAN_POINT('Ctrl Pts',(-17.0138324361599,-2.01947534315828,-47.513212353385));
#9911=CARTESIAN_POINT('Ctrl Pts',(-16.9270083473265,-1.52707146665218,-47.513212353385));
#9912=CARTESIAN_POINT('',(-16.3558383819483,-2.13549744806153,-47.4016843889122));
#9913=CARTESIAN_POINT('Ctrl Pts',(-16.3558383819483,-2.13549744806153,-47.4016843889122));
#9914=CARTESIAN_POINT('Ctrl Pts',(-16.7326985951034,-2.06904682452675,-47.4016843889122));
#9915=CARTESIAN_POINT('Ctrl Pts',(-17.0138324361599,-2.01947534315828,-47.513212353385));
#9916=CARTESIAN_POINT('',(-16.2690142931149,-1.64309357155543,-47.4016843889122));
#9917=CARTESIAN_POINT('',(-16.3558383819483,-2.13549744806153,-47.4016843889122));
#9918=CARTESIAN_POINT('Ctrl Pts',(-16.2690142931149,-1.64309357155543,-47.4016843889122));
#9919=CARTESIAN_POINT('Ctrl Pts',(-16.6458745062699,-1.57664294802065,-47.4016843889122));
#9920=CARTESIAN_POINT('Ctrl Pts',(-16.9270083473265,-1.52707146665217,-47.513212353385));
#9921=CARTESIAN_POINT('Ctrl Pts',(-15.7885327014318,-2.23552874584577,-47.4958180789118));
#9922=CARTESIAN_POINT('Ctrl Pts',(-15.7017086125983,-1.74312486933967,-47.4958180789118));
#9923=CARTESIAN_POINT('Ctrl Pts',(-16.0636205335104,-2.18702333898571,-47.4016843889122));
#9924=CARTESIAN_POINT('Ctrl Pts',(-15.976796444677,-1.6946194624796,-47.4016843889122));
#9925=CARTESIAN_POINT('Ctrl Pts',(-16.3558383819483,-2.13549744806153,-47.4016843889122));
#9926=CARTESIAN_POINT('Ctrl Pts',(-16.2690142931149,-1.64309357155543,-47.4016843889122));
#9927=CARTESIAN_POINT('',(-15.7885327014318,-2.23552874584577,-47.4958180789118));
#9928=CARTESIAN_POINT('Ctrl Pts',(-15.7885327014318,-2.23552874584577,-47.4958180789118));
#9929=CARTESIAN_POINT('Ctrl Pts',(-16.0636205335104,-2.18702333898571,-47.4016843889122));
#9930=CARTESIAN_POINT('Ctrl Pts',(-16.3558383819483,-2.13549744806153,-47.4016843889122));
#9931=CARTESIAN_POINT('',(-15.7017086125983,-1.74312486933967,-47.4958180789118));
#9932=CARTESIAN_POINT('',(-15.7885327014318,-2.23552874584577,-47.4958180789118));
#9933=CARTESIAN_POINT('Ctrl Pts',(-15.7017086125983,-1.74312486933967,-47.4958180789118));
#9934=CARTESIAN_POINT('Ctrl Pts',(-15.976796444677,-1.6946194624796,-47.4016843889122));
#9935=CARTESIAN_POINT('Ctrl Pts',(-16.2690142931149,-1.64309357155543,-47.4016843889122));
#9936=CARTESIAN_POINT('Ctrl Pts',(-15.3502058554011,-2.31281759516983,-47.8222163919573));
#9937=CARTESIAN_POINT('Ctrl Pts',(-15.2633817665676,-1.82041371866372,-47.8222163919573));
#9938=CARTESIAN_POINT('Ctrl Pts',(-15.5134448693532,-2.28403415270583,-47.5899517689114));
#9939=CARTESIAN_POINT('Ctrl Pts',(-15.4266207805197,-1.79163027619973,-47.5899517689114));
#9940=CARTESIAN_POINT('Ctrl Pts',(-15.7885327014318,-2.23552874584577,-47.4958180789118));
#9941=CARTESIAN_POINT('Ctrl Pts',(-15.7017086125983,-1.74312486933967,-47.4958180789118));
#9942=CARTESIAN_POINT('',(-15.3502058554011,-2.31281759516983,-47.8222163919573));
#9943=CARTESIAN_POINT('Ctrl Pts',(-15.3502058554011,-2.31281759516983,-47.8222163919573));
#9944=CARTESIAN_POINT('Ctrl Pts',(-15.5134448693532,-2.28403415270583,-47.5899517689114));
#9945=CARTESIAN_POINT('Ctrl Pts',(-15.7885327014318,-2.23552874584577,-47.4958180789118));
#9946=CARTESIAN_POINT('',(-15.2633817665676,-1.82041371866372,-47.8222163919573));
#9947=CARTESIAN_POINT('',(-15.3502058554011,-2.31281759516983,-47.8222163919573));
#9948=CARTESIAN_POINT('Ctrl Pts',(-15.2633817665676,-1.82041371866372,-47.8222163919573));
#9949=CARTESIAN_POINT('Ctrl Pts',(-15.4266207805197,-1.79163027619973,-47.5899517689114));
#9950=CARTESIAN_POINT('Ctrl Pts',(-15.7017086125983,-1.74312486933967,-47.4958180789118));
#9951=CARTESIAN_POINT('Ctrl Pts',(-15.1869668414491,-2.34160103763382,-48.4003201280003));
#9952=CARTESIAN_POINT('Ctrl Pts',(-15.1001427526156,-1.84919716112771,-48.4003201280003));
#9953=CARTESIAN_POINT('Ctrl Pts',(-15.1869668414491,-2.34160103763382,-48.0544811640148));
#9954=CARTESIAN_POINT('Ctrl Pts',(-15.1001427526156,-1.84919716112771,-48.0544811640148));
#9955=CARTESIAN_POINT('Ctrl Pts',(-15.3502058554011,-2.31281759516983,-47.8222163919573));
#9956=CARTESIAN_POINT('Ctrl Pts',(-15.2633817665676,-1.82041371866372,-47.8222163919573));
#9957=CARTESIAN_POINT('',(-15.1869668414491,-2.34160103763382,-48.4003201280003));
#9958=CARTESIAN_POINT('Ctrl Pts',(-15.1869668414491,-2.34160103763382,-48.4003201280003));
#9959=CARTESIAN_POINT('Ctrl Pts',(-15.1869668414491,-2.34160103763382,-48.0544811640148));
#9960=CARTESIAN_POINT('Ctrl Pts',(-15.3502058554011,-2.31281759516983,-47.8222163919573));
#9961=CARTESIAN_POINT('',(-15.1001427526156,-1.84919716112771,-48.4003201280003));
#9962=CARTESIAN_POINT('',(-15.1869668414491,-2.34160103763382,-48.4003201280003));
#9963=CARTESIAN_POINT('Ctrl Pts',(-15.1001427526156,-1.84919716112771,-48.4003201280003));
#9964=CARTESIAN_POINT('Ctrl Pts',(-15.1001427526156,-1.84919716112771,-48.0544811640148));
#9965=CARTESIAN_POINT('Ctrl Pts',(-15.2633817665676,-1.82041371866372,-47.8222163919573));
#9966=CARTESIAN_POINT('Ctrl Pts',(-15.3340835561208,-2.315660391524,-48.8996380720501));
#9967=CARTESIAN_POINT('Ctrl Pts',(-15.2472594672873,-1.8232565150179,-48.8996380720501));
#9968=CARTESIAN_POINT('Ctrl Pts',(-15.1869668414491,-2.34160103763382,-48.7011386607056));
#9969=CARTESIAN_POINT('Ctrl Pts',(-15.1001427526156,-1.84919716112771,-48.7011386607056));
#9970=CARTESIAN_POINT('Ctrl Pts',(-15.1869668414491,-2.34160103763382,-48.4003201280003));
#9971=CARTESIAN_POINT('Ctrl Pts',(-15.1001427526156,-1.84919716112771,-48.4003201280003));
#9972=CARTESIAN_POINT('',(-15.3340835561208,-2.315660391524,-48.8996380720501));
#9973=CARTESIAN_POINT('Ctrl Pts',(-15.3340835561208,-2.315660391524,-48.8996380720501));
#9974=CARTESIAN_POINT('Ctrl Pts',(-15.1869668414491,-2.34160103763382,-48.7011386607056));
#9975=CARTESIAN_POINT('Ctrl Pts',(-15.1869668414491,-2.34160103763382,-48.4003201280003));
#9976=CARTESIAN_POINT('',(-15.2472594672873,-1.8232565150179,-48.8996380720501));
#9977=CARTESIAN_POINT('',(-15.3340835561208,-2.315660391524,-48.8996380720501));
#9978=CARTESIAN_POINT('Ctrl Pts',(-15.2472594672873,-1.8232565150179,-48.8996380720501));
#9979=CARTESIAN_POINT('Ctrl Pts',(-15.1001427526156,-1.84919716112771,-48.7011386607056));
#9980=CARTESIAN_POINT('Ctrl Pts',(-15.1001427526156,-1.84919716112771,-48.4003201280003));
#9981=CARTESIAN_POINT('Ctrl Pts',(-15.803647430381,-2.23286361132593,-49.2025029812222));
#9982=CARTESIAN_POINT('Ctrl Pts',(-15.7168233415475,-1.74045973481983,-49.2025029812222));
#9983=CARTESIAN_POINT('Ctrl Pts',(-15.4812001240448,-2.28971977128978,-49.098137334383));
#9984=CARTESIAN_POINT('Ctrl Pts',(-15.3943760352113,-1.79731589478367,-49.098137334383));
#9985=CARTESIAN_POINT('Ctrl Pts',(-15.3340835561208,-2.315660391524,-48.8996380720501));
#9986=CARTESIAN_POINT('Ctrl Pts',(-15.2472594672873,-1.8232565150179,-48.8996380720501));
#9987=CARTESIAN_POINT('',(-15.803647430381,-2.23286361132593,-49.2025029812222));
#9988=CARTESIAN_POINT('Ctrl Pts',(-15.803647430381,-2.23286361132593,-49.2025029812222));
#9989=CARTESIAN_POINT('Ctrl Pts',(-15.4812001240448,-2.28971977128978,-49.098137334383));
#9990=CARTESIAN_POINT('Ctrl Pts',(-15.3340835561208,-2.315660391524,-48.8996380720501));
#9991=CARTESIAN_POINT('',(-15.7168233415475,-1.74045973481983,-49.2025029812222));
#9992=CARTESIAN_POINT('',(-15.803647430381,-2.23286361132593,-49.2025029812222));
#9993=CARTESIAN_POINT('Ctrl Pts',(-15.7168233415475,-1.74045973481983,-49.2025029812222));
#9994=CARTESIAN_POINT('Ctrl Pts',(-15.3943760352113,-1.79731589478367,-49.098137334383));
#9995=CARTESIAN_POINT('Ctrl Pts',(-15.2472594672873,-1.8232565150179,-48.8996380720501));
#9996=CARTESIAN_POINT('Origin',(-15.7129590566859,-2.24885441844495,-49.5933625254994));
#9997=CARTESIAN_POINT('',(-15.7129590566859,-2.24885441844495,-49.5933625254994));
#9998=CARTESIAN_POINT('',(-14.3811359082841,-2.48369077304028,-55.3334124087659));
#9999=CARTESIAN_POINT('',(-15.6261349678524,-1.75645054193885,-49.5933625254994));
#10000=CARTESIAN_POINT('',(-15.7129590566859,-2.24885441844495,-49.5933625254994));
#10001=CARTESIAN_POINT('',(-15.6261349678524,-1.75645054193885,-49.5933625254994));
#10002=CARTESIAN_POINT('Ctrl Pts',(-15.0781410278114,-2.36078996477569,
-49.165668055809));
#10003=CARTESIAN_POINT('Ctrl Pts',(-14.9913169389779,-1.86838608826958,
-49.165668055809));
#10004=CARTESIAN_POINT('Ctrl Pts',(-15.3038540982224,-2.32099066056367,
-49.472625568903));
#10005=CARTESIAN_POINT('Ctrl Pts',(-15.217030009389,-1.82858678405757,-49.472625568903));
#10006=CARTESIAN_POINT('Ctrl Pts',(-15.7129590566859,-2.24885441844495,
-49.5933625254994));
#10007=CARTESIAN_POINT('Ctrl Pts',(-15.6261349678524,-1.75645054193885,
-49.5933625254994));
#10008=CARTESIAN_POINT('',(-15.0781410278114,-2.36078996477569,-49.165668055809));
#10009=CARTESIAN_POINT('Ctrl Pts',(-15.0781410278114,-2.36078996477569,
-49.165668055809));
#10010=CARTESIAN_POINT('Ctrl Pts',(-15.3038540982224,-2.32099066056367,
-49.472625568903));
#10011=CARTESIAN_POINT('Ctrl Pts',(-15.7129590566859,-2.24885441844495,
-49.5933625254994));
#10012=CARTESIAN_POINT('',(-14.9913169389779,-1.86838608826958,-49.165668055809));
#10013=CARTESIAN_POINT('',(-15.0781410278114,-2.36078996477569,-49.165668055809));
#10014=CARTESIAN_POINT('Ctrl Pts',(-14.9913169389779,-1.86838608826958,
-49.165668055809));
#10015=CARTESIAN_POINT('Ctrl Pts',(-15.217030009389,-1.82858678405757,-49.472625568903));
#10016=CARTESIAN_POINT('Ctrl Pts',(-15.6261349678524,-1.75645054193885,
-49.5933625254994));
#10017=CARTESIAN_POINT('Ctrl Pts',(-14.8524279574004,-2.4005892689877,-48.4085057828789));
#10018=CARTESIAN_POINT('Ctrl Pts',(-14.7656038685669,-1.90818539248159,
-48.4085057828789));
#10019=CARTESIAN_POINT('Ctrl Pts',(-14.8524279574004,-2.4005892689877,-48.8587103937035));
#10020=CARTESIAN_POINT('Ctrl Pts',(-14.7656038685669,-1.90818539248159,
-48.8587103937035));
#10021=CARTESIAN_POINT('Ctrl Pts',(-15.0781410278114,-2.36078996477569,
-49.165668055809));
#10022=CARTESIAN_POINT('Ctrl Pts',(-14.9913169389779,-1.86838608826958,
-49.165668055809));
#10023=CARTESIAN_POINT('',(-14.8524279574004,-2.4005892689877,-48.4085057828789));
#10024=CARTESIAN_POINT('Ctrl Pts',(-14.8524279574004,-2.4005892689877,-48.4085057828789));
#10025=CARTESIAN_POINT('Ctrl Pts',(-14.8524279574004,-2.4005892689877,-48.8587103937035));
#10026=CARTESIAN_POINT('Ctrl Pts',(-15.0781410278114,-2.36078996477569,
-49.165668055809));
#10027=CARTESIAN_POINT('',(-14.7656038685669,-1.90818539248159,-48.4085057828789));
#10028=CARTESIAN_POINT('',(-14.8524279574004,-2.4005892689877,-48.4085057828789));
#10029=CARTESIAN_POINT('Ctrl Pts',(-14.7656038685669,-1.90818539248159,
-48.4085057828789));
#10030=CARTESIAN_POINT('Ctrl Pts',(-14.7656038685669,-1.90818539248159,
-48.8587103937035));
#10031=CARTESIAN_POINT('Ctrl Pts',(-14.9913169389779,-1.86838608826958,
-49.165668055809));
#10032=CARTESIAN_POINT('Ctrl Pts',(-15.0307817003016,-2.36914069200387,
-47.681015819705));
#10033=CARTESIAN_POINT('Ctrl Pts',(-14.9439576114682,-1.87673681549777,
-47.681015819705));
#10034=CARTESIAN_POINT('Ctrl Pts',(-14.8524279574004,-2.4005892689877,-48.0115069601898));
#10035=CARTESIAN_POINT('Ctrl Pts',(-14.7656038685669,-1.90818539248159,
-48.0115069601898));
#10036=CARTESIAN_POINT('Ctrl Pts',(-14.8524279574004,-2.4005892689877,-48.4085057828789));
#10037=CARTESIAN_POINT('Ctrl Pts',(-14.7656038685669,-1.90818539248159,
-48.4085057828789));
#10038=CARTESIAN_POINT('',(-15.0307817003016,-2.36914069200387,-47.681015819705));
#10039=CARTESIAN_POINT('Ctrl Pts',(-15.0307817003016,-2.36914069200387,
-47.681015819705));
#10040=CARTESIAN_POINT('Ctrl Pts',(-14.8524279574004,-2.4005892689877,-48.0115069601898));
#10041=CARTESIAN_POINT('Ctrl Pts',(-14.8524279574004,-2.4005892689877,-48.4085057828789));
#10042=CARTESIAN_POINT('',(-14.9439576114682,-1.87673681549777,-47.681015819705));
#10043=CARTESIAN_POINT('',(-15.0307817003016,-2.36914069200387,-47.681015819705));
#10044=CARTESIAN_POINT('Ctrl Pts',(-14.9439576114682,-1.87673681549777,
-47.681015819705));
#10045=CARTESIAN_POINT('Ctrl Pts',(-14.7656038685669,-1.90818539248159,
-48.0115069601898));
#10046=CARTESIAN_POINT('Ctrl Pts',(-14.7656038685669,-1.90818539248159,
-48.4085057828789));
#10047=CARTESIAN_POINT('Ctrl Pts',(-15.5527430472228,-2.27710482365474,
-47.1714660678273));
#10048=CARTESIAN_POINT('Ctrl Pts',(-15.4659189583893,-1.78470094714863,
-47.1714660678273));
#10049=CARTESIAN_POINT('Ctrl Pts',(-15.2091351497073,-2.33769216677123,
-47.350524753726));
#10050=CARTESIAN_POINT('Ctrl Pts',(-15.1223110608738,-1.84528829026513,
-47.350524753726));
#10051=CARTESIAN_POINT('Ctrl Pts',(-15.0307817003016,-2.36914069200387,
-47.681015819705));
#10052=CARTESIAN_POINT('Ctrl Pts',(-14.9439576114682,-1.87673681549777,
-47.681015819705));
#10053=CARTESIAN_POINT('',(-15.5527430472228,-2.27710482365474,-47.1714660678273));
#10054=CARTESIAN_POINT('Ctrl Pts',(-15.5527430472228,-2.27710482365474,
-47.1714660678273));
#10055=CARTESIAN_POINT('Ctrl Pts',(-15.2091351497073,-2.33769216677123,
-47.350524753726));
#10056=CARTESIAN_POINT('Ctrl Pts',(-15.0307817003016,-2.36914069200387,
-47.681015819705));
#10057=CARTESIAN_POINT('',(-15.4659189583893,-1.78470094714863,-47.1714660678273));
#10058=CARTESIAN_POINT('',(-15.5527430472228,-2.27710482365474,-47.1714660678273));
#10059=CARTESIAN_POINT('Ctrl Pts',(-15.4659189583893,-1.78470094714863,
-47.1714660678273));
#10060=CARTESIAN_POINT('Ctrl Pts',(-15.1223110608738,-1.84528829026513,
-47.350524753726));
#10061=CARTESIAN_POINT('Ctrl Pts',(-14.9439576114682,-1.87673681549777,
-47.681015819705));
#10062=CARTESIAN_POINT('Ctrl Pts',(-16.3578536693583,-2.13514209851726,
-46.9924074005549));
#10063=CARTESIAN_POINT('Ctrl Pts',(-16.2710295805249,-1.64273822201116,
-46.9924074005549));
#10064=CARTESIAN_POINT('Ctrl Pts',(-15.8963509447383,-2.21651748053824,
-46.9924074005549));
#10065=CARTESIAN_POINT('Ctrl Pts',(-15.8095268559049,-1.72411360403214,
-46.9924074005549));
#10066=CARTESIAN_POINT('Ctrl Pts',(-15.5527430472228,-2.27710482365474,
-47.1714660678273));
#10067=CARTESIAN_POINT('Ctrl Pts',(-15.4659189583893,-1.78470094714863,
-47.1714660678273));
#10068=CARTESIAN_POINT('',(-16.3578536693583,-2.13514209851726,-46.9924074005549));
#10069=CARTESIAN_POINT('Ctrl Pts',(-16.3578536693583,-2.13514209851726,
-46.9924074005549));
#10070=CARTESIAN_POINT('Ctrl Pts',(-15.8963509447383,-2.21651748053824,
-46.9924074005549));
#10071=CARTESIAN_POINT('Ctrl Pts',(-15.5527430472228,-2.27710482365474,
-47.1714660678273));
#10072=CARTESIAN_POINT('',(-16.2710295805249,-1.64273822201116,-46.9924074005549));
#10073=CARTESIAN_POINT('',(-16.3578536693583,-2.13514209851726,-46.9924074005549));
#10074=CARTESIAN_POINT('Ctrl Pts',(-16.2710295805249,-1.64273822201116,
-46.9924074005549));
#10075=CARTESIAN_POINT('Ctrl Pts',(-15.8095268559049,-1.72411360403214,
-46.9924074005549));
#10076=CARTESIAN_POINT('Ctrl Pts',(-15.4659189583893,-1.78470094714863,
-47.1714660678273));
#10077=CARTESIAN_POINT('Ctrl Pts',(-17.1498649967026,-1.99548913247975,
-47.1510022286539));
#10078=CARTESIAN_POINT('Ctrl Pts',(-17.0630409078691,-1.50308525597365,
-47.1510022286539));
#10079=CARTESIAN_POINT('Ctrl Pts',(-16.7810657864399,-2.06051838371304,
-46.9924074005549));
#10080=CARTESIAN_POINT('Ctrl Pts',(-16.6942416976064,-1.56811450720694,
-46.9924074005549));
#10081=CARTESIAN_POINT('Ctrl Pts',(-16.3578536693583,-2.13514209851726,
-46.9924074005549));
#10082=CARTESIAN_POINT('Ctrl Pts',(-16.2710295805249,-1.64273822201116,
-46.9924074005549));
#10083=CARTESIAN_POINT('',(-17.1498649967026,-1.99548913247975,-47.1510022286539));
#10084=CARTESIAN_POINT('Ctrl Pts',(-17.1498649967026,-1.99548913247975,
-47.1510022286539));
#10085=CARTESIAN_POINT('Ctrl Pts',(-16.7810657864399,-2.06051838371304,
-46.9924074005549));
#10086=CARTESIAN_POINT('Ctrl Pts',(-16.3578536693583,-2.13514209851726,
-46.9924074005549));
#10087=CARTESIAN_POINT('',(-17.0630409078691,-1.50308525597365,-47.1510022286539));
#10088=CARTESIAN_POINT('',(-17.1498649967026,-1.99548913247975,-47.1510022286539));
#10089=CARTESIAN_POINT('Ctrl Pts',(-17.0630409078691,-1.50308525597365,
-47.1510022286539));
#10090=CARTESIAN_POINT('Ctrl Pts',(-16.6942416976064,-1.56811450720694,
-46.9924074005549));
#10091=CARTESIAN_POINT('Ctrl Pts',(-16.2710295805249,-1.64273822201116,
-46.9924074005549));
#10092=CARTESIAN_POINT('Ctrl Pts',(-17.7131399556512,-1.89616855965966,
-47.6134851727848));
#10093=CARTESIAN_POINT('Ctrl Pts',(-17.6263158668177,-1.40376468315355,
-47.6134851727848));
#10094=CARTESIAN_POINT('Ctrl Pts',(-17.5186639134697,-1.93045993299766,
-47.3095970753794));
#10095=CARTESIAN_POINT('Ctrl Pts',(-17.4318398246362,-1.43805605649155,
-47.3095970753794));
#10096=CARTESIAN_POINT('Ctrl Pts',(-17.1498649967026,-1.99548913247975,
-47.1510022286539));
#10097=CARTESIAN_POINT('Ctrl Pts',(-17.0630409078691,-1.50308525597365,
-47.1510022286539));
#10098=CARTESIAN_POINT('',(-17.7131399556512,-1.89616855965966,-47.6134851727848));
#10099=CARTESIAN_POINT('Ctrl Pts',(-17.7131399556512,-1.89616855965966,
-47.6134851727848));
#10100=CARTESIAN_POINT('Ctrl Pts',(-17.5186639134697,-1.93045993299766,
-47.3095970753794));
#10101=CARTESIAN_POINT('Ctrl Pts',(-17.1498649967026,-1.99548913247975,
-47.1510022286539));
#10102=CARTESIAN_POINT('',(-17.6263158668177,-1.40376468315355,-47.6134851727848));
#10103=CARTESIAN_POINT('',(-17.7131399556512,-1.89616855965966,-47.6134851727848));
#10104=CARTESIAN_POINT('Ctrl Pts',(-17.6263158668177,-1.40376468315355,
-47.6134851727848));
#10105=CARTESIAN_POINT('Ctrl Pts',(-17.4318398246362,-1.43805605649155,
-47.3095970753794));
#10106=CARTESIAN_POINT('Ctrl Pts',(-17.0630409078691,-1.50308525597365,
-47.1510022286539));
#10107=CARTESIAN_POINT('Ctrl Pts',(-17.9076159978327,-1.86187718632165,
-48.402366504467));
#10108=CARTESIAN_POINT('Ctrl Pts',(-17.8207919089993,-1.36947330981555,
-48.402366504467));
#10109=CARTESIAN_POINT('Ctrl Pts',(-17.9076159978327,-1.86187718632165,
-47.9173732701903));
#10110=CARTESIAN_POINT('Ctrl Pts',(-17.8207919089993,-1.36947330981555,
-47.9173732701903));
#10111=CARTESIAN_POINT('Ctrl Pts',(-17.7131399556512,-1.89616855965966,
-47.6134851727848));
#10112=CARTESIAN_POINT('Ctrl Pts',(-17.6263158668177,-1.40376468315355,
-47.6134851727848));
#10113=CARTESIAN_POINT('',(-17.9076159978327,-1.86187718632165,-48.402366504467));
#10114=CARTESIAN_POINT('Ctrl Pts',(-17.9076159978327,-1.86187718632165,
-48.402366504467));
#10115=CARTESIAN_POINT('Ctrl Pts',(-17.9076159978327,-1.86187718632165,
-47.9173732701903));
#10116=CARTESIAN_POINT('Ctrl Pts',(-17.7131399556512,-1.89616855965966,
-47.6134851727848));
#10117=CARTESIAN_POINT('',(-17.8207919089993,-1.36947330981555,-48.402366504467));
#10118=CARTESIAN_POINT('',(-17.9076159978327,-1.86187718632165,-48.402366504467));
#10119=CARTESIAN_POINT('Ctrl Pts',(-17.8207919089993,-1.36947330981555,
-48.402366504467));
#10120=CARTESIAN_POINT('Ctrl Pts',(-17.8207919089993,-1.36947330981555,
-47.9173732701903));
#10121=CARTESIAN_POINT('Ctrl Pts',(-17.6263158668177,-1.40376468315355,
-47.6134851727848));
#10122=CARTESIAN_POINT('Ctrl Pts',(-17.6546964740123,-1.90647372231913,
-49.1953405890827));
#10123=CARTESIAN_POINT('Ctrl Pts',(-17.5678723851788,-1.41406984581303,
-49.1953405890827));
#10124=CARTESIAN_POINT('Ctrl Pts',(-17.9076159978327,-1.86187718632165,
-48.870988652504));
#10125=CARTESIAN_POINT('Ctrl Pts',(-17.8207919089993,-1.36947330981555,
-48.870988652504));
#10126=CARTESIAN_POINT('Ctrl Pts',(-17.9076159978327,-1.86187718632165,
-48.402366504467));
#10127=CARTESIAN_POINT('Ctrl Pts',(-17.8207919089993,-1.36947330981555,
-48.402366504467));
#10128=CARTESIAN_POINT('',(-17.6546964740123,-1.90647372231913,-49.1953405890827));
#10129=CARTESIAN_POINT('Ctrl Pts',(-17.6546964740123,-1.90647372231913,
-49.1953405890827));
#10130=CARTESIAN_POINT('Ctrl Pts',(-17.9076159978327,-1.86187718632165,
-48.870988652504));
#10131=CARTESIAN_POINT('Ctrl Pts',(-17.9076159978327,-1.86187718632165,
-48.402366504467));
#10132=CARTESIAN_POINT('',(-17.5678723851788,-1.41406984581303,-49.1953405890827));
#10133=CARTESIAN_POINT('',(-17.6546964740123,-1.90647372231913,-49.1953405890827));
#10134=CARTESIAN_POINT('Ctrl Pts',(-17.5678723851788,-1.41406984581303,
-49.1953405890827));
#10135=CARTESIAN_POINT('Ctrl Pts',(-17.8207919089993,-1.36947330981555,
-48.870988652504));
#10136=CARTESIAN_POINT('Ctrl Pts',(-17.8207919089993,-1.36947330981555,
-48.402366504467));
#10137=CARTESIAN_POINT('Ctrl Pts',(-16.9201213514715,-2.03599913578031,
-49.6445220861798));
#10138=CARTESIAN_POINT('Ctrl Pts',(-16.833297262638,-1.54359525927421,-49.6445220861798));
#10139=CARTESIAN_POINT('Ctrl Pts',(-17.4017769501919,-1.95107025831661,
-49.5196926746731));
#10140=CARTESIAN_POINT('Ctrl Pts',(-17.3149528613584,-1.45866638181051,
-49.5196926746731));
#10141=CARTESIAN_POINT('Ctrl Pts',(-17.6546964740123,-1.90647372231913,
-49.1953405890827));
#10142=CARTESIAN_POINT('Ctrl Pts',(-17.5678723851788,-1.41406984581303,
-49.1953405890827));
#10143=CARTESIAN_POINT('',(-16.9201213514715,-2.03599913578031,-49.6445220861798));
#10144=CARTESIAN_POINT('Ctrl Pts',(-16.9201213514715,-2.03599913578031,
-49.6445220861798));
#10145=CARTESIAN_POINT('Ctrl Pts',(-17.4017769501919,-1.95107025831661,
-49.5196926746731));
#10146=CARTESIAN_POINT('Ctrl Pts',(-17.6546964740123,-1.90647372231913,
-49.1953405890827));
#10147=CARTESIAN_POINT('',(-16.833297262638,-1.54359525927421,-49.6445220861798));
#10148=CARTESIAN_POINT('',(-16.9201213514715,-2.03599913578031,-49.6445220861798));
#10149=CARTESIAN_POINT('Ctrl Pts',(-16.833297262638,-1.54359525927421,-49.6445220861798));
#10150=CARTESIAN_POINT('Ctrl Pts',(-17.3149528613584,-1.45866638181051,
-49.5196926746731));
#10151=CARTESIAN_POINT('Ctrl Pts',(-17.5678723851788,-1.41406984581303,
-49.1953405890827));
#10152=CARTESIAN_POINT('Origin',(-16.8213718281362,-2.05341134107641,-49.2475234125023));
#10153=CARTESIAN_POINT('',(-16.8213718281362,-2.05341134107641,-49.2475234125023));
#10154=CARTESIAN_POINT('',(-17.8311314609633,-1.87536347377872,-53.3070188047431));
#10155=CARTESIAN_POINT('',(-16.7345477393027,-1.56100746457031,-49.2475234125023));
#10156=CARTESIAN_POINT('',(-16.8213718281362,-2.05341134107641,-49.2475234125023));
#10157=CARTESIAN_POINT('',(-16.7345477393027,-1.56100746457031,-49.2475234125023));
#10158=CARTESIAN_POINT('Ctrl Pts',(-17.3836392167537,-1.95426843009065,
-48.9344266209965));
#10159=CARTESIAN_POINT('Ctrl Pts',(-17.2968151279203,-1.46186455358455,
-48.9344266209965));
#10160=CARTESIAN_POINT('Ctrl Pts',(-17.194201613219,-1.98767139075459,-49.165668055809));
#10161=CARTESIAN_POINT('Ctrl Pts',(-17.1073775243855,-1.49526751424848,
-49.165668055809));
#10162=CARTESIAN_POINT('Ctrl Pts',(-16.8213718281362,-2.05341134107641,
-49.2475234125023));
#10163=CARTESIAN_POINT('Ctrl Pts',(-16.7345477393027,-1.56100746457031,
-49.2475234125023));
#10164=CARTESIAN_POINT('Ctrl Pts',(-17.3836392167537,-1.95426843009065,
-48.9344266209965));
#10165=CARTESIAN_POINT('Ctrl Pts',(-17.194201613219,-1.98767139075459,-49.165668055809));
#10166=CARTESIAN_POINT('Ctrl Pts',(-16.8213718281362,-2.05341134107641,
-49.2475234125023));
#10167=CARTESIAN_POINT('Ctrl Pts',(-17.2968151279203,-1.46186455358455,
-48.9344266209965));
#10168=CARTESIAN_POINT('Ctrl Pts',(-17.1073775243855,-1.49526751424848,
-49.165668055809));
#10169=CARTESIAN_POINT('Ctrl Pts',(-16.7345477393027,-1.56100746457031,
-49.2475234125023));
#10170=CARTESIAN_POINT('Origin',(-16.2931978887831,-1.63882935114857,-52.9852452747737));
#10171=CARTESIAN_POINT('Origin',(-8.56774660228955,-3.50874815704917,-60.0013067705989));
#10172=CARTESIAN_POINT('Ctrl Pts',(-33.145,35.4500000000001,-56.0013067705989));
#10173=CARTESIAN_POINT('Ctrl Pts',(-33.1460540994924,35.4500000000001,-55.9991985716127));
#10174=CARTESIAN_POINT('Ctrl Pts',(-33.1471080910889,35.4500053041875,-55.99709114673));
#10175=CARTESIAN_POINT('Ctrl Pts',(-33.2476345160234,35.4509168302408,-55.7959671553539));
#10176=CARTESIAN_POINT('Ctrl Pts',(-33.3968298092497,35.5271201782245,-55.5070134822397));
#10177=CARTESIAN_POINT('Ctrl Pts',(-33.585489369522,35.6684097578354,-55.2218863421371));
#10178=CARTESIAN_POINT('Ctrl Pts',(-33.7193860852448,35.7669489897091,-55.0384047167524));
#10179=CARTESIAN_POINT('Ctrl Pts',(-33.8398931904423,35.8483576150878,-54.8744993347177));
#10180=CARTESIAN_POINT('Ctrl Pts',(-33.9808200019,35.9341024242333,-54.6603952624778));
#10181=CARTESIAN_POINT('Ctrl Pts',(-34.1084207569086,36.0040643311406,-54.3880606969612));
#10182=CARTESIAN_POINT('Ctrl Pts',(-34.145,36.0369259374721,-54.1555808681372));
#10183=CARTESIAN_POINT('Ctrl Pts',(-34.145,36.0500000000001,-54.0417149763724));
#10184=CARTESIAN_POINT('Ctrl Pts',(-33.145,35.4500000000001,-56.0013067705989));
#10185=CARTESIAN_POINT('Ctrl Pts',(-33.1462673468073,35.4500073679209,-55.9996351487912));
#10186=CARTESIAN_POINT('Ctrl Pts',(-33.1475261487178,35.449991044965,-55.9979122453387));
#10187=CARTESIAN_POINT('Ctrl Pts',(-33.2685765105893,35.4515662395569,-55.839632310983));
#10188=CARTESIAN_POINT('Ctrl Pts',(-33.4458894323893,35.4750624213865,-55.599348885399));
#10189=CARTESIAN_POINT('Ctrl Pts',(-33.6512292404948,35.5317778391761,-55.3170622608802));
#10190=CARTESIAN_POINT('Ctrl Pts',(-33.7873628667217,35.5759969441978,-55.1171536705676));
#10191=CARTESIAN_POINT('Ctrl Pts',(-33.9022493376736,35.6166432552111,-54.9307750985227));
#10192=CARTESIAN_POINT('Ctrl Pts',(-34.0287079209716,35.6632635298924,-54.6881011089222));
#10193=CARTESIAN_POINT('Ctrl Pts',(-34.1321697958226,35.7056537614391,-54.3923414255181));
#10194=CARTESIAN_POINT('Ctrl Pts',(-34.1518767824796,35.727145962376,-54.1556702524159));
#10195=CARTESIAN_POINT('Ctrl Pts',(-34.145,35.7358407346412,-54.0417149763724));
#10196=CARTESIAN_POINT('Ctrl Pts',(-33.145,35.4500000000001,-56.0013067705989));
#10197=CARTESIAN_POINT('Ctrl Pts',(-33.1464765774285,35.4500000000001,-56.0000391986393));
#10198=CARTESIAN_POINT('Ctrl Pts',(-33.1479500554432,35.4500000000001,-55.9987809884169));
#10199=CARTESIAN_POINT('Ctrl Pts',(-33.2888397231182,35.4499999999999,-55.8776901588904));
#10200=CARTESIAN_POINT('Ctrl Pts',(-33.4970001317833,35.4500000000001,-55.6997889277719));
#10201=CARTESIAN_POINT('Ctrl Pts',(-33.7501497252603,35.45,-55.4620602495574));
#10202=CARTESIAN_POINT('Ctrl Pts',(-33.9243506664983,35.4500000000001,-55.2793173850682));
#10203=CARTESIAN_POINT('Ctrl Pts',(-34.0765455911497,35.4500000000001,-55.0922977036268));
#10204=CARTESIAN_POINT('Ctrl Pts',(-34.249504507656,35.4500000000001,-54.8300801272881));
#10205=CARTESIAN_POINT('Ctrl Pts',(-34.3988087082104,35.4500000000001,-54.4820869738576));
#10206=CARTESIAN_POINT('Ctrl Pts',(-34.4351974105136,35.4500000000001,-54.1859667282114));
#10207=CARTESIAN_POINT('Ctrl Pts',(-34.430840734641,35.4500000000001,-54.0417149763724));
#10208=CARTESIAN_POINT('Ctrl Pts',(-33.145,35.4500000000001,-56.0013067705989));
#10209=CARTESIAN_POINT('Ctrl Pts',(-33.1466865591885,35.4500000000001,-56.0004634910041));
#10210=CARTESIAN_POINT('Ctrl Pts',(-33.1483729457423,35.4500000000001,-55.9996203844074));
#10211=CARTESIAN_POINT('Ctrl Pts',(-33.3092152256362,35.4499999999999,-55.9191851278927));
#10212=CARTESIAN_POINT('Ctrl Pts',(-33.5479276947992,35.4500000000001,-55.7991649662619));
#10213=CARTESIAN_POINT('Ctrl Pts',(-33.8497829912347,35.45,-55.60905659968));
#10214=CARTESIAN_POINT('Ctrl Pts',(-34.0640177363913,35.4500000000001,-55.445066762663));
#10215=CARTESIAN_POINT('Ctrl Pts',(-34.2568291047073,35.4500000000001,-55.260167409047));
#10216=CARTESIAN_POINT('Ctrl Pts',(-34.4823120030398,35.4500000000001,-54.9807483599217));
#10217=CARTESIAN_POINT('Ctrl Pts',(-34.6864732110535,35.4500000000001,-54.579482174684));
#10218=CARTESIAN_POINT('Ctrl Pts',(-34.745,35.4500000000001,-54.219630432255));
#10219=CARTESIAN_POINT('Ctrl Pts',(-34.745,35.4500000000001,-54.0417149763724));
#10220=CARTESIAN_POINT('',(-34.745,35.4500000000001,-54.0417149763724));
#10221=CARTESIAN_POINT('',(-34.145,36.0500000000001,-54.0417149763724));
#10222=CARTESIAN_POINT('Origin',(-34.745,36.0500000000001,-54.0417149763724));
#10223=CARTESIAN_POINT('',(-33.145,35.4500000000001,-56.0013067705989));
#10224=CARTESIAN_POINT('Ctrl Pts',(-34.145,36.0500000000001,-54.0417149763724));
#10225=CARTESIAN_POINT('Ctrl Pts',(-34.145,36.0369259374721,-54.1555808681372));
#10226=CARTESIAN_POINT('Ctrl Pts',(-34.1084207569086,36.0040643311406,-54.3880606969612));
#10227=CARTESIAN_POINT('Ctrl Pts',(-33.9808200019,35.9341024242333,-54.6603952624778));
#10228=CARTESIAN_POINT('Ctrl Pts',(-33.8398931904423,35.8483576150878,-54.8744993347177));
#10229=CARTESIAN_POINT('Ctrl Pts',(-33.7193860852448,35.7669489897091,-55.0384047167524));
#10230=CARTESIAN_POINT('Ctrl Pts',(-33.585489369522,35.6684097578354,-55.2218863421371));
#10231=CARTESIAN_POINT('Ctrl Pts',(-33.3968298092497,35.5271201782245,-55.5070134822397));
#10232=CARTESIAN_POINT('Ctrl Pts',(-33.2476345160234,35.4509168302408,-55.7959671553539));
#10233=CARTESIAN_POINT('Ctrl Pts',(-33.1471080910889,35.4500053041875,-55.99709114673));
#10234=CARTESIAN_POINT('Ctrl Pts',(-33.1460540994924,35.4500000000001,-55.9991985716127));
#10235=CARTESIAN_POINT('Ctrl Pts',(-33.145,35.4500000000001,-56.0013067705989));
#10236=CARTESIAN_POINT('Ctrl Pts',(-33.145,35.4500000000001,-56.0013067705989));
#10237=CARTESIAN_POINT('Ctrl Pts',(-33.1466865591885,35.4500000000001,-56.0004634910041));
#10238=CARTESIAN_POINT('Ctrl Pts',(-33.1483729457423,35.4500000000001,-55.9996203844074));
#10239=CARTESIAN_POINT('Ctrl Pts',(-33.3092152256362,35.4499999999999,-55.9191851278927));
#10240=CARTESIAN_POINT('Ctrl Pts',(-33.5479276947992,35.4500000000001,-55.7991649662619));
#10241=CARTESIAN_POINT('Ctrl Pts',(-33.8497829912347,35.45,-55.60905659968));
#10242=CARTESIAN_POINT('Ctrl Pts',(-34.0640177363913,35.4500000000001,-55.445066762663));
#10243=CARTESIAN_POINT('Ctrl Pts',(-34.2568291047073,35.4500000000001,-55.260167409047));
#10244=CARTESIAN_POINT('Ctrl Pts',(-34.4823120030398,35.4500000000001,-54.9807483599217));
#10245=CARTESIAN_POINT('Ctrl Pts',(-34.6864732110535,35.4500000000001,-54.579482174684));
#10246=CARTESIAN_POINT('Ctrl Pts',(-34.745,35.4500000000001,-54.219630432255));
#10247=CARTESIAN_POINT('Ctrl Pts',(-34.745,35.4500000000001,-54.0417149763724));
#10248=CARTESIAN_POINT('Origin',(-34.745,36.0500000000001,-55.5013067705987));
#10249=CARTESIAN_POINT('',(-34.745,35.4500000000001,-53.9608985648255));
#10250=CARTESIAN_POINT('',(-34.145,36.0500000000001,-53.9608985648255));
#10251=CARTESIAN_POINT('Origin',(-34.745,36.0500000000001,-53.9608985648255));
#10252=CARTESIAN_POINT('',(-34.145,36.0500000000001,-55.5013067705987));
#10253=CARTESIAN_POINT('',(-34.745,35.4500000000001,-55.5013067705987));
#10254=CARTESIAN_POINT('Ctrl Pts',(-34.145,36.0500000000001,-53.9608985648255));
#10255=CARTESIAN_POINT('Ctrl Pts',(-34.145,36.0238518749441,-53.7331667812957));
#10256=CARTESIAN_POINT('Ctrl Pts',(-34.0511635467989,35.976734868828,-53.4486219467302));
#10257=CARTESIAN_POINT('Ctrl Pts',(-33.8395931279788,35.8483177270861,-53.1293247144599));
#10258=CARTESIAN_POINT('Ctrl Pts',(-33.7191987034645,35.7668790955184,-52.9646150289919));
#10259=CARTESIAN_POINT('Ctrl Pts',(-33.5853592318053,35.6680284175356,-52.7818592980155));
#10260=CARTESIAN_POINT('Ctrl Pts',(-33.4438616406474,35.5626444947997,-52.5663839736987));
#10261=CARTESIAN_POINT('Ctrl Pts',(-33.2974314313825,35.4748443500515,-52.3058921017022));
#10262=CARTESIAN_POINT('Ctrl Pts',(-33.1978841721605,35.4504811826648,-52.1070940770452));
#10263=CARTESIAN_POINT('Ctrl Pts',(-33.147108293428,35.4500050870237,-52.0055230737303));
#10264=CARTESIAN_POINT('Ctrl Pts',(-33.1460540994924,35.4500000000001,-52.0034149695851));
#10265=CARTESIAN_POINT('Ctrl Pts',(-33.145,35.4500000000001,-52.0013067705989));
#10266=CARTESIAN_POINT('Ctrl Pts',(-34.145,35.8929203673206,-53.9608985648255));
#10267=CARTESIAN_POINT('Ctrl Pts',(-34.1520002693237,35.8711180571846,-53.7334362298655));
#10268=CARTESIAN_POINT('Ctrl Pts',(-34.0712470735206,35.831350055035,-53.4424075555864));
#10269=CARTESIAN_POINT('Ctrl Pts',(-33.8709874007822,35.7322056035977,-53.1013660633391));
#10270=CARTESIAN_POINT('Ctrl Pts',(-33.7534142522151,35.6712309748321,-52.9253641015997));
#10271=CARTESIAN_POINT('Ctrl Pts',(-33.6184799797507,35.5996234127002,-52.7342683116236));
#10272=CARTESIAN_POINT('Ctrl Pts',(-33.4706421716542,35.5259618211325,-52.5198956392942));
#10273=CARTESIAN_POINT('Ctrl Pts',(-33.3127417226258,35.4665064173754,-52.2756053220244));
#10274=CARTESIAN_POINT('Ctrl Pts',(-33.2031828533524,35.4503233846139,-52.0965172011234));
#10275=CARTESIAN_POINT('Ctrl Pts',(-33.1473189822908,35.4500033555123,-52.0051014279461));
#10276=CARTESIAN_POINT('Ctrl Pts',(-33.1461595094417,35.4500000000001,-52.0032041496865));
#10277=CARTESIAN_POINT('Ctrl Pts',(-33.145,35.4500000000001,-52.0013067705989));
#10278=CARTESIAN_POINT('Ctrl Pts',(-34.2751864253141,35.5801864253142,-53.9608985648255));
#10279=CARTESIAN_POINT('Ctrl Pts',(-34.2879929716154,35.5725386880663,-53.7052727685599));
#10280=CARTESIAN_POINT('Ctrl Pts',(-34.2070158838195,35.5588397773968,-53.3732258498438));
#10281=CARTESIAN_POINT('Ctrl Pts',(-33.9863546618422,35.5277138446082,-52.9943914809767));
#10282=CARTESIAN_POINT('Ctrl Pts',(-33.8544015523507,35.5094755217439,-52.8060767678077));
#10283=CARTESIAN_POINT('Ctrl Pts',(-33.7001765334864,35.4890819580453,-52.6141784666407));
#10284=CARTESIAN_POINT('Ctrl Pts',(-33.5285365571444,35.4692637608633,-52.4178825671204));
#10285=CARTESIAN_POINT('Ctrl Pts',(-33.3431049669608,35.4540558892799,-52.2148556496956));
#10286=CARTESIAN_POINT('Ctrl Pts',(-33.2137479456833,35.4500769089236,-52.0753635186203));
#10287=CARTESIAN_POINT('Ctrl Pts',(-33.1477407968459,35.4500008912312,-52.0042581268326));
#10288=CARTESIAN_POINT('Ctrl Pts',(-33.1463703293405,35.4500000000001,-52.0027825098894));
#10289=CARTESIAN_POINT('Ctrl Pts',(-33.145,35.4500000000001,-52.0013067705989));
#10290=CARTESIAN_POINT('Ctrl Pts',(-34.5879203673205,35.4500000000001,-53.9608985648254));
#10291=CARTESIAN_POINT('Ctrl Pts',(-34.5923211831995,35.4501420835851,-53.6386657643024));
#10292=CARTESIAN_POINT('Ctrl Pts',(-34.4652833418809,35.4496303531794,-53.2318474317019));
#10293=CARTESIAN_POINT('Ctrl Pts',(-34.1663257828813,35.4499860648848,-52.8270452211821));
#10294=CARTESIAN_POINT('Ctrl Pts',(-33.9939821915649,35.4500614434771,-52.6405987448401));
#10295=CARTESIAN_POINT('Ctrl Pts',(-33.799844211226,35.4501467339035,-52.4673070417244));
#10296=CARTESIAN_POINT('Ctrl Pts',(-33.5916848198548,35.4501374369613,-52.3066459897482));
#10297=CARTESIAN_POINT('Ctrl Pts',(-33.3736598017822,35.450090772516,-52.1539670527653));
#10298=CARTESIAN_POINT('Ctrl Pts',(-33.2243290332869,35.4500093272916,-52.0542110011244));
#10299=CARTESIAN_POINT('Ctrl Pts',(-33.1481624014803,35.4499998750297,-52.0034148016677));
#10300=CARTESIAN_POINT('Ctrl Pts',(-33.1465811492391,35.4500000000001,-52.0023608700923));
#10301=CARTESIAN_POINT('Ctrl Pts',(-33.145,35.4500000000001,-52.0013067705989));
#10302=CARTESIAN_POINT('Ctrl Pts',(-34.745,35.4500000000001,-53.9608985648254));
#10303=CARTESIAN_POINT('Ctrl Pts',(-34.745,35.4500000000001,-53.6050676530602));
#10304=CARTESIAN_POINT('Ctrl Pts',(-34.5948616748783,35.4500000000002,-53.1607152769519));
#10305=CARTESIAN_POINT('Ctrl Pts',(-34.256349004766,35.4500000000002,-52.7431182999549));
#10306=CARTESIAN_POINT('Ctrl Pts',(-34.0637179255431,35.4500000000002,-52.5577187338618));
#10307=CARTESIAN_POINT('Ctrl Pts',(-33.8495747708884,35.4500000000002,-52.3938263092109));
#10308=CARTESIAN_POINT('Ctrl Pts',(-33.6231786250357,35.4500000000003,-52.2510250426605));
#10309=CARTESIAN_POINT('Ctrl Pts',(-33.388890290212,35.4500000000002,-52.1235246888763));
#10310=CARTESIAN_POINT('Ctrl Pts',(-33.2296146754567,35.4500000000003,-52.0436348815287));
#10311=CARTESIAN_POINT('Ctrl Pts',(-33.1483732694848,35.4500000000001,-52.0029931372229));
#10312=CARTESIAN_POINT('Ctrl Pts',(-33.1466865591885,35.4500000000001,-52.0021500501937));
#10313=CARTESIAN_POINT('Ctrl Pts',(-33.145,35.4500000000001,-52.0013067705989));
#10314=CARTESIAN_POINT('',(-33.145,35.4500000000001,-52.0013067705989));
#10315=CARTESIAN_POINT('Ctrl Pts',(-34.745,35.4500000000001,-53.9608985648254));
#10316=CARTESIAN_POINT('Ctrl Pts',(-34.745,35.4500000000001,-53.6050676530602));
#10317=CARTESIAN_POINT('Ctrl Pts',(-34.5948616748783,35.4500000000002,-53.1607152769519));
#10318=CARTESIAN_POINT('Ctrl Pts',(-34.256349004766,35.4500000000002,-52.7431182999549));
#10319=CARTESIAN_POINT('Ctrl Pts',(-34.0637179255431,35.4500000000002,-52.5577187338618));
#10320=CARTESIAN_POINT('Ctrl Pts',(-33.8495747708884,35.4500000000002,-52.3938263092109));
#10321=CARTESIAN_POINT('Ctrl Pts',(-33.6231786250357,35.4500000000003,-52.2510250426605));
#10322=CARTESIAN_POINT('Ctrl Pts',(-33.388890290212,35.4500000000002,-52.1235246888763));
#10323=CARTESIAN_POINT('Ctrl Pts',(-33.2296146754567,35.4500000000003,-52.0436348815287));
#10324=CARTESIAN_POINT('Ctrl Pts',(-33.1483732694848,35.4500000000001,-52.0029931372229));
#10325=CARTESIAN_POINT('Ctrl Pts',(-33.1466865591885,35.4500000000001,-52.0021500501937));
#10326=CARTESIAN_POINT('Ctrl Pts',(-33.145,35.4500000000001,-52.0013067705989));
#10327=CARTESIAN_POINT('Ctrl Pts',(-33.145,35.4500000000001,-52.0013067705989));
#10328=CARTESIAN_POINT('Ctrl Pts',(-33.1460540994924,35.4500000000001,-52.0034149695851));
#10329=CARTESIAN_POINT('Ctrl Pts',(-33.147108293428,35.4500050870237,-52.0055230737303));
#10330=CARTESIAN_POINT('Ctrl Pts',(-33.1978841721605,35.4504811826648,-52.1070940770452));
#10331=CARTESIAN_POINT('Ctrl Pts',(-33.2974314313825,35.4748443500515,-52.3058921017022));
#10332=CARTESIAN_POINT('Ctrl Pts',(-33.4438616406474,35.5626444947997,-52.5663839736987));
#10333=CARTESIAN_POINT('Ctrl Pts',(-33.5853592318053,35.6680284175356,-52.7818592980155));
#10334=CARTESIAN_POINT('Ctrl Pts',(-33.7191987034645,35.7668790955184,-52.9646150289919));
#10335=CARTESIAN_POINT('Ctrl Pts',(-33.8395931279788,35.8483177270861,-53.1293247144599));
#10336=CARTESIAN_POINT('Ctrl Pts',(-34.0511635467989,35.976734868828,-53.4486219467302));
#10337=CARTESIAN_POINT('Ctrl Pts',(-34.145,36.0238518749441,-53.7331667812957));
#10338=CARTESIAN_POINT('Ctrl Pts',(-34.145,36.0500000000001,-53.9608985648255));
#10339=CARTESIAN_POINT('Origin',(-35.2905730844055,35.4500000000001,-60.0013067705989));
#10340=CARTESIAN_POINT('',(-32.145,35.4500000000001,-56.0013067705989));
#10341=CARTESIAN_POINT('',(-33.2177865422028,35.4500000000001,-56.0013067705989));
#10342=CARTESIAN_POINT('',(-31.1445069205093,35.4500000000001,-55.3652289794275));
#10343=CARTESIAN_POINT('Ctrl Pts',(-31.1445069205093,35.4500000000001,-55.3652289794274));
#10344=CARTESIAN_POINT('Ctrl Pts',(-31.2592766877572,35.4500000000001,-55.4738652637421));
#10345=CARTESIAN_POINT('Ctrl Pts',(-31.4498544559762,35.4500000000001,-55.6190893610316));
#10346=CARTESIAN_POINT('Ctrl Pts',(-31.7875063682484,35.4500000000001,-55.8221197785003));
#10347=CARTESIAN_POINT('Ctrl Pts',(-31.999017069559,35.4499999999999,-55.9283135323113));
#10348=CARTESIAN_POINT('Ctrl Pts',(-32.1416268838171,35.4500000000001,-55.9996202136688));
#10349=CARTESIAN_POINT('Ctrl Pts',(-32.1433134408135,35.4500000000001,-56.0004634910083));
#10350=CARTESIAN_POINT('Ctrl Pts',(-32.145,35.4500000000001,-56.0013067705989));
#10351=CARTESIAN_POINT('',(-31.144506924054,35.4500000000001,-59.6373845550598));
#10352=CARTESIAN_POINT('',(-31.1445069205092,35.4500000000001,-60.0013067705989));
#10353=CARTESIAN_POINT('',(-32.145,35.4500000000001,-59.0013067705989));
#10354=CARTESIAN_POINT('Ctrl Pts',(-32.145,35.4500000000001,-59.0013067705989));
#10355=CARTESIAN_POINT('Ctrl Pts',(-32.1433134408135,35.4500000000001,-59.0021500501896));
#10356=CARTESIAN_POINT('Ctrl Pts',(-32.1416274025975,35.4500000000001,-59.0029933170555));
#10357=CARTESIAN_POINT('Ctrl Pts',(-31.9284611054342,35.4500000000006,-59.1095334255125));
#10358=CARTESIAN_POINT('Ctrl Pts',(-31.6470063904097,35.4500000000001,-59.2513357105462));
#10359=CARTESIAN_POINT('Ctrl Pts',(-31.3226956103707,35.4500000000002,-59.4802543871919));
#10360=CARTESIAN_POINT('Ctrl Pts',(-31.2018918091851,35.4500000000001,-59.583066415177));
#10361=CARTESIAN_POINT('Ctrl Pts',(-31.1445069257291,35.4500000000001,-59.6373845568295));
#10362=CARTESIAN_POINT('',(-33.145,35.4500000000001,-59.0013067705989));
#10363=CARTESIAN_POINT('',(-33.2177865422028,35.4500000000001,-59.0013067705989));
#10364=CARTESIAN_POINT('',(-34.745,35.4500000000001,-60.9608985648255));
#10365=CARTESIAN_POINT('Ctrl Pts',(-34.745,35.4500000000001,-60.9608985648255));
#10366=CARTESIAN_POINT('Ctrl Pts',(-34.745,35.4500000000001,-60.7829831089429));
#10367=CARTESIAN_POINT('Ctrl Pts',(-34.6864328505792,35.4500000000002,-60.4230734234561));
#10368=CARTESIAN_POINT('Ctrl Pts',(-34.4821148022221,35.4500000000002,-60.0216045484117));
#10369=CARTESIAN_POINT('Ctrl Pts',(-34.2568026199934,35.4500000000002,-59.7424010456266));
#10370=CARTESIAN_POINT('Ctrl Pts',(-33.999048422034,35.4500000000002,-59.4950043569915));
#10371=CARTESIAN_POINT('Ctrl Pts',(-33.6267834107531,35.4500000000002,-59.2425662657209));
#10372=CARTESIAN_POINT('Ctrl Pts',(-33.3092644179494,35.4500000000003,-59.0834914460847));
#10373=CARTESIAN_POINT('Ctrl Pts',(-33.1483725854256,35.4500000000001,-59.0029926954031));
#10374=CARTESIAN_POINT('Ctrl Pts',(-33.1466865591885,35.4500000000001,-59.0021500501937));
#10375=CARTESIAN_POINT('Ctrl Pts',(-33.145,35.4500000000001,-59.0013067705989));
#10376=CARTESIAN_POINT('',(-34.745,35.4500000000001,-62.0013067705989));
#10377=CARTESIAN_POINT('',(-34.745,35.4500000000001,-55.5013067705987));
#10378=CARTESIAN_POINT('',(-35.2905730844055,35.4500000000001,-62.0013067705989));
#10379=CARTESIAN_POINT('',(-31.1445069205092,35.4500000000001,-62.0013067705989));
#10380=CARTESIAN_POINT('',(-35.2905730844055,35.4500000000001,-37.23));
#10381=CARTESIAN_POINT('',(-35.2905730844055,35.4500000000001,-60.0013067705989));
#10382=CARTESIAN_POINT('',(-35.2905730844055,35.4500000000001,-34.23));
#10383=CARTESIAN_POINT('',(-35.2905730844055,35.4500000000001,-60.0013067705989));
#10384=CARTESIAN_POINT('',(-31.1445069205092,35.4500000000001,-34.23));
#10385=CARTESIAN_POINT('',(-27.1464205862227,35.4500000000001,-34.23));
#10386=CARTESIAN_POINT('',(-31.1445069205092,35.4500000000001,-40.5821388595899));
#10387=CARTESIAN_POINT('',(-31.1445069205092,35.4500000000001,-60.0013067705989));
#10388=CARTESIAN_POINT('',(-32.145,35.4500000000001,-39.848310361984));
#10389=CARTESIAN_POINT('Origin',(-32.145,35.4500000000001,-43.1896341182886));
#10390=CARTESIAN_POINT('',(-33.145,35.4500000000001,-39.848310361984));
#10391=CARTESIAN_POINT('',(-33.2177865422028,35.4500000000001,-39.848310361984));
#10392=CARTESIAN_POINT('',(-34.745,35.4500000000001,-43.1896341182886));
#10393=CARTESIAN_POINT('Origin',(-33.145,35.4500000000001,-43.1896341182886));
#10394=CARTESIAN_POINT('',(-34.745,35.4500000000001,-47.0417149763723));
#10395=CARTESIAN_POINT('',(-34.745,35.4500000000001,-55.5013067705987));
#10396=CARTESIAN_POINT('',(-33.145,35.4500000000001,-49.0013067705989));
#10397=CARTESIAN_POINT('Ctrl Pts',(-33.145,35.4500000000001,-49.0013067705989));
#10398=CARTESIAN_POINT('Ctrl Pts',(-33.1466865591885,35.4500000000001,-49.0004634910041));
#10399=CARTESIAN_POINT('Ctrl Pts',(-33.1483729457968,35.4500000000001,-48.9996203841142));
#10400=CARTESIAN_POINT('Ctrl Pts',(-33.3092152178664,35.4500000000003,-48.9191851695511));
#10401=CARTESIAN_POINT('Ctrl Pts',(-33.5479276007192,35.4500000000001,-48.799165390669));
#10402=CARTESIAN_POINT('Ctrl Pts',(-33.8497828833423,35.4500000000002,-48.6090570669729));
#10403=CARTESIAN_POINT('Ctrl Pts',(-34.0640176152877,35.4500000000001,-48.4450672891497));
#10404=CARTESIAN_POINT('Ctrl Pts',(-34.2568289782906,35.4500000000001,-48.2601679593343));
#10405=CARTESIAN_POINT('Ctrl Pts',(-34.4823119057071,35.4500000000001,-47.9807488033635));
#10406=CARTESIAN_POINT('Ctrl Pts',(-34.6864731793004,35.4500000000001,-47.5794825266898));
#10407=CARTESIAN_POINT('Ctrl Pts',(-34.745,35.4500000000001,-47.2196304322549));
#10408=CARTESIAN_POINT('Ctrl Pts',(-34.745,35.4500000000001,-47.0417149763723));
#10409=CARTESIAN_POINT('',(-32.145,35.4500000000001,-49.0013067705989));
#10410=CARTESIAN_POINT('',(-33.2177865422028,35.4500000000001,-49.0013067705989));
#10411=CARTESIAN_POINT('',(-31.1445069205093,35.4500000000001,-48.3652289794274));
#10412=CARTESIAN_POINT('Ctrl Pts',(-31.1445069205093,35.4500000000001,-48.3652289794274));
#10413=CARTESIAN_POINT('Ctrl Pts',(-31.2592766877572,35.4500000000001,-48.4738652637421));
#10414=CARTESIAN_POINT('Ctrl Pts',(-31.4498544366644,35.4500000000001,-48.619089370964));
#10415=CARTESIAN_POINT('Ctrl Pts',(-31.7875063556213,35.4500000000001,-48.822119788751));
#10416=CARTESIAN_POINT('Ctrl Pts',(-31.9990170658855,35.4499999999999,-48.9283135348987));
#10417=CARTESIAN_POINT('Ctrl Pts',(-32.1416268838465,35.4500000000001,-48.9996202136481));
#10418=CARTESIAN_POINT('Ctrl Pts',(-32.1433134408135,35.4500000000001,-49.0004634910082));
#10419=CARTESIAN_POINT('Ctrl Pts',(-32.145,35.4500000000001,-49.0013067705989));
#10420=CARTESIAN_POINT('',(-31.144506924054,35.4500000000001,-52.6373845550598));
#10421=CARTESIAN_POINT('',(-31.1445069205092,35.4500000000001,-60.0013067705989));
#10422=CARTESIAN_POINT('',(-32.145,35.4500000000001,-52.0013067705989));
#10423=CARTESIAN_POINT('Ctrl Pts',(-32.145,35.4500000000001,-52.0013067705989));
#10424=CARTESIAN_POINT('Ctrl Pts',(-32.1433134408127,35.4500000000001,-52.0021500501914));
#10425=CARTESIAN_POINT('Ctrl Pts',(-32.1416268838312,35.4500000000001,-52.0029933275386));
#10426=CARTESIAN_POINT('Ctrl Pts',(-31.9990170687653,35.4500000000001,-52.0743000072949));
#10427=CARTESIAN_POINT('Ctrl Pts',(-31.7875063646972,35.4500000000001,-52.1804937570325));
#10428=CARTESIAN_POINT('Ctrl Pts',(-31.4498544513416,35.4500000000001,-52.3835241730741));
#10429=CARTESIAN_POINT('Ctrl Pts',(-31.2592766926412,35.4500000000001,-52.5287482735243));
#10430=CARTESIAN_POINT('Ctrl Pts',(-31.1445069257291,35.4500000000001,-52.6373845568295));
#10431=CARTESIAN_POINT('',(-33.2177865422028,35.4500000000001,-52.0013067705989));
#10432=CARTESIAN_POINT('Ctrl Pts',(-34.145,36.0500000000001,-60.9608985648255));
#10433=CARTESIAN_POINT('Ctrl Pts',(-34.145,36.0369259374721,-60.8470326730606));
#10434=CARTESIAN_POINT('Ctrl Pts',(-34.108395531612,36.0042934425766,-60.6144971414744));
#10435=CARTESIAN_POINT('Ctrl Pts',(-33.9806967513889,35.9348567123429,-60.3419003977223));
#10436=CARTESIAN_POINT('Ctrl Pts',(-33.8398766374959,35.8486183394756,-60.128091387618));
#10437=CARTESIAN_POINT('Ctrl Pts',(-33.6787802637714,35.7422506967618,-59.908418377927));
#10438=CARTESIAN_POINT('Ctrl Pts',(-33.4461146317208,35.5544324591686,-59.5906564136592));
#10439=CARTESIAN_POINT('Ctrl Pts',(-33.2476652612186,35.4507622110802,-59.2067296238673));
#10440=CARTESIAN_POINT('Ctrl Pts',(-33.147107865891,35.4500064329026,-59.005521784199));
#10441=CARTESIAN_POINT('Ctrl Pts',(-33.1460540994924,35.4500000000001,-59.0034149695851));
#10442=CARTESIAN_POINT('Ctrl Pts',(-33.145,35.4500000000001,-59.0013067705989));
#10443=CARTESIAN_POINT('Ctrl Pts',(-34.145,35.8929203673206,-60.9608985648255));
#10444=CARTESIAN_POINT('Ctrl Pts',(-34.1485001346618,35.8820192122526,-60.8471673973455));
#10445=CARTESIAN_POINT('Ctrl Pts',(-34.1202470183061,35.8548438920931,-60.6127335139251));
#10446=CARTESIAN_POINT('Ctrl Pts',(-34.004863535431,35.7989564299334,-60.32864062326));
#10447=CARTESIAN_POINT('Ctrl Pts',(-33.8713722773652,35.7324698097388,-60.1003999482876));
#10448=CARTESIAN_POINT('Ctrl Pts',(-33.7142003051328,35.6524776627227,-59.8658448880934));
#10449=CARTESIAN_POINT('Ctrl Pts',(-33.4759036997539,35.5191773964614,-59.5358643027015));
#10450=CARTESIAN_POINT('Ctrl Pts',(-33.257965843608,35.4505303123274,-59.1861487585136));
#10451=CARTESIAN_POINT('Ctrl Pts',(-33.1473184082196,35.4500041292334,-59.0051005784559));
#10452=CARTESIAN_POINT('Ctrl Pts',(-33.1461595094417,35.4500000000001,-59.0032041496865));
#10453=CARTESIAN_POINT('Ctrl Pts',(-33.145,35.4500000000001,-59.0013067705989));
#10454=CARTESIAN_POINT('Ctrl Pts',(-34.2751901909073,35.5801901909074,-60.9608985648255));
#10455=CARTESIAN_POINT('Ctrl Pts',(-34.281593464058,35.5763663222835,-60.8330856666927));
#10456=CARTESIAN_POINT('Ctrl Pts',(-34.256111378592,35.5670567517148,-60.5688092307773));
#10457=CARTESIAN_POINT('Ctrl Pts',(-34.1334095756716,35.5484775566352,-60.2470297501222));
#10458=CARTESIAN_POINT('Ctrl Pts',(-33.9864454983918,35.5277082645252,-59.993729134609));
#10459=CARTESIAN_POINT('Ctrl Pts',(-33.8101464344519,35.503629052843,-59.742681023587));
#10460=CARTESIAN_POINT('Ctrl Pts',(-33.5354489669168,35.466890881992,-59.4212000170705));
#10461=CARTESIAN_POINT('Ctrl Pts',(-33.2784358620698,35.4501215720539,-59.1450578525166));
#10462=CARTESIAN_POINT('Ctrl Pts',(-33.1477404273829,35.4500011090802,-59.0042576373751));
#10463=CARTESIAN_POINT('Ctrl Pts',(-33.1463703293404,35.4500000000001,-59.0027825098894));
#10464=CARTESIAN_POINT('Ctrl Pts',(-33.145,35.4500000000001,-59.0013067705989));
#10465=CARTESIAN_POINT('Ctrl Pts',(-34.5879203673205,35.4500000000001,-60.9608985648255));
#10466=CARTESIAN_POINT('Ctrl Pts',(-34.59012077526,35.4500710417926,-60.799782164564));
#10467=CARTESIAN_POINT('Ctrl Pts',(-34.5426441353281,35.4498815972809,-60.4718990573464));
#10468=CARTESIAN_POINT('Ctrl Pts',(-34.3657861318599,35.4500691415137,-60.0969988669472));
#10469=CARTESIAN_POINT('Ctrl Pts',(-34.1667266910767,35.450183481584,-59.8263484616947));
#10470=CARTESIAN_POINT('Ctrl Pts',(-33.936212027154,35.4502969378179,-59.5776280649123));
#10471=CARTESIAN_POINT('Ctrl Pts',(-33.5964741471882,35.4503831099403,-59.302097624574));
#10472=CARTESIAN_POINT('Ctrl Pts',(-33.2990021781612,35.4500401573216,-59.1040138493295));
#10473=CARTESIAN_POINT('Ctrl Pts',(-33.1481617673464,35.449999715644,-59.0034143407435));
#10474=CARTESIAN_POINT('Ctrl Pts',(-33.1465811492391,35.4500000000001,-59.0023608700923));
#10475=CARTESIAN_POINT('Ctrl Pts',(-33.145,35.4500000000001,-59.0013067705989));
#10476=CARTESIAN_POINT('Ctrl Pts',(-34.745,35.4500000000001,-60.9608985648255));
#10477=CARTESIAN_POINT('Ctrl Pts',(-34.745,35.4500000000001,-60.7829831089429));
#10478=CARTESIAN_POINT('Ctrl Pts',(-34.6864328505792,35.4500000000002,-60.4230734234561));
#10479=CARTESIAN_POINT('Ctrl Pts',(-34.4821148022221,35.4500000000002,-60.0216045484117));
#10480=CARTESIAN_POINT('Ctrl Pts',(-34.2568026199934,35.4500000000002,-59.7424010456266));
#10481=CARTESIAN_POINT('Ctrl Pts',(-33.999048422034,35.4500000000002,-59.4950043569915));
#10482=CARTESIAN_POINT('Ctrl Pts',(-33.6267834107531,35.4500000000002,-59.2425662657209));
#10483=CARTESIAN_POINT('Ctrl Pts',(-33.3092644179494,35.4500000000003,-59.0834914460847));
#10484=CARTESIAN_POINT('Ctrl Pts',(-33.1483725854256,35.4500000000001,-59.0029926954031));
#10485=CARTESIAN_POINT('Ctrl Pts',(-33.1466865591885,35.4500000000001,-59.0021500501937));
#10486=CARTESIAN_POINT('Ctrl Pts',(-33.145,35.4500000000001,-59.0013067705989));
#10487=CARTESIAN_POINT('',(-34.145,36.0500000000001,-60.9608985648255));
#10488=CARTESIAN_POINT('Ctrl Pts',(-33.145,35.4500000000001,-59.0013067705989));
#10489=CARTESIAN_POINT('Ctrl Pts',(-33.1460540994924,35.4500000000001,-59.0034149695851));
#10490=CARTESIAN_POINT('Ctrl Pts',(-33.147107865891,35.4500064329026,-59.005521784199));
#10491=CARTESIAN_POINT('Ctrl Pts',(-33.2476652612186,35.4507622110802,-59.2067296238673));
#10492=CARTESIAN_POINT('Ctrl Pts',(-33.4461146317208,35.5544324591686,-59.5906564136592));
#10493=CARTESIAN_POINT('Ctrl Pts',(-33.6787802637714,35.7422506967618,-59.908418377927));
#10494=CARTESIAN_POINT('Ctrl Pts',(-33.8398766374959,35.8486183394756,-60.128091387618));
#10495=CARTESIAN_POINT('Ctrl Pts',(-33.9806967513889,35.9348567123429,-60.3419003977223));
#10496=CARTESIAN_POINT('Ctrl Pts',(-34.108395531612,36.0042934425766,-60.6144971414744));
#10497=CARTESIAN_POINT('Ctrl Pts',(-34.145,36.0369259374721,-60.8470326730606));
#10498=CARTESIAN_POINT('Ctrl Pts',(-34.145,36.0500000000001,-60.9608985648255));
#10499=CARTESIAN_POINT('Origin',(-34.745,36.0500000000001,-60.9608985648255));
#10500=CARTESIAN_POINT('Origin',(-34.745,36.0500000000001,-55.5013067705987));
#10501=CARTESIAN_POINT('',(-34.145,36.0500000000001,-62.0013067705989));
#10502=CARTESIAN_POINT('Origin',(-34.745,36.0500000000001,-62.0013067705989));
#10503=CARTESIAN_POINT('',(-34.145,36.0500000000001,-55.5013067705987));
#10504=CARTESIAN_POINT('Origin',(-34.145,38.4500000000001,-51.0013067705986));
#10505=CARTESIAN_POINT('',(-34.145,36.4500000000001,-61.0013067705989));
#10506=CARTESIAN_POINT('Origin',(-34.145,36.4500000000001,-59.0013067705989));
#10507=CARTESIAN_POINT('',(-34.145,37.4500000000001,-61.0013067705989));
#10508=CARTESIAN_POINT('',(-34.145,36.9500000000001,-61.0013067705989));
#10509=CARTESIAN_POINT('',(-34.145,39.4500000000001,-59.0013067705989));
#10510=CARTESIAN_POINT('Origin',(-34.145,37.4500000000001,-59.0013067705989));
#10511=CARTESIAN_POINT('',(-34.145,39.4500000000001,-56.0013067705989));
#10512=CARTESIAN_POINT('',(-34.145,39.4500000000001,-55.5013067705987));
#10513=CARTESIAN_POINT('',(-34.145,37.4500000000002,-54.0013067705989));
#10514=CARTESIAN_POINT('Origin',(-34.145,37.4500000000001,-56.0013067705989));
#10515=CARTESIAN_POINT('',(-34.145,39.4500000000001,-52.0013067705989));
#10516=CARTESIAN_POINT('Origin',(-34.145,37.4500000000001,-52.0013067705989));
#10517=CARTESIAN_POINT('',(-34.145,39.4500000000001,-49.4229674516224));
#10518=CARTESIAN_POINT('',(-34.145,39.4500000000001,-52.0013067705987));
#10519=CARTESIAN_POINT('',(-34.145,40.4500000000002,-51.2563007849558));
#10520=CARTESIAN_POINT('',(-34.145,37.2281553824997,-45.3495856528713));
#10521=CARTESIAN_POINT('',(-34.145,40.4500000000002,-62.0013067705989));
#10522=CARTESIAN_POINT('',(-34.145,40.4500000000002,-51.0013067705987));
#10523=CARTESIAN_POINT('',(-34.145,35.4500000000001,-62.0013067705989));
#10524=CARTESIAN_POINT('Origin',(-33.145,36.4500000000001,-59.0013067705989));
#10525=CARTESIAN_POINT('',(-33.145,36.4500000000001,-60.0013067705989));
#10526=CARTESIAN_POINT('Origin',(-33.145,36.4500000000001,-59.0013067705989));
#10527=CARTESIAN_POINT('Origin',(-33.145,36.4500000000001,-61.0013067705989));
#10528=CARTESIAN_POINT('Ctrl Pts',(-32.145,35.4500000000001,-59.0013067705989));
#10529=CARTESIAN_POINT('Ctrl Pts',(-32.1439459005065,35.4500000000001,-59.0034149695795));
#10530=CARTESIAN_POINT('Ctrl Pts',(-32.1428921266234,35.4500064817046,-59.0055137855495));
#10531=CARTESIAN_POINT('Ctrl Pts',(-32.0096631908962,35.450999295635,-59.2735528435243));
#10532=CARTESIAN_POINT('Ctrl Pts',(-31.8337539940061,35.5704669910834,-59.5992768748353));
#10533=CARTESIAN_POINT('Ctrl Pts',(-31.6310597564817,35.722957377357,-59.8806425987178));
#10534=CARTESIAN_POINT('Ctrl Pts',(-31.5555573807407,35.7763101284535,-59.9844385640398));
#10535=CARTESIAN_POINT('Ctrl Pts',(-31.5196918285807,35.8007427969722,-60.0337519815896));
#10536=CARTESIAN_POINT('Ctrl Pts',(-32.145,35.4500000000001,-59.0013067705989));
#10537=CARTESIAN_POINT('Ctrl Pts',(-32.1437227612841,35.4499976224875,-59.0029268420883));
#10538=CARTESIAN_POINT('Ctrl Pts',(-32.1424839506989,35.4500026258607,-59.0047440392021));
#10539=CARTESIAN_POINT('Ctrl Pts',(-31.981728911425,35.4512701613585,-59.2143398282104));
#10540=CARTESIAN_POINT('Ctrl Pts',(-31.7746483874159,35.4895897042214,-59.4940560522616));
#10541=CARTESIAN_POINT('Ctrl Pts',(-31.5634833205696,35.5559194550843,-59.7944551714499));
#10542=CARTESIAN_POINT('Ctrl Pts',(-31.4887544838006,35.5807579663974,-59.9085207918788));
#10543=CARTESIAN_POINT('Ctrl Pts',(-31.4544435155667,35.5929147216289,-59.964819821466));
#10544=CARTESIAN_POINT('Ctrl Pts',(-32.145,35.4500000000001,-59.0013067705989));
#10545=CARTESIAN_POINT('Ctrl Pts',(-32.1435195318581,35.4500000000001,-59.0025843617059));
#10546=CARTESIAN_POINT('Ctrl Pts',(-32.14205421546,35.4500000000001,-59.0038227477575));
#10547=CARTESIAN_POINT('Ctrl Pts',(-31.9551775163746,35.4500000000006,-59.1645480621536));
#10548=CARTESIAN_POINT('Ctrl Pts',(-31.7106585649013,35.4500000000001,-59.3726703809944));
#10549=CARTESIAN_POINT('Ctrl Pts',(-31.44392326515,35.4500000000002,-59.6387474394187));
#10550=CARTESIAN_POINT('Ctrl Pts',(-31.3469496149304,35.4500000000001,-59.7481077709361));
#10551=CARTESIAN_POINT('Ctrl Pts',(-31.3015695394986,35.4500000000001,-59.8033147509091));
#10552=CARTESIAN_POINT('Ctrl Pts',(-32.145,35.4500000000001,-59.0013067705989));
#10553=CARTESIAN_POINT('Ctrl Pts',(-32.1433134408135,35.4500000000001,-59.0021500501896));
#10554=CARTESIAN_POINT('Ctrl Pts',(-32.1416274025975,35.4500000000001,-59.0029933170555));
#10555=CARTESIAN_POINT('Ctrl Pts',(-31.9284611054342,35.4500000000006,-59.1095334255125));
#10556=CARTESIAN_POINT('Ctrl Pts',(-31.6470063904097,35.4500000000001,-59.2513357105462));
#10557=CARTESIAN_POINT('Ctrl Pts',(-31.3226956103707,35.4500000000002,-59.4802543871919));
#10558=CARTESIAN_POINT('Ctrl Pts',(-31.2018918091851,35.4500000000001,-59.583066415177));
#10559=CARTESIAN_POINT('Ctrl Pts',(-31.1445069257291,35.4500000000001,-59.6373845568295));
#10560=CARTESIAN_POINT('',(-31.3843002143336,35.5618174492847,-59.8907163075383));
#10561=CARTESIAN_POINT('',(-31.6685243884758,35.69435335832,-59.82908596248));
#10562=CARTESIAN_POINT('Ctrl Pts',(-31.3843002143336,35.5618174492847,-59.8907163075383));
#10563=CARTESIAN_POINT('Ctrl Pts',(-31.4003963452615,35.569323198403,-59.8899443221128));
#10564=CARTESIAN_POINT('Ctrl Pts',(-31.4169925533477,35.5770621373299,-59.8883238181263));
#10565=CARTESIAN_POINT('Ctrl Pts',(-31.4963284626444,35.6140570794017,-59.8775556098684));
#10566=CARTESIAN_POINT('Ctrl Pts',(-31.5714960590993,35.6491083052737,-59.8589829048064));
#10567=CARTESIAN_POINT('Ctrl Pts',(-31.6685243884758,35.69435335832,-59.82908596248));
#10568=CARTESIAN_POINT('Ctrl Pts',(-31.6682803425944,35.6946845554271,-59.8287493479085));
#10569=CARTESIAN_POINT('Ctrl Pts',(-31.6961588694453,35.6740555382088,-59.7898119810828));
#10570=CARTESIAN_POINT('Ctrl Pts',(-31.8470331988915,35.5614484972633,-59.5746883017286));
#10571=CARTESIAN_POINT('Ctrl Pts',(-32.0096631908962,35.450999295635,-59.2735528435243));
#10572=CARTESIAN_POINT('Ctrl Pts',(-32.1428921266234,35.4500064817046,-59.0055137855495));
#10573=CARTESIAN_POINT('Ctrl Pts',(-32.1439459005065,35.4500000000001,-59.0034149695795));
#10574=CARTESIAN_POINT('Ctrl Pts',(-32.145,35.4500000000001,-59.0013067705989));
#10575=CARTESIAN_POINT('Origin',(-31.1445069257292,36.0500000000001,-59.6373845568295));
#10576=CARTESIAN_POINT('Ctrl Pts',(-31.3843002149564,35.561817449932,-59.8907163081963));
#10577=CARTESIAN_POINT('Ctrl Pts',(-31.3672033512858,35.5654086550525,-59.9138199137137));
#10578=CARTESIAN_POINT('Ctrl Pts',(-31.3505291517108,35.5689010018086,-59.9369735081575));
#10579=CARTESIAN_POINT('Ctrl Pts',(-31.3343206899922,35.5722829209301,-59.9601927802415));
#10580=CARTESIAN_POINT('Ctrl Pts',(-31.3148978535338,35.4896790820786,-59.8173955667158));
#10581=CARTESIAN_POINT('Ctrl Pts',(-31.296081303829,35.4910180581304,-59.8408532382598));
#10582=CARTESIAN_POINT('Ctrl Pts',(-31.2776974141727,35.4923755825695,-59.8645008588958));
#10583=CARTESIAN_POINT('Ctrl Pts',(-31.2598356820939,35.4936499944943,-59.8883646486724));
#10584=CARTESIAN_POINT('Ctrl Pts',(-31.229805789541,35.4500000000001,-59.7274992995259));
#10585=CARTESIAN_POINT('Ctrl Pts',(-31.2082591657221,35.4499834480162,-59.7507373360719));
#10586=CARTESIAN_POINT('Ctrl Pts',(-31.1871448816045,35.4500171068789,-59.7743708009627));
#10587=CARTESIAN_POINT('Ctrl Pts',(-31.1665569531169,35.4500000000001,-59.7984131670709));
#10588=CARTESIAN_POINT('Ctrl Pts',(-31.1445069257292,35.4500000000001,-59.6373845568295));
#10589=CARTESIAN_POINT('Ctrl Pts',(-31.120207012863,35.4500000000001,-59.6603858427034));
#10590=CARTESIAN_POINT('Ctrl Pts',(-31.0963467775324,35.4500000000001,-59.6839945449108));
#10591=CARTESIAN_POINT('Ctrl Pts',(-31.0730057557723,35.4500000000001,-59.7081989360341));
#10592=CARTESIAN_POINT('Ctrl Pts',(-31.1445069205092,35.4500000000001,-59.6373845568295));
#10593=CARTESIAN_POINT('Ctrl Pts',(-31.1445069201306,35.4499999998236,-59.6780344700354));
#10594=CARTESIAN_POINT('Ctrl Pts',(-31.1491794818844,35.4521788511526,-59.72005120361));
#10595=CARTESIAN_POINT('Ctrl Pts',(-31.1704668652769,35.4621053210506,-59.7833762331877));
#10596=CARTESIAN_POINT('Ctrl Pts',(-31.1825522290256,35.4677408187182,-59.8068064631924));
#10597=CARTESIAN_POINT('Ctrl Pts',(-31.2134502600703,35.4821488072163,-59.8436697237749));
#10598=CARTESIAN_POINT('Ctrl Pts',(-31.2301846030169,35.4899521594864,-59.8570063269215));
#10599=CARTESIAN_POINT('Ctrl Pts',(-31.2695004282704,35.5082854298889,-59.8777274735049));
#10600=CARTESIAN_POINT('Ctrl Pts',(-31.2914427700525,35.5185173118627,-59.8841054573282));
#10601=CARTESIAN_POINT('Ctrl Pts',(-31.3369315385253,35.5397290729616,-59.8912493634653));
#10602=CARTESIAN_POINT('Ctrl Pts',(-31.3609416924975,35.5509251916693,-59.8918366039935));
#10603=CARTESIAN_POINT('Ctrl Pts',(-31.3843002143336,35.5618174492847,-59.8907163075383));
#10604=CARTESIAN_POINT('Origin',(-32.145,36.4500000000001,-59.0013067705989));
#10605=CARTESIAN_POINT('',(-31.145,35.4502299267428,-60.7334903060879));
#10606=CARTESIAN_POINT('Ctrl Pts',(-31.6685243884758,35.69435335832,-59.82908596248));
#10607=CARTESIAN_POINT('Ctrl Pts',(-31.6382378034149,35.6802304917667,-59.8384180440756));
#10608=CARTESIAN_POINT('Ctrl Pts',(-31.6083424768749,35.666290072058,-59.8505541454832));
#10609=CARTESIAN_POINT('Ctrl Pts',(-31.5349912188646,35.6320858187126,-59.8869579913249));
#10610=CARTESIAN_POINT('Ctrl Pts',(-31.4824422485034,35.607581831405,-59.9233530558522));
#10611=CARTESIAN_POINT('Ctrl Pts',(-31.3541180134117,35.5477432578548,-60.0398670384532));
#10612=CARTESIAN_POINT('Ctrl Pts',(-31.2750907650544,35.5108922467429,-60.1638584297888));
#10613=CARTESIAN_POINT('Ctrl Pts',(-31.1753697450809,35.4643915714502,-60.4138043614285));
#10614=CARTESIAN_POINT('Ctrl Pts',(-31.145,35.4502299267428,-60.5867162279994));
#10615=CARTESIAN_POINT('Ctrl Pts',(-31.145,35.4502299267428,-60.7334903060879));
#10616=CARTESIAN_POINT('',(-31.145,36.4500000000001,-61.0013067705989));
#10617=CARTESIAN_POINT('Origin',(-31.145,36.4500000000001,-59.0013067705989));
#10618=CARTESIAN_POINT('',(-32.145,36.4500000000001,-60.0013067705989));
#10619=CARTESIAN_POINT('Origin',(-32.145,36.4500000000001,-61.0013067705989));
#10620=CARTESIAN_POINT('Origin',(-32.145,36.4500000000001,-59.0013067705989));
#10621=CARTESIAN_POINT('Ctrl Pts',(-31.5196918253183,35.8007427991946,-54.9688615551226));
#10622=CARTESIAN_POINT('Ctrl Pts',(-31.5914229298482,35.7518774621396,-55.0674883906256));
#10623=CARTESIAN_POINT('Ctrl Pts',(-31.710534034985,35.6623015711801,-55.2258346699936));
#10624=CARTESIAN_POINT('Ctrl Pts',(-31.9215664801551,35.5099071475935,-55.5605448403808));
#10625=CARTESIAN_POINT('Ctrl Pts',(-32.053760668474,35.4507076376355,-55.8186720642997));
#10626=CARTESIAN_POINT('Ctrl Pts',(-32.1428918023857,35.4500061556358,-55.997091689157));
#10627=CARTESIAN_POINT('Ctrl Pts',(-32.1439459005065,35.4500000000001,-55.9991985716184));
#10628=CARTESIAN_POINT('Ctrl Pts',(-32.145,35.4500000000001,-56.0013067705989));
#10629=CARTESIAN_POINT('Ctrl Pts',(-31.4824070750989,35.6819838983543,-55.0082513605782));
#10630=CARTESIAN_POINT('Ctrl Pts',(-31.5523691218382,35.6473703848057,-55.1142158303462));
#10631=CARTESIAN_POINT('Ctrl Pts',(-31.6722583369316,35.5857237139877,-55.2823889678327));
#10632=CARTESIAN_POINT('Ctrl Pts',(-31.8963447119574,35.4869924585057,-55.6089492981497));
#10633=CARTESIAN_POINT('Ctrl Pts',(-32.0432987497311,35.4504747093941,-55.8396295496264));
#10634=CARTESIAN_POINT('Ctrl Pts',(-32.1426511475046,35.450003518348,-55.997572711727));
#10635=CARTESIAN_POINT('Ctrl Pts',(-32.1438254319935,35.4500000000001,-55.999439508645));
#10636=CARTESIAN_POINT('Ctrl Pts',(-32.145,35.4500000000001,-56.0013067705989));
#10637=CARTESIAN_POINT('Ctrl Pts',(-31.3689691924337,35.5069494656837,-55.1280938190414));
#10638=CARTESIAN_POINT('Ctrl Pts',(-31.4495867550879,35.4978180054709,-55.2396305511911));
#10639=CARTESIAN_POINT('Ctrl Pts',(-31.5888158078962,35.4821650975773,-55.4080315789465));
#10640=CARTESIAN_POINT('Ctrl Pts',(-31.8519029628667,35.4583804762184,-55.6956386271815));
#10641=CARTESIAN_POINT('Ctrl Pts',(-32.0250836940876,35.4500947351053,-55.8761507216479));
#10642=CARTESIAN_POINT('Ctrl Pts',(-32.1422292480528,35.4500009298046,-55.9984157564507));
#10643=CARTESIAN_POINT('Ctrl Pts',(-32.1436146120959,35.4500000000001,-55.9998611484416));
#10644=CARTESIAN_POINT('Ctrl Pts',(-32.145,35.4500000000001,-56.0013067705989));
#10645=CARTESIAN_POINT('Ctrl Pts',(-31.2118194697336,35.4500000000001,-55.2941160390681));
#10646=CARTESIAN_POINT('Ctrl Pts',(-31.3163644069168,35.4500384994084,-55.4036077836209));
#10647=CARTESIAN_POINT('Ctrl Pts',(-31.4915488103619,35.4500383435687,-55.5557703492177));
#10648=CARTESIAN_POINT('Ctrl Pts',(-31.8068376345936,35.4500511380652,-55.7841617874498));
#10649=CARTESIAN_POINT('Ctrl Pts',(-32.0068390436364,35.450008858292,-55.9126625933225));
#10650=CARTESIAN_POINT('Ctrl Pts',(-32.1418075772675,35.4499999294451,-55.9992588931892));
#10651=CARTESIAN_POINT('Ctrl Pts',(-32.1434037921982,35.4500000000001,-56.0002827882383));
#10652=CARTESIAN_POINT('Ctrl Pts',(-32.145,35.4500000000001,-56.0013067705989));
#10653=CARTESIAN_POINT('Ctrl Pts',(-31.1445069205093,35.4500000000001,-55.3652289794274));
#10654=CARTESIAN_POINT('Ctrl Pts',(-31.2592766877572,35.4500000000001,-55.4738652637421));
#10655=CARTESIAN_POINT('Ctrl Pts',(-31.4498544559762,35.4500000000001,-55.6190893610316));
#10656=CARTESIAN_POINT('Ctrl Pts',(-31.7875063682484,35.4500000000001,-55.8221197785003));
#10657=CARTESIAN_POINT('Ctrl Pts',(-31.999017069559,35.4499999999999,-55.9283135323113));
#10658=CARTESIAN_POINT('Ctrl Pts',(-32.1416268838171,35.4500000000001,-55.9996202136688));
#10659=CARTESIAN_POINT('Ctrl Pts',(-32.1433134408135,35.4500000000001,-56.0004634910083));
#10660=CARTESIAN_POINT('Ctrl Pts',(-32.145,35.4500000000001,-56.0013067705989));
#10661=CARTESIAN_POINT('',(-31.6685243884758,35.69435335832,-55.1735275787178));
#10662=CARTESIAN_POINT('',(-31.3843002063269,35.5618174455511,-55.1118972332755));
#10663=CARTESIAN_POINT('Ctrl Pts',(-31.6685243884758,35.69435335832,-55.1735275787178));
#10664=CARTESIAN_POINT('Ctrl Pts',(-31.5450546898212,35.6367784922872,-55.1354833654096));
#10665=CARTESIAN_POINT('Ctrl Pts',(-31.4548186488625,35.5947007353466,-55.115279362236));
#10666=CARTESIAN_POINT('Ctrl Pts',(-31.3843002063269,35.5618174455511,-55.1118972332755));
#10667=CARTESIAN_POINT('Origin',(-31.1445069205093,36.0500000000001,-55.3652289794274));
#10668=CARTESIAN_POINT('Ctrl Pts',(-32.145,35.4500000000001,-56.0013067705989));
#10669=CARTESIAN_POINT('Ctrl Pts',(-32.1439459005065,35.4500000000001,-55.9991985716184));
#10670=CARTESIAN_POINT('Ctrl Pts',(-32.1428918023857,35.4500061556358,-55.997091689157));
#10671=CARTESIAN_POINT('Ctrl Pts',(-32.053760668474,35.4507076376355,-55.8186720642997));
#10672=CARTESIAN_POINT('Ctrl Pts',(-31.9215664801551,35.5099071475935,-55.5605448403808));
#10673=CARTESIAN_POINT('Ctrl Pts',(-31.7654897277138,35.6226160095146,-55.3129977091281));
#10674=CARTESIAN_POINT('Ctrl Pts',(-31.6962311112432,35.6737710426585,-55.212942232097));
#10675=CARTESIAN_POINT('Ctrl Pts',(-31.6683532416921,35.6942715091475,-55.1736062155949));
#10676=CARTESIAN_POINT('Ctrl Pts',(-31.3343562009515,35.5722755047705,-55.0424716434104));
#10677=CARTESIAN_POINT('Ctrl Pts',(-31.3505535025241,35.5688958957388,-55.0656738595499));
#10678=CARTESIAN_POINT('Ctrl Pts',(-31.3672158312108,35.5654060272574,-55.0888105040427));
#10679=CARTESIAN_POINT('Ctrl Pts',(-31.3843002063269,35.5618174455511,-55.1118972332755));
#10680=CARTESIAN_POINT('Ctrl Pts',(-31.2598748323761,35.4936471642959,-55.1143011764645));
#10681=CARTESIAN_POINT('Ctrl Pts',(-31.2777242495769,35.4923736324852,-55.1381472395538));
#10682=CARTESIAN_POINT('Ctrl Pts',(-31.2960950404675,35.4910170783353,-55.1617774370945));
#10683=CARTESIAN_POINT('Ctrl Pts',(-31.3148978454534,35.489679080426,-55.1852179737091));
#10684=CARTESIAN_POINT('Ctrl Pts',(-31.1666020750461,35.4500000000001,-55.2042530494472));
#10685=CARTESIAN_POINT('Ctrl Pts',(-31.1871757110965,35.4500170941138,-55.2282772722793));
#10686=CARTESIAN_POINT('Ctrl Pts',(-31.2082748980599,35.4499834601083,-55.2518931767418));
#10687=CARTESIAN_POINT('Ctrl Pts',(-31.2298057828808,35.4500000000001,-55.2751142388263));
#10688=CARTESIAN_POINT('Ctrl Pts',(-31.0730569008056,35.4500000000001,-55.2944676402057));
#10689=CARTESIAN_POINT('Ctrl Pts',(-31.0963816303527,35.4500000000001,-55.3186534827758));
#10690=CARTESIAN_POINT('Ctrl Pts',(-31.1202247578803,35.4500000000001,-55.3422444950428));
#10691=CARTESIAN_POINT('Ctrl Pts',(-31.1445069205093,35.4500000000001,-55.3652289794274));
#10692=CARTESIAN_POINT('Ctrl Pts',(-31.3843002063269,35.5618174455511,-55.1118972332755));
#10693=CARTESIAN_POINT('Ctrl Pts',(-31.3653955079911,35.553002039942,-55.1109905466637));
#10694=CARTESIAN_POINT('Ctrl Pts',(-31.3470689738991,35.544479769974,-55.1112598139016));
#10695=CARTESIAN_POINT('Ctrl Pts',(-31.3294960072669,35.5363231325169,-55.1130151361995));
#10696=CARTESIAN_POINT('Ctrl Pts',(-31.314192695988,35.5292199743191,-55.1145437479633));
#10697=CARTESIAN_POINT('Ctrl Pts',(-31.2994607717085,35.5223923135436,-55.1172001801044));
#10698=CARTESIAN_POINT('Ctrl Pts',(-31.2854324345077,35.5158865202006,-55.1212169469014));
#10699=CARTESIAN_POINT('Ctrl Pts',(-31.272384211053,35.5098352652247,-55.1249530754235));
#10700=CARTESIAN_POINT('Ctrl Pts',(-31.2598042702568,35.5039975559684,-55.1299059854377));
#10701=CARTESIAN_POINT('Ctrl Pts',(-31.2478640416363,35.4984509974225,-55.1363259096974));
#10702=CARTESIAN_POINT('Ctrl Pts',(-31.2385541225979,35.4941262886883,-55.1413315906596));
#10703=CARTESIAN_POINT('Ctrl Pts',(-31.2296335145899,35.4899790157947,-55.1472295717428));
#10704=CARTESIAN_POINT('Ctrl Pts',(-31.2212044370667,35.4860534096078,-55.1541399468921));
#10705=CARTESIAN_POINT('Ctrl Pts',(-31.208306997015,35.4800467890348,-55.1647136008866));
#10706=CARTESIAN_POINT('Ctrl Pts',(-31.197192430296,35.4748572456184,-55.1771270275799));
#10707=CARTESIAN_POINT('Ctrl Pts',(-31.1877440242507,35.470431052213,-55.1911665824299));
#10708=CARTESIAN_POINT('Ctrl Pts',(-31.184443163098,35.4688847332046,-55.1960713908161));
#10709=CARTESIAN_POINT('Ctrl Pts',(-31.1813452241094,35.4674314742378,-55.2011745222135));
#10710=CARTESIAN_POINT('Ctrl Pts',(-31.1784438251797,35.4660689283578,-55.2064663257823));
#10711=CARTESIAN_POINT('Ctrl Pts',(-31.1718980868619,35.4629949392264,-55.2184049671853));
#10712=CARTESIAN_POINT('Ctrl Pts',(-31.1664871352941,35.4604478231536,-55.2310484469337));
#10713=CARTESIAN_POINT('Ctrl Pts',(-31.1620717718427,35.4583599924899,-55.24411869844));
#10714=CARTESIAN_POINT('Ctrl Pts',(-31.1582633241442,35.4565591455214,-55.255392372695));
#10715=CARTESIAN_POINT('Ctrl Pts',(-31.1551947818662,35.4550995551625,-55.2669832964216));
#10716=CARTESIAN_POINT('Ctrl Pts',(-31.1527458081672,35.453934517963,-55.2787145944099));
#10717=CARTESIAN_POINT('Ctrl Pts',(-31.1496089131895,35.4524422196417,-55.2937412358789));
#10718=CARTESIAN_POINT('Ctrl Pts',(-31.147462957967,35.4514207071641,-55.3091322466929));
#10719=CARTESIAN_POINT('Ctrl Pts',(-31.1461545823653,35.4507939958863,-55.3246151772991));
#10720=CARTESIAN_POINT('Ctrl Pts',(-31.1450115831963,35.4502464998394,-55.3381410920246));
#10721=CARTESIAN_POINT('Ctrl Pts',(-31.1445069205093,35.4500000000001,-55.3517369848815));
#10722=CARTESIAN_POINT('Ctrl Pts',(-31.1445069205093,35.4500000000001,-55.3652289794274));
#10723=CARTESIAN_POINT('Ctrl Pts',(-32.145,35.4500000000001,-52.0013067705989));
#10724=CARTESIAN_POINT('Ctrl Pts',(-32.143945900507,35.4500000000001,-52.0034149695819));
#10725=CARTESIAN_POINT('Ctrl Pts',(-32.1428918023945,35.4500061556842,-52.0055218519077));
#10726=CARTESIAN_POINT('Ctrl Pts',(-32.0537606679781,35.4507076315752,-52.1839414925736));
#10727=CARTESIAN_POINT('Ctrl Pts',(-31.9215664779357,35.5099071237407,-52.4420687597594));
#10728=CARTESIAN_POINT('Ctrl Pts',(-31.7105340320884,35.6623015672068,-52.77677891768));
#10729=CARTESIAN_POINT('Ctrl Pts',(-31.5914229329007,35.7518774599348,-52.9351251464899));
#10730=CARTESIAN_POINT('Ctrl Pts',(-31.5196918285807,35.8007427969722,-53.0337519815896));
#10731=CARTESIAN_POINT('Ctrl Pts',(-32.145,35.4500000000001,-52.0013067705989));
#10732=CARTESIAN_POINT('Ctrl Pts',(-32.1437330070392,35.4500072716836,-52.0029806773555));
#10733=CARTESIAN_POINT('Ctrl Pts',(-32.1424729620944,35.449992451344,-52.0046959303956));
#10734=CARTESIAN_POINT('Ctrl Pts',(-32.0352683722699,35.4511534264306,-52.1458765388857));
#10735=CARTESIAN_POINT('Ctrl Pts',(-31.8776387410854,35.4693693528976,-52.3576288074971));
#10736=CARTESIAN_POINT('Ctrl Pts',(-31.643695432932,35.5284190942607,-52.6775346053366));
#10737=CARTESIAN_POINT('Ctrl Pts',(-31.5231799137307,35.5681913663658,-52.8536424812094));
#10738=CARTESIAN_POINT('Ctrl Pts',(-31.4544435155667,35.5929147216289,-52.964819821466));
#10739=CARTESIAN_POINT('Ctrl Pts',(-32.145,35.4500000000001,-52.0013067705989));
#10740=CARTESIAN_POINT('Ctrl Pts',(-32.143523541981,35.4500000000001,-52.0025739619452));
#10741=CARTESIAN_POINT('Ctrl Pts',(-32.1420495218879,35.4500000000001,-52.0038335753482));
#10742=CARTESIAN_POINT('Ctrl Pts',(-32.0171726529949,35.4500000000001,-52.1110536181761));
#10743=CARTESIAN_POINT('Ctrl Pts',(-31.832531779442,35.4500000000001,-52.269080390069));
#10744=CARTESIAN_POINT('Ctrl Pts',(-31.5470680946376,35.4500000000001,-52.5313295569484));
#10745=CARTESIAN_POINT('Ctrl Pts',(-31.392389883759,35.4500000000001,-52.6928643244069));
#10746=CARTESIAN_POINT('Ctrl Pts',(-31.3015695394986,35.4500000000001,-52.8033147509091));
#10747=CARTESIAN_POINT('Ctrl Pts',(-32.145,35.4500000000001,-52.0013067705989));
#10748=CARTESIAN_POINT('Ctrl Pts',(-32.1433134408127,35.4500000000001,-52.0021500501914));
#10749=CARTESIAN_POINT('Ctrl Pts',(-32.1416268838312,35.4500000000001,-52.0029933275386));
#10750=CARTESIAN_POINT('Ctrl Pts',(-31.9990170687653,35.4500000000001,-52.0743000072949));
#10751=CARTESIAN_POINT('Ctrl Pts',(-31.7875063646972,35.4500000000001,-52.1804937570325));
#10752=CARTESIAN_POINT('Ctrl Pts',(-31.4498544513416,35.4500000000001,-52.3835241730741));
#10753=CARTESIAN_POINT('Ctrl Pts',(-31.2592766926412,35.4500000000001,-52.5287482735243));
#10754=CARTESIAN_POINT('Ctrl Pts',(-31.1445069257291,35.4500000000001,-52.6373845568295));
#10755=CARTESIAN_POINT('',(-31.3843002143336,35.5618174492847,-52.8907163075383));
#10756=CARTESIAN_POINT('',(-31.6685243884758,35.69435335832,-52.82908596248));
#10757=CARTESIAN_POINT('Ctrl Pts',(-31.3843002143336,35.5618174492847,-52.8907163075383));
#10758=CARTESIAN_POINT('Ctrl Pts',(-31.4003963452615,35.569323198403,-52.8899443221128));
#10759=CARTESIAN_POINT('Ctrl Pts',(-31.4169925533477,35.5770621373299,-52.8883238181263));
#10760=CARTESIAN_POINT('Ctrl Pts',(-31.4963284626441,35.6140570794016,-52.8775556098685));
#10761=CARTESIAN_POINT('Ctrl Pts',(-31.5714960590988,35.6491083052735,-52.8589829048066));
#10762=CARTESIAN_POINT('Ctrl Pts',(-31.6685243884758,35.69435335832,-52.82908596248));
#10763=CARTESIAN_POINT('Ctrl Pts',(-31.6683532503137,35.694271498103,-52.8290073374602));
#10764=CARTESIAN_POINT('Ctrl Pts',(-31.6962311162717,35.6737710326154,-52.7896713322048));
#10765=CARTESIAN_POINT('Ctrl Pts',(-31.7654897280682,35.6226159981441,-52.6896158769154));
#10766=CARTESIAN_POINT('Ctrl Pts',(-31.9215664779357,35.5099071237407,-52.4420687597594));
#10767=CARTESIAN_POINT('Ctrl Pts',(-32.0537606679781,35.4507076315752,-52.1839414925736));
#10768=CARTESIAN_POINT('Ctrl Pts',(-32.1428918023945,35.4500061556842,-52.0055218519077));
#10769=CARTESIAN_POINT('Ctrl Pts',(-32.143945900507,35.4500000000001,-52.0034149695819));
#10770=CARTESIAN_POINT('Ctrl Pts',(-32.145,35.4500000000001,-52.0013067705989));
#10771=CARTESIAN_POINT('Origin',(-31.1445069257292,36.0500000000001,-52.6373845568295));
#10772=CARTESIAN_POINT('Ctrl Pts',(-31.3843002149564,35.561817449932,-52.8907163081962));
#10773=CARTESIAN_POINT('Ctrl Pts',(-31.3672033512858,35.5654086550525,-52.9138199137137));
#10774=CARTESIAN_POINT('Ctrl Pts',(-31.3505291517107,35.5689010018086,-52.9369735081575));
#10775=CARTESIAN_POINT('Ctrl Pts',(-31.3343206899922,35.5722829209301,-52.9601927802415));
#10776=CARTESIAN_POINT('Ctrl Pts',(-31.3148978535338,35.4896790820786,-52.8173955667158));
#10777=CARTESIAN_POINT('Ctrl Pts',(-31.296081303829,35.4910180581304,-52.8408532382598));
#10778=CARTESIAN_POINT('Ctrl Pts',(-31.2776974141727,35.4923755825695,-52.8645008588958));
#10779=CARTESIAN_POINT('Ctrl Pts',(-31.2598356820939,35.4936499944943,-52.8883646486724));
#10780=CARTESIAN_POINT('Ctrl Pts',(-31.229805789541,35.4500000000001,-52.7274992995259));
#10781=CARTESIAN_POINT('Ctrl Pts',(-31.2082591657221,35.4499834480162,-52.7507373360719));
#10782=CARTESIAN_POINT('Ctrl Pts',(-31.1871448816045,35.4500171068789,-52.7743708009627));
#10783=CARTESIAN_POINT('Ctrl Pts',(-31.1665569531169,35.4500000000001,-52.7984131670709));
#10784=CARTESIAN_POINT('Ctrl Pts',(-31.1445069257292,35.4500000000001,-52.6373845568295));
#10785=CARTESIAN_POINT('Ctrl Pts',(-31.120207012863,35.4500000000001,-52.6603858427033));
#10786=CARTESIAN_POINT('Ctrl Pts',(-31.0963467775324,35.4500000000001,-52.6839945449108));
#10787=CARTESIAN_POINT('Ctrl Pts',(-31.0730057557723,35.4500000000001,-52.7081989360341));
#10788=CARTESIAN_POINT('Ctrl Pts',(-31.1445069205092,35.4500000000001,-52.6373845568295));
#10789=CARTESIAN_POINT('Ctrl Pts',(-31.1445069201306,35.4499999998236,-52.6780344700354));
#10790=CARTESIAN_POINT('Ctrl Pts',(-31.1491794818844,35.4521788511526,-52.72005120361));
#10791=CARTESIAN_POINT('Ctrl Pts',(-31.1704668652769,35.4621053210506,-52.7833762331875));
#10792=CARTESIAN_POINT('Ctrl Pts',(-31.1825522290256,35.4677408187182,-52.8068064631923));
#10793=CARTESIAN_POINT('Ctrl Pts',(-31.2134502600704,35.4821488072163,-52.843669723775));
#10794=CARTESIAN_POINT('Ctrl Pts',(-31.2301846030171,35.4899521594865,-52.8570063269216));
#10795=CARTESIAN_POINT('Ctrl Pts',(-31.2695004282704,35.5082854298889,-52.8777274735049));
#10796=CARTESIAN_POINT('Ctrl Pts',(-31.2914427700524,35.5185173118626,-52.8841054573281));
#10797=CARTESIAN_POINT('Ctrl Pts',(-31.3369315385253,35.5397290729616,-52.8912493634653));
#10798=CARTESIAN_POINT('Ctrl Pts',(-31.3609416924975,35.5509251916693,-52.8918366039935));
#10799=CARTESIAN_POINT('Ctrl Pts',(-31.3843002143336,35.5618174492847,-52.8907163075383));
#10800=CARTESIAN_POINT('Origin',(-32.145,36.4500000000001,-52.0013067705989));
#10801=CARTESIAN_POINT('',(-31.145,35.4502299267428,-53.7334903060879));
#10802=CARTESIAN_POINT('Ctrl Pts',(-31.6685243884758,35.69435335832,-52.82908596248));
#10803=CARTESIAN_POINT('Ctrl Pts',(-31.6382378034149,35.6802304917667,-52.8384180440756));
#10804=CARTESIAN_POINT('Ctrl Pts',(-31.6083424768748,35.666290072058,-52.8505541454832));
#10805=CARTESIAN_POINT('Ctrl Pts',(-31.5349912188646,35.6320858187125,-52.8869579913249));
#10806=CARTESIAN_POINT('Ctrl Pts',(-31.4824422485034,35.607581831405,-52.9233530558522));
#10807=CARTESIAN_POINT('Ctrl Pts',(-31.3541180134117,35.5477432578548,-53.0398670384532));
#10808=CARTESIAN_POINT('Ctrl Pts',(-31.2750907650544,35.5108922467429,-53.1638584297888));
#10809=CARTESIAN_POINT('Ctrl Pts',(-31.1753697450809,35.4643915714502,-53.4138043614285));
#10810=CARTESIAN_POINT('Ctrl Pts',(-31.145,35.4502299267428,-53.5867162279994));
#10811=CARTESIAN_POINT('Ctrl Pts',(-31.145,35.4502299267428,-53.7334903060879));
#10812=CARTESIAN_POINT('',(-31.145,36.4500000000001,-54.0013067705989));
#10813=CARTESIAN_POINT('Origin',(-31.145,36.4500000000001,-52.0013067705989));
#10814=CARTESIAN_POINT('',(-32.145,36.4500000000002,-53.0013067705989));
#10815=CARTESIAN_POINT('Origin',(-32.145,36.4500000000001,-54.0013067705989));
#10816=CARTESIAN_POINT('Origin',(-32.145,36.4500000000001,-52.0013067705989));
#10817=CARTESIAN_POINT('Ctrl Pts',(-31.5196918253183,35.8007427991946,-47.9688615551226));
#10818=CARTESIAN_POINT('Ctrl Pts',(-31.5914229298482,35.7518774621396,-48.0674883906256));
#10819=CARTESIAN_POINT('Ctrl Pts',(-31.7105340229152,35.6623015666894,-48.2258345582837));
#10820=CARTESIAN_POINT('Ctrl Pts',(-31.9215664722633,35.5099070960911,-48.5605447034574));
#10821=CARTESIAN_POINT('Ctrl Pts',(-32.0537606661783,35.4507076241376,-48.8186720269593));
#10822=CARTESIAN_POINT('Ctrl Pts',(-32.1428918024041,35.4500061557437,-48.9970916894557));
#10823=CARTESIAN_POINT('Ctrl Pts',(-32.1439459005065,35.4500000000001,-48.9991985716184));
#10824=CARTESIAN_POINT('Ctrl Pts',(-32.145,35.4500000000001,-49.0013067705989));
#10825=CARTESIAN_POINT('Ctrl Pts',(-31.4824070750989,35.6819838983543,-48.0082513605782));
#10826=CARTESIAN_POINT('Ctrl Pts',(-31.5523691218382,35.6473703848057,-48.1142158303462));
#10827=CARTESIAN_POINT('Ctrl Pts',(-31.6722583435731,35.5857236865589,-48.2823888647868));
#10828=CARTESIAN_POINT('Ctrl Pts',(-31.8963447186303,35.486992401926,-48.6089491876734));
#10829=CARTESIAN_POINT('Ctrl Pts',(-32.0432987505175,35.4504746953888,-48.8396295204464));
#10830=CARTESIAN_POINT('Ctrl Pts',(-32.1426511474984,35.4500035184599,-48.9975727119604));
#10831=CARTESIAN_POINT('Ctrl Pts',(-32.1438254319935,35.4500000000001,-48.999439508645));
#10832=CARTESIAN_POINT('Ctrl Pts',(-32.145,35.4500000000001,-49.0013067705989));
#10833=CARTESIAN_POINT('Ctrl Pts',(-31.3689695847523,35.5069484385063,-48.128093404573));
#10834=CARTESIAN_POINT('Ctrl Pts',(-31.4495871474065,35.4978169782935,-48.2396301367226));
#10835=CARTESIAN_POINT('Ctrl Pts',(-31.5888159952039,35.4821645138868,-48.4080313174036));
#10836=CARTESIAN_POINT('Ctrl Pts',(-31.8519031185048,35.4583799859744,-48.69563840697));
#10837=CARTESIAN_POINT('Ctrl Pts',(-32.0250837194453,35.450094646139,-48.8761506793277));
#10838=CARTESIAN_POINT('Ctrl Pts',(-32.1422292478511,35.4500009305132,-48.998415756788));
#10839=CARTESIAN_POINT('Ctrl Pts',(-32.1436146120959,35.4500000000001,-48.9998611484416));
#10840=CARTESIAN_POINT('Ctrl Pts',(-32.145,35.4500000000001,-49.0013067705989));
#10841=CARTESIAN_POINT('Ctrl Pts',(-31.2118194697336,35.4500000000001,-48.294116039068));
#10842=CARTESIAN_POINT('Ctrl Pts',(-31.3163644069168,35.4500384994084,-48.4036077836208));
#10843=CARTESIAN_POINT('Ctrl Pts',(-31.491548783042,35.4500383340281,-48.5557703513519));
#10844=CARTESIAN_POINT('Ctrl Pts',(-31.8068376140278,35.4500511292474,-48.784161790166));
#10845=CARTESIAN_POINT('Ctrl Pts',(-32.0068390379653,35.4500088562012,-48.9126625937135));
#10846=CARTESIAN_POINT('Ctrl Pts',(-32.1418075773129,35.4499999294618,-48.9992588931861));
#10847=CARTESIAN_POINT('Ctrl Pts',(-32.1434037921982,35.4500000000001,-49.0002827882383));
#10848=CARTESIAN_POINT('Ctrl Pts',(-32.145,35.4500000000001,-49.0013067705989));
#10849=CARTESIAN_POINT('Ctrl Pts',(-31.1445069205093,35.4500000000001,-48.3652289794274));
#10850=CARTESIAN_POINT('Ctrl Pts',(-31.2592766877572,35.4500000000001,-48.4738652637421));
#10851=CARTESIAN_POINT('Ctrl Pts',(-31.4498544366644,35.4500000000001,-48.619089370964));
#10852=CARTESIAN_POINT('Ctrl Pts',(-31.7875063556213,35.4500000000001,-48.822119788751));
#10853=CARTESIAN_POINT('Ctrl Pts',(-31.9990170658855,35.4499999999999,-48.9283135348987));
#10854=CARTESIAN_POINT('Ctrl Pts',(-32.1416268838465,35.4500000000001,-48.9996202136481));
#10855=CARTESIAN_POINT('Ctrl Pts',(-32.1433134408135,35.4500000000001,-49.0004634910082));
#10856=CARTESIAN_POINT('Ctrl Pts',(-32.145,35.4500000000001,-49.0013067705989));
#10857=CARTESIAN_POINT('',(-31.6685243884758,35.69435335832,-48.1735275787178));
#10858=CARTESIAN_POINT('',(-31.3843002063269,35.5618174455511,-48.1118972332754));
#10859=CARTESIAN_POINT('Ctrl Pts',(-31.6685243884758,35.69435335832,-48.1735275787178));
#10860=CARTESIAN_POINT('Ctrl Pts',(-31.5450546898207,35.636778492287,-48.1354833654094));
#10861=CARTESIAN_POINT('Ctrl Pts',(-31.4548186488622,35.5947007353465,-48.115279362236));
#10862=CARTESIAN_POINT('Ctrl Pts',(-31.3843002063269,35.5618174455511,-48.1118972332755));
#10863=CARTESIAN_POINT('Origin',(-31.1445069205093,36.0500000000001,-48.3652289794274));
#10864=CARTESIAN_POINT('Ctrl Pts',(-32.145,35.4500000000001,-49.0013067705989));
#10865=CARTESIAN_POINT('Ctrl Pts',(-32.1439459005065,35.4500000000001,-48.9991985716184));
#10866=CARTESIAN_POINT('Ctrl Pts',(-32.1428918024041,35.4500061557437,-48.9970916894557));
#10867=CARTESIAN_POINT('Ctrl Pts',(-32.0537606661783,35.4507076241376,-48.8186720269593));
#10868=CARTESIAN_POINT('Ctrl Pts',(-31.9215664722633,35.5099070960911,-48.5605447034574));
#10869=CARTESIAN_POINT('Ctrl Pts',(-31.7654897256906,35.6226159863121,-48.312997605061));
#10870=CARTESIAN_POINT('Ctrl Pts',(-31.6962311208277,35.6737710215032,-48.2129421783368));
#10871=CARTESIAN_POINT('Ctrl Pts',(-31.6683532609033,35.6942714845546,-48.1736061891827));
#10872=CARTESIAN_POINT('Ctrl Pts',(-31.3343562009515,35.5722755047705,-48.0424716434104));
#10873=CARTESIAN_POINT('Ctrl Pts',(-31.3505535025241,35.5688958957388,-48.0656738595498));
#10874=CARTESIAN_POINT('Ctrl Pts',(-31.3672158312108,35.5654060272574,-48.0888105040427));
#10875=CARTESIAN_POINT('Ctrl Pts',(-31.3843002063269,35.5618174455511,-48.1118972332754));
#10876=CARTESIAN_POINT('Ctrl Pts',(-31.2598748323761,35.4936471642959,-48.1143011764645));
#10877=CARTESIAN_POINT('Ctrl Pts',(-31.2777242495769,35.4923736324852,-48.1381472395538));
#10878=CARTESIAN_POINT('Ctrl Pts',(-31.2960950404675,35.4910170783354,-48.1617774370945));
#10879=CARTESIAN_POINT('Ctrl Pts',(-31.3148978454534,35.489679080426,-48.1852179737091));
#10880=CARTESIAN_POINT('Ctrl Pts',(-31.1666020750461,35.4500000000001,-48.2042530494472));
#10881=CARTESIAN_POINT('Ctrl Pts',(-31.1871757110965,35.4500170941138,-48.2282772722793));
#10882=CARTESIAN_POINT('Ctrl Pts',(-31.2082748980599,35.4499834601083,-48.2518931767417));
#10883=CARTESIAN_POINT('Ctrl Pts',(-31.2298057828808,35.4500000000001,-48.2751142388263));
#10884=CARTESIAN_POINT('Ctrl Pts',(-31.0730569008056,35.4500000000001,-48.2944676402057));
#10885=CARTESIAN_POINT('Ctrl Pts',(-31.0963816303527,35.4500000000001,-48.3186534827757));
#10886=CARTESIAN_POINT('Ctrl Pts',(-31.1202247578803,35.4500000000001,-48.3422444950428));
#10887=CARTESIAN_POINT('Ctrl Pts',(-31.1445069205093,35.4500000000001,-48.3652289794274));
#10888=CARTESIAN_POINT('Ctrl Pts',(-31.3843002063269,35.5618174455511,-48.1118972332755));
#10889=CARTESIAN_POINT('Ctrl Pts',(-31.3653955079891,35.553002039941,-48.1109905466636));
#10890=CARTESIAN_POINT('Ctrl Pts',(-31.3470689738955,35.5444797699723,-48.1112598139017));
#10891=CARTESIAN_POINT('Ctrl Pts',(-31.3294960072623,35.5363231325148,-48.1130151361999));
#10892=CARTESIAN_POINT('Ctrl Pts',(-31.3141926959849,35.5292199743176,-48.1145437479638));
#10893=CARTESIAN_POINT('Ctrl Pts',(-31.2994607717069,35.5223923135429,-48.1172001801048));
#10894=CARTESIAN_POINT('Ctrl Pts',(-31.2854324345077,35.5158865202006,-48.1212169469014));
#10895=CARTESIAN_POINT('Ctrl Pts',(-31.2723842110528,35.5098352652246,-48.1249530754235));
#10896=CARTESIAN_POINT('Ctrl Pts',(-31.2598042702565,35.5039975559683,-48.1299059854378));
#10897=CARTESIAN_POINT('Ctrl Pts',(-31.2478640416359,35.4984509974223,-48.1363259096976));
#10898=CARTESIAN_POINT('Ctrl Pts',(-31.2385541225977,35.4941262886882,-48.1413315906598));
#10899=CARTESIAN_POINT('Ctrl Pts',(-31.2296335145898,35.4899790157947,-48.1472295717429));
#10900=CARTESIAN_POINT('Ctrl Pts',(-31.2212044370667,35.4860534096078,-48.1541399468921));
#10901=CARTESIAN_POINT('Ctrl Pts',(-31.2083069970148,35.4800467890347,-48.1647136008868));
#10902=CARTESIAN_POINT('Ctrl Pts',(-31.1971924302956,35.4748572456183,-48.1771270275803));
#10903=CARTESIAN_POINT('Ctrl Pts',(-31.1877440242503,35.4704310522128,-48.1911665824306));
#10904=CARTESIAN_POINT('Ctrl Pts',(-31.1844431630977,35.4688847332045,-48.1960713908165));
#10905=CARTESIAN_POINT('Ctrl Pts',(-31.1813452241093,35.4674314742377,-48.2011745222138));
#10906=CARTESIAN_POINT('Ctrl Pts',(-31.1784438251797,35.4660689283578,-48.2064663257823));
#10907=CARTESIAN_POINT('Ctrl Pts',(-31.1718980868619,35.4629949392263,-48.2184049671854));
#10908=CARTESIAN_POINT('Ctrl Pts',(-31.166487135294,35.4604478231536,-48.2310484469339));
#10909=CARTESIAN_POINT('Ctrl Pts',(-31.1620717718426,35.4583599924898,-48.2441186984403));
#10910=CARTESIAN_POINT('Ctrl Pts',(-31.1582633241442,35.4565591455213,-48.2553923726952));
#10911=CARTESIAN_POINT('Ctrl Pts',(-31.1551947818661,35.4550995551625,-48.2669832964217));
#10912=CARTESIAN_POINT('Ctrl Pts',(-31.1527458081672,35.453934517963,-48.2787145944099));
#10913=CARTESIAN_POINT('Ctrl Pts',(-31.1496089131894,35.4524422196417,-48.293741235879));
#10914=CARTESIAN_POINT('Ctrl Pts',(-31.147462957967,35.4514207071641,-48.3091322466931));
#10915=CARTESIAN_POINT('Ctrl Pts',(-31.1461545823653,35.4507939958863,-48.3246151772993));
#10916=CARTESIAN_POINT('Ctrl Pts',(-31.1450115831963,35.4502464998394,-48.3381410920247));
#10917=CARTESIAN_POINT('Ctrl Pts',(-31.1445069205093,35.4500000000001,-48.3517369848816));
#10918=CARTESIAN_POINT('Ctrl Pts',(-31.1445069205093,35.4500000000001,-48.3652289794274));
#10919=CARTESIAN_POINT('Ctrl Pts',(-33.145,35.4500000000001,-49.0013067705989));
#10920=CARTESIAN_POINT('Ctrl Pts',(-33.1460540994924,35.4500000000001,-48.9991985716127));
#10921=CARTESIAN_POINT('Ctrl Pts',(-33.147108091123,35.4500053046877,-48.9970911470931));
#10922=CARTESIAN_POINT('Ctrl Pts',(-33.2476345111674,35.4509167593872,-48.7959671041609));
#10923=CARTESIAN_POINT('Ctrl Pts',(-33.3968297504497,35.5271195913502,-48.5070132064505));
#10924=CARTESIAN_POINT('Ctrl Pts',(-33.5854893020893,35.6684091699579,-48.2218861083752));
#10925=CARTESIAN_POINT('Ctrl Pts',(-33.719386009555,35.7669483462363,-48.038404465037));
#10926=CARTESIAN_POINT('Ctrl Pts',(-33.8398931114319,35.8483569787609,-47.8744991069087));
#10927=CARTESIAN_POINT('Ctrl Pts',(-33.9808199410671,35.9341019079757,-47.6603950763327));
#10928=CARTESIAN_POINT('Ctrl Pts',(-34.1084207370629,36.0040638723924,-47.3880605136901));
#10929=CARTESIAN_POINT('Ctrl Pts',(-34.145,36.0369259374721,-47.1555808681372));
#10930=CARTESIAN_POINT('Ctrl Pts',(-34.145,36.0500000000001,-47.0417149763723));
#10931=CARTESIAN_POINT('Ctrl Pts',(-33.145,35.4500000000001,-49.0013067705989));
#10932=CARTESIAN_POINT('Ctrl Pts',(-33.1462673468072,35.4500073679209,-48.9996351487912));
#10933=CARTESIAN_POINT('Ctrl Pts',(-33.1475261487519,35.4499910454652,-48.9979122457018));
#10934=CARTESIAN_POINT('Ctrl Pts',(-33.2685765057333,35.4515661687033,-48.83963225979));
#10935=CARTESIAN_POINT('Ctrl Pts',(-33.4458893735893,35.4750618345122,-48.5993486096097));
#10936=CARTESIAN_POINT('Ctrl Pts',(-33.6512291730622,35.5317772512986,-48.3170620271183));
#10937=CARTESIAN_POINT('Ctrl Pts',(-33.787362791032,35.5759963007251,-48.1171534188521));
#10938=CARTESIAN_POINT('Ctrl Pts',(-33.9022492586632,35.6166426188842,-47.9307748707137));
#10939=CARTESIAN_POINT('Ctrl Pts',(-34.0287078601387,35.6632630136347,-47.6881009227772));
#10940=CARTESIAN_POINT('Ctrl Pts',(-34.1321697759769,35.7056533026909,-47.3923412422471));
#10941=CARTESIAN_POINT('Ctrl Pts',(-34.1518767824796,35.727145962376,-47.1556702524159));
#10942=CARTESIAN_POINT('Ctrl Pts',(-34.145,35.7358407346412,-47.0417149763723));
#10943=CARTESIAN_POINT('Ctrl Pts',(-33.145,35.4500000000001,-49.0013067705989));
#10944=CARTESIAN_POINT('Ctrl Pts',(-33.1464765774285,35.4500000000001,-49.0000391986393));
#10945=CARTESIAN_POINT('Ctrl Pts',(-33.1479500554977,35.4500000000001,-48.9987809881237));
#10946=CARTESIAN_POINT('Ctrl Pts',(-33.2888397153484,35.4500000000003,-48.8776902005487));
#10947=CARTESIAN_POINT('Ctrl Pts',(-33.4970000377033,35.4500000000001,-48.6997893521789));
#10948=CARTESIAN_POINT('Ctrl Pts',(-33.7501496173679,35.4500000000002,-48.4620607168503));
#10949=CARTESIAN_POINT('Ctrl Pts',(-33.9243505453947,35.4500000000001,-48.2793179115549));
#10950=CARTESIAN_POINT('Ctrl Pts',(-34.0765454647331,35.4500000000001,-48.0922982539141));
#10951=CARTESIAN_POINT('Ctrl Pts',(-34.2495044103232,35.4500000000001,-47.8300805707299));
#10952=CARTESIAN_POINT('Ctrl Pts',(-34.3988086764572,35.4500000000001,-47.4820873258635));
#10953=CARTESIAN_POINT('Ctrl Pts',(-34.4351974105136,35.4500000000001,-47.1859667282114));
#10954=CARTESIAN_POINT('Ctrl Pts',(-34.430840734641,35.4500000000001,-47.0417149763723));
#10955=CARTESIAN_POINT('Ctrl Pts',(-33.145,35.4500000000001,-49.0013067705989));
#10956=CARTESIAN_POINT('Ctrl Pts',(-33.1466865591885,35.4500000000001,-49.0004634910041));
#10957=CARTESIAN_POINT('Ctrl Pts',(-33.1483729457968,35.4500000000001,-48.9996203841142));
#10958=CARTESIAN_POINT('Ctrl Pts',(-33.3092152178664,35.4500000000003,-48.9191851695511));
#10959=CARTESIAN_POINT('Ctrl Pts',(-33.5479276007192,35.4500000000001,-48.799165390669));
#10960=CARTESIAN_POINT('Ctrl Pts',(-33.8497828833423,35.4500000000002,-48.6090570669729));
#10961=CARTESIAN_POINT('Ctrl Pts',(-34.0640176152877,35.4500000000001,-48.4450672891497));
#10962=CARTESIAN_POINT('Ctrl Pts',(-34.2568289782906,35.4500000000001,-48.2601679593343));
#10963=CARTESIAN_POINT('Ctrl Pts',(-34.4823119057071,35.4500000000001,-47.9807488033635));
#10964=CARTESIAN_POINT('Ctrl Pts',(-34.6864731793004,35.4500000000001,-47.5794825266898));
#10965=CARTESIAN_POINT('Ctrl Pts',(-34.745,35.4500000000001,-47.2196304322549));
#10966=CARTESIAN_POINT('Ctrl Pts',(-34.745,35.4500000000001,-47.0417149763723));
#10967=CARTESIAN_POINT('',(-34.145,36.0500000000001,-47.0417149763723));
#10968=CARTESIAN_POINT('Origin',(-34.745,36.0500000000001,-47.0417149763723));
#10969=CARTESIAN_POINT('Ctrl Pts',(-34.145,36.0500000000001,-47.0417149763723));
#10970=CARTESIAN_POINT('Ctrl Pts',(-34.145,36.0369259374721,-47.1555808681372));
#10971=CARTESIAN_POINT('Ctrl Pts',(-34.1084207370629,36.0040638723924,-47.3880605136901));
#10972=CARTESIAN_POINT('Ctrl Pts',(-33.9808199410671,35.9341019079757,-47.6603950763327));
#10973=CARTESIAN_POINT('Ctrl Pts',(-33.8398931114319,35.8483569787609,-47.8744991069087));
#10974=CARTESIAN_POINT('Ctrl Pts',(-33.719386009555,35.7669483462363,-48.038404465037));
#10975=CARTESIAN_POINT('Ctrl Pts',(-33.5854893020893,35.6684091699579,-48.2218861083752));
#10976=CARTESIAN_POINT('Ctrl Pts',(-33.3968297504497,35.5271195913502,-48.5070132064505));
#10977=CARTESIAN_POINT('Ctrl Pts',(-33.2476345111674,35.4509167593872,-48.7959671041609));
#10978=CARTESIAN_POINT('Ctrl Pts',(-33.147108091123,35.4500053046877,-48.9970911470931));
#10979=CARTESIAN_POINT('Ctrl Pts',(-33.1460540994924,35.4500000000001,-48.9991985716127));
#10980=CARTESIAN_POINT('Ctrl Pts',(-33.145,35.4500000000001,-49.0013067705989));
#10981=CARTESIAN_POINT('Origin',(-34.745,36.0500000000001,-55.5013067705987));
#10982=CARTESIAN_POINT('',(-34.145,36.0500000000001,-43.1896341182886));
#10983=CARTESIAN_POINT('Origin',(-34.745,36.0500000000001,-43.1896341182886));
#10984=CARTESIAN_POINT('',(-34.145,36.0500000000001,-55.5013067705987));
#10985=CARTESIAN_POINT('Ctrl Pts',(-34.145,36.0500000000001,-43.1896341182886));
#10986=CARTESIAN_POINT('Ctrl Pts',(-34.145,35.931800416465,-42.5043153208222));
#10987=CARTESIAN_POINT('Ctrl Pts',(-34.0138526236621,35.7355312689151,-41.3663507683614));
#10988=CARTESIAN_POINT('Ctrl Pts',(-33.5933856321066,35.5592688783008,-40.3443849884357));
#10989=CARTESIAN_POINT('Ctrl Pts',(-33.2945996501709,35.5232626562515,-40.1356216403924));
#10990=CARTESIAN_POINT('Ctrl Pts',(-33.145,35.5232626562515,-40.1356216403924));
#10991=CARTESIAN_POINT('Ctrl Pts',(-34.145,35.8929203673206,-43.1896341182886));
#10992=CARTESIAN_POINT('Ctrl Pts',(-34.1766439101051,35.7943655389088,-42.5044509347267));
#10993=CARTESIAN_POINT('Ctrl Pts',(-34.0743381625708,35.6465269915511,-41.3502191804455));
#10994=CARTESIAN_POINT('Ctrl Pts',(-33.6345437844509,35.5237689932817,-40.3057831171893));
#10995=CARTESIAN_POINT('Ctrl Pts',(-33.3082933946097,35.499351332089,-40.0917842127611));
#10996=CARTESIAN_POINT('Ctrl Pts',(-33.145,35.499351332089,-40.0917842127611));
#10997=CARTESIAN_POINT('Ctrl Pts',(-34.2751798393836,35.5801798393837,-43.1896341182887));
#10998=CARTESIAN_POINT('Ctrl Pts',(-34.3330703549023,35.5456091252024,-42.4902762187303));
#10999=CARTESIAN_POINT('Ctrl Pts',(-34.2334460695109,35.5016080276252,-41.299919400437));
#11000=CARTESIAN_POINT('Ctrl Pts',(-33.7218011459032,35.4686346615477,-40.2197558394731));
#11001=CARTESIAN_POINT('Ctrl Pts',(-33.3375605351502,35.4625352196646,-39.9981103646151));
#11002=CARTESIAN_POINT('Ctrl Pts',(-33.145,35.4625352196646,-39.9981103646151));
#11003=CARTESIAN_POINT('Ctrl Pts',(-34.5879203673205,35.4500000000001,-43.1896341182886));
#11004=CARTESIAN_POINT('Ctrl Pts',(-34.6078137479355,35.4506422724587,-42.4567528048829));
#11005=CARTESIAN_POINT('Ctrl Pts',(-34.4346127060029,35.4500759104185,-41.2298746743465));
#11006=CARTESIAN_POINT('Ctrl Pts',(-33.815648306056,35.4502864142972,-40.1244010423328));
#11007=CARTESIAN_POINT('Ctrl Pts',(-33.3687589503329,35.4500000000001,-39.898245034152));
#11008=CARTESIAN_POINT('Ctrl Pts',(-33.145,35.4500000000001,-39.898245034152));
#11009=CARTESIAN_POINT('Ctrl Pts',(-34.745,35.4500000000001,-43.1896341182886));
#11010=CARTESIAN_POINT('Ctrl Pts',(-34.745,35.4500000000001,-42.4398428207121));
#11011=CARTESIAN_POINT('Ctrl Pts',(-34.5351641978593,35.4500000000001,-41.1948223695877));
#11012=CARTESIAN_POINT('Ctrl Pts',(-33.8624170113706,35.4500000000001,-40.0767134675088));
#11013=CARTESIAN_POINT('Ctrl Pts',(-33.3843594402735,35.4500000000001,-39.848310361984));
#11014=CARTESIAN_POINT('Ctrl Pts',(-33.145,35.4500000000001,-39.848310361984));
#11015=CARTESIAN_POINT('',(-33.145,35.5232626562515,-40.1356216403924));
#11016=CARTESIAN_POINT('Origin',(-33.145,36.0500000000001,-39.848310361984));
#11017=CARTESIAN_POINT('Origin',(-33.145,36.0500000000001,-43.1896341182886));
#11018=CARTESIAN_POINT('Origin',(-33.2177865422028,36.0500000000001,-39.848310361984));
#11019=CARTESIAN_POINT('',(-32.145,35.5232626562515,-40.1356216403924));
#11020=CARTESIAN_POINT('Origin',(-32.145,36.0500000000001,-39.848310361984));
#11021=CARTESIAN_POINT('',(-33.2177865422028,35.5232626562515,-40.1356216403924));
#11022=CARTESIAN_POINT('Ctrl Pts',(-32.145,35.5232626562515,-40.1356216403924));
#11023=CARTESIAN_POINT('Ctrl Pts',(-31.9198245417,35.5232626562515,-40.1356216403924));
#11024=CARTESIAN_POINT('Ctrl Pts',(-31.6954137794643,35.5647790573078,-40.3763328950015));
#11025=CARTESIAN_POINT('Ctrl Pts',(-31.5196918253182,35.6389458111288,-40.8063502353379));
#11026=CARTESIAN_POINT('Ctrl Pts',(-32.145,35.4754400079265,-40.0479467851299));
#11027=CARTESIAN_POINT('Ctrl Pts',(-31.8786111620994,35.4754400079265,-40.0479467851299));
#11028=CARTESIAN_POINT('Ctrl Pts',(-31.6133756943149,35.4901246541441,-40.3009229261316));
#11029=CARTESIAN_POINT('Ctrl Pts',(-31.4237088901848,35.5200514404342,-40.7489906090343));
#11030=CARTESIAN_POINT('Ctrl Pts',(-32.145,35.4500000000001,-39.94817970632));
#11031=CARTESIAN_POINT('Ctrl Pts',(-31.8316927057,35.4500000000001,-39.94817970632));
#11032=CARTESIAN_POINT('Ctrl Pts',(-31.5193589454874,35.4505932462512,-40.2063579985551));
#11033=CARTESIAN_POINT('Ctrl Pts',(-31.2846095216727,35.4500000000001,-40.6658645014004));
#11034=CARTESIAN_POINT('Ctrl Pts',(-32.145,35.4500000000001,-39.848310361984));
#11035=CARTESIAN_POINT('Ctrl Pts',(-31.78471926672,35.4500000000001,-39.848310361984));
#11036=CARTESIAN_POINT('Ctrl Pts',(-31.4256620471429,35.4500000000001,-40.1116669262602));
#11037=CARTESIAN_POINT('Ctrl Pts',(-31.1445069205092,35.4500000000001,-40.5821388595899));
#11038=CARTESIAN_POINT('',(-31.4998856573684,35.615715826543,-40.7945140230932));
#11039=CARTESIAN_POINT('',(-31.5355997515382,35.6323695821585,-40.7682213926209));
#11040=CARTESIAN_POINT('Ctrl Pts',(-31.4998687939918,35.6157536612669,-40.7945039454999));
#11041=CARTESIAN_POINT('Ctrl Pts',(-31.5116664624845,35.6212297640576,-40.7860234260667));
#11042=CARTESIAN_POINT('Ctrl Pts',(-31.5235869627973,35.6267723407071,-40.7772389569174));
#11043=CARTESIAN_POINT('Ctrl Pts',(-31.5356025848052,35.6323730983982,-40.7682417797075));
#11044=CARTESIAN_POINT('Origin',(-32.145,36.0500000000001,-43.1896341182886));
#11045=CARTESIAN_POINT('Origin',(-31.1445069205092,36.0500000000001,-40.5821388595899));
#11046=CARTESIAN_POINT('Ctrl Pts',(-31.4998856573684,35.615715826543,-40.7945140230932));
#11047=CARTESIAN_POINT('Ctrl Pts',(-31.4761514575524,35.6244090208712,-40.8520063704236));
#11048=CARTESIAN_POINT('Ctrl Pts',(-31.4533379398844,35.6335997076231,-40.9127048614829));
#11049=CARTESIAN_POINT('Ctrl Pts',(-31.4315425063769,35.6432554636193,-40.9763622034057));
#11050=CARTESIAN_POINT('Ctrl Pts',(-31.4052602174531,35.5106294697362,-40.7379656391037));
#11051=CARTESIAN_POINT('Ctrl Pts',(-31.3793202577484,35.514054096523,-40.7975922394056));
#11052=CARTESIAN_POINT('Ctrl Pts',(-31.3545542723074,35.5179126339583,-40.8604659261904));
#11053=CARTESIAN_POINT('Ctrl Pts',(-31.3313368619726,35.5218262491171,-40.9263908921199));
#11054=CARTESIAN_POINT('Ctrl Pts',(-31.2752399000172,35.4500000000001,-40.6602651936065));
#11055=CARTESIAN_POINT('Ctrl Pts',(-31.2436899100435,35.4499395097829,-40.7212960974412));
#11056=CARTESIAN_POINT('Ctrl Pts',(-31.2133791795563,35.4500791170454,-40.7856881095161));
#11057=CARTESIAN_POINT('Ctrl Pts',(-31.1846302321701,35.4500000000001,-40.8532301165054));
#11058=CARTESIAN_POINT('Ctrl Pts',(-31.1445069205092,35.4500000000001,-40.5821388595899));
#11059=CARTESIAN_POINT('Ctrl Pts',(-31.1072221838062,35.4500000000001,-40.6445294066533));
#11060=CARTESIAN_POINT('Ctrl Pts',(-31.0712765707882,35.4500000000001,-40.7104098203028));
#11061=CARTESIAN_POINT('Ctrl Pts',(-31.0368141430408,35.4500000000001,-40.7795160672934));
#11062=CARTESIAN_POINT('Ctrl Pts',(-31.1445069205092,35.4500000000001,-40.5821388595899));
#11063=CARTESIAN_POINT('Ctrl Pts',(-31.1445069205092,35.4500000000001,-40.6585506031825));
#11064=CARTESIAN_POINT('Ctrl Pts',(-31.1527428248221,35.4538404652531,-40.7270682653812));
#11065=CARTESIAN_POINT('Ctrl Pts',(-31.1782738600087,35.4657457824812,-40.8054030620266));
#11066=CARTESIAN_POINT('Ctrl Pts',(-31.1898292475868,35.4711341482018,-40.8308561234784));
#11067=CARTESIAN_POINT('Ctrl Pts',(-31.2160894590943,35.4833794859326,-40.8635154379325));
#11068=CARTESIAN_POINT('Ctrl Pts',(-31.2277142883521,35.4888002328334,-40.8737960814819));
#11069=CARTESIAN_POINT('Ctrl Pts',(-31.253385152959,35.5007707535911,-40.8875192921624));
#11070=CARTESIAN_POINT('Ctrl Pts',(-31.2662329415068,35.506761775788,-40.8911429989757));
#11071=CARTESIAN_POINT('Ctrl Pts',(-31.2964712619359,35.5208621361738,-40.8939524980861));
#11072=CARTESIAN_POINT('Ctrl Pts',(-31.3135570317533,35.5288293614832,-40.8917135491409));
#11073=CARTESIAN_POINT('Ctrl Pts',(-31.3578150455518,35.5494672122522,-40.8802931599342));
#11074=CARTESIAN_POINT('Ctrl Pts',(-31.3870761026335,35.5631118672571,-40.8665252934858));
#11075=CARTESIAN_POINT('Ctrl Pts',(-31.4433792341832,35.5893664486768,-40.8338877408836));
#11076=CARTESIAN_POINT('Ctrl Pts',(-31.4712089564445,35.6023436612916,-40.8151556553149));
#11077=CARTESIAN_POINT('Ctrl Pts',(-31.4998856573684,35.615715826543,-40.7945140230932));
#11078=CARTESIAN_POINT('Origin',(-33.145,36.4500000000001,-49.0013067705989));
#11079=CARTESIAN_POINT('',(-34.145,36.4500000000001,-47.0013067705989));
#11080=CARTESIAN_POINT('Origin',(-34.145,36.4500000000001,-49.0013067705989));
#11081=CARTESIAN_POINT('',(-33.145,36.4500000000001,-48.0013067705989));
#11082=CARTESIAN_POINT('Origin',(-33.145,36.4500000000001,-47.0013067705989));
#11083=CARTESIAN_POINT('Origin',(-33.145,36.4500000000001,-49.0013067705989));
#11084=CARTESIAN_POINT('Origin',(-33.145,40.4500000000002,-51.0013067705987));
#11085=CARTESIAN_POINT('',(-33.145,41.4500000000001,-51.0013067705989));
#11086=CARTESIAN_POINT('',(-33.145,41.4500000000001,-62.0013067705989));
#11087=CARTESIAN_POINT('',(-33.145,41.4500000000001,-51.0013067705987));
#11088=CARTESIAN_POINT('Origin',(-33.145,40.4500000000002,-62.0013067705989));
#11089=CARTESIAN_POINT('Origin',(-33.145,40.4500000000002,-51.2563007849558));
#11090=CARTESIAN_POINT('Origin',(-33.145,37.2281553824997,-45.3495856528713));
#11091=CARTESIAN_POINT('',(-33.145,38.1060509554141,-44.8707335221908));
#11092=CARTESIAN_POINT('',(-34.1392028190288,39.3424790502495,-49.0013067705989));
#11093=CARTESIAN_POINT('Origin',(-33.145,39.4500000000001,-49.4229674516223));
#11094=CARTESIAN_POINT('',(-34.145,38.2111951572056,-47.1518252398322));
#11095=CARTESIAN_POINT('Ctrl Pts',(-34.1392028190288,39.3424790502495,-49.0013067705989));
#11096=CARTESIAN_POINT('Ctrl Pts',(-34.1347099706792,39.3009354952029,-48.8383870442229));
#11097=CARTESIAN_POINT('Ctrl Pts',(-34.1288540919421,39.2488585219993,-48.6781881972591));
#11098=CARTESIAN_POINT('Ctrl Pts',(-34.1217269109297,39.1342534620688,-48.3949356796374));
#11099=CARTESIAN_POINT('Ctrl Pts',(-34.1198136308324,39.0759909706105,-48.2715432823027));
#11100=CARTESIAN_POINT('Ctrl Pts',(-34.1197954285369,38.9449841408176,-48.0311979754867));
#11101=CARTESIAN_POINT('Ctrl Pts',(-34.1216874629919,38.8729141673179,-47.9154556692688));
#11102=CARTESIAN_POINT('Ctrl Pts',(-34.1291843138741,38.6870530890003,-47.6515376442071));
#11103=CARTESIAN_POINT('Ctrl Pts',(-34.1358890050987,38.5686578947685,-47.5083784592018));
#11104=CARTESIAN_POINT('Ctrl Pts',(-34.1430200464506,38.3697716067303,-47.2998005903669));
#11105=CARTESIAN_POINT('Ctrl Pts',(-34.1448635300451,38.2959920619106,-47.2282482568037));
#11106=CARTESIAN_POINT('Ctrl Pts',(-34.144997579886,38.2168554022635,-47.1569072114371));
#11107=CARTESIAN_POINT('Ctrl Pts',(-34.145,38.21402698629,-47.1543643218693));
#11108=CARTESIAN_POINT('Ctrl Pts',(-34.145,38.2111951572053,-47.1518252398324));
#11109=CARTESIAN_POINT('',(-34.145,37.2281553824997,-45.3495856528713));
#11110=CARTESIAN_POINT('Origin',(-23.1483342519361,16.5547612759199,-62.0013067705989));
#11111=CARTESIAN_POINT('',(-32.145,41.4500000000001,-62.0013067705989));
#11112=CARTESIAN_POINT('',(-31.145,41.4500000000001,-62.0013067705989));
#11113=CARTESIAN_POINT('',(-31.145,40.4500000000002,-62.0013067705989));
#11114=CARTESIAN_POINT('Origin',(-32.145,40.4500000000002,-62.0013067705989));
#11115=CARTESIAN_POINT('',(-31.145,35.4502299267428,-62.0013067705989));
#11116=CARTESIAN_POINT('',(-31.145,35.4500000000001,-62.0013067705989));
#11117=CARTESIAN_POINT('',(-29.0000000000001,34.4500000000003,-62.0013067705989));
#11118=CARTESIAN_POINT('',(-24.2418554178007,32.2312407427121,-62.0013067705989));
#11119=CARTESIAN_POINT('',(-21.0000000000001,34.4500000000003,-62.0013067705989));
#11120=CARTESIAN_POINT('',(-21.0000000000001,34.4500000000003,-62.0013067705989));
#11121=CARTESIAN_POINT('',(-18.855,35.4502299267429,-62.0013067705989));
#11122=CARTESIAN_POINT('',(-21.0000000000001,34.4500000000003,-62.0013067705989));
#11123=CARTESIAN_POINT('',(-18.855,40.4500000000002,-62.0013067705989));
#11124=CARTESIAN_POINT('',(-18.855,35.4500000000001,-62.0013067705989));
#11125=CARTESIAN_POINT('',(-17.855,41.4500000000002,-62.0013067705989));
#11126=CARTESIAN_POINT('Origin',(-17.855,40.4500000000002,-62.001306770599));
#11127=CARTESIAN_POINT('',(-16.855,41.4500000000002,-62.0013067705989));
#11128=CARTESIAN_POINT('',(-18.855,41.4500000000002,-62.0013067705989));
#11129=CARTESIAN_POINT('',(-15.855,40.4500000000002,-62.0013067705989));
#11130=CARTESIAN_POINT('Origin',(-16.855,40.4500000000002,-62.001306770599));
#11131=CARTESIAN_POINT('',(-15.855,36.4500000000005,-62.0013067705989));
#11132=CARTESIAN_POINT('',(-15.855,35.4500000000001,-62.0013067705989));
#11133=CARTESIAN_POINT('',(-14.855,35.4500000000005,-62.0013067705989));
#11134=CARTESIAN_POINT('Origin',(-14.855,36.4500000000005,-62.0013067705989));
#11135=CARTESIAN_POINT('',(-6.74954547657869,35.4500000000006,-62.0013067705989));
#11136=CARTESIAN_POINT('',(-2.2204206601312E-14,35.4500000000006,-62.0013067705989));
#11137=CARTESIAN_POINT('',(-1.25045464263063,35.4500000000006,-62.0013067705989));
#11138=CARTESIAN_POINT('Origin',(-4.00000005960467,38.,-62.0013067705989));
#11139=CARTESIAN_POINT('',(-1.77635683940025E-14,35.4500000000006,-62.0013067705989));
#11140=CARTESIAN_POINT('',(-2.2204206601312E-14,35.4500000000006,-62.0013067705989));
#11141=CARTESIAN_POINT('',(-1.77635683940025E-14,29.400605845289,-62.0013067705989));
#11142=CARTESIAN_POINT('',(-2.2204206601312E-14,35.4500000000006,-62.0013067705989));
#11143=CARTESIAN_POINT('',(3.65775475516438,8.65644780170468,-62.0013067705989));
#11144=CARTESIAN_POINT('',(3.65775475516438,8.65644780170468,-62.0013067705989));
#11145=CARTESIAN_POINT('',(2.8246518396874,6.01418292514426,-62.0013067705989));
#11146=CARTESIAN_POINT('Origin',(0.703331496127754,8.13550326870389,-62.0013067705989));
#11147=CARTESIAN_POINT('',(-5.8374062298477,-2.64787514439086,-62.0013067705989));
#11148=CARTESIAN_POINT('',(2.8246518396874,6.01418292514426,-62.0013067705989));
#11149=CARTESIAN_POINT('',(-8.56774660228955,-3.50874815704917,-62.0013067705989));
#11150=CARTESIAN_POINT('Origin',(-8.02943725152285,-0.45584412271571,-62.0013067705989));
#11151=CARTESIAN_POINT('',(-19.5113168097052,-1.57910146420447,-62.0013067705989));
#11152=CARTESIAN_POINT('',(-8.56774660228955,-3.50874815704917,-62.0013067705989));
#11153=CARTESIAN_POINT('',(-19.5113168097052,6.51999999999999,-62.0013067705989));
#11154=CARTESIAN_POINT('',(-19.5113168097052,-1.57910146420447,-62.0013067705989));
#11155=CARTESIAN_POINT('',(-31.5113168097052,6.51999999999999,-62.0013067705989));
#11156=CARTESIAN_POINT('',(-19.5113168097052,6.51999999999999,-62.0013067705989));
#11157=CARTESIAN_POINT('',(-31.5113168097052,-2.44249065417534E-14,-62.0013067705989));
#11158=CARTESIAN_POINT('',(-31.5113168097052,6.51999999999999,-62.0013067705989));
#11159=CARTESIAN_POINT('',(-43.1335136523794,-3.88578058618805E-14,-62.0013067705989));
#11160=CARTESIAN_POINT('',(-43.1335136523794,-3.83534744473393E-14,-62.0013067705989));
#11161=CARTESIAN_POINT('',(-50.,6.86648634762056,-62.0013067705989));
#11162=CARTESIAN_POINT('',(-43.1335136523794,-3.83534744473393E-14,-62.0013067705989));
#11163=CARTESIAN_POINT('',(-50.,36.665366674551,-62.0013067705989));
#11164=CARTESIAN_POINT('',(-50.,6.86648634762056,-62.0013067705989));
#11165=CARTESIAN_POINT('',(-49.5044620563455,36.665366674551,-62.0013067705989));
#11166=CARTESIAN_POINT('',(-41.0084237355535,36.665366674551,-62.0013067705989));
#11167=CARTESIAN_POINT('',(-42.4955380628638,36.665366674551,-62.0013067705989));
#11168=CARTESIAN_POINT('Origin',(-46.0000000596047,38.,-62.0013067705989));
#11169=CARTESIAN_POINT('',(-41.0084237355535,36.665366674551,-62.0013067705989));
#11170=CARTESIAN_POINT('',(-41.0084237355535,36.665366674551,-62.0013067705989));
#11171=CARTESIAN_POINT('',(-41.0084237355535,36.665366674551,-62.0013067705989));
#11172=CARTESIAN_POINT('',(-46.7812231944259,6.96877735391196,-62.0013067705989));
#11173=CARTESIAN_POINT('Origin',(-43.0312231944259,6.96877735391196,-62.0013067705989));
#11174=CARTESIAN_POINT('Origin',(-31.145,41.4500000000001,-51.0013067705989));
#11175=CARTESIAN_POINT('',(-32.145,41.4500000000001,-51.0013067705989));
#11176=CARTESIAN_POINT('',(-31.145,41.4500000000001,-51.0013067705989));
#11177=CARTESIAN_POINT('',(-32.145,41.4500000000001,-51.0013067705987));
#11178=CARTESIAN_POINT('Origin',(-31.145,35.4500000000001,-40.0013067705982));
#11179=CARTESIAN_POINT('',(-32.145,38.1060509554141,-44.8707335221908));
#11180=CARTESIAN_POINT('Origin',(-34.145,38.4500000000001,-51.0013067705986));
#11181=CARTESIAN_POINT('',(-34.145,37.4500000000001,-47.0013067705989));
#11182=CARTESIAN_POINT('Origin',(-34.145,37.4500000000001,-49.0013067705989));
#11183=CARTESIAN_POINT('',(-34.145,38.4500000000001,-47.0013067705989));
#11184=CARTESIAN_POINT('Origin',(-32.145,37.2281553824997,-45.3495856528713));
#11185=CARTESIAN_POINT('',(-31.145,35.4502299267428,-42.0900556506501));
#11186=CARTESIAN_POINT('Origin',(-32.145,35.9165375848978,-42.9449530239343));
#11187=CARTESIAN_POINT('',(-31.145,38.2111951572056,-47.1518252398322));
#11188=CARTESIAN_POINT('',(-31.145,37.2281553824997,-45.3495856528713));
#11189=CARTESIAN_POINT('',(-31.1507971809713,39.3424790502495,-49.0013067705989));
#11190=CARTESIAN_POINT('Ctrl Pts',(-31.145,38.2111951572056,-47.1518252398322));
#11191=CARTESIAN_POINT('Ctrl Pts',(-31.145,38.2140269863917,-47.1543643219599));
#11192=CARTESIAN_POINT('Ctrl Pts',(-31.1450024201139,38.2168554021619,-47.1569072113443));
#11193=CARTESIAN_POINT('Ctrl Pts',(-31.1451364699564,38.2959920627936,-47.2282482576064));
#11194=CARTESIAN_POINT('Ctrl Pts',(-31.1469799535771,38.3697716075003,-47.2998005911743));
#11195=CARTESIAN_POINT('Ctrl Pts',(-31.1541109949014,38.5686578947692,-47.5083784592026));
#11196=CARTESIAN_POINT('Ctrl Pts',(-31.1608156861259,38.6870530890007,-47.6515376442076));
#11197=CARTESIAN_POINT('Ctrl Pts',(-31.1683125370081,38.8729141673182,-47.9154556692692));
#11198=CARTESIAN_POINT('Ctrl Pts',(-31.1702045714631,38.9449841408178,-48.031197975487));
#11199=CARTESIAN_POINT('Ctrl Pts',(-31.1701863691677,39.0759909706106,-48.2715432823029));
#11200=CARTESIAN_POINT('Ctrl Pts',(-31.1682730890703,39.1342534620689,-48.3949356796376));
#11201=CARTESIAN_POINT('Ctrl Pts',(-31.1611459080579,39.2488585219994,-48.6781881972593));
#11202=CARTESIAN_POINT('Ctrl Pts',(-31.1552900293208,39.3009354952029,-48.8383870442229));
#11203=CARTESIAN_POINT('Ctrl Pts',(-31.1507971809713,39.3424790502495,-49.0013067705989));
#11204=CARTESIAN_POINT('',(-31.145,39.4500000000001,-49.4229674516224));
#11205=CARTESIAN_POINT('Origin',(-32.145,39.4500000000001,-49.4229674516224));
#11206=CARTESIAN_POINT('',(-31.145,40.4500000000002,-51.2563007849558));
#11207=CARTESIAN_POINT('',(-31.145,37.2281553824997,-45.3495856528713));
#11208=CARTESIAN_POINT('Origin',(-32.145,40.4500000000002,-51.2563007849558));
#11209=CARTESIAN_POINT('Origin',(-32.145,40.4500000000002,-51.0013067705987));
#11210=CARTESIAN_POINT('',(-31.145,40.4500000000002,-51.0013067705987));
#11211=CARTESIAN_POINT('Origin',(-31.145,38.4500000000001,-51.0013067705986));
#11212=CARTESIAN_POINT('',(-31.145,35.4502299267428,-47.2691232351099));
#11213=CARTESIAN_POINT('',(-31.145,35.4502299267428,-55.5013067705987));
#11214=CARTESIAN_POINT('',(-31.145,36.4500000000001,-47.0013067705989));
#11215=CARTESIAN_POINT('Origin',(-31.145,36.4500000000001,-49.0013067705989));
#11216=CARTESIAN_POINT('',(-31.145,37.4500000000001,-47.0013067705989));
#11217=CARTESIAN_POINT('',(-31.145,38.4500000000001,-47.0013067705989));
#11218=CARTESIAN_POINT('Origin',(-31.145,37.4500000000001,-49.0013067705989));
#11219=CARTESIAN_POINT('Origin',(-31.145,38.4500000000001,-51.0013067705986));
#11220=CARTESIAN_POINT('',(-31.145,35.4502299267428,-55.5013067705987));
#11221=CARTESIAN_POINT('',(-31.145,39.4500000000001,-52.0013067705989));
#11222=CARTESIAN_POINT('',(-31.145,39.4500000000001,-52.0013067705987));
#11223=CARTESIAN_POINT('',(-31.145,37.4500000000001,-54.0013067705989));
#11224=CARTESIAN_POINT('Origin',(-31.145,37.4500000000001,-52.0013067705989));
#11225=CARTESIAN_POINT('',(-31.145,39.4500000000001,-56.0013067705989));
#11226=CARTESIAN_POINT('Origin',(-31.145,37.4500000000001,-56.0013067705989));
#11227=CARTESIAN_POINT('',(-31.145,39.4500000000001,-59.0013067705989));
#11228=CARTESIAN_POINT('',(-31.145,39.4500000000001,-55.5013067705987));
#11229=CARTESIAN_POINT('',(-31.145,37.4500000000001,-61.0013067705989));
#11230=CARTESIAN_POINT('Origin',(-31.145,37.4500000000001,-59.0013067705989));
#11231=CARTESIAN_POINT('',(-31.145,36.9500000000001,-61.0013067705989));
#11232=CARTESIAN_POINT('Origin',(-32.145,39.4500000000001,-52.0013067705987));
#11233=CARTESIAN_POINT('',(-32.145,38.4500000000001,-49.0013067705989));
#11234=CARTESIAN_POINT('Origin',(-32.145,39.4500000000001,-49.0013067705989));
#11235=CARTESIAN_POINT('',(-32.145,38.4500000000001,-52.0013067705989));
#11236=CARTESIAN_POINT('',(-32.145,38.4500000000001,-52.0013067705987));
#11237=CARTESIAN_POINT('Origin',(-32.145,39.4500000000001,-52.0013067705989));
#11238=CARTESIAN_POINT('Origin',(-33.145,36.4500000000001,-56.0013067705989));
#11239=CARTESIAN_POINT('',(-34.145,36.4500000000002,-54.0013067705989));
#11240=CARTESIAN_POINT('Origin',(-34.145,36.4500000000001,-56.0013067705989));
#11241=CARTESIAN_POINT('',(-33.145,36.4500000000001,-55.0013067705989));
#11242=CARTESIAN_POINT('Origin',(-33.145,36.4500000000002,-54.0013067705989));
#11243=CARTESIAN_POINT('Origin',(-33.145,36.4500000000001,-56.0013067705989));
#11244=CARTESIAN_POINT('Origin',(-33.145,37.4500000000001,-56.0013067705989));
#11245=CARTESIAN_POINT('',(-33.145,37.4500000000001,-55.0013067705989));
#11246=CARTESIAN_POINT('Origin',(-33.145,37.4500000000002,-54.0013067705989));
#11247=CARTESIAN_POINT('',(-33.145,38.4500000000001,-56.0013067705989));
#11248=CARTESIAN_POINT('Origin',(-33.145,39.4500000000001,-56.0013067705989));
#11249=CARTESIAN_POINT('Origin',(-33.145,37.4500000000001,-56.0013067705989));
#11250=CARTESIAN_POINT('Origin',(-33.145,39.4500000000001,-55.5013067705987));
#11251=CARTESIAN_POINT('',(-33.145,38.4500000000001,-59.0013067705989));
#11252=CARTESIAN_POINT('Origin',(-33.145,39.4500000000001,-59.0013067705989));
#11253=CARTESIAN_POINT('',(-33.145,38.4500000000001,-55.5013067705987));
#11254=CARTESIAN_POINT('Origin',(-33.145,37.4500000000001,-59.0013067705989));
#11255=CARTESIAN_POINT('',(-33.145,37.4500000000001,-60.0013067705989));
#11256=CARTESIAN_POINT('Origin',(-33.145,37.4500000000001,-61.0013067705989));
#11257=CARTESIAN_POINT('Origin',(-33.145,37.4500000000001,-59.0013067705989));
#11258=CARTESIAN_POINT('Origin',(-33.145,36.9500000000001,-61.0013067705989));
#11259=CARTESIAN_POINT('',(-33.145,36.9500000000001,-60.0013067705989));
#11260=CARTESIAN_POINT('Origin',(-34.145,38.4500000000001,-51.0013067705986));
#11261=CARTESIAN_POINT('Origin',(-34.145,36.4500000000001,-52.0013067705989));
#11262=CARTESIAN_POINT('Origin',(-33.145,38.4500000000001,-47.0013067705989));
#11263=CARTESIAN_POINT('',(-33.145,37.4500000000001,-48.0013067705989));
#11264=CARTESIAN_POINT('Origin',(-33.145,37.4500000000001,-47.0013067705989));
#11265=CARTESIAN_POINT('',(-33.145,38.4500000000001,-48.0013067705989));
#11266=CARTESIAN_POINT('Origin',(-33.145,37.4500000000001,-49.0013067705989));
#11267=CARTESIAN_POINT('',(-33.145,38.4500000000001,-49.0013067705989));
#11268=CARTESIAN_POINT('Origin',(-33.145,39.4500000000001,-49.0013067705989));
#11269=CARTESIAN_POINT('Origin',(-33.145,37.4500000000001,-49.0013067705989));
#11270=CARTESIAN_POINT('Origin',(-33.145,39.4500000000001,-52.0013067705987));
#11271=CARTESIAN_POINT('',(-33.145,38.4500000000001,-52.0013067705989));
#11272=CARTESIAN_POINT('Origin',(-33.145,39.4500000000001,-52.0013067705989));
#11273=CARTESIAN_POINT('',(-33.145,38.4500000000001,-52.0013067705987));
#11274=CARTESIAN_POINT('Origin',(-33.145,37.4500000000001,-52.0013067705989));
#11275=CARTESIAN_POINT('',(-33.145,37.4500000000001,-53.0013067705989));
#11276=CARTESIAN_POINT('Origin',(-33.145,37.4500000000002,-54.0013067705989));
#11277=CARTESIAN_POINT('Origin',(-33.145,37.4500000000001,-52.0013067705989));
#11278=CARTESIAN_POINT('Origin',(-33.145,36.9500000000002,-54.0013067705989));
#11279=CARTESIAN_POINT('',(-33.145,36.4500000000002,-53.0013067705989));
#11280=CARTESIAN_POINT('Origin',(-33.145,36.4500000000002,-54.0013067705989));
#11281=CARTESIAN_POINT('',(-33.145,36.9500000000001,-53.0013067705989));
#11282=CARTESIAN_POINT('',(-33.145,38.4500000000001,-55.0013067705989));
#11283=CARTESIAN_POINT('Origin',(-33.145,36.4500000000001,-52.0013067705989));
#11284=CARTESIAN_POINT('Origin',(-33.145,36.4500000000001,-52.0013067705989));
#11285=CARTESIAN_POINT('Origin',(-32.145,37.4500000000001,-52.0013067705989));
#11286=CARTESIAN_POINT('',(-32.145,37.4500000000001,-53.0013067705989));
#11287=CARTESIAN_POINT('Origin',(-32.145,37.4500000000001,-54.0013067705989));
#11288=CARTESIAN_POINT('Origin',(-32.145,37.4500000000001,-52.0013067705989));
#11289=CARTESIAN_POINT('Origin',(-32.145,37.4500000000001,-49.0013067705989));
#11290=CARTESIAN_POINT('',(-32.145,37.4500000000001,-48.0013067705989));
#11291=CARTESIAN_POINT('Origin',(-32.145,37.4500000000001,-47.0013067705989));
#11292=CARTESIAN_POINT('Origin',(-32.145,37.4500000000001,-49.0013067705989));
#11293=CARTESIAN_POINT('Origin',(-32.145,38.4500000000001,-47.0013067705989));
#11294=CARTESIAN_POINT('',(-32.145,36.4500000000001,-48.0013067705989));
#11295=CARTESIAN_POINT('Origin',(-32.145,36.4500000000001,-47.0013067705989));
#11296=CARTESIAN_POINT('',(-32.145,38.4500000000001,-48.0013067705989));
#11297=CARTESIAN_POINT('Origin',(-32.145,36.4500000000001,-49.0013067705989));
#11298=CARTESIAN_POINT('Origin',(-32.145,36.4500000000001,-49.0013067705989));
#11299=CARTESIAN_POINT('Ctrl Pts',(-31.145,35.4502299267428,-47.2691232351099));
#11300=CARTESIAN_POINT('Ctrl Pts',(-31.145,35.4502299267428,-47.4158973131984));
#11301=CARTESIAN_POINT('Ctrl Pts',(-31.1753697450809,35.4643915714502,-47.5888091797693));
#11302=CARTESIAN_POINT('Ctrl Pts',(-31.2750907650544,35.5108922467429,-47.838755111409));
#11303=CARTESIAN_POINT('Ctrl Pts',(-31.3541180134117,35.5477432578548,-47.9627465027446));
#11304=CARTESIAN_POINT('Ctrl Pts',(-31.4824422485034,35.607581831405,-48.0792604853456));
#11305=CARTESIAN_POINT('Ctrl Pts',(-31.5349912188646,35.6320858187126,-48.1156555498729));
#11306=CARTESIAN_POINT('Ctrl Pts',(-31.6083424768749,35.666290072058,-48.1520593957146));
#11307=CARTESIAN_POINT('Ctrl Pts',(-31.638237803415,35.6802304917667,-48.1641954971222));
#11308=CARTESIAN_POINT('Ctrl Pts',(-31.6685243884758,35.69435335832,-48.1735275787178));
#11309=CARTESIAN_POINT('Origin',(-31.145,38.4500000000001,-51.0013067705986));
#11310=CARTESIAN_POINT('',(-31.145,35.4502299267428,-54.26912323511));
#11311=CARTESIAN_POINT('',(-31.145,35.4502299267428,-55.5013067705987));
#11312=CARTESIAN_POINT('Origin',(-31.145,36.4500000000001,-56.0013067705989));
#11313=CARTESIAN_POINT('Origin',(-32.145,36.9500000000001,-61.0013067705989));
#11314=CARTESIAN_POINT('',(-32.145,37.4500000000001,-60.0013067705989));
#11315=CARTESIAN_POINT('Origin',(-32.145,37.4500000000001,-61.0013067705989));
#11316=CARTESIAN_POINT('',(-32.145,36.9500000000001,-60.0013067705989));
#11317=CARTESIAN_POINT('Origin',(-32.145,37.4500000000001,-59.0013067705989));
#11318=CARTESIAN_POINT('',(-32.145,38.4500000000001,-59.0013067705989));
#11319=CARTESIAN_POINT('Origin',(-32.145,39.4500000000001,-59.0013067705989));
#11320=CARTESIAN_POINT('Origin',(-32.145,37.4500000000001,-59.0013067705989));
#11321=CARTESIAN_POINT('Origin',(-32.145,39.4500000000001,-55.5013067705987));
#11322=CARTESIAN_POINT('',(-32.145,38.4500000000001,-56.0013067705989));
#11323=CARTESIAN_POINT('Origin',(-32.145,39.4500000000001,-56.0013067705989));
#11324=CARTESIAN_POINT('',(-32.145,38.4500000000001,-55.5013067705987));
#11325=CARTESIAN_POINT('Origin',(-32.145,37.4500000000001,-56.0013067705989));
#11326=CARTESIAN_POINT('',(-32.145,37.4500000000001,-55.0013067705989));
#11327=CARTESIAN_POINT('Origin',(-32.145,37.4500000000001,-54.0013067705989));
#11328=CARTESIAN_POINT('Origin',(-32.145,37.4500000000001,-56.0013067705989));
#11329=CARTESIAN_POINT('Origin',(-32.145,38.4500000000001,-54.0013067705989));
#11330=CARTESIAN_POINT('',(-32.145,36.4500000000001,-55.0013067705989));
#11331=CARTESIAN_POINT('Origin',(-32.145,36.4500000000001,-54.0013067705989));
#11332=CARTESIAN_POINT('',(-32.145,38.4500000000001,-55.0013067705989));
#11333=CARTESIAN_POINT('',(-32.145,36.9500000000001,-53.0013067705989));
#11334=CARTESIAN_POINT('Origin',(-32.145,36.4500000000001,-56.0013067705989));
#11335=CARTESIAN_POINT('Origin',(-32.145,36.4500000000001,-56.0013067705989));
#11336=CARTESIAN_POINT('Ctrl Pts',(-31.145,35.4502299267428,-54.26912323511));
#11337=CARTESIAN_POINT('Ctrl Pts',(-31.145,35.4502299267428,-54.4158973131984));
#11338=CARTESIAN_POINT('Ctrl Pts',(-31.1753697450809,35.4643915714502,-54.5888091797693));
#11339=CARTESIAN_POINT('Ctrl Pts',(-31.2750907650544,35.5108922467429,-54.838755111409));
#11340=CARTESIAN_POINT('Ctrl Pts',(-31.3541180134117,35.5477432578548,-54.9627465027447));
#11341=CARTESIAN_POINT('Ctrl Pts',(-31.4824422485034,35.607581831405,-55.0792604853456));
#11342=CARTESIAN_POINT('Ctrl Pts',(-31.5349912188646,35.6320858187126,-55.1156555498729));
#11343=CARTESIAN_POINT('Ctrl Pts',(-31.6083424768749,35.666290072058,-55.1520593957146));
#11344=CARTESIAN_POINT('Ctrl Pts',(-31.638237803415,35.6802304917667,-55.1641954971222));
#11345=CARTESIAN_POINT('Ctrl Pts',(-31.6685243884758,35.69435335832,-55.1735275787178));
#11346=CARTESIAN_POINT('Origin',(-31.145,37.4500000000001,-52.0013067705989));
#11347=CARTESIAN_POINT('',(-31.145,37.4500000000001,-53.0013067705989));
#11348=CARTESIAN_POINT('',(-31.145,38.4500000000001,-52.0013067705989));
#11349=CARTESIAN_POINT('Origin',(-31.145,38.4500000000001,-53.0013067705989));
#11350=CARTESIAN_POINT('',(-31.145,38.4500000000001,-49.0013067705989));
#11351=CARTESIAN_POINT('Origin',(-31.145,37.4500000000001,-59.0013067705989));
#11352=CARTESIAN_POINT('',(-31.145,37.4500000000001,-60.0013067705989));
#11353=CARTESIAN_POINT('',(-31.145,38.4500000000001,-59.0013067705989));
#11354=CARTESIAN_POINT('Origin',(-31.145,38.4500000000001,-60.0013067705989));
#11355=CARTESIAN_POINT('',(-31.145,38.4500000000001,-56.0013067705989));
#11356=CARTESIAN_POINT('Origin',(-33.2177865422028,36.4500000000001,-52.0013067705989));
#11357=CARTESIAN_POINT('',(-33.2177865422028,36.4500000000002,-53.0013067705989));
#11358=CARTESIAN_POINT('Origin',(-31.145,35.4500000000001,-53.0013067705989));
#11359=CARTESIAN_POINT('Origin',(-33.2177865422028,36.4500000000001,-59.0013067705989));
#11360=CARTESIAN_POINT('',(-33.2177865422028,36.4500000000001,-60.0013067705989));
#11361=CARTESIAN_POINT('Origin',(-31.145,35.4500000000001,-60.0013067705989));
#11362=CARTESIAN_POINT('Origin',(-31.145,37.4500000000001,-49.0013067705989));
#11363=CARTESIAN_POINT('',(-31.145,37.4500000000001,-48.0013067705989));
#11364=CARTESIAN_POINT('Origin',(-31.145,38.4500000000001,-48.0013067705989));
#11365=CARTESIAN_POINT('',(-33.2177865422028,36.4500000000001,-48.0013067705989));
#11366=CARTESIAN_POINT('Origin',(-31.145,37.4500000000001,-56.0013067705989));
#11367=CARTESIAN_POINT('',(-31.145,37.4500000000001,-55.0013067705989));
#11368=CARTESIAN_POINT('Origin',(-31.145,38.4500000000001,-55.0013067705989));
#11369=CARTESIAN_POINT('',(-33.2177865422028,36.4500000000001,-55.0013067705989));
#11370=CARTESIAN_POINT('Origin',(-33.2177865422028,36.4500000000001,-49.0013067705989));
#11371=CARTESIAN_POINT('Origin',(-33.2177865422028,36.4500000000001,-56.0013067705989));
#11372=CARTESIAN_POINT('Ctrl Pts',(-18.3552465393456,36.0322914572992,-59.9637197049756));
#11373=CARTESIAN_POINT('Ctrl Pts',(-18.2637206845301,35.9215425512983,-59.8423615000561));
#11374=CARTESIAN_POINT('Ctrl Pts',(-18.1321340558796,35.7030696515184,-59.6385120581639));
#11375=CARTESIAN_POINT('Ctrl Pts',(-17.9609881300027,35.4833700707517,-59.1247866091597));
#11376=CARTESIAN_POINT('Ctrl Pts',(-17.8923505108671,35.4509562540602,-58.8833519978161));
#11377=CARTESIAN_POINT('Ctrl Pts',(-17.8569876551511,35.4500132463436,-58.7583341886044));
#11378=CARTESIAN_POINT('Ctrl Pts',(-17.8559938210361,35.4500000000005,-58.7548204585699));
#11379=CARTESIAN_POINT('Ctrl Pts',(-17.855,35.4500000000005,-58.7513067705989));
#11380=CARTESIAN_POINT('Ctrl Pts',(-18.3989383001039,35.8596800585915,-59.8974748063963));
#11381=CARTESIAN_POINT('Ctrl Pts',(-18.3089469731263,35.7771519692161,-59.7617979910351));
#11382=CARTESIAN_POINT('Ctrl Pts',(-18.1730611443953,35.6204413460516,-59.5394967856423));
#11383=CARTESIAN_POINT('Ctrl Pts',(-17.9785825045728,35.47232329869,-59.0749355642613));
#11384=CARTESIAN_POINT('Ctrl Pts',(-17.8985797835391,35.4506433486873,-58.8657413189319));
#11385=CARTESIAN_POINT('Ctrl Pts',(-17.8573188442765,35.4500087354454,-58.7573972919521));
#11386=CARTESIAN_POINT('Ctrl Pts',(-17.8561594578755,35.4500000000005,-58.7543519668405));
#11387=CARTESIAN_POINT('Ctrl Pts',(-17.855,35.4500000000005,-58.7513067705989));
#11388=CARTESIAN_POINT('Ctrl Pts',(-18.541942107749,35.5613903743179,-59.6806542304004));
#11389=CARTESIAN_POINT('Ctrl Pts',(-18.4320466200793,35.5367891943814,-59.535565252469));
#11390=CARTESIAN_POINT('Ctrl Pts',(-18.2626608516687,35.4931750155331,-59.3196660109882));
#11391=CARTESIAN_POINT('Ctrl Pts',(-18.0137390315631,35.4555139313762,-58.9756432623377));
#11392=CARTESIAN_POINT('Ctrl Pts',(-17.9110236141355,35.4501549417093,-58.8305401141737));
#11393=CARTESIAN_POINT('Ctrl Pts',(-17.8579814957803,35.450002288735,-58.755523151293));
#11394=CARTESIAN_POINT('Ctrl Pts',(-17.8564907315545,35.4500000000005,-58.7534149833817));
#11395=CARTESIAN_POINT('Ctrl Pts',(-17.855,35.4500000000005,-58.7513067705989));
#11396=CARTESIAN_POINT('Ctrl Pts',(-18.7508944021216,35.4500000000005,-59.3638433876155));
#11397=CARTESIAN_POINT('Ctrl Pts',(-18.592337519404,35.4502480711634,-59.2348716970415));
#11398=CARTESIAN_POINT('Ctrl Pts',(-18.3604210393734,35.4501198660589,-59.077316878907));
#11399=CARTESIAN_POINT('Ctrl Pts',(-18.0492473691915,35.4501270576969,-58.8761336757045));
#11400=CARTESIAN_POINT('Ctrl Pts',(-17.9234766059055,35.4500098165987,-58.795323318537));
#11401=CARTESIAN_POINT('Ctrl Pts',(-17.8586440147381,35.4499998302664,-58.7536492657089));
#11402=CARTESIAN_POINT('Ctrl Pts',(-17.8568220052335,35.4500000000005,-58.7524779999228));
#11403=CARTESIAN_POINT('Ctrl Pts',(-17.855,35.4500000000005,-58.7513067705989));
#11404=CARTESIAN_POINT('Ctrl Pts',(-18.8554930786911,35.4500000000005,-59.2052521887119));
#11405=CARTESIAN_POINT('Ctrl Pts',(-18.6724413690603,35.4500000000005,-59.0845206052221));
#11406=CARTESIAN_POINT('Ctrl Pts',(-18.4092681117577,35.4500000000006,-58.9561913873828));
#11407=CARTESIAN_POINT('Ctrl Pts',(-18.0669762600046,35.4500000000006,-58.8264154501814));
#11408=CARTESIAN_POINT('Ctrl Pts',(-17.9297010217321,35.4500000000006,-58.7777180894804));
#11409=CARTESIAN_POINT('Ctrl Pts',(-17.8589753103022,35.4500000000005,-58.7527122677684));
#11410=CARTESIAN_POINT('Ctrl Pts',(-17.8569876420729,35.4500000000005,-58.7520095081934));
#11411=CARTESIAN_POINT('Ctrl Pts',(-17.855,35.4500000000005,-58.7513067705989));
#11412=CARTESIAN_POINT('',(-18.5902642791106,35.5736782207808,-59.6073887614558));
#11413=CARTESIAN_POINT('',(-18.1669990882742,35.7710500206981,-59.6606129345691));
#11414=CARTESIAN_POINT('Ctrl Pts',(-18.1669990882743,35.7710500206982,-59.6606129345694));
#11415=CARTESIAN_POINT('Ctrl Pts',(-18.3119962579092,35.7034367300867,-59.6596092258251));
#11416=CARTESIAN_POINT('Ctrl Pts',(-18.4237551230632,35.6513227153986,-59.6498275738108));
#11417=CARTESIAN_POINT('Ctrl Pts',(-18.5396010538417,35.5973028707105,-59.6235309765415));
#11418=CARTESIAN_POINT('Ctrl Pts',(-18.5655432830573,35.5852058105576,-59.6162045671199));
#11419=CARTESIAN_POINT('Ctrl Pts',(-18.5902642791106,35.5736782207808,-59.6073887614558));
#11420=CARTESIAN_POINT('',(-18.855493078877,35.4500000000005,-59.2052521884301));
#11421=CARTESIAN_POINT('Origin',(-18.8554930786911,36.4500000000005,-59.2052521887119));
#11422=CARTESIAN_POINT('',(-17.855,35.4500000000005,-58.7513067705989));
#11423=CARTESIAN_POINT('Ctrl Pts',(-18.8554930786911,35.4500000000005,-59.2052521887119));
#11424=CARTESIAN_POINT('Ctrl Pts',(-18.6724413690603,35.4500000000005,-59.0845206052221));
#11425=CARTESIAN_POINT('Ctrl Pts',(-18.4092681117577,35.4500000000006,-58.9561913873828));
#11426=CARTESIAN_POINT('Ctrl Pts',(-18.0669762600046,35.4500000000006,-58.8264154501814));
#11427=CARTESIAN_POINT('Ctrl Pts',(-17.9297010217321,35.4500000000006,-58.7777180894804));
#11428=CARTESIAN_POINT('Ctrl Pts',(-17.8589753103022,35.4500000000005,-58.7527122677684));
#11429=CARTESIAN_POINT('Ctrl Pts',(-17.8569876420729,35.4500000000005,-58.7520095081934));
#11430=CARTESIAN_POINT('Ctrl Pts',(-17.855,35.4500000000005,-58.7513067705989));
#11431=CARTESIAN_POINT('Ctrl Pts',(-17.855,35.4500000000005,-58.7513067705989));
#11432=CARTESIAN_POINT('Ctrl Pts',(-17.8559938210361,35.4500000000005,-58.7548204585699));
#11433=CARTESIAN_POINT('Ctrl Pts',(-17.8569876551511,35.4500132463436,-58.7583341886044));
#11434=CARTESIAN_POINT('Ctrl Pts',(-17.8923505108671,35.4509562540602,-58.8833519978161));
#11435=CARTESIAN_POINT('Ctrl Pts',(-17.9609881300027,35.4833700707517,-59.1247866091597));
#11436=CARTESIAN_POINT('Ctrl Pts',(-18.0650568551547,35.6169628230751,-59.4371677089849));
#11437=CARTESIAN_POINT('Ctrl Pts',(-18.1335095563597,35.7177291911982,-59.5929104454365));
#11438=CARTESIAN_POINT('Ctrl Pts',(-18.1678784849196,35.7687814369659,-59.6618544119308));
#11439=CARTESIAN_POINT('Ctrl Pts',(-18.6437251845398,35.5846524698058,-59.6676877284515));
#11440=CARTESIAN_POINT('Ctrl Pts',(-18.6262200599422,35.581140038404,-59.647713918145));
#11441=CARTESIAN_POINT('Ctrl Pts',(-18.6083940737372,35.5774805027791,-59.6276320487904));
#11442=CARTESIAN_POINT('Ctrl Pts',(-18.5902642790196,35.5736782208717,-59.6073887615939));
#11443=CARTESIAN_POINT('Ctrl Pts',(-18.7318041963479,35.4969551837372,-59.5445179958119));
#11444=CARTESIAN_POINT('Ctrl Pts',(-18.711901633836,35.495685984879,-59.524553959402));
#11445=CARTESIAN_POINT('Ctrl Pts',(-18.6916527057872,35.4943341181282,-59.504673341017));
#11446=CARTESIAN_POINT('Ctrl Pts',(-18.6711004121124,35.4929692529068,-59.4848260324814));
#11447=CARTESIAN_POINT('Ctrl Pts',(-18.8334616019997,35.4500000000005,-59.4023602306652));
#11448=CARTESIAN_POINT('Ctrl Pts',(-18.8103814370917,35.4500115759921,-59.3829795006977));
#11449=CARTESIAN_POINT('Ctrl Pts',(-18.7869598894751,35.4499885151452,-59.3639070412905));
#11450=CARTESIAN_POINT('Ctrl Pts',(-18.7632482720253,35.4500000000005,-59.3451126053209));
#11451=CARTESIAN_POINT('Ctrl Pts',(-18.9352461552974,35.4500000000005,-59.2600246621891));
#11452=CARTESIAN_POINT('Ctrl Pts',(-18.9089761129787,35.4500000000005,-59.2412388832644));
#11453=CARTESIAN_POINT('Ctrl Pts',(-18.8823747539893,35.4500000000005,-59.2229819724553));
#11454=CARTESIAN_POINT('Ctrl Pts',(-18.8554930786911,35.4500000000005,-59.2052521887119));
#11455=CARTESIAN_POINT('Ctrl Pts',(-18.5902642791106,35.5736782207808,-59.6073887614558));
#11456=CARTESIAN_POINT('Ctrl Pts',(-18.6383887386451,35.5512374167553,-59.5902269981502));
#11457=CARTESIAN_POINT('Ctrl Pts',(-18.6846660787884,35.5296579386474,-59.5664228425935));
#11458=CARTESIAN_POINT('Ctrl Pts',(-18.7585501493892,35.4952052307106,-59.503410529522));
#11459=CARTESIAN_POINT('Ctrl Pts',(-18.7861439732553,35.482338019324,-59.4687509061758));
#11460=CARTESIAN_POINT('Ctrl Pts',(-18.8240548275155,35.4646598976553,-59.3951998521654));
#11461=CARTESIAN_POINT('Ctrl Pts',(-18.8359572613238,35.4591097015973,-59.360061411591));
#11462=CARTESIAN_POINT('Ctrl Pts',(-18.851955895061,35.4516494161656,-59.2848612698032));
#11463=CARTESIAN_POINT('Ctrl Pts',(-18.8554930795215,35.4499999999859,-59.2449755653322));
#11464=CARTESIAN_POINT('Ctrl Pts',(-18.8554930794902,35.4500000000005,-59.2052521887119));
#11465=CARTESIAN_POINT('Origin',(-18.855,38.4500000000002,-51.0013067705989));
#11466=CARTESIAN_POINT('',(-18.855,35.4502299267429,-60.6222890698176));
#11467=CARTESIAN_POINT('',(-18.855,35.4502299267429,-55.5013067705989));
#11468=CARTESIAN_POINT('',(-18.855,36.7000000000005,-61.0013067705989));
#11469=CARTESIAN_POINT('Origin',(-18.855,36.7000000000005,-58.7513067705989));
#11470=CARTESIAN_POINT('',(-18.855,37.2000000000001,-61.0013067705989));
#11471=CARTESIAN_POINT('',(-18.855,38.45,-61.0013067705989));
#11472=CARTESIAN_POINT('',(-18.855,39.4500000000001,-58.7513067705989));
#11473=CARTESIAN_POINT('Origin',(-18.855,37.2000000000001,-58.7513067705989));
#11474=CARTESIAN_POINT('',(-18.855,39.4500000000002,-52.2513067705989));
#11475=CARTESIAN_POINT('',(-18.855,39.4500000000002,-51.0013067705989));
#11476=CARTESIAN_POINT('',(-18.855,37.2000000000002,-50.0013067705989));
#11477=CARTESIAN_POINT('Origin',(-18.855,37.2000000000002,-52.2513067705989));
#11478=CARTESIAN_POINT('',(-18.855,36.7000000000006,-50.0013067705989));
#11479=CARTESIAN_POINT('',(-18.855,36.9500000000003,-50.0013067705989));
#11480=CARTESIAN_POINT('',(-18.855,35.4502299267429,-50.3803244713802));
#11481=CARTESIAN_POINT('Origin',(-18.855,36.7000000000005,-52.2513067705989));
#11482=CARTESIAN_POINT('',(-18.855,35.4502299267429,-42.0900556506503));
#11483=CARTESIAN_POINT('',(-18.855,35.4502299267429,-55.5013067705989));
#11484=CARTESIAN_POINT('',(-18.855,40.4500000000002,-51.2563007849559));
#11485=CARTESIAN_POINT('',(-18.855,40.2281553824998,-50.8495856528719));
#11486=CARTESIAN_POINT('',(-18.855,40.4500000000002,-56.5013067705989));
#11487=CARTESIAN_POINT('Ctrl Pts',(-18.3552465397451,35.6898451325401,-40.7211030098952));
#11488=CARTESIAN_POINT('Ctrl Pts',(-18.2040392707147,35.6131548390045,-40.3980741977304));
#11489=CARTESIAN_POINT('Ctrl Pts',(-18.0296278261924,35.5721044270861,-40.2251648869225));
#11490=CARTESIAN_POINT('Ctrl Pts',(-17.855,35.5721044270861,-40.2251648869226));
#11491=CARTESIAN_POINT('Ctrl Pts',(-18.4932194560984,35.5366695783366,-40.606743997313));
#11492=CARTESIAN_POINT('Ctrl Pts',(-18.3104777726112,35.5071261729844,-40.2638241403903));
#11493=CARTESIAN_POINT('Ctrl Pts',(-18.0828974182995,35.4924000132112,-40.0790401281518));
#11494=CARTESIAN_POINT('Ctrl Pts',(-17.855,35.4924000132112,-40.0790401281518));
#11495=CARTESIAN_POINT('Ctrl Pts',(-18.6739867545827,35.4500000000005,-40.4569148112075));
#11496=CARTESIAN_POINT('Ctrl Pts',(-18.4318284767581,35.4504599170948,-40.1028183990462));
#11497=CARTESIAN_POINT('Ctrl Pts',(-18.143541001983,35.4500000000005,-39.9127616634687));
#11498=CARTESIAN_POINT('Ctrl Pts',(-17.855,35.4500000000005,-39.9127616634687));
#11499=CARTESIAN_POINT('Ctrl Pts',(-18.8554930794902,35.4500000000005,-40.3064730821895));
#11500=CARTESIAN_POINT('Ctrl Pts',(-18.5530785414295,35.4500000000005,-39.9416132008235));
#11501=CARTESIAN_POINT('Ctrl Pts',(-18.2042556523848,35.4500000000005,-39.746312756242));
#11502=CARTESIAN_POINT('Ctrl Pts',(-17.855,35.4500000000005,-39.746312756242));
#11503=CARTESIAN_POINT('',(-18.3484592905764,35.6864337387143,-40.706733805599));
#11504=CARTESIAN_POINT('',(-18.3657865291692,35.6783539146638,-40.7123669273724));
#11505=CARTESIAN_POINT('Ctrl Pts',(-18.3484590828281,35.686434302595,-40.7067361807326));
#11506=CARTESIAN_POINT('Ctrl Pts',(-18.3542575556097,35.68373068965,-40.7086473008087));
#11507=CARTESIAN_POINT('Ctrl Pts',(-18.3600339773174,35.6810384399884,-40.7105236325489));
#11508=CARTESIAN_POINT('Ctrl Pts',(-18.3657884996383,35.6783596318328,-40.7123652941468));
#11509=CARTESIAN_POINT('',(-18.8554930794902,35.4500000000005,-40.3064730821895));
#11510=CARTESIAN_POINT('Origin',(-18.8554930794902,36.4500000000005,-40.3064730821895));
#11511=CARTESIAN_POINT('',(-17.855,35.4500000000005,-39.746312756242));
#11512=CARTESIAN_POINT('Origin',(-17.855,35.4500000000005,-43.9229674516228));
#11513=CARTESIAN_POINT('',(-17.855,35.5721044270861,-40.2251648869226));
#11514=CARTESIAN_POINT('Origin',(-17.855,36.4500000000005,-39.746312756242));
#11515=CARTESIAN_POINT('Origin',(-17.855,36.4500000000005,-43.9229674516228));
#11516=CARTESIAN_POINT('Origin',(-18.855246539745,36.4500000000005,-39.746312756242));
#11517=CARTESIAN_POINT('',(-16.855,35.4500000000005,-39.746312756242));
#11518=CARTESIAN_POINT('',(-16.855,35.5721044270861,-40.2251648869226));
#11519=CARTESIAN_POINT('Origin',(-16.855,36.4500000000005,-39.746312756242));
#11520=CARTESIAN_POINT('',(-18.855246539745,35.5721044270861,-40.2251648869225));
#11521=CARTESIAN_POINT('',(-18.855246539745,35.4500000000005,-39.746312756242));
#11522=CARTESIAN_POINT('Ctrl Pts',(-16.8550000000001,35.5721044270861,-40.2251648869226));
#11523=CARTESIAN_POINT('Ctrl Pts',(-16.7054003498291,35.5721044270861,-40.2251648869226));
#11524=CARTESIAN_POINT('Ctrl Pts',(-16.4066080902922,35.6321110854768,-40.4779202055982));
#11525=CARTESIAN_POINT('Ctrl Pts',(-15.9861331967598,35.925879913434,-41.7153101172971));
#11526=CARTESIAN_POINT('Ctrl Pts',(-15.855,36.2530006941086,-43.0931824965022));
#11527=CARTESIAN_POINT('Ctrl Pts',(-15.855,36.4500000000005,-43.9229674516228));
#11528=CARTESIAN_POINT('Ctrl Pts',(-16.8550000000001,35.526559047729,-40.1416650247678));
#11529=CARTESIAN_POINT('Ctrl Pts',(-16.6793179326499,35.526559047729,-40.1416650247678));
#11530=CARTESIAN_POINT('Ctrl Pts',(-16.3280512553553,35.5646528057035,-40.4043918973958));
#11531=CARTESIAN_POINT('Ctrl Pts',(-15.8708717432507,35.7563642445697,-41.684590729739));
#11532=CARTESIAN_POINT('Ctrl Pts',(-15.7942562995777,35.9915087798686,-43.0935259031428));
#11533=CARTESIAN_POINT('Ctrl Pts',(-15.855,36.1508006996586,-43.9229674516228));
#11534=CARTESIAN_POINT('Ctrl Pts',(-16.8550000000001,35.4678652695377,-39.9841013367886));
#11535=CARTESIAN_POINT('Ctrl Pts',(-16.6300879350737,35.4678652695377,-39.9841013367886));
#11536=CARTESIAN_POINT('Ctrl Pts',(-16.1814233484107,35.4766135973789,-40.2588770978626));
#11537=CARTESIAN_POINT('Ctrl Pts',(-15.5963547642224,35.5232543727278,-41.5963429870051));
#11538=CARTESIAN_POINT('Ctrl Pts',(-15.5100788003131,35.5849712766738,-43.0660978617767));
#11539=CARTESIAN_POINT('Ctrl Pts',(-15.6037437766604,35.6329525045178,-43.9229674516228));
#11540=CARTESIAN_POINT('Ctrl Pts',(-16.8550000000001,35.4500000000005,-39.8176480021963));
#11541=CARTESIAN_POINT('Ctrl Pts',(-16.5780861256869,35.4500000000005,-39.8176480021963));
#11542=CARTESIAN_POINT('Ctrl Pts',(-16.0252225643007,35.4501797261835,-40.0999201746963));
#11543=CARTESIAN_POINT('Ctrl Pts',(-15.260991208666,35.4500609386031,-41.479481609717));
#11544=CARTESIAN_POINT('Ctrl Pts',(-15.051500557157,35.4505079746381,-43.0097916641948));
#11545=CARTESIAN_POINT('Ctrl Pts',(-15.0793994752564,35.4500000000005,-43.9229674516228));
#11546=CARTESIAN_POINT('Ctrl Pts',(-16.8550000000001,35.4500000000005,-39.746312756242));
#11547=CARTESIAN_POINT('Ctrl Pts',(-16.5558006996582,35.4500000000005,-39.746312756242));
#11548=CARTESIAN_POINT('Ctrl Pts',(-15.9582161805843,35.4500000000005,-40.0317989794943));
#11549=CARTESIAN_POINT('Ctrl Pts',(-15.1172663935197,35.4500000000005,-41.4294264337154));
#11550=CARTESIAN_POINT('Ctrl Pts',(-14.855,35.4500000000005,-42.9857283296521));
#11551=CARTESIAN_POINT('Ctrl Pts',(-14.855,35.4500000000005,-43.9229674516228));
#11552=CARTESIAN_POINT('',(-14.855,35.4500000000005,-43.9229674516228));
#11553=CARTESIAN_POINT('',(-15.855,36.4500000000005,-43.9229674516228));
#11554=CARTESIAN_POINT('Origin',(-14.855,36.4500000000005,-43.9229674516228));
#11555=CARTESIAN_POINT('Origin',(-16.855,36.4500000000005,-43.9229674516228));
#11556=CARTESIAN_POINT('Origin',(-16.855,35.4500000000005,-43.9229674516228));
#11557=CARTESIAN_POINT('Origin',(-14.855,36.4500000000005,-55.5013067705989));
#11558=CARTESIAN_POINT('',(-14.855,35.4500000000005,-50.0152387930991));
#11559=CARTESIAN_POINT('',(-15.855,36.4500000000005,-50.0152387930991));
#11560=CARTESIAN_POINT('Origin',(-14.855,36.4500000000005,-50.0152387930991));
#11561=CARTESIAN_POINT('',(-15.855,36.4500000000005,-55.5013067705989));
#11562=CARTESIAN_POINT('',(-14.855,35.4500000000005,-55.5013067705989));
#11563=CARTESIAN_POINT('Ctrl Pts',(-15.855,36.4500000000005,-50.0152387930991));
#11564=CARTESIAN_POINT('Ctrl Pts',(-15.855,36.4381729494236,-50.1236677582586));
#11565=CARTESIAN_POINT('Ctrl Pts',(-15.8898622224582,36.4080558049866,-50.344481235322));
#11566=CARTESIAN_POINT('Ctrl Pts',(-16.0142380763062,36.3388217645069,-50.5985758895492));
#11567=CARTESIAN_POINT('Ctrl Pts',(-16.1535160509102,36.2375844596611,-50.7896369486203));
#11568=CARTESIAN_POINT('Ctrl Pts',(-16.3147817413607,36.096323543673,-50.9878640888415));
#11569=CARTESIAN_POINT('Ctrl Pts',(-16.5013448239298,35.8408346351297,-51.2156277783961));
#11570=CARTESIAN_POINT('Ctrl Pts',(-16.7004558002792,35.5282471824989,-51.7082146009108));
#11571=CARTESIAN_POINT('Ctrl Pts',(-16.8015303780115,35.4513457713159,-52.0623083197824));
#11572=CARTESIAN_POINT('Ctrl Pts',(-16.853012323265,35.4500139788937,-52.2442788049702));
#11573=CARTESIAN_POINT('Ctrl Pts',(-16.8540061789637,35.4500000000005,-52.2477930826286));
#11574=CARTESIAN_POINT('Ctrl Pts',(-16.855,35.4500000000005,-52.2513067705989));
#11575=CARTESIAN_POINT('Ctrl Pts',(-15.855,36.1508006996587,-50.0152387930991));
#11576=CARTESIAN_POINT('Ctrl Pts',(-15.8513531911249,36.1412374497613,-50.1233296880705));
#11577=CARTESIAN_POINT('Ctrl Pts',(-15.8778108007077,36.1165527269071,-50.345656810507));
#11578=CARTESIAN_POINT('Ctrl Pts',(-15.98629137649,36.0616623155969,-50.6127956964548));
#11579=CARTESIAN_POINT('Ctrl Pts',(-16.1127897995226,35.9842975682026,-50.826677496482));
#11580=CARTESIAN_POINT('Ctrl Pts',(-16.2633693899563,35.8791301034624,-51.0535270183129));
#11581=CARTESIAN_POINT('Ctrl Pts',(-16.4483688819242,35.6989266608664,-51.324418063243));
#11582=CARTESIAN_POINT('Ctrl Pts',(-16.6709246525707,35.4980480599654,-51.7901021827753));
#11583=CARTESIAN_POINT('Ctrl Pts',(-16.7913227503826,35.4508534308342,-52.0910977577262));
#11584=CARTESIAN_POINT('Ctrl Pts',(-16.8526340126371,35.4500083879164,-52.2453498433417));
#11585=CARTESIAN_POINT('Ctrl Pts',(-16.8538168797187,35.4500000000005,-52.2483285017479));
#11586=CARTESIAN_POINT('Ctrl Pts',(-16.855,35.4500000000005,-52.2513067705989));
#11587=CARTESIAN_POINT('Ctrl Pts',(-15.6037367304185,35.6329609590144,-50.0152387930991));
#11588=CARTESIAN_POINT('Ctrl Pts',(-15.5981134597804,35.630080357959,-50.1503315046054));
#11589=CARTESIAN_POINT('Ctrl Pts',(-15.6271764044857,35.6229024925793,-50.4280968587854));
#11590=CARTESIAN_POINT('Ctrl Pts',(-15.7589440069765,35.6067965012536,-50.7609863756014));
#11591=CARTESIAN_POINT('Ctrl Pts',(-15.9145236723447,35.5849358831892,-51.0217450937448));
#11592=CARTESIAN_POINT('Ctrl Pts',(-16.1016644548571,35.5558637698748,-51.2847523406962));
#11593=CARTESIAN_POINT('Ctrl Pts',(-16.3350330593852,35.5088851198798,-51.5687387900401));
#11594=CARTESIAN_POINT('Ctrl Pts',(-16.6198290161872,35.460910139842,-51.9344930312221));
#11595=CARTESIAN_POINT('Ctrl Pts',(-16.77353248414,35.4501930487618,-52.1414871590278));
#11596=CARTESIAN_POINT('Ctrl Pts',(-16.85197104588,35.4500019819223,-52.2472240805469));
#11597=CARTESIAN_POINT('Ctrl Pts',(-16.8534856060399,35.4500000000005,-52.2492654852066));
#11598=CARTESIAN_POINT('Ctrl Pts',(-16.855,35.4500000000005,-52.2513067705989));
#11599=CARTESIAN_POINT('Ctrl Pts',(-15.0793994752564,35.4500000000005,-50.0152387930991));
#11600=CARTESIAN_POINT('Ctrl Pts',(-15.0777245357742,35.4500304967665,-50.2057627181066));
#11601=CARTESIAN_POINT('Ctrl Pts',(-15.1352261555326,35.4498488720615,-50.5926986608778));
#11602=CARTESIAN_POINT('Ctrl Pts',(-15.3489693483852,35.4499267752452,-51.0306635658828));
#11603=CARTESIAN_POINT('Ctrl Pts',(-15.5907011021256,35.4499745041261,-51.3401802581132));
#11604=CARTESIAN_POINT('Ctrl Pts',(-15.8726952563061,35.4500838596744,-51.6195875039682));
#11605=CARTESIAN_POINT('Ctrl Pts',(-16.2039178262992,35.4500884182038,-51.8557397923873));
#11606=CARTESIAN_POINT('Ctrl Pts',(-16.5681073540596,35.450077102179,-52.0795195657872));
#11607=CARTESIAN_POINT('Ctrl Pts',(-16.7557040725088,35.450006684165,-52.1918904693143));
#11608=CARTESIAN_POINT('Ctrl Pts',(-16.8513085438883,35.4499999166013,-52.2490981538544));
#11609=CARTESIAN_POINT('Ctrl Pts',(-16.8531543323611,35.4500000000005,-52.2502024686654));
#11610=CARTESIAN_POINT('Ctrl Pts',(-16.855,35.4500000000005,-52.2513067705989));
#11611=CARTESIAN_POINT('Ctrl Pts',(-14.855,35.4500000000005,-50.0152387930991));
#11612=CARTESIAN_POINT('Ctrl Pts',(-14.855,35.4500000000005,-50.2294521145118));
#11613=CARTESIAN_POINT('Ctrl Pts',(-14.9247244449168,35.4500000000005,-50.663057292146));
#11614=CARTESIAN_POINT('Ctrl Pts',(-15.1734761526129,35.4500000000005,-51.1459755951347));
#11615=CARTESIAN_POINT('Ctrl Pts',(-15.4520321018212,35.4500000000006,-51.4764058104544));
#11616=CARTESIAN_POINT('Ctrl Pts',(-15.7745634827221,35.4500000000005,-51.7629143031287));
#11617=CARTESIAN_POINT('Ctrl Pts',(-16.1476896478614,35.4500000000006,-51.978713195268));
#11618=CARTESIAN_POINT('Ctrl Pts',(-16.5459116005593,35.4500000000005,-52.1416789237222));
#11619=CARTESIAN_POINT('Ctrl Pts',(-16.7480607560256,35.4500000000006,-52.2134919444245));
#11620=CARTESIAN_POINT('Ctrl Pts',(-16.8510246465299,35.4500000000005,-52.2499013275161));
#11621=CARTESIAN_POINT('Ctrl Pts',(-16.8530123579274,35.4500000000005,-52.2506040330048));
#11622=CARTESIAN_POINT('Ctrl Pts',(-16.855,35.4500000000005,-52.2513067705989));
#11623=CARTESIAN_POINT('',(-16.855,35.4500000000005,-52.2513067705989));
#11624=CARTESIAN_POINT('Ctrl Pts',(-14.855,35.4500000000005,-50.0152387930991));
#11625=CARTESIAN_POINT('Ctrl Pts',(-14.855,35.4500000000005,-50.2294521145118));
#11626=CARTESIAN_POINT('Ctrl Pts',(-14.9247244449168,35.4500000000005,-50.663057292146));
#11627=CARTESIAN_POINT('Ctrl Pts',(-15.1734761526129,35.4500000000005,-51.1459755951347));
#11628=CARTESIAN_POINT('Ctrl Pts',(-15.4520321018212,35.4500000000006,-51.4764058104544));
#11629=CARTESIAN_POINT('Ctrl Pts',(-15.7745634827221,35.4500000000005,-51.7629143031287));
#11630=CARTESIAN_POINT('Ctrl Pts',(-16.1476896478614,35.4500000000006,-51.978713195268));
#11631=CARTESIAN_POINT('Ctrl Pts',(-16.5459116005593,35.4500000000005,-52.1416789237222));
#11632=CARTESIAN_POINT('Ctrl Pts',(-16.7480607560256,35.4500000000006,-52.2134919444245));
#11633=CARTESIAN_POINT('Ctrl Pts',(-16.8510246465299,35.4500000000005,-52.2499013275161));
#11634=CARTESIAN_POINT('Ctrl Pts',(-16.8530123579274,35.4500000000005,-52.2506040330048));
#11635=CARTESIAN_POINT('Ctrl Pts',(-16.855,35.4500000000005,-52.2513067705989));
#11636=CARTESIAN_POINT('Ctrl Pts',(-16.855,35.4500000000005,-52.2513067705989));
#11637=CARTESIAN_POINT('Ctrl Pts',(-16.8540061789637,35.4500000000005,-52.2477930826286));
#11638=CARTESIAN_POINT('Ctrl Pts',(-16.853012323265,35.4500139788937,-52.2442788049702));
#11639=CARTESIAN_POINT('Ctrl Pts',(-16.8015303780115,35.4513457713159,-52.0623083197824));
#11640=CARTESIAN_POINT('Ctrl Pts',(-16.7004558002792,35.5282471824989,-51.7082146009108));
#11641=CARTESIAN_POINT('Ctrl Pts',(-16.5013448239298,35.8408346351297,-51.2156277783961));
#11642=CARTESIAN_POINT('Ctrl Pts',(-16.3147817413607,36.096323543673,-50.9878640888415));
#11643=CARTESIAN_POINT('Ctrl Pts',(-16.1535160509102,36.2375844596611,-50.7896369486203));
#11644=CARTESIAN_POINT('Ctrl Pts',(-16.0142380763062,36.3388217645069,-50.5985758895492));
#11645=CARTESIAN_POINT('Ctrl Pts',(-15.8898622224582,36.4080558049866,-50.344481235322));
#11646=CARTESIAN_POINT('Ctrl Pts',(-15.855,36.4381729494236,-50.1236677582586));
#11647=CARTESIAN_POINT('Ctrl Pts',(-15.855,36.4500000000005,-50.0152387930991));
#11648=CARTESIAN_POINT('Ctrl Pts',(-18.4447458657847,35.7201591215441,-40.8976631170703));
#11649=CARTESIAN_POINT('Ctrl Pts',(-18.4192654100516,35.7052227139098,-40.8314934101077));
#11650=CARTESIAN_POINT('Ctrl Pts',(-18.3929064717237,35.6912687155258,-40.7696392149844));
#11651=CARTESIAN_POINT('Ctrl Pts',(-18.3657865291692,35.6783539146638,-40.7123669273724));
#11652=CARTESIAN_POINT('Ctrl Pts',(-18.596455947923,35.5486379661582,-40.795112868833));
#11653=CARTESIAN_POINT('Ctrl Pts',(-18.5666219553032,35.5427757311389,-40.7252001854847));
#11654=CARTESIAN_POINT('Ctrl Pts',(-18.5350824283837,35.5371354844543,-40.6598357546938));
#11655=CARTESIAN_POINT('Ctrl Pts',(-18.502305582484,35.5321952294616,-40.5992129508647));
#11656=CARTESIAN_POINT('Ctrl Pts',(-18.803240851692,35.4500000000005,-40.6553341348534));
#11657=CARTESIAN_POINT('Ctrl Pts',(-18.7632770992363,35.4501015337788,-40.5831320428368));
#11658=CARTESIAN_POINT('Ctrl Pts',(-18.7215830443362,35.4499264343971,-40.5156528119128));
#11659=CARTESIAN_POINT('Ctrl Pts',(-18.6785738208962,35.4500000000005,-40.4531128159455));
#11660=CARTESIAN_POINT('Ctrl Pts',(-19.0111081918431,35.4500000000005,-40.5148237150285));
#11661=CARTESIAN_POINT('Ctrl Pts',(-18.9608108630131,35.4500000000005,-40.4404151980401));
#11662=CARTESIAN_POINT('Ctrl Pts',(-18.9088652435095,35.4500000000005,-40.370866022943));
#11663=CARTESIAN_POINT('Ctrl Pts',(-18.8554930794902,35.4500000000005,-40.3064730821895));
#11664=CARTESIAN_POINT('Ctrl Pts',(-18.3657865291692,35.6783539146638,-40.7123669273724));
#11665=CARTESIAN_POINT('Ctrl Pts',(-18.3911524082212,35.6665256110061,-40.7204837612485));
#11666=CARTESIAN_POINT('Ctrl Pts',(-18.4162252869322,35.6548795848516,-40.7279119018676));
#11667=CARTESIAN_POINT('Ctrl Pts',(-18.440832972116,35.6434729483799,-40.7341320194649));
#11668=CARTESIAN_POINT('Ctrl Pts',(-18.4657934473174,35.6319027797656,-40.7404413122682));
#11669=CARTESIAN_POINT('Ctrl Pts',(-18.4902749889084,35.6205766842794,-40.7455077545064));
#11670=CARTESIAN_POINT('Ctrl Pts',(-18.5141187444446,35.6095501643055,-40.7488358711314));
#11671=CARTESIAN_POINT('Ctrl Pts',(-18.5236163541342,35.6051580045725,-40.7501615495741));
#11672=CARTESIAN_POINT('Ctrl Pts',(-18.5330130091008,35.6008134976877,-40.7512119305211));
#11673=CARTESIAN_POINT('Ctrl Pts',(-18.5422994322968,35.5965208068757,-40.7519577901171));
#11674=CARTESIAN_POINT('Ctrl Pts',(-18.5586508458888,35.5889622925364,-40.7532710900259));
#11675=CARTESIAN_POINT('Ctrl Pts',(-18.5751431790191,35.5813353059023,-40.7536646658494));
#11676=CARTESIAN_POINT('Ctrl Pts',(-18.5915697330707,35.5737317165218,-40.7527705565363));
#11677=CARTESIAN_POINT('Ctrl Pts',(-18.6076098681804,35.5663069942947,-40.7518974802879));
#11678=CARTESIAN_POINT('Ctrl Pts',(-18.6235877877436,35.5589051304112,-40.7497956149691));
#11679=CARTESIAN_POINT('Ctrl Pts',(-18.6392670318498,35.5516314338262,-40.7461134612088));
#11680=CARTESIAN_POINT('Ctrl Pts',(-18.6438168163694,35.5495207611497,-40.7450449781834));
#11681=CARTESIAN_POINT('Ctrl Pts',(-18.6483411355203,35.5474209788849,-40.7438434236026));
#11682=CARTESIAN_POINT('Ctrl Pts',(-18.6528333978402,35.545334863537,-40.7425002566519));
#11683=CARTESIAN_POINT('Ctrl Pts',(-18.6706855801749,35.5370446727803,-40.7371625315589));
#11684=CARTESIAN_POINT('Ctrl Pts',(-18.6875529992881,35.5291985441296,-40.7297551160626));
#11685=CARTESIAN_POINT('Ctrl Pts',(-18.7034001442143,35.5218102531478,-40.7200823899238));
#11686=CARTESIAN_POINT('Ctrl Pts',(-18.7130133704684,35.5173283535267,-40.7142147017503));
#11687=CARTESIAN_POINT('Ctrl Pts',(-18.722251172381,35.513015198292,-40.7075143331006));
#11688=CARTESIAN_POINT('Ctrl Pts',(-18.7311035655003,35.5088768829755,-40.699946309603));
#11689=CARTESIAN_POINT('Ctrl Pts',(-18.7439279802308,35.5028817276328,-40.6889825542979));
#11690=CARTESIAN_POINT('Ctrl Pts',(-18.7554808372227,35.4974705881791,-40.6765939422595));
#11691=CARTESIAN_POINT('Ctrl Pts',(-18.7658657405694,35.4925930252805,-40.6630759911699));
#11692=CARTESIAN_POINT('Ctrl Pts',(-18.7747788538565,35.4884067301143,-40.6514738582035));
#11693=CARTESIAN_POINT('Ctrl Pts',(-18.7828324707292,35.4846128639925,-40.6390407471049));
#11694=CARTESIAN_POINT('Ctrl Pts',(-18.790120727755,35.4811738121813,-40.6259721757279));
#11695=CARTESIAN_POINT('Ctrl Pts',(-18.7988935008325,35.4770342736009,-40.6102417190863));
#11696=CARTESIAN_POINT('Ctrl Pts',(-18.8065511767573,35.4734145520225,-40.593615303112));
#11697=CARTESIAN_POINT('Ctrl Pts',(-18.8131944669514,35.4702623368664,-40.5764541663177));
#11698=CARTESIAN_POINT('Ctrl Pts',(-18.819868383719,35.4670955895211,-40.5592139140848));
#11699=CARTESIAN_POINT('Ctrl Pts',(-18.8255185533915,35.4644000934995,-40.5414347713376));
#11700=CARTESIAN_POINT('Ctrl Pts',(-18.8302978790825,35.4621120924104,-40.5234749813306));
#11701=CARTESIAN_POINT('Ctrl Pts',(-18.8327242664926,35.4609505107574,-40.5143570824514));
#11702=CARTESIAN_POINT('Ctrl Pts',(-18.8349270084092,35.4598938433312,-40.5051924199237));
#11703=CARTESIAN_POINT('Ctrl Pts',(-18.836930967546,35.4589333413811,-40.4960262364956));
#11704=CARTESIAN_POINT('Ctrl Pts',(-18.8417875782186,35.456605557378,-40.4738119191252));
#11705=CARTESIAN_POINT('Ctrl Pts',(-18.8455918066626,35.4547856070823,-40.4510321874683));
#11706=CARTESIAN_POINT('Ctrl Pts',(-18.8484444486935,35.4534158050793,-40.4280108047091));
#11707=CARTESIAN_POINT('Ctrl Pts',(-18.8512890617012,35.45204985851,-40.4050542177477));
#11708=CARTESIAN_POINT('Ctrl Pts',(-18.8531875427041,35.4511311805798,-40.381857809911));
#11709=CARTESIAN_POINT('Ctrl Pts',(-18.8542867967794,35.4505941257999,-40.3587222205988));
#11710=CARTESIAN_POINT('Ctrl Pts',(-18.8551178444156,35.4501881067408,-40.3412314718781));
#11711=CARTESIAN_POINT('Ctrl Pts',(-18.8554930794902,35.4500000000005,-40.3237750794865));
#11712=CARTESIAN_POINT('Ctrl Pts',(-18.8554930794902,35.4500000000005,-40.3064730821895));
#11713=CARTESIAN_POINT('Ctrl Pts',(-17.855,35.4500000000005,-52.2513067705989));
#11714=CARTESIAN_POINT('Ctrl Pts',(-17.8559938210361,35.4500000000005,-52.2477930826279));
#11715=CARTESIAN_POINT('Ctrl Pts',(-17.8569882031441,35.4500205247325,-52.2443184849642));
#11716=CARTESIAN_POINT('Ctrl Pts',(-17.9610076363037,35.4517333879276,-51.8704032943661));
#11717=CARTESIAN_POINT('Ctrl Pts',(-18.0992125476793,35.6715011525746,-51.4432067925624));
#11718=CARTESIAN_POINT('Ctrl Pts',(-18.2623055581466,35.9136981385384,-51.1717157542151));
#11719=CARTESIAN_POINT('Ctrl Pts',(-18.3247379214285,35.9953751557529,-51.0793465707043));
#11720=CARTESIAN_POINT('Ctrl Pts',(-18.355246539719,36.032291457751,-51.0388938357272));
#11721=CARTESIAN_POINT('Ctrl Pts',(-17.855,35.4500000000005,-52.2513067705989));
#11722=CARTESIAN_POINT('Ctrl Pts',(-17.8563939266033,35.4499807562744,-52.2492432744218));
#11723=CARTESIAN_POINT('Ctrl Pts',(-17.8575840154145,35.450025159,-52.2456930480042));
#11724=CARTESIAN_POINT('Ctrl Pts',(-17.9975323162662,35.4512905765378,-51.979711652666));
#11725=CARTESIAN_POINT('Ctrl Pts',(-18.1756692636538,35.5235337626987,-51.6334336155522));
#11726=CARTESIAN_POINT('Ctrl Pts',(-18.3501562776596,35.6309485843368,-51.3284253255066));
#11727=CARTESIAN_POINT('Ctrl Pts',(-18.4133038978796,35.6684470310452,-51.2231042853722));
#11728=CARTESIAN_POINT('Ctrl Pts',(-18.4426300612245,35.687068660106,-51.1713836327704));
#11729=CARTESIAN_POINT('Ctrl Pts',(-17.855,35.4500000000005,-52.2513067705989));
#11730=CARTESIAN_POINT('Ctrl Pts',(-17.8566927667567,35.4500000000005,-52.2495647008642));
#11731=CARTESIAN_POINT('Ctrl Pts',(-17.8582785177652,35.4500000000005,-52.2481252910419));
#11732=CARTESIAN_POINT('Ctrl Pts',(-18.0322830927937,35.4500000000005,-52.0747436708144));
#11733=CARTESIAN_POINT('Ctrl Pts',(-18.2597553297593,35.4500000000005,-51.85486932427));
#11734=CARTESIAN_POINT('Ctrl Pts',(-18.5087391731958,35.4500000000005,-51.6181325933869));
#11735=CARTESIAN_POINT('Ctrl Pts',(-18.6017205148095,35.4500000000005,-51.5254759589474));
#11736=CARTESIAN_POINT('Ctrl Pts',(-18.6462957260992,35.4500000000005,-51.4801789541193));
#11737=CARTESIAN_POINT('Ctrl Pts',(-17.855,35.4500000000005,-52.2513067705989));
#11738=CARTESIAN_POINT('Ctrl Pts',(-17.8569876420729,35.4500000000005,-52.2506040330044));
#11739=CARTESIAN_POINT('Ctrl Pts',(-17.8589764062884,35.4500000000005,-52.2499001151885));
#11740=CARTESIAN_POINT('Ctrl Pts',(-18.0670152726029,35.4500000000005,-52.1764628479592));
#11741=CARTESIAN_POINT('Ctrl Pts',(-18.343425095359,35.4500000000005,-52.0774723381555));
#11742=CARTESIAN_POINT('Ctrl Pts',(-18.6696111162921,35.4500000000005,-51.9125579691086));
#11743=CARTESIAN_POINT('Ctrl Pts',(-18.794475842857,35.4500000000005,-51.8376052132111));
#11744=CARTESIAN_POINT('Ctrl Pts',(-18.8554930794379,35.4500000000005,-51.7973613519934));
#11745=CARTESIAN_POINT('',(-18.5902642802541,35.5736782202476,-51.3952247801498));
#11746=CARTESIAN_POINT('',(-18.1669990875052,35.7710500198347,-51.3420006091169));
#11747=CARTESIAN_POINT('Ctrl Pts',(-18.5902642802541,35.5736782202476,-51.3952247801498));
#11748=CARTESIAN_POINT('Ctrl Pts',(-18.5616447733024,35.5870237155118,-51.3850187183615));
#11749=CARTESIAN_POINT('Ctrl Pts',(-18.5322941592888,35.6007101315978,-51.3771313536619));
#11750=CARTESIAN_POINT('Ctrl Pts',(-18.4169413846663,35.6545000137937,-51.3523343152122));
#11751=CARTESIAN_POINT('Ctrl Pts',(-18.3086687593457,35.7049883681493,-51.3429812815479));
#11752=CARTESIAN_POINT('Ctrl Pts',(-18.1669990882743,35.7710500206982,-51.3420006066284));
#11753=CARTESIAN_POINT('',(-17.855,35.4500000000005,-52.2513067705989));
#11754=CARTESIAN_POINT('Ctrl Pts',(-18.1669009222436,35.771189964542,-51.3417903961037));
#11755=CARTESIAN_POINT('Ctrl Pts',(-18.1659232392784,35.7697128714061,-51.3437608193369));
#11756=CARTESIAN_POINT('Ctrl Pts',(-18.0656827011549,35.6181833699698,-51.5468487905108));
#11757=CARTESIAN_POINT('Ctrl Pts',(-17.9610076363037,35.4517333879276,-51.8704032943661));
#11758=CARTESIAN_POINT('Ctrl Pts',(-17.8569882031441,35.4500205247325,-52.2443184849642));
#11759=CARTESIAN_POINT('Ctrl Pts',(-17.8559938210361,35.4500000000005,-52.2477930826279));
#11760=CARTESIAN_POINT('Ctrl Pts',(-17.855,35.4500000000005,-52.2513067705989));
#11761=CARTESIAN_POINT('',(-18.85549307945,35.4500000000005,-51.7973613520118));
#11762=CARTESIAN_POINT('Ctrl Pts',(-17.855,35.4500000000005,-52.2513067705989));
#11763=CARTESIAN_POINT('Ctrl Pts',(-17.8569876420729,35.4500000000005,-52.2506040330044));
#11764=CARTESIAN_POINT('Ctrl Pts',(-17.8589764062884,35.4500000000005,-52.2499001151885));
#11765=CARTESIAN_POINT('Ctrl Pts',(-18.0670152726029,35.4500000000005,-52.1764628479592));
#11766=CARTESIAN_POINT('Ctrl Pts',(-18.343425095359,35.4500000000005,-52.0774723381555));
#11767=CARTESIAN_POINT('Ctrl Pts',(-18.6696111162921,35.4500000000005,-51.9125579691086));
#11768=CARTESIAN_POINT('Ctrl Pts',(-18.794475842857,35.4500000000005,-51.8376052132111));
#11769=CARTESIAN_POINT('Ctrl Pts',(-18.8554930794379,35.4500000000005,-51.7973613519934));
#11770=CARTESIAN_POINT('Origin',(-18.8554930794379,36.4500000000005,-51.7973613519934));
#11771=CARTESIAN_POINT('Ctrl Pts',(-18.5902642802481,35.5736782202535,-51.3952247801407));
#11772=CARTESIAN_POINT('Ctrl Pts',(-18.6084389687115,35.5774899175004,-51.3749313657058));
#11773=CARTESIAN_POINT('Ctrl Pts',(-18.6263083418611,35.5811581577485,-51.3548001669025));
#11774=CARTESIAN_POINT('Ctrl Pts',(-18.6438552206038,35.5846785592948,-51.3347774354259));
#11775=CARTESIAN_POINT('Ctrl Pts',(-18.6711004132334,35.4929692526831,-51.5177875089992));
#11776=CARTESIAN_POINT('Ctrl Pts',(-18.6917035993407,35.4943374976296,-51.4978910537624));
#11777=CARTESIAN_POINT('Ctrl Pts',(-18.7120018935108,35.4956925953633,-51.4779610978078));
#11778=CARTESIAN_POINT('Ctrl Pts',(-18.7319520664437,35.4969646942354,-51.4579472603212));
#11779=CARTESIAN_POINT('Ctrl Pts',(-18.7632482729598,35.4500000000005,-51.657500935773));
#11780=CARTESIAN_POINT('Ctrl Pts',(-18.787018606078,35.449988486706,-51.6386599602602));
#11781=CARTESIAN_POINT('Ctrl Pts',(-18.8104974146317,35.4500116045678,-51.6195395627936));
#11782=CARTESIAN_POINT('Ctrl Pts',(-18.833633070926,35.4500000000005,-51.6001093479404));
#11783=CARTESIAN_POINT('Ctrl Pts',(-18.8554930794379,35.4500000000005,-51.7973613519934));
#11784=CARTESIAN_POINT('Ctrl Pts',(-18.8824413202205,35.4500000000005,-51.7795876650339));
#11785=CARTESIAN_POINT('Ctrl Pts',(-18.9091078540813,35.4500000000005,-51.7612842342102));
#11786=CARTESIAN_POINT('Ctrl Pts',(-18.9354413027526,35.4500000000005,-51.7424493144561));
#11787=CARTESIAN_POINT('Ctrl Pts',(-18.8554930794901,35.4500000000005,-51.7973613519934));
#11788=CARTESIAN_POINT('Ctrl Pts',(-18.8554930794933,35.4499999999991,-51.7369974737388));
#11789=CARTESIAN_POINT('Ctrl Pts',(-18.8473250070957,35.4538088347104,-51.6763511797609));
#11790=CARTESIAN_POINT('Ctrl Pts',(-18.8111503749456,35.470677342713,-51.5763852332308));
#11791=CARTESIAN_POINT('Ctrl Pts',(-18.7884090002169,35.4812818198918,-51.5370509643428));
#11792=CARTESIAN_POINT('Ctrl Pts',(-18.7350979051483,35.506141191787,-51.4771231352519));
#11793=CARTESIAN_POINT('Ctrl Pts',(-18.7086454328831,35.518476182189,-51.4555493561485));
#11794=CARTESIAN_POINT('Ctrl Pts',(-18.6514235432302,35.5451591875483,-51.4200464258978));
#11795=CARTESIAN_POINT('Ctrl Pts',(-18.6211718059226,35.5592658043337,-51.4062467770426));
#11796=CARTESIAN_POINT('Ctrl Pts',(-18.5902642802541,35.5736782202476,-51.3952247801498));
#11797=CARTESIAN_POINT('Origin',(-16.855,40.2281553824998,-50.8495856528719));
#11798=CARTESIAN_POINT('',(-15.855,40.4500000000002,-51.2563007849559));
#11799=CARTESIAN_POINT('',(-15.855,40.2281553824998,-50.8495856528719));
#11800=CARTESIAN_POINT('',(-16.855,41.3278955729146,-50.7774486542753));
#11801=CARTESIAN_POINT('Origin',(-16.855,40.4500000000002,-51.2563007849559));
#11802=CARTESIAN_POINT('',(-16.855,41.1060509554142,-50.3707335221913));
#11803=CARTESIAN_POINT('Origin',(-15.855,38.4500000000002,-51.0013067705989));
#11804=CARTESIAN_POINT('',(-15.855,36.7000000000006,-50.0013067705989));
#11805=CARTESIAN_POINT('Origin',(-15.855,36.7000000000005,-52.2513067705989));
#11806=CARTESIAN_POINT('',(-15.855,37.2000000000002,-50.0013067705989));
#11807=CARTESIAN_POINT('',(-15.855,36.9500000000003,-50.0013067705989));
#11808=CARTESIAN_POINT('',(-15.855,39.4500000000002,-52.2513067705989));
#11809=CARTESIAN_POINT('Origin',(-15.855,37.2000000000002,-52.2513067705989));
#11810=CARTESIAN_POINT('',(-15.855,39.4500000000001,-58.7513067705989));
#11811=CARTESIAN_POINT('',(-15.855,39.4500000000002,-51.0013067705989));
#11812=CARTESIAN_POINT('',(-15.855,37.2000000000001,-61.0013067705989));
#11813=CARTESIAN_POINT('Origin',(-15.855,37.2000000000001,-58.7513067705989));
#11814=CARTESIAN_POINT('',(-15.855,36.7000000000005,-61.0013067705989));
#11815=CARTESIAN_POINT('',(-15.855,38.45,-61.0013067705989));
#11816=CARTESIAN_POINT('',(-15.855,36.4500000000005,-60.9873747480987));
#11817=CARTESIAN_POINT('Origin',(-15.855,36.7000000000005,-58.7513067705989));
#11818=CARTESIAN_POINT('',(-15.855,36.4500000000005,-55.5013067705989));
#11819=CARTESIAN_POINT('',(-15.855,40.4500000000002,-56.5013067705989));
#11820=CARTESIAN_POINT('Origin',(-16.855,36.7000000000005,-52.2513067705989));
#11821=CARTESIAN_POINT('',(-16.855,36.7000000000005,-51.0013067705989));
#11822=CARTESIAN_POINT('Origin',(-16.855,36.7000000000005,-52.2513067705989));
#11823=CARTESIAN_POINT('Origin',(-16.855,36.7000000000006,-50.0013067705989));
#11824=CARTESIAN_POINT('Origin',(-18.8554930794902,35.4500000000005,-60.0013067705989));
#11825=CARTESIAN_POINT('',(-18.8554930794902,35.4500000000005,-60.0013067705989));
#11826=CARTESIAN_POINT('',(-18.8552465397451,35.4500000000005,-52.2513067705989));
#11827=CARTESIAN_POINT('',(-18.8554930794902,35.4500000000005,-34.23));
#11828=CARTESIAN_POINT('',(-18.8554930794902,35.4500000000005,-60.0013067705989));
#11829=CARTESIAN_POINT('',(-15.2320969252837,35.4500000000005,-34.23));
#11830=CARTESIAN_POINT('',(-11.5741671259681,35.4500000000005,-34.23));
#11831=CARTESIAN_POINT('',(-15.2320969252837,35.4500000000005,-37.23));
#11832=CARTESIAN_POINT('',(-15.2320969252837,35.4500000000005,-34.23));
#11833=CARTESIAN_POINT('',(-6.74954547657869,35.4500000000006,-37.23));
#11834=CARTESIAN_POINT('',(-11.8652465546463,35.4500000000005,-37.23));
#11835=CARTESIAN_POINT('',(-6.74954547657869,35.4500000000006,-34.23));
#11836=CARTESIAN_POINT('',(-14.855,35.4500000000005,-60.9873747480987));
#11837=CARTESIAN_POINT('',(-14.855,35.4500000000005,-55.5013067705989));
#11838=CARTESIAN_POINT('',(-16.855,35.4500000000005,-58.7513067705989));
#11839=CARTESIAN_POINT('Ctrl Pts',(-16.855,35.4500000000005,-58.7513067705989));
#11840=CARTESIAN_POINT('Ctrl Pts',(-16.8530123579293,35.4500000000005,-58.7520095081912));
#11841=CARTESIAN_POINT('Ctrl Pts',(-16.8510237987673,35.4500000000005,-58.7527129911313));
#11842=CARTESIAN_POINT('Ctrl Pts',(-16.6472081805431,35.4500000000008,-58.8247145639083));
#11843=CARTESIAN_POINT('Ctrl Pts',(-16.3424051903945,35.4500000000006,-58.9340219955958));
#11844=CARTESIAN_POINT('Ctrl Pts',(-15.9614747261438,35.4500000000006,-59.131279370203));
#11845=CARTESIAN_POINT('Ctrl Pts',(-15.6933989972222,35.4500000000006,-59.3119729159929));
#11846=CARTESIAN_POINT('Ctrl Pts',(-15.4519618329077,35.4500000000006,-59.5262334789028));
#11847=CARTESIAN_POINT('Ctrl Pts',(-15.1732662689783,35.4500000000006,-59.856874052019));
#11848=CARTESIAN_POINT('Ctrl Pts',(-14.9246633431122,35.4500000000006,-60.3396003124868));
#11849=CARTESIAN_POINT('Ctrl Pts',(-14.855,35.4500000000005,-60.7731614266861));
#11850=CARTESIAN_POINT('Ctrl Pts',(-14.855,35.4500000000005,-60.9873747480987));
#11851=CARTESIAN_POINT('',(-18.8552465397451,35.4500000000005,-58.7513067705989));
#11852=CARTESIAN_POINT('Origin',(-14.855,36.4500000000005,-55.5013067705989));
#11853=CARTESIAN_POINT('Origin',(-14.855,36.4500000000005,-60.9873747480987));
#11854=CARTESIAN_POINT('Ctrl Pts',(-16.855,35.4500000000005,-58.7513067705989));
#11855=CARTESIAN_POINT('Ctrl Pts',(-16.8540061789633,35.4500000000005,-58.7548204585652));
#11856=CARTESIAN_POINT('Ctrl Pts',(-16.8530118993837,35.4500179491248,-58.7583105933546));
#11857=CARTESIAN_POINT('Ctrl Pts',(-16.751104090269,35.4520775505023,-59.1222712008923));
#11858=CARTESIAN_POINT('Ctrl Pts',(-16.5987025951969,35.6901742200119,-59.5951862146075));
#11859=CARTESIAN_POINT('Ctrl Pts',(-16.4082373630708,35.9724968753761,-59.8925251246299));
#11860=CARTESIAN_POINT('Ctrl Pts',(-16.2741994986104,36.1287142919907,-60.0665913880697));
#11861=CARTESIAN_POINT('Ctrl Pts',(-16.1534809164531,36.2378708115722,-60.2107098951728));
#11862=CARTESIAN_POINT('Ctrl Pts',(-16.0141331344887,36.3378966839743,-60.4040758342857));
#11863=CARTESIAN_POINT('Ctrl Pts',(-15.8898316715557,36.4080629114261,-60.6570853799147));
#11864=CARTESIAN_POINT('Ctrl Pts',(-15.855,36.4381729494236,-60.8789457829392));
#11865=CARTESIAN_POINT('Ctrl Pts',(-15.855,36.4500000000005,-60.9873747480987));
#11866=CARTESIAN_POINT('Ctrl Pts',(-16.855,35.4500000000005,-58.7513067705989));
#11867=CARTESIAN_POINT('Ctrl Pts',(-16.853788885131,35.4499874324893,-58.7540770063202));
#11868=CARTESIAN_POINT('Ctrl Pts',(-16.8526613487284,35.4500220427493,-58.7574494370534));
#11869=CARTESIAN_POINT('Ctrl Pts',(-16.7305371406888,35.4518297745578,-59.0601582850517));
#11870=CARTESIAN_POINT('Ctrl Pts',(-16.553259825485,35.5989989227058,-59.4841764991039));
#11871=CARTESIAN_POINT('Ctrl Pts',(-16.3567060570293,35.7922951669368,-59.8072958211728));
#11872=CARTESIAN_POINT('Ctrl Pts',(-16.2259149816939,35.9038536312943,-60.0052621666908));
#11873=CARTESIAN_POINT('Ctrl Pts',(-16.1130143052518,35.9850992891342,-60.1727468640491));
#11874=CARTESIAN_POINT('Ctrl Pts',(-15.9861105096272,36.0615160918446,-60.38784393599));
#11875=CARTESIAN_POINT('Ctrl Pts',(-15.8773174333342,36.1170811559236,-60.6551206049632));
#11876=CARTESIAN_POINT('Ctrl Pts',(-15.8514115541502,36.1411977606829,-60.8788201229259));
#11877=CARTESIAN_POINT('Ctrl Pts',(-15.855,36.1508006996587,-60.9873747480987));
#11878=CARTESIAN_POINT('Ctrl Pts',(-16.855,35.4500000000005,-58.7513067705989));
#11879=CARTESIAN_POINT('Ctrl Pts',(-16.853455013383,35.4499974377468,-58.7532897215058));
#11880=CARTESIAN_POINT('Ctrl Pts',(-16.8520013441101,35.4500045243533,-58.7554414851573));
#11881=CARTESIAN_POINT('Ctrl Pts',(-16.6958234905768,35.4505886524308,-58.9640400240542));
#11882=CARTESIAN_POINT('Ctrl Pts',(-16.4683043011188,35.4843529877097,-59.2665535376313));
#11883=CARTESIAN_POINT('Ctrl Pts',(-16.2184686452091,35.533177675645,-59.5742119740139));
#11884=CARTESIAN_POINT('Ctrl Pts',(-16.054361301136,35.5626412481573,-59.7839772160128));
#11885=CARTESIAN_POINT('Ctrl Pts',(-15.914367113485,35.5849764796756,-59.9805976089549));
#11886=CARTESIAN_POINT('Ctrl Pts',(-15.758696763982,35.6065971731631,-60.2418382344159));
#11887=CARTESIAN_POINT('Ctrl Pts',(-15.6274300358994,35.6228860721536,-60.574285381));
#11888=CARTESIAN_POINT('Ctrl Pts',(-15.5980146974033,35.630080848674,-60.8524997223524));
#11889=CARTESIAN_POINT('Ctrl Pts',(-15.6037303532495,35.6329686107177,-60.9873747480987));
#11890=CARTESIAN_POINT('Ctrl Pts',(-16.855,35.4500000000005,-58.7513067705989));
#11891=CARTESIAN_POINT('Ctrl Pts',(-16.8531425045375,35.4500000000005,-58.7524423803824));
#11892=CARTESIAN_POINT('Ctrl Pts',(-16.8513196044775,35.4500000000005,-58.7534848071338));
#11893=CARTESIAN_POINT('Ctrl Pts',(-16.6617346222081,35.4500000000008,-58.8675581370811));
#11894=CARTESIAN_POINT('Ctrl Pts',(-16.3801854153458,35.4500000000006,-59.0336586689975));
#11895=CARTESIAN_POINT('Ctrl Pts',(-16.0385271785261,35.4500000000006,-59.2644540023845));
#11896=CARTESIAN_POINT('Ctrl Pts',(-15.8016193403281,35.4500000000006,-59.453709856818));
#11897=CARTESIAN_POINT('Ctrl Pts',(-15.5905690917539,35.4500000000006,-59.6626669622913));
#11898=CARTESIAN_POINT('Ctrl Pts',(-15.348725861487,35.4500000000006,-59.9724694261555));
#11899=CARTESIAN_POINT('Ctrl Pts',(-15.1353227779471,35.4500000000006,-60.4099518526411));
#11900=CARTESIAN_POINT('Ctrl Pts',(-15.077685615622,35.4500000000005,-60.7970317271204));
#11901=CARTESIAN_POINT('Ctrl Pts',(-15.0793994752564,35.4500000000005,-60.9873747480987));
#11902=CARTESIAN_POINT('Ctrl Pts',(-16.855,35.4500000000005,-58.7513067705989));
#11903=CARTESIAN_POINT('Ctrl Pts',(-16.8530123579293,35.4500000000005,-58.7520095081912));
#11904=CARTESIAN_POINT('Ctrl Pts',(-16.8510237987673,35.4500000000005,-58.7527129911313));
#11905=CARTESIAN_POINT('Ctrl Pts',(-16.6472081805431,35.4500000000008,-58.8247145639083));
#11906=CARTESIAN_POINT('Ctrl Pts',(-16.3424051903945,35.4500000000006,-58.9340219955958));
#11907=CARTESIAN_POINT('Ctrl Pts',(-15.9614747261438,35.4500000000006,-59.131279370203));
#11908=CARTESIAN_POINT('Ctrl Pts',(-15.6933989972222,35.4500000000006,-59.3119729159929));
#11909=CARTESIAN_POINT('Ctrl Pts',(-15.4519618329077,35.4500000000006,-59.5262334789028));
#11910=CARTESIAN_POINT('Ctrl Pts',(-15.1732662689783,35.4500000000006,-59.856874052019));
#11911=CARTESIAN_POINT('Ctrl Pts',(-14.9246633431122,35.4500000000006,-60.3396003124868));
#11912=CARTESIAN_POINT('Ctrl Pts',(-14.855,35.4500000000005,-60.7731614266861));
#11913=CARTESIAN_POINT('Ctrl Pts',(-14.855,35.4500000000005,-60.9873747480987));
#11914=CARTESIAN_POINT('Ctrl Pts',(-15.855,36.4500000000005,-60.9873747480987));
#11915=CARTESIAN_POINT('Ctrl Pts',(-15.855,36.4381729494236,-60.8789457829392));
#11916=CARTESIAN_POINT('Ctrl Pts',(-15.8898316715557,36.4080629114261,-60.6570853799147));
#11917=CARTESIAN_POINT('Ctrl Pts',(-16.0141331344887,36.3378966839743,-60.4040758342857));
#11918=CARTESIAN_POINT('Ctrl Pts',(-16.1534809164531,36.2378708115722,-60.2107098951728));
#11919=CARTESIAN_POINT('Ctrl Pts',(-16.2741994986104,36.1287142919907,-60.0665913880697));
#11920=CARTESIAN_POINT('Ctrl Pts',(-16.4082373630708,35.9724968753761,-59.8925251246299));
#11921=CARTESIAN_POINT('Ctrl Pts',(-16.5987025951969,35.6901742200119,-59.5951862146075));
#11922=CARTESIAN_POINT('Ctrl Pts',(-16.751104090269,35.4520775505023,-59.1222712008923));
#11923=CARTESIAN_POINT('Ctrl Pts',(-16.8530118993837,35.4500179491248,-58.7583105933546));
#11924=CARTESIAN_POINT('Ctrl Pts',(-16.8540061789633,35.4500000000005,-58.7548204585652));
#11925=CARTESIAN_POINT('Ctrl Pts',(-16.855,35.4500000000005,-58.7513067705989));
#11926=CARTESIAN_POINT('Origin',(-16.855,36.7000000000005,-58.7513067705989));
#11927=CARTESIAN_POINT('',(-16.855,36.7000000000005,-60.0013067705989));
#11928=CARTESIAN_POINT('Origin',(-16.855,36.7000000000005,-61.0013067705989));
#11929=CARTESIAN_POINT('Origin',(-16.855,36.7000000000005,-58.7513067705989));
#11930=CARTESIAN_POINT('Origin',(-16.855,40.4500000000002,-51.2563007849559));
#11931=CARTESIAN_POINT('',(-16.855,41.4500000000002,-51.2563007849559));
#11932=CARTESIAN_POINT('Origin',(-16.855,40.4500000000002,-51.2563007849559));
#11933=CARTESIAN_POINT('Origin',(-16.855,40.4500000000002,-51.2563007849559));
#11934=CARTESIAN_POINT('Origin',(-17.855,40.4500000000002,-51.2563007849559));
#11935=CARTESIAN_POINT('',(-17.855,41.4500000000002,-51.2563007849559));
#11936=CARTESIAN_POINT('Origin',(-17.855,40.4500000000002,-51.2563007849559));
#11937=CARTESIAN_POINT('',(-17.855,41.3278955729146,-50.7774486542753));
#11938=CARTESIAN_POINT('Origin',(-17.855,40.4500000000002,-51.2563007849559));
#11939=CARTESIAN_POINT('Origin',(-17.855,40.4500000000002,-51.2563007849559));
#11940=CARTESIAN_POINT('Origin',(-17.855,40.2281553824998,-50.8495856528719));
#11941=CARTESIAN_POINT('',(-17.855,41.1060509554142,-50.3707335221913));
#11942=CARTESIAN_POINT('Origin',(-17.855,35.9165375848979,-42.9449530239345));
#11943=CARTESIAN_POINT('Origin',(-18.855,40.4500000000002,-51.2563007849559));
#11944=CARTESIAN_POINT('',(-18.855,41.4500000000002,-51.2563007849559));
#11945=CARTESIAN_POINT('',(-18.855,41.3278955729146,-50.7774486542753));
#11946=CARTESIAN_POINT('Origin',(-17.855,40.4500000000002,-56.5013067705989));
#11947=CARTESIAN_POINT('',(-17.855,41.4500000000002,-56.5013067705989));
#11948=CARTESIAN_POINT('Origin',(-16.855,40.4500000000002,-56.5013067705989));
#11949=CARTESIAN_POINT('',(-16.855,41.4500000000002,-56.5013067705989));
#11950=CARTESIAN_POINT('Origin',(-18.855,41.4500000000002,-62.0013067705989));
#11951=CARTESIAN_POINT('Origin',(-17.855,36.7000000000005,-52.2513067705989));
#11952=CARTESIAN_POINT('Ctrl Pts',(-18.1669990879875,35.771050020832,-51.3420006066264));
#11953=CARTESIAN_POINT('Ctrl Pts',(-18.1964762836295,35.7573045787632,-51.3422046555812));
#11954=CARTESIAN_POINT('Ctrl Pts',(-18.2253744364971,35.7438291487744,-51.3403594372131));
#11955=CARTESIAN_POINT('Ctrl Pts',(-18.3037938535312,35.7072615740634,-51.3295175149304));
#11956=CARTESIAN_POINT('Ctrl Pts',(-18.3630058209298,35.679650580211,-51.3120927140069));
#11957=CARTESIAN_POINT('Ctrl Pts',(-18.4573151194599,35.6356734320712,-51.2669996113786));
#11958=CARTESIAN_POINT('Ctrl Pts',(-18.509969197381,35.6111204323035,-51.2307589558553));
#11959=CARTESIAN_POINT('Ctrl Pts',(-18.6407487901839,35.5501369066491,-51.1116344017737));
#11960=CARTESIAN_POINT('Ctrl Pts',(-18.7205184926949,35.5129396834795,-50.9827543540193));
#11961=CARTESIAN_POINT('Ctrl Pts',(-18.8235044750169,35.4649165312401,-50.7202477511985));
#11962=CARTESIAN_POINT('Ctrl Pts',(-18.855,35.4502299267429,-50.5363141880995));
#11963=CARTESIAN_POINT('Ctrl Pts',(-18.855,35.4502299267429,-50.3803244713802));
#11964=CARTESIAN_POINT('',(-17.855,36.7000000000005,-51.0013067705989));
#11965=CARTESIAN_POINT('Origin',(-17.855,36.7000000000006,-50.0013067705989));
#11966=CARTESIAN_POINT('Origin',(-17.855,36.7000000000005,-52.2513067705989));
#11967=CARTESIAN_POINT('Origin',(-17.855,36.9500000000003,-50.0013067705989));
#11968=CARTESIAN_POINT('',(-17.855,37.2000000000002,-51.0013067705989));
#11969=CARTESIAN_POINT('Origin',(-17.855,37.2000000000002,-50.0013067705989));
#11970=CARTESIAN_POINT('',(-17.855,36.9500000000002,-51.0013067705989));
#11971=CARTESIAN_POINT('Origin',(-17.855,37.2000000000002,-52.2513067705989));
#11972=CARTESIAN_POINT('',(-17.855,38.4500000000002,-52.2513067705989));
#11973=CARTESIAN_POINT('Origin',(-17.855,39.4500000000002,-52.2513067705989));
#11974=CARTESIAN_POINT('Origin',(-17.855,37.2000000000002,-52.2513067705989));
#11975=CARTESIAN_POINT('Origin',(-17.855,39.4500000000002,-51.0013067705989));
#11976=CARTESIAN_POINT('',(-17.855,38.4500000000001,-58.7513067705989));
#11977=CARTESIAN_POINT('Origin',(-17.855,39.4500000000001,-58.7513067705989));
#11978=CARTESIAN_POINT('',(-17.855,38.4500000000002,-51.0013067705989));
#11979=CARTESIAN_POINT('Origin',(-17.855,37.2000000000001,-58.7513067705989));
#11980=CARTESIAN_POINT('',(-17.855,37.2000000000001,-60.0013067705989));
#11981=CARTESIAN_POINT('Origin',(-17.855,37.2000000000001,-61.0013067705989));
#11982=CARTESIAN_POINT('Origin',(-17.855,37.2000000000001,-58.7513067705989));
#11983=CARTESIAN_POINT('Origin',(-17.855,38.45,-61.0013067705989));
#11984=CARTESIAN_POINT('',(-17.855,36.7000000000005,-60.0013067705989));
#11985=CARTESIAN_POINT('Origin',(-17.855,36.7000000000005,-61.0013067705989));
#11986=CARTESIAN_POINT('',(-17.855,38.4500000000001,-60.0013067705989));
#11987=CARTESIAN_POINT('Origin',(-17.855,36.7000000000005,-58.7513067705989));
#11988=CARTESIAN_POINT('Origin',(-17.855,36.7000000000005,-58.7513067705989));
#11989=CARTESIAN_POINT('Ctrl Pts',(-18.855,35.4502299267429,-60.6222890698176));
#11990=CARTESIAN_POINT('Ctrl Pts',(-18.855,35.4502299267429,-60.4662993530983));
#11991=CARTESIAN_POINT('Ctrl Pts',(-18.8235044750169,35.4649165312401,-60.2823657899993));
#11992=CARTESIAN_POINT('Ctrl Pts',(-18.7205184926949,35.5129396834795,-60.0198591871785));
#11993=CARTESIAN_POINT('Ctrl Pts',(-18.6407487901839,35.5501369066491,-59.8909791394241));
#11994=CARTESIAN_POINT('Ctrl Pts',(-18.509969197381,35.6111204323035,-59.7718545853425));
#11995=CARTESIAN_POINT('Ctrl Pts',(-18.4573151194599,35.6356734320712,-59.7356139298192));
#11996=CARTESIAN_POINT('Ctrl Pts',(-18.3630058209298,35.679650580211,-59.6905208271909));
#11997=CARTESIAN_POINT('Ctrl Pts',(-18.3037938535312,35.7072615740634,-59.6730960262674));
#11998=CARTESIAN_POINT('Ctrl Pts',(-18.225374436587,35.7438291487325,-59.6622541039972));
#11999=CARTESIAN_POINT('Ctrl Pts',(-18.1964762838168,35.7573045786758,-59.6604088856283));
#12000=CARTESIAN_POINT('Ctrl Pts',(-18.1669990882742,35.7710500206982,-59.6606129345694));
#12001=CARTESIAN_POINT('Origin',(-16.855,38.45,-61.0013067705989));
#12002=CARTESIAN_POINT('',(-16.855,37.2000000000001,-60.0013067705989));
#12003=CARTESIAN_POINT('Origin',(-16.855,37.2000000000001,-61.0013067705989));
#12004=CARTESIAN_POINT('',(-16.855,38.4500000000001,-60.0013067705989));
#12005=CARTESIAN_POINT('Origin',(-16.855,37.2000000000001,-58.7513067705989));
#12006=CARTESIAN_POINT('',(-16.855,38.4500000000001,-58.7513067705989));
#12007=CARTESIAN_POINT('Origin',(-16.855,39.4500000000001,-58.7513067705989));
#12008=CARTESIAN_POINT('Origin',(-16.855,37.2000000000001,-58.7513067705989));
#12009=CARTESIAN_POINT('Origin',(-16.855,39.4500000000002,-51.0013067705989));
#12010=CARTESIAN_POINT('',(-16.855,38.4500000000002,-52.2513067705989));
#12011=CARTESIAN_POINT('Origin',(-16.855,39.4500000000002,-52.2513067705989));
#12012=CARTESIAN_POINT('',(-16.855,38.4500000000002,-51.0013067705989));
#12013=CARTESIAN_POINT('Origin',(-16.855,37.2000000000002,-52.2513067705989));
#12014=CARTESIAN_POINT('',(-16.855,37.2000000000002,-51.0013067705989));
#12015=CARTESIAN_POINT('Origin',(-16.855,37.2000000000002,-50.0013067705989));
#12016=CARTESIAN_POINT('Origin',(-16.855,37.2000000000002,-52.2513067705989));
#12017=CARTESIAN_POINT('Origin',(-16.855,36.9500000000003,-50.0013067705989));
#12018=CARTESIAN_POINT('',(-16.855,36.9500000000002,-51.0013067705989));
#12019=CARTESIAN_POINT('Origin',(-18.855,37.2000000000001,-58.7513067705989));
#12020=CARTESIAN_POINT('',(-18.855,37.2000000000001,-60.0013067705989));
#12021=CARTESIAN_POINT('',(-18.855,38.4500000000001,-58.7513067705989));
#12022=CARTESIAN_POINT('Origin',(-18.855,38.4500000000001,-60.0013067705989));
#12023=CARTESIAN_POINT('',(-18.8552465397451,36.7000000000005,-60.0013067705989));
#12024=CARTESIAN_POINT('Origin',(-18.855,37.2000000000002,-52.2513067705989));
#12025=CARTESIAN_POINT('',(-18.855,38.4500000000002,-52.2513067705989));
#12026=CARTESIAN_POINT('',(-18.855,37.2000000000002,-51.0013067705989));
#12027=CARTESIAN_POINT('Origin',(-18.855,38.4500000000002,-51.0013067705989));
#12028=CARTESIAN_POINT('Origin',(-18.8552465397451,36.7000000000005,-58.7513067705989));
#12029=CARTESIAN_POINT('Origin',(-18.8552465397451,36.7000000000005,-52.2513067705989));
#12030=CARTESIAN_POINT('',(-18.8552465397451,36.7000000000005,-51.0013067705989));
#12031=CARTESIAN_POINT('Origin',(-18.855,35.4500000000003,-51.0013067705989));
#12032=CARTESIAN_POINT('Origin',(-18.855,41.4500000000002,-51.001306770599));
#12033=CARTESIAN_POINT('Origin',(-12.0113168097052,14.0273806379599,-58.0013067705989));
#12034=CARTESIAN_POINT('',(-13.7433676172741,13.5,-59.0013067705989));
#12035=CARTESIAN_POINT('',(-14.0113168097052,13.5,-58.0013067705989));
#12036=CARTESIAN_POINT('Origin',(-12.0113168097052,13.5,-58.0013067705989));
#12037=CARTESIAN_POINT('',(-14.0113168097052,11.5,-58.0013067705989));
#12038=CARTESIAN_POINT('',(-14.0113168097052,14.0273806379599,-58.0013067705989));
#12039=CARTESIAN_POINT('',(-12.0113168097052,11.5,-60.0013067705989));
#12040=CARTESIAN_POINT('Origin',(-12.0113168097052,11.5,-58.0013067705989));
#12041=CARTESIAN_POINT('',(-12.0113168097052,14.5,-60.0013067705989));
#12042=CARTESIAN_POINT('',(-12.0113168097052,14.0273806379599,-60.0013067705989));
#12043=CARTESIAN_POINT('Ctrl Pts',(-12.0113168097052,14.5,-60.0013067705989));
#12044=CARTESIAN_POINT('Ctrl Pts',(-12.1923853091247,14.3719652362012,-60.0013067705989));
#12045=CARTESIAN_POINT('Ctrl Pts',(-12.3894986708434,14.2323930745417,-59.975455472718));
#12046=CARTESIAN_POINT('Ctrl Pts',(-12.7742394177878,13.9693304006995,-59.8609395685558));
#12047=CARTESIAN_POINT('Ctrl Pts',(-12.9619742588546,13.846048171939,-59.7721576704284));
#12048=CARTESIAN_POINT('Ctrl Pts',(-13.239881125933,13.6820141975122,-59.5853054146009));
#12049=CARTESIAN_POINT('Ctrl Pts',(-13.3579121360619,13.6180687889628,-59.4882322077795));
#12050=CARTESIAN_POINT('Ctrl Pts',(-13.571903655835,13.526838194156,-59.2617968127328));
#12051=CARTESIAN_POINT('Ctrl Pts',(-13.6677998287102,13.5,-59.1321940198072));
#12052=CARTESIAN_POINT('Ctrl Pts',(-13.7433676172741,13.5,-59.0013067705989));
#12053=CARTESIAN_POINT('Origin',(-14.0113168097052,11.5,-60.0013067705989));
#12054=CARTESIAN_POINT('',(-14.0113168097052,13.5,-57.6013067705989));
#12055=CARTESIAN_POINT('',(-14.0113168097052,13.5,-60.0013067705989));
#12056=CARTESIAN_POINT('',(-14.0113168097052,12.5,-56.6013067705989));
#12057=CARTESIAN_POINT('Origin',(-14.0113168097052,12.5,-57.6013067705989));
#12058=CARTESIAN_POINT('',(-14.0113168097052,12.,-56.6013067705989));
#12059=CARTESIAN_POINT('',(-14.0113168097052,11.5,-56.6013067705989));
#12060=CARTESIAN_POINT('',(-14.0113168097052,11.5,-57.1013067705989));
#12061=CARTESIAN_POINT('',(-14.0113168097052,10.9,-57.7013067705989));
#12062=CARTESIAN_POINT('',(-14.0113168097052,11.5,-60.0013067705989));
#12063=CARTESIAN_POINT('Origin',(-30.5113168097052,15.0273806379599,-58.0013067705989));
#12064=CARTESIAN_POINT('',(-30.5113168097052,14.5,-60.0013067705989));
#12065=CARTESIAN_POINT('',(-28.7792660021362,13.5,-59.0013067705988));
#12066=CARTESIAN_POINT('Ctrl Pts',(-28.7792660021363,13.5,-59.0013067705989));
#12067=CARTESIAN_POINT('Ctrl Pts',(-28.8548337907002,13.5,-59.1321940198072));
#12068=CARTESIAN_POINT('Ctrl Pts',(-28.9507299635753,13.526838194156,-59.2617968127328));
#12069=CARTESIAN_POINT('Ctrl Pts',(-29.1647214833485,13.6180687889628,-59.4882322077795));
#12070=CARTESIAN_POINT('Ctrl Pts',(-29.2827524934774,13.6820141975122,-59.5853054146009));
#12071=CARTESIAN_POINT('Ctrl Pts',(-29.5606593605557,13.846048171939,-59.7721576704284));
#12072=CARTESIAN_POINT('Ctrl Pts',(-29.7483942016225,13.9693304006995,-59.8609395685558));
#12073=CARTESIAN_POINT('Ctrl Pts',(-30.1331349485669,14.2323930745417,-59.975455472718));
#12074=CARTESIAN_POINT('Ctrl Pts',(-30.3302483102857,14.3719652362012,-60.0013067705989));
#12075=CARTESIAN_POINT('Ctrl Pts',(-30.5113168097052,14.5,-60.0013067705989));
#12076=CARTESIAN_POINT('',(-30.5113168097052,11.5,-60.0013067705989));
#12077=CARTESIAN_POINT('',(-30.5113168097052,15.0273806379599,-60.0013067705989));
#12078=CARTESIAN_POINT('',(-28.5113168097052,11.5,-58.0013067705989));
#12079=CARTESIAN_POINT('Origin',(-30.5113168097052,11.5,-58.0013067705989));
#12080=CARTESIAN_POINT('',(-28.5113168097052,13.5,-58.0013067705989));
#12081=CARTESIAN_POINT('',(-28.5113168097052,15.0273806379599,-58.0013067705989));
#12082=CARTESIAN_POINT('Origin',(-30.5113168097052,13.5,-58.0013067705989));
#12083=CARTESIAN_POINT('Origin',(-28.5113168097052,13.5,-60.0013067705989));
#12084=CARTESIAN_POINT('',(-28.5113168097052,11.5,-57.1013067705989));
#12085=CARTESIAN_POINT('',(-28.5113168097052,11.5,-60.0013067705989));
#12086=CARTESIAN_POINT('',(-28.5113168097052,12.,-56.6013067705989));
#12087=CARTESIAN_POINT('',(-28.5113168097052,11.4,-57.2013067705989));
#12088=CARTESIAN_POINT('',(-28.5113168097052,12.5,-56.6013067705989));
#12089=CARTESIAN_POINT('',(-28.5113168097052,13.5,-56.6013067705989));
#12090=CARTESIAN_POINT('',(-28.5113168097052,13.5,-57.6013067705989));
#12091=CARTESIAN_POINT('Origin',(-28.5113168097052,12.5,-57.6013067705989));
#12092=CARTESIAN_POINT('',(-28.5113168097052,13.5,-60.0013067705989));
#12093=CARTESIAN_POINT('Origin',(-17.6363168097052,12.5,-57.6013067705989));
#12094=CARTESIAN_POINT('',(-17.6363168097052,12.5,-56.6013067705989));
#12095=CARTESIAN_POINT('',(-17.6363168097052,13.5,-57.6013067705989));
#12096=CARTESIAN_POINT('Origin',(-21.2613168097052,12.5,-56.6013067705989));
#12097=CARTESIAN_POINT('',(-24.8863168097052,12.,-56.6013067705989));
#12098=CARTESIAN_POINT('Origin',(-24.8863168097052,11.75,-56.8513067705989));
#12099=CARTESIAN_POINT('',(-24.8863168097052,11.5,-57.1013067705989));
#12100=CARTESIAN_POINT('Origin',(-18.5798255308207,14.5,-59.0013067705989));
#12101=CARTESIAN_POINT('',(-18.5798255308207,13.5,-59.0013067705989));
#12102=CARTESIAN_POINT('',(-18.5798255308207,14.5,-60.0013067705989));
#12103=CARTESIAN_POINT('Origin',(-14.0113168097052,13.5,-60.0013067705989));
#12104=CARTESIAN_POINT('Origin',(-28.5113168097052,11.5,-60.0013067705989));
#12105=CARTESIAN_POINT('',(-25.8298255308207,11.5,-60.0013067705989));
#12106=CARTESIAN_POINT('Ctrl Pts',(-48.,10.0935849103465,-59.0013067705989));
#12107=CARTESIAN_POINT('Ctrl Pts',(-48.,10.0935849103465,-59.0547959168501));
#12108=CARTESIAN_POINT('Ctrl Pts',(-47.9907114738793,10.1006301798309,-59.1616009237722));
#12109=CARTESIAN_POINT('Ctrl Pts',(-47.9491109595596,10.1319890614676,-59.3337949374086));
#12110=CARTESIAN_POINT('Ctrl Pts',(-47.8503578186694,10.2054995338322,-59.5514743362265));
#12111=CARTESIAN_POINT('Ctrl Pts',(-47.6856215848795,10.3243560790544,-59.7458494890712));
#12112=CARTESIAN_POINT('Ctrl Pts',(-47.4727376232053,10.4713432003255,-59.8942542256116));
#12113=CARTESIAN_POINT('Ctrl Pts',(-47.24602111258,10.621395469215,-59.9802118515062));
#12114=CARTESIAN_POINT('Ctrl Pts',(-47.0884779124711,10.7214267979117,-60.0005771235054));
#12115=CARTESIAN_POINT('Ctrl Pts',(-47.0058280078444,10.7728833062418,-60.0012938976252));
#12116=CARTESIAN_POINT('Ctrl Pts',(-47.0029149912536,10.7746955415497,-60.0013067705989));
#12117=CARTESIAN_POINT('Ctrl Pts',(-47.,10.7765077366383,-60.0013067705989));
#12118=CARTESIAN_POINT('Ctrl Pts',(-48.,9.91472231393904,-59.0013067705989));
#12119=CARTESIAN_POINT('Ctrl Pts',(-48.,9.91472231393904,-59.0837661466538));
#12120=CARTESIAN_POINT('Ctrl Pts',(-47.9797334703624,9.94282086574027,-59.2437332606112));
#12121=CARTESIAN_POINT('Ctrl Pts',(-47.9104523532128,10.0221170373081,-59.445392830544));
#12122=CARTESIAN_POINT('Ctrl Pts',(-47.7850893119318,10.139512099881,-59.6484361011211));
#12123=CARTESIAN_POINT('Ctrl Pts',(-47.6162073453736,10.2826430174793,-59.8053840658528));
#12124=CARTESIAN_POINT('Ctrl Pts',(-47.4173209453397,10.4469216573695,-59.9207298739566));
#12125=CARTESIAN_POINT('Ctrl Pts',(-47.2153908142895,10.6093654875528,-59.985393895591));
#12126=CARTESIAN_POINT('Ctrl Pts',(-47.0775591943368,10.7170619394256,-60.0007678895907));
#12127=CARTESIAN_POINT('Ctrl Pts',(-47.0051118651701,10.772595188958,-60.0012968051821));
#12128=CARTESIAN_POINT('Ctrl Pts',(-47.0025565314978,10.7745513921891,-60.0013067705989));
#12129=CARTESIAN_POINT('Ctrl Pts',(-47.,10.7765077366383,-60.0013067705989));
#12130=CARTESIAN_POINT('Ctrl Pts',(-47.8661642672153,9.55760686766178,-59.0013067705989));
#12131=CARTESIAN_POINT('Ctrl Pts',(-47.8661642672153,9.55760686766178,-59.1345633196138));
#12132=CARTESIAN_POINT('Ctrl Pts',(-47.8322462112527,9.62796447923506,-59.3868907405275));
#12133=CARTESIAN_POINT('Ctrl Pts',(-47.7356361748075,9.80349122858909,-59.6322270032372));
#12134=CARTESIAN_POINT('Ctrl Pts',(-47.5993549239372,10.0088240352305,-59.8009023587917));
#12135=CARTESIAN_POINT('Ctrl Pts',(-47.4548071744732,10.2001766835497,-59.8945434283618));
#12136=CARTESIAN_POINT('Ctrl Pts',(-47.3017571417391,10.3988843401861,-59.9591283768005));
#12137=CARTESIAN_POINT('Ctrl Pts',(-47.1546302301421,10.5856629180951,-59.9927611443578));
#12138=CARTESIAN_POINT('Ctrl Pts',(-47.0557957321385,10.7083778449881,-60.0010418621513));
#12139=CARTESIAN_POINT('Ctrl Pts',(-47.003677962526,10.7720179754162,-60.0013009267735));
#12140=CARTESIAN_POINT('Ctrl Pts',(-47.0018396119863,10.7742630934681,-60.0013067705989));
#12141=CARTESIAN_POINT('Ctrl Pts',(-47.,10.7765077366383,-60.0013067705989));
#12142=CARTESIAN_POINT('Ctrl Pts',(-47.40584886573,9.30782912764348,-59.0013067705989));
#12143=CARTESIAN_POINT('Ctrl Pts',(-47.40584886573,9.30782912764348,-59.1504251902826));
#12144=CARTESIAN_POINT('Ctrl Pts',(-47.3803084312674,9.39588079928697,-59.4314386743281));
#12145=CARTESIAN_POINT('Ctrl Pts',(-47.3195723579289,9.61585621345648,-59.6890113935518));
#12146=CARTESIAN_POINT('Ctrl Pts',(-47.254392791717,9.87100250518494,-59.8454989721514));
#12147=CARTESIAN_POINT('Ctrl Pts',(-47.1969247194126,10.1011390482318,-59.9198356493174));
#12148=CARTESIAN_POINT('Ctrl Pts',(-47.1339809470561,10.3349674044786,-59.9697931645265));
#12149=CARTESIAN_POINT('Ctrl Pts',(-47.0706644976421,10.5528302003388,-59.9947809124555));
#12150=CARTESIAN_POINT('Ctrl Pts',(-47.0258433847283,10.6963771081622,-60.0011174143679));
#12151=CARTESIAN_POINT('Ctrl Pts',(-47.001706884205,10.7712256369957,-60.00130205564));
#12152=CARTESIAN_POINT('Ctrl Pts',(-47.000853847658,10.7738666827266,-60.0013067705989));
#12153=CARTESIAN_POINT('Ctrl Pts',(-47.,10.7765077366383,-60.0013067705989));
#12154=CARTESIAN_POINT('Ctrl Pts',(-46.9459510330799,9.36831483602811,-59.0013067705989));
#12155=CARTESIAN_POINT('Ctrl Pts',(-46.9459510330799,9.36831483602811,-59.1159628345766));
#12156=CARTESIAN_POINT('Ctrl Pts',(-46.9382251120017,9.42918330068704,-59.3345366163322));
#12157=CARTESIAN_POINT('Ctrl Pts',(-46.9295874592569,9.59185601336506,-59.5644818480276));
#12158=CARTESIAN_POINT('Ctrl Pts',(-46.9400262829793,9.80655427516233,-59.7463718401079));
#12159=CARTESIAN_POINT('Ctrl Pts',(-46.9627544175271,10.0335789768896,-59.862998657383));
#12160=CARTESIAN_POINT('Ctrl Pts',(-46.9819763875042,10.2813662176813,-59.9456427810413));
#12161=CARTESIAN_POINT('Ctrl Pts',(-46.9945101594717,10.5229951324406,-59.9901855127518));
#12162=CARTESIAN_POINT('Ctrl Pts',(-46.9986450911838,10.6854350987177,-60.0009458912785));
#12163=CARTESIAN_POINT('Ctrl Pts',(-46.9999143194396,10.7705060723098,-60.0012994859835));
#12164=CARTESIAN_POINT('Ctrl Pts',(-46.9999576982686,10.7735063093252,-60.0013067705989));
#12165=CARTESIAN_POINT('Ctrl Pts',(-47.,10.7765077366383,-60.0013067705989));
#12166=CARTESIAN_POINT('Ctrl Pts',(-46.7271620553205,9.53938649184033,-59.0013067705989));
#12167=CARTESIAN_POINT('Ctrl Pts',(-46.7271620553205,9.53938649184033,-59.0766174758102));
#12168=CARTESIAN_POINT('Ctrl Pts',(-46.7283164134598,9.56754805589026,-59.2234527464964));
#12169=CARTESIAN_POINT('Ctrl Pts',(-46.7408612038806,9.65586707477408,-59.4177296801098));
#12170=CARTESIAN_POINT('Ctrl Pts',(-46.7772793706404,9.80566451371699,-59.6242872083339));
#12171=CARTESIAN_POINT('Ctrl Pts',(-46.8325255374814,10.0081881598638,-59.7905226112699));
#12172=CARTESIAN_POINT('Ctrl Pts',(-46.8929957047864,10.2528802734192,-59.9141125876748));
#12173=CARTESIAN_POINT('Ctrl Pts',(-46.9486875546546,10.5052598197536,-59.984098137126));
#12174=CARTESIAN_POINT('Ctrl Pts',(-46.9823077188195,10.6788758083898,-60.0007201579022));
#12175=CARTESIAN_POINT('Ctrl Pts',(-46.9988391863794,10.7700742332553,-60.0012960791861));
#12176=CARTESIAN_POINT('Ctrl Pts',(-46.999420008635,10.7732900852844,-60.0013067705989));
#12177=CARTESIAN_POINT('Ctrl Pts',(-47.,10.7765077366383,-60.0013067705989));
#12178=CARTESIAN_POINT('Ctrl Pts',(-46.6473175992037,9.64718383085582,-59.0013067705989));
#12179=CARTESIAN_POINT('Ctrl Pts',(-46.6473175992037,9.64718383085582,-59.0547959168501));
#12180=CARTESIAN_POINT('Ctrl Pts',(-46.6511982775725,9.65755778260664,-59.1616009237722));
#12181=CARTESIAN_POINT('Ctrl Pts',(-46.6684349006247,9.70404613430219,-59.3337949374086));
#12182=CARTESIAN_POINT('Ctrl Pts',(-46.708654624884,9.81453173823722,-59.5514743362264));
#12183=CARTESIAN_POINT('Ctrl Pts',(-46.7727909755028,9.99940325694529,-59.745849489071));
#12184=CARTESIAN_POINT('Ctrl Pts',(-46.8499357139411,10.2394291580842,-59.8942542256113));
#12185=CARTESIAN_POINT('Ctrl Pts',(-46.9258600339498,10.4962635625255,-59.980211851506));
#12186=CARTESIAN_POINT('Ctrl Pts',(-46.9741481595963,10.6755773140753,-60.0005771235046));
#12187=CARTESIAN_POINT('Ctrl Pts',(-46.998301429977,10.7698587240068,-60.0012938976253));
#12188=CARTESIAN_POINT('Ctrl Pts',(-46.9991511638182,10.773181973264,-60.0013067705989));
#12189=CARTESIAN_POINT('Ctrl Pts',(-47.,10.7765077366383,-60.0013067705989));
#12190=CARTESIAN_POINT('',(-46.6473175992037,9.64718383085582,-59.0013067705989));
#12191=CARTESIAN_POINT('',(-47.,10.7765077366383,-60.0013067705989));
#12192=CARTESIAN_POINT('Ctrl Pts',(-46.6473175992037,9.64718383085582,-59.0013067705989));
#12193=CARTESIAN_POINT('Ctrl Pts',(-46.6473175992037,9.64718383085582,-59.0547959168501));
#12194=CARTESIAN_POINT('Ctrl Pts',(-46.6511982775725,9.65755778260664,-59.1616009237722));
#12195=CARTESIAN_POINT('Ctrl Pts',(-46.6684349006247,9.70404613430219,-59.3337949374086));
#12196=CARTESIAN_POINT('Ctrl Pts',(-46.708654624884,9.81453173823722,-59.5514743362264));
#12197=CARTESIAN_POINT('Ctrl Pts',(-46.7727909755028,9.99940325694529,-59.745849489071));
#12198=CARTESIAN_POINT('Ctrl Pts',(-46.8499357139411,10.2394291580842,-59.8942542256113));
#12199=CARTESIAN_POINT('Ctrl Pts',(-46.9258600339498,10.4962635625255,-59.980211851506));
#12200=CARTESIAN_POINT('Ctrl Pts',(-46.9741481595963,10.6755773140753,-60.0005771235046));
#12201=CARTESIAN_POINT('Ctrl Pts',(-46.998301429977,10.7698587240068,-60.0012938976253));
#12202=CARTESIAN_POINT('Ctrl Pts',(-46.9991511638182,10.773181973264,-60.0013067705989));
#12203=CARTESIAN_POINT('Ctrl Pts',(-47.,10.7765077366383,-60.0013067705989));
#12204=CARTESIAN_POINT('',(-48.,10.0935849103465,-59.0013067705989));
#12205=CARTESIAN_POINT('Ctrl Pts',(-47.,10.7765077366383,-60.0013067705989));
#12206=CARTESIAN_POINT('Ctrl Pts',(-47.0029149912536,10.7746955415497,-60.0013067705989));
#12207=CARTESIAN_POINT('Ctrl Pts',(-47.0058280078444,10.7728833062418,-60.0012938976252));
#12208=CARTESIAN_POINT('Ctrl Pts',(-47.0884779124711,10.7214267979117,-60.0005771235054));
#12209=CARTESIAN_POINT('Ctrl Pts',(-47.24602111258,10.621395469215,-59.9802118515062));
#12210=CARTESIAN_POINT('Ctrl Pts',(-47.4727376232053,10.4713432003255,-59.8942542256116));
#12211=CARTESIAN_POINT('Ctrl Pts',(-47.6856215848795,10.3243560790544,-59.7458494890712));
#12212=CARTESIAN_POINT('Ctrl Pts',(-47.8503578186694,10.2054995338322,-59.5514743362265));
#12213=CARTESIAN_POINT('Ctrl Pts',(-47.9491109595596,10.1319890614676,-59.3337949374086));
#12214=CARTESIAN_POINT('Ctrl Pts',(-47.9907114738793,10.1006301798309,-59.1616009237722));
#12215=CARTESIAN_POINT('Ctrl Pts',(-48.,10.0935849103465,-59.0547959168501));
#12216=CARTESIAN_POINT('Ctrl Pts',(-48.,10.0935849103465,-59.0013067705989));
#12217=CARTESIAN_POINT('Origin',(-47.25,10.0935849103465,-59.0013067705989));
#12218=CARTESIAN_POINT('Ctrl Pts',(-46.8750000099341,33.331287641445,-59.0013067705989));
#12219=CARTESIAN_POINT('Ctrl Pts',(-46.8750000099341,33.331287641445,-59.1343953013213));
#12220=CARTESIAN_POINT('Ctrl Pts',(-46.8828543870105,33.273770818295,-59.3985753755391));
#12221=CARTESIAN_POINT('Ctrl Pts',(-46.907755419727,33.0869722381407,-59.6815228496891));
#12222=CARTESIAN_POINT('Ctrl Pts',(-46.9467685218472,32.7839886965288,-59.9290108396251));
#12223=CARTESIAN_POINT('Ctrl Pts',(-46.9779360691263,32.5276125847812,-59.9975587458195));
#12224=CARTESIAN_POINT('Ctrl Pts',(-46.9984621816073,32.3508939020207,-60.0012431838071));
#12225=CARTESIAN_POINT('Ctrl Pts',(-46.999231934929,32.3442579037167,-60.0013067705989));
#12226=CARTESIAN_POINT('Ctrl Pts',(-47.0000000000001,32.3376241630204,-60.0013067705989));
#12227=CARTESIAN_POINT('Ctrl Pts',(-47.0311630936397,33.3605553880937,-59.001306770599));
#12228=CARTESIAN_POINT('Ctrl Pts',(-47.0311630936397,33.3605553880937,-59.1599160999851));
#12229=CARTESIAN_POINT('Ctrl Pts',(-47.0161544978849,33.2735526731692,-59.4660593947126));
#12230=CARTESIAN_POINT('Ctrl Pts',(-46.9993703869245,33.0514872440671,-59.7344391054901));
#12231=CARTESIAN_POINT('Ctrl Pts',(-46.994483612668,32.7442025049452,-59.9467101933466));
#12232=CARTESIAN_POINT('Ctrl Pts',(-46.9981732366632,32.5104830430304,-59.9981287346084));
#12233=CARTESIAN_POINT('Ctrl Pts',(-46.9998798799816,32.3497089898742,-60.0012621283858));
#12234=CARTESIAN_POINT('Ctrl Pts',(-46.9999399626277,32.34366396016,-60.0013067705989));
#12235=CARTESIAN_POINT('Ctrl Pts',(-47.0000000000001,32.3376241630204,-60.0013067705989));
#12236=CARTESIAN_POINT('Ctrl Pts',(-47.3577046839991,33.3387118361152,-59.0013067705992));
#12237=CARTESIAN_POINT('Ctrl Pts',(-47.3577046839991,33.3387118361152,-59.1999304375252));
#12238=CARTESIAN_POINT('Ctrl Pts',(-47.2935993390846,33.2121227551771,-59.5704257194511));
#12239=CARTESIAN_POINT('Ctrl Pts',(-47.187041077658,32.9550954725221,-59.8125071841389));
#12240=CARTESIAN_POINT('Ctrl Pts',(-47.0898618878325,32.664216485225,-59.9716864639738));
#12241=CARTESIAN_POINT('Ctrl Pts',(-47.0386028373159,32.4763293350958,-59.9989010537552));
#12242=CARTESIAN_POINT('Ctrl Pts',(-47.0027163660522,32.3473363903492,-60.0012901859635));
#12243=CARTESIAN_POINT('Ctrl Pts',(-47.0013560180251,32.3424760730464,-60.0013067705989));
#12244=CARTESIAN_POINT('Ctrl Pts',(-47.0000000000001,32.3376241630204,-60.0013067705989));
#12245=CARTESIAN_POINT('Ctrl Pts',(-47.8427804906269,33.0308111037953,-59.0013067705994));
#12246=CARTESIAN_POINT('Ctrl Pts',(-47.8427804906268,33.0308111037953,-59.215017637992));
#12247=CARTESIAN_POINT('Ctrl Pts',(-47.7250136695296,32.9169144697908,-59.6093699534382));
#12248=CARTESIAN_POINT('Ctrl Pts',(-47.4991152376874,32.7172549173555,-59.8405736299443));
#12249=CARTESIAN_POINT('Ctrl Pts',(-47.2577050357034,32.5240467328802,-59.9803350142804));
#12250=CARTESIAN_POINT('Ctrl Pts',(-47.1095723033713,32.4168007712311,-59.9991584401241));
#12251=CARTESIAN_POINT('Ctrl Pts',(-47.0076749875927,32.3431778921522,-60.0013003123999));
#12252=CARTESIAN_POINT('Ctrl Pts',(-47.0038341149706,32.3403972705976,-60.0013067705989));
#12253=CARTESIAN_POINT('Ctrl Pts',(-47.0000000000002,32.3376241630203,-60.0013067705989));
#12254=CARTESIAN_POINT('Ctrl Pts',(-48.,32.6358682631162,-59.0013067705995));
#12255=CARTESIAN_POINT('Ctrl Pts',(-47.9999999999999,32.6358682631161,-59.1729038067095));
#12256=CARTESIAN_POINT('Ctrl Pts',(-47.9046718626893,32.5903830505332,-59.5003126194208));
#12257=CARTESIAN_POINT('Ctrl Pts',(-47.6757421545007,32.5079497549523,-59.7610590748066));
#12258=CARTESIAN_POINT('Ctrl Pts',(-47.3767315741157,32.4240662712525,-59.9555397864334));
#12259=CARTESIAN_POINT('Ctrl Pts',(-47.1601976643625,32.374382803971,-59.9984110938208));
#12260=CARTESIAN_POINT('Ctrl Pts',(-47.0112178020384,32.3402046661002,-60.0012716630729));
#12261=CARTESIAN_POINT('Ctrl Pts',(-47.0056041842173,32.3389124117056,-60.0013067705989));
#12262=CARTESIAN_POINT('Ctrl Pts',(-47.0000000000002,32.3376241630203,-60.0013067705989));
#12263=CARTESIAN_POINT('Ctrl Pts',(-48.,32.3975451697341,-59.0013067705994));
#12264=CARTESIAN_POINT('Ctrl Pts',(-48.,32.3975451697341,-59.1343953013218));
#12265=CARTESIAN_POINT('Ctrl Pts',(-47.9420215571628,32.3940513284301,-59.3985753755399));
#12266=CARTESIAN_POINT('Ctrl Pts',(-47.7538195420039,32.3827294271482,-59.6815228496903));
#12267=CARTESIAN_POINT('Ctrl Pts',(-47.4487724375942,32.364422121279,-59.9290108396262));
#12268=CARTESIAN_POINT('Ctrl Pts',(-47.1909282699825,32.3490063667745,-59.9975587458229));
#12269=CARTESIAN_POINT('Ctrl Pts',(-47.0133349246893,32.3384190226981,-60.001243183807));
#12270=CARTESIAN_POINT('Ctrl Pts',(-47.0066662257653,32.3380214963704,-60.0013067705989));
#12271=CARTESIAN_POINT('Ctrl Pts',(-47.0000000000002,32.3376241630203,-60.0013067705989));
#12272=CARTESIAN_POINT('',(-48.,32.3975451697341,-59.0013067705994));
#12273=CARTESIAN_POINT('',(-47.0000000000001,32.3376241630204,-60.0013067705989));
#12274=CARTESIAN_POINT('Ctrl Pts',(-48.,32.3975451697341,-59.0013067705994));
#12275=CARTESIAN_POINT('Ctrl Pts',(-48.,32.3975451697341,-59.1343953013218));
#12276=CARTESIAN_POINT('Ctrl Pts',(-47.9420215571628,32.3940513284301,-59.3985753755399));
#12277=CARTESIAN_POINT('Ctrl Pts',(-47.7538195420039,32.3827294271482,-59.6815228496903));
#12278=CARTESIAN_POINT('Ctrl Pts',(-47.4487724375942,32.364422121279,-59.9290108396262));
#12279=CARTESIAN_POINT('Ctrl Pts',(-47.1909282699825,32.3490063667745,-59.9975587458229));
#12280=CARTESIAN_POINT('Ctrl Pts',(-47.0133349246893,32.3384190226981,-60.001243183807));
#12281=CARTESIAN_POINT('Ctrl Pts',(-47.0066662257653,32.3380214963704,-60.0013067705989));
#12282=CARTESIAN_POINT('Ctrl Pts',(-47.0000000000002,32.3376241630203,-60.0013067705989));
#12283=CARTESIAN_POINT('',(-46.8750000099341,33.331287641445,-59.0013067705989));
#12284=CARTESIAN_POINT('Ctrl Pts',(-47.0000000000001,32.3376241630204,-60.0013067705989));
#12285=CARTESIAN_POINT('Ctrl Pts',(-46.999231934929,32.3442579037167,-60.0013067705989));
#12286=CARTESIAN_POINT('Ctrl Pts',(-46.9984621816073,32.3508939020207,-60.0012431838071));
#12287=CARTESIAN_POINT('Ctrl Pts',(-46.9779360691263,32.5276125847812,-59.9975587458195));
#12288=CARTESIAN_POINT('Ctrl Pts',(-46.9467685218472,32.7839886965288,-59.9290108396251));
#12289=CARTESIAN_POINT('Ctrl Pts',(-46.907755419727,33.0869722381407,-59.6815228496891));
#12290=CARTESIAN_POINT('Ctrl Pts',(-46.8828543870105,33.273770818295,-59.3985753755391));
#12291=CARTESIAN_POINT('Ctrl Pts',(-46.8750000099341,33.331287641445,-59.1343953013213));
#12292=CARTESIAN_POINT('Ctrl Pts',(-46.8750000099341,33.331287641445,-59.0013067705989));
#12293=CARTESIAN_POINT('Origin',(-47.05,32.3975451697341,-59.0013067705989));
#12294=CARTESIAN_POINT('Origin',(-17.0113168097052,1.02636091968157,-59.0013067705989));
#12295=CARTESIAN_POINT('',(-17.0113168097052,1.02636091968157,-60.0013067705989));
#12296=CARTESIAN_POINT('',(-17.1849649873721,0.0415531666693637,-59.0013067705989));
#12297=CARTESIAN_POINT('Origin',(-17.0113168097052,1.02636091968157,-59.0013067705989));
#12298=CARTESIAN_POINT('',(-18.0113168097052,1.02636091968157,-59.0013067705989));
#12299=CARTESIAN_POINT('Origin',(-17.0113168097052,1.02636091968157,-59.0013067705989));
#12300=CARTESIAN_POINT('Origin',(-17.0113168097052,1.02636091968157,-59.0013067705989));
#12301=CARTESIAN_POINT('Origin',(-17.0113168097052,8.37101128221208,-59.0013067705989));
#12302=CARTESIAN_POINT('',(-17.0113168097052,6.51999999999999,-60.0013067705989));
#12303=CARTESIAN_POINT('',(-18.0113168097052,6.51999999999999,-59.0013067705989));
#12304=CARTESIAN_POINT('Origin',(-17.0113168097052,6.51999999999999,-59.0013067705989));
#12305=CARTESIAN_POINT('',(-18.0113168097052,8.37101128221208,-59.0013067705989));
#12306=CARTESIAN_POINT('',(-17.0113168097052,8.37101128221208,-60.0013067705989));
#12307=CARTESIAN_POINT('Origin',(-17.0113168097052,1.02636091968157,-60.0013067705989));
#12308=CARTESIAN_POINT('',(-18.0113168097052,1.02636091968157,-44.0013067705989));
#12309=CARTESIAN_POINT('',(-17.1849649873721,0.0415531666693596,-44.0013067705989));
#12310=CARTESIAN_POINT('Origin',(-17.0113168097052,1.02636091968157,-44.0013067705989));
#12311=CARTESIAN_POINT('',(-17.1849649873721,0.041553166669364,-60.0013067705989));
#12312=CARTESIAN_POINT('',(-18.0113168097052,1.02636091968157,-60.0013067705989));
#12313=CARTESIAN_POINT('Origin',(-16.550835572905,0.94516565352369,-59.0013067705989));
#12314=CARTESIAN_POINT('',(-7.99553622255645,-0.563364449980324,-60.0013067705989));
#12315=CARTESIAN_POINT('',(-16.550835572905,0.94516565352369,-60.0013067705989));
#12316=CARTESIAN_POINT('',(-7.65652593287732,-1.63856772267429,-59.0013067705989));
#12317=CARTESIAN_POINT('',(-16.7244837505719,-0.0396420994885188,-59.0013067705989));
#12318=CARTESIAN_POINT('Origin',(-7.99553622255645,-0.563364449980324,-59.0013067705989));
#12319=CARTESIAN_POINT('Origin',(-2.9707221933305,4.46144957924564,-59.0013067705989));
#12320=CARTESIAN_POINT('',(0.703331496127763,8.13550326870392,-60.0013067705989));
#12321=CARTESIAN_POINT('',(-2.9707221933305,4.46144957924564,-60.0013067705989));
#12322=CARTESIAN_POINT('',(1.77853476882173,7.79649297902479,-59.0013067705989));
#12323=CARTESIAN_POINT('',(-2.26361541214395,3.7543427980591,-59.0013067705989));
#12324=CARTESIAN_POINT('Origin',(0.703331496127763,8.13550326870391,-59.0013067705989));
#12325=CARTESIAN_POINT('Origin',(-2.22023494881218,24.7158724963369,-59.0013067705989));
#12326=CARTESIAN_POINT('',(-3.00000000000002,29.1381398547119,-60.0013067705989));
#12327=CARTESIAN_POINT('',(-2.22023494881218,24.7158724963369,-60.0013067705989));
#12328=CARTESIAN_POINT('',(-2.00000000000002,29.2256285182378,-59.0013067705989));
#12329=CARTESIAN_POINT('',(-1.23542719579997,24.8895206740038,-59.0013067705989));
#12330=CARTESIAN_POINT('Origin',(-3.00000000000002,29.1381398547119,-59.0013067705989));
#12331=CARTESIAN_POINT('Origin',(-3.00000000000002,25.0023806379602,-59.0013067705989));
#12332=CARTESIAN_POINT('',(-2.00000000000002,30.25,-59.0013067705989));
#12333=CARTESIAN_POINT('',(-2.00000000000001,25.0023806379602,-59.0013067705989));
#12334=CARTESIAN_POINT('',(-3.00000000000002,30.25,-60.0013067705989));
#12335=CARTESIAN_POINT('Origin',(-3.00000000000002,30.25,-59.0013067705989));
#12336=CARTESIAN_POINT('',(-3.00000000000002,25.0023806379602,-60.0013067705989));
#12337=CARTESIAN_POINT('Ctrl Pts',(-3.00000000000002,30.25,-60.0013067705989));
#12338=CARTESIAN_POINT('Ctrl Pts',(-3.00000000000002,31.2500000076909,-60.0013067705989));
#12339=CARTESIAN_POINT('Ctrl Pts',(-4.00000000769094,31.25,-60.0013067705989));
#12340=CARTESIAN_POINT('Ctrl Pts',(-2.00000000000002,30.25,-60.0013067705989));
#12341=CARTESIAN_POINT('Ctrl Pts',(-2.00000000000002,32.2500000153818,-60.0013067705989));
#12342=CARTESIAN_POINT('Ctrl Pts',(-4.00000001538186,32.25,-60.0013067705989));
#12343=CARTESIAN_POINT('Ctrl Pts',(-2.00000000000002,30.25,-59.0013067705989));
#12344=CARTESIAN_POINT('Ctrl Pts',(-2.00000000000002,32.2500000153818,-59.0013067705989));
#12345=CARTESIAN_POINT('Ctrl Pts',(-4.00000001538186,32.25,-59.0013067705989));
#12346=CARTESIAN_POINT('',(-4.00000001538186,32.25,-59.0013067705989));
#12347=CARTESIAN_POINT('',(-4.00000000769094,31.25,-60.0013067705989));
#12348=CARTESIAN_POINT('Origin',(-4.00000000769094,31.25,-59.0013067705989));
#12349=CARTESIAN_POINT('Origin',(-4.00000000000002,30.25,-60.0013067705989));
#12350=CARTESIAN_POINT('Origin',(-4.00000000000002,30.25,-59.0013067705989));
#12351=CARTESIAN_POINT('Origin',(-4.00000005960467,38.,-59.0013067705989));
#12352=CARTESIAN_POINT('',(-6.55734243011407,32.8500000000003,-59.0013067705989));
#12353=CARTESIAN_POINT('',(-7.00209762498527,31.9543478260873,-60.0013067705989));
#12354=CARTESIAN_POINT('Origin',(-7.00209762498527,31.9543478260873,-59.0013067705989));
#12355=CARTESIAN_POINT('Origin',(-4.00000005960467,38.,-60.0013067705989));
#12356=CARTESIAN_POINT('Origin',(-4.00000005960467,38.,-59.0013067705989));
#12357=CARTESIAN_POINT('Origin',(-9.11468480062347,27.7000000000005,-59.0013067705989));
#12358=CARTESIAN_POINT('',(-9.11468480062356,33.4500000000005,-59.0013067705989));
#12359=CARTESIAN_POINT('',(-9.11468480062354,32.4500000000005,-60.0013067705989));
#12360=CARTESIAN_POINT('Origin',(-9.11468480062354,32.4500000000005,-59.0013067705989));
#12361=CARTESIAN_POINT('Origin',(-9.11468480062347,27.7000000000005,-60.0013067705989));
#12362=CARTESIAN_POINT('Origin',(-9.11468480062347,27.7000000000005,-59.0013067705989));
#12363=CARTESIAN_POINT('Origin',(-29.3245579034366,32.4500000000002,-59.0013067705989));
#12364=CARTESIAN_POINT('',(-35.6058857902025,32.4500000000001,-60.0013067705989));
#12365=CARTESIAN_POINT('',(-29.3245579034366,32.4500000000002,-60.0013067705989));
#12366=CARTESIAN_POINT('',(-35.5007815549368,33.4500000000001,-59.0013067705989));
#12367=CARTESIAN_POINT('',(-29.3245579034366,33.4500000000002,-59.0013067705989));
#12368=CARTESIAN_POINT('Origin',(-35.6058857902025,32.4500000000001,-59.0013067705989));
#12369=CARTESIAN_POINT('Origin',(-30.9403980438227,31.4583199661159,-59.0013067705989));
#12370=CARTESIAN_POINT('',(-41.3237364413505,33.665366674551,-60.0013067705989));
#12371=CARTESIAN_POINT('',(-30.9403980438227,31.4583199661159,-60.0013067705989));
#12372=CARTESIAN_POINT('',(-41.2186322060848,34.665366674551,-59.0013067705989));
#12373=CARTESIAN_POINT('',(-30.7324863530049,32.4364675668497,-59.0013067705989));
#12374=CARTESIAN_POINT('Origin',(-41.3237364413505,33.665366674551,-59.0013067705989));
#12375=CARTESIAN_POINT('Origin',(-32.6616801178914,33.665366674551,-59.0013067705989));
#12376=CARTESIAN_POINT('',(-42.054811256408,33.665366674551,-60.0013067705989));
#12377=CARTESIAN_POINT('',(-32.6616801178914,33.665366674551,-60.0013067705989));
#12378=CARTESIAN_POINT('',(-42.1750259838466,34.665366674551,-59.0013067705989));
#12379=CARTESIAN_POINT('',(-32.6616801178914,34.665366674551,-59.0013067705989));
#12380=CARTESIAN_POINT('Ctrl Pts',(-42.1750259838466,34.665366674551,-59.0013067705989));
#12381=CARTESIAN_POINT('Ctrl Pts',(-42.1750259838466,34.665366674551,-59.1308467770306));
#12382=CARTESIAN_POINT('Ctrl Pts',(-42.172401628394,34.6401946639165,-59.259114610588));
#12383=CARTESIAN_POINT('Ctrl Pts',(-42.161941787365,34.5423091940836,-59.499108670259));
#12384=CARTESIAN_POINT('Ctrl Pts',(-42.1541937137392,34.4704471236211,-59.6084372556363));
#12385=CARTESIAN_POINT('Ctrl Pts',(-42.1337774891365,34.288797411612,-59.7939463665301));
#12386=CARTESIAN_POINT('Ctrl Pts',(-42.1212765388815,34.1805909306476,-59.8681304720909));
#12387=CARTESIAN_POINT('Ctrl Pts',(-42.0915929959344,33.938545081269,-59.9725357905651));
#12388=CARTESIAN_POINT('Ctrl Pts',(-42.0745645274138,33.8064730474875,-60.0002488052366));
#12389=CARTESIAN_POINT('Ctrl Pts',(-42.0555321686951,33.6705052790233,-60.0012968688815));
#12390=CARTESIAN_POINT('Ctrl Pts',(-42.0551719805454,33.6679359438448,-60.0013067705989));
#12391=CARTESIAN_POINT('Ctrl Pts',(-42.054811256408,33.665366674551,-60.0013067705989));
#12392=CARTESIAN_POINT('Origin',(-41.6968290949657,32.4156271928632,-59.0013067705989));
#12393=CARTESIAN_POINT('',(-43.1007004735004,34.2374793143405,-59.0013067705989));
#12394=CARTESIAN_POINT('Origin',(-41.6968290949657,32.4156271928632,-59.0013067705989));
#12395=CARTESIAN_POINT('',(-42.4903216132679,33.4453696963069,-60.0013067705989));
#12396=CARTESIAN_POINT('Origin',(-42.4903216132679,33.4453696963069,-59.0013067705989));
#12397=CARTESIAN_POINT('Origin',(-41.6968290949657,32.4156271928632,-60.0013067705989));
#12398=CARTESIAN_POINT('Origin',(-46.0000000596047,38.,-59.0013067705989));
#12399=CARTESIAN_POINT('Origin',(-46.0000000596047,38.,-60.0013067705989));
#12400=CARTESIAN_POINT('Origin',(-46.0000000596047,38.,-59.0013067705989));
#12401=CARTESIAN_POINT('Origin',(-47.,12.1248373741433,-59.0013067705989));
#12402=CARTESIAN_POINT('',(-47.,12.1248373741433,-60.0013067705989));
#12403=CARTESIAN_POINT('',(-48.,12.1248373741433,-59.0013067705989));
#12404=CARTESIAN_POINT('Origin',(-43.0312231944259,6.96877735391197,-59.0013067705989));
#12405=CARTESIAN_POINT('',(-39.915807894356,3.72159588252941,-59.0013067705989));
#12406=CARTESIAN_POINT('Origin',(-43.0312231944259,6.96877735391197,-59.0013067705989));
#12407=CARTESIAN_POINT('',(-39.2234933832293,2.99999999999996,-60.0013067705989));
#12408=CARTESIAN_POINT('Origin',(-39.2234933832293,2.99999999999996,-59.0013067705989));
#12409=CARTESIAN_POINT('Origin',(-43.0312231944259,6.96877735391197,-60.0013067705989));
#12410=CARTESIAN_POINT('Origin',(-34.0113168097052,2.99999999999997,-59.0013067705989));
#12411=CARTESIAN_POINT('',(-34.0113168097052,2.99999999999997,-60.0013067705989));
#12412=CARTESIAN_POINT('',(-33.0113168097052,2.99999999999998,-59.0013067705989));
#12413=CARTESIAN_POINT('Origin',(-34.0113168097052,2.99999999999997,-59.0013067705989));
#12414=CARTESIAN_POINT('',(-34.0113168097052,1.99999999999997,-59.0013067705989));
#12415=CARTESIAN_POINT('Origin',(-34.0113168097052,2.99999999999997,-59.0013067705989));
#12416=CARTESIAN_POINT('Origin',(-34.0113168097052,2.99999999999997,-59.0013067705989));
#12417=CARTESIAN_POINT('Origin',(-28.0798255308206,2.99999999999998,-59.0013067705989));
#12418=CARTESIAN_POINT('',(-39.2234933832293,1.99999999999997,-59.0013067705989));
#12419=CARTESIAN_POINT('Origin',(-39.2234933832293,2.99999999999997,-59.0013067705989));
#12420=CARTESIAN_POINT('',(-28.0798255308206,1.99999999999998,-59.0013067705989));
#12421=CARTESIAN_POINT('',(-28.0798255308206,2.99999999999998,-60.0013067705989));
#12422=CARTESIAN_POINT('Origin',(-34.0113168097052,2.99999999999997,-60.0013067705989));
#12423=CARTESIAN_POINT('',(-34.0113168097052,1.99999999999997,-44.0013067705989));
#12424=CARTESIAN_POINT('',(-33.0113168097052,2.99999999999997,-44.0013067705989));
#12425=CARTESIAN_POINT('Origin',(-34.0113168097052,2.99999999999997,-44.0013067705989));
#12426=CARTESIAN_POINT('',(-33.0113168097052,2.99999999999998,-60.0013067705989));
#12427=CARTESIAN_POINT('',(-34.0113168097052,1.99999999999997,-60.0013067705989));
#12428=CARTESIAN_POINT('Origin',(-34.0113168097052,11.5373806379599,-59.0013067705989));
#12429=CARTESIAN_POINT('',(-33.0113168097052,6.51999999999999,-59.0013067705989));
#12430=CARTESIAN_POINT('',(-34.0113168097052,6.51999999999999,-60.0013067705989));
#12431=CARTESIAN_POINT('Origin',(-34.0113168097052,6.51999999999999,-59.0013067705989));
#12432=CARTESIAN_POINT('',(-34.0113168097052,11.5373806379599,-60.0013067705989));
#12433=CARTESIAN_POINT('',(-33.0113168097052,11.5373806379599,-59.0013067705989));
#12434=CARTESIAN_POINT('Origin',(-39.2234933832293,2.99999999999996,-59.0013067705989));
#12435=CARTESIAN_POINT('Origin',(-39.2234933832293,2.99999999999996,-59.0013067705989));
#12436=CARTESIAN_POINT('Origin',(-7.65652593287732,-1.63856772267429,-60.0013067705989));
#12437=CARTESIAN_POINT('',(-19.5113168097052,0.451751759566967,-44.0013067705989));
#12438=CARTESIAN_POINT('',(-28.5851524311586,2.05171379814273,-44.0013067705989));
#12439=CARTESIAN_POINT('',(-28.2918689079281,1.99999999999996,-44.0013067705989));
#12440=CARTESIAN_POINT('',(-18.0113168097052,0.187261288504276,-44.0013067705989));
#12441=CARTESIAN_POINT('',(-28.2918689079281,1.99999999999996,-34.23));
#12442=CARTESIAN_POINT('',(-28.2918689079281,1.99999999999996,-44.0013067705989));
#12443=CARTESIAN_POINT('',(-25.3374456488915,1.47905546699918,-34.23));
#12444=CARTESIAN_POINT('',(-16.7244837505719,-0.0396420994885327,-34.23));
#12445=CARTESIAN_POINT('',(-25.3374456488915,1.47905546699919,-35.3061955998369));
#12446=CARTESIAN_POINT('',(-25.3374456488915,1.47905546699919,-46.1156533852995));
#12447=CARTESIAN_POINT('',(-24.3526378958793,1.30540728933226,-38.23));
#12448=CARTESIAN_POINT('Origin',(-24.3526378958793,1.30540728933226,-35.3061955998369));
#12449=CARTESIAN_POINT('',(-11.5957569449262,-0.943975012006587,-38.23));
#12450=CARTESIAN_POINT('',(-12.81536167664,-0.728925792005729,-38.23));
#12451=CARTESIAN_POINT('',(-10.610949191914,-1.11762318967351,-35.3061955998369));
#12452=CARTESIAN_POINT('Origin',(-11.5957569449262,-0.943975012006587,-35.3061955998369));
#12453=CARTESIAN_POINT('',(-10.610949191914,-1.11762318967352,-34.23));
#12454=CARTESIAN_POINT('',(-10.610949191914,-1.11762318967351,-46.1156533852995));
#12455=CARTESIAN_POINT('',(-7.65652593287733,-1.63856772267431,-34.23));
#12456=CARTESIAN_POINT('',(-16.7244837505719,-0.0396420994885327,-34.23));
#12457=CARTESIAN_POINT('',(-7.65652593287732,-1.63856772267429,-60.0013067705989));
#12458=CARTESIAN_POINT('Origin',(-18.0113168097052,0.18726128850429,-60.0013067705989));
#12459=CARTESIAN_POINT('',(-18.0113168097052,6.51999999999998,-44.0013067705989));
#12460=CARTESIAN_POINT('',(-18.0113168097052,6.51999999999999,-60.0013067705989));
#12461=CARTESIAN_POINT('',(-18.0113168097052,0.187261288504285,-44.0013067705989));
#12462=CARTESIAN_POINT('Origin',(-23.1483342519361,16.5547612759199,-60.0013067705989));
#12463=CARTESIAN_POINT('',(-19.5113168097052,6.51999999999999,-60.0013067705989));
#12464=CARTESIAN_POINT('',(-20.5798255308207,6.51999999999999,-60.0013067705989));
#12465=CARTESIAN_POINT('',(-31.5113168097052,6.51999999999999,-60.0013067705989));
#12466=CARTESIAN_POINT('',(-27.3298255308207,6.52,-60.0013067705989));
#12467=CARTESIAN_POINT('',(-19.5113168097052,6.51999999999999,-60.0013067705989));
#12468=CARTESIAN_POINT('Origin',(-15.5292573663585,33.0500000000004,-32.63));
#12469=CARTESIAN_POINT('',(-9.61468480062354,32.6500000000005,-32.23));
#12470=CARTESIAN_POINT('',(-9.61468480062356,33.4500000000005,-33.03));
#12471=CARTESIAN_POINT('',(-9.61468480062355,33.0500000000005,-32.63));
#12472=CARTESIAN_POINT('',(-17.5007815549368,33.4500000000004,-33.03));
#12473=CARTESIAN_POINT('',(-15.5292573663585,33.4500000000004,-33.03));
#12474=CARTESIAN_POINT('',(-17.5007815549368,32.6500000000004,-32.23));
#12475=CARTESIAN_POINT('',(-17.5007815549368,32.5500000000004,-32.13));
#12476=CARTESIAN_POINT('',(-15.5292573663585,32.6500000000004,-32.23));
#12477=CARTESIAN_POINT('Origin',(-9.61468480062356,33.4500000000005,-32.23));
#12478=CARTESIAN_POINT('',(-9.61468480062354,32.4500000000005,-32.23));
#12479=CARTESIAN_POINT('',(-9.61468480062356,33.4500000000005,-32.23));
#12480=CARTESIAN_POINT('',(-9.61468480062354,32.4500000000005,-32.5587181803823));
#12481=CARTESIAN_POINT('',(-9.61468480062354,32.4500000000005,-32.23));
#12482=CARTESIAN_POINT('',(-9.61468480062356,33.4500000000005,-35.3061955998369));
#12483=CARTESIAN_POINT('',(-9.61468480062355,32.9255112062566,-33.8651744822686));
#12484=CARTESIAN_POINT('',(-9.61468480062356,33.4500000000005,-34.23));
#12485=CARTESIAN_POINT('',(-9.61468480062356,33.4500000000005,-46.1156533852995));
#12486=CARTESIAN_POINT('',(-9.61468480062356,33.4500000000005,-32.23));
#12487=CARTESIAN_POINT('Origin',(-13.5577331777802,32.4500000000004,-32.23));
#12488=CARTESIAN_POINT('',(-17.5007815549368,32.4500000000004,-32.23));
#12489=CARTESIAN_POINT('',(-17.5007815549368,31.4500000000004,-32.23));
#12490=CARTESIAN_POINT('',(-16.5007815549368,31.4500000000004,-32.23));
#12491=CARTESIAN_POINT('Origin',(-16.5007815549368,32.4500000000004,-32.23));
#12492=CARTESIAN_POINT('',(-10.6146848006235,31.4500000000005,-32.23));
#12493=CARTESIAN_POINT('',(-9.61468480062353,31.4500000000005,-32.23));
#12494=CARTESIAN_POINT('Origin',(-10.6146848006235,32.4500000000005,-32.23));
#12495=CARTESIAN_POINT('Origin',(-1.18881714249909,22.3216737328495,-32.63));
#12496=CARTESIAN_POINT('',(0.469744033411179,10.6119976959279,-32.23));
#12497=CARTESIAN_POINT('',(1.25759023582095,10.7509162380614,-33.03));
#12498=CARTESIAN_POINT('',(0.863667134616062,10.6814569669946,-32.63));
#12499=CARTESIAN_POINT('',(-1.47905546699926,26.2712052592012,-33.03));
#12500=CARTESIAN_POINT('',(-0.794894041294206,22.3911330039163,-33.03));
#12501=CARTESIAN_POINT('',(-2.26690166940903,26.1322867170677,-32.23));
#12502=CARTESIAN_POINT('',(-2.36538244471025,26.114921899301,-32.13));
#12503=CARTESIAN_POINT('',(-1.58274024370398,22.2522144617827,-32.23));
#12504=CARTESIAN_POINT('Origin',(1.25759023582095,10.7509162380614,-32.23));
#12505=CARTESIAN_POINT('',(0.272782482808738,10.5772680603945,-32.23));
#12506=CARTESIAN_POINT('',(1.25759023582095,10.7509162380614,-32.23));
#12507=CARTESIAN_POINT('',(0.272782482808738,10.5772680603945,-32.5587181803823));
#12508=CARTESIAN_POINT('',(0.272782482808738,10.5772680603945,-32.23));
#12509=CARTESIAN_POINT('',(1.25759023582096,10.7509162380614,-35.3061955998369));
#12510=CARTESIAN_POINT('',(0.741069605373932,10.6598397148211,-33.8651744822686));
#12511=CARTESIAN_POINT('',(1.25759023582095,10.7509162380614,-34.23));
#12512=CARTESIAN_POINT('',(1.25759023582096,10.7509162380614,-46.1156533852995));
#12513=CARTESIAN_POINT('',(1.25759023582095,10.7509162380614,-32.23));
#12514=CARTESIAN_POINT('Origin',(-1.09554036860136,18.3374125709644,-32.23));
#12515=CARTESIAN_POINT('',(-2.46386322001147,26.0975570815343,-32.23));
#12516=CARTESIAN_POINT('',(-3.44867097302368,25.9239089038674,-32.23));
#12517=CARTESIAN_POINT('',(-3.27502279535675,24.9391011508552,-32.23));
#12518=CARTESIAN_POINT('Origin',(-2.29021504234454,25.1127493285221,-32.23));
#12519=CARTESIAN_POINT('',(-0.885673447870395,11.3884276357398,-32.23));
#12520=CARTESIAN_POINT('',(-0.712025270203472,10.4036198827276,-32.23));
#12521=CARTESIAN_POINT('Origin',(0.0991343051418146,11.5620758134067,-32.23));
#12522=CARTESIAN_POINT('Origin',(-14.2231140350916,-0.0745304243004639,
-32.63));
#12523=CARTESIAN_POINT('',(-25.198527106758,2.26690166940895,-32.23));
#12524=CARTESIAN_POINT('',(-25.3374456488915,1.47905546699918,-33.03));
#12525=CARTESIAN_POINT('',(-25.2679863778247,1.87297856820407,-32.63));
#12526=CARTESIAN_POINT('',(-10.610949191914,-1.11762318967352,-33.03));
#12527=CARTESIAN_POINT('',(-14.2925733061583,-0.468453525505348,-33.03));
#12528=CARTESIAN_POINT('',(-10.4720306497804,-0.329776987263756,-32.23));
#12529=CARTESIAN_POINT('',(-10.4546658320137,-0.231296211962536,-32.13));
#12530=CARTESIAN_POINT('',(-14.1536547640248,0.31939267690442,-32.23));
#12531=CARTESIAN_POINT('Origin',(-25.3374456488915,1.47905546699918,-32.23));
#12532=CARTESIAN_POINT('',(-25.1637974712246,2.46386322001139,-32.23));
#12533=CARTESIAN_POINT('',(-24.9901492935576,3.4486709730236,-32.23));
#12534=CARTESIAN_POINT('',(-25.1637974712246,2.46386322001139,-32.5587181803823));
#12535=CARTESIAN_POINT('',(-25.1637974712246,2.46386322001139,-32.23));
#12536=CARTESIAN_POINT('',(-25.2463691256511,1.9955760974462,-33.8651744822686));
#12537=CARTESIAN_POINT('',(-25.3374456488915,1.47905546699918,-32.23));
#12538=CARTESIAN_POINT('Origin',(-17.8005492427358,1.16552389167504,-32.23));
#12539=CARTESIAN_POINT('',(-10.437301014247,-0.132815436661316,-32.23));
#12540=CARTESIAN_POINT('',(-10.610949191914,-1.11762318967352,-32.23));
#12541=CARTESIAN_POINT('',(-11.2484605895923,1.02564049401782,-32.23));
#12542=CARTESIAN_POINT('Origin',(-11.4221087672592,0.0408327410056115,-32.23));
#12543=CARTESIAN_POINT('',(-24.0053415405454,3.27502279535667,-32.23));
#12544=CARTESIAN_POINT('',(-10.2636528365801,0.851992316350894,-32.23));
#12545=CARTESIAN_POINT('Origin',(-24.1789897182124,2.29021504234446,-32.23));
#12546=CARTESIAN_POINT('Origin',(-32.7747750267534,2.39999999999996,-32.63));
#12547=CARTESIAN_POINT('',(-37.2234933832293,2.79999999999996,-32.23));
#12548=CARTESIAN_POINT('',(-37.2234933832293,1.99999999999996,-33.03));
#12549=CARTESIAN_POINT('',(-37.2234933832293,2.39999999999996,-32.63));
#12550=CARTESIAN_POINT('',(-31.2918689079281,1.99999999999996,-33.03));
#12551=CARTESIAN_POINT('',(-32.7747750267534,1.99999999999996,-33.03));
#12552=CARTESIAN_POINT('',(-31.2918689079281,2.79999999999996,-32.23));
#12553=CARTESIAN_POINT('',(-31.2918689079281,2.89999999999996,-32.13));
#12554=CARTESIAN_POINT('',(-32.7747750267534,2.79999999999996,-32.23));
#12555=CARTESIAN_POINT('Origin',(-37.2234933832293,1.99999999999996,-32.23));
#12556=CARTESIAN_POINT('',(-37.2234933832293,2.99999999999996,-32.23));
#12557=CARTESIAN_POINT('',(-37.2234933832293,1.99999999999996,-32.23));
#12558=CARTESIAN_POINT('',(-37.2234933832293,2.99999999999996,-32.5587181803823));
#12559=CARTESIAN_POINT('',(-37.2234933832293,2.99999999999996,-32.23));
#12560=CARTESIAN_POINT('',(-37.2234933832293,1.99999999999996,-35.3061955998369));
#12561=CARTESIAN_POINT('',(-37.2234933832293,2.52448879374386,-33.8651744822686));
#12562=CARTESIAN_POINT('',(-37.2234933832293,1.99999999999996,-34.23));
#12563=CARTESIAN_POINT('',(-37.2234933832293,1.99999999999997,-46.1156533852995));
#12564=CARTESIAN_POINT('',(-37.2234933832293,1.99999999999996,-32.23));
#12565=CARTESIAN_POINT('Origin',(-34.2576811455787,2.99999999999996,-32.23));
#12566=CARTESIAN_POINT('',(-31.2918689079281,2.99999999999996,-32.23));
#12567=CARTESIAN_POINT('',(-31.2918689079281,3.99999999999996,-32.23));
#12568=CARTESIAN_POINT('',(-32.2918689079281,3.99999999999996,-32.23));
#12569=CARTESIAN_POINT('Origin',(-32.2918689079281,2.99999999999996,-32.23));
#12570=CARTESIAN_POINT('',(-36.2234933832293,3.99999999999996,-32.23));
#12571=CARTESIAN_POINT('',(-37.2234933832293,3.99999999999996,-32.23));
#12572=CARTESIAN_POINT('Origin',(-36.2234933832293,2.99999999999996,-32.23));
#12573=CARTESIAN_POINT('Origin',(-47.6,20.0445749751933,-32.63));
#12574=CARTESIAN_POINT('',(-47.2,28.897545169734,-32.23));
#12575=CARTESIAN_POINT('',(-48.,28.897545169734,-33.03));
#12576=CARTESIAN_POINT('',(-47.6,28.897545169734,-32.63));
#12577=CARTESIAN_POINT('',(-48.,17.0935849103464,-33.03));
#12578=CARTESIAN_POINT('',(-48.,20.0445749751933,-33.03));
#12579=CARTESIAN_POINT('',(-47.2,17.0935849103464,-32.23));
#12580=CARTESIAN_POINT('',(-47.1,17.0935849103464,-32.13));
#12581=CARTESIAN_POINT('',(-47.2,20.0445749751933,-32.23));
#12582=CARTESIAN_POINT('Origin',(-48.,28.897545169734,-32.23));
#12583=CARTESIAN_POINT('',(-47.,28.897545169734,-32.23));
#12584=CARTESIAN_POINT('',(-46.,28.897545169734,-32.23));
#12585=CARTESIAN_POINT('',(-47.,28.897545169734,-32.5587181803822));
#12586=CARTESIAN_POINT('',(-47.,28.897545169734,-32.23));
#12587=CARTESIAN_POINT('',(-48.,28.897545169734,-35.3061955998368));
#12588=CARTESIAN_POINT('',(-47.4755112062562,28.897545169734,-33.8651744822685));
#12589=CARTESIAN_POINT('',(-48.,28.897545169734,-34.23));
#12590=CARTESIAN_POINT('',(-48.,28.897545169734,-46.1156533852995));
#12591=CARTESIAN_POINT('',(-48.,28.897545169734,-32.23));
#12592=CARTESIAN_POINT('Origin',(-47.,22.9955650400402,-32.23));
#12593=CARTESIAN_POINT('',(-47.,17.0935849103464,-32.23));
#12594=CARTESIAN_POINT('',(-48.,17.0935849103464,-32.23));
#12595=CARTESIAN_POINT('',(-46.,18.0935849103464,-32.23));
#12596=CARTESIAN_POINT('Origin',(-47.,18.0935849103464,-32.23));
#12597=CARTESIAN_POINT('',(-46.,27.897545169734,-32.23));
#12598=CARTESIAN_POINT('',(-46.,17.0935849103464,-32.23));
#12599=CARTESIAN_POINT('Origin',(-47.,27.897545169734,-32.23));
#12600=CARTESIAN_POINT('Origin',(-11.4221087672592,0.0408327410056115,-32.23));
#12601=CARTESIAN_POINT('',(-11.2484605895923,1.02564049401782,-32.7350451610908));
#12602=CARTESIAN_POINT('',(-11.2484605895923,1.02564049401782,-32.23));
#12603=CARTESIAN_POINT('',(-10.437301014247,-0.132815436661315,-32.5587181803823));
#12604=CARTESIAN_POINT('',(-10.437301014247,-0.132815436661316,-32.23));
#12605=CARTESIAN_POINT('Origin',(-11.4221087672592,0.0408327410056115,-32.5587181803823));
#12606=CARTESIAN_POINT('Origin',(-11.4843674436321,-0.312253758421224,-33.5437806774253));
#12607=CARTESIAN_POINT('',(-10.4995596906199,-0.485901936088151,-33.5437806774253));
#12608=CARTESIAN_POINT('',(-11.3211915324656,0.613162819977101,-33.885800820751));
#12609=CARTESIAN_POINT('Origin',(-24.9901492935576,3.4486709730236,-32.23));
#12610=CARTESIAN_POINT('',(-24.0053415405454,3.27502279535667,-32.7350451610908));
#12611=CARTESIAN_POINT('',(-21.3085251793133,2.79950130885542,-32.7350451610908));
#12612=CARTESIAN_POINT('',(-24.0053415405454,3.27502279535667,-32.23));
#12613=CARTESIAN_POINT('Origin',(-21.4821733569802,1.81469355584321,-35.4825225805454));
#12614=CARTESIAN_POINT('',(-24.0983854614724,2.74734449817759,-34.2071946255942));
#12615=CARTESIAN_POINT('Origin',(-10.6146848006235,32.9255112062566,-33.8651744822686));
#12616=CARTESIAN_POINT('',(-10.6146848006235,31.4500000000005,-32.7350451610908));
#12617=CARTESIAN_POINT('',(-10.6146848006236,33.4500000000005,-38.23));
#12618=CARTESIAN_POINT('',(-10.6146848006235,31.9858185854707,-34.2071946255942));
#12619=CARTESIAN_POINT('Origin',(-10.6146848006236,33.4500000000005,-35.3061955998369));
#12620=CARTESIAN_POINT('Origin',(-10.6146848006235,32.4500000000005,-32.5587181803823));
#12621=CARTESIAN_POINT('Origin',(-10.6146848006235,32.4500000000005,-32.23));
#12622=CARTESIAN_POINT('',(-10.6146848006235,31.4500000000005,-32.23));
#12623=CARTESIAN_POINT('Origin',(-11.5862089892019,32.4500000000005,-35.4825225805454));
#12624=CARTESIAN_POINT('',(-16.5007815549368,31.4500000000004,-32.7350451610908));
#12625=CARTESIAN_POINT('',(-11.5862089892018,31.4500000000005,-32.7350451610908));
#12626=CARTESIAN_POINT('',(-16.5007815549368,33.4500000000004,-38.23));
#12627=CARTESIAN_POINT('',(-16.5007815549368,31.8688408070301,-33.885800820751));
#12628=CARTESIAN_POINT('',(-24.5292573663585,33.4500000000003,-38.23));
#12629=CARTESIAN_POINT('Origin',(-9.61468480062353,31.4500000000005,-32.23));
#12630=CARTESIAN_POINT('',(-16.5007815549368,31.4500000000004,-32.23));
#12631=CARTESIAN_POINT('Origin',(0.567421427707009,11.6446474678333,-33.8651744822686));
#12632=CARTESIAN_POINT('',(-0.885673447870395,11.3884276357398,-32.7350451610908));
#12633=CARTESIAN_POINT('',(1.08394205815403,11.7357239910736,-38.23));
#12634=CARTESIAN_POINT('',(-0.357995150691315,11.4814715566667,-34.2071946255942));
#12635=CARTESIAN_POINT('Origin',(1.08394205815404,11.7357239910736,-35.3061955998369));
#12636=CARTESIAN_POINT('Origin',(0.0991343051418084,11.5620758134067,-32.5587181803823));
#12637=CARTESIAN_POINT('Origin',(0.0991343051418146,11.5620758134067,-32.23));
#12638=CARTESIAN_POINT('',(-0.885673447870395,11.3884276357398,-32.23));
#12639=CARTESIAN_POINT('Origin',(-0.411378942896313,14.4573403156794,-35.4825225805454));
#12640=CARTESIAN_POINT('',(-3.27502279535675,24.9391011508552,-32.7350451610908));
#12641=CARTESIAN_POINT('',(-1.39618669590852,14.2836921380125,-32.7350451610908));
#12642=CARTESIAN_POINT('',(-1.30540728933232,25.286397506189,-38.23));
#12643=CARTESIAN_POINT('',(-2.86254512131603,25.0118320937284,-33.885800820751));
#12644=CARTESIAN_POINT('',(-1.05536630779458,23.8683446334346,-38.23));
#12645=CARTESIAN_POINT('Origin',(-0.712025270203472,10.4036198827276,-32.23));
#12646=CARTESIAN_POINT('',(-3.27502279535675,24.9391011508552,-32.23));
#12647=CARTESIAN_POINT('Origin',(-1.93712854291771,25.1750080048949,-33.5437806774253));
#12648=CARTESIAN_POINT('',(-2.46386322001147,26.0975570815343,-32.5587181803823));
#12649=CARTESIAN_POINT('',(-1.47905546699925,26.2712052592012,-35.3061955998369));
#12650=CARTESIAN_POINT('',(-2.11077672058463,26.1598157579071,-33.5437806774253));
#12651=CARTESIAN_POINT('Origin',(-1.30540728933232,25.286397506189,-35.3061955998369));
#12652=CARTESIAN_POINT('Origin',(-2.29021504234455,25.1127493285221,-32.5587181803823));
#12653=CARTESIAN_POINT('Origin',(-2.29021504234454,25.1127493285221,-32.23));
#12654=CARTESIAN_POINT('',(-2.46386322001147,26.0975570815343,-32.23));
#12655=CARTESIAN_POINT('Origin',(-16.5007815549368,32.808533427816,-33.5437806774253));
#12656=CARTESIAN_POINT('',(-17.5007815549368,32.4500000000004,-32.5587181803823));
#12657=CARTESIAN_POINT('',(-17.5007815549368,33.4500000000004,-35.3061955998369));
#12658=CARTESIAN_POINT('',(-17.5007815549368,32.808533427816,-33.5437806774253));
#12659=CARTESIAN_POINT('Origin',(-16.5007815549368,33.4500000000004,-35.3061955998369));
#12660=CARTESIAN_POINT('Origin',(-16.5007815549368,32.4500000000004,-32.5587181803823));
#12661=CARTESIAN_POINT('Origin',(-16.5007815549368,32.4500000000004,-32.23));
#12662=CARTESIAN_POINT('',(-17.5007815549368,32.4500000000004,-32.23));
#12663=CARTESIAN_POINT('Origin',(-32.2918689079281,2.64146657218437,-33.5437806774253));
#12664=CARTESIAN_POINT('',(-31.2918689079281,2.99999999999996,-32.5587181803823));
#12665=CARTESIAN_POINT('',(-31.2918689079281,1.99999999999997,-35.3061955998369));
#12666=CARTESIAN_POINT('',(-31.2918689079281,2.64146657218437,-33.5437806774253));
#12667=CARTESIAN_POINT('',(-32.2918689079281,1.99999999999997,-38.23));
#12668=CARTESIAN_POINT('Origin',(-32.2918689079281,1.99999999999997,-35.3061955998369));
#12669=CARTESIAN_POINT('',(-32.2918689079281,3.99999999999996,-32.7350451610908));
#12670=CARTESIAN_POINT('',(-32.2918689079281,3.58115919297028,-33.885800820751));
#12671=CARTESIAN_POINT('Origin',(-32.2918689079281,2.99999999999996,-32.5587181803823));
#12672=CARTESIAN_POINT('Origin',(-32.2918689079281,2.99999999999996,-32.23));
#12673=CARTESIAN_POINT('',(-32.2918689079281,3.99999999999996,-32.23));
#12674=CARTESIAN_POINT('',(-31.2918689079281,2.99999999999996,-32.23));
#12675=CARTESIAN_POINT('Origin',(-37.2234933832293,3.99999999999996,-32.23));
#12676=CARTESIAN_POINT('',(-36.2234933832293,3.99999999999996,-32.7350451610908));
#12677=CARTESIAN_POINT('',(-35.740587264404,3.99999999999996,-32.7350451610908));
#12678=CARTESIAN_POINT('',(-36.2234933832293,3.99999999999996,-32.23));
#12679=CARTESIAN_POINT('Origin',(-35.740587264404,2.99999999999996,-35.4825225805454));
#12680=CARTESIAN_POINT('',(-36.2234933832293,1.99999999999997,-38.23));
#12681=CARTESIAN_POINT('',(-33.634498977642,1.99999999999997,-38.23));
#12682=CARTESIAN_POINT('',(-36.2234933832293,3.46418141452977,-34.2071946255942));
#12683=CARTESIAN_POINT('Origin',(-36.2234933832293,2.52448879374386,-33.8651744822686));
#12684=CARTESIAN_POINT('Origin',(-36.2234933832293,1.99999999999996,-35.3061955998369));
#12685=CARTESIAN_POINT('Origin',(-36.2234933832293,2.99999999999996,-32.5587181803823));
#12686=CARTESIAN_POINT('Origin',(-36.2234933832293,2.99999999999996,-32.23));
#12687=CARTESIAN_POINT('Origin',(-24.2615613726389,1.82192791977927,-33.8651744822686));
#12688=CARTESIAN_POINT('Origin',(-24.1789897182124,2.29021504234446,-32.5587181803823));
#12689=CARTESIAN_POINT('Origin',(-24.1789897182124,2.29021504234446,-32.23));
#12690=CARTESIAN_POINT('Origin',(-47.4755112062562,27.897545169734,-33.8651744822685));
#12691=CARTESIAN_POINT('',(-46.,27.897545169734,-32.7350451610907));
#12692=CARTESIAN_POINT('',(-48.,27.897545169734,-38.23));
#12693=CARTESIAN_POINT('',(-46.5358185854702,27.897545169734,-34.2071946255942));
#12694=CARTESIAN_POINT('Origin',(-48.,27.897545169734,-35.3061955998368));
#12695=CARTESIAN_POINT('Origin',(-47.,27.897545169734,-32.5587181803822));
#12696=CARTESIAN_POINT('Origin',(-47.,27.897545169734,-32.23));
#12697=CARTESIAN_POINT('',(-46.,27.897545169734,-32.23));
#12698=CARTESIAN_POINT('Origin',(-47.0000000000001,25.9465551048871,-35.4825225805454));
#12699=CARTESIAN_POINT('',(-46.,18.0935849103464,-32.7350451610907));
#12700=CARTESIAN_POINT('',(-46.,25.9465551048871,-32.7350451610907));
#12701=CARTESIAN_POINT('',(-48.,18.0935849103464,-38.23));
#12702=CARTESIAN_POINT('',(-46.4188408070297,18.0935849103464,-33.885800820751));
#12703=CARTESIAN_POINT('',(-48.,15.3452392562035,-38.23));
#12704=CARTESIAN_POINT('Origin',(-46.,28.897545169734,-32.23));
#12705=CARTESIAN_POINT('',(-46.,18.0935849103464,-32.23));
#12706=CARTESIAN_POINT('Origin',(-47.,18.0935849103464,-32.23));
#12707=CARTESIAN_POINT('',(-47.,17.0935849103464,-32.5587181803822));
#12708=CARTESIAN_POINT('',(-47.,17.0935849103464,-32.23));
#12709=CARTESIAN_POINT('Origin',(-47.,18.0935849103464,-32.5587181803822));
#12710=CARTESIAN_POINT('Origin',(-47.3585334278156,18.0935849103464,-33.5437806774253));
#12711=CARTESIAN_POINT('',(-48.,17.0935849103464,-35.3061955998368));
#12712=CARTESIAN_POINT('',(-47.3585334278156,17.0935849103464,-33.5437806774253));
#12713=CARTESIAN_POINT('Origin',(-48.,18.0935849103464,-35.3061955998368));
#12714=CARTESIAN_POINT('Origin',(-46.,17.0935849103464,-32.23));
#12715=CARTESIAN_POINT('',(-48.,17.0935849103464,-34.23));
#12716=CARTESIAN_POINT('',(-48.,17.0935849103464,-32.23));
#12717=CARTESIAN_POINT('',(-48.,17.0935849103464,-46.1156533852995));
#12718=CARTESIAN_POINT('Origin',(-17.5007815549368,31.4500000000004,-32.23));
#12719=CARTESIAN_POINT('',(-17.5007815549368,33.4500000000004,-34.23));
#12720=CARTESIAN_POINT('',(-17.5007815549368,33.4500000000004,-32.23));
#12721=CARTESIAN_POINT('',(-17.5007815549368,33.4500000000004,-46.1156533852995));
#12722=CARTESIAN_POINT('Origin',(-31.2918689079281,3.99999999999996,-32.23));
#12723=CARTESIAN_POINT('',(-31.2918689079281,1.99999999999996,-34.23));
#12724=CARTESIAN_POINT('',(-31.2918689079281,1.99999999999996,-32.23));
#12725=CARTESIAN_POINT('',(-31.2918689079281,1.99999999999997,-46.1156533852995));
#12726=CARTESIAN_POINT('Origin',(-10.2636528365801,0.851992316350894,-32.23));
#12727=CARTESIAN_POINT('',(-10.610949191914,-1.11762318967352,-32.23));
#12728=CARTESIAN_POINT('Origin',(-3.44867097302368,25.9239089038674,-32.23));
#12729=CARTESIAN_POINT('',(-1.47905546699926,26.2712052592012,-34.23));
#12730=CARTESIAN_POINT('',(-1.47905546699926,26.2712052592012,-32.23));
#12731=CARTESIAN_POINT('',(-1.47905546699925,26.2712052592012,-46.1156533852995));
#12732=CARTESIAN_POINT('Origin',(-10.610949191914,-1.11762318967352,-32.23));
#12733=CARTESIAN_POINT('',(-16.7244837505719,-0.0396420994885327,-34.23));
#12734=CARTESIAN_POINT('Origin',(-1.47905546699926,26.2712052592012,-32.23));
#12735=CARTESIAN_POINT('',(-1.23542719579998,24.8895206740038,-34.23));
#12736=CARTESIAN_POINT('Origin',(-31.2918689079281,1.99999999999996,-32.23));
#12737=CARTESIAN_POINT('',(-25.7201015799321,1.99999999999996,-34.23));
#12738=CARTESIAN_POINT('Origin',(-17.5007815549368,33.4500000000004,-32.23));
#12739=CARTESIAN_POINT('',(-29.3245579034366,33.4500000000002,-34.23));
#12740=CARTESIAN_POINT('Origin',(-48.,17.0935849103464,-32.23));
#12741=CARTESIAN_POINT('',(-48.,12.1248373741433,-34.23));
#12742=CARTESIAN_POINT('Origin',(-15.2320969252837,41.4500000000005,-34.23));
#12743=CARTESIAN_POINT('',(-9.4965581002561,39.6882978723407,-37.23));
#12744=CARTESIAN_POINT('Origin',(-15.2320969252837,41.4500000000005,-37.23));
#12745=CARTESIAN_POINT('',(-9.4965581002561,39.6882978723407,-34.23));
#12746=CARTESIAN_POINT('Origin',(-15.2320969252837,41.4500000000005,-34.23));
#12747=CARTESIAN_POINT('',(-9.4965581002561,39.6882978723407,-34.23));
#12748=CARTESIAN_POINT('Origin',(-33.6365884596962,42.7653492643507,-60.0013067705989));
#12749=CARTESIAN_POINT('',(-40.6347459690784,40.0679817562277,-37.23));
#12750=CARTESIAN_POINT('Origin',(-33.6365884596962,42.7653492643507,-37.23));
#12751=CARTESIAN_POINT('',(-40.6347459690784,40.0679817562277,-34.23));
#12752=CARTESIAN_POINT('',(-40.6347459690784,40.0679817562277,-60.0013067705989));
#12753=CARTESIAN_POINT('Origin',(-33.6365884596962,42.7653492643507,-34.23));
#12754=CARTESIAN_POINT('Origin',(-41.0084237355535,36.665366674551,-60.0013067705989));
#12755=CARTESIAN_POINT('',(-41.0084237355535,36.665366674551,-37.23));
#12756=CARTESIAN_POINT('',(-43.2151329331798,37.1344171942041,-37.23));
#12757=CARTESIAN_POINT('',(-41.0084237355535,36.665366674551,-60.0013067705989));
#12758=CARTESIAN_POINT('Origin',(-4.00000005960467,38.,-34.23));
#12759=CARTESIAN_POINT('',(-2.20000005960467,38.,-37.23));
#12760=CARTESIAN_POINT('Origin',(-4.00000005960467,38.,-37.23));
#12761=CARTESIAN_POINT('',(-2.20000005960467,38.,-34.23));
#12762=CARTESIAN_POINT('',(-2.20000005960467,38.,-34.23));
#12763=CARTESIAN_POINT('Origin',(-4.00000005960467,38.,-34.23));
#12764=CARTESIAN_POINT('Origin',(-4.00000005960467,38.,-34.23));
#12765=CARTESIAN_POINT('',(-3.94129173741931E-14,42.1306778527456,-34.23));
#12766=CARTESIAN_POINT('Origin',(-4.00000005960467,38.,-34.23));
#12767=CARTESIAN_POINT('',(-3.94129173741931E-14,42.1306778527456,-37.23));
#12768=CARTESIAN_POINT('',(-3.94129173741931E-14,42.1306778527456,-34.23));
#12769=CARTESIAN_POINT('Origin',(-4.00000005960467,38.,-37.23));
#12770=CARTESIAN_POINT('Origin',(-4.87500002980235,39.,-37.23));
#12771=CARTESIAN_POINT('',(-3.41393580072236E-14,35.4500000000006,-37.23));
#12772=CARTESIAN_POINT('',(-3.40841007471835E-14,35.4500000000006,-37.23));
#12773=CARTESIAN_POINT('',(-1.25045464263063,35.4500000000006,-37.23));
#12774=CARTESIAN_POINT('',(-11.8652465546463,35.4500000000005,-37.23));
#12775=CARTESIAN_POINT('Origin',(-4.00000005960467,38.,-37.23));
#12776=CARTESIAN_POINT('Origin',(-4.00000005960467,38.,-34.23));
#12777=CARTESIAN_POINT('',(-1.25045464263063,35.4500000000006,-34.23));
#12778=CARTESIAN_POINT('Origin',(-46.0000000596047,38.,-34.23));
#12779=CARTESIAN_POINT('',(-44.2000000596047,38.,-37.23));
#12780=CARTESIAN_POINT('Origin',(-46.0000000596047,38.,-37.23));
#12781=CARTESIAN_POINT('',(-44.2000000596047,38.,-34.23));
#12782=CARTESIAN_POINT('',(-44.2000000596047,38.,-34.23));
#12783=CARTESIAN_POINT('Origin',(-46.0000000596047,38.,-34.23));
#12784=CARTESIAN_POINT('Origin',(-46.0000000596047,37.9999999999999,-34.23));
#12785=CARTESIAN_POINT('',(-50.,42.1306779681835,-37.23));
#12786=CARTESIAN_POINT('Origin',(-46.0000000596047,37.9999999999999,-37.23));
#12787=CARTESIAN_POINT('',(-50.,42.1306779681835,-34.23));
#12788=CARTESIAN_POINT('',(-50.,42.1306779681835,-34.23));
#12789=CARTESIAN_POINT('Origin',(-46.0000000596047,37.9999999999999,-34.23));
#12790=CARTESIAN_POINT('Origin',(-45.1250000298024,39.,-37.23));
#12791=CARTESIAN_POINT('',(-49.5044620563455,36.665366674551,-37.23));
#12792=CARTESIAN_POINT('',(-42.4955380628638,36.665366674551,-37.23));
#12793=CARTESIAN_POINT('Origin',(-46.0000000596047,38.,-37.23));
#12794=CARTESIAN_POINT('',(-50.,36.665366674551,-37.23));
#12795=CARTESIAN_POINT('',(-47.5625000149012,36.665366674551,-37.23));
#12796=CARTESIAN_POINT('',(-50.,36.665366674551,-37.23));
#12797=CARTESIAN_POINT('',(-47.5625000149012,36.665366674551,-37.23));
#12798=CARTESIAN_POINT('Origin',(-50.,36.665366674551,-60.0013067705989));
#12799=CARTESIAN_POINT('',(-49.5044620563456,36.665366674551,-34.23));
#12800=CARTESIAN_POINT('',(-50.,36.665366674551,-60.0013067705989));
#12801=CARTESIAN_POINT('Origin',(-43.0312231944259,6.96877735391196,-62.0013067705989));
#12802=CARTESIAN_POINT('',(-46.7812231944259,6.96877735391196,-35.7303067705989));
#12803=CARTESIAN_POINT('',(-46.7812231944259,6.96877735391196,-62.0013067705989));
#12804=CARTESIAN_POINT('Origin',(-43.0312231944259,6.96877735391196,-35.7303067705989));
#12805=CARTESIAN_POINT('Origin',(-43.0312231944259,6.96877735391196,-35.7303067705989));
#12806=CARTESIAN_POINT('',(-41.2312231944259,6.96877735391198,-35.7303067705989));
#12807=CARTESIAN_POINT('Origin',(-43.0312231944259,6.96877735391198,-35.7303067705989));
#12808=CARTESIAN_POINT('Origin',(-47.25,10.0935849103464,-60.0013067705989));
#12809=CARTESIAN_POINT('',(-48.,10.0935849103464,-34.23));
#12810=CARTESIAN_POINT('',(-48.,10.0935849103464,-60.0013067705989));
#12811=CARTESIAN_POINT('',(-46.6473175992037,9.64718383085581,-34.23));
#12812=CARTESIAN_POINT('Origin',(-47.25,10.0935849103464,-34.23));
#12813=CARTESIAN_POINT('',(-46.6473175992037,9.64718383085581,-60.0013067705989));
#12814=CARTESIAN_POINT('Origin',(-43.0312231944259,6.96877735391197,-60.0013067705989));
#12815=CARTESIAN_POINT('',(-39.915807894356,3.72159588252941,-34.23));
#12816=CARTESIAN_POINT('Origin',(-43.0312231944259,6.96877735391197,-34.23));
#12817=CARTESIAN_POINT('',(-39.915807894356,3.72159588252941,-60.0013067705989));
#12818=CARTESIAN_POINT('Origin',(-39.2234933832293,2.99999999999996,-60.0013067705989));
#12819=CARTESIAN_POINT('',(-39.2234933832293,1.99999999999996,-34.23));
#12820=CARTESIAN_POINT('Origin',(-39.2234933832293,2.99999999999996,-34.23));
#12821=CARTESIAN_POINT('',(-39.2234933832293,1.99999999999997,-60.0013067705989));
#12822=CARTESIAN_POINT('Origin',(-33.0113168097052,1.99999999999997,-60.0013067705989));
#12823=CARTESIAN_POINT('',(-25.7201015799321,1.99999999999996,-34.23));
#12824=CARTESIAN_POINT('',(-25.7201015799321,1.99999999999996,-34.23));
#12825=CARTESIAN_POINT('',(-31.5113168097052,1.99999999999996,-44.0013067705989));
#12826=CARTESIAN_POINT('',(-33.0113168097052,1.99999999999996,-44.0013067705989));
#12827=CARTESIAN_POINT('',(-36.4505925054853,1.99999999999996,-44.0013067705989));
#12828=CARTESIAN_POINT('Origin',(-46.0000000596047,38.,-34.23));
#12829=CARTESIAN_POINT('',(-42.4955380628638,36.665366674551,-34.23));
#12830=CARTESIAN_POINT('Origin',(-50.,36.665366674551,-60.0013067705989));
#12831=CARTESIAN_POINT('Origin',(-18.8554930794902,35.4500000000005,-60.0013067705989));
#12832=CARTESIAN_POINT('',(-2.2204206601312E-14,35.4500000000006,-60.0013067705989));
#12833=CARTESIAN_POINT('Origin',(-9.11468480062347,27.7000000000005,-34.23));
#12834=CARTESIAN_POINT('',(-6.55734243011407,32.8500000000003,-34.23));
#12835=CARTESIAN_POINT('',(-6.55734243011407,32.8500000000003,-34.23));
#12836=CARTESIAN_POINT('',(-9.11468480062356,33.4500000000005,-34.23));
#12837=CARTESIAN_POINT('Origin',(-9.11468480062347,27.7000000000005,-34.23));
#12838=CARTESIAN_POINT('',(-9.11468480062356,33.4500000000005,-34.23));
#12839=CARTESIAN_POINT('Origin',(-4.00000005960467,38.,-34.23));
#12840=CARTESIAN_POINT('',(-4.00000001538186,32.25,-34.23));
#12841=CARTESIAN_POINT('',(-4.00000001538186,32.25,-34.23));
#12842=CARTESIAN_POINT('Origin',(-4.00000005960467,38.,-34.23));
#12843=CARTESIAN_POINT('Origin',(-4.00000000000002,30.25,-34.23));
#12844=CARTESIAN_POINT('',(-2.00000000000003,30.25,-34.23));
#12845=CARTESIAN_POINT('',(-2.00000000000002,30.25,-34.23));
#12846=CARTESIAN_POINT('Origin',(-4.00000000000002,30.25,-34.23));
#12847=CARTESIAN_POINT('Origin',(-23.1483342519361,16.5547612759198,-44.0013067705989));
#12848=CARTESIAN_POINT('',(-31.5113168097052,-2.66453525910038E-14,-44.0013067705989));
#12849=CARTESIAN_POINT('',(-31.5113168097052,6.51999999999999,-44.0013067705989));
#12850=CARTESIAN_POINT('',(-19.5113168097052,-1.57910146420448,-44.0013067705989));
#12851=CARTESIAN_POINT('',(-19.5113168097052,-1.57910146420448,-44.0013067705989));
#12852=CARTESIAN_POINT('',(-28.4668462349796,-3.36869963062391E-14,-44.0013067705989));
#12853=CARTESIAN_POINT('',(-19.5113168097052,-1.57910146420449,-44.0013067705989));
#12854=CARTESIAN_POINT('',(-43.1335136523794,-5.21804821573824E-14,-44.0013067705989));
#12855=CARTESIAN_POINT('Origin',(-23.1483342519361,16.5547612759198,-34.23));
#12856=CARTESIAN_POINT('',(-50.,6.86648634762054,-34.23));
#12857=CARTESIAN_POINT('',(-50.,26.6100639752354,-34.23));
#12858=CARTESIAN_POINT('',(-43.1335136523794,-5.21804821573824E-14,-34.23));
#12859=CARTESIAN_POINT('',(-45.7091522950588,2.5756386426794,-34.23));
#12860=CARTESIAN_POINT('',(-28.4668462349796,-3.36869963062391E-14,-34.23));
#12861=CARTESIAN_POINT('',(-33.1409239521578,-4.10782519111308E-14,-34.23));
#12862=CARTESIAN_POINT('',(-8.56774660228957,-3.50874815704919,-34.23));
#12863=CARTESIAN_POINT('',(-27.30329207929,-0.205165991163576,-34.23));
#12864=CARTESIAN_POINT('',(-5.83740622984771,-2.64787514439087,-34.23));
#12865=CARTESIAN_POINT('Origin',(-8.02943725152286,-0.455844122715723,-34.23));
#12866=CARTESIAN_POINT('',(2.82465183968738,6.01418292514424,-34.23));
#12867=CARTESIAN_POINT('',(-5.36447913029212,-2.17494804483529,-34.23));
#12868=CARTESIAN_POINT('',(3.65775475516436,8.65644780170467,-34.23));
#12869=CARTESIAN_POINT('Origin',(0.703331496127742,8.13550326870388,-34.23));
#12870=CARTESIAN_POINT('',(-2.83106871279415E-14,29.400605845289,-34.23));
#12871=CARTESIAN_POINT('',(2.57825793479437,14.7785784934042,-34.23));
#12872=CARTESIAN_POINT('',(-3.40841007471835E-14,35.4500000000006,-34.23));
#12873=CARTESIAN_POINT('',(-21.0000000000001,34.4500000000003,-34.23));
#12874=CARTESIAN_POINT('',(-24.237197808099,32.9404698711211,-34.23));
#12875=CARTESIAN_POINT('',(-29.0000000000001,34.4500000000003,-34.23));
#12876=CARTESIAN_POINT('',(-22.0741671259681,34.4500000000003,-34.23));
#12877=CARTESIAN_POINT('',(-23.1696019575461,31.7312407427121,-34.23));
#12878=CARTESIAN_POINT('',(-41.2312231944259,6.96877735391197,-34.23));
#12879=CARTESIAN_POINT('Origin',(-43.0312231944259,6.96877735391197,-34.23));
#12880=CARTESIAN_POINT('',(-46.8750000099342,33.331287641445,-34.23));
#12881=CARTESIAN_POINT('',(-43.1007004735004,34.2374793143404,-34.23));
#12882=CARTESIAN_POINT('Origin',(-46.0000000596047,37.9999999999999,-34.23));
#12883=CARTESIAN_POINT('',(-42.1750259838466,34.665366674551,-34.23));
#12884=CARTESIAN_POINT('Origin',(-41.6968290949657,32.4156271928632,-34.23));
#12885=CARTESIAN_POINT('',(-41.2186322060848,34.665366674551,-34.23));
#12886=CARTESIAN_POINT('',(-32.6616801178914,34.665366674551,-34.23));
#12887=CARTESIAN_POINT('',(-35.5007815549368,33.4500000000001,-34.23));
#12888=CARTESIAN_POINT('',(-30.7324863530049,32.4364675668497,-34.23));
#12889=CARTESIAN_POINT('',(-29.3245579034366,33.4500000000002,-34.23));
#12890=CARTESIAN_POINT('',(-29.3245579034366,33.4500000000002,-34.23));
#12891=CARTESIAN_POINT('',(-2.00000000000003,29.2256285182378,-34.23));
#12892=CARTESIAN_POINT('',(-2.00000000000003,25.0023806379602,-34.23));
#12893=CARTESIAN_POINT('',(-1.23542719579998,24.8895206740038,-34.23));
#12894=CARTESIAN_POINT('',(1.77853476882172,7.79649297902477,-34.23));
#12895=CARTESIAN_POINT('',(-1.23542719579998,24.8895206740038,-34.23));
#12896=CARTESIAN_POINT('',(-2.26361541214396,3.75434279805908,-34.23));
#12897=CARTESIAN_POINT('',(-48.,12.1248373741433,-34.23));
#12898=CARTESIAN_POINT('',(-48.,32.397545169734,-34.23));
#12899=CARTESIAN_POINT('',(-48.,12.1248373741433,-34.23));
#12900=CARTESIAN_POINT('Origin',(-47.05,32.397545169734,-34.23));
#12901=CARTESIAN_POINT('Origin',(-44.6093161030424,33.5565861812986,-44.0013067705989));
#12902=CARTESIAN_POINT('',(-19.5113168097052,6.51999999999998,-44.0013067705989));
#12903=CARTESIAN_POINT('',(-18.0113168097052,6.51999999999998,-44.0013067705989));
#12904=CARTESIAN_POINT('',(-19.5113168097052,-1.57910146420448,-44.0013067705989));
#12905=CARTESIAN_POINT('Origin',(-33.0113168097052,6.51999999999999,-60.0013067705989));
#12906=CARTESIAN_POINT('',(-33.0113168097052,6.51999999999998,-44.0013067705989));
#12907=CARTESIAN_POINT('',(-33.0113168097052,1.99999999999997,-44.0013067705989));
#12908=CARTESIAN_POINT('',(-33.0113168097052,6.51999999999999,-60.0013067705989));
#12909=CARTESIAN_POINT('Origin',(-31.5113168097052,6.51999999999999,-60.0013067705989));
#12910=CARTESIAN_POINT('',(-31.5113168097052,6.51999999999999,-44.0013067705989));
#12911=CARTESIAN_POINT('',(-33.0113168097052,6.51999999999998,-44.0013067705989));
#12912=CARTESIAN_POINT('',(-31.5113168097052,6.51999999999999,-60.0013067705989));
#12913=CARTESIAN_POINT('Origin',(-18.0113168097052,6.51999999999999,-60.0013067705989));
#12914=CARTESIAN_POINT('',(-19.5113168097052,6.51999999999999,-60.0013067705989));
#12915=CARTESIAN_POINT('Origin',(1.77853476882173,7.79649297902479,-60.0013067705989));
#12916=CARTESIAN_POINT('',(1.77853476882173,7.79649297902479,-60.0013067705989));
#12917=CARTESIAN_POINT('Origin',(-2.00000000000002,29.2256285182378,-60.0013067705989));
#12918=CARTESIAN_POINT('',(-2.00000000000002,29.2256285182378,-60.0013067705989));
#12919=CARTESIAN_POINT('Origin',(-2.00000000000002,33.4500000000006,-60.0013067705989));
#12920=CARTESIAN_POINT('Origin',(-35.5007815549368,33.4500000000001,-60.0013067705989));
#12921=CARTESIAN_POINT('',(-35.5007815549368,33.4500000000001,-60.0013067705989));
#12922=CARTESIAN_POINT('Origin',(-41.2186322060848,34.665366674551,-60.0013067705989));
#12923=CARTESIAN_POINT('',(-41.2186322060848,34.665366674551,-60.0013067705989));
#12924=CARTESIAN_POINT('Origin',(-42.1750259838466,34.665366674551,-60.0013067705989));
#12925=CARTESIAN_POINT('',(-42.1750259838466,34.665366674551,-60.0013067705989));
#12926=CARTESIAN_POINT('Origin',(-41.6968290949657,32.4156271928632,-60.0013067705989));
#12927=CARTESIAN_POINT('',(-43.1007004735004,34.2374793143405,-60.0013067705989));
#12928=CARTESIAN_POINT('Origin',(-46.0000000596047,38.,-60.0013067705989));
#12929=CARTESIAN_POINT('',(-46.8750000099341,33.331287641445,-60.0013067705989));
#12930=CARTESIAN_POINT('Origin',(-47.05,32.3975451697341,-60.0013067705989));
#12931=CARTESIAN_POINT('',(-48.,32.3975451697341,-60.0013067705989));
#12932=CARTESIAN_POINT('Origin',(-48.,7.69491347236676,-60.0013067705989));
#12933=CARTESIAN_POINT('Origin',(-44.6093161030424,33.5565861812986,-44.0013067705989));
#12934=CARTESIAN_POINT('',(-31.5113168097052,6.51999999999999,-44.0013067705989));
#12935=CARTESIAN_POINT('Origin',(-43.0312231944259,6.96877735391198,-60.0013067705989));
#12936=CARTESIAN_POINT('',(-41.2312231944259,6.96877735391198,-60.0013067705989));
#12937=CARTESIAN_POINT('Origin',(-1.60982338570648E-14,29.400605845289,
-60.0013067705989));
#12938=CARTESIAN_POINT('',(3.65775475516438,8.65644780170468,-60.0013067705989));
#12939=CARTESIAN_POINT('',(-1.69059447720445E-14,29.400605845289,-60.0013067705989));
#12940=CARTESIAN_POINT('Origin',(-2.2204206601312E-14,35.4500000000006,
-60.0013067705989));
#12941=CARTESIAN_POINT('Origin',(-21.0000000000001,34.4500000000003,-60.0013067705989));
#12942=CARTESIAN_POINT('',(-21.0000000000001,34.4500000000003,-60.0013067705989));
#12943=CARTESIAN_POINT('Origin',(-29.0000000000001,34.4500000000003,-60.0013067705989));
#12944=CARTESIAN_POINT('',(-29.0000000000001,34.4500000000003,-60.0013067705989));
#12945=CARTESIAN_POINT('Origin',(-31.1445069205092,35.4500000000001,-60.0013067705989));
#12946=CARTESIAN_POINT('Origin',(-50.,6.86648634762056,-60.0013067705989));
#12947=CARTESIAN_POINT('',(-50.,6.86648634762056,-60.0013067705989));
#12948=CARTESIAN_POINT('Origin',(-43.1335136523794,-3.83534744473393E-14,
-60.0013067705989));
#12949=CARTESIAN_POINT('',(-43.1335136523794,-3.83534744473393E-14,-60.0013067705989));
#12950=CARTESIAN_POINT('Origin',(-31.5113168097052,-2.42367544580237E-14,
-60.0013067705989));
#12951=CARTESIAN_POINT('',(-31.5113168097052,-2.42367544580237E-14,-60.0013067705989));
#12952=CARTESIAN_POINT('',(-28.4668462349796,-3.36869963062391E-14,-44.0013067705989));
#12953=CARTESIAN_POINT('Origin',(-31.5113168097052,6.51999999999999,-60.0013067705989));
#12954=CARTESIAN_POINT('',(-31.5113168097052,6.51999999999999,-60.0013067705989));
#12955=CARTESIAN_POINT('Origin',(-19.5113168097052,6.51999999999999,-60.0013067705989));
#12956=CARTESIAN_POINT('',(-19.5113168097052,6.51999999999999,-60.0013067705989));
#12957=CARTESIAN_POINT('Origin',(-19.5113168097052,-1.57910146420447,-60.0013067705989));
#12958=CARTESIAN_POINT('',(-19.5113168097052,-1.57910146420447,-60.0013067705989));
#12959=CARTESIAN_POINT('Origin',(-8.56774660228955,-3.50874815704917,-60.0013067705989));
#12960=CARTESIAN_POINT('',(-8.56774660228955,-3.50874815704917,-60.0013067705989));
#12961=CARTESIAN_POINT('Origin',(-8.02943725152285,-0.45584412271571,-60.0013067705989));
#12962=CARTESIAN_POINT('',(-5.8374062298477,-2.64787514439086,-60.0013067705989));
#12963=CARTESIAN_POINT('Origin',(2.8246518396874,6.01418292514426,-60.0013067705989));
#12964=CARTESIAN_POINT('',(2.8246518396874,6.01418292514426,-60.0013067705989));
#12965=CARTESIAN_POINT('Origin',(0.703331496127754,8.13550326870389,-60.0013067705989));
#12966=UNCERTAINTY_MEASURE_WITH_UNIT(LENGTH_MEASURE(0.01),#12970,
'DISTANCE_ACCURACY_VALUE',
'Maximum model space distance between geometric entities at asserted c
onnectivities');
#12967=UNCERTAINTY_MEASURE_WITH_UNIT(LENGTH_MEASURE(0.01),#12970,
'DISTANCE_ACCURACY_VALUE',
'Maximum model space distance between geometric entities at asserted c
onnectivities');
#12968=(
GEOMETRIC_REPRESENTATION_CONTEXT(3)
GLOBAL_UNCERTAINTY_ASSIGNED_CONTEXT((#12966))
GLOBAL_UNIT_ASSIGNED_CONTEXT((#12970,#12972,#12973))
REPRESENTATION_CONTEXT('','3D')
);
#12969=(
GEOMETRIC_REPRESENTATION_CONTEXT(3)
GLOBAL_UNCERTAINTY_ASSIGNED_CONTEXT((#12967))
GLOBAL_UNIT_ASSIGNED_CONTEXT((#12970,#12972,#12973))
REPRESENTATION_CONTEXT('','3D')
);
#12970=(
LENGTH_UNIT()
NAMED_UNIT(*)
SI_UNIT(.MILLI.,.METRE.)
);
#12971=(
LENGTH_UNIT()
NAMED_UNIT(*)
SI_UNIT($,.METRE.)
);
#12972=(
NAMED_UNIT(*)
PLANE_ANGLE_UNIT()
SI_UNIT($,.RADIAN.)
);
#12973=(
NAMED_UNIT(*)
SI_UNIT($,.STERADIAN.)
SOLID_ANGLE_UNIT()
);
#12974=SHAPE_DEFINITION_REPRESENTATION(#12975,#12976);
#12975=PRODUCT_DEFINITION_SHAPE('',$,#12978);
#12976=SHAPE_REPRESENTATION('',(#6846),#12968);
#12977=PRODUCT_DEFINITION_CONTEXT('part definition',#12982,'design');
#12978=PRODUCT_DEFINITION('Deckel Teil 2','Deckel Teil 2 v47',#12979,#12977);
#12979=PRODUCT_DEFINITION_FORMATION('',$,#12984);
#12980=PRODUCT_RELATED_PRODUCT_CATEGORY('Deckel Teil 2 v47',
'Deckel Teil 2 v47',(#12984));
#12981=APPLICATION_PROTOCOL_DEFINITION('international standard',
'automotive_design',2009,#12982);
#12982=APPLICATION_CONTEXT(
'Core Data for Automotive Mechanical Design Process');
#12983=PRODUCT_CONTEXT('part definition',#12982,'mechanical');
#12984=PRODUCT('Deckel Teil 2','Deckel Teil 2 v47',$,(#12983));
#12985=PRESENTATION_STYLE_ASSIGNMENT((#12986));
#12986=SURFACE_STYLE_USAGE(.BOTH.,#12987);
#12987=SURFACE_SIDE_STYLE('',(#12988));
#12988=SURFACE_STYLE_FILL_AREA(#12989);
#12989=FILL_AREA_STYLE('Stahl - satiniert',(#12990));
#12990=FILL_AREA_STYLE_COLOUR('Stahl - satiniert',#12991);
#12991=COLOUR_RGB('Stahl - satiniert',0.627450980392157,0.627450980392157,
0.627450980392157);
ENDSEC;
END-ISO-10303-21;
