ISO-10303-21;
HEADER;
/* Generated by software containing ST-Developer
 * from STEP Tools, Inc. (www.steptools.com) 
 */

FILE_DESCRIPTION(
/* description */ (''),
/* implementation_level */ '2;1');

FILE_NAME(
/* name */ 'Drehknopf.step',
/* time_stamp */ '2026-10-02T07:23:35+02:00',
/* author */ (''),
/* organization */ (''),
/* preprocessor_version */ 'ST-DEVELOPER v20.2',
/* originating_system */ 'Autodesk Translation Framework v15.15.0.0',
/* authorisation */ '');

FILE_SCHEMA (('AUTOMOTIVE_DESIGN { 1 0 10303 214 3 1 1 }'));
ENDSEC;

DATA;
#10=MECHANICAL_DESIGN_GEOMETRIC_PRESENTATION_REPRESENTATION('',(#13),#7073);
#11=SHAPE_REPRESENTATION_RELATIONSHIP('SRR','None',#7080,#12);
#12=ADVANCED_BREP_SHAPE_REPRESENTATION('',(#14),#7072);
#13=STYLED_ITEM('',(#7089),#14);
#14=MANIFOLD_SOLID_BREP('K\X\F6rper1',#3025);
#15=B_SPLINE_SURFACE_WITH_KNOTS('',3,3,((#5376,#5377,#5378,#5379,#5380,
#5381,#5382,#5383),(#5384,#5385,#5386,#5387,#5388,#5389,#5390,#5391),(#5392,
#5393,#5394,#5395,#5396,#5397,#5398,#5399),(#5400,#5401,#5402,#5403,#5404,
#5405,#5406,#5407)),.UNSPECIFIED.,.F.,.F.,.F.,(4,4),(4,2,1,1,4),(0.,1.),
(-0.000119739060991129,0.,0.00340534133905332,0.00510801200857998,0.00851335334763329),
 .UNSPECIFIED.);
#16=B_SPLINE_SURFACE_WITH_KNOTS('',3,3,((#5424,#5425,#5426,#5427,#5428,
#5429,#5430,#5431),(#5432,#5433,#5434,#5435,#5436,#5437,#5438,#5439),(#5440,
#5441,#5442,#5443,#5444,#5445,#5446,#5447),(#5448,#5449,#5450,#5451,#5452,
#5453,#5454,#5455)),.UNSPECIFIED.,.F.,.F.,.F.,(4,4),(4,2,1,1,4),(0.,1.),
(-0.000119815968748101,0.,0.00340530814988659,0.00510796222482988,0.00851327037471646),
 .UNSPECIFIED.);
#17=B_SPLINE_SURFACE_WITH_KNOTS('',3,3,((#5472,#5473,#5474,#5475,#5476,
#5477,#5478,#5479),(#5480,#5481,#5482,#5483,#5484,#5485,#5486,#5487),(#5488,
#5489,#5490,#5491,#5492,#5493,#5494,#5495),(#5496,#5497,#5498,#5499,#5500,
#5501,#5502,#5503)),.UNSPECIFIED.,.F.,.F.,.F.,(4,4),(4,2,1,1,4),(0.,1.),
(-0.000119815968747799,0.,0.00510796222483003,0.00681061629977337,0.00851327037471671),
 .UNSPECIFIED.);
#18=B_SPLINE_SURFACE_WITH_KNOTS('',3,3,((#5519,#5520,#5521,#5522,#5523,
#5524,#5525,#5526),(#5527,#5528,#5529,#5530,#5531,#5532,#5533,#5534),(#5535,
#5536,#5537,#5538,#5539,#5540,#5541,#5542),(#5543,#5544,#5545,#5546,#5547,
#5548,#5549,#5550)),.UNSPECIFIED.,.F.,.F.,.F.,(4,4),(4,2,1,1,4),(0.,1.),
(-0.000119761329943319,0.,0.00510799756450064,0.00681066341933418,0.00851332927416773),
 .UNSPECIFIED.);
#19=B_SPLINE_SURFACE_WITH_KNOTS('',3,3,((#5573,#5574,#5575,#5576,#5577,
#5578,#5579,#5580),(#5581,#5582,#5583,#5584,#5585,#5586,#5587,#5588),(#5589,
#5590,#5591,#5592,#5593,#5594,#5595,#5596),(#5597,#5598,#5599,#5600,#5601,
#5602,#5603,#5604)),.UNSPECIFIED.,.F.,.F.,.F.,(4,4),(4,2,1,1,4),(0.,1.),
(-0.000119742369610908,0.,0.00340533990847207,0.0051080098627081,0.00851334977118017),
 .UNSPECIFIED.);
#20=B_SPLINE_SURFACE_WITH_KNOTS('',3,3,((#5620,#5621,#5622,#5623,#5624,
#5625,#5626,#5627),(#5628,#5629,#5630,#5631,#5632,#5633,#5634,#5635),(#5636,
#5637,#5638,#5639,#5640,#5641,#5642,#5643),(#5644,#5645,#5646,#5647,#5648,
#5649,#5650,#5651)),.UNSPECIFIED.,.F.,.F.,.F.,(4,4),(4,2,1,1,4),(0.,1.),
(-0.000119815968747884,0.,0.00510796222483006,0.00681061629977341,0.00851327037471676),
 .UNSPECIFIED.);
#21=B_SPLINE_SURFACE_WITH_KNOTS('',3,3,((#5674,#5675,#5676,#5677,#5678,
#5679,#5680,#5681),(#5682,#5683,#5684,#5685,#5686,#5687,#5688,#5689),(#5690,
#5691,#5692,#5693,#5694,#5695,#5696,#5697),(#5698,#5699,#5700,#5701,#5702,
#5703,#5704,#5705)),.UNSPECIFIED.,.F.,.F.,.F.,(4,4),(4,2,1,1,4),(0.,1.),
(-0.000119815968748281,0.,0.00340530814988654,0.0051079622248298,0.00851327037471634),
 .UNSPECIFIED.);
#22=B_SPLINE_SURFACE_WITH_KNOTS('',3,3,((#5721,#5722,#5723,#5724,#5725,
#5726,#5727,#5728),(#5729,#5730,#5731,#5732,#5733,#5734,#5735,#5736),(#5737,
#5738,#5739,#5740,#5741,#5742,#5743,#5744),(#5745,#5746,#5747,#5748,#5749,
#5750,#5751,#5752)),.UNSPECIFIED.,.F.,.F.,.F.,(4,4),(4,2,1,1,4),(0.,1.),
(-0.00011974471452094,0.,0.00340533889455669,0.00510800834183504,0.00851334723639173),
 .UNSPECIFIED.);
#23=B_SPLINE_SURFACE_WITH_KNOTS('',3,3,((#5775,#5776,#5777,#5778,#5779,
#5780,#5781,#5782),(#5783,#5784,#5785,#5786,#5787,#5788,#5789,#5790),(#5791,
#5792,#5793,#5794,#5795,#5796,#5797,#5798),(#5799,#5800,#5801,#5802,#5803,
#5804,#5805,#5806)),.UNSPECIFIED.,.F.,.F.,.F.,(4,4),(4,2,1,1,4),(0.,1.),
(-0.000119744714311212,0.,0.00510800834197108,0.00681067778929477,0.00851334723661847),
 .UNSPECIFIED.);
#24=B_SPLINE_SURFACE_WITH_KNOTS('',3,3,((#5822,#5823,#5824,#5825,#5826,
#5827,#5828,#5829),(#5830,#5831,#5832,#5833,#5834,#5835,#5836,#5837),(#5838,
#5839,#5840,#5841,#5842,#5843,#5844,#5845),(#5846,#5847,#5848,#5849,#5850,
#5851,#5852,#5853)),.UNSPECIFIED.,.F.,.F.,.F.,(4,4),(4,2,1,1,4),(0.,1.),
(-0.000119815968747856,0.,0.00340530814988671,0.00510796222483006,0.00851327037471677),
 .UNSPECIFIED.);
#25=B_SPLINE_SURFACE_WITH_KNOTS('',3,3,((#5876,#5877,#5878,#5879,#5880,
#5881,#5882,#5883),(#5884,#5885,#5886,#5887,#5888,#5889,#5890,#5891),(#5892,
#5893,#5894,#5895,#5896,#5897,#5898,#5899),(#5900,#5901,#5902,#5903,#5904,
#5905,#5906,#5907)),.UNSPECIFIED.,.F.,.F.,.F.,(4,4),(4,2,1,1,4),(0.,1.),
(-0.000119815968748523,0.,0.00340530814988644,0.00510796222482966,0.0085132703747161),
 .UNSPECIFIED.);
#26=B_SPLINE_SURFACE_WITH_KNOTS('',3,3,((#5923,#5924,#5925,#5926,#5927,
#5928,#5929,#5930),(#5931,#5932,#5933,#5934,#5935,#5936,#5937,#5938),(#5939,
#5940,#5941,#5942,#5943,#5944,#5945,#5946),(#5947,#5948,#5949,#5950,#5951,
#5952,#5953,#5954)),.UNSPECIFIED.,.F.,.F.,.F.,(4,4),(4,2,1,1,4),(0.,1.),
(-0.000119742369588238,0.,0.00340533990848193,0.00510800986272289,0.00851334977120482),
 .UNSPECIFIED.);
#27=B_SPLINE_SURFACE_WITH_KNOTS('',3,3,((#5977,#5978,#5979,#5980,#5981,
#5982,#5983,#5984),(#5985,#5986,#5987,#5988,#5989,#5990,#5991,#5992),(#5993,
#5994,#5995,#5996,#5997,#5998,#5999,#6000),(#6001,#6002,#6003,#6004,#6005,
#6006,#6007,#6008)),.UNSPECIFIED.,.F.,.F.,.F.,(4,4),(4,2,1,1,4),(0.,1.),
(-0.000119761323464361,0.,0.00340533171246875,0.00510799756870313,0.00851332928117188),
 .UNSPECIFIED.);
#28=B_SPLINE_SURFACE_WITH_KNOTS('',3,3,((#6024,#6025,#6026,#6027,#6028,
#6029,#6030,#6031),(#6032,#6033,#6034,#6035,#6036,#6037,#6038,#6039),(#6040,
#6041,#6042,#6043,#6044,#6045,#6046,#6047),(#6048,#6049,#6050,#6051,#6052,
#6053,#6054,#6055)),.UNSPECIFIED.,.F.,.F.,.F.,(4,4),(4,2,1,1,4),(0.,1.),
(-0.000119815968748042,0.,0.00510796222482989,0.00681061629977319,0.00851327037471649),
 .UNSPECIFIED.);
#29=B_SPLINE_SURFACE_WITH_KNOTS('',3,3,((#6078,#6079,#6080,#6081,#6082,
#6083,#6084,#6085),(#6086,#6087,#6088,#6089,#6090,#6091,#6092,#6093),(#6094,
#6095,#6096,#6097,#6098,#6099,#6100,#6101),(#6102,#6103,#6104,#6105,#6106,
#6107,#6108,#6109)),.UNSPECIFIED.,.F.,.F.,.F.,(4,4),(4,2,1,1,4),(0.,1.),
(-0.000119815966005611,0.,0.00340530815107974,0.0051079622266196,0.00851327037769934),
 .UNSPECIFIED.);
#30=B_SPLINE_SURFACE_WITH_KNOTS('',3,3,((#6125,#6126,#6127,#6128,#6129,
#6130,#6131,#6132),(#6133,#6134,#6135,#6136,#6137,#6138,#6139,#6140),(#6141,
#6142,#6143,#6144,#6145,#6146,#6147,#6148),(#6149,#6150,#6151,#6152,#6153,
#6154,#6155,#6156)),.UNSPECIFIED.,.F.,.F.,.F.,(4,4),(4,2,1,1,4),(0.,1.),
(-0.00011973906114803,0.,0.00340534133898547,0.0051080120084782,0.00851335334746367),
 .UNSPECIFIED.);
#31=B_SPLINE_SURFACE_WITH_KNOTS('',3,3,((#6179,#6180,#6181,#6182,#6183,
#6184,#6185,#6186),(#6187,#6188,#6189,#6190,#6191,#6192,#6193,#6194),(#6195,
#6196,#6197,#6198,#6199,#6200,#6201,#6202),(#6203,#6204,#6205,#6206,#6207,
#6208,#6209,#6210)),.UNSPECIFIED.,.F.,.F.,.F.,(4,4),(4,2,1,1,4),(0.,1.),
(-0.000119739052692272,0.,0.00510801201396231,0.00681068268528307,0.00851335335660384),
 .UNSPECIFIED.);
#32=B_SPLINE_SURFACE_WITH_KNOTS('',3,3,((#6226,#6227,#6228,#6229,#6230,
#6231,#6232,#6233),(#6234,#6235,#6236,#6237,#6238,#6239,#6240,#6241),(#6242,
#6243,#6244,#6245,#6246,#6247,#6248,#6249),(#6250,#6251,#6252,#6253,#6254,
#6255,#6256,#6257)),.UNSPECIFIED.,.F.,.F.,.F.,(4,4),(4,2,1,1,4),(0.,1.),
(-0.000119815968748047,0.,0.00340530814988663,0.00510796222482995,0.00851327037471658),
 .UNSPECIFIED.);
#33=B_SPLINE_SURFACE_WITH_KNOTS('',3,3,((#6280,#6281,#6282,#6283,#6284,
#6285,#6286,#6287),(#6288,#6289,#6290,#6291,#6292,#6293,#6294,#6295),(#6296,
#6297,#6298,#6299,#6300,#6301,#6302,#6303),(#6304,#6305,#6306,#6307,#6308,
#6309,#6310,#6311)),.UNSPECIFIED.,.F.,.F.,.F.,(4,4),(4,2,1,1,4),(0.,1.),
(-0.000119815968744539,0.,0.003405308149888,0.00510796222483201,0.00851327037472001),
 .UNSPECIFIED.);
#34=B_SPLINE_SURFACE_WITH_KNOTS('',3,3,((#6327,#6328,#6329,#6330,#6331,
#6332,#6333,#6334),(#6335,#6336,#6337,#6338,#6339,#6340,#6341,#6342),(#6343,
#6344,#6345,#6346,#6347,#6348,#6349,#6350),(#6351,#6352,#6353,#6354,#6355,
#6356,#6357,#6358)),.UNSPECIFIED.,.F.,.F.,.F.,(4,4),(4,2,1,1,4),(0.,1.),
(-0.000119761330138558,0.,0.0051079975643737,0.00681066341916494,0.00851332927395617),
 .UNSPECIFIED.);
#35=B_SPLINE_SURFACE_WITH_KNOTS('',3,3,((#6381,#6382,#6383,#6384,#6385,
#6386,#6387,#6388),(#6389,#6390,#6391,#6392,#6393,#6394,#6395,#6396),(#6397,
#6398,#6399,#6400,#6401,#6402,#6403,#6404),(#6405,#6406,#6407,#6408,#6409,
#6410,#6411,#6412)),.UNSPECIFIED.,.F.,.F.,.F.,(4,4),(4,2,1,1,4),(0.,1.),
(-0.00011974236963336,0.,0.00510800986269356,0.00681067981692475,0.00851334977115593),
 .UNSPECIFIED.);
#36=B_SPLINE_SURFACE_WITH_KNOTS('',3,3,((#6428,#6429,#6430,#6431,#6432,
#6433,#6434,#6435),(#6436,#6437,#6438,#6439,#6440,#6441,#6442,#6443),(#6444,
#6445,#6446,#6447,#6448,#6449,#6450,#6451),(#6452,#6453,#6454,#6455,#6456,
#6457,#6458,#6459)),.UNSPECIFIED.,.F.,.F.,.F.,(4,4),(4,2,1,1,4),(0.,1.),
(-0.000119815968748041,0.,0.00340530814988662,0.00510796222482993,0.00851327037471655),
 .UNSPECIFIED.);
#37=B_SPLINE_SURFACE_WITH_KNOTS('',3,3,((#6482,#6483,#6484,#6485,#6486,
#6487,#6488,#6489),(#6490,#6491,#6492,#6493,#6494,#6495,#6496,#6497),(#6498,
#6499,#6500,#6501,#6502,#6503,#6504,#6505),(#6506,#6507,#6508,#6509,#6510,
#6511,#6512,#6513)),.UNSPECIFIED.,.F.,.F.,.F.,(4,4),(4,2,1,1,4),(0.,1.),
(-0.00011981596874828,0.,0.00340530814988653,0.00510796222482979,0.00851327037471632),
 .UNSPECIFIED.);
#38=B_SPLINE_SURFACE_WITH_KNOTS('',3,3,((#6529,#6530,#6531,#6532,#6533,
#6534,#6535,#6536),(#6537,#6538,#6539,#6540,#6541,#6542,#6543,#6544),(#6545,
#6546,#6547,#6548,#6549,#6550,#6551,#6552),(#6553,#6554,#6555,#6556,#6557,
#6558,#6559,#6560)),.UNSPECIFIED.,.F.,.F.,.F.,(4,4),(4,2,1,1,4),(0.,1.),
(-0.000119744714730232,0.,0.00340533889446619,0.00510800834169929,0.00851334723616548),
 .UNSPECIFIED.);
#39=B_SPLINE_SURFACE_WITH_KNOTS('',3,3,((#6583,#6584,#6585,#6586,#6587,
#6588,#6589,#6590),(#6591,#6592,#6593,#6594,#6595,#6596,#6597,#6598),(#6599,
#6600,#6601,#6602,#6603,#6604,#6605,#6606),(#6607,#6608,#6609,#6610,#6611,
#6612,#6613,#6614)),.UNSPECIFIED.,.F.,.F.,.F.,(4,4),(4,2,1,1,4),(0.,1.),
(-0.000119744714100487,0.,0.00510800834210784,0.00681067778947712,0.0085133472368464),
 .UNSPECIFIED.);
#40=B_SPLINE_SURFACE_WITH_KNOTS('',3,3,((#6632,#6633,#6634,#6635,#6636,
#6637,#6638,#6639),(#6640,#6641,#6642,#6643,#6644,#6645,#6646,#6647),(#6648,
#6649,#6650,#6651,#6652,#6653,#6654,#6655),(#6656,#6657,#6658,#6659,#6660,
#6661,#6662,#6663)),.UNSPECIFIED.,.F.,.F.,.F.,(4,4),(4,2,1,1,4),(0.,1.),
(-0.000119815968748051,0.,0.00340530814988664,0.00510796222482996,0.00851327037471659),
 .UNSPECIFIED.);
#41=B_SPLINE_SURFACE_WITH_KNOTS('',3,3,((#6686,#6687,#6688,#6689,#6690,
#6691,#6692,#6693),(#6694,#6695,#6696,#6697,#6698,#6699,#6700,#6701),(#6702,
#6703,#6704,#6705,#6706,#6707,#6708,#6709),(#6710,#6711,#6712,#6713,#6714,
#6715,#6716,#6717)),.UNSPECIFIED.,.F.,.F.,.F.,(4,4),(4,2,1,1,4),(0.,1.),
(-0.000119815968747872,0.,0.00340530814988668,0.00510796222483001,0.00851327037471669),
 .UNSPECIFIED.);
#42=B_SPLINE_SURFACE_WITH_KNOTS('',3,3,((#6733,#6734,#6735,#6736,#6737,
#6738,#6739,#6740),(#6741,#6742,#6743,#6744,#6745,#6746,#6747,#6748),(#6749,
#6750,#6751,#6752,#6753,#6754,#6755,#6756),(#6757,#6758,#6759,#6760,#6761,
#6762,#6763,#6764)),.UNSPECIFIED.,.F.,.F.,.F.,(4,4),(4,2,1,1,4),(0.,1.),
(-0.000119742369562982,0.,0.00340533990849276,0.00510800986273914,0.0085133497712319),
 .UNSPECIFIED.);
#43=B_SPLINE_SURFACE_WITH_KNOTS('',3,3,((#6787,#6788,#6789,#6790,#6791,
#6792,#6793,#6794),(#6795,#6796,#6797,#6798,#6799,#6800,#6801,#6802),(#6803,
#6804,#6805,#6806,#6807,#6808,#6809,#6810),(#6811,#6812,#6813,#6814,#6815,
#6816,#6817,#6818)),.UNSPECIFIED.,.F.,.F.,.F.,(4,4),(4,2,1,1,4),(0.,1.),
(-0.000119761347792522,0.,0.00340533170194804,0.00510799755292207,0.00851332925487011),
 .UNSPECIFIED.);
#44=B_SPLINE_SURFACE_WITH_KNOTS('',3,3,((#6834,#6835,#6836,#6837,#6838,
#6839,#6840,#6841),(#6842,#6843,#6844,#6845,#6846,#6847,#6848,#6849),(#6850,
#6851,#6852,#6853,#6854,#6855,#6856,#6857),(#6858,#6859,#6860,#6861,#6862,
#6863,#6864,#6865)),.UNSPECIFIED.,.F.,.F.,.F.,(4,4),(4,2,1,1,4),(0.,1.),
(-0.000119815968747856,0.,0.00510796222483007,0.00681061629977342,0.00851327037471678),
 .UNSPECIFIED.);
#45=B_SPLINE_SURFACE_WITH_KNOTS('',3,3,((#6888,#6889,#6890,#6891,#6892,
#6893,#6894,#6895),(#6896,#6897,#6898,#6899,#6900,#6901,#6902,#6903),(#6904,
#6905,#6906,#6907,#6908,#6909,#6910,#6911),(#6912,#6913,#6914,#6915,#6916,
#6917,#6918,#6919)),.UNSPECIFIED.,.F.,.F.,.F.,(4,4),(4,2,1,1,4),(0.,1.),
(-0.000119815968747823,0.,0.0034053081498867,0.00510796222483005,0.00851327037471674),
 .UNSPECIFIED.);
#46=B_SPLINE_SURFACE_WITH_KNOTS('',3,3,((#6933,#6934,#6935,#6936,#6937,
#6938,#6939,#6940),(#6941,#6942,#6943,#6944,#6945,#6946,#6947,#6948),(#6949,
#6950,#6951,#6952,#6953,#6954,#6955,#6956),(#6957,#6958,#6959,#6960,#6961,
#6962,#6963,#6964)),.UNSPECIFIED.,.F.,.F.,.F.,(4,4),(4,2,1,1,4),(0.,1.),
(-0.000119739061301932,0.,0.00510801200837818,0.00681068267783758,0.00851335334729697),
 .UNSPECIFIED.);
#47=SPHERICAL_SURFACE('',#3183,12.7118234580518);
#48=SPHERICAL_SURFACE('',#3185,0.4);
#49=SPHERICAL_SURFACE('',#3189,0.4);
#50=SPHERICAL_SURFACE('',#3195,0.4);
#51=SPHERICAL_SURFACE('',#3199,0.4);
#52=SPHERICAL_SURFACE('',#3205,0.4);
#53=SPHERICAL_SURFACE('',#3209,0.4);
#54=SPHERICAL_SURFACE('',#3215,0.4);
#55=SPHERICAL_SURFACE('',#3219,0.399999999999999);
#56=SPHERICAL_SURFACE('',#3223,0.4);
#57=SPHERICAL_SURFACE('',#3227,0.4);
#58=SPHERICAL_SURFACE('',#3233,0.4);
#59=SPHERICAL_SURFACE('',#3237,0.4);
#60=SPHERICAL_SURFACE('',#3243,0.4);
#61=SPHERICAL_SURFACE('',#3247,0.4);
#62=SPHERICAL_SURFACE('',#3253,0.4);
#63=SPHERICAL_SURFACE('',#3257,0.4);
#64=SPHERICAL_SURFACE('',#3263,0.4);
#65=SPHERICAL_SURFACE('',#3267,0.4);
#66=SPHERICAL_SURFACE('',#3273,0.4);
#67=SPHERICAL_SURFACE('',#3277,0.4);
#68=SPHERICAL_SURFACE('',#3283,0.4);
#69=SPHERICAL_SURFACE('',#3287,0.4);
#70=SPHERICAL_SURFACE('',#3293,0.4);
#71=SPHERICAL_SURFACE('',#3297,0.4);
#72=SPHERICAL_SURFACE('',#3303,0.4);
#73=SPHERICAL_SURFACE('',#3307,0.4);
#74=SPHERICAL_SURFACE('',#3313,0.4);
#75=SPHERICAL_SURFACE('',#3317,0.4);
#76=SPHERICAL_SURFACE('',#3323,0.4);
#77=SPHERICAL_SURFACE('',#3327,0.4);
#78=SPHERICAL_SURFACE('',#3333,0.4);
#79=SPHERICAL_SURFACE('',#3337,0.4);
#80=B_SPLINE_CURVE_WITH_KNOTS('',3,(#4672,#4673,#4674,#4675,#4676,#4677,
#4678,#4679,#4680,#4681),.UNSPECIFIED.,.F.,.F.,(4,2,2,2,4),(-0.000708888357030229,
0.,0.00940681412701853,0.0188136282542038,0.0195225166110139),
 .UNSPECIFIED.);
#81=B_SPLINE_CURVE_WITH_KNOTS('',3,(#4685,#4686,#4687,#4688,#4689,#4690,
#4691,#4692),.UNSPECIFIED.,.F.,.F.,(4,2,2,4),(-0.000731229943205213,0.,
0.00938446591664025,0.0134400249279756),.UNSPECIFIED.);
#82=B_SPLINE_CURVE_WITH_KNOTS('',3,(#4699,#4700,#4701,#4702,#4703,#4704),
 .UNSPECIFIED.,.F.,.F.,(4,2,4),(0.0134400249279756,0.0187689318332621,0.0195001617759801),
 .UNSPECIFIED.);
#83=B_SPLINE_CURVE_WITH_KNOTS('',3,(#4708,#4709,#4710,#4711,#4712,#4713,
#4714,#4715,#4716,#4717),.UNSPECIFIED.,.F.,.F.,(4,2,2,2,4),(-0.000710189152712727,
0.,0.00940551292640992,0.0188110258528013,0.0195212150051753),
 .UNSPECIFIED.);
#84=B_SPLINE_CURVE_WITH_KNOTS('',3,(#4721,#4722,#4723,#4724,#4725,#4726,
#4727,#4728,#4729,#4730),.UNSPECIFIED.,.F.,.F.,(4,2,2,2,4),(-0.00067587926731326,
0.,0.00943983251301362,0.0188796650257497,0.019555544293126),
 .UNSPECIFIED.);
#85=B_SPLINE_CURVE_WITH_KNOTS('',3,(#4734,#4735,#4736,#4737,#4738,#4739,
#4740,#4741,#4742,#4743),.UNSPECIFIED.,.F.,.F.,(4,2,2,2,4),(-0.000708886998247008,
0.,0.00940681538691612,0.0188136307740612,0.0195225177722412),
 .UNSPECIFIED.);
#86=B_SPLINE_CURVE_WITH_KNOTS('',3,(#4747,#4748,#4749,#4750,#4751,#4752,
#4753,#4754,#4755,#4756),.UNSPECIFIED.,.F.,.F.,(4,2,2,2,4),(-0.00073122969862665,
0.,0.00938446638031292,0.0187689327606056,0.0195001624595214),
 .UNSPECIFIED.);
#87=B_SPLINE_CURVE_WITH_KNOTS('',3,(#4760,#4761,#4762,#4763,#4764,#4765,
#4766,#4767,#4768,#4769),.UNSPECIFIED.,.F.,.F.,(4,2,2,2,4),(-0.000710185768780143,
0.,0.00940551619933146,0.0188110323986474,0.0195212181673504),
 .UNSPECIFIED.);
#88=B_SPLINE_CURVE_WITH_KNOTS('',3,(#4773,#4774,#4775,#4776,#4777,#4778,
#4779,#4780,#4781,#4782),.UNSPECIFIED.,.F.,.F.,(4,2,2,2,4),(-0.000675879032861901,
0.,0.00943983283971536,0.0188796656794867,0.0195555447122911),
 .UNSPECIFIED.);
#89=B_SPLINE_CURVE_WITH_KNOTS('',3,(#4786,#4787,#4788,#4789,#4790,#4791,
#4792,#4793,#4794,#4795),.UNSPECIFIED.,.F.,.F.,(4,2,2,2,4),(-0.000708891010941407,
0.,0.00940681132822422,0.0188136226564918,0.0195225136674024),
 .UNSPECIFIED.);
#90=B_SPLINE_CURVE_WITH_KNOTS('',3,(#4799,#4800,#4801,#4802,#4803,#4804,
#4805,#4806,#4807,#4808),.UNSPECIFIED.,.F.,.F.,(4,2,2,2,4),(-0.000731230524867936,
0.,0.00938446540851127,0.0187689308169725,0.0195001613418484),
 .UNSPECIFIED.);
#91=B_SPLINE_CURVE_WITH_KNOTS('',3,(#4812,#4813,#4814,#4815,#4816,#4817,
#4818,#4819,#4820,#4821),.UNSPECIFIED.,.F.,.F.,(4,2,2,2,4),(-0.000710186898078128,
0.,0.00940551511436297,0.0188110302287593,0.0195212171268441),
 .UNSPECIFIED.);
#92=B_SPLINE_CURVE_WITH_KNOTS('',3,(#4825,#4826,#4827,#4828,#4829,#4830,
#4831,#4832,#4833,#4834),.UNSPECIFIED.,.F.,.F.,(4,2,2,2,4),(-0.000675879089082911,
0.,0.00943983262599122,0.0188796652520576,0.0195555443407502),
 .UNSPECIFIED.);
#93=B_SPLINE_CURVE_WITH_KNOTS('',3,(#4838,#4839,#4840,#4841,#4842,#4843,
#4844,#4845,#4846,#4847),.UNSPECIFIED.,.F.,.F.,(4,2,2,2,4),(-0.000708889656886576,
0.,0.0094068126023118,0.0188136252044355,0.0195225148610456),
 .UNSPECIFIED.);
#94=B_SPLINE_CURVE_WITH_KNOTS('',3,(#4851,#4852,#4853,#4854,#4855,#4856,
#4857,#4858,#4859,#4860),.UNSPECIFIED.,.F.,.F.,(4,2,2,2,4),(-0.000731230236384168,
0.,0.00938446567121941,0.0187689313424411,0.0195001615788587),
 .UNSPECIFIED.);
#95=B_SPLINE_CURVE_WITH_KNOTS('',3,(#4864,#4865,#4866,#4867,#4868,#4869,
#4870,#4871,#4872,#4873),.UNSPECIFIED.,.F.,.F.,(4,2,2,2,4),(-0.00071018802660595,
0.,0.00940551402263393,0.0188110280450502,0.0195212160713616),
 .UNSPECIFIED.);
#96=B_SPLINE_CURVE_WITH_KNOTS('',3,(#4877,#4878,#4879,#4880,#4881,#4882,
#4883,#4884,#4885,#4886),.UNSPECIFIED.,.F.,.F.,(4,2,2,2,4),(-0.000675879208603928,
0.,0.00943983271484485,0.0188796654292727,0.0195555446377891),
 .UNSPECIFIED.);
#97=B_SPLINE_CURVE_WITH_KNOTS('',3,(#4892,#4893,#4894,#4895,#4896,#4897,
#4898,#4899),.UNSPECIFIED.,.F.,.F.,(4,1,1,2,4),(-0.00851327037471671,-0.00681061629977337,
-0.00510796222483003,0.,0.000119815968747799),.UNSPECIFIED.);
#98=B_SPLINE_CURVE_WITH_KNOTS('',3,(#4903,#4904,#4905,#4906,#4907,#4908,
#4909,#4910),.UNSPECIFIED.,.F.,.F.,(4,2,1,1,4),(-0.000119739060991129,0.,
0.00340534133905332,0.00510801200857998,0.00851335334763329),
 .UNSPECIFIED.);
#99=B_SPLINE_CURVE_WITH_KNOTS('',3,(#4916,#4917,#4918,#4919,#4920,#4921,
#4922,#4923),.UNSPECIFIED.,.F.,.F.,(4,1,1,2,4),(-0.00851327037471634,-0.0051079622248298,
-0.00340530814988654,0.,0.000119815968748281),.UNSPECIFIED.);
#100=B_SPLINE_CURVE_WITH_KNOTS('',3,(#4927,#4928,#4929,#4930,#4931,#4932,
#4933,#4934),.UNSPECIFIED.,.F.,.F.,(4,2,1,1,4),(-0.000119742369610908,0.,
0.00340533990847207,0.0051080098627081,0.00851334977118017),
 .UNSPECIFIED.);
#101=B_SPLINE_CURVE_WITH_KNOTS('',3,(#4940,#4941,#4942,#4943,#4944,#4945,
#4946,#4947),.UNSPECIFIED.,.F.,.F.,(4,1,1,2,4),(-0.0085132703747161,-0.00510796222482966,
-0.00340530814988644,0.,0.000119815968748523),.UNSPECIFIED.);
#102=B_SPLINE_CURVE_WITH_KNOTS('',3,(#4951,#4952,#4953,#4954,#4955,#4956,
#4957,#4958),.UNSPECIFIED.,.F.,.F.,(4,2,1,1,4),(-0.000119744714311212,0.,
0.00510800834197108,0.00681067778929477,0.00851334723661847),
 .UNSPECIFIED.);
#103=B_SPLINE_CURVE_WITH_KNOTS('',3,(#4964,#4965,#4966,#4967,#4968,#4969,
#4970,#4971),.UNSPECIFIED.,.F.,.F.,(4,1,1,2,4),(-0.00851327037769934,-0.0051079622266196,
-0.00340530815107974,0.,0.000119815966005611),.UNSPECIFIED.);
#104=B_SPLINE_CURVE_WITH_KNOTS('',3,(#4975,#4976,#4977,#4978,#4979,#4980,
#4981,#4982),.UNSPECIFIED.,.F.,.F.,(4,2,1,1,4),(-0.000119761323464361,0.,
0.00340533171246875,0.00510799756870313,0.00851332928117188),
 .UNSPECIFIED.);
#105=B_SPLINE_CURVE_WITH_KNOTS('',3,(#4988,#4989,#4990,#4991,#4992,#4993,
#4994,#4995),.UNSPECIFIED.,.F.,.F.,(4,1,1,2,4),(-0.00851327037472001,-0.00510796222483201,
-0.003405308149888,0.,0.000119815968744539),.UNSPECIFIED.);
#106=B_SPLINE_CURVE_WITH_KNOTS('',3,(#4999,#5000,#5001,#5002,#5003,#5004,
#5005,#5006),.UNSPECIFIED.,.F.,.F.,(4,2,1,1,4),(-0.000119739052692272,0.,
0.00510801201396231,0.00681068268528307,0.00851335335660384),
 .UNSPECIFIED.);
#107=B_SPLINE_CURVE_WITH_KNOTS('',3,(#5012,#5013,#5014,#5015,#5016,#5017,
#5018,#5019),.UNSPECIFIED.,.F.,.F.,(4,1,1,2,4),(-0.00851327037471632,-0.00510796222482979,
-0.00340530814988653,0.,0.00011981596874828),.UNSPECIFIED.);
#108=B_SPLINE_CURVE_WITH_KNOTS('',3,(#5023,#5024,#5025,#5026,#5027,#5028,
#5029,#5030),.UNSPECIFIED.,.F.,.F.,(4,2,1,1,4),(-0.00011974236963336,0.,
0.00510800986269356,0.00681067981692475,0.00851334977115593),
 .UNSPECIFIED.);
#109=B_SPLINE_CURVE_WITH_KNOTS('',3,(#5036,#5037,#5038,#5039,#5040,#5041,
#5042,#5043),.UNSPECIFIED.,.F.,.F.,(4,1,1,2,4),(-0.00851327037471669,-0.00510796222483001,
-0.00340530814988668,0.,0.000119815968747872),.UNSPECIFIED.);
#110=B_SPLINE_CURVE_WITH_KNOTS('',3,(#5047,#5048,#5049,#5050,#5051,#5052,
#5053,#5054),.UNSPECIFIED.,.F.,.F.,(4,2,1,1,4),(-0.000119744714100487,0.,
0.00510800834210784,0.00681067778947712,0.0085133472368464),
 .UNSPECIFIED.);
#111=B_SPLINE_CURVE_WITH_KNOTS('',3,(#5126,#5127,#5128,#5129,#5130,#5131,
#5132,#5133),.UNSPECIFIED.,.F.,.F.,(4,1,1,2,4),(-0.00851327037471674,-0.00510796222483005,
-0.0034053081498867,0.,0.000119815968747823),.UNSPECIFIED.);
#112=B_SPLINE_CURVE_WITH_KNOTS('',3,(#5136,#5137,#5138,#5139,#5140,#5141,
#5142,#5143),.UNSPECIFIED.,.F.,.F.,(4,2,1,1,4),(-0.000119761347792522,0.,
0.00340533170194804,0.00510799755292207,0.00851332925487011),
 .UNSPECIFIED.);
#113=B_SPLINE_CURVE_WITH_KNOTS('',3,(#5408,#5409,#5410,#5411,#5412,#5413,
#5414,#5415),.UNSPECIFIED.,.F.,.F.,(4,1,1,2,4),(-0.00851335334763329,-0.00510801200857998,
-0.00340534133905332,0.,0.000119739060991129),.UNSPECIFIED.);
#114=B_SPLINE_CURVE_WITH_KNOTS('',3,(#5456,#5457,#5458,#5459,#5460,#5461,
#5462,#5463),.UNSPECIFIED.,.F.,.F.,(4,1,1,2,4),(-0.00851327037471646,-0.00510796222482988,
-0.00340530814988659,0.,0.000119815968748101),.UNSPECIFIED.);
#115=B_SPLINE_CURVE_WITH_KNOTS('',3,(#5464,#5465,#5466,#5467,#5468,#5469,
#5470,#5471),.UNSPECIFIED.,.F.,.F.,(4,2,1,1,4),(-0.000119815968748101,0.,
0.00340530814988659,0.00510796222482988,0.00851327037471646),
 .UNSPECIFIED.);
#116=B_SPLINE_CURVE_WITH_KNOTS('',3,(#5506,#5507,#5508,#5509,#5510,#5511,
#5512,#5513),.UNSPECIFIED.,.F.,.F.,(4,2,1,1,4),(-0.000119815968747799,0.,
0.00510796222483003,0.00681061629977337,0.00851327037471671),
 .UNSPECIFIED.);
#117=B_SPLINE_CURVE_WITH_KNOTS('',3,(#5554,#5555,#5556,#5557,#5558,#5559,
#5560,#5561),.UNSPECIFIED.,.F.,.F.,(4,1,1,2,4),(-0.00851332927416773,-0.00681066341933418,
-0.00510799756450064,0.,0.000119761329943319),.UNSPECIFIED.);
#118=B_SPLINE_CURVE_WITH_KNOTS('',3,(#5562,#5563,#5564,#5565,#5566,#5567,
#5568,#5569),.UNSPECIFIED.,.F.,.F.,(4,2,1,1,4),(-0.000119761329943319,0.,
0.00510799756450064,0.00681066341933418,0.00851332927416773),
 .UNSPECIFIED.);
#119=B_SPLINE_CURVE_WITH_KNOTS('',3,(#5607,#5608,#5609,#5610,#5611,#5612,
#5613,#5614),.UNSPECIFIED.,.F.,.F.,(4,1,1,2,4),(-0.00851334977118017,-0.0051080098627081,
-0.00340533990847207,0.,0.000119742369610908),.UNSPECIFIED.);
#120=B_SPLINE_CURVE_WITH_KNOTS('',3,(#5655,#5656,#5657,#5658,#5659,#5660,
#5661,#5662),.UNSPECIFIED.,.F.,.F.,(4,1,1,2,4),(-0.00851327037471676,-0.00681061629977341,
-0.00510796222483006,0.,0.000119815968747884),.UNSPECIFIED.);
#121=B_SPLINE_CURVE_WITH_KNOTS('',3,(#5663,#5664,#5665,#5666,#5667,#5668,
#5669,#5670),.UNSPECIFIED.,.F.,.F.,(4,2,1,1,4),(-0.000119815968747884,0.,
0.00510796222483006,0.00681061629977341,0.00851327037471676),
 .UNSPECIFIED.);
#122=B_SPLINE_CURVE_WITH_KNOTS('',3,(#5708,#5709,#5710,#5711,#5712,#5713,
#5714,#5715),.UNSPECIFIED.,.F.,.F.,(4,2,1,1,4),(-0.000119815968748281,0.,
0.00340530814988654,0.0051079622248298,0.00851327037471634),
 .UNSPECIFIED.);
#123=B_SPLINE_CURVE_WITH_KNOTS('',3,(#5756,#5757,#5758,#5759,#5760,#5761,
#5762,#5763),.UNSPECIFIED.,.F.,.F.,(4,1,1,2,4),(-0.00851334723639173,-0.00510800834183504,
-0.00340533889455669,0.,0.00011974471452094),.UNSPECIFIED.);
#124=B_SPLINE_CURVE_WITH_KNOTS('',3,(#5764,#5765,#5766,#5767,#5768,#5769,
#5770,#5771),.UNSPECIFIED.,.F.,.F.,(4,2,1,1,4),(-0.00011974471452094,0.,
0.00340533889455669,0.00510800834183504,0.00851334723639173),
 .UNSPECIFIED.);
#125=B_SPLINE_CURVE_WITH_KNOTS('',3,(#5809,#5810,#5811,#5812,#5813,#5814,
#5815,#5816),.UNSPECIFIED.,.F.,.F.,(4,1,1,2,4),(-0.00851334723661847,-0.00681067778929477,
-0.00510800834197108,0.,0.000119744714311212),.UNSPECIFIED.);
#126=B_SPLINE_CURVE_WITH_KNOTS('',3,(#5857,#5858,#5859,#5860,#5861,#5862,
#5863,#5864),.UNSPECIFIED.,.F.,.F.,(4,1,1,2,4),(-0.00851327037471677,-0.00510796222483006,
-0.00340530814988671,0.,0.000119815968747856),.UNSPECIFIED.);
#127=B_SPLINE_CURVE_WITH_KNOTS('',3,(#5865,#5866,#5867,#5868,#5869,#5870,
#5871,#5872),.UNSPECIFIED.,.F.,.F.,(4,2,1,1,4),(-0.000119815968747856,0.,
0.00340530814988671,0.00510796222483006,0.00851327037471677),
 .UNSPECIFIED.);
#128=B_SPLINE_CURVE_WITH_KNOTS('',3,(#5910,#5911,#5912,#5913,#5914,#5915,
#5916,#5917),.UNSPECIFIED.,.F.,.F.,(4,2,1,1,4),(-0.000119815968748523,0.,
0.00340530814988644,0.00510796222482966,0.0085132703747161),
 .UNSPECIFIED.);
#129=B_SPLINE_CURVE_WITH_KNOTS('',3,(#5958,#5959,#5960,#5961,#5962,#5963,
#5964,#5965),.UNSPECIFIED.,.F.,.F.,(4,1,1,2,4),(-0.00851334977120482,-0.00510800986272289,
-0.00340533990848193,0.,0.000119742369588238),.UNSPECIFIED.);
#130=B_SPLINE_CURVE_WITH_KNOTS('',3,(#5966,#5967,#5968,#5969,#5970,#5971,
#5972,#5973),.UNSPECIFIED.,.F.,.F.,(4,2,1,1,4),(-0.000119742369588238,0.,
0.00340533990848193,0.00510800986272289,0.00851334977120482),
 .UNSPECIFIED.);
#131=B_SPLINE_CURVE_WITH_KNOTS('',3,(#6011,#6012,#6013,#6014,#6015,#6016,
#6017,#6018),.UNSPECIFIED.,.F.,.F.,(4,1,1,2,4),(-0.00851332928117188,-0.00510799756870313,
-0.00340533171246875,0.,0.000119761323464361),.UNSPECIFIED.);
#132=B_SPLINE_CURVE_WITH_KNOTS('',3,(#6059,#6060,#6061,#6062,#6063,#6064,
#6065,#6066),.UNSPECIFIED.,.F.,.F.,(4,1,1,2,4),(-0.00851327037471649,-0.00681061629977319,
-0.00510796222482989,0.,0.000119815968748042),.UNSPECIFIED.);
#133=B_SPLINE_CURVE_WITH_KNOTS('',3,(#6067,#6068,#6069,#6070,#6071,#6072,
#6073,#6074),.UNSPECIFIED.,.F.,.F.,(4,2,1,1,4),(-0.000119815968748042,0.,
0.00510796222482989,0.00681061629977319,0.00851327037471649),
 .UNSPECIFIED.);
#134=B_SPLINE_CURVE_WITH_KNOTS('',3,(#6112,#6113,#6114,#6115,#6116,#6117,
#6118,#6119),.UNSPECIFIED.,.F.,.F.,(4,2,1,1,4),(-0.000119815966005611,0.,
0.00340530815107974,0.0051079622266196,0.00851327037769934),
 .UNSPECIFIED.);
#135=B_SPLINE_CURVE_WITH_KNOTS('',3,(#6160,#6161,#6162,#6163,#6164,#6165,
#6166,#6167),.UNSPECIFIED.,.F.,.F.,(4,1,1,2,4),(-0.00851335334746367,-0.0051080120084782,
-0.00340534133898547,0.,0.00011973906114803),.UNSPECIFIED.);
#136=B_SPLINE_CURVE_WITH_KNOTS('',3,(#6168,#6169,#6170,#6171,#6172,#6173,
#6174,#6175),.UNSPECIFIED.,.F.,.F.,(4,2,1,1,4),(-0.00011973906114803,0.,
0.00340534133898547,0.0051080120084782,0.00851335334746367),
 .UNSPECIFIED.);
#137=B_SPLINE_CURVE_WITH_KNOTS('',3,(#6213,#6214,#6215,#6216,#6217,#6218,
#6219,#6220),.UNSPECIFIED.,.F.,.F.,(4,1,1,2,4),(-0.00851335335660384,-0.00681068268528307,
-0.00510801201396231,0.,0.000119739052692272),.UNSPECIFIED.);
#138=B_SPLINE_CURVE_WITH_KNOTS('',3,(#6261,#6262,#6263,#6264,#6265,#6266,
#6267,#6268),.UNSPECIFIED.,.F.,.F.,(4,1,1,2,4),(-0.00851327037471658,-0.00510796222482995,
-0.00340530814988663,0.,0.000119815968748047),.UNSPECIFIED.);
#139=B_SPLINE_CURVE_WITH_KNOTS('',3,(#6269,#6270,#6271,#6272,#6273,#6274,
#6275,#6276),.UNSPECIFIED.,.F.,.F.,(4,2,1,1,4),(-0.000119815968748047,0.,
0.00340530814988663,0.00510796222482995,0.00851327037471658),
 .UNSPECIFIED.);
#140=B_SPLINE_CURVE_WITH_KNOTS('',3,(#6314,#6315,#6316,#6317,#6318,#6319,
#6320,#6321),.UNSPECIFIED.,.F.,.F.,(4,2,1,1,4),(-0.000119815968744539,0.,
0.003405308149888,0.00510796222483201,0.00851327037472001),
 .UNSPECIFIED.);
#141=B_SPLINE_CURVE_WITH_KNOTS('',3,(#6362,#6363,#6364,#6365,#6366,#6367,
#6368,#6369),.UNSPECIFIED.,.F.,.F.,(4,1,1,2,4),(-0.00851332927395617,-0.00681066341916494,
-0.0051079975643737,0.,0.000119761330138558),.UNSPECIFIED.);
#142=B_SPLINE_CURVE_WITH_KNOTS('',3,(#6370,#6371,#6372,#6373,#6374,#6375,
#6376,#6377),.UNSPECIFIED.,.F.,.F.,(4,2,1,1,4),(-0.000119761330138558,0.,
0.0051079975643737,0.00681066341916494,0.00851332927395617),
 .UNSPECIFIED.);
#143=B_SPLINE_CURVE_WITH_KNOTS('',3,(#6415,#6416,#6417,#6418,#6419,#6420,
#6421,#6422),.UNSPECIFIED.,.F.,.F.,(4,1,1,2,4),(-0.00851334977115593,-0.00681067981692475,
-0.00510800986269356,0.,0.00011974236963336),.UNSPECIFIED.);
#144=B_SPLINE_CURVE_WITH_KNOTS('',3,(#6463,#6464,#6465,#6466,#6467,#6468,
#6469,#6470),.UNSPECIFIED.,.F.,.F.,(4,1,1,2,4),(-0.00851327037471655,-0.00510796222482993,
-0.00340530814988662,0.,0.000119815968748041),.UNSPECIFIED.);
#145=B_SPLINE_CURVE_WITH_KNOTS('',3,(#6471,#6472,#6473,#6474,#6475,#6476,
#6477,#6478),.UNSPECIFIED.,.F.,.F.,(4,2,1,1,4),(-0.000119815968748041,0.,
0.00340530814988662,0.00510796222482993,0.00851327037471655),
 .UNSPECIFIED.);
#146=B_SPLINE_CURVE_WITH_KNOTS('',3,(#6516,#6517,#6518,#6519,#6520,#6521,
#6522,#6523),.UNSPECIFIED.,.F.,.F.,(4,2,1,1,4),(-0.00011981596874828,0.,
0.00340530814988653,0.00510796222482979,0.00851327037471632),
 .UNSPECIFIED.);
#147=B_SPLINE_CURVE_WITH_KNOTS('',3,(#6564,#6565,#6566,#6567,#6568,#6569,
#6570,#6571),.UNSPECIFIED.,.F.,.F.,(4,1,1,2,4),(-0.00851334723616548,-0.00510800834169929,
-0.00340533889446619,0.,0.000119744714730232),.UNSPECIFIED.);
#148=B_SPLINE_CURVE_WITH_KNOTS('',3,(#6572,#6573,#6574,#6575,#6576,#6577,
#6578,#6579),.UNSPECIFIED.,.F.,.F.,(4,2,1,1,4),(-0.000119744714730232,0.,
0.00340533889446619,0.00510800834169929,0.00851334723616548),
 .UNSPECIFIED.);
#149=B_SPLINE_CURVE_WITH_KNOTS('',3,(#6617,#6618,#6619,#6620,#6621,#6622,
#6623,#6624),.UNSPECIFIED.,.F.,.F.,(4,1,1,2,4),(-0.0085133472368464,-0.00681067778947712,
-0.00510800834210784,0.,0.000119744714100487),.UNSPECIFIED.);
#150=B_SPLINE_CURVE_WITH_KNOTS('',3,(#6667,#6668,#6669,#6670,#6671,#6672,
#6673,#6674),.UNSPECIFIED.,.F.,.F.,(4,1,1,2,4),(-0.00851327037471659,-0.00510796222482996,
-0.00340530814988664,0.,0.000119815968748051),.UNSPECIFIED.);
#151=B_SPLINE_CURVE_WITH_KNOTS('',3,(#6675,#6676,#6677,#6678,#6679,#6680,
#6681,#6682),.UNSPECIFIED.,.F.,.F.,(4,2,1,1,4),(-0.000119815968748051,0.,
0.00340530814988664,0.00510796222482996,0.00851327037471659),
 .UNSPECIFIED.);
#152=B_SPLINE_CURVE_WITH_KNOTS('',3,(#6720,#6721,#6722,#6723,#6724,#6725,
#6726,#6727),.UNSPECIFIED.,.F.,.F.,(4,2,1,1,4),(-0.000119815968747872,0.,
0.00340530814988668,0.00510796222483001,0.00851327037471669),
 .UNSPECIFIED.);
#153=B_SPLINE_CURVE_WITH_KNOTS('',3,(#6768,#6769,#6770,#6771,#6772,#6773,
#6774,#6775),.UNSPECIFIED.,.F.,.F.,(4,1,1,2,4),(-0.0085133497712319,-0.00510800986273914,
-0.00340533990849276,0.,0.000119742369562982),.UNSPECIFIED.);
#154=B_SPLINE_CURVE_WITH_KNOTS('',3,(#6776,#6777,#6778,#6779,#6780,#6781,
#6782,#6783),.UNSPECIFIED.,.F.,.F.,(4,2,1,1,4),(-0.000119742369562982,0.,
0.00340533990849276,0.00510800986273914,0.0085133497712319),
 .UNSPECIFIED.);
#155=B_SPLINE_CURVE_WITH_KNOTS('',3,(#6821,#6822,#6823,#6824,#6825,#6826,
#6827,#6828),.UNSPECIFIED.,.F.,.F.,(4,1,1,2,4),(-0.00851332925487011,-0.00510799755292207,
-0.00340533170194804,0.,0.000119761347792522),.UNSPECIFIED.);
#156=B_SPLINE_CURVE_WITH_KNOTS('',3,(#6869,#6870,#6871,#6872,#6873,#6874,
#6875,#6876),.UNSPECIFIED.,.F.,.F.,(4,1,1,2,4),(-0.00851327037471678,-0.00681061629977342,
-0.00510796222483007,0.,0.000119815968747856),.UNSPECIFIED.);
#157=B_SPLINE_CURVE_WITH_KNOTS('',3,(#6877,#6878,#6879,#6880,#6881,#6882,
#6883,#6884),.UNSPECIFIED.,.F.,.F.,(4,2,1,1,4),(-0.000119815968747856,0.,
0.00510796222483007,0.00681061629977342,0.00851327037471678),
 .UNSPECIFIED.);
#158=B_SPLINE_CURVE_WITH_KNOTS('',3,(#6922,#6923,#6924,#6925,#6926,#6927,
#6928,#6929),.UNSPECIFIED.,.F.,.F.,(4,2,1,1,4),(-0.000119815968747823,0.,
0.0034053081498867,0.00510796222483005,0.00851327037471674),
 .UNSPECIFIED.);
#159=B_SPLINE_CURVE_WITH_KNOTS('',3,(#6968,#6969,#6970,#6971,#6972,#6973,
#6974,#6975),.UNSPECIFIED.,.F.,.F.,(4,1,1,2,4),(-0.00851335334729697,-0.00681068267783758,
-0.00510801200837818,0.,0.000119739061301932),.UNSPECIFIED.);
#160=B_SPLINE_CURVE_WITH_KNOTS('',3,(#6976,#6977,#6978,#6979,#6980,#6981,
#6982,#6983),.UNSPECIFIED.,.F.,.F.,(4,2,1,1,4),(-0.000119739061301932,0.,
0.00510801200837818,0.00681068267783758,0.00851335334729697),
 .UNSPECIFIED.);
#161=TOROIDAL_SURFACE('',#3083,4.05665682613224,0.4);
#162=TOROIDAL_SURFACE('',#3103,0.95,0.45);
#163=TOROIDAL_SURFACE('',#3107,0.95,0.45);
#164=TOROIDAL_SURFACE('',#3111,0.95,0.45);
#165=TOROIDAL_SURFACE('',#3115,0.95,0.45);
#166=TOROIDAL_SURFACE('',#3119,0.95,0.45);
#167=TOROIDAL_SURFACE('',#3123,0.95,0.45);
#168=TOROIDAL_SURFACE('',#3127,0.95,0.45);
#169=TOROIDAL_SURFACE('',#3181,0.95,0.45);
#170=TOROIDAL_SURFACE('',#3193,4.6,0.4);
#171=TOROIDAL_SURFACE('',#3203,0.9,0.4);
#172=TOROIDAL_SURFACE('',#3213,4.6,0.4);
#173=TOROIDAL_SURFACE('',#3231,4.6,0.4);
#174=TOROIDAL_SURFACE('',#3241,0.9,0.4);
#175=TOROIDAL_SURFACE('',#3251,4.6,0.4);
#176=TOROIDAL_SURFACE('',#3261,0.9,0.4);
#177=TOROIDAL_SURFACE('',#3271,4.6,0.4);
#178=TOROIDAL_SURFACE('',#3281,0.9,0.4);
#179=TOROIDAL_SURFACE('',#3291,4.6,0.4);
#180=TOROIDAL_SURFACE('',#3301,0.9,0.4);
#181=TOROIDAL_SURFACE('',#3311,4.6,0.4);
#182=TOROIDAL_SURFACE('',#3321,0.9,0.4);
#183=TOROIDAL_SURFACE('',#3331,4.6,0.4);
#184=TOROIDAL_SURFACE('',#3341,0.9,0.4);
#185=TOROIDAL_SURFACE('',#3343,4.6,0.4);
#186=TOROIDAL_SURFACE('',#3347,0.9,0.4);
#187=TOROIDAL_SURFACE('',#3353,4.6,0.4);
#188=TOROIDAL_SURFACE('',#3359,0.9,0.4);
#189=TOROIDAL_SURFACE('',#3365,4.6,0.4);
#190=TOROIDAL_SURFACE('',#3371,0.9,0.4);
#191=TOROIDAL_SURFACE('',#3377,4.6,0.4);
#192=TOROIDAL_SURFACE('',#3383,0.9,0.4);
#193=TOROIDAL_SURFACE('',#3389,4.6,0.4);
#194=TOROIDAL_SURFACE('',#3395,0.9,0.4);
#195=TOROIDAL_SURFACE('',#3401,4.6,0.4);
#196=TOROIDAL_SURFACE('',#3407,0.9,0.4);
#197=TOROIDAL_SURFACE('',#3413,4.6,0.4);
#198=TOROIDAL_SURFACE('',#3419,0.9,0.4);
#199=TOROIDAL_SURFACE('',#3421,0.9,0.4);
#200=TOROIDAL_SURFACE('',#3427,4.6,0.4);
#201=TOROIDAL_SURFACE('',#3433,0.9,0.4);
#202=TOROIDAL_SURFACE('',#3445,0.95,0.45);
#203=TOROIDAL_SURFACE('',#3448,4.55,0.45);
#204=TOROIDAL_SURFACE('',#3451,0.95,0.45);
#205=TOROIDAL_SURFACE('',#3454,4.55,0.45);
#206=TOROIDAL_SURFACE('',#3457,0.95,0.45);
#207=TOROIDAL_SURFACE('',#3460,4.55,0.45);
#208=TOROIDAL_SURFACE('',#3463,0.95,0.45);
#209=TOROIDAL_SURFACE('',#3466,4.55,0.45);
#210=TOROIDAL_SURFACE('',#3469,0.95,0.45);
#211=TOROIDAL_SURFACE('',#3472,4.55,0.45);
#212=TOROIDAL_SURFACE('',#3475,0.95,0.45);
#213=TOROIDAL_SURFACE('',#3478,4.55,0.45);
#214=TOROIDAL_SURFACE('',#3481,0.95,0.45);
#215=TOROIDAL_SURFACE('',#3484,4.55,0.45);
#216=TOROIDAL_SURFACE('',#3487,0.95,0.45);
#217=TOROIDAL_SURFACE('',#3488,4.55,0.45);
#218=TOROIDAL_SURFACE('',#3489,4.55,0.45);
#219=TOROIDAL_SURFACE('',#3491,4.55,0.45);
#220=TOROIDAL_SURFACE('',#3493,4.55,0.45);
#221=TOROIDAL_SURFACE('',#3495,4.55,0.45);
#222=TOROIDAL_SURFACE('',#3497,4.55,0.45);
#223=TOROIDAL_SURFACE('',#3499,4.55,0.45);
#224=TOROIDAL_SURFACE('',#3501,4.55,0.45);
#225=TOROIDAL_SURFACE('',#3503,4.55,0.45);
#226=CYLINDRICAL_SURFACE('',#3075,0.5);
#227=CYLINDRICAL_SURFACE('',#3081,0.5);
#228=CYLINDRICAL_SURFACE('',#3345,0.4);
#229=CYLINDRICAL_SURFACE('',#3349,0.4);
#230=CYLINDRICAL_SURFACE('',#3352,0.4);
#231=CYLINDRICAL_SURFACE('',#3356,0.4);
#232=CYLINDRICAL_SURFACE('',#3358,0.4);
#233=CYLINDRICAL_SURFACE('',#3362,0.4);
#234=CYLINDRICAL_SURFACE('',#3364,0.4);
#235=CYLINDRICAL_SURFACE('',#3368,0.4);
#236=CYLINDRICAL_SURFACE('',#3370,0.4);
#237=CYLINDRICAL_SURFACE('',#3374,0.4);
#238=CYLINDRICAL_SURFACE('',#3376,0.4);
#239=CYLINDRICAL_SURFACE('',#3380,0.4);
#240=CYLINDRICAL_SURFACE('',#3382,0.4);
#241=CYLINDRICAL_SURFACE('',#3386,0.4);
#242=CYLINDRICAL_SURFACE('',#3388,0.4);
#243=CYLINDRICAL_SURFACE('',#3392,0.4);
#244=CYLINDRICAL_SURFACE('',#3394,0.4);
#245=CYLINDRICAL_SURFACE('',#3398,0.4);
#246=CYLINDRICAL_SURFACE('',#3400,0.4);
#247=CYLINDRICAL_SURFACE('',#3404,0.4);
#248=CYLINDRICAL_SURFACE('',#3406,0.4);
#249=CYLINDRICAL_SURFACE('',#3410,0.4);
#250=CYLINDRICAL_SURFACE('',#3412,0.4);
#251=CYLINDRICAL_SURFACE('',#3416,0.4);
#252=CYLINDRICAL_SURFACE('',#3418,0.4);
#253=CYLINDRICAL_SURFACE('',#3424,0.4);
#254=CYLINDRICAL_SURFACE('',#3426,0.4);
#255=CYLINDRICAL_SURFACE('',#3430,0.4);
#256=CYLINDRICAL_SURFACE('',#3432,0.4);
#257=CYLINDRICAL_SURFACE('',#3436,0.4);
#258=CYLINDRICAL_SURFACE('',#3438,0.4);
#259=CYLINDRICAL_SURFACE('',#3440,0.4);
#260=CYLINDRICAL_SURFACE('',#3441,5.);
#261=CYLINDRICAL_SURFACE('',#3443,0.5);
#262=CYLINDRICAL_SURFACE('',#3446,5.);
#263=CYLINDRICAL_SURFACE('',#3449,0.5);
#264=CYLINDRICAL_SURFACE('',#3452,5.);
#265=CYLINDRICAL_SURFACE('',#3455,0.5);
#266=CYLINDRICAL_SURFACE('',#3458,5.);
#267=CYLINDRICAL_SURFACE('',#3461,0.5);
#268=CYLINDRICAL_SURFACE('',#3464,5.);
#269=CYLINDRICAL_SURFACE('',#3467,0.5);
#270=CYLINDRICAL_SURFACE('',#3470,5.);
#271=CYLINDRICAL_SURFACE('',#3473,0.5);
#272=CYLINDRICAL_SURFACE('',#3476,5.);
#273=CYLINDRICAL_SURFACE('',#3479,0.5);
#274=CYLINDRICAL_SURFACE('',#3482,5.);
#275=CYLINDRICAL_SURFACE('',#3485,0.5);
#276=CYLINDRICAL_SURFACE('',#3505,0.5);
#277=CYLINDRICAL_SURFACE('',#3506,5.);
#278=CYLINDRICAL_SURFACE('',#3507,0.5);
#279=CYLINDRICAL_SURFACE('',#3508,5.);
#280=CYLINDRICAL_SURFACE('',#3509,0.5);
#281=CYLINDRICAL_SURFACE('',#3510,5.);
#282=CYLINDRICAL_SURFACE('',#3511,0.5);
#283=CYLINDRICAL_SURFACE('',#3512,5.);
#284=CYLINDRICAL_SURFACE('',#3513,0.5);
#285=CYLINDRICAL_SURFACE('',#3514,5.);
#286=CYLINDRICAL_SURFACE('',#3515,0.5);
#287=CYLINDRICAL_SURFACE('',#3516,5.);
#288=CYLINDRICAL_SURFACE('',#3517,0.5);
#289=CYLINDRICAL_SURFACE('',#3518,5.);
#290=CYLINDRICAL_SURFACE('',#3520,3.);
#291=CYLINDRICAL_SURFACE('',#3521,0.5);
#292=CYLINDRICAL_SURFACE('',#3522,5.);
#293=FACE_BOUND('',#665,.T.);
#294=LINE('',#4639,#370);
#295=LINE('',#4643,#371);
#296=LINE('',#4646,#372);
#297=LINE('',#4651,#373);
#298=LINE('',#4652,#374);
#299=LINE('',#4655,#375);
#300=LINE('',#4656,#376);
#301=LINE('',#4659,#377);
#302=LINE('',#4663,#378);
#303=LINE('',#4666,#379);
#304=LINE('',#4668,#380);
#305=LINE('',#5374,#381);
#306=LINE('',#5375,#382);
#307=LINE('',#5422,#383);
#308=LINE('',#5423,#384);
#309=LINE('',#5515,#385);
#310=LINE('',#5516,#386);
#311=LINE('',#5571,#387);
#312=LINE('',#5572,#388);
#313=LINE('',#5616,#389);
#314=LINE('',#5617,#390);
#315=LINE('',#5672,#391);
#316=LINE('',#5673,#392);
#317=LINE('',#5717,#393);
#318=LINE('',#5718,#394);
#319=LINE('',#5773,#395);
#320=LINE('',#5774,#396);
#321=LINE('',#5818,#397);
#322=LINE('',#5819,#398);
#323=LINE('',#5874,#399);
#324=LINE('',#5875,#400);
#325=LINE('',#5919,#401);
#326=LINE('',#5920,#402);
#327=LINE('',#5975,#403);
#328=LINE('',#5976,#404);
#329=LINE('',#6020,#405);
#330=LINE('',#6021,#406);
#331=LINE('',#6076,#407);
#332=LINE('',#6077,#408);
#333=LINE('',#6121,#409);
#334=LINE('',#6122,#410);
#335=LINE('',#6177,#411);
#336=LINE('',#6178,#412);
#337=LINE('',#6222,#413);
#338=LINE('',#6223,#414);
#339=LINE('',#6278,#415);
#340=LINE('',#6279,#416);
#341=LINE('',#6323,#417);
#342=LINE('',#6324,#418);
#343=LINE('',#6379,#419);
#344=LINE('',#6380,#420);
#345=LINE('',#6424,#421);
#346=LINE('',#6425,#422);
#347=LINE('',#6480,#423);
#348=LINE('',#6481,#424);
#349=LINE('',#6525,#425);
#350=LINE('',#6526,#426);
#351=LINE('',#6581,#427);
#352=LINE('',#6582,#428);
#353=LINE('',#6626,#429);
#354=LINE('',#6627,#430);
#355=LINE('',#6684,#431);
#356=LINE('',#6685,#432);
#357=LINE('',#6729,#433);
#358=LINE('',#6730,#434);
#359=LINE('',#6785,#435);
#360=LINE('',#6786,#436);
#361=LINE('',#6830,#437);
#362=LINE('',#6831,#438);
#363=LINE('',#6886,#439);
#364=LINE('',#6887,#440);
#365=LINE('',#6931,#441);
#366=LINE('',#6932,#442);
#367=LINE('',#6985,#443);
#368=LINE('',#6986,#444);
#369=LINE('',#7066,#445);
#370=VECTOR('',#3593,10.);
#371=VECTOR('',#3596,10.);
#372=VECTOR('',#3599,10.);
#373=VECTOR('',#3604,10.);
#374=VECTOR('',#3605,10.);
#375=VECTOR('',#3608,10.);
#376=VECTOR('',#3609,10.);
#377=VECTOR('',#3612,10.);
#378=VECTOR('',#3615,10.);
#379=VECTOR('',#3620,10.);
#380=VECTOR('',#3623,10.);
#381=VECTOR('',#4152,10.);
#382=VECTOR('',#4153,10.);
#383=VECTOR('',#4162,10.);
#384=VECTOR('',#4163,10.);
#385=VECTOR('',#4168,10.);
#386=VECTOR('',#4169,10.);
#387=VECTOR('',#4178,10.);
#388=VECTOR('',#4179,10.);
#389=VECTOR('',#4184,10.);
#390=VECTOR('',#4185,10.);
#391=VECTOR('',#4194,10.);
#392=VECTOR('',#4195,10.);
#393=VECTOR('',#4200,10.);
#394=VECTOR('',#4201,10.);
#395=VECTOR('',#4210,10.);
#396=VECTOR('',#4211,10.);
#397=VECTOR('',#4216,10.);
#398=VECTOR('',#4217,10.);
#399=VECTOR('',#4226,10.);
#400=VECTOR('',#4227,10.);
#401=VECTOR('',#4232,10.);
#402=VECTOR('',#4233,10.);
#403=VECTOR('',#4242,10.);
#404=VECTOR('',#4243,10.);
#405=VECTOR('',#4248,10.);
#406=VECTOR('',#4249,10.);
#407=VECTOR('',#4258,10.);
#408=VECTOR('',#4259,10.);
#409=VECTOR('',#4264,10.);
#410=VECTOR('',#4265,10.);
#411=VECTOR('',#4274,10.);
#412=VECTOR('',#4275,10.);
#413=VECTOR('',#4280,10.);
#414=VECTOR('',#4281,10.);
#415=VECTOR('',#4290,10.);
#416=VECTOR('',#4291,10.);
#417=VECTOR('',#4296,10.);
#418=VECTOR('',#4297,10.);
#419=VECTOR('',#4306,10.);
#420=VECTOR('',#4307,10.);
#421=VECTOR('',#4312,10.);
#422=VECTOR('',#4313,10.);
#423=VECTOR('',#4322,10.);
#424=VECTOR('',#4323,10.);
#425=VECTOR('',#4328,10.);
#426=VECTOR('',#4329,10.);
#427=VECTOR('',#4338,10.);
#428=VECTOR('',#4339,10.);
#429=VECTOR('',#4344,10.);
#430=VECTOR('',#4345,10.);
#431=VECTOR('',#4358,10.);
#432=VECTOR('',#4359,10.);
#433=VECTOR('',#4364,10.);
#434=VECTOR('',#4365,10.);
#435=VECTOR('',#4374,10.);
#436=VECTOR('',#4375,10.);
#437=VECTOR('',#4380,10.);
#438=VECTOR('',#4381,10.);
#439=VECTOR('',#4390,10.);
#440=VECTOR('',#4391,10.);
#441=VECTOR('',#4396,10.);
#442=VECTOR('',#4397,10.);
#443=VECTOR('',#4402,10.);
#444=VECTOR('',#4403,10.);
#445=VECTOR('',#4562,10.);
#446=FACE_OUTER_BOUND('',#664,.T.);
#447=FACE_OUTER_BOUND('',#666,.T.);
#448=FACE_OUTER_BOUND('',#667,.T.);
#449=FACE_OUTER_BOUND('',#668,.T.);
#450=FACE_OUTER_BOUND('',#669,.T.);
#451=FACE_OUTER_BOUND('',#670,.T.);
#452=FACE_OUTER_BOUND('',#671,.T.);
#453=FACE_OUTER_BOUND('',#672,.T.);
#454=FACE_OUTER_BOUND('',#673,.T.);
#455=FACE_OUTER_BOUND('',#674,.T.);
#456=FACE_OUTER_BOUND('',#675,.T.);
#457=FACE_OUTER_BOUND('',#676,.T.);
#458=FACE_OUTER_BOUND('',#677,.T.);
#459=FACE_OUTER_BOUND('',#678,.T.);
#460=FACE_OUTER_BOUND('',#679,.T.);
#461=FACE_OUTER_BOUND('',#680,.T.);
#462=FACE_OUTER_BOUND('',#681,.T.);
#463=FACE_OUTER_BOUND('',#682,.T.);
#464=FACE_OUTER_BOUND('',#683,.T.);
#465=FACE_OUTER_BOUND('',#684,.T.);
#466=FACE_OUTER_BOUND('',#685,.T.);
#467=FACE_OUTER_BOUND('',#686,.T.);
#468=FACE_OUTER_BOUND('',#687,.T.);
#469=FACE_OUTER_BOUND('',#688,.T.);
#470=FACE_OUTER_BOUND('',#689,.T.);
#471=FACE_OUTER_BOUND('',#690,.T.);
#472=FACE_OUTER_BOUND('',#691,.T.);
#473=FACE_OUTER_BOUND('',#692,.T.);
#474=FACE_OUTER_BOUND('',#693,.T.);
#475=FACE_OUTER_BOUND('',#694,.T.);
#476=FACE_OUTER_BOUND('',#695,.T.);
#477=FACE_OUTER_BOUND('',#696,.T.);
#478=FACE_OUTER_BOUND('',#697,.T.);
#479=FACE_OUTER_BOUND('',#698,.T.);
#480=FACE_OUTER_BOUND('',#699,.T.);
#481=FACE_OUTER_BOUND('',#700,.T.);
#482=FACE_OUTER_BOUND('',#701,.T.);
#483=FACE_OUTER_BOUND('',#702,.T.);
#484=FACE_OUTER_BOUND('',#703,.T.);
#485=FACE_OUTER_BOUND('',#704,.T.);
#486=FACE_OUTER_BOUND('',#705,.T.);
#487=FACE_OUTER_BOUND('',#706,.T.);
#488=FACE_OUTER_BOUND('',#707,.T.);
#489=FACE_OUTER_BOUND('',#708,.T.);
#490=FACE_OUTER_BOUND('',#709,.T.);
#491=FACE_OUTER_BOUND('',#710,.T.);
#492=FACE_OUTER_BOUND('',#711,.T.);
#493=FACE_OUTER_BOUND('',#712,.T.);
#494=FACE_OUTER_BOUND('',#713,.T.);
#495=FACE_OUTER_BOUND('',#714,.T.);
#496=FACE_OUTER_BOUND('',#715,.T.);
#497=FACE_OUTER_BOUND('',#716,.T.);
#498=FACE_OUTER_BOUND('',#717,.T.);
#499=FACE_OUTER_BOUND('',#718,.T.);
#500=FACE_OUTER_BOUND('',#719,.T.);
#501=FACE_OUTER_BOUND('',#720,.T.);
#502=FACE_OUTER_BOUND('',#721,.T.);
#503=FACE_OUTER_BOUND('',#722,.T.);
#504=FACE_OUTER_BOUND('',#723,.T.);
#505=FACE_OUTER_BOUND('',#724,.T.);
#506=FACE_OUTER_BOUND('',#725,.T.);
#507=FACE_OUTER_BOUND('',#726,.T.);
#508=FACE_OUTER_BOUND('',#727,.T.);
#509=FACE_OUTER_BOUND('',#728,.T.);
#510=FACE_OUTER_BOUND('',#729,.T.);
#511=FACE_OUTER_BOUND('',#730,.T.);
#512=FACE_OUTER_BOUND('',#731,.T.);
#513=FACE_OUTER_BOUND('',#732,.T.);
#514=FACE_OUTER_BOUND('',#733,.T.);
#515=FACE_OUTER_BOUND('',#734,.T.);
#516=FACE_OUTER_BOUND('',#735,.T.);
#517=FACE_OUTER_BOUND('',#736,.T.);
#518=FACE_OUTER_BOUND('',#737,.T.);
#519=FACE_OUTER_BOUND('',#738,.T.);
#520=FACE_OUTER_BOUND('',#739,.T.);
#521=FACE_OUTER_BOUND('',#740,.T.);
#522=FACE_OUTER_BOUND('',#741,.T.);
#523=FACE_OUTER_BOUND('',#742,.T.);
#524=FACE_OUTER_BOUND('',#743,.T.);
#525=FACE_OUTER_BOUND('',#744,.T.);
#526=FACE_OUTER_BOUND('',#745,.T.);
#527=FACE_OUTER_BOUND('',#746,.T.);
#528=FACE_OUTER_BOUND('',#747,.T.);
#529=FACE_OUTER_BOUND('',#748,.T.);
#530=FACE_OUTER_BOUND('',#749,.T.);
#531=FACE_OUTER_BOUND('',#750,.T.);
#532=FACE_OUTER_BOUND('',#751,.T.);
#533=FACE_OUTER_BOUND('',#752,.T.);
#534=FACE_OUTER_BOUND('',#753,.T.);
#535=FACE_OUTER_BOUND('',#754,.T.);
#536=FACE_OUTER_BOUND('',#755,.T.);
#537=FACE_OUTER_BOUND('',#756,.T.);
#538=FACE_OUTER_BOUND('',#757,.T.);
#539=FACE_OUTER_BOUND('',#758,.T.);
#540=FACE_OUTER_BOUND('',#759,.T.);
#541=FACE_OUTER_BOUND('',#760,.T.);
#542=FACE_OUTER_BOUND('',#761,.T.);
#543=FACE_OUTER_BOUND('',#762,.T.);
#544=FACE_OUTER_BOUND('',#763,.T.);
#545=FACE_OUTER_BOUND('',#764,.T.);
#546=FACE_OUTER_BOUND('',#765,.T.);
#547=FACE_OUTER_BOUND('',#766,.T.);
#548=FACE_OUTER_BOUND('',#767,.T.);
#549=FACE_OUTER_BOUND('',#768,.T.);
#550=FACE_OUTER_BOUND('',#769,.T.);
#551=FACE_OUTER_BOUND('',#770,.T.);
#552=FACE_OUTER_BOUND('',#771,.T.);
#553=FACE_OUTER_BOUND('',#772,.T.);
#554=FACE_OUTER_BOUND('',#773,.T.);
#555=FACE_OUTER_BOUND('',#774,.T.);
#556=FACE_OUTER_BOUND('',#775,.T.);
#557=FACE_OUTER_BOUND('',#776,.T.);
#558=FACE_OUTER_BOUND('',#777,.T.);
#559=FACE_OUTER_BOUND('',#778,.T.);
#560=FACE_OUTER_BOUND('',#779,.T.);
#561=FACE_OUTER_BOUND('',#780,.T.);
#562=FACE_OUTER_BOUND('',#781,.T.);
#563=FACE_OUTER_BOUND('',#782,.T.);
#564=FACE_OUTER_BOUND('',#783,.T.);
#565=FACE_OUTER_BOUND('',#784,.T.);
#566=FACE_OUTER_BOUND('',#785,.T.);
#567=FACE_OUTER_BOUND('',#786,.T.);
#568=FACE_OUTER_BOUND('',#787,.T.);
#569=FACE_OUTER_BOUND('',#788,.T.);
#570=FACE_OUTER_BOUND('',#789,.T.);
#571=FACE_OUTER_BOUND('',#790,.T.);
#572=FACE_OUTER_BOUND('',#791,.T.);
#573=FACE_OUTER_BOUND('',#792,.T.);
#574=FACE_OUTER_BOUND('',#793,.T.);
#575=FACE_OUTER_BOUND('',#794,.T.);
#576=FACE_OUTER_BOUND('',#795,.T.);
#577=FACE_OUTER_BOUND('',#796,.T.);
#578=FACE_OUTER_BOUND('',#797,.T.);
#579=FACE_OUTER_BOUND('',#798,.T.);
#580=FACE_OUTER_BOUND('',#799,.T.);
#581=FACE_OUTER_BOUND('',#800,.T.);
#582=FACE_OUTER_BOUND('',#801,.T.);
#583=FACE_OUTER_BOUND('',#802,.T.);
#584=FACE_OUTER_BOUND('',#803,.T.);
#585=FACE_OUTER_BOUND('',#804,.T.);
#586=FACE_OUTER_BOUND('',#805,.T.);
#587=FACE_OUTER_BOUND('',#806,.T.);
#588=FACE_OUTER_BOUND('',#807,.T.);
#589=FACE_OUTER_BOUND('',#808,.T.);
#590=FACE_OUTER_BOUND('',#809,.T.);
#591=FACE_OUTER_BOUND('',#810,.T.);
#592=FACE_OUTER_BOUND('',#811,.T.);
#593=FACE_OUTER_BOUND('',#812,.T.);
#594=FACE_OUTER_BOUND('',#813,.T.);
#595=FACE_OUTER_BOUND('',#814,.T.);
#596=FACE_OUTER_BOUND('',#815,.T.);
#597=FACE_OUTER_BOUND('',#816,.T.);
#598=FACE_OUTER_BOUND('',#817,.T.);
#599=FACE_OUTER_BOUND('',#818,.T.);
#600=FACE_OUTER_BOUND('',#819,.T.);
#601=FACE_OUTER_BOUND('',#820,.T.);
#602=FACE_OUTER_BOUND('',#821,.T.);
#603=FACE_OUTER_BOUND('',#822,.T.);
#604=FACE_OUTER_BOUND('',#823,.T.);
#605=FACE_OUTER_BOUND('',#824,.T.);
#606=FACE_OUTER_BOUND('',#825,.T.);
#607=FACE_OUTER_BOUND('',#826,.T.);
#608=FACE_OUTER_BOUND('',#827,.T.);
#609=FACE_OUTER_BOUND('',#828,.T.);
#610=FACE_OUTER_BOUND('',#829,.T.);
#611=FACE_OUTER_BOUND('',#830,.T.);
#612=FACE_OUTER_BOUND('',#831,.T.);
#613=FACE_OUTER_BOUND('',#832,.T.);
#614=FACE_OUTER_BOUND('',#833,.T.);
#615=FACE_OUTER_BOUND('',#834,.T.);
#616=FACE_OUTER_BOUND('',#835,.T.);
#617=FACE_OUTER_BOUND('',#836,.T.);
#618=FACE_OUTER_BOUND('',#837,.T.);
#619=FACE_OUTER_BOUND('',#838,.T.);
#620=FACE_OUTER_BOUND('',#839,.T.);
#621=FACE_OUTER_BOUND('',#840,.T.);
#622=FACE_OUTER_BOUND('',#841,.T.);
#623=FACE_OUTER_BOUND('',#842,.T.);
#624=FACE_OUTER_BOUND('',#843,.T.);
#625=FACE_OUTER_BOUND('',#844,.T.);
#626=FACE_OUTER_BOUND('',#845,.T.);
#627=FACE_OUTER_BOUND('',#846,.T.);
#628=FACE_OUTER_BOUND('',#847,.T.);
#629=FACE_OUTER_BOUND('',#848,.T.);
#630=FACE_OUTER_BOUND('',#849,.T.);
#631=FACE_OUTER_BOUND('',#850,.T.);
#632=FACE_OUTER_BOUND('',#851,.T.);
#633=FACE_OUTER_BOUND('',#852,.T.);
#634=FACE_OUTER_BOUND('',#853,.T.);
#635=FACE_OUTER_BOUND('',#854,.T.);
#636=FACE_OUTER_BOUND('',#855,.T.);
#637=FACE_OUTER_BOUND('',#856,.T.);
#638=FACE_OUTER_BOUND('',#857,.T.);
#639=FACE_OUTER_BOUND('',#858,.T.);
#640=FACE_OUTER_BOUND('',#859,.T.);
#641=FACE_OUTER_BOUND('',#860,.T.);
#642=FACE_OUTER_BOUND('',#861,.T.);
#643=FACE_OUTER_BOUND('',#862,.T.);
#644=FACE_OUTER_BOUND('',#863,.T.);
#645=FACE_OUTER_BOUND('',#864,.T.);
#646=FACE_OUTER_BOUND('',#865,.T.);
#647=FACE_OUTER_BOUND('',#866,.T.);
#648=FACE_OUTER_BOUND('',#867,.T.);
#649=FACE_OUTER_BOUND('',#868,.T.);
#650=FACE_OUTER_BOUND('',#869,.T.);
#651=FACE_OUTER_BOUND('',#870,.T.);
#652=FACE_OUTER_BOUND('',#871,.T.);
#653=FACE_OUTER_BOUND('',#872,.T.);
#654=FACE_OUTER_BOUND('',#873,.T.);
#655=FACE_OUTER_BOUND('',#874,.T.);
#656=FACE_OUTER_BOUND('',#875,.T.);
#657=FACE_OUTER_BOUND('',#876,.T.);
#658=FACE_OUTER_BOUND('',#877,.T.);
#659=FACE_OUTER_BOUND('',#878,.T.);
#660=FACE_OUTER_BOUND('',#879,.T.);
#661=FACE_OUTER_BOUND('',#880,.T.);
#662=FACE_OUTER_BOUND('',#881,.T.);
#663=FACE_OUTER_BOUND('',#882,.T.);
#664=EDGE_LOOP('',(#1876,#1877,#1878,#1879,#1880,#1881,#1882,#1883,#1884,
#1885,#1886,#1887,#1888,#1889,#1890,#1891,#1892,#1893,#1894,#1895,#1896,
#1897,#1898,#1899,#1900,#1901,#1902,#1903,#1904,#1905,#1906,#1907));
#665=EDGE_LOOP('',(#1908,#1909,#1910,#1911,#1912,#1913));
#666=EDGE_LOOP('',(#1914,#1915,#1916,#1917));
#667=EDGE_LOOP('',(#1918,#1919,#1920,#1921));
#668=EDGE_LOOP('',(#1922,#1923,#1924,#1925,#1926,#1927));
#669=EDGE_LOOP('',(#1928,#1929,#1930,#1931));
#670=EDGE_LOOP('',(#1932,#1933,#1934,#1935));
#671=EDGE_LOOP('',(#1936,#1937,#1938,#1939,#1940,#1941,#1942,#1943,#1944,
#1945,#1946,#1947,#1948,#1949,#1950,#1951,#1952,#1953,#1954,#1955,#1956,
#1957,#1958,#1959,#1960,#1961,#1962,#1963,#1964,#1965,#1966,#1967,#1968,
#1969,#1970,#1971,#1972));
#672=EDGE_LOOP('',(#1973,#1974,#1975,#1976,#1977,#1978));
#673=EDGE_LOOP('',(#1979,#1980,#1981,#1982,#1983,#1984));
#674=EDGE_LOOP('',(#1985,#1986,#1987,#1988,#1989,#1990));
#675=EDGE_LOOP('',(#1991,#1992,#1993,#1994,#1995,#1996));
#676=EDGE_LOOP('',(#1997,#1998,#1999,#2000,#2001,#2002));
#677=EDGE_LOOP('',(#2003,#2004,#2005,#2006,#2007,#2008));
#678=EDGE_LOOP('',(#2009,#2010,#2011,#2012,#2013,#2014));
#679=EDGE_LOOP('',(#2015,#2016,#2017,#2018));
#680=EDGE_LOOP('',(#2019,#2020,#2021,#2022));
#681=EDGE_LOOP('',(#2023,#2024,#2025,#2026));
#682=EDGE_LOOP('',(#2027,#2028,#2029,#2030));
#683=EDGE_LOOP('',(#2031,#2032,#2033,#2034));
#684=EDGE_LOOP('',(#2035,#2036,#2037,#2038));
#685=EDGE_LOOP('',(#2039,#2040,#2041,#2042));
#686=EDGE_LOOP('',(#2043,#2044,#2045,#2046));
#687=EDGE_LOOP('',(#2047,#2048,#2049,#2050));
#688=EDGE_LOOP('',(#2051,#2052,#2053,#2054));
#689=EDGE_LOOP('',(#2055,#2056,#2057,#2058));
#690=EDGE_LOOP('',(#2059,#2060,#2061,#2062));
#691=EDGE_LOOP('',(#2063,#2064,#2065,#2066));
#692=EDGE_LOOP('',(#2067,#2068,#2069,#2070));
#693=EDGE_LOOP('',(#2071,#2072,#2073,#2074));
#694=EDGE_LOOP('',(#2075,#2076,#2077,#2078));
#695=EDGE_LOOP('',(#2079,#2080,#2081,#2082,#2083,#2084));
#696=EDGE_LOOP('',(#2085,#2086,#2087,#2088));
#697=EDGE_LOOP('',(#2089,#2090,#2091));
#698=EDGE_LOOP('',(#2092,#2093,#2094));
#699=EDGE_LOOP('',(#2095,#2096,#2097,#2098));
#700=EDGE_LOOP('',(#2099,#2100,#2101));
#701=EDGE_LOOP('',(#2102,#2103,#2104));
#702=EDGE_LOOP('',(#2105,#2106,#2107,#2108));
#703=EDGE_LOOP('',(#2109,#2110,#2111));
#704=EDGE_LOOP('',(#2112,#2113,#2114));
#705=EDGE_LOOP('',(#2115,#2116,#2117,#2118));
#706=EDGE_LOOP('',(#2119,#2120,#2121));
#707=EDGE_LOOP('',(#2122,#2123,#2124));
#708=EDGE_LOOP('',(#2125,#2126,#2127));
#709=EDGE_LOOP('',(#2128,#2129,#2130));
#710=EDGE_LOOP('',(#2131,#2132,#2133,#2134));
#711=EDGE_LOOP('',(#2135,#2136,#2137));
#712=EDGE_LOOP('',(#2138,#2139,#2140));
#713=EDGE_LOOP('',(#2141,#2142,#2143,#2144));
#714=EDGE_LOOP('',(#2145,#2146,#2147));
#715=EDGE_LOOP('',(#2148,#2149,#2150));
#716=EDGE_LOOP('',(#2151,#2152,#2153,#2154));
#717=EDGE_LOOP('',(#2155,#2156,#2157));
#718=EDGE_LOOP('',(#2158,#2159,#2160));
#719=EDGE_LOOP('',(#2161,#2162,#2163,#2164));
#720=EDGE_LOOP('',(#2165,#2166,#2167));
#721=EDGE_LOOP('',(#2168,#2169,#2170));
#722=EDGE_LOOP('',(#2171,#2172,#2173,#2174));
#723=EDGE_LOOP('',(#2175,#2176,#2177));
#724=EDGE_LOOP('',(#2178,#2179,#2180));
#725=EDGE_LOOP('',(#2181,#2182,#2183,#2184));
#726=EDGE_LOOP('',(#2185,#2186,#2187));
#727=EDGE_LOOP('',(#2188,#2189,#2190));
#728=EDGE_LOOP('',(#2191,#2192,#2193,#2194));
#729=EDGE_LOOP('',(#2195,#2196,#2197));
#730=EDGE_LOOP('',(#2198,#2199,#2200));
#731=EDGE_LOOP('',(#2201,#2202,#2203,#2204));
#732=EDGE_LOOP('',(#2205,#2206,#2207));
#733=EDGE_LOOP('',(#2208,#2209,#2210));
#734=EDGE_LOOP('',(#2211,#2212,#2213,#2214));
#735=EDGE_LOOP('',(#2215,#2216,#2217));
#736=EDGE_LOOP('',(#2218,#2219,#2220));
#737=EDGE_LOOP('',(#2221,#2222,#2223,#2224));
#738=EDGE_LOOP('',(#2225,#2226,#2227));
#739=EDGE_LOOP('',(#2228,#2229,#2230));
#740=EDGE_LOOP('',(#2231,#2232,#2233,#2234));
#741=EDGE_LOOP('',(#2235,#2236,#2237));
#742=EDGE_LOOP('',(#2238,#2239,#2240));
#743=EDGE_LOOP('',(#2241,#2242,#2243,#2244));
#744=EDGE_LOOP('',(#2245,#2246,#2247,#2248));
#745=EDGE_LOOP('',(#2249,#2250,#2251,#2252));
#746=EDGE_LOOP('',(#2253,#2254,#2255));
#747=EDGE_LOOP('',(#2256,#2257,#2258,#2259));
#748=EDGE_LOOP('',(#2260,#2261,#2262,#2263));
#749=EDGE_LOOP('',(#2264,#2265,#2266));
#750=EDGE_LOOP('',(#2267,#2268,#2269));
#751=EDGE_LOOP('',(#2270,#2271,#2272,#2273));
#752=EDGE_LOOP('',(#2274,#2275,#2276,#2277));
#753=EDGE_LOOP('',(#2278,#2279,#2280));
#754=EDGE_LOOP('',(#2281,#2282,#2283,#2284));
#755=EDGE_LOOP('',(#2285,#2286,#2287));
#756=EDGE_LOOP('',(#2288,#2289,#2290,#2291));
#757=EDGE_LOOP('',(#2292,#2293,#2294,#2295));
#758=EDGE_LOOP('',(#2296,#2297,#2298));
#759=EDGE_LOOP('',(#2299,#2300,#2301,#2302));
#760=EDGE_LOOP('',(#2303,#2304,#2305));
#761=EDGE_LOOP('',(#2306,#2307,#2308,#2309));
#762=EDGE_LOOP('',(#2310,#2311,#2312,#2313));
#763=EDGE_LOOP('',(#2314,#2315,#2316));
#764=EDGE_LOOP('',(#2317,#2318,#2319,#2320));
#765=EDGE_LOOP('',(#2321,#2322,#2323));
#766=EDGE_LOOP('',(#2324,#2325,#2326,#2327));
#767=EDGE_LOOP('',(#2328,#2329,#2330,#2331));
#768=EDGE_LOOP('',(#2332,#2333,#2334));
#769=EDGE_LOOP('',(#2335,#2336,#2337,#2338));
#770=EDGE_LOOP('',(#2339,#2340,#2341));
#771=EDGE_LOOP('',(#2342,#2343,#2344,#2345));
#772=EDGE_LOOP('',(#2346,#2347,#2348,#2349));
#773=EDGE_LOOP('',(#2350,#2351,#2352));
#774=EDGE_LOOP('',(#2353,#2354,#2355,#2356));
#775=EDGE_LOOP('',(#2357,#2358,#2359));
#776=EDGE_LOOP('',(#2360,#2361,#2362,#2363));
#777=EDGE_LOOP('',(#2364,#2365,#2366,#2367));
#778=EDGE_LOOP('',(#2368,#2369,#2370));
#779=EDGE_LOOP('',(#2371,#2372,#2373,#2374));
#780=EDGE_LOOP('',(#2375,#2376,#2377));
#781=EDGE_LOOP('',(#2378,#2379,#2380,#2381));
#782=EDGE_LOOP('',(#2382,#2383,#2384,#2385));
#783=EDGE_LOOP('',(#2386,#2387,#2388));
#784=EDGE_LOOP('',(#2389,#2390,#2391,#2392));
#785=EDGE_LOOP('',(#2393,#2394,#2395));
#786=EDGE_LOOP('',(#2396,#2397,#2398,#2399));
#787=EDGE_LOOP('',(#2400,#2401,#2402,#2403));
#788=EDGE_LOOP('',(#2404,#2405,#2406));
#789=EDGE_LOOP('',(#2407,#2408,#2409,#2410));
#790=EDGE_LOOP('',(#2411,#2412,#2413));
#791=EDGE_LOOP('',(#2414,#2415,#2416,#2417));
#792=EDGE_LOOP('',(#2418,#2419,#2420,#2421));
#793=EDGE_LOOP('',(#2422,#2423,#2424));
#794=EDGE_LOOP('',(#2425,#2426,#2427,#2428));
#795=EDGE_LOOP('',(#2429,#2430,#2431));
#796=EDGE_LOOP('',(#2432,#2433,#2434,#2435));
#797=EDGE_LOOP('',(#2436,#2437,#2438,#2439));
#798=EDGE_LOOP('',(#2440,#2441,#2442));
#799=EDGE_LOOP('',(#2443,#2444,#2445,#2446));
#800=EDGE_LOOP('',(#2447,#2448,#2449));
#801=EDGE_LOOP('',(#2450,#2451,#2452,#2453));
#802=EDGE_LOOP('',(#2454,#2455,#2456,#2457));
#803=EDGE_LOOP('',(#2458,#2459,#2460));
#804=EDGE_LOOP('',(#2461,#2462,#2463,#2464));
#805=EDGE_LOOP('',(#2465,#2466,#2467));
#806=EDGE_LOOP('',(#2468,#2469,#2470,#2471));
#807=EDGE_LOOP('',(#2472,#2473,#2474,#2475));
#808=EDGE_LOOP('',(#2476,#2477,#2478,#2479));
#809=EDGE_LOOP('',(#2480,#2481,#2482));
#810=EDGE_LOOP('',(#2483,#2484,#2485,#2486));
#811=EDGE_LOOP('',(#2487,#2488,#2489));
#812=EDGE_LOOP('',(#2490,#2491,#2492,#2493));
#813=EDGE_LOOP('',(#2494,#2495,#2496,#2497));
#814=EDGE_LOOP('',(#2498,#2499,#2500));
#815=EDGE_LOOP('',(#2501,#2502,#2503,#2504));
#816=EDGE_LOOP('',(#2505,#2506,#2507));
#817=EDGE_LOOP('',(#2508,#2509,#2510,#2511));
#818=EDGE_LOOP('',(#2512,#2513,#2514,#2515));
#819=EDGE_LOOP('',(#2516,#2517,#2518));
#820=EDGE_LOOP('',(#2519,#2520,#2521,#2522));
#821=EDGE_LOOP('',(#2523,#2524,#2525));
#822=EDGE_LOOP('',(#2526,#2527,#2528,#2529));
#823=EDGE_LOOP('',(#2530,#2531,#2532));
#824=EDGE_LOOP('',(#2533,#2534,#2535,#2536));
#825=EDGE_LOOP('',(#2537,#2538,#2539,#2540));
#826=EDGE_LOOP('',(#2541,#2542,#2543,#2544));
#827=EDGE_LOOP('',(#2545,#2546,#2547,#2548,#2549,#2550));
#828=EDGE_LOOP('',(#2551,#2552,#2553,#2554));
#829=EDGE_LOOP('',(#2555,#2556,#2557,#2558));
#830=EDGE_LOOP('',(#2559,#2560,#2561,#2562));
#831=EDGE_LOOP('',(#2563,#2564,#2565,#2566,#2567,#2568));
#832=EDGE_LOOP('',(#2569,#2570,#2571,#2572));
#833=EDGE_LOOP('',(#2573,#2574,#2575,#2576));
#834=EDGE_LOOP('',(#2577,#2578,#2579,#2580));
#835=EDGE_LOOP('',(#2581,#2582,#2583,#2584,#2585,#2586));
#836=EDGE_LOOP('',(#2587,#2588,#2589,#2590));
#837=EDGE_LOOP('',(#2591,#2592,#2593,#2594));
#838=EDGE_LOOP('',(#2595,#2596,#2597,#2598));
#839=EDGE_LOOP('',(#2599,#2600,#2601,#2602,#2603,#2604));
#840=EDGE_LOOP('',(#2605,#2606,#2607,#2608));
#841=EDGE_LOOP('',(#2609,#2610,#2611,#2612));
#842=EDGE_LOOP('',(#2613,#2614,#2615,#2616));
#843=EDGE_LOOP('',(#2617,#2618,#2619,#2620,#2621,#2622,#2623));
#844=EDGE_LOOP('',(#2624,#2625,#2626,#2627));
#845=EDGE_LOOP('',(#2628,#2629,#2630,#2631));
#846=EDGE_LOOP('',(#2632,#2633,#2634,#2635));
#847=EDGE_LOOP('',(#2636,#2637,#2638,#2639,#2640,#2641));
#848=EDGE_LOOP('',(#2642,#2643,#2644,#2645));
#849=EDGE_LOOP('',(#2646,#2647,#2648,#2649));
#850=EDGE_LOOP('',(#2650,#2651,#2652,#2653));
#851=EDGE_LOOP('',(#2654,#2655,#2656,#2657,#2658,#2659));
#852=EDGE_LOOP('',(#2660,#2661,#2662,#2663));
#853=EDGE_LOOP('',(#2664,#2665,#2666,#2667));
#854=EDGE_LOOP('',(#2668,#2669,#2670,#2671));
#855=EDGE_LOOP('',(#2672,#2673,#2674,#2675,#2676,#2677));
#856=EDGE_LOOP('',(#2678,#2679,#2680,#2681));
#857=EDGE_LOOP('',(#2682,#2683,#2684,#2685));
#858=EDGE_LOOP('',(#2686,#2687,#2688,#2689));
#859=EDGE_LOOP('',(#2690,#2691,#2692,#2693));
#860=EDGE_LOOP('',(#2694,#2695,#2696,#2697));
#861=EDGE_LOOP('',(#2698,#2699,#2700,#2701));
#862=EDGE_LOOP('',(#2702,#2703,#2704,#2705));
#863=EDGE_LOOP('',(#2706,#2707,#2708,#2709));
#864=EDGE_LOOP('',(#2710,#2711,#2712,#2713));
#865=EDGE_LOOP('',(#2714,#2715,#2716,#2717));
#866=EDGE_LOOP('',(#2718,#2719,#2720,#2721));
#867=EDGE_LOOP('',(#2722,#2723,#2724,#2725));
#868=EDGE_LOOP('',(#2726,#2727,#2728,#2729));
#869=EDGE_LOOP('',(#2730,#2731,#2732,#2733));
#870=EDGE_LOOP('',(#2734,#2735,#2736,#2737));
#871=EDGE_LOOP('',(#2738,#2739,#2740,#2741));
#872=EDGE_LOOP('',(#2742,#2743,#2744,#2745));
#873=EDGE_LOOP('',(#2746,#2747,#2748,#2749));
#874=EDGE_LOOP('',(#2750,#2751,#2752,#2753));
#875=EDGE_LOOP('',(#2754,#2755,#2756,#2757));
#876=EDGE_LOOP('',(#2758,#2759,#2760,#2761));
#877=EDGE_LOOP('',(#2762,#2763,#2764,#2765));
#878=EDGE_LOOP('',(#2766,#2767,#2768,#2769));
#879=EDGE_LOOP('',(#2770,#2771,#2772,#2773));
#880=EDGE_LOOP('',(#2774,#2775,#2776,#2777));
#881=EDGE_LOOP('',(#2778,#2779,#2780,#2781));
#882=EDGE_LOOP('',(#2782,#2783,#2784,#2785));
#883=CIRCLE('',#3040,4.6);
#884=CIRCLE('',#3041,0.9);
#885=CIRCLE('',#3042,4.6);
#886=CIRCLE('',#3043,0.9);
#887=CIRCLE('',#3044,4.6);
#888=CIRCLE('',#3045,0.9);
#889=CIRCLE('',#3046,4.6);
#890=CIRCLE('',#3047,0.9);
#891=CIRCLE('',#3048,4.6);
#892=CIRCLE('',#3049,0.9);
#893=CIRCLE('',#3050,4.6);
#894=CIRCLE('',#3051,0.9);
#895=CIRCLE('',#3052,4.6);
#896=CIRCLE('',#3053,0.9);
#897=CIRCLE('',#3054,4.6);
#898=CIRCLE('',#3055,0.9);
#899=CIRCLE('',#3056,4.6);
#900=CIRCLE('',#3057,0.9);
#901=CIRCLE('',#3058,4.6);
#902=CIRCLE('',#3059,0.9);
#903=CIRCLE('',#3060,4.6);
#904=CIRCLE('',#3061,0.9);
#905=CIRCLE('',#3062,4.6);
#906=CIRCLE('',#3063,0.9);
#907=CIRCLE('',#3064,4.6);
#908=CIRCLE('',#3065,0.9);
#909=CIRCLE('',#3066,4.6);
#910=CIRCLE('',#3067,0.9);
#911=CIRCLE('',#3068,4.6);
#912=CIRCLE('',#3069,0.9);
#913=CIRCLE('',#3070,4.6);
#914=CIRCLE('',#3071,0.9);
#915=CIRCLE('',#3072,3.);
#916=CIRCLE('',#3073,0.5);
#917=CIRCLE('',#3074,0.5);
#918=CIRCLE('',#3076,0.5);
#919=CIRCLE('',#3079,3.);
#920=CIRCLE('',#3080,0.5);
#921=CIRCLE('',#3084,4.05665682613224);
#922=CIRCLE('',#3085,0.4);
#923=CIRCLE('',#3086,3.93290113832541);
#924=CIRCLE('',#3087,3.93290113832541);
#925=CIRCLE('',#3088,4.05665682613224);
#926=CIRCLE('',#3089,4.05665682613224);
#927=CIRCLE('',#3090,4.05665682613224);
#928=CIRCLE('',#3091,4.05665682613224);
#929=CIRCLE('',#3092,4.05665682613224);
#930=CIRCLE('',#3093,4.05665682613224);
#931=CIRCLE('',#3094,4.05665682613224);
#932=CIRCLE('',#3095,4.05665682613224);
#933=CIRCLE('',#3096,4.05665682613224);
#934=CIRCLE('',#3097,4.05665682613224);
#935=CIRCLE('',#3098,4.05665682613224);
#936=CIRCLE('',#3099,4.05665682613224);
#937=CIRCLE('',#3100,4.05665682613224);
#938=CIRCLE('',#3101,4.05665682613224);
#939=CIRCLE('',#3102,4.05665682613224);
#940=CIRCLE('',#3104,0.95);
#941=CIRCLE('',#3105,0.5);
#942=CIRCLE('',#3106,0.95);
#943=CIRCLE('',#3108,0.95);
#944=CIRCLE('',#3109,0.5);
#945=CIRCLE('',#3110,0.95);
#946=CIRCLE('',#3112,0.95);
#947=CIRCLE('',#3113,0.5);
#948=CIRCLE('',#3114,0.95);
#949=CIRCLE('',#3116,0.95);
#950=CIRCLE('',#3117,0.5);
#951=CIRCLE('',#3118,0.95);
#952=CIRCLE('',#3120,0.95);
#953=CIRCLE('',#3121,0.5);
#954=CIRCLE('',#3122,0.95);
#955=CIRCLE('',#3124,0.95);
#956=CIRCLE('',#3125,0.5);
#957=CIRCLE('',#3126,0.95);
#958=CIRCLE('',#3128,0.95);
#959=CIRCLE('',#3129,0.5);
#960=CIRCLE('',#3130,0.95);
#961=CIRCLE('',#3132,4.55);
#962=CIRCLE('',#3134,4.55);
#963=CIRCLE('',#3136,4.55);
#964=CIRCLE('',#3138,4.55);
#965=CIRCLE('',#3140,4.55);
#966=CIRCLE('',#3142,4.55);
#967=CIRCLE('',#3144,0.95);
#968=CIRCLE('',#3145,4.55);
#969=CIRCLE('',#3147,0.95);
#970=CIRCLE('',#3148,4.55);
#971=CIRCLE('',#3149,0.95);
#972=CIRCLE('',#3151,0.95);
#973=CIRCLE('',#3152,4.55);
#974=CIRCLE('',#3153,0.95);
#975=CIRCLE('',#3155,0.95);
#976=CIRCLE('',#3156,4.55);
#977=CIRCLE('',#3157,0.95);
#978=CIRCLE('',#3159,0.95);
#979=CIRCLE('',#3160,4.55);
#980=CIRCLE('',#3161,0.95);
#981=CIRCLE('',#3163,0.95);
#982=CIRCLE('',#3164,4.55);
#983=CIRCLE('',#3165,0.95);
#984=CIRCLE('',#3167,0.95);
#985=CIRCLE('',#3168,4.55);
#986=CIRCLE('',#3169,0.95);
#987=CIRCLE('',#3171,0.95);
#988=CIRCLE('',#3172,4.55);
#989=CIRCLE('',#3173,0.95);
#990=CIRCLE('',#3175,0.95);
#991=CIRCLE('',#3176,4.55);
#992=CIRCLE('',#3177,0.95);
#993=CIRCLE('',#3179,4.55);
#994=CIRCLE('',#3180,0.95);
#995=CIRCLE('',#3182,0.5);
#996=CIRCLE('',#3184,12.7118234580518);
#997=CIRCLE('',#3186,0.4);
#998=CIRCLE('',#3187,0.4);
#999=CIRCLE('',#3188,0.4);
#1000=CIRCLE('',#3190,0.4);
#1001=CIRCLE('',#3191,0.4);
#1002=CIRCLE('',#3192,0.4);
#1003=CIRCLE('',#3194,5.);
#1004=CIRCLE('',#3196,0.4);
#1005=CIRCLE('',#3197,0.4);
#1006=CIRCLE('',#3198,0.4);
#1007=CIRCLE('',#3200,0.4);
#1008=CIRCLE('',#3201,0.4);
#1009=CIRCLE('',#3202,0.4);
#1010=CIRCLE('',#3204,0.5);
#1011=CIRCLE('',#3206,0.4);
#1012=CIRCLE('',#3207,0.4);
#1013=CIRCLE('',#3208,0.399999999999998);
#1014=CIRCLE('',#3210,0.400000000000001);
#1015=CIRCLE('',#3211,0.4);
#1016=CIRCLE('',#3212,0.4);
#1017=CIRCLE('',#3214,5.);
#1018=CIRCLE('',#3216,0.4);
#1019=CIRCLE('',#3217,0.4);
#1020=CIRCLE('',#3218,0.4);
#1021=CIRCLE('',#3220,0.4);
#1022=CIRCLE('',#3221,0.399999999999999);
#1023=CIRCLE('',#3222,0.4);
#1024=CIRCLE('',#3224,0.4);
#1025=CIRCLE('',#3225,0.4);
#1026=CIRCLE('',#3226,0.4);
#1027=CIRCLE('',#3228,0.399999999999999);
#1028=CIRCLE('',#3229,0.4);
#1029=CIRCLE('',#3230,0.4);
#1030=CIRCLE('',#3232,5.);
#1031=CIRCLE('',#3234,0.4);
#1032=CIRCLE('',#3235,0.4);
#1033=CIRCLE('',#3236,0.4);
#1034=CIRCLE('',#3238,0.4);
#1035=CIRCLE('',#3239,0.4);
#1036=CIRCLE('',#3240,0.4);
#1037=CIRCLE('',#3242,0.5);
#1038=CIRCLE('',#3244,0.4);
#1039=CIRCLE('',#3245,0.4);
#1040=CIRCLE('',#3246,0.399999999999999);
#1041=CIRCLE('',#3248,0.400000000000002);
#1042=CIRCLE('',#3249,0.4);
#1043=CIRCLE('',#3250,0.4);
#1044=CIRCLE('',#3252,5.);
#1045=CIRCLE('',#3254,0.4);
#1046=CIRCLE('',#3255,0.4);
#1047=CIRCLE('',#3256,0.4);
#1048=CIRCLE('',#3258,0.4);
#1049=CIRCLE('',#3259,0.4);
#1050=CIRCLE('',#3260,0.4);
#1051=CIRCLE('',#3262,0.5);
#1052=CIRCLE('',#3264,0.4);
#1053=CIRCLE('',#3265,0.4);
#1054=CIRCLE('',#3266,0.399999999999999);
#1055=CIRCLE('',#3268,0.400000000000001);
#1056=CIRCLE('',#3269,0.4);
#1057=CIRCLE('',#3270,0.4);
#1058=CIRCLE('',#3272,5.);
#1059=CIRCLE('',#3274,0.400000000000002);
#1060=CIRCLE('',#3275,0.4);
#1061=CIRCLE('',#3276,0.4);
#1062=CIRCLE('',#3278,0.4);
#1063=CIRCLE('',#3279,0.4);
#1064=CIRCLE('',#3280,0.399999999999999);
#1065=CIRCLE('',#3282,0.5);
#1066=CIRCLE('',#3284,0.4);
#1067=CIRCLE('',#3285,0.4);
#1068=CIRCLE('',#3286,0.400000000000001);
#1069=CIRCLE('',#3288,0.400000000000001);
#1070=CIRCLE('',#3289,0.4);
#1071=CIRCLE('',#3290,0.4);
#1072=CIRCLE('',#3292,5.);
#1073=CIRCLE('',#3294,0.400000000000001);
#1074=CIRCLE('',#3295,0.4);
#1075=CIRCLE('',#3296,0.4);
#1076=CIRCLE('',#3298,0.4);
#1077=CIRCLE('',#3299,0.4);
#1078=CIRCLE('',#3300,0.399999999999998);
#1079=CIRCLE('',#3302,0.5);
#1080=CIRCLE('',#3304,0.4);
#1081=CIRCLE('',#3305,0.4);
#1082=CIRCLE('',#3306,0.4);
#1083=CIRCLE('',#3308,0.4);
#1084=CIRCLE('',#3309,0.4);
#1085=CIRCLE('',#3310,0.4);
#1086=CIRCLE('',#3312,5.);
#1087=CIRCLE('',#3314,0.400000000000001);
#1088=CIRCLE('',#3315,0.4);
#1089=CIRCLE('',#3316,0.4);
#1090=CIRCLE('',#3318,0.4);
#1091=CIRCLE('',#3319,0.4);
#1092=CIRCLE('',#3320,0.399999999999999);
#1093=CIRCLE('',#3322,0.5);
#1094=CIRCLE('',#3324,0.4);
#1095=CIRCLE('',#3325,0.4);
#1096=CIRCLE('',#3326,0.4);
#1097=CIRCLE('',#3328,0.4);
#1098=CIRCLE('',#3329,0.4);
#1099=CIRCLE('',#3330,0.4);
#1100=CIRCLE('',#3332,5.);
#1101=CIRCLE('',#3334,0.400000000000001);
#1102=CIRCLE('',#3335,0.4);
#1103=CIRCLE('',#3336,0.4);
#1104=CIRCLE('',#3338,0.4);
#1105=CIRCLE('',#3339,0.4);
#1106=CIRCLE('',#3340,0.399999999999999);
#1107=CIRCLE('',#3342,0.5);
#1108=CIRCLE('',#3344,5.);
#1109=CIRCLE('',#3346,0.4);
#1110=CIRCLE('',#3348,0.5);
#1111=CIRCLE('',#3350,0.4);
#1112=CIRCLE('',#3351,0.4);
#1113=CIRCLE('',#3354,5.);
#1114=CIRCLE('',#3355,0.4);
#1115=CIRCLE('',#3357,0.400000000000001);
#1116=CIRCLE('',#3360,0.5);
#1117=CIRCLE('',#3361,0.400000000000001);
#1118=CIRCLE('',#3363,0.4);
#1119=CIRCLE('',#3366,5.);
#1120=CIRCLE('',#3367,0.4);
#1121=CIRCLE('',#3369,0.4);
#1122=CIRCLE('',#3372,0.5);
#1123=CIRCLE('',#3373,0.4);
#1124=CIRCLE('',#3375,0.4);
#1125=CIRCLE('',#3378,5.);
#1126=CIRCLE('',#3379,0.400000000000001);
#1127=CIRCLE('',#3381,0.4);
#1128=CIRCLE('',#3384,0.5);
#1129=CIRCLE('',#3385,0.4);
#1130=CIRCLE('',#3387,0.4);
#1131=CIRCLE('',#3390,5.);
#1132=CIRCLE('',#3391,0.4);
#1133=CIRCLE('',#3393,0.4);
#1134=CIRCLE('',#3396,0.5);
#1135=CIRCLE('',#3397,0.4);
#1136=CIRCLE('',#3399,0.4);
#1137=CIRCLE('',#3402,5.);
#1138=CIRCLE('',#3403,0.4);
#1139=CIRCLE('',#3405,0.399999999999999);
#1140=CIRCLE('',#3408,0.5);
#1141=CIRCLE('',#3409,0.4);
#1142=CIRCLE('',#3411,0.400000000000001);
#1143=CIRCLE('',#3414,5.);
#1144=CIRCLE('',#3415,0.399999999999999);
#1145=CIRCLE('',#3417,0.4);
#1146=CIRCLE('',#3420,0.5);
#1147=CIRCLE('',#3422,0.5);
#1148=CIRCLE('',#3423,0.4);
#1149=CIRCLE('',#3425,0.4);
#1150=CIRCLE('',#3428,5.);
#1151=CIRCLE('',#3429,0.4);
#1152=CIRCLE('',#3431,0.4);
#1153=CIRCLE('',#3434,0.5);
#1154=CIRCLE('',#3435,0.4);
#1155=CIRCLE('',#3437,0.4);
#1156=CIRCLE('',#3439,0.4);
#1157=CIRCLE('',#3442,5.);
#1158=CIRCLE('',#3444,0.5);
#1159=CIRCLE('',#3447,5.);
#1160=CIRCLE('',#3450,0.5);
#1161=CIRCLE('',#3453,5.);
#1162=CIRCLE('',#3456,0.5);
#1163=CIRCLE('',#3459,5.);
#1164=CIRCLE('',#3462,0.5);
#1165=CIRCLE('',#3465,5.);
#1166=CIRCLE('',#3468,0.5);
#1167=CIRCLE('',#3471,5.);
#1168=CIRCLE('',#3474,0.5);
#1169=CIRCLE('',#3477,5.);
#1170=CIRCLE('',#3480,0.5);
#1171=CIRCLE('',#3483,5.);
#1172=CIRCLE('',#3486,0.5);
#1173=CIRCLE('',#3490,5.);
#1174=CIRCLE('',#3492,5.);
#1175=CIRCLE('',#3494,5.);
#1176=CIRCLE('',#3496,5.);
#1177=CIRCLE('',#3498,5.);
#1178=CIRCLE('',#3500,5.);
#1179=CIRCLE('',#3502,5.);
#1180=CIRCLE('',#3504,5.);
#1181=VERTEX_POINT('',#4571);
#1182=VERTEX_POINT('',#4572);
#1183=VERTEX_POINT('',#4574);
#1184=VERTEX_POINT('',#4576);
#1185=VERTEX_POINT('',#4578);
#1186=VERTEX_POINT('',#4580);
#1187=VERTEX_POINT('',#4582);
#1188=VERTEX_POINT('',#4584);
#1189=VERTEX_POINT('',#4586);
#1190=VERTEX_POINT('',#4588);
#1191=VERTEX_POINT('',#4590);
#1192=VERTEX_POINT('',#4592);
#1193=VERTEX_POINT('',#4594);
#1194=VERTEX_POINT('',#4596);
#1195=VERTEX_POINT('',#4598);
#1196=VERTEX_POINT('',#4600);
#1197=VERTEX_POINT('',#4602);
#1198=VERTEX_POINT('',#4604);
#1199=VERTEX_POINT('',#4606);
#1200=VERTEX_POINT('',#4608);
#1201=VERTEX_POINT('',#4610);
#1202=VERTEX_POINT('',#4612);
#1203=VERTEX_POINT('',#4614);
#1204=VERTEX_POINT('',#4616);
#1205=VERTEX_POINT('',#4618);
#1206=VERTEX_POINT('',#4620);
#1207=VERTEX_POINT('',#4622);
#1208=VERTEX_POINT('',#4624);
#1209=VERTEX_POINT('',#4626);
#1210=VERTEX_POINT('',#4628);
#1211=VERTEX_POINT('',#4630);
#1212=VERTEX_POINT('',#4632);
#1213=VERTEX_POINT('',#4635);
#1214=VERTEX_POINT('',#4636);
#1215=VERTEX_POINT('',#4638);
#1216=VERTEX_POINT('',#4640);
#1217=VERTEX_POINT('',#4642);
#1218=VERTEX_POINT('',#4644);
#1219=VERTEX_POINT('',#4648);
#1220=VERTEX_POINT('',#4649);
#1221=VERTEX_POINT('',#4654);
#1222=VERTEX_POINT('',#4658);
#1223=VERTEX_POINT('',#4660);
#1224=VERTEX_POINT('',#4662);
#1225=VERTEX_POINT('',#4670);
#1226=VERTEX_POINT('',#4671);
#1227=VERTEX_POINT('',#4682);
#1228=VERTEX_POINT('',#4684);
#1229=VERTEX_POINT('',#4693);
#1230=VERTEX_POINT('',#4695);
#1231=VERTEX_POINT('',#4698);
#1232=VERTEX_POINT('',#4705);
#1233=VERTEX_POINT('',#4707);
#1234=VERTEX_POINT('',#4718);
#1235=VERTEX_POINT('',#4720);
#1236=VERTEX_POINT('',#4731);
#1237=VERTEX_POINT('',#4733);
#1238=VERTEX_POINT('',#4744);
#1239=VERTEX_POINT('',#4746);
#1240=VERTEX_POINT('',#4757);
#1241=VERTEX_POINT('',#4759);
#1242=VERTEX_POINT('',#4770);
#1243=VERTEX_POINT('',#4772);
#1244=VERTEX_POINT('',#4783);
#1245=VERTEX_POINT('',#4785);
#1246=VERTEX_POINT('',#4796);
#1247=VERTEX_POINT('',#4798);
#1248=VERTEX_POINT('',#4809);
#1249=VERTEX_POINT('',#4811);
#1250=VERTEX_POINT('',#4822);
#1251=VERTEX_POINT('',#4824);
#1252=VERTEX_POINT('',#4835);
#1253=VERTEX_POINT('',#4837);
#1254=VERTEX_POINT('',#4848);
#1255=VERTEX_POINT('',#4850);
#1256=VERTEX_POINT('',#4861);
#1257=VERTEX_POINT('',#4863);
#1258=VERTEX_POINT('',#4874);
#1259=VERTEX_POINT('',#4876);
#1260=VERTEX_POINT('',#4889);
#1261=VERTEX_POINT('',#4891);
#1262=VERTEX_POINT('',#4900);
#1263=VERTEX_POINT('',#4902);
#1264=VERTEX_POINT('',#4913);
#1265=VERTEX_POINT('',#4915);
#1266=VERTEX_POINT('',#4924);
#1267=VERTEX_POINT('',#4926);
#1268=VERTEX_POINT('',#4937);
#1269=VERTEX_POINT('',#4939);
#1270=VERTEX_POINT('',#4948);
#1271=VERTEX_POINT('',#4950);
#1272=VERTEX_POINT('',#4961);
#1273=VERTEX_POINT('',#4963);
#1274=VERTEX_POINT('',#4972);
#1275=VERTEX_POINT('',#4974);
#1276=VERTEX_POINT('',#4985);
#1277=VERTEX_POINT('',#4987);
#1278=VERTEX_POINT('',#4996);
#1279=VERTEX_POINT('',#4998);
#1280=VERTEX_POINT('',#5009);
#1281=VERTEX_POINT('',#5011);
#1282=VERTEX_POINT('',#5020);
#1283=VERTEX_POINT('',#5022);
#1284=VERTEX_POINT('',#5033);
#1285=VERTEX_POINT('',#5035);
#1286=VERTEX_POINT('',#5044);
#1287=VERTEX_POINT('',#5046);
#1288=VERTEX_POINT('',#5069);
#1289=VERTEX_POINT('',#5073);
#1290=VERTEX_POINT('',#5075);
#1291=VERTEX_POINT('',#5079);
#1292=VERTEX_POINT('',#5081);
#1293=VERTEX_POINT('',#5085);
#1294=VERTEX_POINT('',#5087);
#1295=VERTEX_POINT('',#5091);
#1296=VERTEX_POINT('',#5093);
#1297=VERTEX_POINT('',#5097);
#1298=VERTEX_POINT('',#5099);
#1299=VERTEX_POINT('',#5103);
#1300=VERTEX_POINT('',#5105);
#1301=VERTEX_POINT('',#5109);
#1302=VERTEX_POINT('',#5111);
#1303=VERTEX_POINT('',#5115);
#1304=VERTEX_POINT('',#5117);
#1305=VERTEX_POINT('',#5121);
#1306=VERTEX_POINT('',#5125);
#1307=VERTEX_POINT('',#5134);
#1308=VERTEX_POINT('',#5145);
#1309=VERTEX_POINT('',#5148);
#1310=VERTEX_POINT('',#5149);
#1311=VERTEX_POINT('',#5154);
#1312=VERTEX_POINT('',#5155);
#1313=VERTEX_POINT('',#5162);
#1314=VERTEX_POINT('',#5163);
#1315=VERTEX_POINT('',#5168);
#1316=VERTEX_POINT('',#5169);
#1317=VERTEX_POINT('',#5176);
#1318=VERTEX_POINT('',#5177);
#1319=VERTEX_POINT('',#5182);
#1320=VERTEX_POINT('',#5183);
#1321=VERTEX_POINT('',#5190);
#1322=VERTEX_POINT('',#5191);
#1323=VERTEX_POINT('',#5196);
#1324=VERTEX_POINT('',#5198);
#1325=VERTEX_POINT('',#5202);
#1326=VERTEX_POINT('',#5203);
#1327=VERTEX_POINT('',#5208);
#1328=VERTEX_POINT('',#5209);
#1329=VERTEX_POINT('',#5216);
#1330=VERTEX_POINT('',#5217);
#1331=VERTEX_POINT('',#5222);
#1332=VERTEX_POINT('',#5223);
#1333=VERTEX_POINT('',#5230);
#1334=VERTEX_POINT('',#5231);
#1335=VERTEX_POINT('',#5236);
#1336=VERTEX_POINT('',#5237);
#1337=VERTEX_POINT('',#5244);
#1338=VERTEX_POINT('',#5245);
#1339=VERTEX_POINT('',#5250);
#1340=VERTEX_POINT('',#5251);
#1341=VERTEX_POINT('',#5258);
#1342=VERTEX_POINT('',#5259);
#1343=VERTEX_POINT('',#5264);
#1344=VERTEX_POINT('',#5265);
#1345=VERTEX_POINT('',#5272);
#1346=VERTEX_POINT('',#5273);
#1347=VERTEX_POINT('',#5278);
#1348=VERTEX_POINT('',#5279);
#1349=VERTEX_POINT('',#5286);
#1350=VERTEX_POINT('',#5287);
#1351=VERTEX_POINT('',#5292);
#1352=VERTEX_POINT('',#5293);
#1353=VERTEX_POINT('',#5300);
#1354=VERTEX_POINT('',#5301);
#1355=VERTEX_POINT('',#5306);
#1356=VERTEX_POINT('',#5307);
#1357=VERTEX_POINT('',#5314);
#1358=VERTEX_POINT('',#5315);
#1359=VERTEX_POINT('',#5320);
#1360=VERTEX_POINT('',#5321);
#1361=VERTEX_POINT('',#5328);
#1362=VERTEX_POINT('',#5329);
#1363=VERTEX_POINT('',#5334);
#1364=VERTEX_POINT('',#5335);
#1365=VERTEX_POINT('',#5342);
#1366=VERTEX_POINT('',#5343);
#1367=VERTEX_POINT('',#5348);
#1368=VERTEX_POINT('',#5349);
#1369=VERTEX_POINT('',#5356);
#1370=VERTEX_POINT('',#5357);
#1371=VERTEX_POINT('',#5362);
#1372=VERTEX_POINT('',#5363);
#1373=VERTEX_POINT('',#5372);
#1374=VERTEX_POINT('',#5419);
#1375=VERTEX_POINT('',#5420);
#1376=VERTEX_POINT('',#5504);
#1377=VERTEX_POINT('',#5551);
#1378=VERTEX_POINT('',#5552);
#1379=VERTEX_POINT('',#5605);
#1380=VERTEX_POINT('',#5652);
#1381=VERTEX_POINT('',#5653);
#1382=VERTEX_POINT('',#5706);
#1383=VERTEX_POINT('',#5753);
#1384=VERTEX_POINT('',#5754);
#1385=VERTEX_POINT('',#5807);
#1386=VERTEX_POINT('',#5854);
#1387=VERTEX_POINT('',#5855);
#1388=VERTEX_POINT('',#5908);
#1389=VERTEX_POINT('',#5955);
#1390=VERTEX_POINT('',#5956);
#1391=VERTEX_POINT('',#6009);
#1392=VERTEX_POINT('',#6056);
#1393=VERTEX_POINT('',#6057);
#1394=VERTEX_POINT('',#6110);
#1395=VERTEX_POINT('',#6157);
#1396=VERTEX_POINT('',#6158);
#1397=VERTEX_POINT('',#6211);
#1398=VERTEX_POINT('',#6258);
#1399=VERTEX_POINT('',#6259);
#1400=VERTEX_POINT('',#6312);
#1401=VERTEX_POINT('',#6359);
#1402=VERTEX_POINT('',#6360);
#1403=VERTEX_POINT('',#6413);
#1404=VERTEX_POINT('',#6460);
#1405=VERTEX_POINT('',#6461);
#1406=VERTEX_POINT('',#6514);
#1407=VERTEX_POINT('',#6561);
#1408=VERTEX_POINT('',#6562);
#1409=VERTEX_POINT('',#6615);
#1410=VERTEX_POINT('',#6664);
#1411=VERTEX_POINT('',#6665);
#1412=VERTEX_POINT('',#6718);
#1413=VERTEX_POINT('',#6765);
#1414=VERTEX_POINT('',#6766);
#1415=VERTEX_POINT('',#6819);
#1416=VERTEX_POINT('',#6866);
#1417=VERTEX_POINT('',#6867);
#1418=VERTEX_POINT('',#6920);
#1419=VERTEX_POINT('',#6965);
#1420=VERTEX_POINT('',#6966);
#1421=EDGE_CURVE('',#1181,#1182,#883,.T.);
#1422=EDGE_CURVE('',#1183,#1181,#884,.T.);
#1423=EDGE_CURVE('',#1184,#1183,#885,.T.);
#1424=EDGE_CURVE('',#1185,#1184,#886,.T.);
#1425=EDGE_CURVE('',#1186,#1185,#887,.T.);
#1426=EDGE_CURVE('',#1187,#1186,#888,.T.);
#1427=EDGE_CURVE('',#1188,#1187,#889,.T.);
#1428=EDGE_CURVE('',#1189,#1188,#890,.T.);
#1429=EDGE_CURVE('',#1190,#1189,#891,.T.);
#1430=EDGE_CURVE('',#1191,#1190,#892,.T.);
#1431=EDGE_CURVE('',#1192,#1191,#893,.T.);
#1432=EDGE_CURVE('',#1193,#1192,#894,.T.);
#1433=EDGE_CURVE('',#1194,#1193,#895,.T.);
#1434=EDGE_CURVE('',#1195,#1194,#896,.T.);
#1435=EDGE_CURVE('',#1196,#1195,#897,.T.);
#1436=EDGE_CURVE('',#1197,#1196,#898,.T.);
#1437=EDGE_CURVE('',#1198,#1197,#899,.T.);
#1438=EDGE_CURVE('',#1199,#1198,#900,.T.);
#1439=EDGE_CURVE('',#1200,#1199,#901,.T.);
#1440=EDGE_CURVE('',#1201,#1200,#902,.T.);
#1441=EDGE_CURVE('',#1202,#1201,#903,.T.);
#1442=EDGE_CURVE('',#1203,#1202,#904,.T.);
#1443=EDGE_CURVE('',#1204,#1203,#905,.T.);
#1444=EDGE_CURVE('',#1205,#1204,#906,.T.);
#1445=EDGE_CURVE('',#1206,#1205,#907,.T.);
#1446=EDGE_CURVE('',#1207,#1206,#908,.T.);
#1447=EDGE_CURVE('',#1208,#1207,#909,.T.);
#1448=EDGE_CURVE('',#1209,#1208,#910,.T.);
#1449=EDGE_CURVE('',#1210,#1209,#911,.T.);
#1450=EDGE_CURVE('',#1211,#1210,#912,.T.);
#1451=EDGE_CURVE('',#1212,#1211,#913,.T.);
#1452=EDGE_CURVE('',#1182,#1212,#914,.T.);
#1453=EDGE_CURVE('',#1213,#1214,#915,.T.);
#1454=EDGE_CURVE('',#1215,#1213,#294,.T.);
#1455=EDGE_CURVE('',#1216,#1215,#916,.T.);
#1456=EDGE_CURVE('',#1217,#1216,#295,.T.);
#1457=EDGE_CURVE('',#1218,#1217,#917,.T.);
#1458=EDGE_CURVE('',#1214,#1218,#296,.T.);
#1459=EDGE_CURVE('',#1219,#1220,#918,.T.);
#1460=EDGE_CURVE('',#1216,#1219,#297,.T.);
#1461=EDGE_CURVE('',#1220,#1215,#298,.T.);
#1462=EDGE_CURVE('',#1221,#1219,#299,.T.);
#1463=EDGE_CURVE('',#1221,#1217,#300,.T.);
#1464=EDGE_CURVE('',#1220,#1222,#301,.T.);
#1465=EDGE_CURVE('',#1222,#1223,#919,.T.);
#1466=EDGE_CURVE('',#1223,#1224,#302,.T.);
#1467=EDGE_CURVE('',#1224,#1221,#920,.T.);
#1468=EDGE_CURVE('',#1218,#1224,#303,.T.);
#1469=EDGE_CURVE('',#1214,#1223,#304,.T.);
#1470=EDGE_CURVE('',#1225,#1226,#80,.T.);
#1471=EDGE_CURVE('',#1226,#1227,#921,.T.);
#1472=EDGE_CURVE('',#1227,#1228,#81,.T.);
#1473=EDGE_CURVE('',#1228,#1229,#922,.T.);
#1474=EDGE_CURVE('',#1229,#1230,#923,.T.);
#1475=EDGE_CURVE('',#1230,#1229,#924,.T.);
#1476=EDGE_CURVE('',#1228,#1231,#82,.T.);
#1477=EDGE_CURVE('',#1231,#1232,#925,.T.);
#1478=EDGE_CURVE('',#1232,#1233,#83,.T.);
#1479=EDGE_CURVE('',#1233,#1234,#926,.T.);
#1480=EDGE_CURVE('',#1234,#1235,#84,.T.);
#1481=EDGE_CURVE('',#1235,#1236,#927,.T.);
#1482=EDGE_CURVE('',#1236,#1237,#85,.T.);
#1483=EDGE_CURVE('',#1237,#1238,#928,.T.);
#1484=EDGE_CURVE('',#1238,#1239,#86,.T.);
#1485=EDGE_CURVE('',#1239,#1240,#929,.T.);
#1486=EDGE_CURVE('',#1240,#1241,#87,.T.);
#1487=EDGE_CURVE('',#1241,#1242,#930,.T.);
#1488=EDGE_CURVE('',#1242,#1243,#88,.T.);
#1489=EDGE_CURVE('',#1243,#1244,#931,.T.);
#1490=EDGE_CURVE('',#1244,#1245,#89,.T.);
#1491=EDGE_CURVE('',#1245,#1246,#932,.T.);
#1492=EDGE_CURVE('',#1246,#1247,#90,.T.);
#1493=EDGE_CURVE('',#1247,#1248,#933,.T.);
#1494=EDGE_CURVE('',#1248,#1249,#91,.T.);
#1495=EDGE_CURVE('',#1249,#1250,#934,.T.);
#1496=EDGE_CURVE('',#1250,#1251,#92,.T.);
#1497=EDGE_CURVE('',#1251,#1252,#935,.T.);
#1498=EDGE_CURVE('',#1252,#1253,#93,.T.);
#1499=EDGE_CURVE('',#1253,#1254,#936,.T.);
#1500=EDGE_CURVE('',#1254,#1255,#94,.T.);
#1501=EDGE_CURVE('',#1255,#1256,#937,.T.);
#1502=EDGE_CURVE('',#1256,#1257,#95,.T.);
#1503=EDGE_CURVE('',#1257,#1258,#938,.T.);
#1504=EDGE_CURVE('',#1258,#1259,#96,.T.);
#1505=EDGE_CURVE('',#1259,#1225,#939,.T.);
#1506=EDGE_CURVE('',#1252,#1260,#940,.T.);
#1507=EDGE_CURVE('',#1261,#1260,#97,.T.);
#1508=EDGE_CURVE('',#1261,#1262,#941,.T.);
#1509=EDGE_CURVE('',#1263,#1262,#98,.T.);
#1510=EDGE_CURVE('',#1263,#1253,#942,.T.);
#1511=EDGE_CURVE('',#1250,#1264,#943,.T.);
#1512=EDGE_CURVE('',#1265,#1264,#99,.T.);
#1513=EDGE_CURVE('',#1265,#1266,#944,.T.);
#1514=EDGE_CURVE('',#1267,#1266,#100,.T.);
#1515=EDGE_CURVE('',#1267,#1251,#945,.T.);
#1516=EDGE_CURVE('',#1248,#1268,#946,.T.);
#1517=EDGE_CURVE('',#1269,#1268,#101,.T.);
#1518=EDGE_CURVE('',#1269,#1270,#947,.T.);
#1519=EDGE_CURVE('',#1271,#1270,#102,.T.);
#1520=EDGE_CURVE('',#1271,#1249,#948,.T.);
#1521=EDGE_CURVE('',#1246,#1272,#949,.T.);
#1522=EDGE_CURVE('',#1273,#1272,#103,.T.);
#1523=EDGE_CURVE('',#1273,#1274,#950,.T.);
#1524=EDGE_CURVE('',#1275,#1274,#104,.T.);
#1525=EDGE_CURVE('',#1275,#1247,#951,.T.);
#1526=EDGE_CURVE('',#1244,#1276,#952,.T.);
#1527=EDGE_CURVE('',#1277,#1276,#105,.T.);
#1528=EDGE_CURVE('',#1277,#1278,#953,.T.);
#1529=EDGE_CURVE('',#1279,#1278,#106,.T.);
#1530=EDGE_CURVE('',#1279,#1245,#954,.T.);
#1531=EDGE_CURVE('',#1242,#1280,#955,.T.);
#1532=EDGE_CURVE('',#1281,#1280,#107,.T.);
#1533=EDGE_CURVE('',#1281,#1282,#956,.T.);
#1534=EDGE_CURVE('',#1283,#1282,#108,.T.);
#1535=EDGE_CURVE('',#1283,#1243,#957,.T.);
#1536=EDGE_CURVE('',#1240,#1284,#958,.T.);
#1537=EDGE_CURVE('',#1285,#1284,#109,.T.);
#1538=EDGE_CURVE('',#1285,#1286,#959,.T.);
#1539=EDGE_CURVE('',#1287,#1286,#110,.T.);
#1540=EDGE_CURVE('',#1287,#1241,#960,.T.);
#1541=EDGE_CURVE('',#1260,#1267,#961,.T.);
#1542=EDGE_CURVE('',#1264,#1271,#962,.T.);
#1543=EDGE_CURVE('',#1268,#1275,#963,.T.);
#1544=EDGE_CURVE('',#1272,#1279,#964,.T.);
#1545=EDGE_CURVE('',#1276,#1283,#965,.T.);
#1546=EDGE_CURVE('',#1280,#1287,#966,.T.);
#1547=EDGE_CURVE('',#1288,#1239,#967,.T.);
#1548=EDGE_CURVE('',#1284,#1288,#968,.T.);
#1549=EDGE_CURVE('',#1289,#1237,#969,.T.);
#1550=EDGE_CURVE('',#1290,#1289,#970,.T.);
#1551=EDGE_CURVE('',#1238,#1290,#971,.T.);
#1552=EDGE_CURVE('',#1291,#1235,#972,.T.);
#1553=EDGE_CURVE('',#1292,#1291,#973,.T.);
#1554=EDGE_CURVE('',#1236,#1292,#974,.T.);
#1555=EDGE_CURVE('',#1293,#1233,#975,.T.);
#1556=EDGE_CURVE('',#1294,#1293,#976,.T.);
#1557=EDGE_CURVE('',#1234,#1294,#977,.T.);
#1558=EDGE_CURVE('',#1295,#1231,#978,.T.);
#1559=EDGE_CURVE('',#1296,#1295,#979,.T.);
#1560=EDGE_CURVE('',#1232,#1296,#980,.T.);
#1561=EDGE_CURVE('',#1297,#1226,#981,.T.);
#1562=EDGE_CURVE('',#1298,#1297,#982,.T.);
#1563=EDGE_CURVE('',#1227,#1298,#983,.T.);
#1564=EDGE_CURVE('',#1299,#1259,#984,.T.);
#1565=EDGE_CURVE('',#1300,#1299,#985,.T.);
#1566=EDGE_CURVE('',#1225,#1300,#986,.T.);
#1567=EDGE_CURVE('',#1301,#1257,#987,.T.);
#1568=EDGE_CURVE('',#1302,#1301,#988,.T.);
#1569=EDGE_CURVE('',#1258,#1302,#989,.T.);
#1570=EDGE_CURVE('',#1303,#1255,#990,.T.);
#1571=EDGE_CURVE('',#1304,#1303,#991,.T.);
#1572=EDGE_CURVE('',#1256,#1304,#992,.T.);
#1573=EDGE_CURVE('',#1305,#1263,#993,.T.);
#1574=EDGE_CURVE('',#1254,#1305,#994,.T.);
#1575=EDGE_CURVE('',#1306,#1290,#111,.T.);
#1576=EDGE_CURVE('',#1306,#1307,#995,.T.);
#1577=EDGE_CURVE('',#1288,#1307,#112,.T.);
#1578=EDGE_CURVE('',#1308,#1230,#996,.T.);
#1579=EDGE_CURVE('',#1309,#1310,#997,.F.);
#1580=EDGE_CURVE('',#1186,#1309,#998,.F.);
#1581=EDGE_CURVE('',#1310,#1186,#999,.F.);
#1582=EDGE_CURVE('',#1311,#1312,#1000,.F.);
#1583=EDGE_CURVE('',#1185,#1311,#1001,.F.);
#1584=EDGE_CURVE('',#1312,#1185,#1002,.F.);
#1585=EDGE_CURVE('',#1311,#1310,#1003,.T.);
#1586=EDGE_CURVE('',#1313,#1314,#1004,.F.);
#1587=EDGE_CURVE('',#1187,#1313,#1005,.F.);
#1588=EDGE_CURVE('',#1314,#1187,#1006,.F.);
#1589=EDGE_CURVE('',#1315,#1316,#1007,.F.);
#1590=EDGE_CURVE('',#1184,#1315,#1008,.F.);
#1591=EDGE_CURVE('',#1316,#1184,#1009,.F.);
#1592=EDGE_CURVE('',#1315,#1312,#1010,.T.);
#1593=EDGE_CURVE('',#1317,#1318,#1011,.F.);
#1594=EDGE_CURVE('',#1188,#1317,#1012,.F.);
#1595=EDGE_CURVE('',#1318,#1188,#1013,.F.);
#1596=EDGE_CURVE('',#1319,#1320,#1014,.F.);
#1597=EDGE_CURVE('',#1183,#1319,#1015,.F.);
#1598=EDGE_CURVE('',#1320,#1183,#1016,.F.);
#1599=EDGE_CURVE('',#1319,#1316,#1017,.T.);
#1600=EDGE_CURVE('',#1321,#1322,#1018,.F.);
#1601=EDGE_CURVE('',#1189,#1321,#1019,.F.);
#1602=EDGE_CURVE('',#1322,#1189,#1020,.F.);
#1603=EDGE_CURVE('',#1181,#1323,#1021,.F.);
#1604=EDGE_CURVE('',#1324,#1181,#1022,.F.);
#1605=EDGE_CURVE('',#1323,#1324,#1023,.F.);
#1606=EDGE_CURVE('',#1325,#1326,#1024,.F.);
#1607=EDGE_CURVE('',#1190,#1325,#1025,.F.);
#1608=EDGE_CURVE('',#1326,#1190,#1026,.F.);
#1609=EDGE_CURVE('',#1327,#1328,#1027,.F.);
#1610=EDGE_CURVE('',#1182,#1327,#1028,.F.);
#1611=EDGE_CURVE('',#1328,#1182,#1029,.F.);
#1612=EDGE_CURVE('',#1327,#1324,#1030,.T.);
#1613=EDGE_CURVE('',#1329,#1330,#1031,.F.);
#1614=EDGE_CURVE('',#1191,#1329,#1032,.F.);
#1615=EDGE_CURVE('',#1330,#1191,#1033,.F.);
#1616=EDGE_CURVE('',#1331,#1332,#1034,.F.);
#1617=EDGE_CURVE('',#1212,#1331,#1035,.F.);
#1618=EDGE_CURVE('',#1332,#1212,#1036,.F.);
#1619=EDGE_CURVE('',#1331,#1328,#1037,.T.);
#1620=EDGE_CURVE('',#1333,#1334,#1038,.F.);
#1621=EDGE_CURVE('',#1192,#1333,#1039,.F.);
#1622=EDGE_CURVE('',#1334,#1192,#1040,.F.);
#1623=EDGE_CURVE('',#1335,#1336,#1041,.F.);
#1624=EDGE_CURVE('',#1211,#1335,#1042,.F.);
#1625=EDGE_CURVE('',#1336,#1211,#1043,.F.);
#1626=EDGE_CURVE('',#1335,#1332,#1044,.T.);
#1627=EDGE_CURVE('',#1337,#1338,#1045,.F.);
#1628=EDGE_CURVE('',#1193,#1337,#1046,.F.);
#1629=EDGE_CURVE('',#1338,#1193,#1047,.F.);
#1630=EDGE_CURVE('',#1339,#1340,#1048,.F.);
#1631=EDGE_CURVE('',#1210,#1339,#1049,.F.);
#1632=EDGE_CURVE('',#1340,#1210,#1050,.F.);
#1633=EDGE_CURVE('',#1339,#1336,#1051,.T.);
#1634=EDGE_CURVE('',#1341,#1342,#1052,.F.);
#1635=EDGE_CURVE('',#1194,#1341,#1053,.F.);
#1636=EDGE_CURVE('',#1342,#1194,#1054,.F.);
#1637=EDGE_CURVE('',#1343,#1344,#1055,.F.);
#1638=EDGE_CURVE('',#1209,#1343,#1056,.F.);
#1639=EDGE_CURVE('',#1344,#1209,#1057,.F.);
#1640=EDGE_CURVE('',#1343,#1340,#1058,.T.);
#1641=EDGE_CURVE('',#1345,#1346,#1059,.F.);
#1642=EDGE_CURVE('',#1195,#1345,#1060,.F.);
#1643=EDGE_CURVE('',#1346,#1195,#1061,.F.);
#1644=EDGE_CURVE('',#1347,#1348,#1062,.F.);
#1645=EDGE_CURVE('',#1208,#1347,#1063,.F.);
#1646=EDGE_CURVE('',#1348,#1208,#1064,.F.);
#1647=EDGE_CURVE('',#1347,#1344,#1065,.T.);
#1648=EDGE_CURVE('',#1349,#1350,#1066,.F.);
#1649=EDGE_CURVE('',#1196,#1349,#1067,.F.);
#1650=EDGE_CURVE('',#1350,#1196,#1068,.F.);
#1651=EDGE_CURVE('',#1351,#1352,#1069,.F.);
#1652=EDGE_CURVE('',#1207,#1351,#1070,.F.);
#1653=EDGE_CURVE('',#1352,#1207,#1071,.F.);
#1654=EDGE_CURVE('',#1351,#1348,#1072,.T.);
#1655=EDGE_CURVE('',#1353,#1354,#1073,.F.);
#1656=EDGE_CURVE('',#1197,#1353,#1074,.F.);
#1657=EDGE_CURVE('',#1354,#1197,#1075,.F.);
#1658=EDGE_CURVE('',#1355,#1356,#1076,.F.);
#1659=EDGE_CURVE('',#1206,#1355,#1077,.F.);
#1660=EDGE_CURVE('',#1356,#1206,#1078,.F.);
#1661=EDGE_CURVE('',#1355,#1352,#1079,.T.);
#1662=EDGE_CURVE('',#1357,#1358,#1080,.F.);
#1663=EDGE_CURVE('',#1198,#1357,#1081,.F.);
#1664=EDGE_CURVE('',#1358,#1198,#1082,.F.);
#1665=EDGE_CURVE('',#1359,#1360,#1083,.F.);
#1666=EDGE_CURVE('',#1205,#1359,#1084,.F.);
#1667=EDGE_CURVE('',#1360,#1205,#1085,.F.);
#1668=EDGE_CURVE('',#1359,#1356,#1086,.T.);
#1669=EDGE_CURVE('',#1361,#1362,#1087,.F.);
#1670=EDGE_CURVE('',#1199,#1361,#1088,.F.);
#1671=EDGE_CURVE('',#1362,#1199,#1089,.F.);
#1672=EDGE_CURVE('',#1363,#1364,#1090,.F.);
#1673=EDGE_CURVE('',#1204,#1363,#1091,.F.);
#1674=EDGE_CURVE('',#1364,#1204,#1092,.F.);
#1675=EDGE_CURVE('',#1363,#1360,#1093,.T.);
#1676=EDGE_CURVE('',#1365,#1366,#1094,.F.);
#1677=EDGE_CURVE('',#1200,#1365,#1095,.F.);
#1678=EDGE_CURVE('',#1366,#1200,#1096,.F.);
#1679=EDGE_CURVE('',#1367,#1368,#1097,.F.);
#1680=EDGE_CURVE('',#1203,#1367,#1098,.F.);
#1681=EDGE_CURVE('',#1368,#1203,#1099,.F.);
#1682=EDGE_CURVE('',#1367,#1364,#1100,.T.);
#1683=EDGE_CURVE('',#1369,#1370,#1101,.F.);
#1684=EDGE_CURVE('',#1201,#1369,#1102,.F.);
#1685=EDGE_CURVE('',#1370,#1201,#1103,.F.);
#1686=EDGE_CURVE('',#1371,#1372,#1104,.F.);
#1687=EDGE_CURVE('',#1202,#1371,#1105,.F.);
#1688=EDGE_CURVE('',#1372,#1202,#1106,.F.);
#1689=EDGE_CURVE('',#1371,#1368,#1107,.T.);
#1690=EDGE_CURVE('',#1369,#1372,#1108,.T.);
#1691=EDGE_CURVE('',#1373,#1262,#1109,.T.);
#1692=EDGE_CURVE('',#1262,#1371,#305,.T.);
#1693=EDGE_CURVE('',#1372,#1373,#306,.T.);
#1694=EDGE_CURVE('',#1373,#1263,#113,.T.);
#1695=EDGE_CURVE('',#1365,#1370,#1110,.T.);
#1696=EDGE_CURVE('',#1374,#1375,#1111,.T.);
#1697=EDGE_CURVE('',#1375,#1369,#307,.T.);
#1698=EDGE_CURVE('',#1370,#1374,#308,.T.);
#1699=EDGE_CURVE('',#1374,#1305,#114,.T.);
#1700=EDGE_CURVE('',#1305,#1375,#115,.T.);
#1701=EDGE_CURVE('',#1376,#1261,#1112,.T.);
#1702=EDGE_CURVE('',#1260,#1376,#116,.T.);
#1703=EDGE_CURVE('',#1376,#1367,#309,.T.);
#1704=EDGE_CURVE('',#1368,#1261,#310,.T.);
#1705=EDGE_CURVE('',#1361,#1366,#1113,.T.);
#1706=EDGE_CURVE('',#1377,#1378,#1114,.T.);
#1707=EDGE_CURVE('',#1378,#1303,#117,.T.);
#1708=EDGE_CURVE('',#1303,#1377,#118,.T.);
#1709=EDGE_CURVE('',#1377,#1365,#311,.T.);
#1710=EDGE_CURVE('',#1366,#1378,#312,.T.);
#1711=EDGE_CURVE('',#1266,#1379,#1115,.T.);
#1712=EDGE_CURVE('',#1379,#1267,#119,.T.);
#1713=EDGE_CURVE('',#1266,#1363,#313,.T.);
#1714=EDGE_CURVE('',#1364,#1379,#314,.T.);
#1715=EDGE_CURVE('',#1357,#1362,#1116,.T.);
#1716=EDGE_CURVE('',#1380,#1381,#1117,.T.);
#1717=EDGE_CURVE('',#1381,#1304,#120,.T.);
#1718=EDGE_CURVE('',#1304,#1380,#121,.T.);
#1719=EDGE_CURVE('',#1380,#1361,#315,.T.);
#1720=EDGE_CURVE('',#1362,#1381,#316,.T.);
#1721=EDGE_CURVE('',#1382,#1265,#1118,.T.);
#1722=EDGE_CURVE('',#1264,#1382,#122,.T.);
#1723=EDGE_CURVE('',#1382,#1359,#317,.T.);
#1724=EDGE_CURVE('',#1360,#1265,#318,.T.);
#1725=EDGE_CURVE('',#1353,#1358,#1119,.T.);
#1726=EDGE_CURVE('',#1383,#1384,#1120,.T.);
#1727=EDGE_CURVE('',#1384,#1301,#123,.T.);
#1728=EDGE_CURVE('',#1301,#1383,#124,.T.);
#1729=EDGE_CURVE('',#1383,#1357,#319,.T.);
#1730=EDGE_CURVE('',#1358,#1384,#320,.T.);
#1731=EDGE_CURVE('',#1270,#1385,#1121,.T.);
#1732=EDGE_CURVE('',#1385,#1271,#125,.T.);
#1733=EDGE_CURVE('',#1270,#1355,#321,.T.);
#1734=EDGE_CURVE('',#1356,#1385,#322,.T.);
#1735=EDGE_CURVE('',#1349,#1354,#1122,.T.);
#1736=EDGE_CURVE('',#1386,#1387,#1123,.T.);
#1737=EDGE_CURVE('',#1387,#1302,#126,.T.);
#1738=EDGE_CURVE('',#1302,#1386,#127,.T.);
#1739=EDGE_CURVE('',#1386,#1353,#323,.T.);
#1740=EDGE_CURVE('',#1354,#1387,#324,.T.);
#1741=EDGE_CURVE('',#1388,#1269,#1124,.T.);
#1742=EDGE_CURVE('',#1268,#1388,#128,.T.);
#1743=EDGE_CURVE('',#1388,#1351,#325,.T.);
#1744=EDGE_CURVE('',#1352,#1269,#326,.T.);
#1745=EDGE_CURVE('',#1345,#1350,#1125,.T.);
#1746=EDGE_CURVE('',#1389,#1390,#1126,.T.);
#1747=EDGE_CURVE('',#1390,#1299,#129,.T.);
#1748=EDGE_CURVE('',#1299,#1389,#130,.T.);
#1749=EDGE_CURVE('',#1389,#1349,#327,.T.);
#1750=EDGE_CURVE('',#1350,#1390,#328,.T.);
#1751=EDGE_CURVE('',#1274,#1391,#1127,.T.);
#1752=EDGE_CURVE('',#1391,#1275,#131,.T.);
#1753=EDGE_CURVE('',#1274,#1347,#329,.T.);
#1754=EDGE_CURVE('',#1348,#1391,#330,.T.);
#1755=EDGE_CURVE('',#1341,#1346,#1128,.T.);
#1756=EDGE_CURVE('',#1392,#1393,#1129,.T.);
#1757=EDGE_CURVE('',#1393,#1300,#132,.T.);
#1758=EDGE_CURVE('',#1300,#1392,#133,.T.);
#1759=EDGE_CURVE('',#1392,#1345,#331,.T.);
#1760=EDGE_CURVE('',#1346,#1393,#332,.T.);
#1761=EDGE_CURVE('',#1394,#1273,#1130,.T.);
#1762=EDGE_CURVE('',#1272,#1394,#134,.T.);
#1763=EDGE_CURVE('',#1394,#1343,#333,.T.);
#1764=EDGE_CURVE('',#1344,#1273,#334,.T.);
#1765=EDGE_CURVE('',#1337,#1342,#1131,.T.);
#1766=EDGE_CURVE('',#1395,#1396,#1132,.T.);
#1767=EDGE_CURVE('',#1396,#1297,#135,.T.);
#1768=EDGE_CURVE('',#1297,#1395,#136,.T.);
#1769=EDGE_CURVE('',#1395,#1341,#335,.T.);
#1770=EDGE_CURVE('',#1342,#1396,#336,.T.);
#1771=EDGE_CURVE('',#1278,#1397,#1133,.T.);
#1772=EDGE_CURVE('',#1397,#1279,#137,.T.);
#1773=EDGE_CURVE('',#1278,#1339,#337,.T.);
#1774=EDGE_CURVE('',#1340,#1397,#338,.T.);
#1775=EDGE_CURVE('',#1333,#1338,#1134,.T.);
#1776=EDGE_CURVE('',#1398,#1399,#1135,.T.);
#1777=EDGE_CURVE('',#1399,#1298,#138,.T.);
#1778=EDGE_CURVE('',#1298,#1398,#139,.T.);
#1779=EDGE_CURVE('',#1398,#1337,#339,.T.);
#1780=EDGE_CURVE('',#1338,#1399,#340,.T.);
#1781=EDGE_CURVE('',#1400,#1277,#1136,.T.);
#1782=EDGE_CURVE('',#1276,#1400,#140,.T.);
#1783=EDGE_CURVE('',#1400,#1335,#341,.T.);
#1784=EDGE_CURVE('',#1336,#1277,#342,.T.);
#1785=EDGE_CURVE('',#1329,#1334,#1137,.T.);
#1786=EDGE_CURVE('',#1401,#1402,#1138,.T.);
#1787=EDGE_CURVE('',#1402,#1295,#141,.T.);
#1788=EDGE_CURVE('',#1295,#1401,#142,.T.);
#1789=EDGE_CURVE('',#1401,#1333,#343,.T.);
#1790=EDGE_CURVE('',#1334,#1402,#344,.T.);
#1791=EDGE_CURVE('',#1282,#1403,#1139,.T.);
#1792=EDGE_CURVE('',#1403,#1283,#143,.T.);
#1793=EDGE_CURVE('',#1282,#1331,#345,.T.);
#1794=EDGE_CURVE('',#1332,#1403,#346,.T.);
#1795=EDGE_CURVE('',#1325,#1330,#1140,.T.);
#1796=EDGE_CURVE('',#1404,#1405,#1141,.T.);
#1797=EDGE_CURVE('',#1405,#1296,#144,.T.);
#1798=EDGE_CURVE('',#1296,#1404,#145,.T.);
#1799=EDGE_CURVE('',#1404,#1329,#347,.T.);
#1800=EDGE_CURVE('',#1330,#1405,#348,.T.);
#1801=EDGE_CURVE('',#1406,#1281,#1142,.T.);
#1802=EDGE_CURVE('',#1280,#1406,#146,.T.);
#1803=EDGE_CURVE('',#1406,#1327,#349,.T.);
#1804=EDGE_CURVE('',#1328,#1281,#350,.T.);
#1805=EDGE_CURVE('',#1321,#1326,#1143,.T.);
#1806=EDGE_CURVE('',#1407,#1408,#1144,.T.);
#1807=EDGE_CURVE('',#1408,#1293,#147,.T.);
#1808=EDGE_CURVE('',#1293,#1407,#148,.T.);
#1809=EDGE_CURVE('',#1407,#1325,#351,.T.);
#1810=EDGE_CURVE('',#1326,#1408,#352,.T.);
#1811=EDGE_CURVE('',#1286,#1409,#1145,.T.);
#1812=EDGE_CURVE('',#1409,#1287,#149,.T.);
#1813=EDGE_CURVE('',#1286,#1323,#353,.T.);
#1814=EDGE_CURVE('',#1324,#1409,#354,.T.);
#1815=EDGE_CURVE('',#1323,#1320,#1146,.T.);
#1816=EDGE_CURVE('',#1317,#1322,#1147,.T.);
#1817=EDGE_CURVE('',#1410,#1411,#1148,.T.);
#1818=EDGE_CURVE('',#1411,#1294,#150,.T.);
#1819=EDGE_CURVE('',#1294,#1410,#151,.T.);
#1820=EDGE_CURVE('',#1410,#1321,#355,.T.);
#1821=EDGE_CURVE('',#1322,#1411,#356,.T.);
#1822=EDGE_CURVE('',#1412,#1285,#1149,.T.);
#1823=EDGE_CURVE('',#1284,#1412,#152,.T.);
#1824=EDGE_CURVE('',#1412,#1319,#357,.T.);
#1825=EDGE_CURVE('',#1320,#1285,#358,.T.);
#1826=EDGE_CURVE('',#1313,#1318,#1150,.T.);
#1827=EDGE_CURVE('',#1413,#1414,#1151,.T.);
#1828=EDGE_CURVE('',#1414,#1291,#153,.T.);
#1829=EDGE_CURVE('',#1291,#1413,#154,.T.);
#1830=EDGE_CURVE('',#1413,#1317,#359,.T.);
#1831=EDGE_CURVE('',#1318,#1414,#360,.T.);
#1832=EDGE_CURVE('',#1307,#1415,#1152,.T.);
#1833=EDGE_CURVE('',#1415,#1288,#155,.T.);
#1834=EDGE_CURVE('',#1307,#1315,#361,.T.);
#1835=EDGE_CURVE('',#1316,#1415,#362,.T.);
#1836=EDGE_CURVE('',#1309,#1314,#1153,.T.);
#1837=EDGE_CURVE('',#1416,#1417,#1154,.T.);
#1838=EDGE_CURVE('',#1417,#1292,#156,.T.);
#1839=EDGE_CURVE('',#1292,#1416,#157,.T.);
#1840=EDGE_CURVE('',#1416,#1313,#363,.T.);
#1841=EDGE_CURVE('',#1314,#1417,#364,.T.);
#1842=EDGE_CURVE('',#1418,#1306,#1155,.T.);
#1843=EDGE_CURVE('',#1290,#1418,#158,.T.);
#1844=EDGE_CURVE('',#1418,#1311,#365,.T.);
#1845=EDGE_CURVE('',#1312,#1306,#366,.T.);
#1846=EDGE_CURVE('',#1419,#1420,#1156,.T.);
#1847=EDGE_CURVE('',#1420,#1289,#159,.T.);
#1848=EDGE_CURVE('',#1289,#1419,#160,.T.);
#1849=EDGE_CURVE('',#1419,#1309,#367,.T.);
#1850=EDGE_CURVE('',#1310,#1420,#368,.T.);
#1851=EDGE_CURVE('',#1373,#1375,#1157,.T.);
#1852=EDGE_CURVE('',#1374,#1377,#1158,.T.);
#1853=EDGE_CURVE('',#1378,#1380,#1159,.T.);
#1854=EDGE_CURVE('',#1381,#1383,#1160,.T.);
#1855=EDGE_CURVE('',#1384,#1386,#1161,.T.);
#1856=EDGE_CURVE('',#1387,#1389,#1162,.T.);
#1857=EDGE_CURVE('',#1390,#1392,#1163,.T.);
#1858=EDGE_CURVE('',#1393,#1395,#1164,.T.);
#1859=EDGE_CURVE('',#1396,#1398,#1165,.T.);
#1860=EDGE_CURVE('',#1399,#1401,#1166,.T.);
#1861=EDGE_CURVE('',#1402,#1404,#1167,.T.);
#1862=EDGE_CURVE('',#1405,#1407,#1168,.T.);
#1863=EDGE_CURVE('',#1408,#1410,#1169,.T.);
#1864=EDGE_CURVE('',#1411,#1413,#1170,.T.);
#1865=EDGE_CURVE('',#1414,#1416,#1171,.T.);
#1866=EDGE_CURVE('',#1417,#1419,#1172,.T.);
#1867=EDGE_CURVE('',#1379,#1376,#1173,.T.);
#1868=EDGE_CURVE('',#1385,#1382,#1174,.T.);
#1869=EDGE_CURVE('',#1391,#1388,#1175,.T.);
#1870=EDGE_CURVE('',#1397,#1394,#1176,.T.);
#1871=EDGE_CURVE('',#1403,#1400,#1177,.T.);
#1872=EDGE_CURVE('',#1409,#1406,#1178,.T.);
#1873=EDGE_CURVE('',#1415,#1412,#1179,.T.);
#1874=EDGE_CURVE('',#1420,#1418,#1180,.T.);
#1875=EDGE_CURVE('',#1213,#1222,#369,.T.);
#1876=ORIENTED_EDGE('',*,*,#1421,.F.);
#1877=ORIENTED_EDGE('',*,*,#1422,.F.);
#1878=ORIENTED_EDGE('',*,*,#1423,.F.);
#1879=ORIENTED_EDGE('',*,*,#1424,.F.);
#1880=ORIENTED_EDGE('',*,*,#1425,.F.);
#1881=ORIENTED_EDGE('',*,*,#1426,.F.);
#1882=ORIENTED_EDGE('',*,*,#1427,.F.);
#1883=ORIENTED_EDGE('',*,*,#1428,.F.);
#1884=ORIENTED_EDGE('',*,*,#1429,.F.);
#1885=ORIENTED_EDGE('',*,*,#1430,.F.);
#1886=ORIENTED_EDGE('',*,*,#1431,.F.);
#1887=ORIENTED_EDGE('',*,*,#1432,.F.);
#1888=ORIENTED_EDGE('',*,*,#1433,.F.);
#1889=ORIENTED_EDGE('',*,*,#1434,.F.);
#1890=ORIENTED_EDGE('',*,*,#1435,.F.);
#1891=ORIENTED_EDGE('',*,*,#1436,.F.);
#1892=ORIENTED_EDGE('',*,*,#1437,.F.);
#1893=ORIENTED_EDGE('',*,*,#1438,.F.);
#1894=ORIENTED_EDGE('',*,*,#1439,.F.);
#1895=ORIENTED_EDGE('',*,*,#1440,.F.);
#1896=ORIENTED_EDGE('',*,*,#1441,.F.);
#1897=ORIENTED_EDGE('',*,*,#1442,.F.);
#1898=ORIENTED_EDGE('',*,*,#1443,.F.);
#1899=ORIENTED_EDGE('',*,*,#1444,.F.);
#1900=ORIENTED_EDGE('',*,*,#1445,.F.);
#1901=ORIENTED_EDGE('',*,*,#1446,.F.);
#1902=ORIENTED_EDGE('',*,*,#1447,.F.);
#1903=ORIENTED_EDGE('',*,*,#1448,.F.);
#1904=ORIENTED_EDGE('',*,*,#1449,.F.);
#1905=ORIENTED_EDGE('',*,*,#1450,.F.);
#1906=ORIENTED_EDGE('',*,*,#1451,.F.);
#1907=ORIENTED_EDGE('',*,*,#1452,.F.);
#1908=ORIENTED_EDGE('',*,*,#1453,.F.);
#1909=ORIENTED_EDGE('',*,*,#1454,.F.);
#1910=ORIENTED_EDGE('',*,*,#1455,.F.);
#1911=ORIENTED_EDGE('',*,*,#1456,.F.);
#1912=ORIENTED_EDGE('',*,*,#1457,.F.);
#1913=ORIENTED_EDGE('',*,*,#1458,.F.);
#1914=ORIENTED_EDGE('',*,*,#1459,.F.);
#1915=ORIENTED_EDGE('',*,*,#1460,.F.);
#1916=ORIENTED_EDGE('',*,*,#1455,.T.);
#1917=ORIENTED_EDGE('',*,*,#1461,.F.);
#1918=ORIENTED_EDGE('',*,*,#1460,.T.);
#1919=ORIENTED_EDGE('',*,*,#1462,.F.);
#1920=ORIENTED_EDGE('',*,*,#1463,.T.);
#1921=ORIENTED_EDGE('',*,*,#1456,.T.);
#1922=ORIENTED_EDGE('',*,*,#1459,.T.);
#1923=ORIENTED_EDGE('',*,*,#1464,.T.);
#1924=ORIENTED_EDGE('',*,*,#1465,.T.);
#1925=ORIENTED_EDGE('',*,*,#1466,.T.);
#1926=ORIENTED_EDGE('',*,*,#1467,.T.);
#1927=ORIENTED_EDGE('',*,*,#1462,.T.);
#1928=ORIENTED_EDGE('',*,*,#1467,.F.);
#1929=ORIENTED_EDGE('',*,*,#1468,.F.);
#1930=ORIENTED_EDGE('',*,*,#1457,.T.);
#1931=ORIENTED_EDGE('',*,*,#1463,.F.);
#1932=ORIENTED_EDGE('',*,*,#1468,.T.);
#1933=ORIENTED_EDGE('',*,*,#1466,.F.);
#1934=ORIENTED_EDGE('',*,*,#1469,.F.);
#1935=ORIENTED_EDGE('',*,*,#1458,.T.);
#1936=ORIENTED_EDGE('',*,*,#1470,.T.);
#1937=ORIENTED_EDGE('',*,*,#1471,.T.);
#1938=ORIENTED_EDGE('',*,*,#1472,.T.);
#1939=ORIENTED_EDGE('',*,*,#1473,.T.);
#1940=ORIENTED_EDGE('',*,*,#1474,.T.);
#1941=ORIENTED_EDGE('',*,*,#1475,.T.);
#1942=ORIENTED_EDGE('',*,*,#1473,.F.);
#1943=ORIENTED_EDGE('',*,*,#1476,.T.);
#1944=ORIENTED_EDGE('',*,*,#1477,.T.);
#1945=ORIENTED_EDGE('',*,*,#1478,.T.);
#1946=ORIENTED_EDGE('',*,*,#1479,.T.);
#1947=ORIENTED_EDGE('',*,*,#1480,.T.);
#1948=ORIENTED_EDGE('',*,*,#1481,.T.);
#1949=ORIENTED_EDGE('',*,*,#1482,.T.);
#1950=ORIENTED_EDGE('',*,*,#1483,.T.);
#1951=ORIENTED_EDGE('',*,*,#1484,.T.);
#1952=ORIENTED_EDGE('',*,*,#1485,.T.);
#1953=ORIENTED_EDGE('',*,*,#1486,.T.);
#1954=ORIENTED_EDGE('',*,*,#1487,.T.);
#1955=ORIENTED_EDGE('',*,*,#1488,.T.);
#1956=ORIENTED_EDGE('',*,*,#1489,.T.);
#1957=ORIENTED_EDGE('',*,*,#1490,.T.);
#1958=ORIENTED_EDGE('',*,*,#1491,.T.);
#1959=ORIENTED_EDGE('',*,*,#1492,.T.);
#1960=ORIENTED_EDGE('',*,*,#1493,.T.);
#1961=ORIENTED_EDGE('',*,*,#1494,.T.);
#1962=ORIENTED_EDGE('',*,*,#1495,.T.);
#1963=ORIENTED_EDGE('',*,*,#1496,.T.);
#1964=ORIENTED_EDGE('',*,*,#1497,.T.);
#1965=ORIENTED_EDGE('',*,*,#1498,.T.);
#1966=ORIENTED_EDGE('',*,*,#1499,.T.);
#1967=ORIENTED_EDGE('',*,*,#1500,.T.);
#1968=ORIENTED_EDGE('',*,*,#1501,.T.);
#1969=ORIENTED_EDGE('',*,*,#1502,.T.);
#1970=ORIENTED_EDGE('',*,*,#1503,.T.);
#1971=ORIENTED_EDGE('',*,*,#1504,.T.);
#1972=ORIENTED_EDGE('',*,*,#1505,.T.);
#1973=ORIENTED_EDGE('',*,*,#1498,.F.);
#1974=ORIENTED_EDGE('',*,*,#1506,.T.);
#1975=ORIENTED_EDGE('',*,*,#1507,.F.);
#1976=ORIENTED_EDGE('',*,*,#1508,.T.);
#1977=ORIENTED_EDGE('',*,*,#1509,.F.);
#1978=ORIENTED_EDGE('',*,*,#1510,.T.);
#1979=ORIENTED_EDGE('',*,*,#1496,.F.);
#1980=ORIENTED_EDGE('',*,*,#1511,.T.);
#1981=ORIENTED_EDGE('',*,*,#1512,.F.);
#1982=ORIENTED_EDGE('',*,*,#1513,.T.);
#1983=ORIENTED_EDGE('',*,*,#1514,.F.);
#1984=ORIENTED_EDGE('',*,*,#1515,.T.);
#1985=ORIENTED_EDGE('',*,*,#1494,.F.);
#1986=ORIENTED_EDGE('',*,*,#1516,.T.);
#1987=ORIENTED_EDGE('',*,*,#1517,.F.);
#1988=ORIENTED_EDGE('',*,*,#1518,.T.);
#1989=ORIENTED_EDGE('',*,*,#1519,.F.);
#1990=ORIENTED_EDGE('',*,*,#1520,.T.);
#1991=ORIENTED_EDGE('',*,*,#1492,.F.);
#1992=ORIENTED_EDGE('',*,*,#1521,.T.);
#1993=ORIENTED_EDGE('',*,*,#1522,.F.);
#1994=ORIENTED_EDGE('',*,*,#1523,.T.);
#1995=ORIENTED_EDGE('',*,*,#1524,.F.);
#1996=ORIENTED_EDGE('',*,*,#1525,.T.);
#1997=ORIENTED_EDGE('',*,*,#1490,.F.);
#1998=ORIENTED_EDGE('',*,*,#1526,.T.);
#1999=ORIENTED_EDGE('',*,*,#1527,.F.);
#2000=ORIENTED_EDGE('',*,*,#1528,.T.);
#2001=ORIENTED_EDGE('',*,*,#1529,.F.);
#2002=ORIENTED_EDGE('',*,*,#1530,.T.);
#2003=ORIENTED_EDGE('',*,*,#1488,.F.);
#2004=ORIENTED_EDGE('',*,*,#1531,.T.);
#2005=ORIENTED_EDGE('',*,*,#1532,.F.);
#2006=ORIENTED_EDGE('',*,*,#1533,.T.);
#2007=ORIENTED_EDGE('',*,*,#1534,.F.);
#2008=ORIENTED_EDGE('',*,*,#1535,.T.);
#2009=ORIENTED_EDGE('',*,*,#1486,.F.);
#2010=ORIENTED_EDGE('',*,*,#1536,.T.);
#2011=ORIENTED_EDGE('',*,*,#1537,.F.);
#2012=ORIENTED_EDGE('',*,*,#1538,.T.);
#2013=ORIENTED_EDGE('',*,*,#1539,.F.);
#2014=ORIENTED_EDGE('',*,*,#1540,.T.);
#2015=ORIENTED_EDGE('',*,*,#1497,.F.);
#2016=ORIENTED_EDGE('',*,*,#1515,.F.);
#2017=ORIENTED_EDGE('',*,*,#1541,.F.);
#2018=ORIENTED_EDGE('',*,*,#1506,.F.);
#2019=ORIENTED_EDGE('',*,*,#1495,.F.);
#2020=ORIENTED_EDGE('',*,*,#1520,.F.);
#2021=ORIENTED_EDGE('',*,*,#1542,.F.);
#2022=ORIENTED_EDGE('',*,*,#1511,.F.);
#2023=ORIENTED_EDGE('',*,*,#1493,.F.);
#2024=ORIENTED_EDGE('',*,*,#1525,.F.);
#2025=ORIENTED_EDGE('',*,*,#1543,.F.);
#2026=ORIENTED_EDGE('',*,*,#1516,.F.);
#2027=ORIENTED_EDGE('',*,*,#1491,.F.);
#2028=ORIENTED_EDGE('',*,*,#1530,.F.);
#2029=ORIENTED_EDGE('',*,*,#1544,.F.);
#2030=ORIENTED_EDGE('',*,*,#1521,.F.);
#2031=ORIENTED_EDGE('',*,*,#1489,.F.);
#2032=ORIENTED_EDGE('',*,*,#1535,.F.);
#2033=ORIENTED_EDGE('',*,*,#1545,.F.);
#2034=ORIENTED_EDGE('',*,*,#1526,.F.);
#2035=ORIENTED_EDGE('',*,*,#1487,.F.);
#2036=ORIENTED_EDGE('',*,*,#1540,.F.);
#2037=ORIENTED_EDGE('',*,*,#1546,.F.);
#2038=ORIENTED_EDGE('',*,*,#1531,.F.);
#2039=ORIENTED_EDGE('',*,*,#1485,.F.);
#2040=ORIENTED_EDGE('',*,*,#1547,.F.);
#2041=ORIENTED_EDGE('',*,*,#1548,.F.);
#2042=ORIENTED_EDGE('',*,*,#1536,.F.);
#2043=ORIENTED_EDGE('',*,*,#1483,.F.);
#2044=ORIENTED_EDGE('',*,*,#1549,.F.);
#2045=ORIENTED_EDGE('',*,*,#1550,.F.);
#2046=ORIENTED_EDGE('',*,*,#1551,.F.);
#2047=ORIENTED_EDGE('',*,*,#1481,.F.);
#2048=ORIENTED_EDGE('',*,*,#1552,.F.);
#2049=ORIENTED_EDGE('',*,*,#1553,.F.);
#2050=ORIENTED_EDGE('',*,*,#1554,.F.);
#2051=ORIENTED_EDGE('',*,*,#1479,.F.);
#2052=ORIENTED_EDGE('',*,*,#1555,.F.);
#2053=ORIENTED_EDGE('',*,*,#1556,.F.);
#2054=ORIENTED_EDGE('',*,*,#1557,.F.);
#2055=ORIENTED_EDGE('',*,*,#1477,.F.);
#2056=ORIENTED_EDGE('',*,*,#1558,.F.);
#2057=ORIENTED_EDGE('',*,*,#1559,.F.);
#2058=ORIENTED_EDGE('',*,*,#1560,.F.);
#2059=ORIENTED_EDGE('',*,*,#1471,.F.);
#2060=ORIENTED_EDGE('',*,*,#1561,.F.);
#2061=ORIENTED_EDGE('',*,*,#1562,.F.);
#2062=ORIENTED_EDGE('',*,*,#1563,.F.);
#2063=ORIENTED_EDGE('',*,*,#1505,.F.);
#2064=ORIENTED_EDGE('',*,*,#1564,.F.);
#2065=ORIENTED_EDGE('',*,*,#1565,.F.);
#2066=ORIENTED_EDGE('',*,*,#1566,.F.);
#2067=ORIENTED_EDGE('',*,*,#1503,.F.);
#2068=ORIENTED_EDGE('',*,*,#1567,.F.);
#2069=ORIENTED_EDGE('',*,*,#1568,.F.);
#2070=ORIENTED_EDGE('',*,*,#1569,.F.);
#2071=ORIENTED_EDGE('',*,*,#1501,.F.);
#2072=ORIENTED_EDGE('',*,*,#1570,.F.);
#2073=ORIENTED_EDGE('',*,*,#1571,.F.);
#2074=ORIENTED_EDGE('',*,*,#1572,.F.);
#2075=ORIENTED_EDGE('',*,*,#1499,.F.);
#2076=ORIENTED_EDGE('',*,*,#1510,.F.);
#2077=ORIENTED_EDGE('',*,*,#1573,.F.);
#2078=ORIENTED_EDGE('',*,*,#1574,.F.);
#2079=ORIENTED_EDGE('',*,*,#1484,.F.);
#2080=ORIENTED_EDGE('',*,*,#1551,.T.);
#2081=ORIENTED_EDGE('',*,*,#1575,.F.);
#2082=ORIENTED_EDGE('',*,*,#1576,.T.);
#2083=ORIENTED_EDGE('',*,*,#1577,.F.);
#2084=ORIENTED_EDGE('',*,*,#1547,.T.);
#2085=ORIENTED_EDGE('',*,*,#1474,.F.);
#2086=ORIENTED_EDGE('',*,*,#1475,.F.);
#2087=ORIENTED_EDGE('',*,*,#1578,.F.);
#2088=ORIENTED_EDGE('',*,*,#1578,.T.);
#2089=ORIENTED_EDGE('',*,*,#1579,.F.);
#2090=ORIENTED_EDGE('',*,*,#1580,.F.);
#2091=ORIENTED_EDGE('',*,*,#1581,.F.);
#2092=ORIENTED_EDGE('',*,*,#1582,.F.);
#2093=ORIENTED_EDGE('',*,*,#1583,.F.);
#2094=ORIENTED_EDGE('',*,*,#1584,.F.);
#2095=ORIENTED_EDGE('',*,*,#1583,.T.);
#2096=ORIENTED_EDGE('',*,*,#1585,.T.);
#2097=ORIENTED_EDGE('',*,*,#1581,.T.);
#2098=ORIENTED_EDGE('',*,*,#1425,.T.);
#2099=ORIENTED_EDGE('',*,*,#1586,.F.);
#2100=ORIENTED_EDGE('',*,*,#1587,.F.);
#2101=ORIENTED_EDGE('',*,*,#1588,.F.);
#2102=ORIENTED_EDGE('',*,*,#1589,.F.);
#2103=ORIENTED_EDGE('',*,*,#1590,.F.);
#2104=ORIENTED_EDGE('',*,*,#1591,.F.);
#2105=ORIENTED_EDGE('',*,*,#1584,.T.);
#2106=ORIENTED_EDGE('',*,*,#1424,.T.);
#2107=ORIENTED_EDGE('',*,*,#1590,.T.);
#2108=ORIENTED_EDGE('',*,*,#1592,.T.);
#2109=ORIENTED_EDGE('',*,*,#1593,.F.);
#2110=ORIENTED_EDGE('',*,*,#1594,.F.);
#2111=ORIENTED_EDGE('',*,*,#1595,.F.);
#2112=ORIENTED_EDGE('',*,*,#1596,.F.);
#2113=ORIENTED_EDGE('',*,*,#1597,.F.);
#2114=ORIENTED_EDGE('',*,*,#1598,.F.);
#2115=ORIENTED_EDGE('',*,*,#1597,.T.);
#2116=ORIENTED_EDGE('',*,*,#1599,.T.);
#2117=ORIENTED_EDGE('',*,*,#1591,.T.);
#2118=ORIENTED_EDGE('',*,*,#1423,.T.);
#2119=ORIENTED_EDGE('',*,*,#1600,.F.);
#2120=ORIENTED_EDGE('',*,*,#1601,.F.);
#2121=ORIENTED_EDGE('',*,*,#1602,.F.);
#2122=ORIENTED_EDGE('',*,*,#1603,.F.);
#2123=ORIENTED_EDGE('',*,*,#1604,.F.);
#2124=ORIENTED_EDGE('',*,*,#1605,.F.);
#2125=ORIENTED_EDGE('',*,*,#1606,.F.);
#2126=ORIENTED_EDGE('',*,*,#1607,.F.);
#2127=ORIENTED_EDGE('',*,*,#1608,.F.);
#2128=ORIENTED_EDGE('',*,*,#1609,.F.);
#2129=ORIENTED_EDGE('',*,*,#1610,.F.);
#2130=ORIENTED_EDGE('',*,*,#1611,.F.);
#2131=ORIENTED_EDGE('',*,*,#1610,.T.);
#2132=ORIENTED_EDGE('',*,*,#1612,.T.);
#2133=ORIENTED_EDGE('',*,*,#1604,.T.);
#2134=ORIENTED_EDGE('',*,*,#1421,.T.);
#2135=ORIENTED_EDGE('',*,*,#1613,.F.);
#2136=ORIENTED_EDGE('',*,*,#1614,.F.);
#2137=ORIENTED_EDGE('',*,*,#1615,.F.);
#2138=ORIENTED_EDGE('',*,*,#1616,.F.);
#2139=ORIENTED_EDGE('',*,*,#1617,.F.);
#2140=ORIENTED_EDGE('',*,*,#1618,.F.);
#2141=ORIENTED_EDGE('',*,*,#1611,.T.);
#2142=ORIENTED_EDGE('',*,*,#1452,.T.);
#2143=ORIENTED_EDGE('',*,*,#1617,.T.);
#2144=ORIENTED_EDGE('',*,*,#1619,.T.);
#2145=ORIENTED_EDGE('',*,*,#1620,.F.);
#2146=ORIENTED_EDGE('',*,*,#1621,.F.);
#2147=ORIENTED_EDGE('',*,*,#1622,.F.);
#2148=ORIENTED_EDGE('',*,*,#1623,.F.);
#2149=ORIENTED_EDGE('',*,*,#1624,.F.);
#2150=ORIENTED_EDGE('',*,*,#1625,.F.);
#2151=ORIENTED_EDGE('',*,*,#1624,.T.);
#2152=ORIENTED_EDGE('',*,*,#1626,.T.);
#2153=ORIENTED_EDGE('',*,*,#1618,.T.);
#2154=ORIENTED_EDGE('',*,*,#1451,.T.);
#2155=ORIENTED_EDGE('',*,*,#1627,.F.);
#2156=ORIENTED_EDGE('',*,*,#1628,.F.);
#2157=ORIENTED_EDGE('',*,*,#1629,.F.);
#2158=ORIENTED_EDGE('',*,*,#1630,.F.);
#2159=ORIENTED_EDGE('',*,*,#1631,.F.);
#2160=ORIENTED_EDGE('',*,*,#1632,.F.);
#2161=ORIENTED_EDGE('',*,*,#1625,.T.);
#2162=ORIENTED_EDGE('',*,*,#1450,.T.);
#2163=ORIENTED_EDGE('',*,*,#1631,.T.);
#2164=ORIENTED_EDGE('',*,*,#1633,.T.);
#2165=ORIENTED_EDGE('',*,*,#1634,.F.);
#2166=ORIENTED_EDGE('',*,*,#1635,.F.);
#2167=ORIENTED_EDGE('',*,*,#1636,.F.);
#2168=ORIENTED_EDGE('',*,*,#1637,.F.);
#2169=ORIENTED_EDGE('',*,*,#1638,.F.);
#2170=ORIENTED_EDGE('',*,*,#1639,.F.);
#2171=ORIENTED_EDGE('',*,*,#1638,.T.);
#2172=ORIENTED_EDGE('',*,*,#1640,.T.);
#2173=ORIENTED_EDGE('',*,*,#1632,.T.);
#2174=ORIENTED_EDGE('',*,*,#1449,.T.);
#2175=ORIENTED_EDGE('',*,*,#1641,.F.);
#2176=ORIENTED_EDGE('',*,*,#1642,.F.);
#2177=ORIENTED_EDGE('',*,*,#1643,.F.);
#2178=ORIENTED_EDGE('',*,*,#1644,.F.);
#2179=ORIENTED_EDGE('',*,*,#1645,.F.);
#2180=ORIENTED_EDGE('',*,*,#1646,.F.);
#2181=ORIENTED_EDGE('',*,*,#1639,.T.);
#2182=ORIENTED_EDGE('',*,*,#1448,.T.);
#2183=ORIENTED_EDGE('',*,*,#1645,.T.);
#2184=ORIENTED_EDGE('',*,*,#1647,.T.);
#2185=ORIENTED_EDGE('',*,*,#1648,.F.);
#2186=ORIENTED_EDGE('',*,*,#1649,.F.);
#2187=ORIENTED_EDGE('',*,*,#1650,.F.);
#2188=ORIENTED_EDGE('',*,*,#1651,.F.);
#2189=ORIENTED_EDGE('',*,*,#1652,.F.);
#2190=ORIENTED_EDGE('',*,*,#1653,.F.);
#2191=ORIENTED_EDGE('',*,*,#1652,.T.);
#2192=ORIENTED_EDGE('',*,*,#1654,.T.);
#2193=ORIENTED_EDGE('',*,*,#1646,.T.);
#2194=ORIENTED_EDGE('',*,*,#1447,.T.);
#2195=ORIENTED_EDGE('',*,*,#1655,.F.);
#2196=ORIENTED_EDGE('',*,*,#1656,.F.);
#2197=ORIENTED_EDGE('',*,*,#1657,.F.);
#2198=ORIENTED_EDGE('',*,*,#1658,.F.);
#2199=ORIENTED_EDGE('',*,*,#1659,.F.);
#2200=ORIENTED_EDGE('',*,*,#1660,.F.);
#2201=ORIENTED_EDGE('',*,*,#1653,.T.);
#2202=ORIENTED_EDGE('',*,*,#1446,.T.);
#2203=ORIENTED_EDGE('',*,*,#1659,.T.);
#2204=ORIENTED_EDGE('',*,*,#1661,.T.);
#2205=ORIENTED_EDGE('',*,*,#1662,.F.);
#2206=ORIENTED_EDGE('',*,*,#1663,.F.);
#2207=ORIENTED_EDGE('',*,*,#1664,.F.);
#2208=ORIENTED_EDGE('',*,*,#1665,.F.);
#2209=ORIENTED_EDGE('',*,*,#1666,.F.);
#2210=ORIENTED_EDGE('',*,*,#1667,.F.);
#2211=ORIENTED_EDGE('',*,*,#1666,.T.);
#2212=ORIENTED_EDGE('',*,*,#1668,.T.);
#2213=ORIENTED_EDGE('',*,*,#1660,.T.);
#2214=ORIENTED_EDGE('',*,*,#1445,.T.);
#2215=ORIENTED_EDGE('',*,*,#1669,.F.);
#2216=ORIENTED_EDGE('',*,*,#1670,.F.);
#2217=ORIENTED_EDGE('',*,*,#1671,.F.);
#2218=ORIENTED_EDGE('',*,*,#1672,.F.);
#2219=ORIENTED_EDGE('',*,*,#1673,.F.);
#2220=ORIENTED_EDGE('',*,*,#1674,.F.);
#2221=ORIENTED_EDGE('',*,*,#1667,.T.);
#2222=ORIENTED_EDGE('',*,*,#1444,.T.);
#2223=ORIENTED_EDGE('',*,*,#1673,.T.);
#2224=ORIENTED_EDGE('',*,*,#1675,.T.);
#2225=ORIENTED_EDGE('',*,*,#1676,.F.);
#2226=ORIENTED_EDGE('',*,*,#1677,.F.);
#2227=ORIENTED_EDGE('',*,*,#1678,.F.);
#2228=ORIENTED_EDGE('',*,*,#1679,.F.);
#2229=ORIENTED_EDGE('',*,*,#1680,.F.);
#2230=ORIENTED_EDGE('',*,*,#1681,.F.);
#2231=ORIENTED_EDGE('',*,*,#1680,.T.);
#2232=ORIENTED_EDGE('',*,*,#1682,.T.);
#2233=ORIENTED_EDGE('',*,*,#1674,.T.);
#2234=ORIENTED_EDGE('',*,*,#1443,.T.);
#2235=ORIENTED_EDGE('',*,*,#1683,.F.);
#2236=ORIENTED_EDGE('',*,*,#1684,.F.);
#2237=ORIENTED_EDGE('',*,*,#1685,.F.);
#2238=ORIENTED_EDGE('',*,*,#1686,.F.);
#2239=ORIENTED_EDGE('',*,*,#1687,.F.);
#2240=ORIENTED_EDGE('',*,*,#1688,.F.);
#2241=ORIENTED_EDGE('',*,*,#1681,.T.);
#2242=ORIENTED_EDGE('',*,*,#1442,.T.);
#2243=ORIENTED_EDGE('',*,*,#1687,.T.);
#2244=ORIENTED_EDGE('',*,*,#1689,.T.);
#2245=ORIENTED_EDGE('',*,*,#1684,.T.);
#2246=ORIENTED_EDGE('',*,*,#1690,.T.);
#2247=ORIENTED_EDGE('',*,*,#1688,.T.);
#2248=ORIENTED_EDGE('',*,*,#1441,.T.);
#2249=ORIENTED_EDGE('',*,*,#1691,.T.);
#2250=ORIENTED_EDGE('',*,*,#1692,.T.);
#2251=ORIENTED_EDGE('',*,*,#1686,.T.);
#2252=ORIENTED_EDGE('',*,*,#1693,.T.);
#2253=ORIENTED_EDGE('',*,*,#1691,.F.);
#2254=ORIENTED_EDGE('',*,*,#1694,.T.);
#2255=ORIENTED_EDGE('',*,*,#1509,.T.);
#2256=ORIENTED_EDGE('',*,*,#1685,.T.);
#2257=ORIENTED_EDGE('',*,*,#1440,.T.);
#2258=ORIENTED_EDGE('',*,*,#1677,.T.);
#2259=ORIENTED_EDGE('',*,*,#1695,.T.);
#2260=ORIENTED_EDGE('',*,*,#1696,.T.);
#2261=ORIENTED_EDGE('',*,*,#1697,.T.);
#2262=ORIENTED_EDGE('',*,*,#1683,.T.);
#2263=ORIENTED_EDGE('',*,*,#1698,.T.);
#2264=ORIENTED_EDGE('',*,*,#1696,.F.);
#2265=ORIENTED_EDGE('',*,*,#1699,.T.);
#2266=ORIENTED_EDGE('',*,*,#1700,.T.);
#2267=ORIENTED_EDGE('',*,*,#1701,.T.);
#2268=ORIENTED_EDGE('',*,*,#1507,.T.);
#2269=ORIENTED_EDGE('',*,*,#1702,.T.);
#2270=ORIENTED_EDGE('',*,*,#1701,.F.);
#2271=ORIENTED_EDGE('',*,*,#1703,.T.);
#2272=ORIENTED_EDGE('',*,*,#1679,.T.);
#2273=ORIENTED_EDGE('',*,*,#1704,.T.);
#2274=ORIENTED_EDGE('',*,*,#1670,.T.);
#2275=ORIENTED_EDGE('',*,*,#1705,.T.);
#2276=ORIENTED_EDGE('',*,*,#1678,.T.);
#2277=ORIENTED_EDGE('',*,*,#1439,.T.);
#2278=ORIENTED_EDGE('',*,*,#1706,.T.);
#2279=ORIENTED_EDGE('',*,*,#1707,.T.);
#2280=ORIENTED_EDGE('',*,*,#1708,.T.);
#2281=ORIENTED_EDGE('',*,*,#1706,.F.);
#2282=ORIENTED_EDGE('',*,*,#1709,.T.);
#2283=ORIENTED_EDGE('',*,*,#1676,.T.);
#2284=ORIENTED_EDGE('',*,*,#1710,.T.);
#2285=ORIENTED_EDGE('',*,*,#1711,.T.);
#2286=ORIENTED_EDGE('',*,*,#1712,.T.);
#2287=ORIENTED_EDGE('',*,*,#1514,.T.);
#2288=ORIENTED_EDGE('',*,*,#1711,.F.);
#2289=ORIENTED_EDGE('',*,*,#1713,.T.);
#2290=ORIENTED_EDGE('',*,*,#1672,.T.);
#2291=ORIENTED_EDGE('',*,*,#1714,.T.);
#2292=ORIENTED_EDGE('',*,*,#1671,.T.);
#2293=ORIENTED_EDGE('',*,*,#1438,.T.);
#2294=ORIENTED_EDGE('',*,*,#1663,.T.);
#2295=ORIENTED_EDGE('',*,*,#1715,.T.);
#2296=ORIENTED_EDGE('',*,*,#1716,.T.);
#2297=ORIENTED_EDGE('',*,*,#1717,.T.);
#2298=ORIENTED_EDGE('',*,*,#1718,.T.);
#2299=ORIENTED_EDGE('',*,*,#1716,.F.);
#2300=ORIENTED_EDGE('',*,*,#1719,.T.);
#2301=ORIENTED_EDGE('',*,*,#1669,.T.);
#2302=ORIENTED_EDGE('',*,*,#1720,.T.);
#2303=ORIENTED_EDGE('',*,*,#1721,.T.);
#2304=ORIENTED_EDGE('',*,*,#1512,.T.);
#2305=ORIENTED_EDGE('',*,*,#1722,.T.);
#2306=ORIENTED_EDGE('',*,*,#1721,.F.);
#2307=ORIENTED_EDGE('',*,*,#1723,.T.);
#2308=ORIENTED_EDGE('',*,*,#1665,.T.);
#2309=ORIENTED_EDGE('',*,*,#1724,.T.);
#2310=ORIENTED_EDGE('',*,*,#1656,.T.);
#2311=ORIENTED_EDGE('',*,*,#1725,.T.);
#2312=ORIENTED_EDGE('',*,*,#1664,.T.);
#2313=ORIENTED_EDGE('',*,*,#1437,.T.);
#2314=ORIENTED_EDGE('',*,*,#1726,.T.);
#2315=ORIENTED_EDGE('',*,*,#1727,.T.);
#2316=ORIENTED_EDGE('',*,*,#1728,.T.);
#2317=ORIENTED_EDGE('',*,*,#1726,.F.);
#2318=ORIENTED_EDGE('',*,*,#1729,.T.);
#2319=ORIENTED_EDGE('',*,*,#1662,.T.);
#2320=ORIENTED_EDGE('',*,*,#1730,.T.);
#2321=ORIENTED_EDGE('',*,*,#1731,.T.);
#2322=ORIENTED_EDGE('',*,*,#1732,.T.);
#2323=ORIENTED_EDGE('',*,*,#1519,.T.);
#2324=ORIENTED_EDGE('',*,*,#1731,.F.);
#2325=ORIENTED_EDGE('',*,*,#1733,.T.);
#2326=ORIENTED_EDGE('',*,*,#1658,.T.);
#2327=ORIENTED_EDGE('',*,*,#1734,.T.);
#2328=ORIENTED_EDGE('',*,*,#1657,.T.);
#2329=ORIENTED_EDGE('',*,*,#1436,.T.);
#2330=ORIENTED_EDGE('',*,*,#1649,.T.);
#2331=ORIENTED_EDGE('',*,*,#1735,.T.);
#2332=ORIENTED_EDGE('',*,*,#1736,.T.);
#2333=ORIENTED_EDGE('',*,*,#1737,.T.);
#2334=ORIENTED_EDGE('',*,*,#1738,.T.);
#2335=ORIENTED_EDGE('',*,*,#1736,.F.);
#2336=ORIENTED_EDGE('',*,*,#1739,.T.);
#2337=ORIENTED_EDGE('',*,*,#1655,.T.);
#2338=ORIENTED_EDGE('',*,*,#1740,.T.);
#2339=ORIENTED_EDGE('',*,*,#1741,.T.);
#2340=ORIENTED_EDGE('',*,*,#1517,.T.);
#2341=ORIENTED_EDGE('',*,*,#1742,.T.);
#2342=ORIENTED_EDGE('',*,*,#1741,.F.);
#2343=ORIENTED_EDGE('',*,*,#1743,.T.);
#2344=ORIENTED_EDGE('',*,*,#1651,.T.);
#2345=ORIENTED_EDGE('',*,*,#1744,.T.);
#2346=ORIENTED_EDGE('',*,*,#1642,.T.);
#2347=ORIENTED_EDGE('',*,*,#1745,.T.);
#2348=ORIENTED_EDGE('',*,*,#1650,.T.);
#2349=ORIENTED_EDGE('',*,*,#1435,.T.);
#2350=ORIENTED_EDGE('',*,*,#1746,.T.);
#2351=ORIENTED_EDGE('',*,*,#1747,.T.);
#2352=ORIENTED_EDGE('',*,*,#1748,.T.);
#2353=ORIENTED_EDGE('',*,*,#1746,.F.);
#2354=ORIENTED_EDGE('',*,*,#1749,.T.);
#2355=ORIENTED_EDGE('',*,*,#1648,.T.);
#2356=ORIENTED_EDGE('',*,*,#1750,.T.);
#2357=ORIENTED_EDGE('',*,*,#1751,.T.);
#2358=ORIENTED_EDGE('',*,*,#1752,.T.);
#2359=ORIENTED_EDGE('',*,*,#1524,.T.);
#2360=ORIENTED_EDGE('',*,*,#1751,.F.);
#2361=ORIENTED_EDGE('',*,*,#1753,.T.);
#2362=ORIENTED_EDGE('',*,*,#1644,.T.);
#2363=ORIENTED_EDGE('',*,*,#1754,.T.);
#2364=ORIENTED_EDGE('',*,*,#1643,.T.);
#2365=ORIENTED_EDGE('',*,*,#1434,.T.);
#2366=ORIENTED_EDGE('',*,*,#1635,.T.);
#2367=ORIENTED_EDGE('',*,*,#1755,.T.);
#2368=ORIENTED_EDGE('',*,*,#1756,.T.);
#2369=ORIENTED_EDGE('',*,*,#1757,.T.);
#2370=ORIENTED_EDGE('',*,*,#1758,.T.);
#2371=ORIENTED_EDGE('',*,*,#1756,.F.);
#2372=ORIENTED_EDGE('',*,*,#1759,.T.);
#2373=ORIENTED_EDGE('',*,*,#1641,.T.);
#2374=ORIENTED_EDGE('',*,*,#1760,.T.);
#2375=ORIENTED_EDGE('',*,*,#1761,.T.);
#2376=ORIENTED_EDGE('',*,*,#1522,.T.);
#2377=ORIENTED_EDGE('',*,*,#1762,.T.);
#2378=ORIENTED_EDGE('',*,*,#1761,.F.);
#2379=ORIENTED_EDGE('',*,*,#1763,.T.);
#2380=ORIENTED_EDGE('',*,*,#1637,.T.);
#2381=ORIENTED_EDGE('',*,*,#1764,.T.);
#2382=ORIENTED_EDGE('',*,*,#1628,.T.);
#2383=ORIENTED_EDGE('',*,*,#1765,.T.);
#2384=ORIENTED_EDGE('',*,*,#1636,.T.);
#2385=ORIENTED_EDGE('',*,*,#1433,.T.);
#2386=ORIENTED_EDGE('',*,*,#1766,.T.);
#2387=ORIENTED_EDGE('',*,*,#1767,.T.);
#2388=ORIENTED_EDGE('',*,*,#1768,.T.);
#2389=ORIENTED_EDGE('',*,*,#1766,.F.);
#2390=ORIENTED_EDGE('',*,*,#1769,.T.);
#2391=ORIENTED_EDGE('',*,*,#1634,.T.);
#2392=ORIENTED_EDGE('',*,*,#1770,.T.);
#2393=ORIENTED_EDGE('',*,*,#1771,.T.);
#2394=ORIENTED_EDGE('',*,*,#1772,.T.);
#2395=ORIENTED_EDGE('',*,*,#1529,.T.);
#2396=ORIENTED_EDGE('',*,*,#1771,.F.);
#2397=ORIENTED_EDGE('',*,*,#1773,.T.);
#2398=ORIENTED_EDGE('',*,*,#1630,.T.);
#2399=ORIENTED_EDGE('',*,*,#1774,.T.);
#2400=ORIENTED_EDGE('',*,*,#1629,.T.);
#2401=ORIENTED_EDGE('',*,*,#1432,.T.);
#2402=ORIENTED_EDGE('',*,*,#1621,.T.);
#2403=ORIENTED_EDGE('',*,*,#1775,.T.);
#2404=ORIENTED_EDGE('',*,*,#1776,.T.);
#2405=ORIENTED_EDGE('',*,*,#1777,.T.);
#2406=ORIENTED_EDGE('',*,*,#1778,.T.);
#2407=ORIENTED_EDGE('',*,*,#1776,.F.);
#2408=ORIENTED_EDGE('',*,*,#1779,.T.);
#2409=ORIENTED_EDGE('',*,*,#1627,.T.);
#2410=ORIENTED_EDGE('',*,*,#1780,.T.);
#2411=ORIENTED_EDGE('',*,*,#1781,.T.);
#2412=ORIENTED_EDGE('',*,*,#1527,.T.);
#2413=ORIENTED_EDGE('',*,*,#1782,.T.);
#2414=ORIENTED_EDGE('',*,*,#1781,.F.);
#2415=ORIENTED_EDGE('',*,*,#1783,.T.);
#2416=ORIENTED_EDGE('',*,*,#1623,.T.);
#2417=ORIENTED_EDGE('',*,*,#1784,.T.);
#2418=ORIENTED_EDGE('',*,*,#1614,.T.);
#2419=ORIENTED_EDGE('',*,*,#1785,.T.);
#2420=ORIENTED_EDGE('',*,*,#1622,.T.);
#2421=ORIENTED_EDGE('',*,*,#1431,.T.);
#2422=ORIENTED_EDGE('',*,*,#1786,.T.);
#2423=ORIENTED_EDGE('',*,*,#1787,.T.);
#2424=ORIENTED_EDGE('',*,*,#1788,.T.);
#2425=ORIENTED_EDGE('',*,*,#1786,.F.);
#2426=ORIENTED_EDGE('',*,*,#1789,.T.);
#2427=ORIENTED_EDGE('',*,*,#1620,.T.);
#2428=ORIENTED_EDGE('',*,*,#1790,.T.);
#2429=ORIENTED_EDGE('',*,*,#1791,.T.);
#2430=ORIENTED_EDGE('',*,*,#1792,.T.);
#2431=ORIENTED_EDGE('',*,*,#1534,.T.);
#2432=ORIENTED_EDGE('',*,*,#1791,.F.);
#2433=ORIENTED_EDGE('',*,*,#1793,.T.);
#2434=ORIENTED_EDGE('',*,*,#1616,.T.);
#2435=ORIENTED_EDGE('',*,*,#1794,.T.);
#2436=ORIENTED_EDGE('',*,*,#1615,.T.);
#2437=ORIENTED_EDGE('',*,*,#1430,.T.);
#2438=ORIENTED_EDGE('',*,*,#1607,.T.);
#2439=ORIENTED_EDGE('',*,*,#1795,.T.);
#2440=ORIENTED_EDGE('',*,*,#1796,.T.);
#2441=ORIENTED_EDGE('',*,*,#1797,.T.);
#2442=ORIENTED_EDGE('',*,*,#1798,.T.);
#2443=ORIENTED_EDGE('',*,*,#1796,.F.);
#2444=ORIENTED_EDGE('',*,*,#1799,.T.);
#2445=ORIENTED_EDGE('',*,*,#1613,.T.);
#2446=ORIENTED_EDGE('',*,*,#1800,.T.);
#2447=ORIENTED_EDGE('',*,*,#1801,.T.);
#2448=ORIENTED_EDGE('',*,*,#1532,.T.);
#2449=ORIENTED_EDGE('',*,*,#1802,.T.);
#2450=ORIENTED_EDGE('',*,*,#1801,.F.);
#2451=ORIENTED_EDGE('',*,*,#1803,.T.);
#2452=ORIENTED_EDGE('',*,*,#1609,.T.);
#2453=ORIENTED_EDGE('',*,*,#1804,.T.);
#2454=ORIENTED_EDGE('',*,*,#1601,.T.);
#2455=ORIENTED_EDGE('',*,*,#1805,.T.);
#2456=ORIENTED_EDGE('',*,*,#1608,.T.);
#2457=ORIENTED_EDGE('',*,*,#1429,.T.);
#2458=ORIENTED_EDGE('',*,*,#1806,.T.);
#2459=ORIENTED_EDGE('',*,*,#1807,.T.);
#2460=ORIENTED_EDGE('',*,*,#1808,.T.);
#2461=ORIENTED_EDGE('',*,*,#1806,.F.);
#2462=ORIENTED_EDGE('',*,*,#1809,.T.);
#2463=ORIENTED_EDGE('',*,*,#1606,.T.);
#2464=ORIENTED_EDGE('',*,*,#1810,.T.);
#2465=ORIENTED_EDGE('',*,*,#1811,.T.);
#2466=ORIENTED_EDGE('',*,*,#1812,.T.);
#2467=ORIENTED_EDGE('',*,*,#1539,.T.);
#2468=ORIENTED_EDGE('',*,*,#1811,.F.);
#2469=ORIENTED_EDGE('',*,*,#1813,.T.);
#2470=ORIENTED_EDGE('',*,*,#1605,.T.);
#2471=ORIENTED_EDGE('',*,*,#1814,.T.);
#2472=ORIENTED_EDGE('',*,*,#1598,.T.);
#2473=ORIENTED_EDGE('',*,*,#1422,.T.);
#2474=ORIENTED_EDGE('',*,*,#1603,.T.);
#2475=ORIENTED_EDGE('',*,*,#1815,.T.);
#2476=ORIENTED_EDGE('',*,*,#1602,.T.);
#2477=ORIENTED_EDGE('',*,*,#1428,.T.);
#2478=ORIENTED_EDGE('',*,*,#1594,.T.);
#2479=ORIENTED_EDGE('',*,*,#1816,.T.);
#2480=ORIENTED_EDGE('',*,*,#1817,.T.);
#2481=ORIENTED_EDGE('',*,*,#1818,.T.);
#2482=ORIENTED_EDGE('',*,*,#1819,.T.);
#2483=ORIENTED_EDGE('',*,*,#1817,.F.);
#2484=ORIENTED_EDGE('',*,*,#1820,.T.);
#2485=ORIENTED_EDGE('',*,*,#1600,.T.);
#2486=ORIENTED_EDGE('',*,*,#1821,.T.);
#2487=ORIENTED_EDGE('',*,*,#1822,.T.);
#2488=ORIENTED_EDGE('',*,*,#1537,.T.);
#2489=ORIENTED_EDGE('',*,*,#1823,.T.);
#2490=ORIENTED_EDGE('',*,*,#1822,.F.);
#2491=ORIENTED_EDGE('',*,*,#1824,.T.);
#2492=ORIENTED_EDGE('',*,*,#1596,.T.);
#2493=ORIENTED_EDGE('',*,*,#1825,.T.);
#2494=ORIENTED_EDGE('',*,*,#1587,.T.);
#2495=ORIENTED_EDGE('',*,*,#1826,.T.);
#2496=ORIENTED_EDGE('',*,*,#1595,.T.);
#2497=ORIENTED_EDGE('',*,*,#1427,.T.);
#2498=ORIENTED_EDGE('',*,*,#1827,.T.);
#2499=ORIENTED_EDGE('',*,*,#1828,.T.);
#2500=ORIENTED_EDGE('',*,*,#1829,.T.);
#2501=ORIENTED_EDGE('',*,*,#1827,.F.);
#2502=ORIENTED_EDGE('',*,*,#1830,.T.);
#2503=ORIENTED_EDGE('',*,*,#1593,.T.);
#2504=ORIENTED_EDGE('',*,*,#1831,.T.);
#2505=ORIENTED_EDGE('',*,*,#1832,.T.);
#2506=ORIENTED_EDGE('',*,*,#1833,.T.);
#2507=ORIENTED_EDGE('',*,*,#1577,.T.);
#2508=ORIENTED_EDGE('',*,*,#1832,.F.);
#2509=ORIENTED_EDGE('',*,*,#1834,.T.);
#2510=ORIENTED_EDGE('',*,*,#1589,.T.);
#2511=ORIENTED_EDGE('',*,*,#1835,.T.);
#2512=ORIENTED_EDGE('',*,*,#1588,.T.);
#2513=ORIENTED_EDGE('',*,*,#1426,.T.);
#2514=ORIENTED_EDGE('',*,*,#1580,.T.);
#2515=ORIENTED_EDGE('',*,*,#1836,.T.);
#2516=ORIENTED_EDGE('',*,*,#1837,.T.);
#2517=ORIENTED_EDGE('',*,*,#1838,.T.);
#2518=ORIENTED_EDGE('',*,*,#1839,.T.);
#2519=ORIENTED_EDGE('',*,*,#1837,.F.);
#2520=ORIENTED_EDGE('',*,*,#1840,.T.);
#2521=ORIENTED_EDGE('',*,*,#1586,.T.);
#2522=ORIENTED_EDGE('',*,*,#1841,.T.);
#2523=ORIENTED_EDGE('',*,*,#1842,.T.);
#2524=ORIENTED_EDGE('',*,*,#1575,.T.);
#2525=ORIENTED_EDGE('',*,*,#1843,.T.);
#2526=ORIENTED_EDGE('',*,*,#1842,.F.);
#2527=ORIENTED_EDGE('',*,*,#1844,.T.);
#2528=ORIENTED_EDGE('',*,*,#1582,.T.);
#2529=ORIENTED_EDGE('',*,*,#1845,.T.);
#2530=ORIENTED_EDGE('',*,*,#1846,.T.);
#2531=ORIENTED_EDGE('',*,*,#1847,.T.);
#2532=ORIENTED_EDGE('',*,*,#1848,.T.);
#2533=ORIENTED_EDGE('',*,*,#1846,.F.);
#2534=ORIENTED_EDGE('',*,*,#1849,.T.);
#2535=ORIENTED_EDGE('',*,*,#1579,.T.);
#2536=ORIENTED_EDGE('',*,*,#1850,.T.);
#2537=ORIENTED_EDGE('',*,*,#1693,.F.);
#2538=ORIENTED_EDGE('',*,*,#1690,.F.);
#2539=ORIENTED_EDGE('',*,*,#1697,.F.);
#2540=ORIENTED_EDGE('',*,*,#1851,.F.);
#2541=ORIENTED_EDGE('',*,*,#1698,.F.);
#2542=ORIENTED_EDGE('',*,*,#1695,.F.);
#2543=ORIENTED_EDGE('',*,*,#1709,.F.);
#2544=ORIENTED_EDGE('',*,*,#1852,.F.);
#2545=ORIENTED_EDGE('',*,*,#1500,.F.);
#2546=ORIENTED_EDGE('',*,*,#1574,.T.);
#2547=ORIENTED_EDGE('',*,*,#1699,.F.);
#2548=ORIENTED_EDGE('',*,*,#1852,.T.);
#2549=ORIENTED_EDGE('',*,*,#1708,.F.);
#2550=ORIENTED_EDGE('',*,*,#1570,.T.);
#2551=ORIENTED_EDGE('',*,*,#1710,.F.);
#2552=ORIENTED_EDGE('',*,*,#1705,.F.);
#2553=ORIENTED_EDGE('',*,*,#1719,.F.);
#2554=ORIENTED_EDGE('',*,*,#1853,.F.);
#2555=ORIENTED_EDGE('',*,*,#1707,.F.);
#2556=ORIENTED_EDGE('',*,*,#1853,.T.);
#2557=ORIENTED_EDGE('',*,*,#1718,.F.);
#2558=ORIENTED_EDGE('',*,*,#1571,.T.);
#2559=ORIENTED_EDGE('',*,*,#1720,.F.);
#2560=ORIENTED_EDGE('',*,*,#1715,.F.);
#2561=ORIENTED_EDGE('',*,*,#1729,.F.);
#2562=ORIENTED_EDGE('',*,*,#1854,.F.);
#2563=ORIENTED_EDGE('',*,*,#1502,.F.);
#2564=ORIENTED_EDGE('',*,*,#1572,.T.);
#2565=ORIENTED_EDGE('',*,*,#1717,.F.);
#2566=ORIENTED_EDGE('',*,*,#1854,.T.);
#2567=ORIENTED_EDGE('',*,*,#1728,.F.);
#2568=ORIENTED_EDGE('',*,*,#1567,.T.);
#2569=ORIENTED_EDGE('',*,*,#1730,.F.);
#2570=ORIENTED_EDGE('',*,*,#1725,.F.);
#2571=ORIENTED_EDGE('',*,*,#1739,.F.);
#2572=ORIENTED_EDGE('',*,*,#1855,.F.);
#2573=ORIENTED_EDGE('',*,*,#1727,.F.);
#2574=ORIENTED_EDGE('',*,*,#1855,.T.);
#2575=ORIENTED_EDGE('',*,*,#1738,.F.);
#2576=ORIENTED_EDGE('',*,*,#1568,.T.);
#2577=ORIENTED_EDGE('',*,*,#1740,.F.);
#2578=ORIENTED_EDGE('',*,*,#1735,.F.);
#2579=ORIENTED_EDGE('',*,*,#1749,.F.);
#2580=ORIENTED_EDGE('',*,*,#1856,.F.);
#2581=ORIENTED_EDGE('',*,*,#1504,.F.);
#2582=ORIENTED_EDGE('',*,*,#1569,.T.);
#2583=ORIENTED_EDGE('',*,*,#1737,.F.);
#2584=ORIENTED_EDGE('',*,*,#1856,.T.);
#2585=ORIENTED_EDGE('',*,*,#1748,.F.);
#2586=ORIENTED_EDGE('',*,*,#1564,.T.);
#2587=ORIENTED_EDGE('',*,*,#1750,.F.);
#2588=ORIENTED_EDGE('',*,*,#1745,.F.);
#2589=ORIENTED_EDGE('',*,*,#1759,.F.);
#2590=ORIENTED_EDGE('',*,*,#1857,.F.);
#2591=ORIENTED_EDGE('',*,*,#1747,.F.);
#2592=ORIENTED_EDGE('',*,*,#1857,.T.);
#2593=ORIENTED_EDGE('',*,*,#1758,.F.);
#2594=ORIENTED_EDGE('',*,*,#1565,.T.);
#2595=ORIENTED_EDGE('',*,*,#1760,.F.);
#2596=ORIENTED_EDGE('',*,*,#1755,.F.);
#2597=ORIENTED_EDGE('',*,*,#1769,.F.);
#2598=ORIENTED_EDGE('',*,*,#1858,.F.);
#2599=ORIENTED_EDGE('',*,*,#1470,.F.);
#2600=ORIENTED_EDGE('',*,*,#1566,.T.);
#2601=ORIENTED_EDGE('',*,*,#1757,.F.);
#2602=ORIENTED_EDGE('',*,*,#1858,.T.);
#2603=ORIENTED_EDGE('',*,*,#1768,.F.);
#2604=ORIENTED_EDGE('',*,*,#1561,.T.);
#2605=ORIENTED_EDGE('',*,*,#1770,.F.);
#2606=ORIENTED_EDGE('',*,*,#1765,.F.);
#2607=ORIENTED_EDGE('',*,*,#1779,.F.);
#2608=ORIENTED_EDGE('',*,*,#1859,.F.);
#2609=ORIENTED_EDGE('',*,*,#1767,.F.);
#2610=ORIENTED_EDGE('',*,*,#1859,.T.);
#2611=ORIENTED_EDGE('',*,*,#1778,.F.);
#2612=ORIENTED_EDGE('',*,*,#1562,.T.);
#2613=ORIENTED_EDGE('',*,*,#1780,.F.);
#2614=ORIENTED_EDGE('',*,*,#1775,.F.);
#2615=ORIENTED_EDGE('',*,*,#1789,.F.);
#2616=ORIENTED_EDGE('',*,*,#1860,.F.);
#2617=ORIENTED_EDGE('',*,*,#1472,.F.);
#2618=ORIENTED_EDGE('',*,*,#1563,.T.);
#2619=ORIENTED_EDGE('',*,*,#1777,.F.);
#2620=ORIENTED_EDGE('',*,*,#1860,.T.);
#2621=ORIENTED_EDGE('',*,*,#1788,.F.);
#2622=ORIENTED_EDGE('',*,*,#1558,.T.);
#2623=ORIENTED_EDGE('',*,*,#1476,.F.);
#2624=ORIENTED_EDGE('',*,*,#1790,.F.);
#2625=ORIENTED_EDGE('',*,*,#1785,.F.);
#2626=ORIENTED_EDGE('',*,*,#1799,.F.);
#2627=ORIENTED_EDGE('',*,*,#1861,.F.);
#2628=ORIENTED_EDGE('',*,*,#1787,.F.);
#2629=ORIENTED_EDGE('',*,*,#1861,.T.);
#2630=ORIENTED_EDGE('',*,*,#1798,.F.);
#2631=ORIENTED_EDGE('',*,*,#1559,.T.);
#2632=ORIENTED_EDGE('',*,*,#1800,.F.);
#2633=ORIENTED_EDGE('',*,*,#1795,.F.);
#2634=ORIENTED_EDGE('',*,*,#1809,.F.);
#2635=ORIENTED_EDGE('',*,*,#1862,.F.);
#2636=ORIENTED_EDGE('',*,*,#1478,.F.);
#2637=ORIENTED_EDGE('',*,*,#1560,.T.);
#2638=ORIENTED_EDGE('',*,*,#1797,.F.);
#2639=ORIENTED_EDGE('',*,*,#1862,.T.);
#2640=ORIENTED_EDGE('',*,*,#1808,.F.);
#2641=ORIENTED_EDGE('',*,*,#1555,.T.);
#2642=ORIENTED_EDGE('',*,*,#1810,.F.);
#2643=ORIENTED_EDGE('',*,*,#1805,.F.);
#2644=ORIENTED_EDGE('',*,*,#1820,.F.);
#2645=ORIENTED_EDGE('',*,*,#1863,.F.);
#2646=ORIENTED_EDGE('',*,*,#1807,.F.);
#2647=ORIENTED_EDGE('',*,*,#1863,.T.);
#2648=ORIENTED_EDGE('',*,*,#1819,.F.);
#2649=ORIENTED_EDGE('',*,*,#1556,.T.);
#2650=ORIENTED_EDGE('',*,*,#1821,.F.);
#2651=ORIENTED_EDGE('',*,*,#1816,.F.);
#2652=ORIENTED_EDGE('',*,*,#1830,.F.);
#2653=ORIENTED_EDGE('',*,*,#1864,.F.);
#2654=ORIENTED_EDGE('',*,*,#1480,.F.);
#2655=ORIENTED_EDGE('',*,*,#1557,.T.);
#2656=ORIENTED_EDGE('',*,*,#1818,.F.);
#2657=ORIENTED_EDGE('',*,*,#1864,.T.);
#2658=ORIENTED_EDGE('',*,*,#1829,.F.);
#2659=ORIENTED_EDGE('',*,*,#1552,.T.);
#2660=ORIENTED_EDGE('',*,*,#1831,.F.);
#2661=ORIENTED_EDGE('',*,*,#1826,.F.);
#2662=ORIENTED_EDGE('',*,*,#1840,.F.);
#2663=ORIENTED_EDGE('',*,*,#1865,.F.);
#2664=ORIENTED_EDGE('',*,*,#1828,.F.);
#2665=ORIENTED_EDGE('',*,*,#1865,.T.);
#2666=ORIENTED_EDGE('',*,*,#1839,.F.);
#2667=ORIENTED_EDGE('',*,*,#1553,.T.);
#2668=ORIENTED_EDGE('',*,*,#1841,.F.);
#2669=ORIENTED_EDGE('',*,*,#1836,.F.);
#2670=ORIENTED_EDGE('',*,*,#1849,.F.);
#2671=ORIENTED_EDGE('',*,*,#1866,.F.);
#2672=ORIENTED_EDGE('',*,*,#1482,.F.);
#2673=ORIENTED_EDGE('',*,*,#1554,.T.);
#2674=ORIENTED_EDGE('',*,*,#1838,.F.);
#2675=ORIENTED_EDGE('',*,*,#1866,.T.);
#2676=ORIENTED_EDGE('',*,*,#1848,.F.);
#2677=ORIENTED_EDGE('',*,*,#1549,.T.);
#2678=ORIENTED_EDGE('',*,*,#1694,.F.);
#2679=ORIENTED_EDGE('',*,*,#1851,.T.);
#2680=ORIENTED_EDGE('',*,*,#1700,.F.);
#2681=ORIENTED_EDGE('',*,*,#1573,.T.);
#2682=ORIENTED_EDGE('',*,*,#1702,.F.);
#2683=ORIENTED_EDGE('',*,*,#1541,.T.);
#2684=ORIENTED_EDGE('',*,*,#1712,.F.);
#2685=ORIENTED_EDGE('',*,*,#1867,.T.);
#2686=ORIENTED_EDGE('',*,*,#1722,.F.);
#2687=ORIENTED_EDGE('',*,*,#1542,.T.);
#2688=ORIENTED_EDGE('',*,*,#1732,.F.);
#2689=ORIENTED_EDGE('',*,*,#1868,.T.);
#2690=ORIENTED_EDGE('',*,*,#1742,.F.);
#2691=ORIENTED_EDGE('',*,*,#1543,.T.);
#2692=ORIENTED_EDGE('',*,*,#1752,.F.);
#2693=ORIENTED_EDGE('',*,*,#1869,.T.);
#2694=ORIENTED_EDGE('',*,*,#1762,.F.);
#2695=ORIENTED_EDGE('',*,*,#1544,.T.);
#2696=ORIENTED_EDGE('',*,*,#1772,.F.);
#2697=ORIENTED_EDGE('',*,*,#1870,.T.);
#2698=ORIENTED_EDGE('',*,*,#1782,.F.);
#2699=ORIENTED_EDGE('',*,*,#1545,.T.);
#2700=ORIENTED_EDGE('',*,*,#1792,.F.);
#2701=ORIENTED_EDGE('',*,*,#1871,.T.);
#2702=ORIENTED_EDGE('',*,*,#1802,.F.);
#2703=ORIENTED_EDGE('',*,*,#1546,.T.);
#2704=ORIENTED_EDGE('',*,*,#1812,.F.);
#2705=ORIENTED_EDGE('',*,*,#1872,.T.);
#2706=ORIENTED_EDGE('',*,*,#1823,.F.);
#2707=ORIENTED_EDGE('',*,*,#1548,.T.);
#2708=ORIENTED_EDGE('',*,*,#1833,.F.);
#2709=ORIENTED_EDGE('',*,*,#1873,.T.);
#2710=ORIENTED_EDGE('',*,*,#1843,.F.);
#2711=ORIENTED_EDGE('',*,*,#1550,.T.);
#2712=ORIENTED_EDGE('',*,*,#1847,.F.);
#2713=ORIENTED_EDGE('',*,*,#1874,.T.);
#2714=ORIENTED_EDGE('',*,*,#1713,.F.);
#2715=ORIENTED_EDGE('',*,*,#1513,.F.);
#2716=ORIENTED_EDGE('',*,*,#1724,.F.);
#2717=ORIENTED_EDGE('',*,*,#1675,.F.);
#2718=ORIENTED_EDGE('',*,*,#1723,.F.);
#2719=ORIENTED_EDGE('',*,*,#1868,.F.);
#2720=ORIENTED_EDGE('',*,*,#1734,.F.);
#2721=ORIENTED_EDGE('',*,*,#1668,.F.);
#2722=ORIENTED_EDGE('',*,*,#1733,.F.);
#2723=ORIENTED_EDGE('',*,*,#1518,.F.);
#2724=ORIENTED_EDGE('',*,*,#1744,.F.);
#2725=ORIENTED_EDGE('',*,*,#1661,.F.);
#2726=ORIENTED_EDGE('',*,*,#1743,.F.);
#2727=ORIENTED_EDGE('',*,*,#1869,.F.);
#2728=ORIENTED_EDGE('',*,*,#1754,.F.);
#2729=ORIENTED_EDGE('',*,*,#1654,.F.);
#2730=ORIENTED_EDGE('',*,*,#1753,.F.);
#2731=ORIENTED_EDGE('',*,*,#1523,.F.);
#2732=ORIENTED_EDGE('',*,*,#1764,.F.);
#2733=ORIENTED_EDGE('',*,*,#1647,.F.);
#2734=ORIENTED_EDGE('',*,*,#1763,.F.);
#2735=ORIENTED_EDGE('',*,*,#1870,.F.);
#2736=ORIENTED_EDGE('',*,*,#1774,.F.);
#2737=ORIENTED_EDGE('',*,*,#1640,.F.);
#2738=ORIENTED_EDGE('',*,*,#1773,.F.);
#2739=ORIENTED_EDGE('',*,*,#1528,.F.);
#2740=ORIENTED_EDGE('',*,*,#1784,.F.);
#2741=ORIENTED_EDGE('',*,*,#1633,.F.);
#2742=ORIENTED_EDGE('',*,*,#1783,.F.);
#2743=ORIENTED_EDGE('',*,*,#1871,.F.);
#2744=ORIENTED_EDGE('',*,*,#1794,.F.);
#2745=ORIENTED_EDGE('',*,*,#1626,.F.);
#2746=ORIENTED_EDGE('',*,*,#1793,.F.);
#2747=ORIENTED_EDGE('',*,*,#1533,.F.);
#2748=ORIENTED_EDGE('',*,*,#1804,.F.);
#2749=ORIENTED_EDGE('',*,*,#1619,.F.);
#2750=ORIENTED_EDGE('',*,*,#1803,.F.);
#2751=ORIENTED_EDGE('',*,*,#1872,.F.);
#2752=ORIENTED_EDGE('',*,*,#1814,.F.);
#2753=ORIENTED_EDGE('',*,*,#1612,.F.);
#2754=ORIENTED_EDGE('',*,*,#1813,.F.);
#2755=ORIENTED_EDGE('',*,*,#1538,.F.);
#2756=ORIENTED_EDGE('',*,*,#1825,.F.);
#2757=ORIENTED_EDGE('',*,*,#1815,.F.);
#2758=ORIENTED_EDGE('',*,*,#1824,.F.);
#2759=ORIENTED_EDGE('',*,*,#1873,.F.);
#2760=ORIENTED_EDGE('',*,*,#1835,.F.);
#2761=ORIENTED_EDGE('',*,*,#1599,.F.);
#2762=ORIENTED_EDGE('',*,*,#1834,.F.);
#2763=ORIENTED_EDGE('',*,*,#1576,.F.);
#2764=ORIENTED_EDGE('',*,*,#1845,.F.);
#2765=ORIENTED_EDGE('',*,*,#1592,.F.);
#2766=ORIENTED_EDGE('',*,*,#1844,.F.);
#2767=ORIENTED_EDGE('',*,*,#1874,.F.);
#2768=ORIENTED_EDGE('',*,*,#1850,.F.);
#2769=ORIENTED_EDGE('',*,*,#1585,.F.);
#2770=ORIENTED_EDGE('',*,*,#1461,.T.);
#2771=ORIENTED_EDGE('',*,*,#1454,.T.);
#2772=ORIENTED_EDGE('',*,*,#1875,.T.);
#2773=ORIENTED_EDGE('',*,*,#1464,.F.);
#2774=ORIENTED_EDGE('',*,*,#1465,.F.);
#2775=ORIENTED_EDGE('',*,*,#1875,.F.);
#2776=ORIENTED_EDGE('',*,*,#1453,.T.);
#2777=ORIENTED_EDGE('',*,*,#1469,.T.);
#2778=ORIENTED_EDGE('',*,*,#1692,.F.);
#2779=ORIENTED_EDGE('',*,*,#1508,.F.);
#2780=ORIENTED_EDGE('',*,*,#1704,.F.);
#2781=ORIENTED_EDGE('',*,*,#1689,.F.);
#2782=ORIENTED_EDGE('',*,*,#1703,.F.);
#2783=ORIENTED_EDGE('',*,*,#1867,.F.);
#2784=ORIENTED_EDGE('',*,*,#1714,.F.);
#2785=ORIENTED_EDGE('',*,*,#1682,.F.);
#2786=PLANE('',#3039);
#2787=PLANE('',#3077);
#2788=PLANE('',#3078);
#2789=PLANE('',#3082);
#2790=PLANE('',#3131);
#2791=PLANE('',#3133);
#2792=PLANE('',#3135);
#2793=PLANE('',#3137);
#2794=PLANE('',#3139);
#2795=PLANE('',#3141);
#2796=PLANE('',#3143);
#2797=PLANE('',#3146);
#2798=PLANE('',#3150);
#2799=PLANE('',#3154);
#2800=PLANE('',#3158);
#2801=PLANE('',#3162);
#2802=PLANE('',#3166);
#2803=PLANE('',#3170);
#2804=PLANE('',#3174);
#2805=PLANE('',#3178);
#2806=PLANE('',#3519);
#2807=ADVANCED_FACE('',(#446,#293),#2786,.F.);
#2808=ADVANCED_FACE('',(#447),#226,.T.);
#2809=ADVANCED_FACE('',(#448),#2787,.T.);
#2810=ADVANCED_FACE('',(#449),#2788,.F.);
#2811=ADVANCED_FACE('',(#450),#227,.T.);
#2812=ADVANCED_FACE('',(#451),#2789,.T.);
#2813=ADVANCED_FACE('',(#452),#161,.T.);
#2814=ADVANCED_FACE('',(#453),#162,.T.);
#2815=ADVANCED_FACE('',(#454),#163,.T.);
#2816=ADVANCED_FACE('',(#455),#164,.T.);
#2817=ADVANCED_FACE('',(#456),#165,.T.);
#2818=ADVANCED_FACE('',(#457),#166,.T.);
#2819=ADVANCED_FACE('',(#458),#167,.T.);
#2820=ADVANCED_FACE('',(#459),#168,.T.);
#2821=ADVANCED_FACE('',(#460),#2790,.T.);
#2822=ADVANCED_FACE('',(#461),#2791,.T.);
#2823=ADVANCED_FACE('',(#462),#2792,.T.);
#2824=ADVANCED_FACE('',(#463),#2793,.T.);
#2825=ADVANCED_FACE('',(#464),#2794,.T.);
#2826=ADVANCED_FACE('',(#465),#2795,.T.);
#2827=ADVANCED_FACE('',(#466),#2796,.T.);
#2828=ADVANCED_FACE('',(#467),#2797,.T.);
#2829=ADVANCED_FACE('',(#468),#2798,.T.);
#2830=ADVANCED_FACE('',(#469),#2799,.T.);
#2831=ADVANCED_FACE('',(#470),#2800,.T.);
#2832=ADVANCED_FACE('',(#471),#2801,.T.);
#2833=ADVANCED_FACE('',(#472),#2802,.T.);
#2834=ADVANCED_FACE('',(#473),#2803,.T.);
#2835=ADVANCED_FACE('',(#474),#2804,.T.);
#2836=ADVANCED_FACE('',(#475),#2805,.T.);
#2837=ADVANCED_FACE('',(#476),#169,.T.);
#2838=ADVANCED_FACE('',(#477),#47,.F.);
#2839=ADVANCED_FACE('',(#478),#48,.T.);
#2840=ADVANCED_FACE('',(#479),#49,.T.);
#2841=ADVANCED_FACE('',(#480),#170,.T.);
#2842=ADVANCED_FACE('',(#481),#50,.T.);
#2843=ADVANCED_FACE('',(#482),#51,.T.);
#2844=ADVANCED_FACE('',(#483),#171,.T.);
#2845=ADVANCED_FACE('',(#484),#52,.T.);
#2846=ADVANCED_FACE('',(#485),#53,.T.);
#2847=ADVANCED_FACE('',(#486),#172,.T.);
#2848=ADVANCED_FACE('',(#487),#54,.T.);
#2849=ADVANCED_FACE('',(#488),#55,.T.);
#2850=ADVANCED_FACE('',(#489),#56,.T.);
#2851=ADVANCED_FACE('',(#490),#57,.T.);
#2852=ADVANCED_FACE('',(#491),#173,.T.);
#2853=ADVANCED_FACE('',(#492),#58,.T.);
#2854=ADVANCED_FACE('',(#493),#59,.T.);
#2855=ADVANCED_FACE('',(#494),#174,.T.);
#2856=ADVANCED_FACE('',(#495),#60,.T.);
#2857=ADVANCED_FACE('',(#496),#61,.T.);
#2858=ADVANCED_FACE('',(#497),#175,.T.);
#2859=ADVANCED_FACE('',(#498),#62,.T.);
#2860=ADVANCED_FACE('',(#499),#63,.T.);
#2861=ADVANCED_FACE('',(#500),#176,.T.);
#2862=ADVANCED_FACE('',(#501),#64,.T.);
#2863=ADVANCED_FACE('',(#502),#65,.T.);
#2864=ADVANCED_FACE('',(#503),#177,.T.);
#2865=ADVANCED_FACE('',(#504),#66,.T.);
#2866=ADVANCED_FACE('',(#505),#67,.T.);
#2867=ADVANCED_FACE('',(#506),#178,.T.);
#2868=ADVANCED_FACE('',(#507),#68,.T.);
#2869=ADVANCED_FACE('',(#508),#69,.T.);
#2870=ADVANCED_FACE('',(#509),#179,.T.);
#2871=ADVANCED_FACE('',(#510),#70,.T.);
#2872=ADVANCED_FACE('',(#511),#71,.T.);
#2873=ADVANCED_FACE('',(#512),#180,.T.);
#2874=ADVANCED_FACE('',(#513),#72,.T.);
#2875=ADVANCED_FACE('',(#514),#73,.T.);
#2876=ADVANCED_FACE('',(#515),#181,.T.);
#2877=ADVANCED_FACE('',(#516),#74,.T.);
#2878=ADVANCED_FACE('',(#517),#75,.T.);
#2879=ADVANCED_FACE('',(#518),#182,.T.);
#2880=ADVANCED_FACE('',(#519),#76,.T.);
#2881=ADVANCED_FACE('',(#520),#77,.T.);
#2882=ADVANCED_FACE('',(#521),#183,.T.);
#2883=ADVANCED_FACE('',(#522),#78,.T.);
#2884=ADVANCED_FACE('',(#523),#79,.T.);
#2885=ADVANCED_FACE('',(#524),#184,.T.);
#2886=ADVANCED_FACE('',(#525),#185,.T.);
#2887=ADVANCED_FACE('',(#526),#228,.T.);
#2888=ADVANCED_FACE('',(#527),#15,.F.);
#2889=ADVANCED_FACE('',(#528),#186,.T.);
#2890=ADVANCED_FACE('',(#529),#229,.T.);
#2891=ADVANCED_FACE('',(#530),#16,.F.);
#2892=ADVANCED_FACE('',(#531),#17,.F.);
#2893=ADVANCED_FACE('',(#532),#230,.T.);
#2894=ADVANCED_FACE('',(#533),#187,.T.);
#2895=ADVANCED_FACE('',(#534),#18,.F.);
#2896=ADVANCED_FACE('',(#535),#231,.T.);
#2897=ADVANCED_FACE('',(#536),#19,.F.);
#2898=ADVANCED_FACE('',(#537),#232,.T.);
#2899=ADVANCED_FACE('',(#538),#188,.T.);
#2900=ADVANCED_FACE('',(#539),#20,.F.);
#2901=ADVANCED_FACE('',(#540),#233,.T.);
#2902=ADVANCED_FACE('',(#541),#21,.F.);
#2903=ADVANCED_FACE('',(#542),#234,.T.);
#2904=ADVANCED_FACE('',(#543),#189,.T.);
#2905=ADVANCED_FACE('',(#544),#22,.F.);
#2906=ADVANCED_FACE('',(#545),#235,.T.);
#2907=ADVANCED_FACE('',(#546),#23,.F.);
#2908=ADVANCED_FACE('',(#547),#236,.T.);
#2909=ADVANCED_FACE('',(#548),#190,.T.);
#2910=ADVANCED_FACE('',(#549),#24,.F.);
#2911=ADVANCED_FACE('',(#550),#237,.T.);
#2912=ADVANCED_FACE('',(#551),#25,.F.);
#2913=ADVANCED_FACE('',(#552),#238,.T.);
#2914=ADVANCED_FACE('',(#553),#191,.T.);
#2915=ADVANCED_FACE('',(#554),#26,.F.);
#2916=ADVANCED_FACE('',(#555),#239,.T.);
#2917=ADVANCED_FACE('',(#556),#27,.F.);
#2918=ADVANCED_FACE('',(#557),#240,.T.);
#2919=ADVANCED_FACE('',(#558),#192,.T.);
#2920=ADVANCED_FACE('',(#559),#28,.F.);
#2921=ADVANCED_FACE('',(#560),#241,.T.);
#2922=ADVANCED_FACE('',(#561),#29,.F.);
#2923=ADVANCED_FACE('',(#562),#242,.T.);
#2924=ADVANCED_FACE('',(#563),#193,.T.);
#2925=ADVANCED_FACE('',(#564),#30,.F.);
#2926=ADVANCED_FACE('',(#565),#243,.T.);
#2927=ADVANCED_FACE('',(#566),#31,.F.);
#2928=ADVANCED_FACE('',(#567),#244,.T.);
#2929=ADVANCED_FACE('',(#568),#194,.T.);
#2930=ADVANCED_FACE('',(#569),#32,.F.);
#2931=ADVANCED_FACE('',(#570),#245,.T.);
#2932=ADVANCED_FACE('',(#571),#33,.F.);
#2933=ADVANCED_FACE('',(#572),#246,.T.);
#2934=ADVANCED_FACE('',(#573),#195,.T.);
#2935=ADVANCED_FACE('',(#574),#34,.F.);
#2936=ADVANCED_FACE('',(#575),#247,.T.);
#2937=ADVANCED_FACE('',(#576),#35,.F.);
#2938=ADVANCED_FACE('',(#577),#248,.T.);
#2939=ADVANCED_FACE('',(#578),#196,.T.);
#2940=ADVANCED_FACE('',(#579),#36,.F.);
#2941=ADVANCED_FACE('',(#580),#249,.T.);
#2942=ADVANCED_FACE('',(#581),#37,.F.);
#2943=ADVANCED_FACE('',(#582),#250,.T.);
#2944=ADVANCED_FACE('',(#583),#197,.T.);
#2945=ADVANCED_FACE('',(#584),#38,.F.);
#2946=ADVANCED_FACE('',(#585),#251,.T.);
#2947=ADVANCED_FACE('',(#586),#39,.F.);
#2948=ADVANCED_FACE('',(#587),#252,.T.);
#2949=ADVANCED_FACE('',(#588),#198,.T.);
#2950=ADVANCED_FACE('',(#589),#199,.T.);
#2951=ADVANCED_FACE('',(#590),#40,.F.);
#2952=ADVANCED_FACE('',(#591),#253,.T.);
#2953=ADVANCED_FACE('',(#592),#41,.F.);
#2954=ADVANCED_FACE('',(#593),#254,.T.);
#2955=ADVANCED_FACE('',(#594),#200,.T.);
#2956=ADVANCED_FACE('',(#595),#42,.F.);
#2957=ADVANCED_FACE('',(#596),#255,.T.);
#2958=ADVANCED_FACE('',(#597),#43,.F.);
#2959=ADVANCED_FACE('',(#598),#256,.T.);
#2960=ADVANCED_FACE('',(#599),#201,.T.);
#2961=ADVANCED_FACE('',(#600),#44,.F.);
#2962=ADVANCED_FACE('',(#601),#257,.T.);
#2963=ADVANCED_FACE('',(#602),#45,.F.);
#2964=ADVANCED_FACE('',(#603),#258,.T.);
#2965=ADVANCED_FACE('',(#604),#46,.F.);
#2966=ADVANCED_FACE('',(#605),#259,.T.);
#2967=ADVANCED_FACE('',(#606),#260,.T.);
#2968=ADVANCED_FACE('',(#607),#261,.F.);
#2969=ADVANCED_FACE('',(#608),#202,.T.);
#2970=ADVANCED_FACE('',(#609),#262,.T.);
#2971=ADVANCED_FACE('',(#610),#203,.T.);
#2972=ADVANCED_FACE('',(#611),#263,.F.);
#2973=ADVANCED_FACE('',(#612),#204,.T.);
#2974=ADVANCED_FACE('',(#613),#264,.T.);
#2975=ADVANCED_FACE('',(#614),#205,.T.);
#2976=ADVANCED_FACE('',(#615),#265,.F.);
#2977=ADVANCED_FACE('',(#616),#206,.T.);
#2978=ADVANCED_FACE('',(#617),#266,.T.);
#2979=ADVANCED_FACE('',(#618),#207,.T.);
#2980=ADVANCED_FACE('',(#619),#267,.F.);
#2981=ADVANCED_FACE('',(#620),#208,.T.);
#2982=ADVANCED_FACE('',(#621),#268,.T.);
#2983=ADVANCED_FACE('',(#622),#209,.T.);
#2984=ADVANCED_FACE('',(#623),#269,.F.);
#2985=ADVANCED_FACE('',(#624),#210,.T.);
#2986=ADVANCED_FACE('',(#625),#270,.T.);
#2987=ADVANCED_FACE('',(#626),#211,.T.);
#2988=ADVANCED_FACE('',(#627),#271,.F.);
#2989=ADVANCED_FACE('',(#628),#212,.T.);
#2990=ADVANCED_FACE('',(#629),#272,.T.);
#2991=ADVANCED_FACE('',(#630),#213,.T.);
#2992=ADVANCED_FACE('',(#631),#273,.F.);
#2993=ADVANCED_FACE('',(#632),#214,.T.);
#2994=ADVANCED_FACE('',(#633),#274,.T.);
#2995=ADVANCED_FACE('',(#634),#215,.T.);
#2996=ADVANCED_FACE('',(#635),#275,.F.);
#2997=ADVANCED_FACE('',(#636),#216,.T.);
#2998=ADVANCED_FACE('',(#637),#217,.T.);
#2999=ADVANCED_FACE('',(#638),#218,.T.);
#3000=ADVANCED_FACE('',(#639),#219,.T.);
#3001=ADVANCED_FACE('',(#640),#220,.T.);
#3002=ADVANCED_FACE('',(#641),#221,.T.);
#3003=ADVANCED_FACE('',(#642),#222,.T.);
#3004=ADVANCED_FACE('',(#643),#223,.T.);
#3005=ADVANCED_FACE('',(#644),#224,.T.);
#3006=ADVANCED_FACE('',(#645),#225,.T.);
#3007=ADVANCED_FACE('',(#646),#276,.F.);
#3008=ADVANCED_FACE('',(#647),#277,.T.);
#3009=ADVANCED_FACE('',(#648),#278,.F.);
#3010=ADVANCED_FACE('',(#649),#279,.T.);
#3011=ADVANCED_FACE('',(#650),#280,.F.);
#3012=ADVANCED_FACE('',(#651),#281,.T.);
#3013=ADVANCED_FACE('',(#652),#282,.F.);
#3014=ADVANCED_FACE('',(#653),#283,.T.);
#3015=ADVANCED_FACE('',(#654),#284,.F.);
#3016=ADVANCED_FACE('',(#655),#285,.T.);
#3017=ADVANCED_FACE('',(#656),#286,.F.);
#3018=ADVANCED_FACE('',(#657),#287,.T.);
#3019=ADVANCED_FACE('',(#658),#288,.F.);
#3020=ADVANCED_FACE('',(#659),#289,.T.);
#3021=ADVANCED_FACE('',(#660),#2806,.T.);
#3022=ADVANCED_FACE('',(#661),#290,.F.);
#3023=ADVANCED_FACE('',(#662),#291,.F.);
#3024=ADVANCED_FACE('',(#663),#292,.T.);
#3025=CLOSED_SHELL('',(#2807,#2808,#2809,#2810,#2811,#2812,#2813,#2814,
#2815,#2816,#2817,#2818,#2819,#2820,#2821,#2822,#2823,#2824,#2825,#2826,
#2827,#2828,#2829,#2830,#2831,#2832,#2833,#2834,#2835,#2836,#2837,#2838,
#2839,#2840,#2841,#2842,#2843,#2844,#2845,#2846,#2847,#2848,#2849,#2850,
#2851,#2852,#2853,#2854,#2855,#2856,#2857,#2858,#2859,#2860,#2861,#2862,
#2863,#2864,#2865,#2866,#2867,#2868,#2869,#2870,#2871,#2872,#2873,#2874,
#2875,#2876,#2877,#2878,#2879,#2880,#2881,#2882,#2883,#2884,#2885,#2886,
#2887,#2888,#2889,#2890,#2891,#2892,#2893,#2894,#2895,#2896,#2897,#2898,
#2899,#2900,#2901,#2902,#2903,#2904,#2905,#2906,#2907,#2908,#2909,#2910,
#2911,#2912,#2913,#2914,#2915,#2916,#2917,#2918,#2919,#2920,#2921,#2922,
#2923,#2924,#2925,#2926,#2927,#2928,#2929,#2930,#2931,#2932,#2933,#2934,
#2935,#2936,#2937,#2938,#2939,#2940,#2941,#2942,#2943,#2944,#2945,#2946,
#2947,#2948,#2949,#2950,#2951,#2952,#2953,#2954,#2955,#2956,#2957,#2958,
#2959,#2960,#2961,#2962,#2963,#2964,#2965,#2966,#2967,#2968,#2969,#2970,
#2971,#2972,#2973,#2974,#2975,#2976,#2977,#2978,#2979,#2980,#2981,#2982,
#2983,#2984,#2985,#2986,#2987,#2988,#2989,#2990,#2991,#2992,#2993,#2994,
#2995,#2996,#2997,#2998,#2999,#3000,#3001,#3002,#3003,#3004,#3005,#3006,
#3007,#3008,#3009,#3010,#3011,#3012,#3013,#3014,#3015,#3016,#3017,#3018,
#3019,#3020,#3021,#3022,#3023,#3024));
#3026=DERIVED_UNIT_ELEMENT(#3028,1.);
#3027=DERIVED_UNIT_ELEMENT(#7075,-3.);
#3028=(
MASS_UNIT()
NAMED_UNIT(*)
SI_UNIT(.KILO.,.GRAM.)
);
#3029=DERIVED_UNIT((#3026,#3027));
#3030=MEASURE_REPRESENTATION_ITEM('density measure',
POSITIVE_RATIO_MEASURE(7850.),#3029);
#3031=PROPERTY_DEFINITION_REPRESENTATION(#3036,#3033);
#3032=PROPERTY_DEFINITION_REPRESENTATION(#3037,#3034);
#3033=REPRESENTATION('material name',(#3035),#7072);
#3034=REPRESENTATION('density',(#3030),#7072);
#3035=DESCRIPTIVE_REPRESENTATION_ITEM('Stahl','Stahl');
#3036=PROPERTY_DEFINITION('material property','material name',#7082);
#3037=PROPERTY_DEFINITION('material property','density of part',#7082);
#3038=AXIS2_PLACEMENT_3D('',#4569,#3523,#3524);
#3039=AXIS2_PLACEMENT_3D('',#4570,#3525,#3526);
#3040=AXIS2_PLACEMENT_3D('',#4573,#3527,#3528);
#3041=AXIS2_PLACEMENT_3D('',#4575,#3529,#3530);
#3042=AXIS2_PLACEMENT_3D('',#4577,#3531,#3532);
#3043=AXIS2_PLACEMENT_3D('',#4579,#3533,#3534);
#3044=AXIS2_PLACEMENT_3D('',#4581,#3535,#3536);
#3045=AXIS2_PLACEMENT_3D('',#4583,#3537,#3538);
#3046=AXIS2_PLACEMENT_3D('',#4585,#3539,#3540);
#3047=AXIS2_PLACEMENT_3D('',#4587,#3541,#3542);
#3048=AXIS2_PLACEMENT_3D('',#4589,#3543,#3544);
#3049=AXIS2_PLACEMENT_3D('',#4591,#3545,#3546);
#3050=AXIS2_PLACEMENT_3D('',#4593,#3547,#3548);
#3051=AXIS2_PLACEMENT_3D('',#4595,#3549,#3550);
#3052=AXIS2_PLACEMENT_3D('',#4597,#3551,#3552);
#3053=AXIS2_PLACEMENT_3D('',#4599,#3553,#3554);
#3054=AXIS2_PLACEMENT_3D('',#4601,#3555,#3556);
#3055=AXIS2_PLACEMENT_3D('',#4603,#3557,#3558);
#3056=AXIS2_PLACEMENT_3D('',#4605,#3559,#3560);
#3057=AXIS2_PLACEMENT_3D('',#4607,#3561,#3562);
#3058=AXIS2_PLACEMENT_3D('',#4609,#3563,#3564);
#3059=AXIS2_PLACEMENT_3D('',#4611,#3565,#3566);
#3060=AXIS2_PLACEMENT_3D('',#4613,#3567,#3568);
#3061=AXIS2_PLACEMENT_3D('',#4615,#3569,#3570);
#3062=AXIS2_PLACEMENT_3D('',#4617,#3571,#3572);
#3063=AXIS2_PLACEMENT_3D('',#4619,#3573,#3574);
#3064=AXIS2_PLACEMENT_3D('',#4621,#3575,#3576);
#3065=AXIS2_PLACEMENT_3D('',#4623,#3577,#3578);
#3066=AXIS2_PLACEMENT_3D('',#4625,#3579,#3580);
#3067=AXIS2_PLACEMENT_3D('',#4627,#3581,#3582);
#3068=AXIS2_PLACEMENT_3D('',#4629,#3583,#3584);
#3069=AXIS2_PLACEMENT_3D('',#4631,#3585,#3586);
#3070=AXIS2_PLACEMENT_3D('',#4633,#3587,#3588);
#3071=AXIS2_PLACEMENT_3D('',#4634,#3589,#3590);
#3072=AXIS2_PLACEMENT_3D('',#4637,#3591,#3592);
#3073=AXIS2_PLACEMENT_3D('',#4641,#3594,#3595);
#3074=AXIS2_PLACEMENT_3D('',#4645,#3597,#3598);
#3075=AXIS2_PLACEMENT_3D('',#4647,#3600,#3601);
#3076=AXIS2_PLACEMENT_3D('',#4650,#3602,#3603);
#3077=AXIS2_PLACEMENT_3D('',#4653,#3606,#3607);
#3078=AXIS2_PLACEMENT_3D('',#4657,#3610,#3611);
#3079=AXIS2_PLACEMENT_3D('',#4661,#3613,#3614);
#3080=AXIS2_PLACEMENT_3D('',#4664,#3616,#3617);
#3081=AXIS2_PLACEMENT_3D('',#4665,#3618,#3619);
#3082=AXIS2_PLACEMENT_3D('',#4667,#3621,#3622);
#3083=AXIS2_PLACEMENT_3D('',#4669,#3624,#3625);
#3084=AXIS2_PLACEMENT_3D('',#4683,#3626,#3627);
#3085=AXIS2_PLACEMENT_3D('',#4694,#3628,#3629);
#3086=AXIS2_PLACEMENT_3D('',#4696,#3630,#3631);
#3087=AXIS2_PLACEMENT_3D('',#4697,#3632,#3633);
#3088=AXIS2_PLACEMENT_3D('',#4706,#3634,#3635);
#3089=AXIS2_PLACEMENT_3D('',#4719,#3636,#3637);
#3090=AXIS2_PLACEMENT_3D('',#4732,#3638,#3639);
#3091=AXIS2_PLACEMENT_3D('',#4745,#3640,#3641);
#3092=AXIS2_PLACEMENT_3D('',#4758,#3642,#3643);
#3093=AXIS2_PLACEMENT_3D('',#4771,#3644,#3645);
#3094=AXIS2_PLACEMENT_3D('',#4784,#3646,#3647);
#3095=AXIS2_PLACEMENT_3D('',#4797,#3648,#3649);
#3096=AXIS2_PLACEMENT_3D('',#4810,#3650,#3651);
#3097=AXIS2_PLACEMENT_3D('',#4823,#3652,#3653);
#3098=AXIS2_PLACEMENT_3D('',#4836,#3654,#3655);
#3099=AXIS2_PLACEMENT_3D('',#4849,#3656,#3657);
#3100=AXIS2_PLACEMENT_3D('',#4862,#3658,#3659);
#3101=AXIS2_PLACEMENT_3D('',#4875,#3660,#3661);
#3102=AXIS2_PLACEMENT_3D('',#4887,#3662,#3663);
#3103=AXIS2_PLACEMENT_3D('',#4888,#3664,#3665);
#3104=AXIS2_PLACEMENT_3D('',#4890,#3666,#3667);
#3105=AXIS2_PLACEMENT_3D('',#4901,#3668,#3669);
#3106=AXIS2_PLACEMENT_3D('',#4911,#3670,#3671);
#3107=AXIS2_PLACEMENT_3D('',#4912,#3672,#3673);
#3108=AXIS2_PLACEMENT_3D('',#4914,#3674,#3675);
#3109=AXIS2_PLACEMENT_3D('',#4925,#3676,#3677);
#3110=AXIS2_PLACEMENT_3D('',#4935,#3678,#3679);
#3111=AXIS2_PLACEMENT_3D('',#4936,#3680,#3681);
#3112=AXIS2_PLACEMENT_3D('',#4938,#3682,#3683);
#3113=AXIS2_PLACEMENT_3D('',#4949,#3684,#3685);
#3114=AXIS2_PLACEMENT_3D('',#4959,#3686,#3687);
#3115=AXIS2_PLACEMENT_3D('',#4960,#3688,#3689);
#3116=AXIS2_PLACEMENT_3D('',#4962,#3690,#3691);
#3117=AXIS2_PLACEMENT_3D('',#4973,#3692,#3693);
#3118=AXIS2_PLACEMENT_3D('',#4983,#3694,#3695);
#3119=AXIS2_PLACEMENT_3D('',#4984,#3696,#3697);
#3120=AXIS2_PLACEMENT_3D('',#4986,#3698,#3699);
#3121=AXIS2_PLACEMENT_3D('',#4997,#3700,#3701);
#3122=AXIS2_PLACEMENT_3D('',#5007,#3702,#3703);
#3123=AXIS2_PLACEMENT_3D('',#5008,#3704,#3705);
#3124=AXIS2_PLACEMENT_3D('',#5010,#3706,#3707);
#3125=AXIS2_PLACEMENT_3D('',#5021,#3708,#3709);
#3126=AXIS2_PLACEMENT_3D('',#5031,#3710,#3711);
#3127=AXIS2_PLACEMENT_3D('',#5032,#3712,#3713);
#3128=AXIS2_PLACEMENT_3D('',#5034,#3714,#3715);
#3129=AXIS2_PLACEMENT_3D('',#5045,#3716,#3717);
#3130=AXIS2_PLACEMENT_3D('',#5055,#3718,#3719);
#3131=AXIS2_PLACEMENT_3D('',#5056,#3720,#3721);
#3132=AXIS2_PLACEMENT_3D('',#5057,#3722,#3723);
#3133=AXIS2_PLACEMENT_3D('',#5058,#3724,#3725);
#3134=AXIS2_PLACEMENT_3D('',#5059,#3726,#3727);
#3135=AXIS2_PLACEMENT_3D('',#5060,#3728,#3729);
#3136=AXIS2_PLACEMENT_3D('',#5061,#3730,#3731);
#3137=AXIS2_PLACEMENT_3D('',#5062,#3732,#3733);
#3138=AXIS2_PLACEMENT_3D('',#5063,#3734,#3735);
#3139=AXIS2_PLACEMENT_3D('',#5064,#3736,#3737);
#3140=AXIS2_PLACEMENT_3D('',#5065,#3738,#3739);
#3141=AXIS2_PLACEMENT_3D('',#5066,#3740,#3741);
#3142=AXIS2_PLACEMENT_3D('',#5067,#3742,#3743);
#3143=AXIS2_PLACEMENT_3D('',#5068,#3744,#3745);
#3144=AXIS2_PLACEMENT_3D('',#5070,#3746,#3747);
#3145=AXIS2_PLACEMENT_3D('',#5071,#3748,#3749);
#3146=AXIS2_PLACEMENT_3D('',#5072,#3750,#3751);
#3147=AXIS2_PLACEMENT_3D('',#5074,#3752,#3753);
#3148=AXIS2_PLACEMENT_3D('',#5076,#3754,#3755);
#3149=AXIS2_PLACEMENT_3D('',#5077,#3756,#3757);
#3150=AXIS2_PLACEMENT_3D('',#5078,#3758,#3759);
#3151=AXIS2_PLACEMENT_3D('',#5080,#3760,#3761);
#3152=AXIS2_PLACEMENT_3D('',#5082,#3762,#3763);
#3153=AXIS2_PLACEMENT_3D('',#5083,#3764,#3765);
#3154=AXIS2_PLACEMENT_3D('',#5084,#3766,#3767);
#3155=AXIS2_PLACEMENT_3D('',#5086,#3768,#3769);
#3156=AXIS2_PLACEMENT_3D('',#5088,#3770,#3771);
#3157=AXIS2_PLACEMENT_3D('',#5089,#3772,#3773);
#3158=AXIS2_PLACEMENT_3D('',#5090,#3774,#3775);
#3159=AXIS2_PLACEMENT_3D('',#5092,#3776,#3777);
#3160=AXIS2_PLACEMENT_3D('',#5094,#3778,#3779);
#3161=AXIS2_PLACEMENT_3D('',#5095,#3780,#3781);
#3162=AXIS2_PLACEMENT_3D('',#5096,#3782,#3783);
#3163=AXIS2_PLACEMENT_3D('',#5098,#3784,#3785);
#3164=AXIS2_PLACEMENT_3D('',#5100,#3786,#3787);
#3165=AXIS2_PLACEMENT_3D('',#5101,#3788,#3789);
#3166=AXIS2_PLACEMENT_3D('',#5102,#3790,#3791);
#3167=AXIS2_PLACEMENT_3D('',#5104,#3792,#3793);
#3168=AXIS2_PLACEMENT_3D('',#5106,#3794,#3795);
#3169=AXIS2_PLACEMENT_3D('',#5107,#3796,#3797);
#3170=AXIS2_PLACEMENT_3D('',#5108,#3798,#3799);
#3171=AXIS2_PLACEMENT_3D('',#5110,#3800,#3801);
#3172=AXIS2_PLACEMENT_3D('',#5112,#3802,#3803);
#3173=AXIS2_PLACEMENT_3D('',#5113,#3804,#3805);
#3174=AXIS2_PLACEMENT_3D('',#5114,#3806,#3807);
#3175=AXIS2_PLACEMENT_3D('',#5116,#3808,#3809);
#3176=AXIS2_PLACEMENT_3D('',#5118,#3810,#3811);
#3177=AXIS2_PLACEMENT_3D('',#5119,#3812,#3813);
#3178=AXIS2_PLACEMENT_3D('',#5120,#3814,#3815);
#3179=AXIS2_PLACEMENT_3D('',#5122,#3816,#3817);
#3180=AXIS2_PLACEMENT_3D('',#5123,#3818,#3819);
#3181=AXIS2_PLACEMENT_3D('',#5124,#3820,#3821);
#3182=AXIS2_PLACEMENT_3D('',#5135,#3822,#3823);
#3183=AXIS2_PLACEMENT_3D('',#5144,#3824,#3825);
#3184=AXIS2_PLACEMENT_3D('',#5146,#3826,#3827);
#3185=AXIS2_PLACEMENT_3D('',#5147,#3828,#3829);
#3186=AXIS2_PLACEMENT_3D('',#5150,#3830,#3831);
#3187=AXIS2_PLACEMENT_3D('',#5151,#3832,#3833);
#3188=AXIS2_PLACEMENT_3D('',#5152,#3834,#3835);
#3189=AXIS2_PLACEMENT_3D('',#5153,#3836,#3837);
#3190=AXIS2_PLACEMENT_3D('',#5156,#3838,#3839);
#3191=AXIS2_PLACEMENT_3D('',#5157,#3840,#3841);
#3192=AXIS2_PLACEMENT_3D('',#5158,#3842,#3843);
#3193=AXIS2_PLACEMENT_3D('',#5159,#3844,#3845);
#3194=AXIS2_PLACEMENT_3D('',#5160,#3846,#3847);
#3195=AXIS2_PLACEMENT_3D('',#5161,#3848,#3849);
#3196=AXIS2_PLACEMENT_3D('',#5164,#3850,#3851);
#3197=AXIS2_PLACEMENT_3D('',#5165,#3852,#3853);
#3198=AXIS2_PLACEMENT_3D('',#5166,#3854,#3855);
#3199=AXIS2_PLACEMENT_3D('',#5167,#3856,#3857);
#3200=AXIS2_PLACEMENT_3D('',#5170,#3858,#3859);
#3201=AXIS2_PLACEMENT_3D('',#5171,#3860,#3861);
#3202=AXIS2_PLACEMENT_3D('',#5172,#3862,#3863);
#3203=AXIS2_PLACEMENT_3D('',#5173,#3864,#3865);
#3204=AXIS2_PLACEMENT_3D('',#5174,#3866,#3867);
#3205=AXIS2_PLACEMENT_3D('',#5175,#3868,#3869);
#3206=AXIS2_PLACEMENT_3D('',#5178,#3870,#3871);
#3207=AXIS2_PLACEMENT_3D('',#5179,#3872,#3873);
#3208=AXIS2_PLACEMENT_3D('',#5180,#3874,#3875);
#3209=AXIS2_PLACEMENT_3D('',#5181,#3876,#3877);
#3210=AXIS2_PLACEMENT_3D('',#5184,#3878,#3879);
#3211=AXIS2_PLACEMENT_3D('',#5185,#3880,#3881);
#3212=AXIS2_PLACEMENT_3D('',#5186,#3882,#3883);
#3213=AXIS2_PLACEMENT_3D('',#5187,#3884,#3885);
#3214=AXIS2_PLACEMENT_3D('',#5188,#3886,#3887);
#3215=AXIS2_PLACEMENT_3D('',#5189,#3888,#3889);
#3216=AXIS2_PLACEMENT_3D('',#5192,#3890,#3891);
#3217=AXIS2_PLACEMENT_3D('',#5193,#3892,#3893);
#3218=AXIS2_PLACEMENT_3D('',#5194,#3894,#3895);
#3219=AXIS2_PLACEMENT_3D('',#5195,#3896,#3897);
#3220=AXIS2_PLACEMENT_3D('',#5197,#3898,#3899);
#3221=AXIS2_PLACEMENT_3D('',#5199,#3900,#3901);
#3222=AXIS2_PLACEMENT_3D('',#5200,#3902,#3903);
#3223=AXIS2_PLACEMENT_3D('',#5201,#3904,#3905);
#3224=AXIS2_PLACEMENT_3D('',#5204,#3906,#3907);
#3225=AXIS2_PLACEMENT_3D('',#5205,#3908,#3909);
#3226=AXIS2_PLACEMENT_3D('',#5206,#3910,#3911);
#3227=AXIS2_PLACEMENT_3D('',#5207,#3912,#3913);
#3228=AXIS2_PLACEMENT_3D('',#5210,#3914,#3915);
#3229=AXIS2_PLACEMENT_3D('',#5211,#3916,#3917);
#3230=AXIS2_PLACEMENT_3D('',#5212,#3918,#3919);
#3231=AXIS2_PLACEMENT_3D('',#5213,#3920,#3921);
#3232=AXIS2_PLACEMENT_3D('',#5214,#3922,#3923);
#3233=AXIS2_PLACEMENT_3D('',#5215,#3924,#3925);
#3234=AXIS2_PLACEMENT_3D('',#5218,#3926,#3927);
#3235=AXIS2_PLACEMENT_3D('',#5219,#3928,#3929);
#3236=AXIS2_PLACEMENT_3D('',#5220,#3930,#3931);
#3237=AXIS2_PLACEMENT_3D('',#5221,#3932,#3933);
#3238=AXIS2_PLACEMENT_3D('',#5224,#3934,#3935);
#3239=AXIS2_PLACEMENT_3D('',#5225,#3936,#3937);
#3240=AXIS2_PLACEMENT_3D('',#5226,#3938,#3939);
#3241=AXIS2_PLACEMENT_3D('',#5227,#3940,#3941);
#3242=AXIS2_PLACEMENT_3D('',#5228,#3942,#3943);
#3243=AXIS2_PLACEMENT_3D('',#5229,#3944,#3945);
#3244=AXIS2_PLACEMENT_3D('',#5232,#3946,#3947);
#3245=AXIS2_PLACEMENT_3D('',#5233,#3948,#3949);
#3246=AXIS2_PLACEMENT_3D('',#5234,#3950,#3951);
#3247=AXIS2_PLACEMENT_3D('',#5235,#3952,#3953);
#3248=AXIS2_PLACEMENT_3D('',#5238,#3954,#3955);
#3249=AXIS2_PLACEMENT_3D('',#5239,#3956,#3957);
#3250=AXIS2_PLACEMENT_3D('',#5240,#3958,#3959);
#3251=AXIS2_PLACEMENT_3D('',#5241,#3960,#3961);
#3252=AXIS2_PLACEMENT_3D('',#5242,#3962,#3963);
#3253=AXIS2_PLACEMENT_3D('',#5243,#3964,#3965);
#3254=AXIS2_PLACEMENT_3D('',#5246,#3966,#3967);
#3255=AXIS2_PLACEMENT_3D('',#5247,#3968,#3969);
#3256=AXIS2_PLACEMENT_3D('',#5248,#3970,#3971);
#3257=AXIS2_PLACEMENT_3D('',#5249,#3972,#3973);
#3258=AXIS2_PLACEMENT_3D('',#5252,#3974,#3975);
#3259=AXIS2_PLACEMENT_3D('',#5253,#3976,#3977);
#3260=AXIS2_PLACEMENT_3D('',#5254,#3978,#3979);
#3261=AXIS2_PLACEMENT_3D('',#5255,#3980,#3981);
#3262=AXIS2_PLACEMENT_3D('',#5256,#3982,#3983);
#3263=AXIS2_PLACEMENT_3D('',#5257,#3984,#3985);
#3264=AXIS2_PLACEMENT_3D('',#5260,#3986,#3987);
#3265=AXIS2_PLACEMENT_3D('',#5261,#3988,#3989);
#3266=AXIS2_PLACEMENT_3D('',#5262,#3990,#3991);
#3267=AXIS2_PLACEMENT_3D('',#5263,#3992,#3993);
#3268=AXIS2_PLACEMENT_3D('',#5266,#3994,#3995);
#3269=AXIS2_PLACEMENT_3D('',#5267,#3996,#3997);
#3270=AXIS2_PLACEMENT_3D('',#5268,#3998,#3999);
#3271=AXIS2_PLACEMENT_3D('',#5269,#4000,#4001);
#3272=AXIS2_PLACEMENT_3D('',#5270,#4002,#4003);
#3273=AXIS2_PLACEMENT_3D('',#5271,#4004,#4005);
#3274=AXIS2_PLACEMENT_3D('',#5274,#4006,#4007);
#3275=AXIS2_PLACEMENT_3D('',#5275,#4008,#4009);
#3276=AXIS2_PLACEMENT_3D('',#5276,#4010,#4011);
#3277=AXIS2_PLACEMENT_3D('',#5277,#4012,#4013);
#3278=AXIS2_PLACEMENT_3D('',#5280,#4014,#4015);
#3279=AXIS2_PLACEMENT_3D('',#5281,#4016,#4017);
#3280=AXIS2_PLACEMENT_3D('',#5282,#4018,#4019);
#3281=AXIS2_PLACEMENT_3D('',#5283,#4020,#4021);
#3282=AXIS2_PLACEMENT_3D('',#5284,#4022,#4023);
#3283=AXIS2_PLACEMENT_3D('',#5285,#4024,#4025);
#3284=AXIS2_PLACEMENT_3D('',#5288,#4026,#4027);
#3285=AXIS2_PLACEMENT_3D('',#5289,#4028,#4029);
#3286=AXIS2_PLACEMENT_3D('',#5290,#4030,#4031);
#3287=AXIS2_PLACEMENT_3D('',#5291,#4032,#4033);
#3288=AXIS2_PLACEMENT_3D('',#5294,#4034,#4035);
#3289=AXIS2_PLACEMENT_3D('',#5295,#4036,#4037);
#3290=AXIS2_PLACEMENT_3D('',#5296,#4038,#4039);
#3291=AXIS2_PLACEMENT_3D('',#5297,#4040,#4041);
#3292=AXIS2_PLACEMENT_3D('',#5298,#4042,#4043);
#3293=AXIS2_PLACEMENT_3D('',#5299,#4044,#4045);
#3294=AXIS2_PLACEMENT_3D('',#5302,#4046,#4047);
#3295=AXIS2_PLACEMENT_3D('',#5303,#4048,#4049);
#3296=AXIS2_PLACEMENT_3D('',#5304,#4050,#4051);
#3297=AXIS2_PLACEMENT_3D('',#5305,#4052,#4053);
#3298=AXIS2_PLACEMENT_3D('',#5308,#4054,#4055);
#3299=AXIS2_PLACEMENT_3D('',#5309,#4056,#4057);
#3300=AXIS2_PLACEMENT_3D('',#5310,#4058,#4059);
#3301=AXIS2_PLACEMENT_3D('',#5311,#4060,#4061);
#3302=AXIS2_PLACEMENT_3D('',#5312,#4062,#4063);
#3303=AXIS2_PLACEMENT_3D('',#5313,#4064,#4065);
#3304=AXIS2_PLACEMENT_3D('',#5316,#4066,#4067);
#3305=AXIS2_PLACEMENT_3D('',#5317,#4068,#4069);
#3306=AXIS2_PLACEMENT_3D('',#5318,#4070,#4071);
#3307=AXIS2_PLACEMENT_3D('',#5319,#4072,#4073);
#3308=AXIS2_PLACEMENT_3D('',#5322,#4074,#4075);
#3309=AXIS2_PLACEMENT_3D('',#5323,#4076,#4077);
#3310=AXIS2_PLACEMENT_3D('',#5324,#4078,#4079);
#3311=AXIS2_PLACEMENT_3D('',#5325,#4080,#4081);
#3312=AXIS2_PLACEMENT_3D('',#5326,#4082,#4083);
#3313=AXIS2_PLACEMENT_3D('',#5327,#4084,#4085);
#3314=AXIS2_PLACEMENT_3D('',#5330,#4086,#4087);
#3315=AXIS2_PLACEMENT_3D('',#5331,#4088,#4089);
#3316=AXIS2_PLACEMENT_3D('',#5332,#4090,#4091);
#3317=AXIS2_PLACEMENT_3D('',#5333,#4092,#4093);
#3318=AXIS2_PLACEMENT_3D('',#5336,#4094,#4095);
#3319=AXIS2_PLACEMENT_3D('',#5337,#4096,#4097);
#3320=AXIS2_PLACEMENT_3D('',#5338,#4098,#4099);
#3321=AXIS2_PLACEMENT_3D('',#5339,#4100,#4101);
#3322=AXIS2_PLACEMENT_3D('',#5340,#4102,#4103);
#3323=AXIS2_PLACEMENT_3D('',#5341,#4104,#4105);
#3324=AXIS2_PLACEMENT_3D('',#5344,#4106,#4107);
#3325=AXIS2_PLACEMENT_3D('',#5345,#4108,#4109);
#3326=AXIS2_PLACEMENT_3D('',#5346,#4110,#4111);
#3327=AXIS2_PLACEMENT_3D('',#5347,#4112,#4113);
#3328=AXIS2_PLACEMENT_3D('',#5350,#4114,#4115);
#3329=AXIS2_PLACEMENT_3D('',#5351,#4116,#4117);
#3330=AXIS2_PLACEMENT_3D('',#5352,#4118,#4119);
#3331=AXIS2_PLACEMENT_3D('',#5353,#4120,#4121);
#3332=AXIS2_PLACEMENT_3D('',#5354,#4122,#4123);
#3333=AXIS2_PLACEMENT_3D('',#5355,#4124,#4125);
#3334=AXIS2_PLACEMENT_3D('',#5358,#4126,#4127);
#3335=AXIS2_PLACEMENT_3D('',#5359,#4128,#4129);
#3336=AXIS2_PLACEMENT_3D('',#5360,#4130,#4131);
#3337=AXIS2_PLACEMENT_3D('',#5361,#4132,#4133);
#3338=AXIS2_PLACEMENT_3D('',#5364,#4134,#4135);
#3339=AXIS2_PLACEMENT_3D('',#5365,#4136,#4137);
#3340=AXIS2_PLACEMENT_3D('',#5366,#4138,#4139);
#3341=AXIS2_PLACEMENT_3D('',#5367,#4140,#4141);
#3342=AXIS2_PLACEMENT_3D('',#5368,#4142,#4143);
#3343=AXIS2_PLACEMENT_3D('',#5369,#4144,#4145);
#3344=AXIS2_PLACEMENT_3D('',#5370,#4146,#4147);
#3345=AXIS2_PLACEMENT_3D('',#5371,#4148,#4149);
#3346=AXIS2_PLACEMENT_3D('',#5373,#4150,#4151);
#3347=AXIS2_PLACEMENT_3D('',#5416,#4154,#4155);
#3348=AXIS2_PLACEMENT_3D('',#5417,#4156,#4157);
#3349=AXIS2_PLACEMENT_3D('',#5418,#4158,#4159);
#3350=AXIS2_PLACEMENT_3D('',#5421,#4160,#4161);
#3351=AXIS2_PLACEMENT_3D('',#5505,#4164,#4165);
#3352=AXIS2_PLACEMENT_3D('',#5514,#4166,#4167);
#3353=AXIS2_PLACEMENT_3D('',#5517,#4170,#4171);
#3354=AXIS2_PLACEMENT_3D('',#5518,#4172,#4173);
#3355=AXIS2_PLACEMENT_3D('',#5553,#4174,#4175);
#3356=AXIS2_PLACEMENT_3D('',#5570,#4176,#4177);
#3357=AXIS2_PLACEMENT_3D('',#5606,#4180,#4181);
#3358=AXIS2_PLACEMENT_3D('',#5615,#4182,#4183);
#3359=AXIS2_PLACEMENT_3D('',#5618,#4186,#4187);
#3360=AXIS2_PLACEMENT_3D('',#5619,#4188,#4189);
#3361=AXIS2_PLACEMENT_3D('',#5654,#4190,#4191);
#3362=AXIS2_PLACEMENT_3D('',#5671,#4192,#4193);
#3363=AXIS2_PLACEMENT_3D('',#5707,#4196,#4197);
#3364=AXIS2_PLACEMENT_3D('',#5716,#4198,#4199);
#3365=AXIS2_PLACEMENT_3D('',#5719,#4202,#4203);
#3366=AXIS2_PLACEMENT_3D('',#5720,#4204,#4205);
#3367=AXIS2_PLACEMENT_3D('',#5755,#4206,#4207);
#3368=AXIS2_PLACEMENT_3D('',#5772,#4208,#4209);
#3369=AXIS2_PLACEMENT_3D('',#5808,#4212,#4213);
#3370=AXIS2_PLACEMENT_3D('',#5817,#4214,#4215);
#3371=AXIS2_PLACEMENT_3D('',#5820,#4218,#4219);
#3372=AXIS2_PLACEMENT_3D('',#5821,#4220,#4221);
#3373=AXIS2_PLACEMENT_3D('',#5856,#4222,#4223);
#3374=AXIS2_PLACEMENT_3D('',#5873,#4224,#4225);
#3375=AXIS2_PLACEMENT_3D('',#5909,#4228,#4229);
#3376=AXIS2_PLACEMENT_3D('',#5918,#4230,#4231);
#3377=AXIS2_PLACEMENT_3D('',#5921,#4234,#4235);
#3378=AXIS2_PLACEMENT_3D('',#5922,#4236,#4237);
#3379=AXIS2_PLACEMENT_3D('',#5957,#4238,#4239);
#3380=AXIS2_PLACEMENT_3D('',#5974,#4240,#4241);
#3381=AXIS2_PLACEMENT_3D('',#6010,#4244,#4245);
#3382=AXIS2_PLACEMENT_3D('',#6019,#4246,#4247);
#3383=AXIS2_PLACEMENT_3D('',#6022,#4250,#4251);
#3384=AXIS2_PLACEMENT_3D('',#6023,#4252,#4253);
#3385=AXIS2_PLACEMENT_3D('',#6058,#4254,#4255);
#3386=AXIS2_PLACEMENT_3D('',#6075,#4256,#4257);
#3387=AXIS2_PLACEMENT_3D('',#6111,#4260,#4261);
#3388=AXIS2_PLACEMENT_3D('',#6120,#4262,#4263);
#3389=AXIS2_PLACEMENT_3D('',#6123,#4266,#4267);
#3390=AXIS2_PLACEMENT_3D('',#6124,#4268,#4269);
#3391=AXIS2_PLACEMENT_3D('',#6159,#4270,#4271);
#3392=AXIS2_PLACEMENT_3D('',#6176,#4272,#4273);
#3393=AXIS2_PLACEMENT_3D('',#6212,#4276,#4277);
#3394=AXIS2_PLACEMENT_3D('',#6221,#4278,#4279);
#3395=AXIS2_PLACEMENT_3D('',#6224,#4282,#4283);
#3396=AXIS2_PLACEMENT_3D('',#6225,#4284,#4285);
#3397=AXIS2_PLACEMENT_3D('',#6260,#4286,#4287);
#3398=AXIS2_PLACEMENT_3D('',#6277,#4288,#4289);
#3399=AXIS2_PLACEMENT_3D('',#6313,#4292,#4293);
#3400=AXIS2_PLACEMENT_3D('',#6322,#4294,#4295);
#3401=AXIS2_PLACEMENT_3D('',#6325,#4298,#4299);
#3402=AXIS2_PLACEMENT_3D('',#6326,#4300,#4301);
#3403=AXIS2_PLACEMENT_3D('',#6361,#4302,#4303);
#3404=AXIS2_PLACEMENT_3D('',#6378,#4304,#4305);
#3405=AXIS2_PLACEMENT_3D('',#6414,#4308,#4309);
#3406=AXIS2_PLACEMENT_3D('',#6423,#4310,#4311);
#3407=AXIS2_PLACEMENT_3D('',#6426,#4314,#4315);
#3408=AXIS2_PLACEMENT_3D('',#6427,#4316,#4317);
#3409=AXIS2_PLACEMENT_3D('',#6462,#4318,#4319);
#3410=AXIS2_PLACEMENT_3D('',#6479,#4320,#4321);
#3411=AXIS2_PLACEMENT_3D('',#6515,#4324,#4325);
#3412=AXIS2_PLACEMENT_3D('',#6524,#4326,#4327);
#3413=AXIS2_PLACEMENT_3D('',#6527,#4330,#4331);
#3414=AXIS2_PLACEMENT_3D('',#6528,#4332,#4333);
#3415=AXIS2_PLACEMENT_3D('',#6563,#4334,#4335);
#3416=AXIS2_PLACEMENT_3D('',#6580,#4336,#4337);
#3417=AXIS2_PLACEMENT_3D('',#6616,#4340,#4341);
#3418=AXIS2_PLACEMENT_3D('',#6625,#4342,#4343);
#3419=AXIS2_PLACEMENT_3D('',#6628,#4346,#4347);
#3420=AXIS2_PLACEMENT_3D('',#6629,#4348,#4349);
#3421=AXIS2_PLACEMENT_3D('',#6630,#4350,#4351);
#3422=AXIS2_PLACEMENT_3D('',#6631,#4352,#4353);
#3423=AXIS2_PLACEMENT_3D('',#6666,#4354,#4355);
#3424=AXIS2_PLACEMENT_3D('',#6683,#4356,#4357);
#3425=AXIS2_PLACEMENT_3D('',#6719,#4360,#4361);
#3426=AXIS2_PLACEMENT_3D('',#6728,#4362,#4363);
#3427=AXIS2_PLACEMENT_3D('',#6731,#4366,#4367);
#3428=AXIS2_PLACEMENT_3D('',#6732,#4368,#4369);
#3429=AXIS2_PLACEMENT_3D('',#6767,#4370,#4371);
#3430=AXIS2_PLACEMENT_3D('',#6784,#4372,#4373);
#3431=AXIS2_PLACEMENT_3D('',#6820,#4376,#4377);
#3432=AXIS2_PLACEMENT_3D('',#6829,#4378,#4379);
#3433=AXIS2_PLACEMENT_3D('',#6832,#4382,#4383);
#3434=AXIS2_PLACEMENT_3D('',#6833,#4384,#4385);
#3435=AXIS2_PLACEMENT_3D('',#6868,#4386,#4387);
#3436=AXIS2_PLACEMENT_3D('',#6885,#4388,#4389);
#3437=AXIS2_PLACEMENT_3D('',#6921,#4392,#4393);
#3438=AXIS2_PLACEMENT_3D('',#6930,#4394,#4395);
#3439=AXIS2_PLACEMENT_3D('',#6967,#4398,#4399);
#3440=AXIS2_PLACEMENT_3D('',#6984,#4400,#4401);
#3441=AXIS2_PLACEMENT_3D('',#6987,#4404,#4405);
#3442=AXIS2_PLACEMENT_3D('',#6988,#4406,#4407);
#3443=AXIS2_PLACEMENT_3D('',#6989,#4408,#4409);
#3444=AXIS2_PLACEMENT_3D('',#6990,#4410,#4411);
#3445=AXIS2_PLACEMENT_3D('',#6991,#4412,#4413);
#3446=AXIS2_PLACEMENT_3D('',#6992,#4414,#4415);
#3447=AXIS2_PLACEMENT_3D('',#6993,#4416,#4417);
#3448=AXIS2_PLACEMENT_3D('',#6994,#4418,#4419);
#3449=AXIS2_PLACEMENT_3D('',#6995,#4420,#4421);
#3450=AXIS2_PLACEMENT_3D('',#6996,#4422,#4423);
#3451=AXIS2_PLACEMENT_3D('',#6997,#4424,#4425);
#3452=AXIS2_PLACEMENT_3D('',#6998,#4426,#4427);
#3453=AXIS2_PLACEMENT_3D('',#6999,#4428,#4429);
#3454=AXIS2_PLACEMENT_3D('',#7000,#4430,#4431);
#3455=AXIS2_PLACEMENT_3D('',#7001,#4432,#4433);
#3456=AXIS2_PLACEMENT_3D('',#7002,#4434,#4435);
#3457=AXIS2_PLACEMENT_3D('',#7003,#4436,#4437);
#3458=AXIS2_PLACEMENT_3D('',#7004,#4438,#4439);
#3459=AXIS2_PLACEMENT_3D('',#7005,#4440,#4441);
#3460=AXIS2_PLACEMENT_3D('',#7006,#4442,#4443);
#3461=AXIS2_PLACEMENT_3D('',#7007,#4444,#4445);
#3462=AXIS2_PLACEMENT_3D('',#7008,#4446,#4447);
#3463=AXIS2_PLACEMENT_3D('',#7009,#4448,#4449);
#3464=AXIS2_PLACEMENT_3D('',#7010,#4450,#4451);
#3465=AXIS2_PLACEMENT_3D('',#7011,#4452,#4453);
#3466=AXIS2_PLACEMENT_3D('',#7012,#4454,#4455);
#3467=AXIS2_PLACEMENT_3D('',#7013,#4456,#4457);
#3468=AXIS2_PLACEMENT_3D('',#7014,#4458,#4459);
#3469=AXIS2_PLACEMENT_3D('',#7015,#4460,#4461);
#3470=AXIS2_PLACEMENT_3D('',#7016,#4462,#4463);
#3471=AXIS2_PLACEMENT_3D('',#7017,#4464,#4465);
#3472=AXIS2_PLACEMENT_3D('',#7018,#4466,#4467);
#3473=AXIS2_PLACEMENT_3D('',#7019,#4468,#4469);
#3474=AXIS2_PLACEMENT_3D('',#7020,#4470,#4471);
#3475=AXIS2_PLACEMENT_3D('',#7021,#4472,#4473);
#3476=AXIS2_PLACEMENT_3D('',#7022,#4474,#4475);
#3477=AXIS2_PLACEMENT_3D('',#7023,#4476,#4477);
#3478=AXIS2_PLACEMENT_3D('',#7024,#4478,#4479);
#3479=AXIS2_PLACEMENT_3D('',#7025,#4480,#4481);
#3480=AXIS2_PLACEMENT_3D('',#7026,#4482,#4483);
#3481=AXIS2_PLACEMENT_3D('',#7027,#4484,#4485);
#3482=AXIS2_PLACEMENT_3D('',#7028,#4486,#4487);
#3483=AXIS2_PLACEMENT_3D('',#7029,#4488,#4489);
#3484=AXIS2_PLACEMENT_3D('',#7030,#4490,#4491);
#3485=AXIS2_PLACEMENT_3D('',#7031,#4492,#4493);
#3486=AXIS2_PLACEMENT_3D('',#7032,#4494,#4495);
#3487=AXIS2_PLACEMENT_3D('',#7033,#4496,#4497);
#3488=AXIS2_PLACEMENT_3D('',#7034,#4498,#4499);
#3489=AXIS2_PLACEMENT_3D('',#7035,#4500,#4501);
#3490=AXIS2_PLACEMENT_3D('',#7036,#4502,#4503);
#3491=AXIS2_PLACEMENT_3D('',#7037,#4504,#4505);
#3492=AXIS2_PLACEMENT_3D('',#7038,#4506,#4507);
#3493=AXIS2_PLACEMENT_3D('',#7039,#4508,#4509);
#3494=AXIS2_PLACEMENT_3D('',#7040,#4510,#4511);
#3495=AXIS2_PLACEMENT_3D('',#7041,#4512,#4513);
#3496=AXIS2_PLACEMENT_3D('',#7042,#4514,#4515);
#3497=AXIS2_PLACEMENT_3D('',#7043,#4516,#4517);
#3498=AXIS2_PLACEMENT_3D('',#7044,#4518,#4519);
#3499=AXIS2_PLACEMENT_3D('',#7045,#4520,#4521);
#3500=AXIS2_PLACEMENT_3D('',#7046,#4522,#4523);
#3501=AXIS2_PLACEMENT_3D('',#7047,#4524,#4525);
#3502=AXIS2_PLACEMENT_3D('',#7048,#4526,#4527);
#3503=AXIS2_PLACEMENT_3D('',#7049,#4528,#4529);
#3504=AXIS2_PLACEMENT_3D('',#7050,#4530,#4531);
#3505=AXIS2_PLACEMENT_3D('',#7051,#4532,#4533);
#3506=AXIS2_PLACEMENT_3D('',#7052,#4534,#4535);
#3507=AXIS2_PLACEMENT_3D('',#7053,#4536,#4537);
#3508=AXIS2_PLACEMENT_3D('',#7054,#4538,#4539);
#3509=AXIS2_PLACEMENT_3D('',#7055,#4540,#4541);
#3510=AXIS2_PLACEMENT_3D('',#7056,#4542,#4543);
#3511=AXIS2_PLACEMENT_3D('',#7057,#4544,#4545);
#3512=AXIS2_PLACEMENT_3D('',#7058,#4546,#4547);
#3513=AXIS2_PLACEMENT_3D('',#7059,#4548,#4549);
#3514=AXIS2_PLACEMENT_3D('',#7060,#4550,#4551);
#3515=AXIS2_PLACEMENT_3D('',#7061,#4552,#4553);
#3516=AXIS2_PLACEMENT_3D('',#7062,#4554,#4555);
#3517=AXIS2_PLACEMENT_3D('',#7063,#4556,#4557);
#3518=AXIS2_PLACEMENT_3D('',#7064,#4558,#4559);
#3519=AXIS2_PLACEMENT_3D('',#7065,#4560,#4561);
#3520=AXIS2_PLACEMENT_3D('',#7067,#4563,#4564);
#3521=AXIS2_PLACEMENT_3D('',#7068,#4565,#4566);
#3522=AXIS2_PLACEMENT_3D('',#7069,#4567,#4568);
#3523=DIRECTION('axis',(0.,0.,1.));
#3524=DIRECTION('refdir',(1.,0.,0.));
#3525=DIRECTION('center_axis',(0.,0.,1.));
#3526=DIRECTION('ref_axis',(1.,0.,0.));
#3527=DIRECTION('center_axis',(0.,0.,1.));
#3528=DIRECTION('ref_axis',(-0.547267373619447,0.836957837511348,0.));
#3529=DIRECTION('center_axis',(0.,0.,-1.));
#3530=DIRECTION('ref_axis',(0.373471606655522,-0.92764161130371,0.));
#3531=DIRECTION('center_axis',(0.,0.,1.));
#3532=DIRECTION('ref_axis',(-0.185286656227863,0.982684514492773,0.));
#3533=DIRECTION('center_axis',(0.,0.,-1.));
#3534=DIRECTION('ref_axis',(-0.010021324110635,-0.999949785270775,0.));
#3535=DIRECTION('center_axis',(0.,0.,1.));
#3536=DIRECTION('ref_axis',(0.204906975515363,0.978781452309527,0.));
#3537=DIRECTION('center_axis',(0.,0.,-1.));
#3538=DIRECTION('ref_axis',(-0.391918356046957,-0.920000001192093,0.));
#3539=DIRECTION('center_axis',(0.,0.,1.));
#3540=DIRECTION('ref_axis',(0.563868895980489,0.82586431582055,0.));
#3541=DIRECTION('center_axis',(0.,0.,-1.));
#3542=DIRECTION('ref_axis',(-0.714150791336556,-0.699991890834009,0.));
#3543=DIRECTION('center_axis',(0.,0.,1.));
#3544=DIRECTION('ref_axis',(0.83698893197854,0.547219816660018,0.));
#3545=DIRECTION('center_axis',(0.,0.,-1.));
#3546=DIRECTION('ref_axis',(-0.927662830521695,-0.373418897310349,0.));
#3547=DIRECTION('center_axis',(0.,0.,1.));
#3548=DIRECTION('ref_axis',(0.982688023655503,0.185268044098385,0.));
#3549=DIRECTION('center_axis',(0.,0.,-1.));
#3550=DIRECTION('ref_axis',(-0.999949974895826,0.0100023850074589,0.));
#3551=DIRECTION('center_axis',(0.,0.,1.));
#3552=DIRECTION('ref_axis',(0.978785333082833,-0.204888437306569,0.));
#3553=DIRECTION('center_axis',(0.,0.,-1.));
#3554=DIRECTION('ref_axis',(-0.920007423981298,0.391900931128386,0.));
#3555=DIRECTION('center_axis',(0.,0.,1.));
#3556=DIRECTION('ref_axis',(0.825874995378884,-0.563853253965895,0.));
#3557=DIRECTION('center_axis',(0.,0.,-1.));
#3558=DIRECTION('ref_axis',(-0.7000054167619,0.714137533325338,0.));
#3559=DIRECTION('center_axis',(0.,0.,1.));
#3560=DIRECTION('ref_axis',(0.547235669176137,-0.836978567456387,0.));
#3561=DIRECTION('center_axis',(0.,0.,-1.));
#3562=DIRECTION('ref_axis',(-0.373436467226037,0.927655757781806,0.));
#3563=DIRECTION('center_axis',(0.,0.,1.));
#3564=DIRECTION('ref_axis',(0.185286656227863,-0.982684514492773,0.));
#3565=DIRECTION('center_axis',(0.,0.,-1.));
#3566=DIRECTION('ref_axis',(0.00998344590069637,0.999950164162169,0.));
#3567=DIRECTION('center_axis',(0.,0.,1.));
#3568=DIRECTION('ref_axis',(-0.204869899024275,-0.978789213505024,0.));
#3569=DIRECTION('center_axis',(0.,0.,-1.));
#3570=DIRECTION('ref_axis',(0.391883506069231,0.920014846440473,0.));
#3571=DIRECTION('center_axis',(0.,0.,1.));
#3572=DIRECTION('ref_axis',(-0.563837611749033,-0.825885674640956,0.));
#3573=DIRECTION('center_axis',(0.,0.,-1.));
#3574=DIRECTION('ref_axis',(0.71412427505794,0.700018942438683,0.));
#3575=DIRECTION('center_axis',(0.,0.,1.));
#3576=DIRECTION('ref_axis',(-0.836968202633989,-0.547251521495949,0.));
#3577=DIRECTION('center_axis',(0.,0.,-1.));
#3578=DIRECTION('ref_axis',(0.927648684709144,0.373454037007763,0.));
#3579=DIRECTION('center_axis',(0.,0.,1.));
#3580=DIRECTION('ref_axis',(-0.982681004977529,-0.185305268290874,0.));
#3581=DIRECTION('center_axis',(0.,0.,-1.));
#3582=DIRECTION('ref_axis',(0.999950353069804,-0.00996450679035024,0.));
#3583=DIRECTION('center_axis',(0.,0.,1.));
#3584=DIRECTION('ref_axis',(-0.978793093576098,0.20485136066849,0.));
#3585=DIRECTION('center_axis',(0.,0.,-1.));
#3586=DIRECTION('ref_axis',(0.920022268569615,-0.391866080869497,0.));
#3587=DIRECTION('center_axis',(0.,0.,1.));
#3588=DIRECTION('ref_axis',(-0.825896353606761,0.563821969329908,0.));
#3589=DIRECTION('center_axis',(0.,0.,-1.));
#3590=DIRECTION('ref_axis',(0.700032467864349,-0.714111016534369,0.));
#3591=DIRECTION('center_axis',(0.,0.,-1.));
#3592=DIRECTION('ref_axis',(-0.516666666666667,-0.856186635936088,0.));
#3593=DIRECTION('',(0.,1.,0.));
#3594=DIRECTION('center_axis',(0.,0.,1.));
#3595=DIRECTION('ref_axis',(1.,0.,0.));
#3596=DIRECTION('',(0.,1.,0.));
#3597=DIRECTION('center_axis',(0.,0.,1.));
#3598=DIRECTION('ref_axis',(1.,0.,0.));
#3599=DIRECTION('',(0.,1.,0.));
#3600=DIRECTION('center_axis',(0.,0.,1.));
#3601=DIRECTION('ref_axis',(1.,0.,0.));
#3602=DIRECTION('center_axis',(0.,0.,1.));
#3603=DIRECTION('ref_axis',(1.,0.,0.));
#3604=DIRECTION('',(0.,0.,1.));
#3605=DIRECTION('',(0.,0.,-1.));
#3606=DIRECTION('center_axis',(1.,0.,0.));
#3607=DIRECTION('ref_axis',(0.,1.,0.));
#3608=DIRECTION('',(0.,1.,0.));
#3609=DIRECTION('',(0.,0.,-1.));
#3610=DIRECTION('center_axis',(0.,0.,1.));
#3611=DIRECTION('ref_axis',(-1.,0.,0.));
#3612=DIRECTION('',(0.,1.,0.));
#3613=DIRECTION('center_axis',(0.,0.,-1.));
#3614=DIRECTION('ref_axis',(-0.516666666666667,-0.856186635936088,0.));
#3615=DIRECTION('',(0.,1.,0.));
#3616=DIRECTION('center_axis',(0.,0.,1.));
#3617=DIRECTION('ref_axis',(1.,0.,0.));
#3618=DIRECTION('center_axis',(0.,0.,1.));
#3619=DIRECTION('ref_axis',(1.,0.,0.));
#3620=DIRECTION('',(0.,0.,1.));
#3621=DIRECTION('center_axis',(1.,0.,0.));
#3622=DIRECTION('ref_axis',(0.,1.,0.));
#3623=DIRECTION('',(0.,0.,1.));
#3624=DIRECTION('center_axis',(0.,0.,-1.));
#3625=DIRECTION('ref_axis',(-1.,0.,0.));
#3626=DIRECTION('center_axis',(0.,0.,1.));
#3627=DIRECTION('ref_axis',(-1.,-1.83697019872103E-16,0.));
#3628=DIRECTION('center_axis',(-1.22464679914735E-16,-1.,0.));
#3629=DIRECTION('ref_axis',(1.,-1.22464679914735E-16,0.));
#3630=DIRECTION('center_axis',(0.,0.,-1.));
#3631=DIRECTION('ref_axis',(-1.,-1.83697019872103E-16,0.));
#3632=DIRECTION('center_axis',(0.,0.,-1.));
#3633=DIRECTION('ref_axis',(-1.,-1.83697019872103E-16,0.));
#3634=DIRECTION('center_axis',(0.,0.,1.));
#3635=DIRECTION('ref_axis',(-1.,-1.83697019872103E-16,0.));
#3636=DIRECTION('center_axis',(0.,0.,1.));
#3637=DIRECTION('ref_axis',(-1.,-1.83697019872103E-16,0.));
#3638=DIRECTION('center_axis',(0.,0.,1.));
#3639=DIRECTION('ref_axis',(-1.,-1.83697019872103E-16,0.));
#3640=DIRECTION('center_axis',(0.,0.,1.));
#3641=DIRECTION('ref_axis',(-1.,-1.83697019872103E-16,0.));
#3642=DIRECTION('center_axis',(0.,0.,1.));
#3643=DIRECTION('ref_axis',(-1.,-1.83697019872103E-16,0.));
#3644=DIRECTION('center_axis',(0.,0.,1.));
#3645=DIRECTION('ref_axis',(-1.,-1.83697019872103E-16,0.));
#3646=DIRECTION('center_axis',(0.,0.,1.));
#3647=DIRECTION('ref_axis',(-1.,-1.83697019872103E-16,0.));
#3648=DIRECTION('center_axis',(0.,0.,1.));
#3649=DIRECTION('ref_axis',(-1.,-1.83697019872103E-16,0.));
#3650=DIRECTION('center_axis',(0.,0.,1.));
#3651=DIRECTION('ref_axis',(-1.,-1.83697019872103E-16,0.));
#3652=DIRECTION('center_axis',(0.,0.,1.));
#3653=DIRECTION('ref_axis',(-1.,-1.83697019872103E-16,0.));
#3654=DIRECTION('center_axis',(0.,0.,1.));
#3655=DIRECTION('ref_axis',(-1.,-1.83697019872103E-16,0.));
#3656=DIRECTION('center_axis',(0.,0.,1.));
#3657=DIRECTION('ref_axis',(-1.,-1.83697019872103E-16,0.));
#3658=DIRECTION('center_axis',(0.,0.,1.));
#3659=DIRECTION('ref_axis',(-1.,-1.83697019872103E-16,0.));
#3660=DIRECTION('center_axis',(0.,0.,1.));
#3661=DIRECTION('ref_axis',(-1.,-1.83697019872103E-16,0.));
#3662=DIRECTION('center_axis',(0.,0.,1.));
#3663=DIRECTION('ref_axis',(-1.,-1.83697019872103E-16,0.));
#3664=DIRECTION('center_axis',(0.,0.,-1.));
#3665=DIRECTION('ref_axis',(-1.,0.,0.));
#3666=DIRECTION('center_axis',(0.,0.,1.));
#3667=DIRECTION('ref_axis',(0.391883506069231,0.920014846440473,0.));
#3668=DIRECTION('center_axis',(0.,0.,-1.));
#3669=DIRECTION('ref_axis',(0.39188350606923,0.920014846440473,0.));
#3670=DIRECTION('center_axis',(0.,0.,1.));
#3671=DIRECTION('ref_axis',(0.391883506069231,0.920014846440473,0.));
#3672=DIRECTION('center_axis',(0.,0.,-1.));
#3673=DIRECTION('ref_axis',(0.714124275057941,0.700018942438682,0.));
#3674=DIRECTION('center_axis',(0.,0.,1.));
#3675=DIRECTION('ref_axis',(0.71412427505794,0.700018942438683,0.));
#3676=DIRECTION('center_axis',(0.,0.,-1.));
#3677=DIRECTION('ref_axis',(0.71412427505794,0.700018942438683,0.));
#3678=DIRECTION('center_axis',(0.,0.,1.));
#3679=DIRECTION('ref_axis',(0.71412427505794,0.700018942438683,0.));
#3680=DIRECTION('center_axis',(0.,0.,-1.));
#3681=DIRECTION('ref_axis',(0.927648684709144,0.373454037007763,0.));
#3682=DIRECTION('center_axis',(0.,0.,1.));
#3683=DIRECTION('ref_axis',(0.927648684709144,0.373454037007763,0.));
#3684=DIRECTION('center_axis',(0.,0.,-1.));
#3685=DIRECTION('ref_axis',(0.927648684709144,0.373454037007763,0.));
#3686=DIRECTION('center_axis',(0.,0.,1.));
#3687=DIRECTION('ref_axis',(0.927648684709144,0.373454037007763,0.));
#3688=DIRECTION('center_axis',(0.,0.,-1.));
#3689=DIRECTION('ref_axis',(0.999950353069804,-0.00996450679034783,0.));
#3690=DIRECTION('center_axis',(0.,0.,1.));
#3691=DIRECTION('ref_axis',(0.999950353069804,-0.00996450679034767,0.));
#3692=DIRECTION('center_axis',(0.,0.,-1.));
#3693=DIRECTION('ref_axis',(0.999950353069804,-0.00996450679034767,0.));
#3694=DIRECTION('center_axis',(0.,0.,1.));
#3695=DIRECTION('ref_axis',(0.999950353069804,-0.00996450679034767,0.));
#3696=DIRECTION('center_axis',(0.,0.,-1.));
#3697=DIRECTION('ref_axis',(0.920022268569615,-0.391866080869498,0.));
#3698=DIRECTION('center_axis',(0.,0.,1.));
#3699=DIRECTION('ref_axis',(0.920022268569615,-0.391866080869497,0.));
#3700=DIRECTION('center_axis',(0.,0.,-1.));
#3701=DIRECTION('ref_axis',(0.920022268569615,-0.391866080869497,0.));
#3702=DIRECTION('center_axis',(0.,0.,1.));
#3703=DIRECTION('ref_axis',(0.920022268569615,-0.391866080869497,0.));
#3704=DIRECTION('center_axis',(0.,0.,-1.));
#3705=DIRECTION('ref_axis',(0.700032467864349,-0.714111016534369,0.));
#3706=DIRECTION('center_axis',(0.,0.,1.));
#3707=DIRECTION('ref_axis',(0.700032467864349,-0.714111016534369,0.));
#3708=DIRECTION('center_axis',(0.,0.,-1.));
#3709=DIRECTION('ref_axis',(0.700032467864349,-0.714111016534369,0.));
#3710=DIRECTION('center_axis',(0.,0.,1.));
#3711=DIRECTION('ref_axis',(0.700032467864349,-0.714111016534369,0.));
#3712=DIRECTION('center_axis',(0.,0.,-1.));
#3713=DIRECTION('ref_axis',(-1.,0.,0.));
#3714=DIRECTION('center_axis',(0.,0.,1.));
#3715=DIRECTION('ref_axis',(0.373471606655521,-0.92764161130371,0.));
#3716=DIRECTION('center_axis',(0.,0.,-1.));
#3717=DIRECTION('ref_axis',(0.373471606655521,-0.92764161130371,0.));
#3718=DIRECTION('center_axis',(0.,0.,1.));
#3719=DIRECTION('ref_axis',(0.373471606655521,-0.92764161130371,0.));
#3720=DIRECTION('center_axis',(0.,0.,1.));
#3721=DIRECTION('ref_axis',(-1.,0.,0.));
#3722=DIRECTION('center_axis',(0.,0.,-1.));
#3723=DIRECTION('ref_axis',(-0.563837611749033,-0.825885674640955,0.));
#3724=DIRECTION('center_axis',(0.,0.,1.));
#3725=DIRECTION('ref_axis',(-1.,0.,0.));
#3726=DIRECTION('center_axis',(0.,0.,-1.));
#3727=DIRECTION('ref_axis',(-0.836968202633989,-0.547251521495948,0.));
#3728=DIRECTION('center_axis',(0.,0.,1.));
#3729=DIRECTION('ref_axis',(-1.,0.,0.));
#3730=DIRECTION('center_axis',(0.,0.,-1.));
#3731=DIRECTION('ref_axis',(-0.982681004977529,-0.185305268290874,0.));
#3732=DIRECTION('center_axis',(0.,0.,1.));
#3733=DIRECTION('ref_axis',(-1.,0.,0.));
#3734=DIRECTION('center_axis',(0.,0.,-1.));
#3735=DIRECTION('ref_axis',(-0.978793093576098,0.204851360668491,0.));
#3736=DIRECTION('center_axis',(0.,0.,1.));
#3737=DIRECTION('ref_axis',(-1.,0.,0.));
#3738=DIRECTION('center_axis',(0.,0.,-1.));
#3739=DIRECTION('ref_axis',(-0.825896353606761,0.563821969329909,0.));
#3740=DIRECTION('center_axis',(0.,0.,1.));
#3741=DIRECTION('ref_axis',(-1.,0.,0.));
#3742=DIRECTION('center_axis',(0.,0.,-1.));
#3743=DIRECTION('ref_axis',(-0.547267373619447,0.836957837511348,0.));
#3744=DIRECTION('center_axis',(0.,0.,1.));
#3745=DIRECTION('ref_axis',(-1.,0.,0.));
#3746=DIRECTION('center_axis',(0.,0.,1.));
#3747=DIRECTION('ref_axis',(-0.010021324110634,-0.999949785270775,0.));
#3748=DIRECTION('center_axis',(0.,0.,-1.));
#3749=DIRECTION('ref_axis',(-0.185286656227863,0.982684514492773,0.));
#3750=DIRECTION('center_axis',(0.,0.,1.));
#3751=DIRECTION('ref_axis',(-1.,0.,0.));
#3752=DIRECTION('center_axis',(0.,0.,1.));
#3753=DIRECTION('ref_axis',(-0.391918356046955,-0.920000001192093,0.));
#3754=DIRECTION('center_axis',(0.,0.,-1.));
#3755=DIRECTION('ref_axis',(0.204906975515364,0.978781452309527,0.));
#3756=DIRECTION('center_axis',(0.,0.,1.));
#3757=DIRECTION('ref_axis',(-0.010021324110634,-0.999949785270775,0.));
#3758=DIRECTION('center_axis',(0.,0.,1.));
#3759=DIRECTION('ref_axis',(-1.,0.,0.));
#3760=DIRECTION('center_axis',(0.,0.,1.));
#3761=DIRECTION('ref_axis',(-0.714150791336554,-0.699991890834011,0.));
#3762=DIRECTION('center_axis',(0.,0.,-1.));
#3763=DIRECTION('ref_axis',(0.563868895980489,0.825864315820549,0.));
#3764=DIRECTION('center_axis',(0.,0.,1.));
#3765=DIRECTION('ref_axis',(-0.391918356046955,-0.920000001192093,0.));
#3766=DIRECTION('center_axis',(0.,0.,1.));
#3767=DIRECTION('ref_axis',(-1.,0.,0.));
#3768=DIRECTION('center_axis',(0.,0.,1.));
#3769=DIRECTION('ref_axis',(-0.927662830521696,-0.373418897310347,0.));
#3770=DIRECTION('center_axis',(0.,0.,-1.));
#3771=DIRECTION('ref_axis',(0.83698893197854,0.547219816660017,0.));
#3772=DIRECTION('center_axis',(0.,0.,1.));
#3773=DIRECTION('ref_axis',(-0.714150791336554,-0.699991890834011,0.));
#3774=DIRECTION('center_axis',(0.,0.,1.));
#3775=DIRECTION('ref_axis',(-1.,0.,0.));
#3776=DIRECTION('center_axis',(0.,0.,1.));
#3777=DIRECTION('ref_axis',(-0.999949974895826,0.0100023850074603,0.));
#3778=DIRECTION('center_axis',(0.,0.,-1.));
#3779=DIRECTION('ref_axis',(0.982688023655503,0.185268044098384,0.));
#3780=DIRECTION('center_axis',(0.,0.,1.));
#3781=DIRECTION('ref_axis',(-0.927662830521696,-0.373418897310347,0.));
#3782=DIRECTION('center_axis',(0.,0.,1.));
#3783=DIRECTION('ref_axis',(-1.,0.,0.));
#3784=DIRECTION('center_axis',(0.,0.,1.));
#3785=DIRECTION('ref_axis',(-0.920007423981299,0.391900931128385,0.));
#3786=DIRECTION('center_axis',(0.,0.,-1.));
#3787=DIRECTION('ref_axis',(0.978785333082833,-0.204888437306569,0.));
#3788=DIRECTION('center_axis',(0.,0.,1.));
#3789=DIRECTION('ref_axis',(-0.999949974895826,0.0100023850074603,0.));
#3790=DIRECTION('center_axis',(0.,0.,1.));
#3791=DIRECTION('ref_axis',(-1.,0.,0.));
#3792=DIRECTION('center_axis',(0.,0.,1.));
#3793=DIRECTION('ref_axis',(-0.700005416761901,0.714137533325337,0.));
#3794=DIRECTION('center_axis',(0.,0.,-1.));
#3795=DIRECTION('ref_axis',(0.825874995378884,-0.563853253965896,0.));
#3796=DIRECTION('center_axis',(0.,0.,1.));
#3797=DIRECTION('ref_axis',(-0.920007423981299,0.391900931128385,0.));
#3798=DIRECTION('center_axis',(0.,0.,1.));
#3799=DIRECTION('ref_axis',(-1.,0.,0.));
#3800=DIRECTION('center_axis',(0.,0.,1.));
#3801=DIRECTION('ref_axis',(-0.373436467226038,0.927655757781806,0.));
#3802=DIRECTION('center_axis',(0.,0.,-1.));
#3803=DIRECTION('ref_axis',(0.547235669176137,-0.836978567456387,0.));
#3804=DIRECTION('center_axis',(0.,0.,1.));
#3805=DIRECTION('ref_axis',(-0.700005416761901,0.714137533325337,0.));
#3806=DIRECTION('center_axis',(0.,0.,1.));
#3807=DIRECTION('ref_axis',(-1.,0.,0.));
#3808=DIRECTION('center_axis',(0.,0.,1.));
#3809=DIRECTION('ref_axis',(0.00998344590069626,0.999950164162169,0.));
#3810=DIRECTION('center_axis',(0.,0.,-1.));
#3811=DIRECTION('ref_axis',(0.185286656227862,-0.982684514492773,0.));
#3812=DIRECTION('center_axis',(0.,0.,1.));
#3813=DIRECTION('ref_axis',(-0.373436467226038,0.927655757781806,0.));
#3814=DIRECTION('center_axis',(0.,0.,1.));
#3815=DIRECTION('ref_axis',(-1.,0.,0.));
#3816=DIRECTION('center_axis',(0.,0.,-1.));
#3817=DIRECTION('ref_axis',(-0.204869899024276,-0.978789213505024,0.));
#3818=DIRECTION('center_axis',(0.,0.,1.));
#3819=DIRECTION('ref_axis',(0.00998344590069626,0.999950164162169,0.));
#3820=DIRECTION('center_axis',(0.,0.,-1.));
#3821=DIRECTION('ref_axis',(-1.,0.,0.));
#3822=DIRECTION('center_axis',(0.,0.,-1.));
#3823=DIRECTION('ref_axis',(-0.010021324110634,-0.999949785270775,0.));
#3824=DIRECTION('center_axis',(6.12323399573677E-17,0.,1.));
#3825=DIRECTION('ref_axis',(1.,0.,0.));
#3826=DIRECTION('center_axis',(-1.22464679914735E-16,1.,0.));
#3827=DIRECTION('ref_axis',(-1.,-1.22464679914735E-16,0.));
#3828=DIRECTION('center_axis',(-0.382856279114661,-0.348399532994836,-0.855592680515359));
#3829=DIRECTION('ref_axis',(0.632800634758966,0.575849104887822,-0.517649654736235));
#3830=DIRECTION('center_axis',(0.,0.,-1.));
#3831=DIRECTION('ref_axis',(0.990182856706116,0.139778075123803,0.));
#3832=DIRECTION('center_axis',(-0.139778075123805,0.990182856706116,0.));
#3833=DIRECTION('ref_axis',(0.,0.,-1.));
#3834=DIRECTION('center_axis',(0.972652117032401,-0.232266784608539,1.01236947682479E-15));
#3835=DIRECTION('ref_axis',(0.232266784608539,0.972652117032401,0.));
#3836=DIRECTION('center_axis',(-0.937242434179024,-0.290671520725285,0.192579039912));
#3837=DIRECTION('ref_axis',(-0.348678389886981,0.781320814632043,-0.517649654736235));
#3838=DIRECTION('center_axis',(0.,0.,-1.));
#3839=DIRECTION('ref_axis',(0.177386083330897,0.984141340174532,0.));
#3840=DIRECTION('center_axis',(-0.984141340174532,0.177386083330897,0.));
#3841=DIRECTION('ref_axis',(0.,0.,-1.));
#3842=DIRECTION('center_axis',(0.525220846167811,0.850965958632171,1.36317508694101E-15));
#3843=DIRECTION('ref_axis',(-0.850965958632171,0.525220846167811,0.));
#3844=DIRECTION('center_axis',(0.,0.,1.));
#3845=DIRECTION('ref_axis',(1.,0.,0.));
#3846=DIRECTION('center_axis',(0.,0.,-1.));
#3847=DIRECTION('ref_axis',(0.204906975515363,0.978781452309527,0.));
#3848=DIRECTION('center_axis',(-0.99973218003583,-0.0197984802544449,0.0119828369104275));
#3849=DIRECTION('ref_axis',(-0.023142346484476,0.855279642427345,-0.517649654736238));
#3850=DIRECTION('center_axis',(0.,0.,-1.));
#3851=DIRECTION('ref_axis',(0.540493973944917,0.841347885318096,0.));
#3852=DIRECTION('center_axis',(-0.841347885318095,0.540493973944918,0.));
#3853=DIRECTION('ref_axis',(0.,0.,-1.));
#3854=DIRECTION('center_axis',(0.810888592774694,0.585200555457593,3.87492579199202E-15));
#3855=DIRECTION('ref_axis',(-0.585200555457593,0.810888592774694,0.));
#3856=DIRECTION('center_axis',(-0.931294436821413,0.302811787805686,-0.202473931930535));
#3857=DIRECTION('ref_axis',(0.364267308367752,0.774175795931369,-0.517649654736236));
#3858=DIRECTION('center_axis',(0.,0.,-1.));
#3859=DIRECTION('ref_axis',(0.861321326879826,0.508060598611992,0.));
#3860=DIRECTION('center_axis',(-0.50806059861199,0.861321326879827,0.));
#3861=DIRECTION('ref_axis',(0.,0.,-1.));
#3862=DIRECTION('center_axis',(0.987498779913714,0.157626646443189,-1.02782238960886E-15));
#3863=DIRECTION('ref_axis',(-0.157626646443189,0.987498779913714,0.));
#3864=DIRECTION('center_axis',(0.,0.,1.));
#3865=DIRECTION('ref_axis',(1.,0.,0.));
#3866=DIRECTION('center_axis',(0.,0.,1.));
#3867=DIRECTION('ref_axis',(-0.010021324110635,-0.999949785270775,0.));
#3868=DIRECTION('center_axis',(-0.487038978920457,-0.175368748814212,-0.855592680515359));
#3869=DIRECTION('ref_axis',(0.80499809413057,0.289856694588216,-0.517649654736235));
#3870=DIRECTION('center_axis',(0.,0.,-1.));
#3871=DIRECTION('ref_axis',(0.968301611052932,-0.249783886654635,0.));
#3872=DIRECTION('center_axis',(0.249783886654635,0.968301611052932,0.));
#3873=DIRECTION('ref_axis',(0.,0.,-1.));
#3874=DIRECTION('center_axis',(0.809731511338961,-0.586800544942421,0.));
#3875=DIRECTION('ref_axis',(0.586800544942421,0.809731511338961,0.));
#3876=DIRECTION('center_axis',(0.375823852064478,-0.355974152527907,-0.855592680515358));
#3877=DIRECTION('ref_axis',(-0.621177149540065,0.588368748184959,-0.517649654736236));
#3878=DIRECTION('center_axis',(0.,0.,-1.));
#3879=DIRECTION('ref_axis',(-0.212800613195647,0.977095644767469,0.));
#3880=DIRECTION('center_axis',(-0.97709564476747,-0.212800613195646,0.));
#3881=DIRECTION('ref_axis',(0.,0.,-1.));
#3882=DIRECTION('center_axis',(0.159520100653547,0.987194680641808,0.));
#3883=DIRECTION('ref_axis',(-0.987194680641808,0.159520100653547,0.));
#3884=DIRECTION('center_axis',(0.,0.,1.));
#3885=DIRECTION('ref_axis',(1.,0.,0.));
#3886=DIRECTION('center_axis',(0.,0.,-1.));
#3887=DIRECTION('ref_axis',(-0.185286656227863,0.982684514492773,0.));
#3888=DIRECTION('center_axis',(-0.952058241845479,0.256746517472912,-0.166331987000775));
#3889=DIRECTION('ref_axis',(0.305916825516503,0.799032997326995,-0.517649654736236));
#3890=DIRECTION('center_axis',(0.,0.,-1.));
#3891=DIRECTION('ref_axis',(0.82131851536683,0.570469890805488,0.));
#3892=DIRECTION('center_axis',(-0.570469890805488,0.82131851536683,0.));
#3893=DIRECTION('ref_axis',(0.,0.,-1.));
#3894=DIRECTION('center_axis',(0.973108840516445,0.230345793338492,-1.35045980025956E-15));
#3895=DIRECTION('ref_axis',(-0.230345793338492,0.973108840516445,0.));
#3896=DIRECTION('center_axis',(-0.999191083561341,0.0343967376817445,-0.0208336979042555));
#3897=DIRECTION('ref_axis',(0.0402141583464389,0.854647094665361,-0.517649654736236));
#3898=DIRECTION('center_axis',(-0.79904289769362,0.601274020431103,0.));
#3899=DIRECTION('ref_axis',(0.,0.,-1.));
#3900=DIRECTION('center_axis',(0.851971619259629,0.523587967753391,0.));
#3901=DIRECTION('ref_axis',(-0.523587967753391,0.851971619259629,0.));
#3902=DIRECTION('center_axis',(0.,0.,-1.));
#3903=DIRECTION('ref_axis',(0.601274020431103,0.79904289769362,0.));
#3904=DIRECTION('center_axis',(-0.517076174234906,0.0243597021151143,-0.855592680515358));
#3905=DIRECTION('ref_axis',(0.854644808310931,-0.0402627194638927,-0.517649654736236));
#3906=DIRECTION('center_axis',(0.,0.,-1.));
#3907=DIRECTION('ref_axis',(0.799008731919322,-0.601319421203637,0.));
#3908=DIRECTION('center_axis',(0.601319421203638,0.799008731919321,0.));
#3909=DIRECTION('ref_axis',(0.,0.,-1.));
#3910=DIRECTION('center_axis',(0.523539557746745,-0.852001368235018,-1.18238942003332E-15));
#3911=DIRECTION('ref_axis',(0.852001368235018,0.523539557746745,0.));
#3912=DIRECTION('center_axis',(0.483440499028103,-0.185057961050057,-0.855592680515358));
#3913=DIRECTION('ref_axis',(-0.799050378279295,0.305871423842062,-0.517649654736237));
#3914=DIRECTION('center_axis',(0.,0.,-1.));
#3915=DIRECTION('ref_axis',(-0.57051655733185,0.821286099852064,0.));
#3916=DIRECTION('center_axis',(-0.821286099852065,-0.570516557331849,0.));
#3917=DIRECTION('ref_axis',(0.,0.,-1.));
#3918=DIRECTION('center_axis',(-0.230401085164057,0.973095750661375,-3.19745737059697E-16));
#3919=DIRECTION('ref_axis',(-0.973095750661375,-0.230401085164057,0.));
#3920=DIRECTION('center_axis',(0.,0.,1.));
#3921=DIRECTION('ref_axis',(1.,0.,0.));
#3922=DIRECTION('center_axis',(0.,0.,-1.));
#3923=DIRECTION('ref_axis',(-0.547267373619447,0.836957837511348,0.));
#3924=DIRECTION('center_axis',(-0.808567055122932,0.452013808885614,-0.37669992559934));
#3925=DIRECTION('ref_axis',(0.588404042618531,0.621143717332494,-0.517649654736233));
#3926=DIRECTION('center_axis',(0.,0.,-1.));
#3927=DIRECTION('ref_axis',(0.977107734554497,0.212745094123881,0.));
#3928=DIRECTION('center_axis',(-0.212745094123886,0.977107734554496,0.));
#3929=DIRECTION('ref_axis',(0.,0.,-1.));
#3930=DIRECTION('center_axis',(0.987185615091,-0.159576192953098,2.73999049863194E-15));
#3931=DIRECTION('ref_axis',(0.159576192953098,0.987185615091,0.));
#3932=DIRECTION('center_axis',(-0.957056204526411,-0.243837437089397,0.156801548624928));
#3933=DIRECTION('ref_axis',(-0.28990243423866,0.804981623128104,-0.517649654736235));
#3934=DIRECTION('center_axis',(0.,0.,-1.));
#3935=DIRECTION('ref_axis',(0.249728867201548,0.968315802249572,0.));
#3936=DIRECTION('center_axis',(-0.968315802249572,0.249728867201547,0.));
#3937=DIRECTION('ref_axis',(0.,0.,-1.));
#3938=DIRECTION('center_axis',(0.58675453492331,0.809764852131117,1.12377447921019E-15));
#3939=DIRECTION('ref_axis',(-0.809764852131117,0.58675453492331,0.));
#3940=DIRECTION('center_axis',(0.,0.,1.));
#3941=DIRECTION('ref_axis',(1.,0.,0.));
#3942=DIRECTION('center_axis',(0.,0.,1.));
#3943=DIRECTION('ref_axis',(0.700032467864349,-0.714111016534369,0.));
#3944=DIRECTION('center_axis',(-0.468395083214075,0.220379697498258,-0.855592680515359));
#3945=DIRECTION('ref_axis',(0.774182695034437,-0.364252645372236,-0.517649654736235));
#3946=DIRECTION('center_axis',(0.,0.,-1.));
#3947=DIRECTION('ref_axis',(0.508076911991971,-0.861311704030952,0.));
#3948=DIRECTION('center_axis',(0.861311704030952,0.508076911991971,0.));
#3949=DIRECTION('ref_axis',(0.,0.,-1.));
#3950=DIRECTION('center_axis',(0.157645349693601,-0.987495794279643,-6.85212854706104E-16));
#3951=DIRECTION('ref_axis',(0.987495794279643,0.157645349693601,0.));
#3952=DIRECTION('center_axis',(0.517459464402792,0.0140309567927566,-0.855592680515358));
#3953=DIRECTION('ref_axis',(-0.85527832609493,-0.0231909435709498,-0.517649654736236));
#3954=DIRECTION('center_axis',(0.,0.,-1.));
#3955=DIRECTION('ref_axis',(-0.841378594912566,0.540446167553214,0.));
#3956=DIRECTION('center_axis',(-0.540446167553214,-0.841378594912566,0.));
#3957=DIRECTION('ref_axis',(0.,0.,-1.));
#3958=DIRECTION('center_axis',(-0.585246629330332,0.810855340278083,1.93748068922974E-15));
#3959=DIRECTION('ref_axis',(-0.810855340278083,-0.585246629330332,0.));
#3960=DIRECTION('center_axis',(0.,0.,1.));
#3961=DIRECTION('ref_axis',(1.,0.,0.));
#3962=DIRECTION('center_axis',(0.,0.,-1.));
#3963=DIRECTION('ref_axis',(-0.825896353606761,0.563821969329908,0.));
#3964=DIRECTION('center_axis',(-0.472709784128544,-0.210965933358175,-0.85559268051536));
#3965=DIRECTION('ref_axis',(0.781314210504909,0.348693188081656,-0.517649654736233));
#3966=DIRECTION('center_axis',(0.,0.,-1.));
#3967=DIRECTION('ref_axis',(0.984144699699736,-0.177367443610481,0.));
#3968=DIRECTION('center_axis',(0.177367443610475,0.984144699699737,0.));
#3969=DIRECTION('ref_axis',(0.,0.,-1.));
#3970=DIRECTION('center_axis',(0.850975906189911,-0.52520472873372,1.72761728914367E-15));
#3971=DIRECTION('ref_axis',(0.52520472873372,0.850975906189911,0.));
#3972=DIRECTION('center_axis',(-0.817530670929734,-0.445734454849767,0.36464283600389));
#3973=DIRECTION('ref_axis',(-0.575885059789867,0.632767913900727,-0.517649654736236));
#3974=DIRECTION('center_axis',(0.,0.,-1.));
#3975=DIRECTION('ref_axis',(-0.139834337243855,0.99017491289548,0.));
#3976=DIRECTION('center_axis',(-0.99017491289548,-0.139834337243855,0.));
#3977=DIRECTION('ref_axis',(0.,0.,-1.));
#3978=DIRECTION('center_axis',(0.232211517987294,0.972665312897523,-3.37461070510332E-16));
#3979=DIRECTION('ref_axis',(-0.972665312897523,0.232211517987294,0.));
#3980=DIRECTION('center_axis',(0.,0.,1.));
#3981=DIRECTION('ref_axis',(1.,0.,0.));
#3982=DIRECTION('center_axis',(0.,0.,1.));
#3983=DIRECTION('ref_axis',(0.920022268569615,-0.391866080869497,0.));
#3984=DIRECTION('center_axis',(-0.817547555162937,-0.445722062605227,-0.364620128289768));
#3985=DIRECTION('ref_axis',(0.575861090061747,-0.632789728033217,-0.517649654736236));
#3986=DIRECTION('center_axis',(0.,0.,-1.));
#3987=DIRECTION('ref_axis',(0.139796829213973,-0.99018020912444,0.));
#3988=DIRECTION('center_axis',(0.99018020912444,0.139796829213971,0.));
#3989=DIRECTION('ref_axis',(0.,0.,-1.));
#3990=DIRECTION('center_axis',(-0.232248362484769,-0.972656516003025,0.));
#3991=DIRECTION('ref_axis',(0.972656516003025,-0.232248362484769,0.));
#3992=DIRECTION('center_axis',(0.472701792377719,0.210983839503018,-0.855592680515359));
#3993=DIRECTION('ref_axis',(-0.781301001409818,-0.348722784095722,-0.517649654736236));
#3994=DIRECTION('center_axis',(0.,0.,-1.));
#3995=DIRECTION('ref_axis',(-0.984151417691028,0.177330163978778,0.));
#3996=DIRECTION('center_axis',(-0.17733016397878,-0.984151417691027,0.));
#3997=DIRECTION('ref_axis',(0.,0.,-1.));
#3998=DIRECTION('center_axis',(-0.850995800389592,0.525172493300323,-1.727611346154E-15));
#3999=DIRECTION('ref_axis',(-0.525172493300323,-0.850995800389592,0.));
#4000=DIRECTION('center_axis',(0.,0.,1.));
#4001=DIRECTION('ref_axis',(1.,0.,0.));
#4002=DIRECTION('center_axis',(0.,0.,-1.));
#4003=DIRECTION('ref_axis',(-0.978793093576098,0.20485136066849,0.));
#4004=DIRECTION('center_axis',(-0.517459995525651,-0.0140113553639065,-0.855592680515361));
#4005=DIRECTION('ref_axis',(0.855279203956687,0.0231585455216154,-0.517649654736232));
#4006=DIRECTION('center_axis',(0.,0.,-1.));
#4007=DIRECTION('ref_axis',(0.841358122151403,-0.540478038674897,0.));
#4008=DIRECTION('center_axis',(0.540478038674891,0.841358122151407,0.));
#4009=DIRECTION('ref_axis',(0.,0.,-1.));
#4010=DIRECTION('center_axis',(0.585215913625106,-0.810877508900039,0.));
#4011=DIRECTION('ref_axis',(0.810877508900039,0.585215913625106,0.));
#4012=DIRECTION('center_axis',(0.468403430884081,-0.220361954485265,-0.855592680515358));
#4013=DIRECTION('ref_axis',(-0.774196492407411,0.364223318989212,-0.517649654736236));
#4014=DIRECTION('center_axis',(0.,0.,-1.));
#4015=DIRECTION('ref_axis',(-0.508109538205141,0.861292457406286,0.));
#4016=DIRECTION('center_axis',(-0.861292457406286,-0.508109538205141,0.));
#4017=DIRECTION('ref_axis',(0.,0.,-1.));
#4018=DIRECTION('center_axis',(-0.157682756024763,0.987489821948781,1.02781306585362E-15));
#4019=DIRECTION('ref_axis',(-0.987489821948781,-0.157682756024763,0.));
#4020=DIRECTION('center_axis',(0.,0.,1.));
#4021=DIRECTION('ref_axis',(1.,0.,0.));
#4022=DIRECTION('center_axis',(0.,0.,1.));
#4023=DIRECTION('ref_axis',(0.999950353069804,-0.00996450679035024,0.));
#4024=DIRECTION('center_axis',(-0.957065440646768,-0.243812762348013,-0.156783542617966));
#4025=DIRECTION('ref_axis',(0.28987194124235,-0.804992604085185,-0.517649654736236));
#4026=DIRECTION('center_axis',(0.,0.,-1.));
#4027=DIRECTION('ref_axis',(-0.249765546926534,-0.968306341799169,0.));
#4028=DIRECTION('center_axis',(0.968306341799169,-0.249765546926535,0.));
#4029=DIRECTION('ref_axis',(0.,0.,-1.));
#4030=DIRECTION('center_axis',(-0.586785208479878,-0.809742625226822,-1.93807169438884E-15));
#4031=DIRECTION('ref_axis',(0.809742625226822,-0.586785208479878,0.));
#4032=DIRECTION('center_axis',(-0.808584177236984,0.452002380835385,0.37667688546171));
#4033=DIRECTION('ref_axis',(-0.588380513207218,-0.6211660056937,-0.517649654736236));
#4034=DIRECTION('center_axis',(0.,0.,-1.));
#4035=DIRECTION('ref_axis',(-0.977099675046989,-0.21278210691472,0.));
#4036=DIRECTION('center_axis',(0.21278210691472,-0.97709967504699,0.));
#4037=DIRECTION('ref_axis',(0.,0.,-1.));
#4038=DIRECTION('center_axis',(-0.98719165914567,0.159538798143963,5.53511396938914E-17));
#4039=DIRECTION('ref_axis',(-0.159538798143963,-0.98719165914567,0.));
#4040=DIRECTION('center_axis',(0.,0.,1.));
#4041=DIRECTION('ref_axis',(1.,0.,0.));
#4042=DIRECTION('center_axis',(0.,0.,-1.));
#4043=DIRECTION('ref_axis',(-0.982681004977529,-0.185305268290874,0.));
#4044=DIRECTION('center_axis',(-0.483433488666283,0.185076273694098,-0.855592680515357));
#4045=DIRECTION('ref_axis',(0.799038791264397,-0.305901691734757,-0.517649654736237));
#4046=DIRECTION('center_axis',(0.,0.,-1.));
#4047=DIRECTION('ref_axis',(0.570485446518925,-0.821307710489864,0.));
#4048=DIRECTION('center_axis',(0.821307710489866,0.570485446518922,0.));
#4049=DIRECTION('ref_axis',(0.,0.,-1.));
#4050=DIRECTION('center_axis',(0.230364224029654,-0.973104477580499,0.));
#4051=DIRECTION('ref_axis',(0.973104477580499,0.230364224029654,0.));
#4052=DIRECTION('center_axis',(0.517077096612001,-0.0243401151979228,-0.855592680515358));
#4053=DIRECTION('ref_axis',(-0.854646332853801,0.0402303454000274,-0.517649654736237));
#4054=DIRECTION('center_axis',(0.,0.,-1.));
#4055=DIRECTION('ref_axis',(-0.799031509388819,0.601289154237648,0.));
#4056=DIRECTION('center_axis',(-0.60128915423765,-0.799031509388818,0.));
#4057=DIRECTION('ref_axis',(0.,0.,-1.));
#4058=DIRECTION('center_axis',(-0.523571831272327,0.851981535890386,5.91180948563132E-16));
#4059=DIRECTION('ref_axis',(-0.851981535890386,-0.523571831272327,0.));
#4060=DIRECTION('center_axis',(0.,0.,1.));
#4061=DIRECTION('ref_axis',(1.,0.,0.));
#4062=DIRECTION('center_axis',(0.,0.,1.));
#4063=DIRECTION('ref_axis',(0.927648684709144,0.373454037007763,0.));
#4064=DIRECTION('center_axis',(-0.999189780085156,0.0344244120307946,0.0208504971094624));
#4065=DIRECTION('ref_axis',(-0.0402465324391754,-0.854645570735658,-0.517649654736235));
#4066=DIRECTION('center_axis',(0.,0.,-1.));
#4067=DIRECTION('ref_axis',(-0.601304287828493,-0.799020120797386,0.));
#4068=DIRECTION('center_axis',(0.799020120797386,-0.601304287828493,0.));
#4069=DIRECTION('ref_axis',(0.,0.,-1.));
#4070=DIRECTION('center_axis',(-0.851991452215519,-0.52355569460344,0.));
#4071=DIRECTION('ref_axis',(0.52355569460344,-0.851991452215519,0.));
#4072=DIRECTION('center_axis',(-0.952067966970214,0.256722215348573,0.166313831101702));
#4073=DIRECTION('ref_axis',(-0.305886557843271,-0.799044584915166,-0.517649654736237));
#4074=DIRECTION('center_axis',(0.,0.,-1.));
#4075=DIRECTION('ref_axis',(-0.821296905318274,-0.570501002027714,0.));
#4076=DIRECTION('center_axis',(0.570501002027715,-0.821296905318273,0.));
#4077=DIRECTION('ref_axis',(0.,0.,-1.));
#4078=DIRECTION('center_axis',(-0.973100114295475,-0.230382654638176,1.0307275306283E-15));
#4079=DIRECTION('ref_axis',(0.230382654638176,-0.973100114295475,0.));
#4080=DIRECTION('center_axis',(0.,0.,1.));
#4081=DIRECTION('ref_axis',(1.,0.,0.));
#4082=DIRECTION('center_axis',(0.,0.,-1.));
#4083=DIRECTION('ref_axis',(-0.836968202633988,-0.547251521495949,0.));
#4084=DIRECTION('center_axis',(-0.375810367456608,0.355988388519448,-0.855592680515358));
#4085=DIRECTION('ref_axis',(0.621154861624508,-0.58839227801841,-0.517649654736235));
#4086=DIRECTION('center_axis',(0.,0.,-1.));
#4087=DIRECTION('ref_axis',(0.212763600557463,-0.977103704975999,0.));
#4088=DIRECTION('center_axis',(0.977103704975999,0.212763600557464,0.));
#4089=DIRECTION('ref_axis',(0.,0.,-1.));
#4090=DIRECTION('center_axis',(-0.159557495577151,-0.987188637295399,2.79535651360336E-15));
#4091=DIRECTION('ref_axis',(0.987188637295399,-0.159557495577151,0.));
#4092=DIRECTION('center_axis',(0.48703233558443,0.175387197775999,-0.85559268051536));
#4093=DIRECTION('ref_axis',(-0.80498711375103,-0.289887187792498,-0.517649654736234));
#4094=DIRECTION('center_axis',(0.,0.,-1.));
#4095=DIRECTION('ref_axis',(-0.96831107219805,0.249747207108833,0.));
#4096=DIRECTION('center_axis',(-0.249747207108835,-0.96831107219805,0.));
#4097=DIRECTION('ref_axis',(0.,0.,-1.));
#4098=DIRECTION('center_axis',(-0.809753738824209,0.586769871806839,-3.06182489009274E-15));
#4099=DIRECTION('ref_axis',(-0.586769871806839,-0.809753738824209,0.));
#4100=DIRECTION('center_axis',(0.,0.,1.));
#4101=DIRECTION('ref_axis',(1.,0.,0.));
#4102=DIRECTION('center_axis',(0.,0.,1.));
#4103=DIRECTION('ref_axis',(0.71412427505794,0.700018942438683,0.));
#4104=DIRECTION('center_axis',(-0.93130590693355,0.302789076547221,0.202455137831469));
#4105=DIRECTION('ref_axis',(-0.364237982246054,-0.774189593859786,-0.517649654736235));
#4106=DIRECTION('center_axis',(0.,0.,-1.));
#4107=DIRECTION('ref_axis',(-0.861302080873104,-0.50809322518969,0.));
#4108=DIRECTION('center_axis',(0.508093225189689,-0.861302080873105,0.));
#4109=DIRECTION('ref_axis',(0.,0.,-1.));
#4110=DIRECTION('center_axis',(-0.987492808291331,-0.157664052887461,-1.37042156552099E-15));
#4111=DIRECTION('ref_axis',(0.157664052887461,-0.987492808291331,0.));
#4112=DIRECTION('center_axis',(-0.999731429542466,-0.0198261916317988,-0.011999621258906));
#4113=DIRECTION('ref_axis',(0.0231747445504371,-0.855278765179212,-0.517649654736236));
#4114=DIRECTION('center_axis',(0.,0.,-1.));
#4115=DIRECTION('ref_axis',(-0.540462103210994,-0.841368358682895,0.));
#4116=DIRECTION('center_axis',(0.841368358682895,-0.540462103210994,0.));
#4117=DIRECTION('ref_axis',(0.,0.,-1.));
#4118=DIRECTION('center_axis',(-0.810866424734501,-0.585231271582687,2.50012636799418E-15));
#4119=DIRECTION('ref_axis',(0.585231271582687,-0.810866424734501,0.));
#4120=DIRECTION('center_axis',(0.,0.,1.));
#4121=DIRECTION('ref_axis',(1.,0.,0.));
#4122=DIRECTION('center_axis',(0.,0.,-1.));
#4123=DIRECTION('ref_axis',(-0.563837611749033,-0.825885674640956,0.));
#4124=DIRECTION('center_axis',(-0.937231423072417,-0.290694694159708,-0.192597648981096));
#4125=DIRECTION('ref_axis',(0.348707986151238,-0.781307606097501,-0.517649654736232));
#4126=DIRECTION('center_axis',(0.,0.,-1.));
#4127=DIRECTION('ref_axis',(-0.177348803826439,-0.984148058871901,0.));
#4128=DIRECTION('center_axis',(0.984148058871902,-0.177348803826433,0.));
#4129=DIRECTION('ref_axis',(0.,0.,-1.));
#4130=DIRECTION('center_axis',(-0.525188611111223,-0.850985853442385,6.54603446663071E-15));
#4131=DIRECTION('ref_axis',(0.850985853442385,-0.525188611111223,0.));
#4132=DIRECTION('center_axis',(0.382843081429128,0.348414035380888,-0.855592680515358));
#4133=DIRECTION('ref_axis',(-0.632778821080469,-0.575873075029096,-0.517649654736236));
#4134=DIRECTION('center_axis',(0.,0.,-1.));
#4135=DIRECTION('ref_axis',(-0.990177561187561,-0.139815583253994,0.));
#4136=DIRECTION('center_axis',(0.139815583253991,-0.990177561187561,0.));
#4137=DIRECTION('ref_axis',(0.,0.,-1.));
#4138=DIRECTION('center_axis',(-0.972660914624733,0.232229940277685,-6.74919089105839E-16));
#4139=DIRECTION('ref_axis',(-0.232229940277685,-0.972660914624733,0.));
#4140=DIRECTION('center_axis',(0.,0.,1.));
#4141=DIRECTION('ref_axis',(1.,0.,0.));
#4142=DIRECTION('center_axis',(0.,0.,1.));
#4143=DIRECTION('ref_axis',(0.391883506069231,0.920014846440473,0.));
#4144=DIRECTION('center_axis',(0.,0.,1.));
#4145=DIRECTION('ref_axis',(1.,0.,0.));
#4146=DIRECTION('center_axis',(0.,0.,-1.));
#4147=DIRECTION('ref_axis',(-0.204869899024275,-0.978789213505024,0.));
#4148=DIRECTION('center_axis',(0.,0.,1.));
#4149=DIRECTION('ref_axis',(-0.739579516621529,-0.673069193020944,0.));
#4150=DIRECTION('center_axis',(0.,0.,-1.));
#4151=DIRECTION('ref_axis',(-0.232229940277685,-0.972660914624733,0.));
#4152=DIRECTION('',(0.,0.,-1.));
#4153=DIRECTION('',(0.,0.,1.));
#4154=DIRECTION('center_axis',(0.,0.,1.));
#4155=DIRECTION('ref_axis',(1.,0.,0.));
#4156=DIRECTION('center_axis',(0.,0.,1.));
#4157=DIRECTION('ref_axis',(0.00998344590069637,0.999950164162169,0.));
#4158=DIRECTION('center_axis',(0.,0.,1.));
#4159=DIRECTION('ref_axis',(0.407563077726645,-0.913177057132944,0.));
#4160=DIRECTION('center_axis',(0.,0.,-1.));
#4161=DIRECTION('ref_axis',(0.850985853442386,-0.525188611111222,0.));
#4162=DIRECTION('',(0.,0.,-1.));
#4163=DIRECTION('',(0.,0.,1.));
#4164=DIRECTION('center_axis',(0.,0.,1.));
#4165=DIRECTION('ref_axis',(-0.540462103210995,-0.841368358682894,0.));
#4166=DIRECTION('center_axis',(0.,0.,1.));
#4167=DIRECTION('ref_axis',(0.0270861884144181,-0.999633101891478,0.));
#4168=DIRECTION('',(0.,0.,-1.));
#4169=DIRECTION('',(0.,0.,1.));
#4170=DIRECTION('center_axis',(0.,0.,1.));
#4171=DIRECTION('ref_axis',(1.,0.,0.));
#4172=DIRECTION('center_axis',(0.,0.,-1.));
#4173=DIRECTION('ref_axis',(0.185286656227863,-0.982684514492773,0.));
#4174=DIRECTION('center_axis',(0.,0.,1.));
#4175=DIRECTION('ref_axis',(-0.861302080873105,-0.508093225189689,0.));
#4176=DIRECTION('center_axis',(0.,0.,1.));
#4177=DIRECTION('ref_axis',(-0.425714233584441,-0.904857663571245,0.));
#4178=DIRECTION('',(0.,0.,-1.));
#4179=DIRECTION('',(0.,0.,1.));
#4180=DIRECTION('center_axis',(0.,0.,1.));
#4181=DIRECTION('ref_axis',(-0.96831107219805,0.249747207108834,0.));
#4182=DIRECTION('center_axis',(0.,0.,1.));
#4183=DIRECTION('ref_axis',(-0.940853202795227,-0.338814478424348,0.));
#4184=DIRECTION('',(0.,0.,-1.));
#4185=DIRECTION('',(0.,0.,1.));
#4186=DIRECTION('center_axis',(0.,0.,1.));
#4187=DIRECTION('ref_axis',(1.,0.,0.));
#4188=DIRECTION('center_axis',(0.,0.,1.));
#4189=DIRECTION('ref_axis',(-0.373436467226037,0.927655757781806,0.));
#4190=DIRECTION('center_axis',(0.,0.,1.));
#4191=DIRECTION('ref_axis',(0.212763600557462,-0.977103704975999,0.));
#4192=DIRECTION('center_axis',(0.,0.,1.));
#4193=DIRECTION('ref_axis',(0.725993660032668,-0.687701392751513,0.));
#4194=DIRECTION('',(0.,0.,-1.));
#4195=DIRECTION('',(0.,0.,1.));
#4196=DIRECTION('center_axis',(0.,0.,1.));
#4197=DIRECTION('ref_axis',(-0.821296905318276,-0.570501002027711,0.));
#4198=DIRECTION('center_axis',(0.,0.,1.));
#4199=DIRECTION('ref_axis',(-0.357514229386611,-0.933907691255457,0.));
#4200=DIRECTION('',(0.,0.,-1.));
#4201=DIRECTION('',(0.,0.,1.));
#4202=DIRECTION('center_axis',(0.,0.,1.));
#4203=DIRECTION('ref_axis',(1.,0.,0.));
#4204=DIRECTION('center_axis',(0.,0.,-1.));
#4205=DIRECTION('ref_axis',(0.547235669176137,-0.836978567456387,0.));
#4206=DIRECTION('center_axis',(0.,0.,1.));
#4207=DIRECTION('ref_axis',(-0.601304287828491,-0.799020120797387,0.));
#4208=DIRECTION('center_axis',(0.,0.,1.));
#4209=DIRECTION('ref_axis',(-0.047039360382248,-0.998893036603434,0.));
#4210=DIRECTION('',(0.,0.,-1.));
#4211=DIRECTION('',(0.,0.,1.));
#4212=DIRECTION('center_axis',(0.,0.,1.));
#4213=DIRECTION('ref_axis',(-0.799031509388819,0.601289154237648,0.));
#4214=DIRECTION('center_axis',(0.,0.,1.));
#4215=DIRECTION('ref_axis',(-0.998893927352222,0.0470204412873095,0.));
#4216=DIRECTION('',(0.,0.,-1.));
#4217=DIRECTION('',(0.,0.,1.));
#4218=DIRECTION('center_axis',(0.,0.,1.));
#4219=DIRECTION('ref_axis',(-0.700005416761901,0.714137533325337,0.));
#4220=DIRECTION('center_axis',(0.,0.,1.));
#4221=DIRECTION('ref_axis',(-0.7000054167619,0.714137533325338,0.));
#4222=DIRECTION('center_axis',(0.,0.,1.));
#4223=DIRECTION('ref_axis',(0.570485446518924,-0.821307710489865,0.));
#4224=DIRECTION('center_axis',(0.,0.,1.));
#4225=DIRECTION('ref_axis',(0.933900919749693,-0.357531917583141,0.));
#4226=DIRECTION('',(0.,0.,-1.));
#4227=DIRECTION('',(0.,0.,1.));
#4228=DIRECTION('center_axis',(0.,0.,1.));
#4229=DIRECTION('ref_axis',(-0.977099675046989,-0.212782106914722,0.));
#4230=DIRECTION('center_axis',(0.,0.,1.));
#4231=DIRECTION('ref_axis',(-0.687687642270166,-0.7260066850029,0.));
#4232=DIRECTION('',(0.,0.,-1.));
#4233=DIRECTION('',(0.,0.,1.));
#4234=DIRECTION('center_axis',(0.,0.,1.));
#4235=DIRECTION('ref_axis',(1.,0.,0.));
#4236=DIRECTION('center_axis',(0.,0.,-1.));
#4237=DIRECTION('ref_axis',(0.825874995378884,-0.563853253965896,0.));
#4238=DIRECTION('center_axis',(0.,0.,1.));
#4239=DIRECTION('ref_axis',(-0.249765546926536,-0.968306341799169,0.));
#4240=DIRECTION('center_axis',(0.,0.,1.));
#4241=DIRECTION('ref_axis',(0.338796658554569,-0.940859619790465,0.));
#4242=DIRECTION('',(0.,0.,-1.));
#4243=DIRECTION('',(0.,0.,1.));
#4244=DIRECTION('center_axis',(0.,0.,1.));
#4245=DIRECTION('ref_axis',(-0.508109538205143,0.861292457406285,0.));
#4246=DIRECTION('center_axis',(0.,0.,1.));
#4247=DIRECTION('ref_axis',(-0.904865726458858,0.425697095456478,0.));
#4248=DIRECTION('',(0.,0.,-1.));
#4249=DIRECTION('',(0.,0.,1.));
#4250=DIRECTION('center_axis',(0.,0.,1.));
#4251=DIRECTION('ref_axis',(-0.920007423981298,0.391900931128385,0.));
#4252=DIRECTION('center_axis',(0.,0.,1.));
#4253=DIRECTION('ref_axis',(-0.920007423981298,0.391900931128386,0.));
#4254=DIRECTION('center_axis',(0.,0.,1.));
#4255=DIRECTION('ref_axis',(0.841358122151404,-0.540478038674896,0.));
#4256=DIRECTION('center_axis',(0.,0.,1.));
#4257=DIRECTION('ref_axis',(0.999633614726011,0.0270672553061784,0.));
#4258=DIRECTION('',(0.,0.,-1.));
#4259=DIRECTION('',(0.,0.,1.));
#4260=DIRECTION('center_axis',(0.,0.,1.));
#4261=DIRECTION('ref_axis',(-0.984151417691028,0.177330163978778,0.));
#4262=DIRECTION('center_axis',(0.,0.,1.));
#4263=DIRECTION('ref_axis',(-0.913169337703086,-0.407580373274901,0.));
#4264=DIRECTION('',(0.,0.,-1.));
#4265=DIRECTION('',(0.,0.,1.));
#4266=DIRECTION('center_axis',(0.,0.,1.));
#4267=DIRECTION('ref_axis',(1.,0.,0.));
#4268=DIRECTION('center_axis',(0.,0.,-1.));
#4269=DIRECTION('ref_axis',(0.978785333082833,-0.204888437306569,0.));
#4270=DIRECTION('center_axis',(0.,0.,1.));
#4271=DIRECTION('ref_axis',(0.139796829213973,-0.99018020912444,0.));
#4272=DIRECTION('center_axis',(0.,0.,1.));
#4273=DIRECTION('ref_axis',(0.673055185225385,-0.739592264454695,0.));
#4274=DIRECTION('',(0.,0.,-1.));
#4275=DIRECTION('',(0.,0.,1.));
#4276=DIRECTION('center_axis',(0.,0.,1.));
#4277=DIRECTION('ref_axis',(-0.139834337243855,0.99017491289548,0.));
#4278=DIRECTION('center_axis',(0.,0.,1.));
#4279=DIRECTION('ref_axis',(-0.673083200575054,0.73956676852306,0.));
#4280=DIRECTION('',(0.,0.,-1.));
#4281=DIRECTION('',(0.,0.,1.));
#4282=DIRECTION('center_axis',(0.,0.,1.));
#4283=DIRECTION('ref_axis',(-0.999949974895826,0.0100023850074576,0.));
#4284=DIRECTION('center_axis',(0.,0.,1.));
#4285=DIRECTION('ref_axis',(-0.999949974895826,0.0100023850074589,0.));
#4286=DIRECTION('center_axis',(0.,0.,1.));
#4287=DIRECTION('ref_axis',(0.984144699699736,-0.177367443610482,0.));
#4288=DIRECTION('center_axis',(0.,0.,1.));
#4289=DIRECTION('ref_axis',(0.913184776235222,0.407545782032189,0.));
#4290=DIRECTION('',(0.,0.,-1.));
#4291=DIRECTION('',(0.,0.,1.));
#4292=DIRECTION('center_axis',(0.,0.,1.));
#4293=DIRECTION('ref_axis',(-0.841378594912565,0.540446167553215,0.));
#4294=DIRECTION('center_axis',(0.,0.,1.));
#4295=DIRECTION('ref_axis',(-0.999632588698352,-0.0271051215129364,0.));
#4296=DIRECTION('',(0.,0.,-1.));
#4297=DIRECTION('',(0.,0.,1.));
#4298=DIRECTION('center_axis',(0.,0.,1.));
#4299=DIRECTION('ref_axis',(1.,0.,0.));
#4300=DIRECTION('center_axis',(0.,0.,-1.));
#4301=DIRECTION('ref_axis',(0.982688023655503,0.185268044098385,0.));
#4302=DIRECTION('center_axis',(0.,0.,1.));
#4303=DIRECTION('ref_axis',(0.508076911991971,-0.861311704030952,0.));
#4304=DIRECTION('center_axis',(0.,0.,1.));
#4305=DIRECTION('ref_axis',(0.904849600359035,-0.425731371559691,0.));
#4306=DIRECTION('',(0.,0.,-1.));
#4307=DIRECTION('',(0.,0.,1.));
#4308=DIRECTION('center_axis',(0.,0.,1.));
#4309=DIRECTION('ref_axis',(0.249728867201548,0.968315802249572,0.));
#4310=DIRECTION('center_axis',(0.,0.,1.));
#4311=DIRECTION('ref_axis',(-0.338832298172582,0.940846785462482,0.));
#4312=DIRECTION('',(0.,0.,-1.));
#4313=DIRECTION('',(0.,0.,1.));
#4314=DIRECTION('center_axis',(0.,0.,1.));
#4315=DIRECTION('ref_axis',(-0.927662830521694,-0.373418897310351,0.));
#4316=DIRECTION('center_axis',(0.,0.,1.));
#4317=DIRECTION('ref_axis',(-0.927662830521695,-0.373418897310349,0.));
#4318=DIRECTION('center_axis',(0.,0.,1.));
#4319=DIRECTION('ref_axis',(0.977107734554497,0.212745094123879,0.));
#4320=DIRECTION('center_axis',(0.,0.,1.));
#4321=DIRECTION('ref_axis',(0.687715142986162,0.725980634802005,0.));
#4322=DIRECTION('',(0.,0.,-1.));
#4323=DIRECTION('',(0.,0.,1.));
#4324=DIRECTION('center_axis',(0.,0.,1.));
#4325=DIRECTION('ref_axis',(-0.570516557331849,0.821286099852064,0.));
#4326=DIRECTION('center_axis',(0.,0.,1.));
#4327=DIRECTION('ref_axis',(-0.933914462426204,0.357496541061832,0.));
#4328=DIRECTION('',(0.,0.,-1.));
#4329=DIRECTION('',(0.,0.,1.));
#4330=DIRECTION('center_axis',(0.,0.,1.));
#4331=DIRECTION('ref_axis',(1.,0.,0.));
#4332=DIRECTION('center_axis',(0.,0.,-1.));
#4333=DIRECTION('ref_axis',(0.83698893197854,0.547219816660018,0.));
#4334=DIRECTION('center_axis',(0.,0.,1.));
#4335=DIRECTION('ref_axis',(0.799008731919322,-0.601319421203637,0.));
#4336=DIRECTION('center_axis',(0.,0.,1.));
#4337=DIRECTION('ref_axis',(0.998892145496317,-0.047058279460315,0.));
#4338=DIRECTION('',(0.,0.,-1.));
#4339=DIRECTION('',(0.,0.,1.));
#4340=DIRECTION('center_axis',(0.,0.,1.));
#4341=DIRECTION('ref_axis',(0.601274020431104,0.79904289769362,0.));
#4342=DIRECTION('center_axis',(0.,0.,1.));
#4343=DIRECTION('ref_axis',(0.0470015221755018,0.998894817742682,0.));
#4344=DIRECTION('',(0.,0.,-1.));
#4345=DIRECTION('',(0.,0.,1.));
#4346=DIRECTION('center_axis',(0.,0.,1.));
#4347=DIRECTION('ref_axis',(1.,0.,0.));
#4348=DIRECTION('center_axis',(0.,0.,1.));
#4349=DIRECTION('ref_axis',(0.373471606655522,-0.92764161130371,0.));
#4350=DIRECTION('center_axis',(0.,0.,1.));
#4351=DIRECTION('ref_axis',(-0.714150791336555,-0.69999189083401,0.));
#4352=DIRECTION('center_axis',(0.,0.,1.));
#4353=DIRECTION('ref_axis',(-0.714150791336556,-0.699991890834009,0.));
#4354=DIRECTION('center_axis',(0.,0.,1.));
#4355=DIRECTION('ref_axis',(0.821318515366828,0.570469890805491,0.));
#4356=DIRECTION('center_axis',(0.,0.,1.));
#4357=DIRECTION('ref_axis',(0.357549605651415,0.933894147908914,0.));
#4358=DIRECTION('',(0.,0.,-1.));
#4359=DIRECTION('',(0.,0.,1.));
#4360=DIRECTION('center_axis',(0.,0.,1.));
#4361=DIRECTION('ref_axis',(-0.212800613195648,0.977095644767469,0.));
#4362=DIRECTION('center_axis',(0.,0.,1.));
#4363=DIRECTION('ref_axis',(-0.726019709712694,0.687673891542129,0.));
#4364=DIRECTION('',(0.,0.,-1.));
#4365=DIRECTION('',(0.,0.,1.));
#4366=DIRECTION('center_axis',(0.,0.,1.));
#4367=DIRECTION('ref_axis',(1.,0.,0.));
#4368=DIRECTION('center_axis',(0.,0.,-1.));
#4369=DIRECTION('ref_axis',(0.563868895980489,0.82586431582055,0.));
#4370=DIRECTION('center_axis',(0.,0.,1.));
#4371=DIRECTION('ref_axis',(0.968301611052932,-0.249783886654635,0.));
#4372=DIRECTION('center_axis',(0.,0.,1.));
#4373=DIRECTION('ref_axis',(0.940866036448192,0.338778838563257,0.));
#4374=DIRECTION('',(0.,0.,-1.));
#4375=DIRECTION('',(0.,0.,1.));
#4376=DIRECTION('center_axis',(0.,0.,1.));
#4377=DIRECTION('ref_axis',(0.861321326879827,0.508060598611991,0.));
#4378=DIRECTION('center_axis',(0.,0.,1.));
#4379=DIRECTION('ref_axis',(0.425748509382217,0.904841536822233,0.));
#4380=DIRECTION('',(0.,0.,-1.));
#4381=DIRECTION('',(0.,0.,1.));
#4382=DIRECTION('center_axis',(0.,0.,1.));
#4383=DIRECTION('ref_axis',(1.,0.,0.));
#4384=DIRECTION('center_axis',(0.,0.,1.));
#4385=DIRECTION('ref_axis',(-0.391918356046957,-0.920000001192093,0.));
#4386=DIRECTION('center_axis',(0.,0.,1.));
#4387=DIRECTION('ref_axis',(0.540493973944914,0.841347885318098,0.));
#4388=DIRECTION('center_axis',(0.,0.,1.));
#4389=DIRECTION('ref_axis',(-0.0270483221882344,0.999634127201949,0.));
#4390=DIRECTION('',(0.,0.,-1.));
#4391=DIRECTION('',(0.,0.,1.));
#4392=DIRECTION('center_axis',(0.,0.,1.));
#4393=DIRECTION('ref_axis',(0.177386083330899,0.984141340174532,0.));
#4394=DIRECTION('center_axis',(0.,0.,1.));
#4395=DIRECTION('ref_axis',(-0.407528486191534,0.913192495009917,0.));
#4396=DIRECTION('',(0.,0.,-1.));
#4397=DIRECTION('',(0.,0.,1.));
#4398=DIRECTION('center_axis',(0.,0.,1.));
#4399=DIRECTION('ref_axis',(0.990182856706116,0.139778075123803,0.));
#4400=DIRECTION('center_axis',(0.,0.,1.));
#4401=DIRECTION('ref_axis',(0.739605012022548,0.673041177188384,0.));
#4402=DIRECTION('',(0.,0.,-1.));
#4403=DIRECTION('',(0.,0.,1.));
#4404=DIRECTION('center_axis',(0.,0.,1.));
#4405=DIRECTION('ref_axis',(-0.298037677716788,-0.954554106722706,0.));
#4406=DIRECTION('center_axis',(0.,0.,1.));
#4407=DIRECTION('ref_axis',(-0.204869899024276,-0.978789213505024,0.));
#4408=DIRECTION('center_axis',(0.,0.,1.));
#4409=DIRECTION('ref_axis',(0.999198616562892,0.0400265494241236,0.));
#4410=DIRECTION('center_axis',(0.,0.,-1.));
#4411=DIRECTION('ref_axis',(0.00998344590069625,0.999950164162169,0.));
#4412=DIRECTION('center_axis',(0.,0.,-1.));
#4413=DIRECTION('ref_axis',(-1.,0.,0.));
#4414=DIRECTION('center_axis',(0.,0.,1.));
#4415=DIRECTION('ref_axis',(0.0899364157555946,-0.995947509219756,0.));
#4416=DIRECTION('center_axis',(0.,0.,1.));
#4417=DIRECTION('ref_axis',(0.185286656227862,-0.982684514492774,0.));
#4418=DIRECTION('center_axis',(0.,0.,1.));
#4419=DIRECTION('ref_axis',(1.,0.,0.));
#4420=DIRECTION('center_axis',(0.,0.,1.));
#4421=DIRECTION('ref_axis',(0.907823639084883,0.419352167418603,0.));
#4422=DIRECTION('center_axis',(0.,0.,-1.));
#4423=DIRECTION('ref_axis',(-0.373436467226038,0.927655757781806,0.));
#4424=DIRECTION('center_axis',(0.,0.,-1.));
#4425=DIRECTION('ref_axis',(-1.,0.,0.));
#4426=DIRECTION('center_axis',(0.,0.,1.));
#4427=DIRECTION('ref_axis',(0.464218831134526,-0.885720541039946,0.));
#4428=DIRECTION('center_axis',(0.,0.,1.));
#4429=DIRECTION('ref_axis',(0.547235669176137,-0.836978567456387,0.));
#4430=DIRECTION('center_axis',(0.,0.,1.));
#4431=DIRECTION('ref_axis',(1.,0.,0.));
#4432=DIRECTION('center_axis',(0.,0.,1.));
#4433=DIRECTION('ref_axis',(0.678244031952147,0.734836739093314,0.));
#4434=DIRECTION('center_axis',(0.,0.,-1.));
#4435=DIRECTION('ref_axis',(-0.700005416761901,0.714137533325337,0.));
#4436=DIRECTION('center_axis',(0.,0.,-1.));
#4437=DIRECTION('ref_axis',(-1.,0.,0.));
#4438=DIRECTION('center_axis',(0.,0.,1.));
#4439=DIRECTION('ref_axis',(0.767829819957115,-0.640653859416006,0.));
#4440=DIRECTION('center_axis',(0.,0.,1.));
#4441=DIRECTION('ref_axis',(0.825874995378884,-0.563853253965896,0.));
#4442=DIRECTION('center_axis',(0.,0.,1.));
#4443=DIRECTION('ref_axis',(1.,0.,0.));
#4444=DIRECTION('center_axis',(0.,0.,1.));
#4445=DIRECTION('ref_axis',(0.345410377209489,0.938451741602092,0.));
#4446=DIRECTION('center_axis',(0.,0.,-1.));
#4447=DIRECTION('ref_axis',(-0.920007423981299,0.391900931128385,0.));
#4448=DIRECTION('center_axis',(0.,0.,-1.));
#4449=DIRECTION('ref_axis',(-1.,0.,0.));
#4450=DIRECTION('center_axis',(0.,0.,1.));
#4451=DIRECTION('ref_axis',(0.954548461702247,-0.298055756968177,0.));
#4452=DIRECTION('center_axis',(0.,0.,1.));
#4453=DIRECTION('ref_axis',(0.978785333082833,-0.204888437306569,0.));
#4454=DIRECTION('center_axis',(0.,0.,1.));
#4455=DIRECTION('ref_axis',(1.,0.,0.));
#4456=DIRECTION('center_axis',(0.,0.,1.));
#4457=DIRECTION('ref_axis',(-0.0400076245427428,0.999199374488619,0.));
#4458=DIRECTION('center_axis',(0.,0.,-1.));
#4459=DIRECTION('ref_axis',(-0.999949974895826,0.0100023850074603,0.));
#4460=DIRECTION('center_axis',(0.,0.,-1.));
#4461=DIRECTION('ref_axis',(-1.,0.,0.));
#4462=DIRECTION('center_axis',(0.,0.,1.));
#4463=DIRECTION('ref_axis',(0.995949212441552,0.0899175524414031,0.));
#4464=DIRECTION('center_axis',(0.,0.,1.));
#4465=DIRECTION('ref_axis',(0.982688023655503,0.185268044098384,0.));
#4466=DIRECTION('center_axis',(0.,0.,1.));
#4467=DIRECTION('ref_axis',(1.,0.,0.));
#4468=DIRECTION('center_axis',(0.,0.,1.));
#4469=DIRECTION('ref_axis',(-0.419334973116047,0.907831581474099,0.));
#4470=DIRECTION('center_axis',(0.,0.,-1.));
#4471=DIRECTION('ref_axis',(-0.927662830521696,-0.373418897310347,0.));
#4472=DIRECTION('center_axis',(0.,0.,-1.));
#4473=DIRECTION('ref_axis',(-1.,0.,0.));
#4474=DIRECTION('center_axis',(0.,0.,1.));
#4475=DIRECTION('ref_axis',(0.88572933321009,0.464202055457761,0.));
#4476=DIRECTION('center_axis',(0.,0.,1.));
#4477=DIRECTION('ref_axis',(0.83698893197854,0.547219816660017,0.));
#4478=DIRECTION('center_axis',(0.,0.,1.));
#4479=DIRECTION('ref_axis',(1.,0.,0.));
#4480=DIRECTION('center_axis',(0.,0.,1.));
#4481=DIRECTION('ref_axis',(-0.734823892983977,0.678257949676871,0.));
#4482=DIRECTION('center_axis',(0.,0.,-1.));
#4483=DIRECTION('ref_axis',(-0.714150791336554,-0.699991890834011,0.));
#4484=DIRECTION('center_axis',(0.,0.,-1.));
#4485=DIRECTION('ref_axis',(-1.,0.,0.));
#4486=DIRECTION('center_axis',(0.,0.,1.));
#4487=DIRECTION('ref_axis',(0.640668402038158,0.767817685801697,0.));
#4488=DIRECTION('center_axis',(0.,0.,1.));
#4489=DIRECTION('ref_axis',(0.563868895980489,0.825864315820549,0.));
#4490=DIRECTION('center_axis',(0.,0.,1.));
#4491=DIRECTION('ref_axis',(1.,0.,0.));
#4492=DIRECTION('center_axis',(0.,0.,1.));
#4493=DIRECTION('ref_axis',(-0.938445199343107,0.345428151472744,0.));
#4494=DIRECTION('center_axis',(0.,0.,-1.));
#4495=DIRECTION('ref_axis',(-0.391918356046955,-0.920000001192094,0.));
#4496=DIRECTION('center_axis',(0.,0.,-1.));
#4497=DIRECTION('ref_axis',(-1.,0.,0.));
#4498=DIRECTION('center_axis',(0.,0.,1.));
#4499=DIRECTION('ref_axis',(1.,0.,0.));
#4500=DIRECTION('center_axis',(0.,0.,1.));
#4501=DIRECTION('ref_axis',(1.,0.,0.));
#4502=DIRECTION('center_axis',(0.,0.,1.));
#4503=DIRECTION('ref_axis',(-0.563837611749034,-0.825885674640955,0.));
#4504=DIRECTION('center_axis',(0.,0.,1.));
#4505=DIRECTION('ref_axis',(1.,0.,0.));
#4506=DIRECTION('center_axis',(0.,0.,1.));
#4507=DIRECTION('ref_axis',(-0.836968202633989,-0.547251521495948,0.));
#4508=DIRECTION('center_axis',(0.,0.,1.));
#4509=DIRECTION('ref_axis',(1.,0.,0.));
#4510=DIRECTION('center_axis',(0.,0.,1.));
#4511=DIRECTION('ref_axis',(-0.982681004977529,-0.185305268290874,0.));
#4512=DIRECTION('center_axis',(0.,0.,1.));
#4513=DIRECTION('ref_axis',(1.,0.,0.));
#4514=DIRECTION('center_axis',(0.,0.,1.));
#4515=DIRECTION('ref_axis',(-0.978793093576098,0.204851360668491,0.));
#4516=DIRECTION('center_axis',(0.,0.,1.));
#4517=DIRECTION('ref_axis',(1.,0.,0.));
#4518=DIRECTION('center_axis',(0.,0.,1.));
#4519=DIRECTION('ref_axis',(-0.825896353606761,0.563821969329909,0.));
#4520=DIRECTION('center_axis',(0.,0.,1.));
#4521=DIRECTION('ref_axis',(1.,0.,0.));
#4522=DIRECTION('center_axis',(0.,0.,1.));
#4523=DIRECTION('ref_axis',(-0.547267373619447,0.836957837511349,0.));
#4524=DIRECTION('center_axis',(0.,0.,1.));
#4525=DIRECTION('ref_axis',(1.,0.,0.));
#4526=DIRECTION('center_axis',(0.,0.,1.));
#4527=DIRECTION('ref_axis',(-0.185286656227863,0.982684514492773,0.));
#4528=DIRECTION('center_axis',(0.,0.,1.));
#4529=DIRECTION('ref_axis',(1.,0.,0.));
#4530=DIRECTION('center_axis',(0.,0.,1.));
#4531=DIRECTION('ref_axis',(0.204906975515364,0.978781452309527,0.));
#4532=DIRECTION('center_axis',(0.,0.,1.));
#4533=DIRECTION('ref_axis',(0.734849584939052,-0.678230113984113,0.));
#4534=DIRECTION('center_axis',(0.,0.,1.));
#4535=DIRECTION('ref_axis',(-0.885711748552071,-0.464235606644764,0.));
#4536=DIRECTION('center_axis',(0.,0.,1.));
#4537=DIRECTION('ref_axis',(0.419369361570723,-0.907815696370009,0.));
#4538=DIRECTION('center_axis',(0.,0.,1.));
#4539=DIRECTION('ref_axis',(-0.995945805640689,-0.0899552790375236,0.));
#4540=DIRECTION('center_axis',(0.,0.,1.));
#4541=DIRECTION('ref_axis',(0.0400454742911471,-0.999197858278728,0.));
#4542=DIRECTION('center_axis',(0.,0.,1.));
#4543=DIRECTION('ref_axis',(-0.954559751400742,0.298019598358485,0.));
#4544=DIRECTION('center_axis',(0.,0.,1.));
#4545=DIRECTION('ref_axis',(-0.345374828311272,-0.938464825110115,0.));
#4546=DIRECTION('center_axis',(0.,0.,1.));
#4547=DIRECTION('ref_axis',(-0.767854087441628,0.640624773482251,0.));
#4548=DIRECTION('center_axis',(0.,0.,1.));
#4549=DIRECTION('ref_axis',(-0.678216195772786,-0.734862430521176,0.));
#4550=DIRECTION('center_axis',(0.,0.,1.));
#4551=DIRECTION('ref_axis',(-0.464252381988469,0.88570295574647,0.));
#4552=DIRECTION('center_axis',(0.,0.,1.));
#4553=DIRECTION('ref_axis',(-0.907807753329477,-0.419386555572406,0.));
#4554=DIRECTION('center_axis',(0.,0.,1.));
#4555=DIRECTION('ref_axis',(-0.0898986890949561,0.995950915306075,0.));
#4556=DIRECTION('center_axis',(0.,0.,1.));
#4557=DIRECTION('ref_axis',(-0.999200132055907,-0.0399886996470045,0.));
#4558=DIRECTION('center_axis',(0.,0.,1.));
#4559=DIRECTION('ref_axis',(0.298073836112646,0.954542816339367,0.));
#4560=DIRECTION('center_axis',(1.,0.,0.));
#4561=DIRECTION('ref_axis',(0.,1.,0.));
#4562=DIRECTION('',(0.,0.,1.));
#4563=DIRECTION('center_axis',(0.,0.,1.));
#4564=DIRECTION('ref_axis',(1.,-2.77555756156289E-16,0.));
#4565=DIRECTION('center_axis',(0.,0.,1.));
#4566=DIRECTION('ref_axis',(0.938458283524429,-0.34539260282233,0.));
#4567=DIRECTION('center_axis',(0.,0.,1.));
#4568=DIRECTION('ref_axis',(-0.640639316564035,-0.767841953837094,0.));
#4569=CARTESIAN_POINT('',(0.,0.,0.));
#4570=CARTESIAN_POINT('Origin',(8.51700215631634E-6,8.51521579581238E-6,
0.));
#4571=CARTESIAN_POINT('',(-2.4085046516656,3.91906944859429,0.));
#4572=CARTESIAN_POINT('',(-2.62437616372651,3.77791605931949,0.));
#4573=CARTESIAN_POINT('Origin',(0.,0.,0.));
#4574=CARTESIAN_POINT('',(-0.978882820699978,4.49463996593036,0.));
#4575=CARTESIAN_POINT('Origin',(-1.86735803327761,4.63820805651855,0.));
#4576=CARTESIAN_POINT('',(-0.725082573638671,4.54249438760308,0.));
#4577=CARTESIAN_POINT('Origin',(0.,0.,0.));
#4578=CARTESIAN_POINT('',(0.815975983322126,4.52705016480285,0.));
#4579=CARTESIAN_POINT('Origin',(0.0501066205531727,4.99974892635388,0.));
#4580=CARTESIAN_POINT('',(1.06842720919928,4.47419973834904,0.));
#4581=CARTESIAN_POINT('Origin',(0.,0.,0.));
#4582=CARTESIAN_POINT('',(2.48627228014662,3.87020027246324,0.));
#4583=CARTESIAN_POINT('Origin',(1.95959178023478,4.60000000596047,0.));
#4584=CARTESIAN_POINT('',(2.69928250673514,3.72476495215922,0.));
#4585=CARTESIAN_POINT('Origin',(0.,0.,0.));
#4586=CARTESIAN_POINT('',(3.77806517068742,2.62416149770525,0.));
#4587=CARTESIAN_POINT('Origin',(3.57075395668278,3.49995945417005,0.));
#4588=CARTESIAN_POINT('',(3.91920629388108,2.40828196563503,0.));
#4589=CARTESIAN_POINT('Origin',(0.,0.,0.));
#4590=CARTESIAN_POINT('',(4.49469557895068,0.978627432969855,0.));
#4591=CARTESIAN_POINT('Origin',(4.63831415260847,1.86709448655175,0.));
#4592=CARTESIAN_POINT('',(4.54248065368636,0.725168608590563,0.));
#4593=CARTESIAN_POINT('Origin',(0.,0.,0.));
#4594=CARTESIAN_POINT('',(4.52706561861878,-0.815890240608214,0.));
#4595=CARTESIAN_POINT('Origin',(4.99974987447913,-0.0500119250372937,0.));
#4596=CARTESIAN_POINT('',(4.47421997361392,-1.06834246742994,0.));
#4597=CARTESIAN_POINT('Origin',(0.,0.,0.));
#4598=CARTESIAN_POINT('',(3.87024736189646,-2.48619897790453,0.));
#4599=CARTESIAN_POINT('Origin',(4.60003711990649,-1.95950465564193,0.));
#4600=CARTESIAN_POINT('',(3.72481607604339,-2.69921195900743,0.));
#4601=CARTESIAN_POINT('Origin',(0.,0.,0.));
#4602=CARTESIAN_POINT('',(2.62423305398705,-3.77801546825338,0.));
#4603=CARTESIAN_POINT('Origin',(3.5000270838095,-3.57068766662669,0.));
#4604=CARTESIAN_POINT('',(2.40835619517583,-3.91916068019138,0.));
#4605=CARTESIAN_POINT('Origin',(0.,0.,0.));
#4606=CARTESIAN_POINT('',(0.978712562564329,-4.4946770428896,0.));
#4607=CARTESIAN_POINT('Origin',(1.86718233613019,-4.63827878890903,0.));
#4608=CARTESIAN_POINT('',(0.725254643282321,-4.54246691814012,0.));
#4609=CARTESIAN_POINT('Origin',(0.,0.,0.));
#4610=CARTESIAN_POINT('',(-0.815804497601622,-4.52708107081075,0.));
#4611=CARTESIAN_POINT('Origin',(-0.0499172295034732,-4.99975082081084,0.));
#4612=CARTESIAN_POINT('',(-1.06825772527735,-4.47424020727377,0.));
#4613=CARTESIAN_POINT('Origin',(0.,0.,0.));
#4614=CARTESIAN_POINT('',(-2.48612567477057,-3.87029444994132,0.));
#4615=CARTESIAN_POINT('Origin',(-1.95941753034615,-4.60007423220237,0.));
#4616=CARTESIAN_POINT('',(-2.69914141031146,-3.72486719859136,0.));
#4617=CARTESIAN_POINT('Origin',(0.,0.,0.));
#4618=CARTESIAN_POINT('',(-3.77796576446406,-2.62430460932748,0.));
#4619=CARTESIAN_POINT('Origin',(-3.5706213752897,-3.50009471219341,0.));
#4620=CARTESIAN_POINT('',(-3.91911506509578,-2.4084304238527,0.));
#4621=CARTESIAN_POINT('Origin',(0.,0.,0.));
#4622=CARTESIAN_POINT('',(-4.49465850521615,-0.978797691807714,0.));
#4623=CARTESIAN_POINT('Origin',(-4.63824342354572,-1.86727018503882,0.));
#4624=CARTESIAN_POINT('',(-4.54245318096439,-0.725340677713911,0.));
#4625=CARTESIAN_POINT('Origin',(0.,0.,0.));
#4626=CARTESIAN_POINT('',(-4.52709652137873,0.815718754302378,0.));
#4627=CARTESIAN_POINT('Origin',(-4.99975176534902,0.0498225339517461,0.));
#4628=CARTESIAN_POINT('',(-4.47426043932861,1.06817298274155,0.));
#4629=CARTESIAN_POINT('Origin',(0.,0.,0.));
#4630=CARTESIAN_POINT('',(-3.8703415365978,2.48605237074478,0.));
#4631=CARTESIAN_POINT('Origin',(-4.60011134284808,1.95933040434748,0.));
#4632=CARTESIAN_POINT('',(-3.72491831980314,2.69907086064723,0.));
#4633=CARTESIAN_POINT('Origin',(0.,0.,0.));
#4634=CARTESIAN_POINT('Origin',(-3.50016233932174,3.57055508267184,0.));
#4635=CARTESIAN_POINT('',(-1.55,2.56855990780826,0.));
#4636=CARTESIAN_POINT('',(-1.55,-2.56855990780826,0.));
#4637=CARTESIAN_POINT('Origin',(0.,0.,0.));
#4638=CARTESIAN_POINT('',(-1.55,1.96794494717629,0.));
#4639=CARTESIAN_POINT('',(-1.55,2.56855990780826,0.));
#4640=CARTESIAN_POINT('',(-1.55,1.53205505282372,0.));
#4641=CARTESIAN_POINT('Origin',(-2.00000000000045,1.75,0.));
#4642=CARTESIAN_POINT('',(-1.55,-1.53205505282372,0.));
#4643=CARTESIAN_POINT('',(-1.55,2.56855990780826,0.));
#4644=CARTESIAN_POINT('',(-1.55,-1.96794494717629,0.));
#4645=CARTESIAN_POINT('Origin',(-2.00000000000045,-1.75,0.));
#4646=CARTESIAN_POINT('',(-1.55,2.56855990780826,0.));
#4647=CARTESIAN_POINT('Origin',(-2.00000000000045,1.75,0.));
#4648=CARTESIAN_POINT('',(-1.55,1.53205505282372,5.5));
#4649=CARTESIAN_POINT('',(-1.55,1.96794494717629,5.5));
#4650=CARTESIAN_POINT('Origin',(-2.00000000000045,1.75,5.5));
#4651=CARTESIAN_POINT('',(-1.55,1.53205505282389,0.));
#4652=CARTESIAN_POINT('',(-1.55,1.96794494717611,0.));
#4653=CARTESIAN_POINT('Origin',(-1.55,-2.56855990780826,0.));
#4654=CARTESIAN_POINT('',(-1.55,-1.53205505282372,5.5));
#4655=CARTESIAN_POINT('',(-1.55,2.56855990780826,5.5));
#4656=CARTESIAN_POINT('',(-1.55,-1.53205505282389,0.));
#4657=CARTESIAN_POINT('Origin',(8.51700215687146E-6,8.51521579581238E-6,
5.5));
#4658=CARTESIAN_POINT('',(-1.55,2.56855990780826,5.5));
#4659=CARTESIAN_POINT('',(-1.55,2.56855990780826,5.5));
#4660=CARTESIAN_POINT('',(-1.55,-2.56855990780826,5.5));
#4661=CARTESIAN_POINT('Origin',(0.,0.,5.5));
#4662=CARTESIAN_POINT('',(-1.55,-1.96794494717629,5.5));
#4663=CARTESIAN_POINT('',(-1.55,2.56855990780826,5.5));
#4664=CARTESIAN_POINT('Origin',(-2.00000000000045,-1.75,5.5));
#4665=CARTESIAN_POINT('Origin',(-2.00000000000045,-1.75,0.));
#4666=CARTESIAN_POINT('',(-1.55,-1.96794494717611,0.));
#4667=CARTESIAN_POINT('Origin',(-1.55,-2.56855990780826,0.));
#4668=CARTESIAN_POINT('',(-1.55,-2.56855990780826,0.));
#4669=CARTESIAN_POINT('Origin',(0.,0.,8.1));
#4670=CARTESIAN_POINT('',(3.69136796272419,-1.68233978992912,8.5));
#4671=CARTESIAN_POINT('',(3.77062173897174,-1.49628750800071,8.5));
#4672=CARTESIAN_POINT('Ctrl Pts',(3.6913679627242,-1.68233978992912,8.5));
#4673=CARTESIAN_POINT('Ctrl Pts',(3.6922087288924,-1.68013146526179,8.5));
#4674=CARTESIAN_POINT('Ctrl Pts',(3.69305248881,-1.67792429142227,8.49999991487188));
#4675=CARTESIAN_POINT('Ctrl Pts',(3.7051356050317,-1.6464446183458,8.49999773108546));
#4676=CARTESIAN_POINT('Ctrl Pts',(3.71689210167396,-1.61739362139941,8.49998695517182));
#4677=CARTESIAN_POINT('Ctrl Pts',(3.741472648235,-1.5596895346636,8.49998695517182));
#4678=CARTESIAN_POINT('Ctrl Pts',(3.75427620268256,-1.53108455903845,8.49999773108546));
#4679=CARTESIAN_POINT('Ctrl Pts',(3.7686047930957,-1.50056140371073,8.49999991487188));
#4680=CARTESIAN_POINT('Ctrl Pts',(3.76961181402565,-1.49842377511525,8.5));
#4681=CARTESIAN_POINT('Ctrl Pts',(3.77062173897175,-1.49628750800073,8.5));
#4682=CARTESIAN_POINT('',(4.05418220216451,-0.14167313315451,8.5));
#4683=CARTESIAN_POINT('Origin',(0.,0.,8.5));
#4684=CARTESIAN_POINT('',(4.05394623125754,2.06325391770425E-10,8.49999081573884));
#4685=CARTESIAN_POINT('Ctrl Pts',(4.05418220216453,-0.141673133154496,8.5));
#4686=CARTESIAN_POINT('Ctrl Pts',(4.05411173781146,-0.139236718759016,8.5));
#4687=CARTESIAN_POINT('Ctrl Pts',(4.05404468501006,-0.136800216632791,8.49999990942842));
#4688=CARTESIAN_POINT('Ctrl Pts',(4.05316432630579,-0.103092724975385,8.49999766470721));
#4689=CARTESIAN_POINT('Ctrl Pts',(4.05291068505199,-0.0718284820818499,
8.49998695517182));
#4690=CARTESIAN_POINT('Ctrl Pts',(4.05335885809242,-0.0270241059055937,
8.49998695517182));
#4691=CARTESIAN_POINT('Ctrl Pts',(4.05359980162789,-0.0135101886508513,
8.49998846810898));
#4692=CARTESIAN_POINT('Ctrl Pts',(4.05394623125754,4.12651280006077E-10,
8.49999081573884));
#4693=CARTESIAN_POINT('',(3.93290113832541,2.4082073952066E-16,8.48037419698957));
#4694=CARTESIAN_POINT('Origin',(4.05665682613224,-4.9679717973621E-16,8.1));
#4695=CARTESIAN_POINT('',(-3.93290113832541,-4.81641479041319E-16,8.48037419698957));
#4696=CARTESIAN_POINT('Origin',(0.,0.,8.48037419698957));
#4697=CARTESIAN_POINT('Origin',(0.,0.,8.48037419698957));
#4698=CARTESIAN_POINT('',(4.05620497557574,0.0605458596428868,8.5));
#4699=CARTESIAN_POINT('Ctrl Pts',(4.05394623125754,4.12651280006077E-10,
8.49999081573884));
#4700=CARTESIAN_POINT('Ctrl Pts',(4.05440143145078,0.0177520635908711,8.49999390046796));
#4701=CARTESIAN_POINT('Ctrl Pts',(4.05503875972159,0.0354976898278757,8.49999856465512));
#4702=CARTESIAN_POINT('Ctrl Pts',(4.05597000923997,0.0556766690292413,8.49999990942842));
#4703=CARTESIAN_POINT('Ctrl Pts',(4.05608578785093,0.0581113423169867,8.5));
#4704=CARTESIAN_POINT('Ctrl Pts',(4.05620497557575,0.0605458596428731,8.5));
#4705=CARTESIAN_POINT('',(3.79979864494055,1.42056146044908,8.5));
#4706=CARTESIAN_POINT('Origin',(0.,0.,8.5));
#4707=CARTESIAN_POINT('',(3.72428247393061,1.60816188842373,8.5));
#4708=CARTESIAN_POINT('Ctrl Pts',(3.79979864494055,1.42056146044909,8.5));
#4709=CARTESIAN_POINT('Ctrl Pts',(3.79882988106391,1.42272145870591,8.5));
#4710=CARTESIAN_POINT('Ctrl Pts',(3.79786405860615,1.42488276490343,8.49999991455956));
#4711=CARTESIAN_POINT('Ctrl Pts',(3.78414906757401,1.45568650565966,8.49999772721241));
#4712=CARTESIAN_POINT('Ctrl Pts',(3.77192204552068,1.48453791879045,8.49998695517182));
#4713=CARTESIAN_POINT('Ctrl Pts',(3.74850395824191,1.54271410989086,8.49998695517182));
#4714=CARTESIAN_POINT('Ctrl Pts',(3.73733241427734,1.57199039232834,8.49999772721241));
#4715=CARTESIAN_POINT('Ctrl Pts',(3.72588127027192,1.60370541596878,8.49999991455956));
#4716=CARTESIAN_POINT('Ctrl Pts',(3.72508035846804,1.60593310485911,8.5));
#4717=CARTESIAN_POINT('Ctrl Pts',(3.72428247393061,1.60816188842372,8.5));
#4718=CARTESIAN_POINT('',(2.96694395976059,2.76653359723778,8.5));
#4719=CARTESIAN_POINT('Origin',(0.,0.,8.5));
#4720=CARTESIAN_POINT('',(2.82538522313924,2.91095567569684,8.5));
#4721=CARTESIAN_POINT('Ctrl Pts',(2.96694395976059,2.7665335972378,8.5));
#4722=CARTESIAN_POINT('Ctrl Pts',(2.96530552328885,2.76807995538774,8.5));
#4723=CARTESIAN_POINT('Ctrl Pts',(2.96366909432484,2.76962842790239,8.49999992260674));
#4724=CARTESIAN_POINT('Ctrl Pts',(2.93920704777584,2.79283579490933,8.49999782971196));
#4725=CARTESIAN_POINT('Ctrl Pts',(2.91678697638142,2.81489070425428,8.49998695517182));
#4726=CARTESIAN_POINT('Ctrl Pts',(2.87272835728267,2.85984050739712,8.49998695517182));
#4727=CARTESIAN_POINT('Ctrl Pts',(2.85112677987396,2.88269768309228,8.49999782971196));
#4728=CARTESIAN_POINT('Ctrl Pts',(2.82841386170264,2.90761949990537,8.49999992260674));
#4729=CARTESIAN_POINT('Ctrl Pts',(2.82689846535329,2.90928660541543,8.5));
#4730=CARTESIAN_POINT('Ctrl Pts',(2.82538522313926,2.91095567569685,8.5));
#4731=CARTESIAN_POINT('',(1.6824097043302,3.69133609845823,8.5));
#4732=CARTESIAN_POINT('Origin',(0.,0.,8.5));
#4733=CARTESIAN_POINT('',(1.49635892350583,3.77059339853156,8.5));
#4734=CARTESIAN_POINT('Ctrl Pts',(1.6824097043302,3.69133609845824,8.5));
#4735=CARTESIAN_POINT('Ctrl Pts',(1.68020139982026,3.69217690484043,8.5));
#4736=CARTESIAN_POINT('Ctrl Pts',(1.67799424601968,3.69302070500435,8.4999999148722));
#4737=CARTESIAN_POINT('Ctrl Pts',(1.64651480204908,3.70510441716997,8.49999773108947));
#4738=CARTESIAN_POINT('Ctrl Pts',(1.61746402339751,3.71686146571642,8.49998695517182));
#4739=CARTESIAN_POINT('Ctrl Pts',(1.55976039391497,3.7414431087332,8.49998695517182));
#4740=CARTESIAN_POINT('Ctrl Pts',(1.53115565654954,3.75424720695336,8.49999773108947));
#4741=CARTESIAN_POINT('Ctrl Pts',(1.50063277298459,3.76857637549119,8.4999999148722));
#4742=CARTESIAN_POINT('Ctrl Pts',(1.49849516739759,3.76958343506035,8.5));
#4743=CARTESIAN_POINT('Ctrl Pts',(1.49635892350583,3.77059339853156,8.5));
#4744=CARTESIAN_POINT('',(0.141749919552646,4.05417951814077,8.5));
#4745=CARTESIAN_POINT('Origin',(0.,0.,8.5));
#4746=CARTESIAN_POINT('',(-0.0604690348970544,4.05620612158996,8.5));
#4747=CARTESIAN_POINT('Ctrl Pts',(0.141749919552643,4.05417951814077,8.5));
#4748=CARTESIAN_POINT('Ctrl Pts',(0.139313504637923,4.05410909995708,8.5));
#4749=CARTESIAN_POINT('Ctrl Pts',(0.136877002460041,4.05404209333483,8.4999999094285));
#4750=CARTESIAN_POINT('Ctrl Pts',(0.10316949340549,4.05316237299827,8.49999766470801));
#4751=CARTESIAN_POINT('Ctrl Pts',(0.0719052452634256,4.05290932388123,8.49998695517182));
#4752=CARTESIAN_POINT('Ctrl Pts',(0.00933615404048693,4.05353638051117,
8.49998695517182));
#4753=CARTESIAN_POINT('Ctrl Pts',(-0.0219167430363006,4.05441596566424,
8.49999766470801));
#4754=CARTESIAN_POINT('Ctrl Pts',(-0.0555998507684432,4.05597106312756,
8.4999999094285));
#4755=CARTESIAN_POINT('Ctrl Pts',(-0.0580345206407321,4.05608688779504,
8.5));
#4756=CARTESIAN_POINT('Ctrl Pts',(-0.0604690348970515,4.05620612158997,
8.5));
#4757=CARTESIAN_POINT('',(-1.4207773633127,3.79971792228101,8.5));
#4758=CARTESIAN_POINT('Origin',(0.,0.,8.5));
#4759=CARTESIAN_POINT('',(-1.60837350014379,3.72419109190714,8.5));
#4760=CARTESIAN_POINT('Ctrl Pts',(-1.42077736331271,3.79971792228101,8.5));
#4761=CARTESIAN_POINT('Ctrl Pts',(-1.42293729622895,3.79874904029108,8.5));
#4762=CARTESIAN_POINT('Ctrl Pts',(-1.42509853742697,3.79778309953473,8.49999991456036));
#4763=CARTESIAN_POINT('Ctrl Pts',(-1.45590149833029,3.78406635800394,8.49999772722244));
#4764=CARTESIAN_POINT('Ctrl Pts',(-1.48475222714058,3.77183769196394,8.49998695517182));
#4765=CARTESIAN_POINT('Ctrl Pts',(-1.5429271084426,3.74841629072222,8.49998695517182));
#4766=CARTESIAN_POINT('Ctrl Pts',(-1.57220276684329,3.73724307940328,8.49999772722244));
#4767=CARTESIAN_POINT('Ctrl Pts',(-1.60391713957755,3.72579013389876,8.49999991456036));
#4768=CARTESIAN_POINT('Ctrl Pts',(-1.60614477253744,3.72498909928103,8.5));
#4769=CARTESIAN_POINT('Ctrl Pts',(-1.60837350014379,3.72419109190714,8.5));
#4770=CARTESIAN_POINT('',(-2.7667021749944,2.96678676009694,8.5));
#4771=CARTESIAN_POINT('Origin',(0.,0.,8.5));
#4772=CARTESIAN_POINT('',(-2.91111620983066,2.82521981761888,8.5));
#4773=CARTESIAN_POINT('Ctrl Pts',(-2.76670217499441,2.96678676009694,8.5));
#4774=CARTESIAN_POINT('Ctrl Pts',(-2.76824843950926,2.96514823633191,8.5));
#4775=CARTESIAN_POINT('Ctrl Pts',(-2.7697968183955,2.96351172006468,8.4999999226068));
#4776=CARTESIAN_POINT('Ctrl Pts',(-2.79300279561632,2.93904835466406,8.49999782971269));
#4777=CARTESIAN_POINT('Ctrl Pts',(-2.81505643144114,2.91662702969327,8.49998695517182));
#4778=CARTESIAN_POINT('Ctrl Pts',(-2.86000373222264,2.87256585550411,8.49998695517182));
#4779=CARTESIAN_POINT('Ctrl Pts',(-2.88285968093683,2.85096297896049,8.49999782971269));
#4780=CARTESIAN_POINT('Ctrl Pts',(-2.90778020740184,2.82824864458493,8.4999999226068));
#4781=CARTESIAN_POINT('Ctrl Pts',(-2.9094472261142,2.82673315414176,8.5));
#4782=CARTESIAN_POINT('Ctrl Pts',(-2.91111620983066,2.82521981761889,8.5));
#4783=CARTESIAN_POINT('',(-3.69143168728351,1.68219995931652,8.5));
#4784=CARTESIAN_POINT('Origin',(0.,0.,8.5));
#4785=CARTESIAN_POINT('',(-3.77067841579426,1.49614467538022,8.5));
#4786=CARTESIAN_POINT('Ctrl Pts',(-3.69143168728352,1.68219995931652,8.5));
#4787=CARTESIAN_POINT('Ctrl Pts',(-3.69227237294686,1.67999159453489,8.5));
#4788=CARTESIAN_POINT('Ctrl Pts',(-3.69311605252029,1.67778438022984,8.49999991487124));
#4789=CARTESIAN_POINT('Ctrl Pts',(-3.70519797642936,1.64630425004086,8.4999977310775));
#4790=CARTESIAN_POINT('Ctrl Pts',(-3.71695336952626,1.61725281580838,8.49998695517182));
#4791=CARTESIAN_POINT('Ctrl Pts',(-3.74153172327468,1.55954781433656,8.49998695517182));
#4792=CARTESIAN_POINT('Ctrl Pts',(-3.75433419049816,1.53094236151975,8.4999977310775));
#4793=CARTESIAN_POINT('Ctrl Pts',(-3.76866162416402,1.50041866373343,8.49999991487124));
#4794=CARTESIAN_POINT('Ctrl Pts',(-3.76966856798995,1.49828098874783,8.5));
#4795=CARTESIAN_POINT('Ctrl Pts',(-3.77067841579426,1.49614467538023,8.5));
#4796=CARTESIAN_POINT('',(-4.05418756584897,0.141519560205814,8.5));
#4797=CARTESIAN_POINT('Origin',(0.,0.,8.5));
#4798=CARTESIAN_POINT('',(-4.0562026791821,-0.0606995090693832,8.5));
#4799=CARTESIAN_POINT('Ctrl Pts',(-4.05418756584898,0.141519560205809,8.5));
#4800=CARTESIAN_POINT('Ctrl Pts',(-4.05411700914821,0.139083146543211,8.5));
#4801=CARTESIAN_POINT('Ctrl Pts',(-4.05404986400464,0.136646645153736,8.49999990942829));
#4802=CARTESIAN_POINT('Ctrl Pts',(-4.05316822852531,0.102939186621629,8.49999766470551));
#4803=CARTESIAN_POINT('Ctrl Pts',(-4.05291340303384,0.0716749554199166,
8.49998695517182));
#4804=CARTESIAN_POINT('Ctrl Pts',(-4.05353690442171,0.0091058342327447,
8.49998695517182));
#4805=CARTESIAN_POINT('Ctrl Pts',(-4.05441471366411,-0.0221471102613948,
8.49999766470551));
#4806=CARTESIAN_POINT('Ctrl Pts',(-4.05596789711407,-0.0558303058201699,
8.49999990942829));
#4807=CARTESIAN_POINT('Ctrl Pts',(-4.05608358358232,-0.0582649852921337,
8.5));
#4808=CARTESIAN_POINT('Ctrl Pts',(-4.0562026791821,-0.0606995090693774,
8.5));
#4809=CARTESIAN_POINT('',(-3.79974483119725,-1.42070539620113,8.5));
#4810=CARTESIAN_POINT('Origin',(0.,0.,8.5));
#4811=CARTESIAN_POINT('',(-3.72422155391761,-1.6083029634807,8.5));
#4812=CARTESIAN_POINT('Ctrl Pts',(-3.79974483119725,-1.42070539620113,8.5));
#4813=CARTESIAN_POINT('Ctrl Pts',(-3.79877598857614,-1.4228653509023,8.5));
#4814=CARTESIAN_POINT('Ctrl Pts',(-3.79781008725489,-1.42502661376143,8.49999991456009));
#4815=CARTESIAN_POINT('Ctrl Pts',(-3.78409392920888,-1.45582983464912,8.4999977272191));
#4816=CARTESIAN_POINT('Ctrl Pts',(-3.77186581116761,-1.48468079156015,8.49998695517182));
#4817=CARTESIAN_POINT('Ctrl Pts',(-3.74844551457503,-1.54285610947526,8.49998695517182));
#4818=CARTESIAN_POINT('Ctrl Pts',(-3.73727285904278,-1.57213197588257,8.4999977272191));
#4819=CARTESIAN_POINT('Ctrl Pts',(-3.72582051402568,-1.6038465656193,8.49999991456009));
#4820=CARTESIAN_POINT('Ctrl Pts',(-3.72501952034807,-1.60607421721625,8.5));
#4821=CARTESIAN_POINT('Ctrl Pts',(-3.72422155391761,-1.6083029634807,8.5));
#4822=CARTESIAN_POINT('',(-2.96683916104911,-2.76664598340133,8.5));
#4823=CARTESIAN_POINT('Origin',(0.,0.,8.5));
#4824=CARTESIAN_POINT('',(-2.82527495380584,-2.91106269949698,8.5));
#4825=CARTESIAN_POINT('Ctrl Pts',(-2.96683916104911,-2.76664598340135,8.5));
#4826=CARTESIAN_POINT('Ctrl Pts',(-2.96520066643441,-2.76819227907827,8.5));
#4827=CARTESIAN_POINT('Ctrl Pts',(-2.96356417916278,-2.7697406892741,8.49999992260678));
#4828=CARTESIAN_POINT('Ctrl Pts',(-2.93910125367647,-2.79294712947381,8.49999782971247));
#4829=CARTESIAN_POINT('Ctrl Pts',(-2.91668034634296,-2.81500119001387,8.49998695517182));
#4830=CARTESIAN_POINT('Ctrl Pts',(-2.87262002375319,-2.85994932501522,8.49998695517182));
#4831=CARTESIAN_POINT('Ctrl Pts',(-2.85101758004927,-2.88280568295005,8.49999782971247));
#4832=CARTESIAN_POINT('Ctrl Pts',(-2.82830371802144,-2.90772663922569,8.49999992260678));
#4833=CARTESIAN_POINT('Ctrl Pts',(-2.82678825884293,-2.90939368698016,8.5));
#4834=CARTESIAN_POINT('Ctrl Pts',(-2.82527495380586,-2.91106269949698,8.5));
#4835=CARTESIAN_POINT('',(-1.68226987492456,-3.69139982566595,8.5));
#4836=CARTESIAN_POINT('Origin',(0.,0.,8.5));
#4837=CARTESIAN_POINT('',(-1.49621609195884,-3.77065007805931,8.5));
#4838=CARTESIAN_POINT('Ctrl Pts',(-1.68226987492455,-3.69139982566597,8.5));
#4839=CARTESIAN_POINT('Ctrl Pts',(-1.68006153028413,-3.69224055154983,8.5));
#4840=CARTESIAN_POINT('Ctrl Pts',(-1.6778543360416,-3.69308427136086,8.49999991487156));
#4841=CARTESIAN_POINT('Ctrl Pts',(-1.64637443487712,-3.7051667912453,8.49999773108151));
#4842=CARTESIAN_POINT('Ctrl Pts',(-1.61732321895793,-3.7169227362396,8.49998695517182));
#4843=CARTESIAN_POINT('Ctrl Pts',(-1.55961867471673,-3.74150218645267,8.49998695517182));
#4844=CARTESIAN_POINT('Ctrl Pts',(-1.53101346018037,-3.75430519743792,8.49999773108151));
#4845=CARTESIAN_POINT('Ctrl Pts',(-1.50049003407435,-3.76863320926697,8.49999991487156));
#4846=CARTESIAN_POINT('Ctrl Pts',(-1.49835238211851,-3.76964019172251,8.5));
#4847=CARTESIAN_POINT('Ctrl Pts',(-1.49621609195885,-3.77065007805932,8.5));
#4848=CARTESIAN_POINT('',(-0.141596346705553,-4.05418488473391,8.5));
#4849=CARTESIAN_POINT('Origin',(0.,0.,8.5));
#4850=CARTESIAN_POINT('',(0.0606226843670016,-4.05620382810645,8.5));
#4851=CARTESIAN_POINT('Ctrl Pts',(-0.141596346705543,-4.05418488473392,
8.5));
#4852=CARTESIAN_POINT('Ctrl Pts',(-0.139159932668244,-4.05411437420678,
8.5));
#4853=CARTESIAN_POINT('Ctrl Pts',(-0.13672343092258,-4.05404727523462,8.49999990942836));
#4854=CARTESIAN_POINT('Ctrl Pts',(-0.10301595578515,-4.05316627814185,8.49999766470635));
#4855=CARTESIAN_POINT('Ctrl Pts',(-0.0717517187584135,-4.0529120447699,
8.49998695517182));
#4856=CARTESIAN_POINT('Ctrl Pts',(-0.00918260747357489,-4.05353673123924,
8.49998695517182));
#4857=CARTESIAN_POINT('Ctrl Pts',(0.0220703213934633,-4.05441513246068,
8.49999766470635));
#4858=CARTESIAN_POINT('Ctrl Pts',(0.0557534874403447,-4.0559689539047,8.49999990942836));
#4859=CARTESIAN_POINT('Ctrl Pts',(0.0581881638063278,-4.0560846864437,8.5));
#4860=CARTESIAN_POINT('Ctrl Pts',(0.0606226843669924,-4.05620382810646,
8.5));
#4861=CARTESIAN_POINT('',(1.42063342857993,-3.79977173875044,8.5));
#4862=CARTESIAN_POINT('Origin',(0.,0.,8.5));
#4863=CARTESIAN_POINT('',(1.60823242624066,-3.7242520145921,8.5));
#4864=CARTESIAN_POINT('Ctrl Pts',(1.42063342857994,-3.79977173875044,8.5));
#4865=CARTESIAN_POINT('Ctrl Pts',(1.42279340506297,-3.79880293549968,8.5));
#4866=CARTESIAN_POINT('Ctrl Pts',(1.42495468958525,-3.79783707361278,8.49999991455982));
#4867=CARTESIAN_POINT('Ctrl Pts',(1.45575817042328,-3.78412149906659,8.49999772721575));
#4868=CARTESIAN_POINT('Ctrl Pts',(1.48460935544283,-3.7718939290201,8.49998695517182));
#4869=CARTESIAN_POINT('Ctrl Pts',(1.54278510995784,-3.74847473708165,8.49998695517182));
#4870=CARTESIAN_POINT('Ctrl Pts',(1.57206118437568,-3.73730263733483,8.49999772721575));
#4871=CARTESIAN_POINT('Ctrl Pts',(1.60377599108446,-3.72585089281622,8.49999991455982));
#4872=CARTESIAN_POINT('Ctrl Pts',(1.60600366132202,-3.72504994007761,8.5));
#4873=CARTESIAN_POINT('Ctrl Pts',(1.60823242624066,-3.72425201459211,8.5));
#4874=CARTESIAN_POINT('',(2.76658979081577,-2.96689156093701,8.5));
#4875=CARTESIAN_POINT('Origin',(0.,0.,8.5));
#4876=CARTESIAN_POINT('',(2.91100918811905,-2.8253300889793,8.5));
#4877=CARTESIAN_POINT('Ctrl Pts',(2.76658979081579,-2.96689156093701,8.5));
#4878=CARTESIAN_POINT('Ctrl Pts',(2.76813611779906,-2.96525309531978,8.5));
#4879=CARTESIAN_POINT('Ctrl Pts',(2.76968455901445,-2.96361663734923,8.49999992260677));
#4880=CARTESIAN_POINT('Ctrl Pts',(2.79289146302606,-2.93915415090307,8.49999782971219));
#4881=CARTESIAN_POINT('Ctrl Pts',(2.8149459476962,-2.91673366182923,8.49998695517182));
#4882=CARTESIAN_POINT('Ctrl Pts',(2.85989491666113,-2.87267419109002,8.49998695517182));
#4883=CARTESIAN_POINT('Ctrl Pts',(2.88275168317699,-2.8510721808035,8.49999782971219));
#4884=CARTESIAN_POINT('Ctrl Pts',(2.90767307016288,-2.82835879029977,8.49999992260677));
#4885=CARTESIAN_POINT('Ctrl Pts',(2.90934014664399,-2.82684336267372,8.5));
#4886=CARTESIAN_POINT('Ctrl Pts',(2.91100918811905,-2.82533008897931,8.5));
#4887=CARTESIAN_POINT('Origin',(0.,0.,8.5));
#4888=CARTESIAN_POINT('Origin',(-1.95941753034615,-4.60007423220237,8.05));
#4889=CARTESIAN_POINT('',(-2.48709330574969,-3.8101006402056,8.5));
#4890=CARTESIAN_POINT('Origin',(-1.95941753034615,-4.60007423220237,8.5));
#4891=CARTESIAN_POINT('',(-2.2520331661375,-4.19464101983512,8.05));
#4892=CARTESIAN_POINT('Ctrl Pts',(-2.2520331661375,-4.19464101983512,8.05));
#4893=CARTESIAN_POINT('Ctrl Pts',(-2.2520331661375,-4.19464101983512,8.1010796222483));
#4894=CARTESIAN_POINT('Ctrl Pts',(-2.26181276047656,-4.17976490510443,8.20388278987944));
#4895=CARTESIAN_POINT('Ctrl Pts',(-2.32866217466748,-4.07729757913198,8.41974272249802));
#4896=CARTESIAN_POINT('Ctrl Pts',(-2.41951979679988,-3.92912572641872,8.49750103559074));
#4897=CARTESIAN_POINT('Ctrl Pts',(-2.48412220423372,-3.81533613902747,8.49996761332069));
#4898=CARTESIAN_POINT('Ctrl Pts',(-2.48561030780724,-3.81271700523722,8.5));
#4899=CARTESIAN_POINT('Ctrl Pts',(-2.48709330574969,-3.8101006402056,8.5));
#4900=CARTESIAN_POINT('',(-1.46432874975237,-4.53016644057537,8.05));
#4901=CARTESIAN_POINT('Origin',(-1.95941753034615,-4.60007423220237,8.05));
#4902=CARTESIAN_POINT('',(-1.02418290863062,-4.43323238390104,8.5));
#4903=CARTESIAN_POINT('Ctrl Pts',(-1.02418290863062,-4.43323238390104,8.5));
#4904=CARTESIAN_POINT('Ctrl Pts',(-1.02709514161522,-4.433975311192,8.5));
#4905=CARTESIAN_POINT('Ctrl Pts',(-1.0300083849408,-4.43471629818889,8.4999716588667));
#4906=CARTESIAN_POINT('Ctrl Pts',(-1.11570683093874,-4.45647415563251,8.49812310258442));
#4907=CARTESIAN_POINT('Ctrl Pts',(-1.23997732493553,-4.48544083426539,8.45799076273319));
#4908=CARTESIAN_POINT('Ctrl Pts',(-1.40872263347106,-4.52017586021348,8.30223915182831));
#4909=CARTESIAN_POINT('Ctrl Pts',(-1.46432874975237,-4.53016644057537,8.1521602401716));
#4910=CARTESIAN_POINT('Ctrl Pts',(-1.46432874975237,-4.53016644057537,8.05));
#4911=CARTESIAN_POINT('Origin',(-1.95941753034615,-4.60007423220237,8.5));
#4912=CARTESIAN_POINT('Origin',(-3.5706213752897,-3.50009471219341,8.05));
#4913=CARTESIAN_POINT('',(-3.75582483028024,-2.56832237934618,8.5));
#4914=CARTESIAN_POINT('Origin',(-3.5706213752897,-3.50009471219341,8.5));
#4915=CARTESIAN_POINT('',(-3.68581270260879,-3.01354465504567,8.05));
#4916=CARTESIAN_POINT('Ctrl Pts',(-3.68581270260879,-3.01354465504567,8.05));
#4917=CARTESIAN_POINT('Ctrl Pts',(-3.68581270260879,-3.01354465504567,8.1521592444966));
#4918=CARTESIAN_POINT('Ctrl Pts',(-3.69675825140267,-2.95811989380404,8.30223675629673));
#4919=CARTESIAN_POINT('Ctrl Pts',(-3.72586087314941,-2.78831453720202,8.45798866759037));
#4920=CARTESIAN_POINT('Ctrl Pts',(-3.7441392731921,-2.66203033996683,8.49812188446298));
#4921=CARTESIAN_POINT('Ctrl Pts',(-3.75508488047011,-2.57429206006791,8.49997162165863));
#4922=CARTESIAN_POINT('Ctrl Pts',(-3.75545594425246,-2.5713071024448,8.5));
#4923=CARTESIAN_POINT('Ctrl Pts',(-3.75582483028024,-2.56832237934619,8.5));
#4924=CARTESIAN_POINT('',(-3.08646583919068,-3.62496831574783,8.05));
#4925=CARTESIAN_POINT('Origin',(-3.5706213752897,-3.50009471219341,8.05));
#4926=CARTESIAN_POINT('',(-2.64272867423891,-3.70384734490441,8.5));
#4927=CARTESIAN_POINT('Ctrl Pts',(-2.64272867423891,-3.70384734490441,8.5));
#4928=CARTESIAN_POINT('Ctrl Pts',(-2.64570361687283,-3.70341925916695,8.5));
#4929=CARTESIAN_POINT('Ctrl Pts',(-2.6486787506291,-3.70298899403836,8.49997165779297));
#4930=CARTESIAN_POINT('Ctrl Pts',(-2.73618025759523,-3.69029566446684,8.49812302544901));
#4931=CARTESIAN_POINT('Ctrl Pts',(-2.86207629842305,-3.66950173552855,8.4579905875124));
#4932=CARTESIAN_POINT('Ctrl Pts',(-3.03126921636161,-3.6370174995976,8.30223893758438));
#4933=CARTESIAN_POINT('Ctrl Pts',(-3.08646583919068,-3.62496831574783,8.15216019725417));
#4934=CARTESIAN_POINT('Ctrl Pts',(-3.08646583919068,-3.62496831574783,8.05));
#4935=CARTESIAN_POINT('Origin',(-3.5706213752897,-3.50009471219341,8.5));
#4936=CARTESIAN_POINT('Origin',(-4.63824342354572,-1.86727018503882,8.05));
#4937=CARTESIAN_POINT('',(-4.45277968215203,-0.935549625735624,8.5));
#4938=CARTESIAN_POINT('Origin',(-4.63824342354572,-1.86727018503882,8.5));
#4939=CARTESIAN_POINT('',(-4.55847402447374,-1.37367435546598,8.05));
#4940=CARTESIAN_POINT('Ctrl Pts',(-4.55847402447374,-1.37367435546598,8.05));
#4941=CARTESIAN_POINT('Ctrl Pts',(-4.55847402447374,-1.37367435546598,8.1521592444966));
#4942=CARTESIAN_POINT('Ctrl Pts',(-4.54737652365124,-1.31827985992667,8.30223687408456));
#4943=CARTESIAN_POINT('Ctrl Pts',(-4.50928293911296,-1.15026288581609,8.4579887575803));
#4944=CARTESIAN_POINT('Ctrl Pts',(-4.47784368987554,-1.02659648934069,8.4981219106625));
#4945=CARTESIAN_POINT('Ctrl Pts',(-4.45438052808121,-0.941348065491993,
8.49997162110061));
#4946=CARTESIAN_POINT('Ctrl Pts',(-4.4535810662559,-0.938448320682565,8.5));
#4947=CARTESIAN_POINT('Ctrl Pts',(-4.45277968215203,-0.935549625735623,
8.5));
#4948=CARTESIAN_POINT('',(-4.23872766885131,-2.16791476215764,8.05));
#4949=CARTESIAN_POINT('Origin',(-4.63824342354572,-1.86727018503882,8.05));
#4950=CARTESIAN_POINT('',(-3.8589525328419,-2.41059854585394,8.5));
#4951=CARTESIAN_POINT('Ctrl Pts',(-3.8589525328419,-2.41059854585393,8.5));
#4952=CARTESIAN_POINT('Ctrl Pts',(-3.86153725800159,-2.40906456714962,8.5));
#4953=CARTESIAN_POINT('Ctrl Pts',(-3.86412464712055,-2.4075254336576,8.49996765146243));
#4954=CARTESIAN_POINT('Ctrl Pts',(-3.97660263617007,-2.34066643412907,8.49750257219324));
#4955=CARTESIAN_POINT('Ctrl Pts',(-4.12293375065074,-2.24687073070872,8.41974564208764));
#4956=CARTESIAN_POINT('Ctrl Pts',(-4.22404930339563,-2.17798933618252,8.20388410452621));
#4957=CARTESIAN_POINT('Ctrl Pts',(-4.23872766885131,-2.16791476215764,8.10108008341971));
#4958=CARTESIAN_POINT('Ctrl Pts',(-4.23872766885131,-2.16791476215764,8.05));
#4959=CARTESIAN_POINT('Origin',(-4.63824342354572,-1.86727018503882,8.5));
#4960=CARTESIAN_POINT('Origin',(-4.99975176534902,0.0498225339517461,8.05));
#4961=CARTESIAN_POINT('',(-4.47185532884443,0.839648687181531,8.5));
#4962=CARTESIAN_POINT('Origin',(-4.99975176534902,0.0498225339517461,8.5));
#4963=CARTESIAN_POINT('',(-4.73716551869886,0.475320434146542,8.05));
#4964=CARTESIAN_POINT('Ctrl Pts',(-4.73716551869886,0.475320434146542,8.05));
#4965=CARTESIAN_POINT('Ctrl Pts',(-4.73716551869886,0.475320434146542,8.15215924453239));
#4966=CARTESIAN_POINT('Ctrl Pts',(-4.70571442990189,0.522251596383897,8.30223686612683));
#4967=CARTESIAN_POINT('Ctrl Pts',(-4.60622390065158,0.662901726770258,8.45798875151048));
#4968=CARTESIAN_POINT('Ctrl Pts',(-4.52985322552108,0.765123659937886,8.4981219089169));
#4969=CARTESIAN_POINT('Ctrl Pts',(-4.47555326191929,0.834904227172649,8.49997162114004));
#4970=CARTESIAN_POINT('Ctrl Pts',(-4.4737049824759,0.837277309964794,8.5));
#4971=CARTESIAN_POINT('Ctrl Pts',(-4.47185532884444,0.83964868718153,8.5));
#4972=CARTESIAN_POINT('',(-4.74569699624645,-0.380823694751397,8.05));
#4973=CARTESIAN_POINT('Origin',(-4.99975176534902,0.0498225339517461,8.05));
#4974=CARTESIAN_POINT('',(-4.48769983466101,-0.750366706340001,8.5));
#4975=CARTESIAN_POINT('Ctrl Pts',(-4.48769983466101,-0.75036670634,8.5));
#4976=CARTESIAN_POINT('Ctrl Pts',(-4.4895010422673,-0.747960038107986,8.5));
#4977=CARTESIAN_POINT('Ctrl Pts',(-4.49130084343731,-0.745551693334305,
8.49997164790077));
#4978=CARTESIAN_POINT('Ctrl Pts',(-4.54419902934803,-0.674703520410007,
8.4981227592698));
#4979=CARTESIAN_POINT('Ctrl Pts',(-4.61851818853316,-0.570979049379727,
8.45799018727472));
#4980=CARTESIAN_POINT('Ctrl Pts',(-4.71518689612685,-0.428373065847338,
8.30223850018754));
#4981=CARTESIAN_POINT('Ctrl Pts',(-4.74569699624645,-0.380823694751397,
8.15215995137406));
#4982=CARTESIAN_POINT('Ctrl Pts',(-4.74569699624645,-0.380823694751397,
8.05));
#4983=CARTESIAN_POINT('Origin',(-4.99975176534902,0.0498225339517461,8.5));
#4984=CARTESIAN_POINT('Origin',(-4.60011134284808,1.95933040434748,8.05));
#4985=CARTESIAN_POINT('',(-3.81014774519986,2.48702114179764,8.5));
#4986=CARTESIAN_POINT('Origin',(-4.60011134284808,1.95933040434748,8.5));
#4987=CARTESIAN_POINT('',(-4.19468367270904,2.25195371901265,8.05));
#4988=CARTESIAN_POINT('Ctrl Pts',(-4.19468367270904,2.25195371901265,8.05));
#4989=CARTESIAN_POINT('Ctrl Pts',(-4.19468367270904,2.25195371901265,8.15215924449664));
#4990=CARTESIAN_POINT('Ctrl Pts',(-4.14766697742322,2.28327690629496,8.30223669138748));
#4991=CARTESIAN_POINT('Ctrl Pts',(-4.00192568367436,2.37514798629106,8.45798861799811));
#4992=CARTESIAN_POINT('Ctrl Pts',(-3.89225007597028,2.44036344727979,8.49812187002497));
#4993=CARTESIAN_POINT('Ctrl Pts',(-3.81537980242828,2.48405294502295,8.49997162196614));
#4994=CARTESIAN_POINT('Ctrl Pts',(-3.81276408214153,2.48553809430119,8.5));
#4995=CARTESIAN_POINT('Ctrl Pts',(-3.81014774519986,2.48702114179764,8.5));
#4996=CARTESIAN_POINT('',(-4.53019417422615,1.46424294789974,8.05));
#4997=CARTESIAN_POINT('Origin',(-4.60011134284808,1.95933040434748,8.05));
#4998=CARTESIAN_POINT('',(-4.43325178118389,1.02409894279305,8.5));
#4999=CARTESIAN_POINT('Ctrl Pts',(-4.43325178118389,1.02409894279306,8.5));
#5000=CARTESIAN_POINT('Ctrl Pts',(-4.43399476358107,1.02701116150444,8.5));
#5001=CARTESIAN_POINT('Ctrl Pts',(-4.4347359848811,1.02992890872771,8.49996765426055));
#5002=CARTESIAN_POINT('Ctrl Pts',(-4.46699468140785,1.1567389510301,8.497502710253));
#5003=CARTESIAN_POINT('Ctrl Pts',(-4.50414446105381,1.32653395372712,8.41974594105628));
#5004=CARTESIAN_POINT('Ctrl Pts',(-4.52693863128312,1.4467399665616,8.20388423083004));
#5005=CARTESIAN_POINT('Ctrl Pts',(-4.53019417422615,1.46424294789974,8.10108012013963));
#5006=CARTESIAN_POINT('Ctrl Pts',(-4.53019417422615,1.46424294789974,8.05));
#5007=CARTESIAN_POINT('Origin',(-4.60011134284808,1.95933040434748,8.5));
#5008=CARTESIAN_POINT('Origin',(-3.50016233932174,3.57055508267184,8.05));
#5009=CARTESIAN_POINT('',(-2.56839351440479,3.75577618544601,8.5));
#5010=CARTESIAN_POINT('Origin',(-3.50016233932174,3.57055508267184,8.5));
#5011=CARTESIAN_POINT('',(-3.01361446399106,3.68575562525387,8.05));
#5012=CARTESIAN_POINT('Ctrl Pts',(-3.01361446399106,3.68575562525387,8.05));
#5013=CARTESIAN_POINT('Ctrl Pts',(-3.01361446399106,3.68575562525387,8.1521592444966));
#5014=CARTESIAN_POINT('Ctrl Pts',(-2.95818991006713,3.69670222379406,8.30223675629257));
#5015=CARTESIAN_POINT('Ctrl Pts',(-2.78838510470105,3.7258080616578,8.45798866758716));
#5016=CARTESIAN_POINT('Ctrl Pts',(-2.66210125368285,3.74408885352653,8.49812188446198));
#5017=CARTESIAN_POINT('Ctrl Pts',(-2.57436318111077,3.75503612256994,8.49997162165865));
#5018=CARTESIAN_POINT('Ctrl Pts',(-2.57137823051614,3.75540724288749,8.5));
#5019=CARTESIAN_POINT('Ctrl Pts',(-2.56839351440479,3.75577618544601,8.5));
#5020=CARTESIAN_POINT('',(-3.62502677292252,3.08639718154706,8.05));
#5021=CARTESIAN_POINT('Origin',(-3.50016233932174,3.57055508267184,8.05));
#5022=CARTESIAN_POINT('',(-3.70389739765978,2.64265852270193,8.5));
#5023=CARTESIAN_POINT('Ctrl Pts',(-3.70389739765978,2.64265852270193,8.5));
#5024=CARTESIAN_POINT('Ctrl Pts',(-3.70346936826805,2.6456334734429,8.5));
#5025=CARTESIAN_POINT('Ctrl Pts',(-3.70303759608016,2.64861285799185,8.49996765264506));
#5026=CARTESIAN_POINT('Ctrl Pts',(-3.68431324460121,2.77811504850297,8.49750262772627));
#5027=CARTESIAN_POINT('Ctrl Pts',(-3.65365823764791,2.94920189548214,8.41974575913906));
#5028=CARTESIAN_POINT('Ctrl Pts',(-3.62871705496056,3.06898070006336,8.20388415457077));
#5029=CARTESIAN_POINT('Ctrl Pts',(-3.62502677292252,3.08639718154706,8.10108009862693));
#5030=CARTESIAN_POINT('Ctrl Pts',(-3.62502677292252,3.08639718154706,8.05));
#5031=CARTESIAN_POINT('Origin',(-3.50016233932174,3.57055508267184,8.5));
#5032=CARTESIAN_POINT('Origin',(-1.86735803327761,4.63820805651855,8.05));
#5033=CARTESIAN_POINT('',(-0.935633961448539,4.45276196199439,8.5));
#5034=CARTESIAN_POINT('Origin',(-1.86735803327761,4.63820805651855,8.5));
#5035=CARTESIAN_POINT('',(-1.3737606929567,4.55844800619178,8.05));
#5036=CARTESIAN_POINT('Ctrl Pts',(-1.3737606929567,4.55844800619178,8.05));
#5037=CARTESIAN_POINT('Ctrl Pts',(-1.3737606929567,4.55844800619178,8.1521592444966));
#5038=CARTESIAN_POINT('Ctrl Pts',(-1.31836598723809,4.5473515545456,8.30223687407874));
#5039=CARTESIAN_POINT('Ctrl Pts',(-1.15034829166362,4.50926115226445,8.45798875757584));
#5040=CARTESIAN_POINT('Ctrl Pts',(-1.02668129975039,4.47782424528088,8.49812191066121));
#5041=CARTESIAN_POINT('Ctrl Pts',(-0.941432431524005,4.45436269810052,8.49997162110064));
#5042=CARTESIAN_POINT('Ctrl Pts',(-0.938532671573046,4.45356329119645,8.5));
#5043=CARTESIAN_POINT('Ctrl Pts',(-0.935633961448538,4.45276196199438,8.5));
#5044=CARTESIAN_POINT('',(-2.16799504349316,4.23868660767174,8.05));
#5045=CARTESIAN_POINT('Origin',(-1.86735803327761,4.63820805651855,8.05));
#5046=CARTESIAN_POINT('',(-2.41067163418493,3.85890687528685,8.5));
#5047=CARTESIAN_POINT('Ctrl Pts',(-2.41067163418493,3.85890687528685,8.5));
#5048=CARTESIAN_POINT('Ctrl Pts',(-2.40913770443859,3.86149162949489,8.5));
#5049=CARTESIAN_POINT('Ctrl Pts',(-2.40759861995466,3.86407904776039,8.49996765146255));
#5050=CARTESIAN_POINT('Ctrl Pts',(-2.34074175077909,3.97655830310062,8.49750257219707));
#5051=CARTESIAN_POINT('Ctrl Pts',(-2.24694881889003,4.12289119405665,8.4197456420933));
#5052=CARTESIAN_POINT('Ctrl Pts',(-2.17806933950761,4.22400805140507,8.20388410452907));
#5053=CARTESIAN_POINT('Ctrl Pts',(-2.16799504349316,4.23868660767174,8.10108008342108));
#5054=CARTESIAN_POINT('Ctrl Pts',(-2.16799504349316,4.23868660767174,8.05));
#5055=CARTESIAN_POINT('Origin',(-1.86735803327761,4.63820805651855,8.5));
#5056=CARTESIAN_POINT('Origin',(8.51700215687146E-6,8.51521579581238E-6,
8.5));
#5057=CARTESIAN_POINT('Origin',(0.,0.,8.5));
#5058=CARTESIAN_POINT('Origin',(8.51700215687146E-6,8.51521579581238E-6,
8.5));
#5059=CARTESIAN_POINT('Origin',(0.,0.,8.5));
#5060=CARTESIAN_POINT('Origin',(8.51700215687146E-6,8.51521579581238E-6,
8.5));
#5061=CARTESIAN_POINT('Origin',(0.,0.,8.5));
#5062=CARTESIAN_POINT('Origin',(8.51700215687146E-6,8.51521579581238E-6,
8.5));
#5063=CARTESIAN_POINT('Origin',(0.,0.,8.5));
#5064=CARTESIAN_POINT('Origin',(8.51700215687146E-6,8.51521579581238E-6,
8.5));
#5065=CARTESIAN_POINT('Origin',(0.,0.,8.5));
#5066=CARTESIAN_POINT('Origin',(8.51700215687146E-6,8.51521579581238E-6,
8.5));
#5067=CARTESIAN_POINT('Origin',(0.,0.,8.5));
#5068=CARTESIAN_POINT('Origin',(8.51700215687146E-6,8.51521579581238E-6,
8.5));
#5069=CARTESIAN_POINT('',(-0.750111713318112,4.48774246337097,8.5));
#5070=CARTESIAN_POINT('Origin',(0.0501066205531727,4.99974892635388,8.5));
#5071=CARTESIAN_POINT('Origin',(0.,0.,8.5));
#5072=CARTESIAN_POINT('Origin',(8.51700215687146E-6,8.51521579581238E-6,
8.5));
#5073=CARTESIAN_POINT('',(1.02435083920352,4.43319358456441,8.5));
#5074=CARTESIAN_POINT('Origin',(1.95959178023478,4.60000000596047,8.5));
#5075=CARTESIAN_POINT('',(0.839902777349399,4.47180761265517,8.5));
#5076=CARTESIAN_POINT('Origin',(0.,0.,8.5));
#5077=CARTESIAN_POINT('Origin',(0.0501066205531727,4.99974892635388,8.5));
#5078=CARTESIAN_POINT('Origin',(8.51700215687146E-6,8.51521579581238E-6,
8.5));
#5079=CARTESIAN_POINT('',(2.6428689744688,3.70374723540771,8.5));
#5080=CARTESIAN_POINT('Origin',(3.57075395668278,3.49995945417005,8.5));
#5081=CARTESIAN_POINT('',(2.48723763097721,3.81000642611674,8.5));
#5082=CARTESIAN_POINT('Origin',(0.,0.,8.5));
#5083=CARTESIAN_POINT('Origin',(1.95959178023478,4.60000000596047,8.5));
#5084=CARTESIAN_POINT('Origin',(8.51700215687146E-6,8.51521579581238E-6,
8.5));
#5085=CARTESIAN_POINT('',(3.85904384379905,2.41045236659774,8.5));
#5086=CARTESIAN_POINT('Origin',(4.63831415260847,1.86709448655175,8.5));
#5087=CARTESIAN_POINT('',(3.75592211590674,2.56818010646502,8.5));
#5088=CARTESIAN_POINT('Origin',(0.,0.,8.5));
#5089=CARTESIAN_POINT('Origin',(3.57075395668278,3.49995945417005,8.5));
#5090=CARTESIAN_POINT('Origin',(8.51700215687146E-6,8.51521579581238E-6,
8.5));
#5091=CARTESIAN_POINT('',(4.48772825541085,0.750196711261199,8.5));
#5092=CARTESIAN_POINT('Origin',(4.99974987447913,-0.0500119250372937,8.5));
#5093=CARTESIAN_POINT('',(4.45281511767533,0.935380953303003,8.5));
#5094=CARTESIAN_POINT('Origin',(0.,0.,8.5));
#5095=CARTESIAN_POINT('Origin',(4.63831415260847,1.86709448655175,8.5));
#5096=CARTESIAN_POINT('Origin',(8.51700215687146E-6,8.51521579581238E-6,
8.5));
#5097=CARTESIAN_POINT('',(4.43321298502788,-1.02426687410079,8.5));
#5098=CARTESIAN_POINT('Origin',(4.60003711990649,-1.95950465564193,8.5));
#5099=CARTESIAN_POINT('',(4.47182351965575,-0.839818080928029,8.5));
#5100=CARTESIAN_POINT('Origin',(0.,0.,8.5));
#5101=CARTESIAN_POINT('Origin',(4.99974987447913,-0.0500119250372937,8.5));
#5102=CARTESIAN_POINT('Origin',(8.51700215687146E-6,8.51521579581238E-6,
8.5));
#5103=CARTESIAN_POINT('',(3.70379729082038,-2.64279882482787,8.5));
#5104=CARTESIAN_POINT('Origin',(3.5000270838095,-3.57068766662669,8.5));
#5105=CARTESIAN_POINT('',(3.81005353384455,-2.48716546880955,8.5));
#5106=CARTESIAN_POINT('Origin',(0.,0.,8.5));
#5107=CARTESIAN_POINT('Origin',(4.60003711990649,-1.95950465564193,8.5));
#5108=CARTESIAN_POINT('Origin',(8.51700215687146E-6,8.51521579581238E-6,
8.5));
#5109=CARTESIAN_POINT('',(2.4105254566582,-3.85899818901264,8.5));
#5110=CARTESIAN_POINT('Origin',(1.86718233613019,-4.63827878890903,8.5));
#5111=CARTESIAN_POINT('',(2.56825124336625,-3.75587347376715,8.5));
#5112=CARTESIAN_POINT('Origin',(0.,0.,8.5));
#5113=CARTESIAN_POINT('Origin',(3.5000270838095,-3.57068766662669,8.5));
#5114=CARTESIAN_POINT('Origin',(8.51700215687146E-6,8.51521579581238E-6,
8.5));
#5115=CARTESIAN_POINT('',(0.750281708935172,-4.48771404584086,8.5));
#5116=CARTESIAN_POINT('Origin',(-0.0499172295034732,-4.99975082081084,8.5));
#5117=CARTESIAN_POINT('',(0.935465289687101,-4.45279740071235,8.5));
#5118=CARTESIAN_POINT('Origin',(0.,0.,8.5));
#5119=CARTESIAN_POINT('Origin',(1.86718233613019,-4.63827878890903,8.5));
#5120=CARTESIAN_POINT('Origin',(8.51700215687146E-6,8.51521579581238E-6,
8.5));
#5121=CARTESIAN_POINT('',(-0.839733384205395,-4.47183942505217,8.5));
#5122=CARTESIAN_POINT('Origin',(0.,0.,8.5));
#5123=CARTESIAN_POINT('Origin',(-0.0499172295034732,-4.99975082081084,8.5));
#5124=CARTESIAN_POINT('Origin',(0.0501066205531727,4.99974892635388,8.05));
#5125=CARTESIAN_POINT('',(0.475589599869258,4.73713850326997,8.05));
#5126=CARTESIAN_POINT('Ctrl Pts',(0.475589599869258,4.73713850326997,8.05));
#5127=CARTESIAN_POINT('Ctrl Pts',(0.475589599869258,4.73713850326997,8.1521592444966));
#5128=CARTESIAN_POINT('Ctrl Pts',(0.522518974945409,4.70568474790854,8.30223686601428));
#5129=CARTESIAN_POINT('Ctrl Pts',(0.663163451979091,4.60618622709911,8.45798875141472));
#5130=CARTESIAN_POINT('Ctrl Pts',(0.765381045537908,4.52980974386609,8.49812190886742));
#5131=CARTESIAN_POINT('Ctrl Pts',(0.835158527356742,4.47550581538965,8.49997162113884));
#5132=CARTESIAN_POINT('Ctrl Pts',(0.837531505179792,4.47365740106839,8.5));
#5133=CARTESIAN_POINT('Ctrl Pts',(0.839902777349397,4.47180761265518,8.5));
#5134=CARTESIAN_POINT('',(-0.38055404288674,4.74571862704788,8.05));
#5135=CARTESIAN_POINT('Origin',(0.0501066205531727,4.99974892635388,8.05));
#5136=CARTESIAN_POINT('Ctrl Pts',(-0.750111713318108,4.48774246337098,8.5));
#5137=CARTESIAN_POINT('Ctrl Pts',(-0.747704942255469,4.48954353459333,8.5));
#5138=CARTESIAN_POINT('Ctrl Pts',(-0.745296494731656,4.4913431992829,8.49997164788869));
#5139=CARTESIAN_POINT('Ctrl Pts',(-0.674445315960262,4.54423735968386,8.49812275889937));
#5140=CARTESIAN_POINT('Ctrl Pts',(-0.570716622671463,4.61855062478897,8.45799018666219));
#5141=CARTESIAN_POINT('Ctrl Pts',(-0.4281051471406,4.71521122897046,8.30223849949675));
#5142=CARTESIAN_POINT('Ctrl Pts',(-0.38055404288674,4.74571862704788,8.15215995105845));
#5143=CARTESIAN_POINT('Ctrl Pts',(-0.38055404288674,4.74571862704788,8.05));
#5144=CARTESIAN_POINT('Origin',(0.,0.,20.5684982973136));
#5145=CARTESIAN_POINT('',(-7.78374695461467E-16,-9.53234079334181E-32,7.8566748392618));
#5146=CARTESIAN_POINT('Origin',(0.,0.,20.5684982973136));
#5147=CARTESIAN_POINT('Origin',(1.06842720919928,4.47419973834904,0.4));
#5148=CARTESIAN_POINT('',(1.46450035188172,4.53011096839856,0.4));
#5149=CARTESIAN_POINT('',(1.16133392304269,4.863260585162,0.4));
#5150=CARTESIAN_POINT('Origin',(1.06842720919928,4.47419973834904,0.4));
#5151=CARTESIAN_POINT('Origin',(1.06842720919928,4.47419973834904,0.4));
#5152=CARTESIAN_POINT('Origin',(1.06842720919928,4.47419973834904,0.4));
#5153=CARTESIAN_POINT('Origin',(0.815975983322126,4.52705016480285,0.4));
#5154=CARTESIAN_POINT('',(0.886930416654485,4.92070670087266,0.4));
#5155=CARTESIAN_POINT('',(0.475589599869258,4.73713850326997,0.4));
#5156=CARTESIAN_POINT('Origin',(0.815975983322126,4.52705016480285,0.4));
#5157=CARTESIAN_POINT('Origin',(0.815975983322126,4.52705016480285,0.4));
#5158=CARTESIAN_POINT('Origin',(0.815975983322126,4.52705016480285,0.4));
#5159=CARTESIAN_POINT('Origin',(0.,0.,0.4));
#5160=CARTESIAN_POINT('Origin',(0.,0.,0.4));
#5161=CARTESIAN_POINT('Origin',(2.48627228014662,3.87020027246324,0.4));
#5162=CARTESIAN_POINT('',(2.70246986972458,4.20673942659048,0.4));
#5163=CARTESIAN_POINT('',(2.25219205796358,4.19455570957312,0.4));
#5164=CARTESIAN_POINT('Origin',(2.48627228014662,3.87020027246324,0.4));
#5165=CARTESIAN_POINT('Origin',(2.48627228014662,3.87020027246324,0.4));
#5166=CARTESIAN_POINT('Origin',(2.48627228014662,3.87020027246324,0.4));
#5167=CARTESIAN_POINT('Origin',(-0.725082573638671,4.54249438760308,0.4));
#5168=CARTESIAN_POINT('',(-0.38055404288674,4.74571862704788,0.4));
#5169=CARTESIAN_POINT('',(-0.788133232215946,4.93749389956857,0.4));
#5170=CARTESIAN_POINT('Origin',(-0.725082573638671,4.54249438760308,0.4));
#5171=CARTESIAN_POINT('Origin',(-0.725082573638671,4.54249438760308,0.4));
#5172=CARTESIAN_POINT('Origin',(-0.725082573638671,4.54249438760308,0.4));
#5173=CARTESIAN_POINT('Origin',(0.0501066205531727,4.99974892635388,0.4));
#5174=CARTESIAN_POINT('Origin',(0.0501066205531727,4.99974892635388,0.4));
#5175=CARTESIAN_POINT('Origin',(2.69928250673514,3.72476495215922,0.4));
#5176=CARTESIAN_POINT('',(3.08660315115631,3.62485139749737,0.4));
#5177=CARTESIAN_POINT('',(2.93400272471211,4.0486575566948,0.4));
#5178=CARTESIAN_POINT('Origin',(2.69928250673514,3.72476495215922,0.4));
#5179=CARTESIAN_POINT('Origin',(2.69928250673514,3.72476495215922,0.4));
#5180=CARTESIAN_POINT('Origin',(2.69928250673514,3.72476495215922,0.4));
#5181=CARTESIAN_POINT('Origin',(-0.978882820699978,4.49463996593036,0.4));
#5182=CARTESIAN_POINT('',(-1.06400306597824,4.88547822383735,0.4));
#5183=CARTESIAN_POINT('',(-1.3737606929567,4.55844800619178,0.4));
#5184=CARTESIAN_POINT('Origin',(-0.978882820699978,4.49463996593036,0.4));
#5185=CARTESIAN_POINT('Origin',(-0.978882820699978,4.49463996593036,0.4));
#5186=CARTESIAN_POINT('Origin',(-0.978882820699978,4.49463996593036,0.4));
#5187=CARTESIAN_POINT('Origin',(0.,0.,0.4));
#5188=CARTESIAN_POINT('Origin',(0.,0.,0.4));
#5189=CARTESIAN_POINT('Origin',(3.77806517068742,2.62416149770525,0.4));
#5190=CARTESIAN_POINT('',(4.10659257683415,2.85234945402744,0.4));
#5191=CARTESIAN_POINT('',(3.68592685335202,3.01340503391183,0.4));
#5192=CARTESIAN_POINT('Origin',(3.77806517068742,2.62416149770525,0.4));
#5193=CARTESIAN_POINT('Origin',(3.77806517068742,2.62416149770525,0.4));
#5194=CARTESIAN_POINT('Origin',(3.77806517068742,2.62416149770525,0.4));
#5195=CARTESIAN_POINT('Origin',(-2.4085046516656,3.91906944859429,0.4));
#5196=CARTESIAN_POINT('',(-2.16799504349316,4.23868660767174,0.4));
#5197=CARTESIAN_POINT('Origin',(-2.4085046516656,3.91906944859429,0.4));
#5198=CARTESIAN_POINT('',(-2.61793983876696,4.25985809629814,0.4));
#5199=CARTESIAN_POINT('Origin',(-2.4085046516656,3.91906944859429,0.4));
#5200=CARTESIAN_POINT('Origin',(-2.4085046516656,3.91906944859429,0.4));
#5201=CARTESIAN_POINT('Origin',(3.91920629388108,2.40828196563503,0.4));
#5202=CARTESIAN_POINT('',(4.23880978664881,2.16775419715357,0.4));
#5203=CARTESIAN_POINT('',(4.26000684117509,2.61769778873373,0.4));
#5204=CARTESIAN_POINT('Origin',(3.91920629388108,2.40828196563503,0.4));
#5205=CARTESIAN_POINT('Origin',(3.91920629388108,2.40828196563503,0.4));
#5206=CARTESIAN_POINT('Origin',(3.91920629388108,2.40828196563503,0.4));
#5207=CARTESIAN_POINT('Origin',(-2.62437616372651,3.77791605931949,0.4));
#5208=CARTESIAN_POINT('',(-2.85258278665925,4.10643049926032,0.4));
#5209=CARTESIAN_POINT('',(-3.01361446399106,3.68575562525387,0.4));
#5210=CARTESIAN_POINT('Origin',(-2.62437616372651,3.77791605931949,0.4));
#5211=CARTESIAN_POINT('Origin',(-2.62437616372651,3.77791605931949,0.4));
#5212=CARTESIAN_POINT('Origin',(-2.62437616372651,3.77791605931949,0.4));
#5213=CARTESIAN_POINT('Origin',(0.,0.,0.4));
#5214=CARTESIAN_POINT('Origin',(0.,0.,0.4));
#5215=CARTESIAN_POINT('Origin',(4.49469557895068,0.978627432969853,0.4));
#5216=CARTESIAN_POINT('',(4.88553867277248,1.06372547061941,0.4));
#5217=CARTESIAN_POINT('',(4.55852605613192,1.37350167900625,0.4));
#5218=CARTESIAN_POINT('Origin',(4.49469557895068,0.978627432969855,0.4));
#5219=CARTESIAN_POINT('Origin',(4.49469557895068,0.978627432969853,0.4));
#5220=CARTESIAN_POINT('Origin',(4.49469557895068,0.978627432969855,0.4));
#5221=CARTESIAN_POINT('Origin',(-3.72491831980314,2.69907086064723,0.4));
#5222=CARTESIAN_POINT('',(-3.62502677292252,3.08639718154706,0.4));
#5223=CARTESIAN_POINT('',(-4.04882426065558,2.93377267461655,0.4));
#5224=CARTESIAN_POINT('Origin',(-3.72491831980314,2.69907086064723,0.4));
#5225=CARTESIAN_POINT('Origin',(-3.72491831980314,2.69907086064723,0.4));
#5226=CARTESIAN_POINT('Origin',(-3.72491831980314,2.69907086064723,0.4));
#5227=CARTESIAN_POINT('Origin',(-3.50016233932174,3.57055508267184,0.4));
#5228=CARTESIAN_POINT('Origin',(-3.50016233932174,3.57055508267184,0.4));
#5229=CARTESIAN_POINT('Origin',(4.54248065368636,0.725168608590563,0.4));
#5230=CARTESIAN_POINT('',(4.74571141848314,0.380643926978182,0.4));
#5231=CARTESIAN_POINT('',(4.93747897139821,0.788226748468003,0.4));
#5232=CARTESIAN_POINT('Origin',(4.54248065368636,0.725168608590563,0.4));
#5233=CARTESIAN_POINT('Origin',(4.54248065368636,0.725168608590563,0.4));
#5234=CARTESIAN_POINT('Origin',(4.54248065368636,0.725168608590563,0.4));
#5235=CARTESIAN_POINT('Origin',(-3.8703415365978,2.48605237074478,0.4));
#5236=CARTESIAN_POINT('',(-4.20689297456283,2.70223083776607,0.4));
#5237=CARTESIAN_POINT('',(-4.19468367270903,2.25195371901265,0.4));
#5238=CARTESIAN_POINT('Origin',(-3.8703415365978,2.48605237074478,0.4));
#5239=CARTESIAN_POINT('Origin',(-3.8703415365978,2.48605237074478,0.4));
#5240=CARTESIAN_POINT('Origin',(-3.8703415365978,2.48605237074478,0.4));
#5241=CARTESIAN_POINT('Origin',(0.,0.,0.4));
#5242=CARTESIAN_POINT('Origin',(0.,0.,0.4));
#5243=CARTESIAN_POINT('Origin',(4.52706561861878,-0.815890240608216,0.4));
#5244=CARTESIAN_POINT('',(4.92072349849868,-0.886837218052406,0.4));
#5245=CARTESIAN_POINT('',(4.73714751011227,-0.475499878132249,0.4));
#5246=CARTESIAN_POINT('Origin',(4.52706561861878,-0.815890240608214,0.4));
#5247=CARTESIAN_POINT('Origin',(4.52706561861878,-0.815890240608216,0.4));
#5248=CARTESIAN_POINT('Origin',(4.52706561861878,-0.815890240608214,0.4));
#5249=CARTESIAN_POINT('Origin',(-4.47426043932861,1.06817298274155,0.4));
#5250=CARTESIAN_POINT('',(-4.53019417422615,1.46424294789974,0.4));
#5251=CARTESIAN_POINT('',(-4.86332656448762,1.16105758993647,0.4));
#5252=CARTESIAN_POINT('Origin',(-4.47426043932861,1.06817298274155,0.4));
#5253=CARTESIAN_POINT('Origin',(-4.47426043932861,1.06817298274155,0.4));
#5254=CARTESIAN_POINT('Origin',(-4.47426043932861,1.06817298274155,0.4));
#5255=CARTESIAN_POINT('Origin',(-4.60011134284808,1.95933040434748,0.4));
#5256=CARTESIAN_POINT('Origin',(-4.60011134284808,1.95933040434748,0.4));
#5257=CARTESIAN_POINT('Origin',(4.47421997361392,-1.06834246742994,0.4));
#5258=CARTESIAN_POINT('',(4.53013870529951,-1.46441455107971,0.4));
#5259=CARTESIAN_POINT('',(4.86328258001513,-1.16124181242384,0.4));
#5260=CARTESIAN_POINT('Origin',(4.47421997361392,-1.06834246742994,0.4));
#5261=CARTESIAN_POINT('Origin',(4.47421997361392,-1.06834246742994,0.4));
#5262=CARTESIAN_POINT('Origin',(4.47421997361392,-1.06834246742994,0.4));
#5263=CARTESIAN_POINT('Origin',(-4.52709652137873,0.815718754302378,0.4));
#5264=CARTESIAN_POINT('',(-4.92075708845514,0.88665081989389,0.4));
#5265=CARTESIAN_POINT('',(-4.73716551869886,0.475320434146542,0.4));
#5266=CARTESIAN_POINT('Origin',(-4.52709652137873,0.815718754302379,0.4));
#5267=CARTESIAN_POINT('Origin',(-4.52709652137873,0.815718754302378,0.4));
#5268=CARTESIAN_POINT('Origin',(-4.52709652137873,0.815718754302379,0.4));
#5269=CARTESIAN_POINT('Origin',(0.,0.,0.4));
#5270=CARTESIAN_POINT('Origin',(0.,0.,0.4));
#5271=CARTESIAN_POINT('Origin',(3.87024736189646,-2.48619897790453,0.4));
#5272=CARTESIAN_POINT('',(4.20679061075702,-2.70239019337449,0.4));
#5273=CARTESIAN_POINT('',(4.19459836545647,-2.25211261245448,0.4));
#5274=CARTESIAN_POINT('Origin',(3.87024736189646,-2.48619897790453,0.4));
#5275=CARTESIAN_POINT('Origin',(3.87024736189646,-2.48619897790453,0.4));
#5276=CARTESIAN_POINT('Origin',(3.87024736189646,-2.48619897790453,0.4));
#5277=CARTESIAN_POINT('Origin',(-4.54245318096439,-0.725340677713911,0.4));
#5278=CARTESIAN_POINT('',(-4.74569699624645,-0.380823694751397,0.4));
#5279=CARTESIAN_POINT('',(-4.9374491097439,-0.788413780123817,0.4));
#5280=CARTESIAN_POINT('Origin',(-4.54245318096439,-0.725340677713911,0.4));
#5281=CARTESIAN_POINT('Origin',(-4.54245318096439,-0.725340677713911,0.4));
#5282=CARTESIAN_POINT('Origin',(-4.54245318096439,-0.725340677713911,0.4));
#5283=CARTESIAN_POINT('Origin',(-4.99975176534902,0.0498225339517461,0.4));
#5284=CARTESIAN_POINT('Origin',(-4.99975176534902,0.0498225339517461,0.4));
#5285=CARTESIAN_POINT('Origin',(3.72481607604339,-2.69921195900744,0.4));
#5286=CARTESIAN_POINT('',(3.62490985727277,-3.0865344957271,0.4));
#5287=CARTESIAN_POINT('',(4.04871312613411,-2.93392604239939,0.4));
#5288=CARTESIAN_POINT('Origin',(3.72481607604338,-2.69921195900744,0.4));
#5289=CARTESIAN_POINT('Origin',(3.72481607604339,-2.69921195900744,0.4));
#5290=CARTESIAN_POINT('Origin',(3.72481607604338,-2.69921195900744,0.4));
#5291=CARTESIAN_POINT('Origin',(-4.49465850521615,-0.978797691807714,0.4));
#5292=CARTESIAN_POINT('',(-4.88549837523495,-1.0639105345736,0.4));
#5293=CARTESIAN_POINT('',(-4.55847402447374,-1.37367435546598,0.4));
#5294=CARTESIAN_POINT('Origin',(-4.49465850521615,-0.978797691807714,0.4));
#5295=CARTESIAN_POINT('Origin',(-4.49465850521615,-0.978797691807714,0.4));
#5296=CARTESIAN_POINT('Origin',(-4.49465850521615,-0.978797691807714,0.4));
#5297=CARTESIAN_POINT('Origin',(0.,0.,0.4));
#5298=CARTESIAN_POINT('Origin',(0.,0.,0.4));
#5299=CARTESIAN_POINT('Origin',(2.62423305398706,-3.77801546825338,0.4));
#5300=CARTESIAN_POINT('',(2.85242723259462,-4.10653855244932,0.4));
#5301=CARTESIAN_POINT('',(3.01347484501925,-3.68586977864151,0.4));
#5302=CARTESIAN_POINT('Origin',(2.62423305398706,-3.77801546825338,0.4));
#5303=CARTESIAN_POINT('Origin',(2.62423305398706,-3.77801546825338,0.4));
#5304=CARTESIAN_POINT('Origin',(2.62423305398705,-3.77801546825338,0.4));
#5305=CARTESIAN_POINT('Origin',(-3.91911506509578,-2.4084304238527,0.4));
#5306=CARTESIAN_POINT('',(-4.23872766885131,-2.16791476215764,0.4));
#5307=CARTESIAN_POINT('',(-4.25990767945193,-2.61785915636163,0.4));
#5308=CARTESIAN_POINT('Origin',(-3.91911506509578,-2.4084304238527,0.4));
#5309=CARTESIAN_POINT('Origin',(-3.91911506509578,-2.4084304238527,0.4));
#5310=CARTESIAN_POINT('Origin',(-3.91911506509578,-2.4084304238527,0.4));
#5311=CARTESIAN_POINT('Origin',(-4.63824342354572,-1.86727018503882,0.4));
#5312=CARTESIAN_POINT('Origin',(-4.63824342354572,-1.86727018503882,0.4));
#5313=CARTESIAN_POINT('Origin',(2.40835619517583,-3.91916068019138,0.4));
#5314=CARTESIAN_POINT('',(2.16783448004443,-4.23876872851034,0.4));
#5315=CARTESIAN_POINT('',(2.61777847301721,-4.25995726107759,0.4));
#5316=CARTESIAN_POINT('Origin',(2.40835619517583,-3.91916068019138,0.4));
#5317=CARTESIAN_POINT('Origin',(2.40835619517583,-3.91916068019138,0.4));
#5318=CARTESIAN_POINT('Origin',(2.40835619517583,-3.91916068019138,0.4));
#5319=CARTESIAN_POINT('Origin',(-3.77796576446406,-2.62430460932749,0.4));
#5320=CARTESIAN_POINT('',(-4.10648452659137,-2.85250501013857,0.4));
#5321=CARTESIAN_POINT('',(-3.68581270260879,-3.01354465504567,0.4));
#5322=CARTESIAN_POINT('Origin',(-3.77796576446406,-2.62430460932748,0.4));
#5323=CARTESIAN_POINT('Origin',(-3.77796576446406,-2.62430460932749,0.4));
#5324=CARTESIAN_POINT('Origin',(-3.77796576446406,-2.62430460932748,0.4));
#5325=CARTESIAN_POINT('Origin',(0.,0.,0.4));
#5326=CARTESIAN_POINT('Origin',(0.,0.,0.4));
#5327=CARTESIAN_POINT('Origin',(0.978712562564329,-4.4946770428896,0.4));
#5328=CARTESIAN_POINT('',(1.06381800278731,-4.88551852488,0.4));
#5329=CARTESIAN_POINT('',(1.37358801748249,-4.55850004112046,0.4));
#5330=CARTESIAN_POINT('Origin',(0.978712562564329,-4.4946770428896,0.4));
#5331=CARTESIAN_POINT('Origin',(0.978712562564329,-4.4946770428896,0.4));
#5332=CARTESIAN_POINT('Origin',(0.978712562564329,-4.4946770428896,0.4));
#5333=CARTESIAN_POINT('Origin',(-2.69914141031146,-3.72486719859136,0.4));
#5334=CARTESIAN_POINT('',(-3.08646583919068,-3.62496831574783,0.4));
#5335=CARTESIAN_POINT('',(-2.93384935903419,-4.04876869412105,0.4));
#5336=CARTESIAN_POINT('Origin',(-2.69914141031146,-3.72486719859136,0.4));
#5337=CARTESIAN_POINT('Origin',(-2.69914141031146,-3.72486719859136,0.4));
#5338=CARTESIAN_POINT('Origin',(-2.69914141031146,-3.72486719859136,0.4));
#5339=CARTESIAN_POINT('Origin',(-3.5706213752897,-3.50009471219341,0.4));
#5340=CARTESIAN_POINT('Origin',(-3.5706213752897,-3.50009471219341,0.4));
#5341=CARTESIAN_POINT('Origin',(0.725254643282321,-4.54246691814012,0.4));
#5342=CARTESIAN_POINT('',(0.380733810933079,-4.745704208216,0.4));
#5343=CARTESIAN_POINT('',(0.788320264437305,-4.93746404145666,0.4));
#5344=CARTESIAN_POINT('Origin',(0.72525464328232,-4.54246691814012,0.4));
#5345=CARTESIAN_POINT('Origin',(0.725254643282321,-4.54246691814012,0.4));
#5346=CARTESIAN_POINT('Origin',(0.72525464328232,-4.54246691814012,0.4));
#5347=CARTESIAN_POINT('Origin',(-2.48612567477057,-3.87029444994132,0.4));
#5348=CARTESIAN_POINT('',(-2.70231051605497,-4.20684179341447,0.4));
#5349=CARTESIAN_POINT('',(-2.2520331661375,-4.19464101983512,0.4));
#5350=CARTESIAN_POINT('Origin',(-2.48612567477057,-3.87029444994132,0.4));
#5351=CARTESIAN_POINT('Origin',(-2.48612567477057,-3.87029444994132,0.4));
#5352=CARTESIAN_POINT('Origin',(-2.48612567477057,-3.87029444994132,0.4));
#5353=CARTESIAN_POINT('Origin',(0.,0.,0.4));
#5354=CARTESIAN_POINT('Origin',(0.,0.,0.4));
#5355=CARTESIAN_POINT('Origin',(-0.815804497601623,-4.52708107081074,0.4));
#5356=CARTESIAN_POINT('',(-0.886744019132196,-4.9207402943595,0.4));
#5357=CARTESIAN_POINT('',(-0.475410156224666,-4.73715651525523,0.4));
#5358=CARTESIAN_POINT('Origin',(-0.81580449760162,-4.52708107081074,0.4));
#5359=CARTESIAN_POINT('Origin',(-0.815804497601623,-4.52708107081074,0.4));
#5360=CARTESIAN_POINT('Origin',(-0.81580449760162,-4.52708107081074,0.4));
#5361=CARTESIAN_POINT('Origin',(-1.06825772527735,-4.47424020727377,0.4));
#5362=CARTESIAN_POINT('',(-1.46432874975237,-4.53016644057537,0.4));
#5363=CARTESIAN_POINT('',(-1.16114970138842,-4.86330457312367,0.4));
#5364=CARTESIAN_POINT('Origin',(-1.06825772527735,-4.47424020727377,0.4));
#5365=CARTESIAN_POINT('Origin',(-1.06825772527735,-4.47424020727377,0.4));
#5366=CARTESIAN_POINT('Origin',(-1.06825772527735,-4.47424020727377,0.4));
#5367=CARTESIAN_POINT('Origin',(-1.95941753034615,-4.60007423220237,0.4));
#5368=CARTESIAN_POINT('Origin',(-1.95941753034615,-4.60007423220237,0.4));
#5369=CARTESIAN_POINT('Origin',(0.,0.,0.4));
#5370=CARTESIAN_POINT('Origin',(0.,0.,0.4));
#5371=CARTESIAN_POINT('Origin',(-1.06825772527735,-4.47424020727377,0.));
#5372=CARTESIAN_POINT('',(-1.16114970138842,-4.86330457312367,8.05));
#5373=CARTESIAN_POINT('Origin',(-1.06825772527735,-4.47424020727377,8.05));
#5374=CARTESIAN_POINT('',(-1.46432874975237,-4.53016644057537,0.));
#5375=CARTESIAN_POINT('',(-1.16114970138842,-4.86330457312367,0.));
#5376=CARTESIAN_POINT('Ctrl Pts',(-1.02418290863062,-4.43323238390104,8.5));
#5377=CARTESIAN_POINT('Ctrl Pts',(-1.02709514161522,-4.433975311192,8.5));
#5378=CARTESIAN_POINT('Ctrl Pts',(-1.0300083849408,-4.43471629818889,8.4999716588667));
#5379=CARTESIAN_POINT('Ctrl Pts',(-1.11570683093874,-4.45647415563251,8.49812310258442));
#5380=CARTESIAN_POINT('Ctrl Pts',(-1.23997732493553,-4.48544083426539,8.45799076273319));
#5381=CARTESIAN_POINT('Ctrl Pts',(-1.40872263347106,-4.52017586021348,8.30223915182831));
#5382=CARTESIAN_POINT('Ctrl Pts',(-1.46432874975237,-4.53016644057537,8.1521602401716));
#5383=CARTESIAN_POINT('Ctrl Pts',(-1.46432874975237,-4.53016644057537,8.05));
#5384=CARTESIAN_POINT('Ctrl Pts',(-1.02418290863062,-4.43323238390104,8.5));
#5385=CARTESIAN_POINT('Ctrl Pts',(-1.02641287995561,-4.43468011015011,8.50000552394681));
#5386=CARTESIAN_POINT('Ctrl Pts',(-1.02867071767356,-4.43614206944344,8.49997801976515));
#5387=CARTESIAN_POINT('Ctrl Pts',(-1.09415916327989,-4.47859655752309,8.49870197805754));
#5388=CARTESIAN_POINT('Ctrl Pts',(-1.1915369582786,-4.53971647905278,8.47455487467767));
#5389=CARTESIAN_POINT('Ctrl Pts',(-1.36060950337716,-4.64036953247742,8.34996222262577));
#5390=CARTESIAN_POINT('Ctrl Pts',(-1.44229811798856,-4.68847985855388,8.18062691348011));
#5391=CARTESIAN_POINT('Ctrl Pts',(-1.44203000075586,-4.68808675521434,8.05));
#5392=CARTESIAN_POINT('Ctrl Pts',(-1.02418290863062,-4.43323238390104,8.5));
#5393=CARTESIAN_POINT('Ctrl Pts',(-1.0257420425466,-4.43538651742113,8.50000552394699));
#5394=CARTESIAN_POINT('Ctrl Pts',(-1.02731635720164,-4.4375662154795,8.49997801976497));
#5395=CARTESIAN_POINT('Ctrl Pts',(-1.07315028870243,-4.50076434556333,8.49870197806206));
#5396=CARTESIAN_POINT('Ctrl Pts',(-1.14132322755251,-4.59332981747915,8.47455487467853));
#5397=CARTESIAN_POINT('Ctrl Pts',(-1.25888696198565,-4.75126534402777,8.34996222262685));
#5398=CARTESIAN_POINT('Ctrl Pts',(-1.3166581020657,-4.82648634393844,8.18062691348011));
#5399=CARTESIAN_POINT('Ctrl Pts',(-1.31627634098865,-4.82626694808068,8.05));
#5400=CARTESIAN_POINT('Ctrl Pts',(-1.02418290863062,-4.43323238390104,8.5));
#5401=CARTESIAN_POINT('Ctrl Pts',(-1.02507190006248,-4.43610340044521,8.5));
#5402=CARTESIAN_POINT('Ctrl Pts',(-1.0259615754281,-4.43897483077394,8.49997165886645));
#5403=CARTESIAN_POINT('Ctrl Pts',(-1.05213984462165,-4.5234321669812,8.49812310258897));
#5404=CARTESIAN_POINT('Ctrl Pts',(-1.09054193280864,-4.6452177876459,8.45799076273404));
#5405=CARTESIAN_POINT('Ctrl Pts',(-1.14346487046671,-4.80949542457851,8.3022391518294));
#5406=CARTESIAN_POINT('Ctrl Pts',(-1.16114970138842,-4.86330457312367,8.1521602401716));
#5407=CARTESIAN_POINT('Ctrl Pts',(-1.16114970138842,-4.86330457312367,8.05));
#5408=CARTESIAN_POINT('Ctrl Pts',(-1.16114970138842,-4.86330457312367,8.05));
#5409=CARTESIAN_POINT('Ctrl Pts',(-1.16114970138842,-4.86330457312367,8.1521602401716));
#5410=CARTESIAN_POINT('Ctrl Pts',(-1.14346487046671,-4.80949542457851,8.3022391518294));
#5411=CARTESIAN_POINT('Ctrl Pts',(-1.09054193280864,-4.6452177876459,8.45799076273404));
#5412=CARTESIAN_POINT('Ctrl Pts',(-1.05213984462165,-4.5234321669812,8.49812310258897));
#5413=CARTESIAN_POINT('Ctrl Pts',(-1.0259615754281,-4.43897483077394,8.49997165886645));
#5414=CARTESIAN_POINT('Ctrl Pts',(-1.02507190006248,-4.43610340044521,8.5));
#5415=CARTESIAN_POINT('Ctrl Pts',(-1.02418290863062,-4.43323238390104,8.5));
#5416=CARTESIAN_POINT('Origin',(-0.0499172295034732,-4.99975082081084,0.4));
#5417=CARTESIAN_POINT('Origin',(-0.0499172295034732,-4.99975082081084,0.4));
#5418=CARTESIAN_POINT('Origin',(-0.81580449760162,-4.52708107081074,0.));
#5419=CARTESIAN_POINT('',(-0.475410156224666,-4.73715651525523,8.05));
#5420=CARTESIAN_POINT('',(-0.886744019132196,-4.9207402943595,8.05));
#5421=CARTESIAN_POINT('Origin',(-0.81580449760162,-4.52708107081074,8.05));
#5422=CARTESIAN_POINT('',(-0.886744019132196,-4.92074029435951,0.));
#5423=CARTESIAN_POINT('',(-0.475410156224666,-4.73715651525523,0.));
#5424=CARTESIAN_POINT('Ctrl Pts',(-0.839733384205396,-4.47183942505217,
8.5));
#5425=CARTESIAN_POINT('Ctrl Pts',(-0.840070652122378,-4.47482788603966,
8.5));
#5426=CARTESIAN_POINT('Ctrl Pts',(-0.840407459004537,-4.47781700086202,
8.49997162113849));
#5427=CARTESIAN_POINT('Ctrl Pts',(-0.850298302251653,-4.5656845193718,8.49812190887655));
#5428=CARTESIAN_POINT('Ctrl Pts',(-0.863961607261503,-4.6926465279185,8.45798875143145));
#5429=CARTESIAN_POINT('Ctrl Pts',(-0.881364352314549,-4.86435688125623,
8.30223686603616));
#5430=CARTESIAN_POINT('Ctrl Pts',(-0.886744019132197,-4.92074029435951,
8.1521592444966));
#5431=CARTESIAN_POINT('Ctrl Pts',(-0.886744019132197,-4.92074029435951,
8.05));
#5432=CARTESIAN_POINT('Ctrl Pts',(-0.839733384205395,-4.47183942505217,
8.5));
#5433=CARTESIAN_POINT('Ctrl Pts',(-0.839168681711387,-4.47443969305895,
8.50000552218396));
#5434=CARTESIAN_POINT('Ctrl Pts',(-0.838600315865196,-4.47706948108119,
8.4999779981335));
#5435=CARTESIAN_POINT('Ctrl Pts',(-0.821959218234777,-4.55334514375656,
8.49870119521017));
#5436=CARTESIAN_POINT('Ctrl Pts',(-0.796632398743038,-4.66547997718593,
8.47455352594325));
#5437=CARTESIAN_POINT('Ctrl Pts',(-0.752277547430075,-4.85730530121169,
8.34995989621543));
#5438=CARTESIAN_POINT('Ctrl Pts',(-0.729523595852121,-4.94937923598402,
8.18062554908246));
#5439=CARTESIAN_POINT('Ctrl Pts',(-0.729785330912695,-4.94902509902376,
8.05));
#5440=CARTESIAN_POINT('Ctrl Pts',(-0.839733384205395,-4.47183942505217,
8.5));
#5441=CARTESIAN_POINT('Ctrl Pts',(-0.838270271355554,-4.47406137769085,
8.50000552218378));
#5442=CARTESIAN_POINT('Ctrl Pts',(-0.836787334733576,-4.47630756052136,
8.49997799813368));
#5443=CARTESIAN_POINT('Ctrl Pts',(-0.793821904127206,-4.54146307772036,
8.49870119520566));
#5444=CARTESIAN_POINT('Ctrl Pts',(-0.729130994955362,-4.63650474166033,
8.4745535259424));
#5445=CARTESIAN_POINT('Ctrl Pts',(-0.614618526420169,-4.79651381445554,
8.34995989621436));
#5446=CARTESIAN_POINT('Ctrl Pts',(-0.559082848693315,-4.87334525478231,
8.18062554908245));
#5447=CARTESIAN_POINT('Ctrl Pts',(-0.559170841138611,-4.8728775808465,8.05));
#5448=CARTESIAN_POINT('Ctrl Pts',(-0.839733384205395,-4.47183942505217,
8.5));
#5449=CARTESIAN_POINT('Ctrl Pts',(-0.837362041967281,-4.47368912364013,
8.5));
#5450=CARTESIAN_POINT('Ctrl Pts',(-0.834988994127855,-4.47553744807129,
8.49997162113875));
#5451=CARTESIAN_POINT('Ctrl Pts',(-0.765209455319949,-4.52983873333111,
8.49812190887203));
#5452=CARTESIAN_POINT('Ctrl Pts',(-0.662988968681423,-4.60621134449858,
8.45798875143061));
#5453=CARTESIAN_POINT('Ctrl Pts',(-0.52234072273281,-4.70570453760967,8.30223686603508));
#5454=CARTESIAN_POINT('Ctrl Pts',(-0.475410156224666,-4.73715651525523,
8.1521592444966));
#5455=CARTESIAN_POINT('Ctrl Pts',(-0.475410156224666,-4.73715651525523,
8.05));
#5456=CARTESIAN_POINT('Ctrl Pts',(-0.475410156224666,-4.73715651525523,
8.05));
#5457=CARTESIAN_POINT('Ctrl Pts',(-0.475410156224666,-4.73715651525523,
8.1521592444966));
#5458=CARTESIAN_POINT('Ctrl Pts',(-0.52234072273281,-4.70570453760967,8.30223686603508));
#5459=CARTESIAN_POINT('Ctrl Pts',(-0.662988968681423,-4.60621134449858,
8.45798875143061));
#5460=CARTESIAN_POINT('Ctrl Pts',(-0.765209455319949,-4.52983873333111,
8.49812190887203));
#5461=CARTESIAN_POINT('Ctrl Pts',(-0.834988994127855,-4.47553744807129,
8.49997162113875));
#5462=CARTESIAN_POINT('Ctrl Pts',(-0.837362041967281,-4.47368912364013,
8.5));
#5463=CARTESIAN_POINT('Ctrl Pts',(-0.839733384205395,-4.47183942505217,
8.5));
#5464=CARTESIAN_POINT('Ctrl Pts',(-0.839733384205396,-4.47183942505217,
8.5));
#5465=CARTESIAN_POINT('Ctrl Pts',(-0.840070652122378,-4.47482788603966,
8.5));
#5466=CARTESIAN_POINT('Ctrl Pts',(-0.840407459004537,-4.47781700086202,
8.49997162113849));
#5467=CARTESIAN_POINT('Ctrl Pts',(-0.850298302251653,-4.5656845193718,8.49812190887655));
#5468=CARTESIAN_POINT('Ctrl Pts',(-0.863961607261503,-4.6926465279185,8.45798875143145));
#5469=CARTESIAN_POINT('Ctrl Pts',(-0.881364352314549,-4.86435688125623,
8.30223686603616));
#5470=CARTESIAN_POINT('Ctrl Pts',(-0.886744019132197,-4.92074029435951,
8.1521592444966));
#5471=CARTESIAN_POINT('Ctrl Pts',(-0.886744019132197,-4.92074029435951,
8.05));
#5472=CARTESIAN_POINT('Ctrl Pts',(-2.48709330574969,-3.8101006402056,8.5));
#5473=CARTESIAN_POINT('Ctrl Pts',(-2.48854852272115,-3.81273255819199,8.5));
#5474=CARTESIAN_POINT('Ctrl Pts',(-2.49000555456852,-3.81536931040617,8.49996761332044));
#5475=CARTESIAN_POINT('Ctrl Pts',(-2.55329942392552,-3.92989279681927,8.49750103559727));
#5476=CARTESIAN_POINT('Ctrl Pts',(-2.63620370209555,-4.0828910327886,8.41974272249764));
#5477=CARTESIAN_POINT('Ctrl Pts',(-2.69392345946733,-4.19108902423744,8.20388278988064));
#5478=CARTESIAN_POINT('Ctrl Pts',(-2.70231051605497,-4.20684179341447,8.1010796222483));
#5479=CARTESIAN_POINT('Ctrl Pts',(-2.70231051605497,-4.20684179341447,8.05));
#5480=CARTESIAN_POINT('Ctrl Pts',(-2.48709330574969,-3.8101006402056,8.5));
#5481=CARTESIAN_POINT('Ctrl Pts',(-2.48756440585696,-3.8126592016852,8.49992327466768));
#5482=CARTESIAN_POINT('Ctrl Pts',(-2.48805253653127,-3.81544007937442,8.5000734389878));
#5483=CARTESIAN_POINT('Ctrl Pts',(-2.50833540608863,-3.92701200772741,8.49503220571149));
#5484=CARTESIAN_POINT('Ctrl Pts',(-2.53611163932958,-4.09022946612346,8.46075604204258));
#5485=CARTESIAN_POINT('Ctrl Pts',(-2.56375292175454,-4.26392921664454,8.24115042367512));
#5486=CARTESIAN_POINT('Ctrl Pts',(-2.56809581331857,-4.29286936145561,8.11309832044849));
#5487=CARTESIAN_POINT('Ctrl Pts',(-2.56812331454828,-4.29303839969503,8.05));
#5488=CARTESIAN_POINT('Ctrl Pts',(-2.48709330574969,-3.8101006402056,8.5));
#5489=CARTESIAN_POINT('Ctrl Pts',(-2.48659624685366,-3.81265142373174,8.4999232746675));
#5490=CARTESIAN_POINT('Ctrl Pts',(-2.48607328899777,-3.8154317256181,8.50007343898797));
#5491=CARTESIAN_POINT('Ctrl Pts',(-2.46451895858012,-3.92666947390495,8.49503220570501));
#5492=CARTESIAN_POINT('Ctrl Pts',(-2.42882770743996,-4.08835410818742,8.46075604204293));
#5493=CARTESIAN_POINT('Ctrl Pts',(-2.3880691632138,-4.25933335664716,8.24115042367394));
#5494=CARTESIAN_POINT('Ctrl Pts',(-2.3813742314639,-4.2877947030936,8.11309832044848));
#5495=CARTESIAN_POINT('Ctrl Pts',(-2.38135570983428,-4.28797772041038,8.05));
#5496=CARTESIAN_POINT('Ctrl Pts',(-2.48709330574969,-3.8101006402056,8.5));
#5497=CARTESIAN_POINT('Ctrl Pts',(-2.48561030780724,-3.81271700523722,8.5));
#5498=CARTESIAN_POINT('Ctrl Pts',(-2.48412220423372,-3.81533613902747,8.49996761332069));
#5499=CARTESIAN_POINT('Ctrl Pts',(-2.41951979679988,-3.92912572641872,8.49750103559074));
#5500=CARTESIAN_POINT('Ctrl Pts',(-2.32866217466748,-4.07729757913198,8.41974272249802));
#5501=CARTESIAN_POINT('Ctrl Pts',(-2.26181276047656,-4.17976490510443,8.20388278987944));
#5502=CARTESIAN_POINT('Ctrl Pts',(-2.2520331661375,-4.19464101983512,8.1010796222483));
#5503=CARTESIAN_POINT('Ctrl Pts',(-2.2520331661375,-4.19464101983512,8.05));
#5504=CARTESIAN_POINT('',(-2.70231051605497,-4.20684179341447,8.05));
#5505=CARTESIAN_POINT('Origin',(-2.48612567477057,-3.87029444994132,8.05));
#5506=CARTESIAN_POINT('Ctrl Pts',(-2.48709330574969,-3.8101006402056,8.5));
#5507=CARTESIAN_POINT('Ctrl Pts',(-2.48854852272115,-3.81273255819199,8.5));
#5508=CARTESIAN_POINT('Ctrl Pts',(-2.49000555456852,-3.81536931040617,8.49996761332044));
#5509=CARTESIAN_POINT('Ctrl Pts',(-2.55329942392552,-3.92989279681927,8.49750103559727));
#5510=CARTESIAN_POINT('Ctrl Pts',(-2.63620370209555,-4.0828910327886,8.41974272249764));
#5511=CARTESIAN_POINT('Ctrl Pts',(-2.69392345946733,-4.19108902423744,8.20388278988064));
#5512=CARTESIAN_POINT('Ctrl Pts',(-2.70231051605497,-4.20684179341447,8.1010796222483));
#5513=CARTESIAN_POINT('Ctrl Pts',(-2.70231051605497,-4.20684179341447,8.05));
#5514=CARTESIAN_POINT('Origin',(-2.48612567477057,-3.87029444994132,0.));
#5515=CARTESIAN_POINT('',(-2.70231051605497,-4.20684179341447,0.));
#5516=CARTESIAN_POINT('',(-2.2520331661375,-4.19464101983512,0.));
#5517=CARTESIAN_POINT('Origin',(0.,0.,0.4));
#5518=CARTESIAN_POINT('Origin',(0.,0.,0.4));
#5519=CARTESIAN_POINT('Ctrl Pts',(0.750281708935176,-4.48771404584086,8.5));
#5520=CARTESIAN_POINT('Ctrl Pts',(0.747875006457259,-4.48951520796247,8.5));
#5521=CARTESIAN_POINT('Ctrl Pts',(0.745462520541406,-4.49131685875351,8.49996764232191));
#5522=CARTESIAN_POINT('Ctrl Pts',(0.640648204435496,-4.56964568750844,8.49750223101086));
#5523=CARTESIAN_POINT('Ctrl Pts',(0.497992622724104,-4.66894172854221,8.41974502815524));
#5524=CARTESIAN_POINT('Ctrl Pts',(0.395658756121588,-4.73599878959556,8.20388382200377));
#5525=CARTESIAN_POINT('Ctrl Pts',(0.380733810933079,-4.745704208216,8.10107997564501));
#5526=CARTESIAN_POINT('Ctrl Pts',(0.380733810933079,-4.745704208216,8.05));
#5527=CARTESIAN_POINT('Ctrl Pts',(0.750281708935176,-4.48771404584086,8.5));
#5528=CARTESIAN_POINT('Ctrl Pts',(0.748804068852386,-4.48985037408857,8.49992329274156));
#5529=CARTESIAN_POINT('Ctrl Pts',(0.74721068375989,-4.49218651783408,8.5000734306623));
#5530=CARTESIAN_POINT('Ctrl Pts',(0.682854178756973,-4.5854420461455,8.49503289564304));
#5531=CARTESIAN_POINT('Ctrl Pts',(0.585315597314024,-4.71924065999284,8.46075800770021));
#5532=CARTESIAN_POINT('Ctrl Pts',(0.479405991155497,-4.85952276589881,8.24115169005979));
#5533=CARTESIAN_POINT('Ctrl Pts',(0.461858364180168,-4.88291036160604,8.11309875460015));
#5534=CARTESIAN_POINT('Ctrl Pts',(0.461768006347135,-4.88307057657477,8.05));
#5535=CARTESIAN_POINT('Ctrl Pts',(0.750281708935176,-4.48771404584086,8.5));
#5536=CARTESIAN_POINT('Ctrl Pts',(0.749687431060769,-4.49024559677425,8.49992329274174));
#5537=CARTESIAN_POINT('Ctrl Pts',(0.749019614461084,-4.49298758068895,8.50007343066213));
#5538=CARTESIAN_POINT('Ctrl Pts',(0.722854133933112,-4.60332789333443,8.49503289564956));
#5539=CARTESIAN_POINT('Ctrl Pts',(0.682840394207048,-4.76398408697989,8.46075800769987));
#5540=CARTESIAN_POINT('Ctrl Pts',(0.638498928253023,-4.93419052562014,8.24115169006098));
#5541=CARTESIAN_POINT('Ctrl Pts',(0.630870728011049,-4.96244352190093,8.11309875460016));
#5542=CARTESIAN_POINT('Ctrl Pts',(0.630828132619999,-4.96260938691306,8.05));
#5543=CARTESIAN_POINT('Ctrl Pts',(0.750281708935176,-4.48771404584086,8.5));
#5544=CARTESIAN_POINT('Ctrl Pts',(0.750559115818638,-4.490707279389,8.5));
#5545=CARTESIAN_POINT('Ctrl Pts',(0.750836246577629,-4.49370566582279,8.49996764232166));
#5546=CARTESIAN_POINT('Ctrl Pts',(0.762887485019146,-4.62399923663077,8.49750223101744));
#5547=CARTESIAN_POINT('Ctrl Pts',(0.777472819753062,-4.79740385120618,8.41974502815487));
#5548=CARTESIAN_POINT('Ctrl Pts',(0.7869548552513,-4.9196697151354,8.20388382200497));
#5549=CARTESIAN_POINT('Ctrl Pts',(0.788320264437306,-4.93746404145666,8.10107997564501));
#5550=CARTESIAN_POINT('Ctrl Pts',(0.788320264437306,-4.93746404145666,8.05));
#5551=CARTESIAN_POINT('',(0.380733810933079,-4.745704208216,8.05));
#5552=CARTESIAN_POINT('',(0.788320264437306,-4.93746404145666,8.05));
#5553=CARTESIAN_POINT('Origin',(0.725254643282321,-4.54246691814012,8.05));
#5554=CARTESIAN_POINT('Ctrl Pts',(0.788320264437306,-4.93746404145666,8.05));
#5555=CARTESIAN_POINT('Ctrl Pts',(0.788320264437306,-4.93746404145666,8.10107997564501));
#5556=CARTESIAN_POINT('Ctrl Pts',(0.7869548552513,-4.9196697151354,8.20388382200497));
#5557=CARTESIAN_POINT('Ctrl Pts',(0.777472819753062,-4.79740385120618,8.41974502815487));
#5558=CARTESIAN_POINT('Ctrl Pts',(0.762887485019146,-4.62399923663077,8.49750223101744));
#5559=CARTESIAN_POINT('Ctrl Pts',(0.750836246577629,-4.49370566582279,8.49996764232166));
#5560=CARTESIAN_POINT('Ctrl Pts',(0.750559115818638,-4.490707279389,8.5));
#5561=CARTESIAN_POINT('Ctrl Pts',(0.750281708935176,-4.48771404584086,8.5));
#5562=CARTESIAN_POINT('Ctrl Pts',(0.750281708935176,-4.48771404584086,8.5));
#5563=CARTESIAN_POINT('Ctrl Pts',(0.747875006457259,-4.48951520796247,8.5));
#5564=CARTESIAN_POINT('Ctrl Pts',(0.745462520541406,-4.49131685875351,8.49996764232191));
#5565=CARTESIAN_POINT('Ctrl Pts',(0.640648204435496,-4.56964568750844,8.49750223101086));
#5566=CARTESIAN_POINT('Ctrl Pts',(0.497992622724104,-4.66894172854221,8.41974502815524));
#5567=CARTESIAN_POINT('Ctrl Pts',(0.395658756121588,-4.73599878959556,8.20388382200377));
#5568=CARTESIAN_POINT('Ctrl Pts',(0.380733810933079,-4.745704208216,8.10107997564501));
#5569=CARTESIAN_POINT('Ctrl Pts',(0.380733810933079,-4.745704208216,8.05));
#5570=CARTESIAN_POINT('Origin',(0.72525464328232,-4.54246691814012,0.));
#5571=CARTESIAN_POINT('',(0.380733810933079,-4.745704208216,0.));
#5572=CARTESIAN_POINT('',(0.788320264437305,-4.93746404145666,0.));
#5573=CARTESIAN_POINT('Ctrl Pts',(-2.64272867423891,-3.70384734490441,8.5));
#5574=CARTESIAN_POINT('Ctrl Pts',(-2.64570361687283,-3.70341925916695,8.5));
#5575=CARTESIAN_POINT('Ctrl Pts',(-2.6486787506291,-3.70298899403836,8.49997165779297));
#5576=CARTESIAN_POINT('Ctrl Pts',(-2.73618025759523,-3.69029566446684,8.49812302544901));
#5577=CARTESIAN_POINT('Ctrl Pts',(-2.86207629842305,-3.66950173552855,8.4579905875124));
#5578=CARTESIAN_POINT('Ctrl Pts',(-3.03126921636161,-3.6370174995976,8.30223893758438));
#5579=CARTESIAN_POINT('Ctrl Pts',(-3.08646583919068,-3.62496831574783,8.15216019725417));
#5580=CARTESIAN_POINT('Ctrl Pts',(-3.08646583919068,-3.62496831574783,8.05));
#5581=CARTESIAN_POINT('Ctrl Pts',(-2.64272867423891,-3.70384734490441,8.5));
#5582=CARTESIAN_POINT('Ctrl Pts',(-2.64534298996115,-3.70433152213109,8.50000552386986));
#5583=CARTESIAN_POINT('Ctrl Pts',(-2.64798849845122,-3.70481818542795,8.49997801938524));
#5584=CARTESIAN_POINT('Ctrl Pts',(-2.7247385274958,-3.71898004230333,8.49870191854873));
#5585=CARTESIAN_POINT('Ctrl Pts',(-2.83809330295567,-3.73818315079815,8.47455472790799));
#5586=CARTESIAN_POINT('Ctrl Pts',(-3.03281402111578,-3.76647409891842,8.34996200664598));
#5587=CARTESIAN_POINT('Ctrl Pts',(-3.12669538149625,-3.77966179077401,8.18062685469431));
#5588=CARTESIAN_POINT('Ctrl Pts',(-3.12629723819706,-3.77940121261788,8.05));
#5589=CARTESIAN_POINT('Ctrl Pts',(-2.64272867423891,-3.70384734490441,8.5));
#5590=CARTESIAN_POINT('Ctrl Pts',(-2.64499353332628,-3.70524089940127,8.50000552387004));
#5591=CARTESIAN_POINT('Ctrl Pts',(-2.64728220146794,-3.70665226338495,8.49997801938506));
#5592=CARTESIAN_POINT('Ctrl Pts',(-2.71381194454121,-3.74750016740483,8.49870191855326));
#5593=CARTESIAN_POINT('Ctrl Pts',(-2.81221846635138,-3.80693128123428,8.47455472790885));
#5594=CARTESIAN_POINT('Ctrl Pts',(-2.98127196765505,-3.90785575138033,8.34996200664707));
#5595=CARTESIAN_POINT('Ctrl Pts',(-3.06343110605362,-3.95524321209345,8.18062685469431));
#5596=CARTESIAN_POINT('Ctrl Pts',(-3.06299444394385,-3.95518660702015,8.05));
#5597=CARTESIAN_POINT('Ctrl Pts',(-2.64272867423891,-3.70384734490441,8.5));
#5598=CARTESIAN_POINT('Ctrl Pts',(-2.64464872779224,-3.70615968901216,8.5));
#5599=CARTESIAN_POINT('Ctrl Pts',(-2.64656957173181,-3.7084721538323,8.49997165779271));
#5600=CARTESIAN_POINT('Ctrl Pts',(-2.70307526352842,-3.77648286297734,8.49812302545357));
#5601=CARTESIAN_POINT('Ctrl Pts',(-2.78515898406796,-3.874302579895,8.45799058751325));
#5602=CARTESIAN_POINT('Ctrl Pts',(-2.89691904978904,-4.00582305288202,8.30223893758547));
#5603=CARTESIAN_POINT('Ctrl Pts',(-2.93384935903419,-4.04876869412105,8.15216019725417));
#5604=CARTESIAN_POINT('Ctrl Pts',(-2.93384935903419,-4.04876869412105,8.05));
#5605=CARTESIAN_POINT('',(-2.93384935903419,-4.04876869412105,8.05));
#5606=CARTESIAN_POINT('Origin',(-2.69914141031146,-3.72486719859136,8.05));
#5607=CARTESIAN_POINT('Ctrl Pts',(-2.93384935903419,-4.04876869412105,8.05));
#5608=CARTESIAN_POINT('Ctrl Pts',(-2.93384935903419,-4.04876869412105,8.15216019725417));
#5609=CARTESIAN_POINT('Ctrl Pts',(-2.89691904978904,-4.00582305288202,8.30223893758547));
#5610=CARTESIAN_POINT('Ctrl Pts',(-2.78515898406796,-3.874302579895,8.45799058751325));
#5611=CARTESIAN_POINT('Ctrl Pts',(-2.70307526352842,-3.77648286297734,8.49812302545357));
#5612=CARTESIAN_POINT('Ctrl Pts',(-2.64656957173181,-3.7084721538323,8.49997165779271));
#5613=CARTESIAN_POINT('Ctrl Pts',(-2.64464872779224,-3.70615968901216,8.5));
#5614=CARTESIAN_POINT('Ctrl Pts',(-2.64272867423891,-3.70384734490441,8.5));
#5615=CARTESIAN_POINT('Origin',(-2.69914141031146,-3.72486719859136,0.));
#5616=CARTESIAN_POINT('',(-3.08646583919068,-3.62496831574783,0.));
#5617=CARTESIAN_POINT('',(-2.93384935903419,-4.04876869412105,0.));
#5618=CARTESIAN_POINT('Origin',(1.86718233613019,-4.63827878890903,0.4));
#5619=CARTESIAN_POINT('Origin',(1.86718233613019,-4.63827878890903,0.4));
#5620=CARTESIAN_POINT('Ctrl Pts',(0.935465289687101,-4.45279740071235,8.5));
#5621=CARTESIAN_POINT('Ctrl Pts',(0.936297315585392,-4.45568744943612,8.5));
#5622=CARTESIAN_POINT('Ctrl Pts',(0.937131476531031,-4.45858220005418,8.49996761306782));
#5623=CARTESIAN_POINT('Ctrl Pts',(0.973355089317041,-4.58431838392072,8.49750105301222));
#5624=CARTESIAN_POINT('Ctrl Pts',(1.02291740915964,-4.75112708202743,8.41974279424789));
#5625=CARTESIAN_POINT('Ctrl Pts',(1.05860981403505,-4.86844902670428,8.20388281387718));
#5626=CARTESIAN_POINT('Ctrl Pts',(1.06381800278731,-4.88551852488,8.1010796222483));
#5627=CARTESIAN_POINT('Ctrl Pts',(1.06381800278731,-4.88551852488,8.05));
#5628=CARTESIAN_POINT('Ctrl Pts',(0.935465289687101,-4.45279740071235,8.5));
#5629=CARTESIAN_POINT('Ctrl Pts',(0.936941327491305,-4.45493970894336,8.49992327466768));
#5630=CARTESIAN_POINT('Ctrl Pts',(0.93856252265037,-4.45725126252559,8.50007343873518));
#5631=CARTESIAN_POINT('Ctrl Pts',(1.00311274611967,-4.55048727830111,8.49503222312644));
#5632=CARTESIAN_POINT('Ctrl Pts',(1.09888286256333,-4.68554108106892,8.46075611379282));
#5633=CARTESIAN_POINT('Ctrl Pts',(1.20216046185234,-4.82791171019744,8.24115044767166));
#5634=CARTESIAN_POINT('Ctrl Pts',(1.21955312862751,-4.85144654998522,8.11309832044848));
#5635=CARTESIAN_POINT('Ctrl Pts',(1.21965320909077,-4.85158552532438,8.05));
#5636=CARTESIAN_POINT('Ctrl Pts',(0.935465289687101,-4.45279740071235,8.5));
#5637=CARTESIAN_POINT('Ctrl Pts',(0.937620425979306,-4.45424962373425,8.4999232746675));
#5638=CARTESIAN_POINT('Ctrl Pts',(0.93995616849245,-4.45584582912909,8.50007343873535));
#5639=CARTESIAN_POINT('Ctrl Pts',(1.03385372879833,-4.51926247101975,8.49503222311995));
#5640=CARTESIAN_POINT('Ctrl Pts',(1.17341867102728,-4.60835456636497,8.46075611379317));
#5641=CARTESIAN_POINT('Ctrl Pts',(1.32313907200124,-4.70043592921953,8.24115044767047));
#5642=CARTESIAN_POINT('Ctrl Pts',(1.34799818433404,-4.71582734429389,8.11309832044848));
#5643=CARTESIAN_POINT('Ctrl Pts',(1.34814069278819,-4.71594366165932,8.05));
#5644=CARTESIAN_POINT('Ctrl Pts',(0.935465289687101,-4.45279740071235,8.5));
#5645=CARTESIAN_POINT('Ctrl Pts',(0.938363969455097,-4.45359883971729,8.5));
#5646=CARTESIAN_POINT('Ctrl Pts',(0.94126821753845,-4.45439862636041,8.49996761306807));
#5647=CARTESIAN_POINT('Ctrl Pts',(1.06741005892906,-4.48918040916401,8.49750105300568));
#5648=CARTESIAN_POINT('Ctrl Pts',(1.23642899659604,-4.52970928893481,8.41974279424826));
#5649=CARTESIAN_POINT('Ctrl Pts',(1.35615381715815,-4.5548960916654,8.20388281387598));
#5650=CARTESIAN_POINT('Ctrl Pts',(1.37358801748249,-4.55850004112046,8.1010796222483));
#5651=CARTESIAN_POINT('Ctrl Pts',(1.37358801748249,-4.55850004112046,8.05));
#5652=CARTESIAN_POINT('',(1.06381800278731,-4.88551852488,8.05));
#5653=CARTESIAN_POINT('',(1.37358801748249,-4.55850004112046,8.05));
#5654=CARTESIAN_POINT('Origin',(0.978712562564329,-4.4946770428896,8.05));
#5655=CARTESIAN_POINT('Ctrl Pts',(1.37358801748249,-4.55850004112046,8.05));
#5656=CARTESIAN_POINT('Ctrl Pts',(1.37358801748249,-4.55850004112046,8.1010796222483));
#5657=CARTESIAN_POINT('Ctrl Pts',(1.35615381715815,-4.5548960916654,8.20388281387598));
#5658=CARTESIAN_POINT('Ctrl Pts',(1.23642899659604,-4.52970928893481,8.41974279424826));
#5659=CARTESIAN_POINT('Ctrl Pts',(1.06741005892906,-4.48918040916401,8.49750105300568));
#5660=CARTESIAN_POINT('Ctrl Pts',(0.94126821753845,-4.45439862636041,8.49996761306807));
#5661=CARTESIAN_POINT('Ctrl Pts',(0.938363969455097,-4.45359883971729,8.5));
#5662=CARTESIAN_POINT('Ctrl Pts',(0.935465289687101,-4.45279740071235,8.5));
#5663=CARTESIAN_POINT('Ctrl Pts',(0.935465289687101,-4.45279740071235,8.5));
#5664=CARTESIAN_POINT('Ctrl Pts',(0.936297315585392,-4.45568744943612,8.5));
#5665=CARTESIAN_POINT('Ctrl Pts',(0.937131476531031,-4.45858220005418,8.49996761306782));
#5666=CARTESIAN_POINT('Ctrl Pts',(0.973355089317041,-4.58431838392072,8.49750105301222));
#5667=CARTESIAN_POINT('Ctrl Pts',(1.02291740915964,-4.75112708202743,8.41974279424789));
#5668=CARTESIAN_POINT('Ctrl Pts',(1.05860981403505,-4.86844902670428,8.20388281387718));
#5669=CARTESIAN_POINT('Ctrl Pts',(1.06381800278731,-4.88551852488,8.1010796222483));
#5670=CARTESIAN_POINT('Ctrl Pts',(1.06381800278731,-4.88551852488,8.05));
#5671=CARTESIAN_POINT('Origin',(0.978712562564329,-4.4946770428896,0.));
#5672=CARTESIAN_POINT('',(1.06381800278731,-4.88551852488,0.));
#5673=CARTESIAN_POINT('',(1.37358801748249,-4.55850004112046,0.));
#5674=CARTESIAN_POINT('Ctrl Pts',(-3.75582483028024,-2.56832237934619,8.5));
#5675=CARTESIAN_POINT('Ctrl Pts',(-3.75817645798767,-2.57019707821466,8.5));
#5676=CARTESIAN_POINT('Ctrl Pts',(-3.7605282221585,-2.57207256553228,8.49997162165837));
#5677=CARTESIAN_POINT('Ctrl Pts',(-3.82965329376836,-2.62721105044282,8.49812188446752));
#5678=CARTESIAN_POINT('Ctrl Pts',(-3.92908963199088,-2.70732626056501,8.45798866759122));
#5679=CARTESIAN_POINT('Ctrl Pts',(-4.06281174681627,-2.81643947752331,8.30223675629781));
#5680=CARTESIAN_POINT('Ctrl Pts',(-4.10648452659137,-2.85250501013857,8.1521592444966));
#5681=CARTESIAN_POINT('Ctrl Pts',(-4.10648452659137,-2.85250501013857,8.05));
#5682=CARTESIAN_POINT('Ctrl Pts',(-3.75582483028024,-2.56832237934619,8.5));
#5683=CARTESIAN_POINT('Ctrl Pts',(-3.7572641712642,-2.57056036508033,8.50000552218396));
#5684=CARTESIAN_POINT('Ctrl Pts',(-3.75872179558849,-2.57282181528767,8.49997799865338));
#5685=CARTESIAN_POINT('Ctrl Pts',(-3.8008891719764,-2.63852428035416,8.49870117080113));
#5686=CARTESIAN_POINT('Ctrl Pts',(-3.86227077089209,-2.73572491546079,8.47455344210302));
#5687=CARTESIAN_POINT('Ctrl Pts',(-3.96654655447062,-2.90273050092124,8.34995978647708));
#5688=CARTESIAN_POINT('Ctrl Pts',(-4.01556244440805,-2.98392656638101,8.18062554908245));
#5689=CARTESIAN_POINT('Ctrl Pts',(-4.01549711052226,-2.98349107848001,8.05));
#5690=CARTESIAN_POINT('Ctrl Pts',(-3.75582483028024,-2.56832237934619,8.5));
#5691=CARTESIAN_POINT('Ctrl Pts',(-3.75636138636438,-2.57092811922356,8.50000552218379));
#5692=CARTESIAN_POINT('Ctrl Pts',(-3.7569010579283,-2.57356501016571,8.49997799865356));
#5693=CARTESIAN_POINT('Ctrl Pts',(-3.77259109627106,-2.65001820557231,8.49870117079662));
#5694=CARTESIAN_POINT('Ctrl Pts',(-3.79405125505821,-2.76296637422412,8.47455344210216));
#5695=CARTESIAN_POINT('Ctrl Pts',(-3.82622037742329,-2.95708271452575,8.34995978647601));
#5696=CARTESIAN_POINT('Ctrl Pts',(-3.84127786042314,-3.05068058030258,8.18062554908245));
#5697=CARTESIAN_POINT('Ctrl Pts',(-3.84100938878744,-3.05028766229398,8.05));
#5698=CARTESIAN_POINT('Ctrl Pts',(-3.75582483028024,-2.56832237934619,8.5));
#5699=CARTESIAN_POINT('Ctrl Pts',(-3.75545594425246,-2.5713071024448,8.5));
#5700=CARTESIAN_POINT('Ctrl Pts',(-3.75508488047011,-2.57429206006791,8.49997162165863));
#5701=CARTESIAN_POINT('Ctrl Pts',(-3.7441392731921,-2.66203033996683,8.49812188446298));
#5702=CARTESIAN_POINT('Ctrl Pts',(-3.72586087314941,-2.78831453720202,8.45798866759037));
#5703=CARTESIAN_POINT('Ctrl Pts',(-3.69675825140267,-2.95811989380404,8.30223675629673));
#5704=CARTESIAN_POINT('Ctrl Pts',(-3.68581270260879,-3.01354465504567,8.1521592444966));
#5705=CARTESIAN_POINT('Ctrl Pts',(-3.68581270260879,-3.01354465504567,8.05));
#5706=CARTESIAN_POINT('',(-4.10648452659137,-2.85250501013857,8.05));
#5707=CARTESIAN_POINT('Origin',(-3.77796576446406,-2.62430460932748,8.05));
#5708=CARTESIAN_POINT('Ctrl Pts',(-3.75582483028024,-2.56832237934619,8.5));
#5709=CARTESIAN_POINT('Ctrl Pts',(-3.75817645798767,-2.57019707821466,8.5));
#5710=CARTESIAN_POINT('Ctrl Pts',(-3.7605282221585,-2.57207256553228,8.49997162165837));
#5711=CARTESIAN_POINT('Ctrl Pts',(-3.82965329376836,-2.62721105044282,8.49812188446752));
#5712=CARTESIAN_POINT('Ctrl Pts',(-3.92908963199088,-2.70732626056501,8.45798866759122));
#5713=CARTESIAN_POINT('Ctrl Pts',(-4.06281174681627,-2.81643947752331,8.30223675629781));
#5714=CARTESIAN_POINT('Ctrl Pts',(-4.10648452659137,-2.85250501013857,8.1521592444966));
#5715=CARTESIAN_POINT('Ctrl Pts',(-4.10648452659137,-2.85250501013857,8.05));
#5716=CARTESIAN_POINT('Origin',(-3.77796576446406,-2.62430460932748,0.));
#5717=CARTESIAN_POINT('',(-4.10648452659137,-2.85250501013857,0.));
#5718=CARTESIAN_POINT('',(-3.68581270260879,-3.01354465504567,0.));
#5719=CARTESIAN_POINT('Origin',(0.,0.,0.4));
#5720=CARTESIAN_POINT('Origin',(0.,0.,0.4));
#5721=CARTESIAN_POINT('Ctrl Pts',(2.4105254566582,-3.85899818901264,8.5));
#5722=CARTESIAN_POINT('Ctrl Pts',(2.40899142899686,-3.86158288512244,8.5));
#5723=CARTESIAN_POINT('Ctrl Pts',(2.40745531458439,-3.86416692380724,8.49997165689036));
#5724=CARTESIAN_POINT('Ctrl Pts',(2.36224173499865,-3.94014962883595,8.49812297743318));
#5725=CARTESIAN_POINT('Ctrl Pts',(2.29485081134437,-4.04850390290955,8.45799048617786));
#5726=CARTESIAN_POINT('Ctrl Pts',(2.20008995470194,-4.19238519817401,8.30223881565172));
#5727=CARTESIAN_POINT('Ctrl Pts',(2.16783448004444,-4.23876872851034,8.15216016683671));
#5728=CARTESIAN_POINT('Ctrl Pts',(2.16783448004444,-4.23876872851034,8.05));
#5729=CARTESIAN_POINT('Ctrl Pts',(2.4105254566582,-3.85899818901264,8.5));
#5730=CARTESIAN_POINT('Ctrl Pts',(2.40997227491767,-3.8615988314864,8.50000552381531));
#5731=CARTESIAN_POINT('Ctrl Pts',(2.40940945263222,-3.86422924415459,8.49997801897438));
#5732=CARTESIAN_POINT('Ctrl Pts',(2.39312124605808,-3.94055632597924,8.49870188302508));
#5733=CARTESIAN_POINT('Ctrl Pts',(2.36748203070562,-4.05263079009792,8.47455464673726));
#5734=CARTESIAN_POINT('Ctrl Pts',(2.31910036810764,-4.24335502111234,8.34996188348326));
#5735=CARTESIAN_POINT('Ctrl Pts',(2.29535606667175,-4.33513642229443,8.18062681303022));
#5736=CARTESIAN_POINT('Ctrl Pts',(2.29526769386909,-4.33466886405143,8.05));
#5737=CARTESIAN_POINT('Ctrl Pts',(2.4105254566582,-3.85899818901264,8.5));
#5738=CARTESIAN_POINT('Ctrl Pts',(2.4109461801069,-3.86162399360156,8.50000552381549));
#5739=CARTESIAN_POINT('Ctrl Pts',(2.41137424554164,-3.86427861095911,8.49997801897421));
#5740=CARTESIAN_POINT('Ctrl Pts',(2.4236518666122,-3.94137609427152,8.49870188302958));
#5741=CARTESIAN_POINT('Ctrl Pts',(2.44089888486121,-4.05503537251594,8.47455464673811));
#5742=CARTESIAN_POINT('Ctrl Pts',(2.46944418804309,-4.24984292424783,8.34996188348433));
#5743=CARTESIAN_POINT('Ctrl Pts',(2.48178221482385,-4.34388260228125,8.18062681303022));
#5744=CARTESIAN_POINT('Ctrl Pts',(2.48189702763056,-4.34345751725754,8.05));
#5745=CARTESIAN_POINT('Ctrl Pts',(2.4105254566582,-3.85899818901264,8.5));
#5746=CARTESIAN_POINT('Ctrl Pts',(2.41192700104185,-3.86165705494249,8.5));
#5747=CARTESIAN_POINT('Ctrl Pts',(2.41332835450266,-3.86431669739232,8.49997165689011));
#5748=CARTESIAN_POINT('Ctrl Pts',(2.45453716585015,-3.94254833134569,8.49812297743772));
#5749=CARTESIAN_POINT('Ctrl Pts',(2.51349708321084,-4.05581857043008,8.4579904861787));
#5750=CARTESIAN_POINT('Ctrl Pts',(2.59223521979162,-4.20940317545133,8.30223881565281));
#5751=CARTESIAN_POINT('Ctrl Pts',(2.61777847301721,-4.25995726107759,8.15216016683671));
#5752=CARTESIAN_POINT('Ctrl Pts',(2.61777847301721,-4.25995726107759,8.05));
#5753=CARTESIAN_POINT('',(2.16783448004444,-4.23876872851034,8.05));
#5754=CARTESIAN_POINT('',(2.61777847301721,-4.25995726107759,8.05));
#5755=CARTESIAN_POINT('Origin',(2.40835619517583,-3.91916068019138,8.05));
#5756=CARTESIAN_POINT('Ctrl Pts',(2.61777847301721,-4.25995726107759,8.05));
#5757=CARTESIAN_POINT('Ctrl Pts',(2.61777847301721,-4.25995726107759,8.15216016683671));
#5758=CARTESIAN_POINT('Ctrl Pts',(2.59223521979162,-4.20940317545133,8.30223881565281));
#5759=CARTESIAN_POINT('Ctrl Pts',(2.51349708321084,-4.05581857043008,8.4579904861787));
#5760=CARTESIAN_POINT('Ctrl Pts',(2.45453716585015,-3.94254833134569,8.49812297743772));
#5761=CARTESIAN_POINT('Ctrl Pts',(2.41332835450266,-3.86431669739232,8.49997165689011));
#5762=CARTESIAN_POINT('Ctrl Pts',(2.41192700104185,-3.86165705494249,8.5));
#5763=CARTESIAN_POINT('Ctrl Pts',(2.4105254566582,-3.85899818901264,8.5));
#5764=CARTESIAN_POINT('Ctrl Pts',(2.4105254566582,-3.85899818901264,8.5));
#5765=CARTESIAN_POINT('Ctrl Pts',(2.40899142899686,-3.86158288512244,8.5));
#5766=CARTESIAN_POINT('Ctrl Pts',(2.40745531458439,-3.86416692380724,8.49997165689036));
#5767=CARTESIAN_POINT('Ctrl Pts',(2.36224173499865,-3.94014962883595,8.49812297743318));
#5768=CARTESIAN_POINT('Ctrl Pts',(2.29485081134437,-4.04850390290955,8.45799048617786));
#5769=CARTESIAN_POINT('Ctrl Pts',(2.20008995470194,-4.19238519817401,8.30223881565172));
#5770=CARTESIAN_POINT('Ctrl Pts',(2.16783448004444,-4.23876872851034,8.15216016683671));
#5771=CARTESIAN_POINT('Ctrl Pts',(2.16783448004444,-4.23876872851034,8.05));
#5772=CARTESIAN_POINT('Origin',(2.40835619517583,-3.91916068019138,0.));
#5773=CARTESIAN_POINT('',(2.16783448004443,-4.23876872851034,0.));
#5774=CARTESIAN_POINT('',(2.61777847301721,-4.25995726107759,0.));
#5775=CARTESIAN_POINT('Ctrl Pts',(-3.8589525328419,-2.41059854585393,8.5));
#5776=CARTESIAN_POINT('Ctrl Pts',(-3.86153725800159,-2.40906456714962,8.5));
#5777=CARTESIAN_POINT('Ctrl Pts',(-3.86412464712055,-2.4075254336576,8.49996765146243));
#5778=CARTESIAN_POINT('Ctrl Pts',(-3.97660263617007,-2.34066643412907,8.49750257219324));
#5779=CARTESIAN_POINT('Ctrl Pts',(-4.12293375065074,-2.24687073070872,8.41974564208764));
#5780=CARTESIAN_POINT('Ctrl Pts',(-4.22404930339563,-2.17798933618252,8.20388410452621));
#5781=CARTESIAN_POINT('Ctrl Pts',(-4.23872766885131,-2.16791476215764,8.10108008341971));
#5782=CARTESIAN_POINT('Ctrl Pts',(-4.23872766885131,-2.16791476215764,8.05));
#5783=CARTESIAN_POINT('Ctrl Pts',(-3.8589525328419,-2.41059854585393,8.5));
#5784=CARTESIAN_POINT('Ctrl Pts',(-3.86149136161748,-2.41005103469237,8.49992329824395));
#5785=CARTESIAN_POINT('Ctrl Pts',(-3.8642590724984,-2.4094730607394,8.50007342844328));
#5786=CARTESIAN_POINT('Ctrl Pts',(-3.97504438115888,-2.3857043545338,8.49503308361386));
#5787=CARTESIAN_POINT('Ctrl Pts',(-4.13598523230178,-2.34679527188493,8.46075851836663));
#5788=CARTESIAN_POINT('Ctrl Pts',(-4.30612005739933,-2.30263342783462,8.24115204376596));
#5789=CARTESIAN_POINT('Ctrl Pts',(-4.33444279672551,-2.2953719568224,8.11309888700742));
#5790=CARTESIAN_POINT('Ctrl Pts',(-4.33462539078345,-2.29534979231304,8.05));
#5791=CARTESIAN_POINT('Ctrl Pts',(-3.8589525328419,-2.41059854585393,8.5));
#5792=CARTESIAN_POINT('Ctrl Pts',(-3.86151843432281,-2.41101826506032,8.49992329824413));
#5793=CARTESIAN_POINT('Ctrl Pts',(-3.8643068752925,-2.41145057523329,8.50007342844312));
#5794=CARTESIAN_POINT('Ctrl Pts',(-3.97626079794314,-2.42950381213979,8.49503308362038));
#5795=CARTESIAN_POINT('Ctrl Pts',(-4.14000010970324,-2.45401871567582,8.46075851836628));
#5796=CARTESIAN_POINT('Ctrl Pts',(-4.31421934739344,-2.47819032895718,8.24115204376715));
#5797=CARTESIAN_POINT('Ctrl Pts',(-4.34324097385643,-2.48195516965609,8.11309888700742));
#5798=CARTESIAN_POINT('Ctrl Pts',(-4.34341050921861,-2.48197929249859,8.05));
#5799=CARTESIAN_POINT('Ctrl Pts',(-3.8589525328419,-2.41059854585393,8.5));
#5800=CARTESIAN_POINT('Ctrl Pts',(-3.86161137222178,-2.41200014059397,8.5));
#5801=CARTESIAN_POINT('Ctrl Pts',(-3.86427507653144,-2.41340345171612,8.49996765146218));
#5802=CARTESIAN_POINT('Ctrl Pts',(-3.98003788560835,-2.47440014331459,8.49750257219982));
#5803=CARTESIAN_POINT('Ctrl Pts',(-4.1346604400906,-2.55423665344143,8.41974564208727));
#5804=CARTESIAN_POINT('Ctrl Pts',(-4.24399044198294,-2.60978783265259,8.20388410452741));
#5805=CARTESIAN_POINT('Ctrl Pts',(-4.25990767945193,-2.61785915636163,8.10108008341971));
#5806=CARTESIAN_POINT('Ctrl Pts',(-4.25990767945193,-2.61785915636163,8.05));
#5807=CARTESIAN_POINT('',(-4.25990767945193,-2.61785915636163,8.05));
#5808=CARTESIAN_POINT('Origin',(-3.91911506509578,-2.4084304238527,8.05));
#5809=CARTESIAN_POINT('Ctrl Pts',(-4.25990767945193,-2.61785915636163,8.05));
#5810=CARTESIAN_POINT('Ctrl Pts',(-4.25990767945193,-2.61785915636163,8.10108008341971));
#5811=CARTESIAN_POINT('Ctrl Pts',(-4.24399044198294,-2.60978783265259,8.20388410452741));
#5812=CARTESIAN_POINT('Ctrl Pts',(-4.1346604400906,-2.55423665344143,8.41974564208727));
#5813=CARTESIAN_POINT('Ctrl Pts',(-3.98003788560835,-2.47440014331459,8.49750257219982));
#5814=CARTESIAN_POINT('Ctrl Pts',(-3.86427507653144,-2.41340345171612,8.49996765146218));
#5815=CARTESIAN_POINT('Ctrl Pts',(-3.86161137222178,-2.41200014059397,8.5));
#5816=CARTESIAN_POINT('Ctrl Pts',(-3.8589525328419,-2.41059854585393,8.5));
#5817=CARTESIAN_POINT('Origin',(-3.91911506509578,-2.4084304238527,0.));
#5818=CARTESIAN_POINT('',(-4.23872766885131,-2.16791476215764,0.));
#5819=CARTESIAN_POINT('',(-4.25990767945193,-2.61785915636163,0.));
#5820=CARTESIAN_POINT('Origin',(3.5000270838095,-3.57068766662669,0.4));
#5821=CARTESIAN_POINT('Origin',(3.5000270838095,-3.57068766662669,0.4));
#5822=CARTESIAN_POINT('Ctrl Pts',(2.56825124336625,-3.75587347376715,8.5));
#5823=CARTESIAN_POINT('Ctrl Pts',(2.57012589769437,-3.75822513698096,8.5));
#5824=CARTESIAN_POINT('Ctrl Pts',(2.57200134046915,-3.76057693667323,8.49997162165835));
#5825=CARTESIAN_POINT('Ctrl Pts',(2.62713851613761,-3.82970305259695,8.4981218844684));
#5826=CARTESIAN_POINT('Ctrl Pts',(2.70725184291641,-3.92914090818837,8.45798866759441));
#5827=CARTESIAN_POINT('Ctrl Pts',(2.81636252715151,-4.06286508960011,8.30223675630201));
#5828=CARTESIAN_POINT('Ctrl Pts',(2.85242723259462,-4.10653855244932,8.15215924449661));
#5829=CARTESIAN_POINT('Ctrl Pts',(2.85242723259462,-4.10653855244932,8.05));
#5830=CARTESIAN_POINT('Ctrl Pts',(2.56825124336625,-3.75587347376715,8.5));
#5831=CARTESIAN_POINT('Ctrl Pts',(2.5704892018387,-3.75731285713833,8.50000552218396));
#5832=CARTESIAN_POINT('Ctrl Pts',(2.57275062443823,-3.75877052429439,8.49997799865337));
#5833=CARTESIAN_POINT('Ctrl Pts',(2.63845229084088,-3.80093914508331,8.49870117080201));
#5834=CARTESIAN_POINT('Ctrl Pts',(2.73565176335982,-3.8623225849736,8.4745534421062));
#5835=CARTESIAN_POINT('Ctrl Pts',(2.90265537380174,-3.96660153162822,8.34995978648128));
#5836=CARTESIAN_POINT('Ctrl Pts',(2.98385051088251,-4.01561895941348,8.18062554908246));
#5837=CARTESIAN_POINT('Ctrl Pts',(2.98341502421901,-4.01555361727954,8.05));
#5838=CARTESIAN_POINT('Ctrl Pts',(2.56825124336625,-3.75587347376715,8.5));
#5839=CARTESIAN_POINT('Ctrl Pts',(2.57085697308062,-3.75641007920394,8.50000552218379));
#5840=CARTESIAN_POINT('Ctrl Pts',(2.57349385380102,-3.75694980071071,8.49997799865354));
#5841=CARTESIAN_POINT('Ctrl Pts',(2.64994675202359,-3.77264128707812,8.49870117079747));
#5842=CARTESIAN_POINT('Ctrl Pts',(2.76289451419976,-3.79410358510552,8.47455344210535));
#5843=CARTESIAN_POINT('Ctrl Pts',(2.957010245182,-3.82627638403838,8.3499597864802));
#5844=CARTESIAN_POINT('Ctrl Pts',(3.05060782575126,-3.84133563978435,8.18062554908246));
#5845=CARTESIAN_POINT('Ctrl Pts',(3.05021491282759,-3.84106716070681,8.05));
#5846=CARTESIAN_POINT('Ctrl Pts',(2.56825124336625,-3.75587347376715,8.5));
#5847=CARTESIAN_POINT('Ctrl Pts',(2.57123597345088,-3.75550464427015,8.5));
#5848=CARTESIAN_POINT('Ctrl Pts',(2.5742209381016,-3.75513363702321,8.49997162165861));
#5849=CARTESIAN_POINT('Ctrl Pts',(2.66195942529496,-3.74418969151472,8.49812188446384));
#5850=CARTESIAN_POINT('Ctrl Pts',(2.78824396870252,-3.7259136833045,8.45798866759356));
#5851=CARTESIAN_POINT('Ctrl Pts',(2.95804987647956,-3.69681427768521,8.30223675630092));
#5852=CARTESIAN_POINT('Ctrl Pts',(3.01347484501925,-3.68586977864151,8.15215924449661));
#5853=CARTESIAN_POINT('Ctrl Pts',(3.01347484501925,-3.68586977864151,8.05));
#5854=CARTESIAN_POINT('',(2.85242723259462,-4.10653855244932,8.05));
#5855=CARTESIAN_POINT('',(3.01347484501925,-3.68586977864151,8.05));
#5856=CARTESIAN_POINT('Origin',(2.62423305398705,-3.77801546825338,8.05));
#5857=CARTESIAN_POINT('Ctrl Pts',(3.01347484501925,-3.68586977864151,8.05));
#5858=CARTESIAN_POINT('Ctrl Pts',(3.01347484501925,-3.68586977864151,8.15215924449661));
#5859=CARTESIAN_POINT('Ctrl Pts',(2.95804987647956,-3.69681427768521,8.30223675630092));
#5860=CARTESIAN_POINT('Ctrl Pts',(2.78824396870252,-3.7259136833045,8.45798866759356));
#5861=CARTESIAN_POINT('Ctrl Pts',(2.66195942529496,-3.74418969151472,8.49812188446384));
#5862=CARTESIAN_POINT('Ctrl Pts',(2.5742209381016,-3.75513363702321,8.49997162165861));
#5863=CARTESIAN_POINT('Ctrl Pts',(2.57123597345088,-3.75550464427015,8.5));
#5864=CARTESIAN_POINT('Ctrl Pts',(2.56825124336625,-3.75587347376715,8.5));
#5865=CARTESIAN_POINT('Ctrl Pts',(2.56825124336625,-3.75587347376715,8.5));
#5866=CARTESIAN_POINT('Ctrl Pts',(2.57012589769437,-3.75822513698096,8.5));
#5867=CARTESIAN_POINT('Ctrl Pts',(2.57200134046915,-3.76057693667323,8.49997162165835));
#5868=CARTESIAN_POINT('Ctrl Pts',(2.62713851613761,-3.82970305259695,8.4981218844684));
#5869=CARTESIAN_POINT('Ctrl Pts',(2.70725184291641,-3.92914090818837,8.45798866759441));
#5870=CARTESIAN_POINT('Ctrl Pts',(2.81636252715151,-4.06286508960011,8.30223675630201));
#5871=CARTESIAN_POINT('Ctrl Pts',(2.85242723259462,-4.10653855244932,8.15215924449661));
#5872=CARTESIAN_POINT('Ctrl Pts',(2.85242723259462,-4.10653855244932,8.05));
#5873=CARTESIAN_POINT('Origin',(2.62423305398706,-3.77801546825338,0.));
#5874=CARTESIAN_POINT('',(2.85242723259463,-4.10653855244932,0.));
#5875=CARTESIAN_POINT('',(3.01347484501925,-3.68586977864151,0.));
#5876=CARTESIAN_POINT('Ctrl Pts',(-4.45277968215203,-0.935549625735623,
8.5));
#5877=CARTESIAN_POINT('Ctrl Pts',(-4.45566971511683,-0.936381706371461,
8.5));
#5878=CARTESIAN_POINT('Ctrl Pts',(-4.45856017569336,-0.937214463161849,
8.49997162110034));
#5879=CARTESIAN_POINT('Ctrl Pts',(-4.54352389221807,-0.961703166206133,
8.49812191066706));
#5880=CARTESIAN_POINT('Ctrl Pts',(-4.6660497043581,-0.997667916501567,8.45798875758115));
#5881=CARTESIAN_POINT('Ctrl Pts',(-4.83134842306062,-1.04730293221225,8.30223687408564));
#5882=CARTESIAN_POINT('Ctrl Pts',(-4.88549837523495,-1.0639105345736,8.1521592444966));
#5883=CARTESIAN_POINT('Ctrl Pts',(-4.88549837523495,-1.0639105345736,8.05));
#5884=CARTESIAN_POINT('Ctrl Pts',(-4.45277968215203,-0.935549625735623,
8.5));
#5885=CARTESIAN_POINT('Ctrl Pts',(-4.45496589270761,-0.93706645335311,8.50000552218396));
#5886=CARTESIAN_POINT('Ctrl Pts',(-4.45717797407554,-0.938597962651014,
8.49997799809536));
#5887=CARTESIAN_POINT('Ctrl Pts',(-4.5212785928661,-0.98316267529259,8.49870119700067));
#5888=CARTESIAN_POINT('Ctrl Pts',(-4.61518457562511,-1.04947508277617,8.47455353209295));
#5889=CARTESIAN_POINT('Ctrl Pts',(-4.77543257525532,-1.1638642720322,8.34995990426492));
#5890=CARTESIAN_POINT('Ctrl Pts',(-4.85178943701631,-1.22012243539396,8.18062554908246));
#5891=CARTESIAN_POINT('Ctrl Pts',(-4.85156242415844,-1.21974509815632,8.05));
#5892=CARTESIAN_POINT('Ctrl Pts',(-4.45277968215203,-0.935549625735623,
8.5));
#5893=CARTESIAN_POINT('Ctrl Pts',(-4.45427255838964,-0.937751691420323,
8.50000552218379));
#5894=CARTESIAN_POINT('Ctrl Pts',(-4.45578023378162,-0.939981344572336,
8.49997799809554));
#5895=CARTESIAN_POINT('Ctrl Pts',(-4.49953300616354,-1.00461078561787,8.49870119699614));
#5896=CARTESIAN_POINT('Ctrl Pts',(-4.56258254970884,-1.1007491598247,8.47455353209209));
#5897=CARTESIAN_POINT('Ctrl Pts',(-4.66658725991359,-1.26777918493689,8.34995990426383));
#5898=CARTESIAN_POINT('Ctrl Pts',(-4.71631652438709,-1.34849028391216,8.18062554908245));
#5899=CARTESIAN_POINT('Ctrl Pts',(-4.71591812695802,-1.34823001276668,8.05));
#5900=CARTESIAN_POINT('Ctrl Pts',(-4.45277968215203,-0.935549625735623,
8.5));
#5901=CARTESIAN_POINT('Ctrl Pts',(-4.4535810662559,-0.938448320682565,8.5));
#5902=CARTESIAN_POINT('Ctrl Pts',(-4.45438052808121,-0.941348065491993,
8.49997162110061));
#5903=CARTESIAN_POINT('Ctrl Pts',(-4.47784368987554,-1.02659648934069,8.4981219106625));
#5904=CARTESIAN_POINT('Ctrl Pts',(-4.50928293911296,-1.15026288581609,8.4579887575803));
#5905=CARTESIAN_POINT('Ctrl Pts',(-4.54737652365124,-1.31827985992667,8.30223687408456));
#5906=CARTESIAN_POINT('Ctrl Pts',(-4.55847402447374,-1.37367435546598,8.1521592444966));
#5907=CARTESIAN_POINT('Ctrl Pts',(-4.55847402447374,-1.37367435546598,8.05));
#5908=CARTESIAN_POINT('',(-4.88549837523495,-1.0639105345736,8.05));
#5909=CARTESIAN_POINT('Origin',(-4.49465850521615,-0.978797691807714,8.05));
#5910=CARTESIAN_POINT('Ctrl Pts',(-4.45277968215203,-0.935549625735623,
8.5));
#5911=CARTESIAN_POINT('Ctrl Pts',(-4.45566971511683,-0.936381706371461,
8.5));
#5912=CARTESIAN_POINT('Ctrl Pts',(-4.45856017569336,-0.937214463161849,
8.49997162110034));
#5913=CARTESIAN_POINT('Ctrl Pts',(-4.54352389221807,-0.961703166206133,
8.49812191066706));
#5914=CARTESIAN_POINT('Ctrl Pts',(-4.6660497043581,-0.997667916501567,8.45798875758115));
#5915=CARTESIAN_POINT('Ctrl Pts',(-4.83134842306062,-1.04730293221225,8.30223687408564));
#5916=CARTESIAN_POINT('Ctrl Pts',(-4.88549837523495,-1.0639105345736,8.1521592444966));
#5917=CARTESIAN_POINT('Ctrl Pts',(-4.88549837523495,-1.0639105345736,8.05));
#5918=CARTESIAN_POINT('Origin',(-4.49465850521615,-0.978797691807714,0.));
#5919=CARTESIAN_POINT('',(-4.88549837523495,-1.0639105345736,0.));
#5920=CARTESIAN_POINT('',(-4.55847402447374,-1.37367435546598,0.));
#5921=CARTESIAN_POINT('Origin',(0.,0.,0.4));
#5922=CARTESIAN_POINT('Origin',(0.,0.,0.4));
#5923=CARTESIAN_POINT('Ctrl Pts',(3.70379729082039,-2.64279882482786,8.5));
#5924=CARTESIAN_POINT('Ctrl Pts',(3.70336914873752,-2.64577375935258,8.5));
#5925=CARTESIAN_POINT('Ctrl Pts',(3.70293882725987,-2.64874888495871,8.499971657793));
#5926=CARTESIAN_POINT('Ctrl Pts',(3.6902438404078,-2.73625015149581,8.49812302544847));
#5927=CARTESIAN_POINT('Ctrl Pts',(3.66944752699561,-2.86214579846293,8.45799058750981));
#5928=CARTESIAN_POINT('Ctrl Pts',(3.6369600865478,-3.03133810111824,8.30223893758095));
#5929=CARTESIAN_POINT('Ctrl Pts',(3.62490985727277,-3.0865344957271,8.15216019725446));
#5930=CARTESIAN_POINT('Ctrl Pts',(3.62490985727277,-3.0865344957271,8.05));
#5931=CARTESIAN_POINT('Ctrl Pts',(3.70379729082039,-2.64279882482786,8.5));
#5932=CARTESIAN_POINT('Ctrl Pts',(3.70428141853156,-2.64541314971941,8.50000552386986));
#5933=CARTESIAN_POINT('Ctrl Pts',(3.70476803172219,-2.64805866742605,8.49997801938526));
#5934=CARTESIAN_POINT('Ctrl Pts',(3.71892843494568,-2.7248089646822,8.49870191854808));
#5935=CARTESIAN_POINT('Ctrl Pts',(3.73812939649178,-2.83816410382945,8.4745547279052));
#5936=CARTESIAN_POINT('Ctrl Pts',(3.76641665658657,-3.03288535778673,8.34996200664257));
#5937=CARTESIAN_POINT('Ctrl Pts',(3.77960257032157,-3.12676696792798,8.18062685469471));
#5938=CARTESIAN_POINT('Ctrl Pts',(3.77934199970634,-3.12636881969351,8.05));
#5939=CARTESIAN_POINT('Ctrl Pts',(3.70379729082039,-2.64279882482786,8.5));
#5940=CARTESIAN_POINT('Ctrl Pts',(3.70519080242008,-2.64506371030838,8.50000552387004));
#5941=CARTESIAN_POINT('Ctrl Pts',(3.70660212305582,-2.64735240518053,8.49997801938508));
#5942=CARTESIAN_POINT('Ctrl Pts',(3.74744876699154,-2.71388292190307,8.49870191855262));
#5943=CARTESIAN_POINT('Ctrl Pts',(3.80687801698492,-2.81229056932358,8.47455472790608));
#5944=CARTESIAN_POINT('Ctrl Pts',(3.90779928523067,-2.98134598211182,8.34996200664365));
#5945=CARTESIAN_POINT('Ctrl Pts',(3.9551851898382,-3.06350601801803,8.18062685469471));
#5946=CARTESIAN_POINT('Ctrl Pts',(3.95512859303532,-3.06306935483624,8.05));
#5947=CARTESIAN_POINT('Ctrl Pts',(3.70379729082039,-2.64279882482786,8.5));
#5948=CARTESIAN_POINT('Ctrl Pts',(3.70610959856122,-2.64471892217644,8.5));
#5949=CARTESIAN_POINT('Ctrl Pts',(3.70842202699973,-2.64663980991346,8.49997165779274));
#5950=CARTESIAN_POINT('Ctrl Pts',(3.77643166591173,-2.70314678982615,8.49812302545305));
#5951=CARTESIAN_POINT('Ctrl Pts',(3.87424982814135,-2.78523236306115,8.45799058751067));
#5952=CARTESIAN_POINT('Ctrl Pts',(4.00576818436348,-2.896994919767,8.30223893758204));
#5953=CARTESIAN_POINT('Ctrl Pts',(4.04871312613412,-2.93392604239939,8.15216019725446));
#5954=CARTESIAN_POINT('Ctrl Pts',(4.04871312613412,-2.93392604239939,8.05));
#5955=CARTESIAN_POINT('',(3.62490985727277,-3.0865344957271,8.05));
#5956=CARTESIAN_POINT('',(4.04871312613411,-2.93392604239938,8.05));
#5957=CARTESIAN_POINT('Origin',(3.72481607604339,-2.69921195900743,8.05));
#5958=CARTESIAN_POINT('Ctrl Pts',(4.04871312613412,-2.93392604239939,8.05));
#5959=CARTESIAN_POINT('Ctrl Pts',(4.04871312613412,-2.93392604239939,8.15216019725446));
#5960=CARTESIAN_POINT('Ctrl Pts',(4.00576818436348,-2.896994919767,8.30223893758204));
#5961=CARTESIAN_POINT('Ctrl Pts',(3.87424982814135,-2.78523236306115,8.45799058751067));
#5962=CARTESIAN_POINT('Ctrl Pts',(3.77643166591173,-2.70314678982615,8.49812302545305));
#5963=CARTESIAN_POINT('Ctrl Pts',(3.70842202699973,-2.64663980991346,8.49997165779274));
#5964=CARTESIAN_POINT('Ctrl Pts',(3.70610959856122,-2.64471892217644,8.5));
#5965=CARTESIAN_POINT('Ctrl Pts',(3.70379729082039,-2.64279882482786,8.5));
#5966=CARTESIAN_POINT('Ctrl Pts',(3.70379729082039,-2.64279882482786,8.5));
#5967=CARTESIAN_POINT('Ctrl Pts',(3.70336914873752,-2.64577375935258,8.5));
#5968=CARTESIAN_POINT('Ctrl Pts',(3.70293882725987,-2.64874888495871,8.499971657793));
#5969=CARTESIAN_POINT('Ctrl Pts',(3.6902438404078,-2.73625015149581,8.49812302544847));
#5970=CARTESIAN_POINT('Ctrl Pts',(3.66944752699561,-2.86214579846293,8.45799058750981));
#5971=CARTESIAN_POINT('Ctrl Pts',(3.6369600865478,-3.03133810111824,8.30223893758095));
#5972=CARTESIAN_POINT('Ctrl Pts',(3.62490985727277,-3.0865344957271,8.15216019725446));
#5973=CARTESIAN_POINT('Ctrl Pts',(3.62490985727277,-3.0865344957271,8.05));
#5974=CARTESIAN_POINT('Origin',(3.72481607604338,-2.69921195900744,0.));
#5975=CARTESIAN_POINT('',(3.62490985727277,-3.0865344957271,0.));
#5976=CARTESIAN_POINT('',(4.04871312613411,-2.93392604239939,0.));
#5977=CARTESIAN_POINT('Ctrl Pts',(-4.48769983466101,-0.75036670634,8.5));
#5978=CARTESIAN_POINT('Ctrl Pts',(-4.4895010422673,-0.747960038107986,8.5));
#5979=CARTESIAN_POINT('Ctrl Pts',(-4.49130084343731,-0.745551693334305,
8.49997164790077));
#5980=CARTESIAN_POINT('Ctrl Pts',(-4.54419902934803,-0.674703520410007,
8.4981227592698));
#5981=CARTESIAN_POINT('Ctrl Pts',(-4.61851818853316,-0.570979049379727,
8.45799018727472));
#5982=CARTESIAN_POINT('Ctrl Pts',(-4.71518689612685,-0.428373065847338,
8.30223850018754));
#5983=CARTESIAN_POINT('Ctrl Pts',(-4.74569699624645,-0.380823694751397,
8.15215995137406));
#5984=CARTESIAN_POINT('Ctrl Pts',(-4.74569699624645,-0.380823694751397,
8.05));
#5985=CARTESIAN_POINT('Ctrl Pts',(-4.48769983466101,-0.75036670634,8.5));
#5986=CARTESIAN_POINT('Ctrl Pts',(-4.48989116095747,-0.748860252638969,
8.5000055234287));
#5987=CARTESIAN_POINT('Ctrl Pts',(-4.49210630593118,-0.747333499423388,
8.49997801346842));
#5988=CARTESIAN_POINT('Ctrl Pts',(-4.5563913175606,-0.70307741961784,8.49870175333686));
#5989=CARTESIAN_POINT('Ctrl Pts',(-4.65012432110561,-0.636503154929562,
8.47455449064726));
#5990=CARTESIAN_POINT('Ctrl Pts',(-4.80781821243152,-0.518821214791408,
8.34996155931104));
#5991=CARTESIAN_POINT('Ctrl Pts',(-4.88352762740515,-0.461763214086584,
8.18062651790099));
#5992=CARTESIAN_POINT('Ctrl Pts',(-4.88306182978867,-0.46186049187714,8.05));
#5993=CARTESIAN_POINT('Ctrl Pts',(-4.48769983466101,-0.75036670634,8.5));
#5994=CARTESIAN_POINT('Ctrl Pts',(-4.4902871394239,-0.74975052848028,8.50000552342887));
#5995=CARTESIAN_POINT('Ctrl Pts',(-4.49290387603677,-0.749130106023014,
8.49997801346824));
#5996=CARTESIAN_POINT('Ctrl Pts',(-4.56883175259494,-0.730970980370855,
8.49870175334132));
#5997=CARTESIAN_POINT('Ctrl Pts',(-4.68043983935729,-0.703412311179528,
8.4745544906481));
#5998=CARTESIAN_POINT('Ctrl Pts',(-4.87134322285504,-0.655239705267683,
8.34996155931211));
#5999=CARTESIAN_POINT('Ctrl Pts',(-4.96294624649259,-0.630653384269597,
8.180626517901));
#6000=CARTESIAN_POINT('Ctrl Pts',(-4.96259743810504,-0.63092212458892,8.05));
#6001=CARTESIAN_POINT('Ctrl Pts',(-4.48769983466101,-0.75036670634,8.5));
#6002=CARTESIAN_POINT('Ctrl Pts',(-4.49069306279064,-0.750644169901624,
8.5));
#6003=CARTESIAN_POINT('Ctrl Pts',(-4.49368693515039,-0.750921159778855,
8.49997164790051));
#6004=CARTESIAN_POINT('Ctrl Pts',(-4.58173351739522,-0.759057289504198,
8.49812275927429));
#6005=CARTESIAN_POINT('Ctrl Pts',(-4.70894397400497,-0.770185485690914,
8.45799018727555));
#6006=CARTESIAN_POINT('Ctrl Pts',(-4.88096868738637,-0.784159790692829,
8.30223850018861));
#6007=CARTESIAN_POINT('Ctrl Pts',(-4.9374491097439,-0.788413780123816,8.15215995137406));
#6008=CARTESIAN_POINT('Ctrl Pts',(-4.9374491097439,-0.788413780123816,8.05));
#6009=CARTESIAN_POINT('',(-4.9374491097439,-0.788413780123816,8.05));
#6010=CARTESIAN_POINT('Origin',(-4.54245318096439,-0.725340677713911,8.05));
#6011=CARTESIAN_POINT('Ctrl Pts',(-4.9374491097439,-0.788413780123816,8.05));
#6012=CARTESIAN_POINT('Ctrl Pts',(-4.9374491097439,-0.788413780123816,8.15215995137406));
#6013=CARTESIAN_POINT('Ctrl Pts',(-4.88096868738637,-0.784159790692829,
8.30223850018861));
#6014=CARTESIAN_POINT('Ctrl Pts',(-4.70894397400497,-0.770185485690914,
8.45799018727555));
#6015=CARTESIAN_POINT('Ctrl Pts',(-4.58173351739522,-0.759057289504198,
8.49812275927429));
#6016=CARTESIAN_POINT('Ctrl Pts',(-4.49368693515039,-0.750921159778855,
8.49997164790051));
#6017=CARTESIAN_POINT('Ctrl Pts',(-4.49069306279064,-0.750644169901624,
8.5));
#6018=CARTESIAN_POINT('Ctrl Pts',(-4.48769983466101,-0.75036670634,8.5));
#6019=CARTESIAN_POINT('Origin',(-4.54245318096439,-0.725340677713911,0.));
#6020=CARTESIAN_POINT('',(-4.74569699624645,-0.380823694751397,0.));
#6021=CARTESIAN_POINT('',(-4.9374491097439,-0.788413780123817,0.));
#6022=CARTESIAN_POINT('Origin',(4.60003711990649,-1.95950465564193,0.4));
#6023=CARTESIAN_POINT('Origin',(4.60003711990649,-1.95950465564193,0.4));
#6024=CARTESIAN_POINT('Ctrl Pts',(3.81005353384455,-2.48716546880955,8.5));
#6025=CARTESIAN_POINT('Ctrl Pts',(3.81268542426863,-2.48862073562945,8.5));
#6026=CARTESIAN_POINT('Ctrl Pts',(3.81532214888605,-2.49007781741678,8.49996761332045));
#6027=CARTESIAN_POINT('Ctrl Pts',(3.92984443648964,-2.55337385584315,8.49750103559657));
#6028=CARTESIAN_POINT('Ctrl Pts',(4.08284110222215,-2.63628103179411,8.41974272249464));
#6029=CARTESIAN_POINT('Ctrl Pts',(4.1910380004346,-2.69400283843027,8.20388278987964));
#6030=CARTESIAN_POINT('Ctrl Pts',(4.20679061075702,-2.70239019337449,8.1010796222483));
#6031=CARTESIAN_POINT('Ctrl Pts',(4.20679061075702,-2.70239019337449,8.05));
#6032=CARTESIAN_POINT('Ctrl Pts',(3.81005353384455,-2.48716546880955,8.5));
#6033=CARTESIAN_POINT('Ctrl Pts',(3.8126120864011,-2.48763661737605,8.49992327466768));
#6034=CARTESIAN_POINT('Ctrl Pts',(3.81539295484454,-2.48812480072024,8.50007343898781));
#6035=CARTESIAN_POINT('Ctrl Pts',(3.92696449901916,-2.50840978345202,8.49503220571079));
#6036=CARTESIAN_POINT('Ctrl Pts',(4.09018143130461,-2.53618910803641,8.46075604203959));
#6037=CARTESIAN_POINT('Ctrl Pts',(4.26388065826545,-2.56383368033789,8.24115042367412));
#6038=CARTESIAN_POINT('Ctrl Pts',(4.29282072081623,-2.56817712002881,8.11309832044849));
#6039=CARTESIAN_POINT('Ctrl Pts',(4.29298975853474,-2.56820462446011,8.05));
#6040=CARTESIAN_POINT('Ctrl Pts',(3.81005353384455,-2.48716546880955,8.5));
#6041=CARTESIAN_POINT('Ctrl Pts',(3.81260432678462,-2.48666845822561,8.4999232746675));
#6042=CARTESIAN_POINT('Ctrl Pts',(3.81538463857528,-2.48614555302888,8.50007343898798));
#6043=CARTESIAN_POINT('Ctrl Pts',(3.92662279508335,-2.46459332946285,8.49503220570429));
#6044=CARTESIAN_POINT('Ctrl Pts',(4.08830810533177,-2.42890514064388,8.46075604203993));
#6045=CARTESIAN_POINT('Ctrl Pts',(4.25928812572855,-2.38814983478211,8.24115042367293));
#6046=CARTESIAN_POINT('Ctrl Pts',(4.28774959897169,-2.38145544209334,8.11309832044848));
#6047=CARTESIAN_POINT('Ctrl Pts',(4.28793261663923,-2.38143692393008,8.05));
#6048=CARTESIAN_POINT('Ctrl Pts',(3.81005353384455,-2.48716546880955,8.5));
#6049=CARTESIAN_POINT('Ctrl Pts',(3.81266992696385,-2.48568252042148,8.5));
#6050=CARTESIAN_POINT('Ctrl Pts',(3.81528908893829,-2.48419446645477,8.4999676133207));
#6051=CARTESIAN_POINT('Ctrl Pts',(3.92907989988316,-2.41959421421224,8.49750103559002));
#6052=CARTESIAN_POINT('Ctrl Pts',(4.07725347341875,-2.32873939847813,8.41974272249502));
#6053=CARTESIAN_POINT('Ctrl Pts',(4.17972206550298,-2.26189192503686,8.20388278987845));
#6054=CARTESIAN_POINT('Ctrl Pts',(4.19459836545647,-2.25211261245448,8.1010796222483));
#6055=CARTESIAN_POINT('Ctrl Pts',(4.19459836545647,-2.25211261245448,8.05));
#6056=CARTESIAN_POINT('',(4.20679061075702,-2.70239019337449,8.05));
#6057=CARTESIAN_POINT('',(4.19459836545647,-2.25211261245448,8.05));
#6058=CARTESIAN_POINT('Origin',(3.87024736189646,-2.48619897790453,8.05));
#6059=CARTESIAN_POINT('Ctrl Pts',(4.19459836545647,-2.25211261245448,8.05));
#6060=CARTESIAN_POINT('Ctrl Pts',(4.19459836545647,-2.25211261245448,8.1010796222483));
#6061=CARTESIAN_POINT('Ctrl Pts',(4.17972206550298,-2.26189192503686,8.20388278987845));
#6062=CARTESIAN_POINT('Ctrl Pts',(4.07725347341875,-2.32873939847813,8.41974272249502));
#6063=CARTESIAN_POINT('Ctrl Pts',(3.92907989988316,-2.41959421421224,8.49750103559002));
#6064=CARTESIAN_POINT('Ctrl Pts',(3.81528908893829,-2.48419446645477,8.4999676133207));
#6065=CARTESIAN_POINT('Ctrl Pts',(3.81266992696385,-2.48568252042148,8.5));
#6066=CARTESIAN_POINT('Ctrl Pts',(3.81005353384455,-2.48716546880955,8.5));
#6067=CARTESIAN_POINT('Ctrl Pts',(3.81005353384455,-2.48716546880955,8.5));
#6068=CARTESIAN_POINT('Ctrl Pts',(3.81268542426863,-2.48862073562945,8.5));
#6069=CARTESIAN_POINT('Ctrl Pts',(3.81532214888605,-2.49007781741678,8.49996761332045));
#6070=CARTESIAN_POINT('Ctrl Pts',(3.92984443648964,-2.55337385584315,8.49750103559657));
#6071=CARTESIAN_POINT('Ctrl Pts',(4.08284110222215,-2.63628103179411,8.41974272249464));
#6072=CARTESIAN_POINT('Ctrl Pts',(4.1910380004346,-2.69400283843027,8.20388278987964));
#6073=CARTESIAN_POINT('Ctrl Pts',(4.20679061075702,-2.70239019337449,8.1010796222483));
#6074=CARTESIAN_POINT('Ctrl Pts',(4.20679061075702,-2.70239019337449,8.05));
#6075=CARTESIAN_POINT('Origin',(3.87024736189646,-2.48619897790453,0.));
#6076=CARTESIAN_POINT('',(4.20679061075702,-2.70239019337449,0.));
#6077=CARTESIAN_POINT('',(4.19459836545647,-2.25211261245448,0.));
#6078=CARTESIAN_POINT('Ctrl Pts',(-4.47185532884444,0.839648687181533,8.5));
#6079=CARTESIAN_POINT('Ctrl Pts',(-4.47484379615065,0.839985898489057,8.5));
#6080=CARTESIAN_POINT('Ctrl Pts',(-4.47783291728327,0.840322648749499,8.49997162113978));
#6081=CARTESIAN_POINT('Ctrl Pts',(-4.56570062307391,0.850211827775868,8.49812190892147));
#6082=CARTESIAN_POINT('Ctrl Pts',(-4.69266289044147,0.863872728123384,8.45798875151133));
#6083=CARTESIAN_POINT('Ctrl Pts',(-4.86437357342759,0.88127222097774,8.30223686612792));
#6084=CARTESIAN_POINT('Ctrl Pts',(-4.92075708845514,0.88665081989389,8.15215924453239));
#6085=CARTESIAN_POINT('Ctrl Pts',(-4.92075708845514,0.88665081989389,8.05));
#6086=CARTESIAN_POINT('Ctrl Pts',(-4.47185532884444,0.839648687181532,8.5));
#6087=CARTESIAN_POINT('Ctrl Pts',(-4.47445558609543,0.839083935451203,8.50000552218403));
#6088=CARTESIAN_POINT('Ctrl Pts',(-4.47708536329239,0.838515519810021,8.49997799813422));
#6089=CARTESIAN_POINT('Ctrl Pts',(-4.55336071073775,0.821872977522562,8.49870119524059));
#6090=CARTESIAN_POINT('Ctrl Pts',(-4.66549506449546,0.796544034190246,8.47455352599967));
#6091=CARTESIAN_POINT('Ctrl Pts',(-4.85731954845332,0.752185549692112,8.3499598963086));
#6092=CARTESIAN_POINT('Ctrl Pts',(-4.94939305230942,0.729429854219424,8.18062554913143));
#6093=CARTESIAN_POINT('Ctrl Pts',(-4.94903892030853,0.729691595986857,8.05));
#6094=CARTESIAN_POINT('Ctrl Pts',(-4.47185532884444,0.839648687181531,8.5));
#6095=CARTESIAN_POINT('Ctrl Pts',(-4.47407725372001,0.838185532281689,8.50000552218385));
#6096=CARTESIAN_POINT('Ctrl Pts',(-4.47632340841221,0.836702553150785,8.49997799813439));
#6097=CARTESIAN_POINT('Ctrl Pts',(-4.54147811180705,0.793735888524987,8.49870119523605));
#6098=CARTESIAN_POINT('Ctrl Pts',(-4.63651855051339,0.729043179248312,8.47455352599881));
#6099=CARTESIAN_POINT('Ctrl Pts',(-4.79652545445029,0.614527680125376,8.34995989630751));
#6100=CARTESIAN_POINT('Ctrl Pts',(-4.87335584296502,0.558990547179585,8.18062554913143));
#6101=CARTESIAN_POINT('Ctrl Pts',(-4.87288817069755,0.559078548481363,8.05));
#6102=CARTESIAN_POINT('Ctrl Pts',(-4.47185532884444,0.83964868718153,8.5));
#6103=CARTESIAN_POINT('Ctrl Pts',(-4.4737049824759,0.837277309964794,8.5));
#6104=CARTESIAN_POINT('Ctrl Pts',(-4.47555326191929,0.834904227172649,8.49997162114004));
#6105=CARTESIAN_POINT('Ctrl Pts',(-4.52985322552108,0.765123659937886,8.4981219089169));
#6106=CARTESIAN_POINT('Ctrl Pts',(-4.60622390065158,0.662901726770258,8.45798875151048));
#6107=CARTESIAN_POINT('Ctrl Pts',(-4.70571442990189,0.522251596383897,8.30223686612683));
#6108=CARTESIAN_POINT('Ctrl Pts',(-4.73716551869886,0.475320434146542,8.15215924453239));
#6109=CARTESIAN_POINT('Ctrl Pts',(-4.73716551869886,0.475320434146542,8.05));
#6110=CARTESIAN_POINT('',(-4.92075708845514,0.88665081989389,8.05));
#6111=CARTESIAN_POINT('Origin',(-4.52709652137873,0.815718754302379,8.05));
#6112=CARTESIAN_POINT('Ctrl Pts',(-4.47185532884444,0.839648687181533,8.5));
#6113=CARTESIAN_POINT('Ctrl Pts',(-4.47484379615065,0.839985898489057,8.5));
#6114=CARTESIAN_POINT('Ctrl Pts',(-4.47783291728327,0.840322648749499,8.49997162113978));
#6115=CARTESIAN_POINT('Ctrl Pts',(-4.56570062307391,0.850211827775868,8.49812190892147));
#6116=CARTESIAN_POINT('Ctrl Pts',(-4.69266289044147,0.863872728123384,8.45798875151133));
#6117=CARTESIAN_POINT('Ctrl Pts',(-4.86437357342759,0.88127222097774,8.30223686612792));
#6118=CARTESIAN_POINT('Ctrl Pts',(-4.92075708845514,0.88665081989389,8.15215924453239));
#6119=CARTESIAN_POINT('Ctrl Pts',(-4.92075708845514,0.88665081989389,8.05));
#6120=CARTESIAN_POINT('Origin',(-4.52709652137873,0.815718754302379,0.));
#6121=CARTESIAN_POINT('',(-4.92075708845514,0.88665081989389,0.));
#6122=CARTESIAN_POINT('',(-4.73716551869886,0.475320434146542,0.));
#6123=CARTESIAN_POINT('Origin',(0.,0.,0.4));
#6124=CARTESIAN_POINT('Origin',(0.,0.,0.4));
#6125=CARTESIAN_POINT('Ctrl Pts',(4.43321298502788,-1.02426687410079,8.5));
#6126=CARTESIAN_POINT('Ctrl Pts',(4.43395585716178,-1.02717912115948,8.5));
#6127=CARTESIAN_POINT('Ctrl Pts',(4.43469678898257,-1.03009237852292,8.49997165886665));
#6128=CARTESIAN_POINT('Ctrl Pts',(4.45645302328955,-1.11579123660257,8.49812310258071));
#6129=CARTESIAN_POINT('Ctrl Pts',(4.48541734822643,-1.24006227920288,8.45799076272462));
#6130=CARTESIAN_POINT('Ctrl Pts',(4.52014917812239,-1.40880824558698,8.30223915181787));
#6131=CARTESIAN_POINT('Ctrl Pts',(4.53013870529951,-1.46441455107971,8.15216024016957));
#6132=CARTESIAN_POINT('Ctrl Pts',(4.53013870529951,-1.46441455107971,8.05));
#6133=CARTESIAN_POINT('Ctrl Pts',(4.43321298502788,-1.02426687410079,8.5));
#6134=CARTESIAN_POINT('Ctrl Pts',(4.43466066904268,-1.02649687284805,8.50000552394681));
#6135=CARTESIAN_POINT('Ctrl Pts',(4.43612258557425,-1.02875473825837,8.49997801976513));
#6136=CARTESIAN_POINT('Ctrl Pts',(4.47857583329245,-1.09424398794495,8.49870197805467));
#6137=CARTESIAN_POINT('Ctrl Pts',(4.53969391046923,-1.1916229405375,8.47455487467045));
#6138=CARTESIAN_POINT('Ctrl Pts',(4.64034376163136,-1.36069739197697,8.34996222261525));
#6139=CARTESIAN_POINT('Ctrl Pts',(4.688452540511,-1.44238691778439,8.18062691347733));
#6140=CARTESIAN_POINT('Ctrl Pts',(4.68805944224963,-1.44211879310624,8.05));
#6141=CARTESIAN_POINT('Ctrl Pts',(4.43321298502788,-1.02426687410079,8.5));
#6142=CARTESIAN_POINT('Ctrl Pts',(4.43536708902012,-1.0258260488177,8.50000552394699));
#6143=CARTESIAN_POINT('Ctrl Pts',(4.43754675726358,-1.02740040475833,8.49997801976495));
#6144=CARTESIAN_POINT('Ctrl Pts',(4.50074401923978,-1.07323553322768,8.4987019780592));
#6145=CARTESIAN_POINT('Ctrl Pts',(4.59330819993745,-1.14141022525896,8.47455487467131));
#6146=CARTESIAN_POINT('Ctrl Pts',(4.75124149979166,-1.25897695097627,8.34996222261633));
#6147=CARTESIAN_POINT('Ctrl Pts',(4.82646140549932,-1.3167495157341,8.18062691347733));
#6148=CARTESIAN_POINT('Ctrl Pts',(4.82624201687209,-1.31636775050168,8.05));
#6149=CARTESIAN_POINT('Ctrl Pts',(4.43321298502788,-1.02426687410079,8.5));
#6150=CARTESIAN_POINT('Ctrl Pts',(4.43608398473746,-1.02515591991065,8.5));
#6151=CARTESIAN_POINT('Ctrl Pts',(4.43895539821928,-1.02604564966252,8.49997165886639));
#6152=CARTESIAN_POINT('Ctrl Pts',(4.52341223859474,-1.05222551847822,8.49812310258527));
#6153=CARTESIAN_POINT('Ctrl Pts',(4.64519713189617,-1.09062991328311,8.45799076272547));
#6154=CARTESIAN_POINT('Ctrl Pts',(4.80947376643179,-1.14355596235737,8.30223915181896));
#6155=CARTESIAN_POINT('Ctrl Pts',(4.86328258001513,-1.16124181242384,8.15216024016957));
#6156=CARTESIAN_POINT('Ctrl Pts',(4.86328258001513,-1.16124181242384,8.05));
#6157=CARTESIAN_POINT('',(4.53013870529951,-1.46441455107971,8.05));
#6158=CARTESIAN_POINT('',(4.86328258001513,-1.16124181242384,8.05));
#6159=CARTESIAN_POINT('Origin',(4.47421997361392,-1.06834246742994,8.05));
#6160=CARTESIAN_POINT('Ctrl Pts',(4.86328258001513,-1.16124181242384,8.05));
#6161=CARTESIAN_POINT('Ctrl Pts',(4.86328258001513,-1.16124181242384,8.15216024016957));
#6162=CARTESIAN_POINT('Ctrl Pts',(4.80947376643179,-1.14355596235737,8.30223915181896));
#6163=CARTESIAN_POINT('Ctrl Pts',(4.64519713189617,-1.09062991328311,8.45799076272547));
#6164=CARTESIAN_POINT('Ctrl Pts',(4.52341223859474,-1.05222551847822,8.49812310258527));
#6165=CARTESIAN_POINT('Ctrl Pts',(4.43895539821928,-1.02604564966252,8.49997165886639));
#6166=CARTESIAN_POINT('Ctrl Pts',(4.43608398473746,-1.02515591991065,8.5));
#6167=CARTESIAN_POINT('Ctrl Pts',(4.43321298502788,-1.02426687410079,8.5));
#6168=CARTESIAN_POINT('Ctrl Pts',(4.43321298502788,-1.02426687410079,8.5));
#6169=CARTESIAN_POINT('Ctrl Pts',(4.43395585716178,-1.02717912115948,8.5));
#6170=CARTESIAN_POINT('Ctrl Pts',(4.43469678898257,-1.03009237852292,8.49997165886665));
#6171=CARTESIAN_POINT('Ctrl Pts',(4.45645302328955,-1.11579123660257,8.49812310258071));
#6172=CARTESIAN_POINT('Ctrl Pts',(4.48541734822643,-1.24006227920288,8.45799076272462));
#6173=CARTESIAN_POINT('Ctrl Pts',(4.52014917812239,-1.40880824558698,8.30223915181787));
#6174=CARTESIAN_POINT('Ctrl Pts',(4.53013870529951,-1.46441455107971,8.15216024016957));
#6175=CARTESIAN_POINT('Ctrl Pts',(4.53013870529951,-1.46441455107971,8.05));
#6176=CARTESIAN_POINT('Origin',(4.47421997361392,-1.06834246742994,0.));
#6177=CARTESIAN_POINT('',(4.53013870529951,-1.46441455107971,0.));
#6178=CARTESIAN_POINT('',(4.86328258001513,-1.16124181242384,0.));
#6179=CARTESIAN_POINT('Ctrl Pts',(-4.43325178118389,1.02409894279306,8.5));
#6180=CARTESIAN_POINT('Ctrl Pts',(-4.43399476358107,1.02701116150444,8.5));
#6181=CARTESIAN_POINT('Ctrl Pts',(-4.4347359848811,1.02992890872771,8.49996765426055));
#6182=CARTESIAN_POINT('Ctrl Pts',(-4.46699468140785,1.1567389510301,8.497502710253));
#6183=CARTESIAN_POINT('Ctrl Pts',(-4.50414446105381,1.32653395372712,8.41974594105628));
#6184=CARTESIAN_POINT('Ctrl Pts',(-4.52693863128312,1.4467399665616,8.20388423083004));
#6185=CARTESIAN_POINT('Ctrl Pts',(-4.53019417422615,1.46424294789974,8.10108012013963));
#6186=CARTESIAN_POINT('Ctrl Pts',(-4.53019417422615,1.46424294789974,8.05));
#6187=CARTESIAN_POINT('Ctrl Pts',(-4.4332517811839,1.02409894279306,8.5));
#6188=CARTESIAN_POINT('Ctrl Pts',(-4.43465980844205,1.02628119676702,8.49992330011879));
#6189=CARTESIAN_POINT('Ctrl Pts',(-4.43620813742639,1.02864682950914,8.50007342737092));
#6190=CARTESIAN_POINT('Ctrl Pts',(-4.4977390588601,1.12379025512658,8.49503316946454));
#6191=CARTESIAN_POINT('Ctrl Pts',(-4.58402991468539,1.26510464948536,8.46075878214993));
#6192=CARTESIAN_POINT('Ctrl Pts',(-4.67310779621693,1.4166346721809,8.24115219432374));
#6193=CARTESIAN_POINT('Ctrl Pts',(-4.68800062502693,1.44179642401147,8.11309893211978));
#6194=CARTESIAN_POINT('Ctrl Pts',(-4.68811406649732,1.44194120788819,8.05));
#6195=CARTESIAN_POINT('Ctrl Pts',(-4.4332517811839,1.02409894279306,8.5));
#6196=CARTESIAN_POINT('Ctrl Pts',(-4.43536284708359,1.02561643001441,8.49992330011896));
#6197=CARTESIAN_POINT('Ctrl Pts',(-4.43764017279603,1.02728236779562,8.50007342737075));
#6198=CARTESIAN_POINT('Ctrl Pts',(-4.52956970393949,1.09367928579316,8.49503316947108));
#6199=CARTESIAN_POINT('Ctrl Pts',(-4.66268644084408,1.19212455634758,8.46075878214958));
#6200=CARTESIAN_POINT('Ctrl Pts',(-4.80297118620106,1.29822305139935,8.24115219432494));
#6201=CARTESIAN_POINT('Ctrl Pts',(-4.82615494063405,1.31608211103413,8.11309893211978));
#6202=CARTESIAN_POINT('Ctrl Pts',(-4.82629187755797,1.31618493100343,8.05));
#6203=CARTESIAN_POINT('Ctrl Pts',(-4.4332517811839,1.02409894279306,8.5));
#6204=CARTESIAN_POINT('Ctrl Pts',(-4.43612281436633,1.02498787978646,8.5));
#6205=CARTESIAN_POINT('Ctrl Pts',(-4.43899850111771,1.0258790430044,8.4999676542603));
#6206=CARTESIAN_POINT('Ctrl Pts',(-4.56398666031443,1.06460333416068,8.49750271025958));
#6207=CARTESIAN_POINT('Ctrl Pts',(-4.72977481084592,1.11748349736413,8.41974594105591));
#6208=CARTESIAN_POINT('Ctrl Pts',(-4.84636399867613,1.15550983838936,8.20388423083124));
#6209=CARTESIAN_POINT('Ctrl Pts',(-4.86332656448762,1.16105758993647,8.10108012013963));
#6210=CARTESIAN_POINT('Ctrl Pts',(-4.86332656448762,1.16105758993647,8.05));
#6211=CARTESIAN_POINT('',(-4.86332656448762,1.16105758993647,8.05));
#6212=CARTESIAN_POINT('Origin',(-4.47426043932861,1.06817298274155,8.05));
#6213=CARTESIAN_POINT('Ctrl Pts',(-4.86332656448762,1.16105758993647,8.05));
#6214=CARTESIAN_POINT('Ctrl Pts',(-4.86332656448762,1.16105758993647,8.10108012013963));
#6215=CARTESIAN_POINT('Ctrl Pts',(-4.84636399867613,1.15550983838936,8.20388423083124));
#6216=CARTESIAN_POINT('Ctrl Pts',(-4.72977481084592,1.11748349736413,8.41974594105591));
#6217=CARTESIAN_POINT('Ctrl Pts',(-4.56398666031443,1.06460333416068,8.49750271025958));
#6218=CARTESIAN_POINT('Ctrl Pts',(-4.43899850111771,1.0258790430044,8.4999676542603));
#6219=CARTESIAN_POINT('Ctrl Pts',(-4.43612281436633,1.02498787978646,8.5));
#6220=CARTESIAN_POINT('Ctrl Pts',(-4.4332517811839,1.02409894279306,8.5));
#6221=CARTESIAN_POINT('Origin',(-4.47426043932861,1.06817298274155,0.));
#6222=CARTESIAN_POINT('',(-4.53019417422615,1.46424294789974,0.));
#6223=CARTESIAN_POINT('',(-4.86332656448762,1.16105758993647,0.));
#6224=CARTESIAN_POINT('Origin',(4.99974987447913,-0.0500119250372937,0.4));
#6225=CARTESIAN_POINT('Origin',(4.99974987447913,-0.0500119250372937,0.4));
#6226=CARTESIAN_POINT('Ctrl Pts',(4.47182351965575,-0.839818080928029,8.5));
#6227=CARTESIAN_POINT('Ctrl Pts',(4.47481197425481,-0.840155405446555,8.5));
#6228=CARTESIAN_POINT('Ctrl Pts',(4.47780108269754,-0.840492268942657,8.49997162113853));
#6229=CARTESIAN_POINT('Ctrl Pts',(4.56566841385653,-0.850384776402912,8.49812190887432));
#6230=CARTESIAN_POINT('Ctrl Pts',(4.69263016359567,-0.864050486077554,8.45798875142353));
#6231=CARTESIAN_POINT('Ctrl Pts',(4.86434018729286,-0.881456483330519,8.30223686602579));
#6232=CARTESIAN_POINT('Ctrl Pts',(4.92072349849868,-0.886837218052407,8.15215924449661));
#6233=CARTESIAN_POINT('Ctrl Pts',(4.92072349849868,-0.886837218052407,8.05));
#6234=CARTESIAN_POINT('Ctrl Pts',(4.47182351965575,-0.839818080928029,8.5));
#6235=CARTESIAN_POINT('Ctrl Pts',(4.47442379835759,-0.839253427683315,8.50000552218396));
#6236=CARTESIAN_POINT('Ctrl Pts',(4.47705359714419,-0.838685111645595,8.49997799813355));
#6237=CARTESIAN_POINT('Ctrl Pts',(4.55332957498726,-0.822045458682688,8.49870119520793));
#6238=CARTESIAN_POINT('Ctrl Pts',(4.6654648880867,-0.796720763035279,8.47455352593533));
#6239=CARTESIAN_POINT('Ctrl Pts',(4.85729105216045,-0.752369544911898,8.34995989620506));
#6240=CARTESIAN_POINT('Ctrl Pts',(4.94936541788111,-0.729617337223591,8.18062554908247));
#6241=CARTESIAN_POINT('Ctrl Pts',(4.94901127596364,-0.729879065576741,8.05));
#6242=CARTESIAN_POINT('Ctrl Pts',(4.47182351965575,-0.839818080928029,8.5));
#6243=CARTESIAN_POINT('Ctrl Pts',(4.47404550000539,-0.838355010162374,8.50000552218379));
#6244=CARTESIAN_POINT('Ctrl Pts',(4.4762917109225,-0.836872116083457,8.49997799813372));
#6245=CARTESIAN_POINT('Ctrl Pts',(4.54144804187723,-0.793907919533362,8.49870119520342));
#6246=CARTESIAN_POINT('Ctrl Pts',(4.63649093104795,-0.72921881046967,8.47455352593447));
#6247=CARTESIAN_POINT('Ctrl Pts',(4.79650217268633,-0.614709372535933,8.34995989620399));
#6248=CARTESIAN_POINT('Ctrl Pts',(4.87333466484973,-0.55917515000776,8.18062554908246));
#6249=CARTESIAN_POINT('Ctrl Pts',(4.87286698924743,-0.559263133595271,8.05));
#6250=CARTESIAN_POINT('Ctrl Pts',(4.47182351965575,-0.839818080928029,8.5));
#6251=CARTESIAN_POINT('Ctrl Pts',(4.47367326315669,-0.837446773723737,8.5));
#6252=CARTESIAN_POINT('Ctrl Pts',(4.47552163253319,-0.835073760892106,8.49997162113879));
#6253=CARTESIAN_POINT('Ctrl Pts',(4.52982423941136,-0.765295250565537,8.49812190886978));
#6254=CARTESIAN_POINT('Ctrl Pts',(4.60619878662507,-0.663076210449068,8.45798875142268));
#6255=CARTESIAN_POINT('Ctrl Pts',(4.7056946436032,-0.522429848932657,8.30223686602471));
#6256=CARTESIAN_POINT('Ctrl Pts',(4.73714751011227,-0.47549987813225,8.15215924449661));
#6257=CARTESIAN_POINT('Ctrl Pts',(4.73714751011227,-0.47549987813225,8.05));
#6258=CARTESIAN_POINT('',(4.92072349849868,-0.886837218052407,8.05));
#6259=CARTESIAN_POINT('',(4.73714751011227,-0.475499878132249,8.05));
#6260=CARTESIAN_POINT('Origin',(4.52706561861878,-0.815890240608214,8.05));
#6261=CARTESIAN_POINT('Ctrl Pts',(4.73714751011227,-0.47549987813225,8.05));
#6262=CARTESIAN_POINT('Ctrl Pts',(4.73714751011227,-0.47549987813225,8.15215924449661));
#6263=CARTESIAN_POINT('Ctrl Pts',(4.7056946436032,-0.522429848932657,8.30223686602471));
#6264=CARTESIAN_POINT('Ctrl Pts',(4.60619878662507,-0.663076210449068,8.45798875142268));
#6265=CARTESIAN_POINT('Ctrl Pts',(4.52982423941136,-0.765295250565537,8.49812190886978));
#6266=CARTESIAN_POINT('Ctrl Pts',(4.47552163253319,-0.835073760892106,8.49997162113879));
#6267=CARTESIAN_POINT('Ctrl Pts',(4.47367326315669,-0.837446773723737,8.5));
#6268=CARTESIAN_POINT('Ctrl Pts',(4.47182351965575,-0.839818080928029,8.5));
#6269=CARTESIAN_POINT('Ctrl Pts',(4.47182351965575,-0.839818080928029,8.5));
#6270=CARTESIAN_POINT('Ctrl Pts',(4.47481197425481,-0.840155405446555,8.5));
#6271=CARTESIAN_POINT('Ctrl Pts',(4.47780108269754,-0.840492268942657,8.49997162113853));
#6272=CARTESIAN_POINT('Ctrl Pts',(4.56566841385653,-0.850384776402912,8.49812190887432));
#6273=CARTESIAN_POINT('Ctrl Pts',(4.69263016359567,-0.864050486077554,8.45798875142353));
#6274=CARTESIAN_POINT('Ctrl Pts',(4.86434018729286,-0.881456483330519,8.30223686602579));
#6275=CARTESIAN_POINT('Ctrl Pts',(4.92072349849868,-0.886837218052407,8.15215924449661));
#6276=CARTESIAN_POINT('Ctrl Pts',(4.92072349849868,-0.886837218052407,8.05));
#6277=CARTESIAN_POINT('Origin',(4.52706561861878,-0.815890240608214,0.));
#6278=CARTESIAN_POINT('',(4.92072349849868,-0.886837218052406,0.));
#6279=CARTESIAN_POINT('',(4.73714751011227,-0.475499878132249,0.));
#6280=CARTESIAN_POINT('Ctrl Pts',(-3.81014774519986,2.48702114179764,8.5));
#6281=CARTESIAN_POINT('Ctrl Pts',(-3.812779690747,2.48847630891967,8.5));
#6282=CARTESIAN_POINT('Ctrl Pts',(-3.81541241704225,2.48993130043134,8.49997162196589));
#6283=CARTESIAN_POINT('Ctrl Pts',(-3.89280735724471,2.53269285279455,8.49812187002955));
#6284=CARTESIAN_POINT('Ctrl Pts',(-4.00487765801751,2.59389968918752,8.45798861799897));
#6285=CARTESIAN_POINT('Ctrl Pts',(-4.15685952109629,2.67568483274036,8.30223669138858));
#6286=CARTESIAN_POINT('Ctrl Pts',(-4.20689297456283,2.70223083776607,8.15215924449664));
#6287=CARTESIAN_POINT('Ctrl Pts',(-4.20689297456283,2.70223083776607,8.05));
#6288=CARTESIAN_POINT('Ctrl Pts',(-3.81014774519986,2.48702114179764,8.5));
#6289=CARTESIAN_POINT('Ctrl Pts',(-3.81276619308427,2.48749444221514,8.50000552218396));
#6290=CARTESIAN_POINT('Ctrl Pts',(-3.815413316256,2.48797565441532,8.4999779989609));
#6291=CARTESIAN_POINT('Ctrl Pts',(-3.892251426958,2.50178889164066,8.49870115636314));
#6292=CARTESIAN_POINT('Ctrl Pts',(-4.00554309162475,2.52129940684278,8.47455339251073));
#6293=CARTESIAN_POINT('Ctrl Pts',(-4.19974120478389,2.55372463767443,8.34995972156785));
#6294=CARTESIAN_POINT('Ctrl Pts',(-4.2935143783594,2.56793570427997,8.18062554908252));
#6295=CARTESIAN_POINT('Ctrl Pts',(-4.29308703931529,2.5680420037152,8.05));
#6296=CARTESIAN_POINT('Ctrl Pts',(-3.81014774519986,2.48702114179764,8.5));
#6297=CARTESIAN_POINT('Ctrl Pts',(-3.81276045893868,2.48651964438762,8.50000552218378));
#6298=CARTESIAN_POINT('Ctrl Pts',(-3.81540314471516,2.48600910382462,8.49997799896107));
#6299=CARTESIAN_POINT('Ctrl Pts',(-3.89204079086719,2.47124635208114,8.49870115635859));
#6300=CARTESIAN_POINT('Ctrl Pts',(-4.00460339682181,2.44784796843352,8.47455339250986));
#6301=CARTESIAN_POINT('Ctrl Pts',(-4.19625346412446,2.40328053592614,8.34995972156676));
#6302=CARTESIAN_POINT('Ctrl Pts',(-4.28848857258386,2.38137216050536,8.18062554908251));
#6303=CARTESIAN_POINT('Ctrl Pts',(-4.28802282264332,2.38127449488423,8.05));
#6304=CARTESIAN_POINT('Ctrl Pts',(-3.81014774519986,2.48702114179764,8.5));
#6305=CARTESIAN_POINT('Ctrl Pts',(-3.81276408214153,2.48553809430119,8.5));
#6306=CARTESIAN_POINT('Ctrl Pts',(-3.81537980242828,2.48405294502295,8.49997162196614));
#6307=CARTESIAN_POINT('Ctrl Pts',(-3.89225007597028,2.44036344727979,8.49812187002497));
#6308=CARTESIAN_POINT('Ctrl Pts',(-4.00192568367436,2.37514798629106,8.45798861799811));
#6309=CARTESIAN_POINT('Ctrl Pts',(-4.14766697742322,2.28327690629496,8.30223669138748));
#6310=CARTESIAN_POINT('Ctrl Pts',(-4.19468367270904,2.25195371901265,8.15215924449664));
#6311=CARTESIAN_POINT('Ctrl Pts',(-4.19468367270904,2.25195371901265,8.05));
#6312=CARTESIAN_POINT('',(-4.20689297456283,2.70223083776607,8.05));
#6313=CARTESIAN_POINT('Origin',(-3.8703415365978,2.48605237074479,8.05));
#6314=CARTESIAN_POINT('Ctrl Pts',(-3.81014774519986,2.48702114179764,8.5));
#6315=CARTESIAN_POINT('Ctrl Pts',(-3.812779690747,2.48847630891967,8.5));
#6316=CARTESIAN_POINT('Ctrl Pts',(-3.81541241704225,2.48993130043134,8.49997162196589));
#6317=CARTESIAN_POINT('Ctrl Pts',(-3.89280735724471,2.53269285279455,8.49812187002955));
#6318=CARTESIAN_POINT('Ctrl Pts',(-4.00487765801751,2.59389968918752,8.45798861799897));
#6319=CARTESIAN_POINT('Ctrl Pts',(-4.15685952109629,2.67568483274036,8.30223669138858));
#6320=CARTESIAN_POINT('Ctrl Pts',(-4.20689297456283,2.70223083776607,8.15215924449664));
#6321=CARTESIAN_POINT('Ctrl Pts',(-4.20689297456283,2.70223083776607,8.05));
#6322=CARTESIAN_POINT('Origin',(-3.8703415365978,2.48605237074478,0.));
#6323=CARTESIAN_POINT('',(-4.20689297456283,2.70223083776607,0.));
#6324=CARTESIAN_POINT('',(-4.19468367270903,2.25195371901265,0.));
#6325=CARTESIAN_POINT('Origin',(0.,0.,0.4));
#6326=CARTESIAN_POINT('Origin',(0.,0.,0.4));
#6327=CARTESIAN_POINT('Ctrl Pts',(4.48772825541085,0.7501967112612,8.5));
#6328=CARTESIAN_POINT('Ctrl Pts',(4.4895293719515,0.747789974666664,8.5));
#6329=CARTESIAN_POINT('Ctrl Pts',(4.49133097705287,0.745377454623365,8.4999676423218));
#6330=CARTESIAN_POINT('Ctrl Pts',(4.56965782060588,0.640561654982429,8.49750223100758));
#6331=CARTESIAN_POINT('Ctrl Pts',(4.66895115971406,0.49790419263041,8.41974502815133));
#6332=CARTESIAN_POINT('Ctrl Pts',(4.73600628254397,0.395569055984967,8.20388382200152));
#6333=CARTESIAN_POINT('Ctrl Pts',(4.74571141848314,0.380643926978183,8.10107997564374));
#6334=CARTESIAN_POINT('Ctrl Pts',(4.74571141848314,0.380643926978183,8.05));
#6335=CARTESIAN_POINT('Ctrl Pts',(4.48772825541085,0.7501967112612,8.5));
#6336=CARTESIAN_POINT('Ctrl Pts',(4.48986455567435,0.748719030715044,8.4999232927415));
#6337=CARTESIAN_POINT('Ctrl Pts',(4.49220066924507,0.747125601372979,8.50007343066232));
#6338=CARTESIAN_POINT('Ctrl Pts',(4.58545497862496,0.682767330115644,8.49503289564155));
#6339=CARTESIAN_POINT('Ctrl Pts',(4.7192517450601,0.585226214540681,8.46075800769752));
#6340=CARTESIAN_POINT('Ctrl Pts',(4.85953184500287,0.479313951453064,8.2411516900567));
#6341=CARTESIAN_POINT('Ctrl Pts',(4.88291910835184,0.461765881519005,8.11309875459858));
#6342=CARTESIAN_POINT('Ctrl Pts',(4.88307932160919,0.461675520651483,8.05));
#6343=CARTESIAN_POINT('Ctrl Pts',(4.48772825541085,0.7501967112612,8.5));
#6344=CARTESIAN_POINT('Ctrl Pts',(4.49025979509092,0.749602385439337,8.49992329274167));
#6345=CARTESIAN_POINT('Ctrl Pts',(4.49300176636276,0.748934516904449,8.50007343066214));
#6346=CARTESIAN_POINT('Ctrl Pts',(4.60334158341139,0.722766946529053,8.49503289564801));
#6347=CARTESIAN_POINT('Ctrl Pts',(4.76399701916417,0.682750163974369,8.46075800769717));
#6348=CARTESIAN_POINT('Ctrl Pts',(4.93420261793886,0.638405474310644,8.24115169005788));
#6349=CARTESIAN_POINT('Ctrl Pts',(4.96245546973548,0.630776738957333,8.11309875459859));
#6350=CARTESIAN_POINT('Ctrl Pts',(4.96262133394087,0.630734140424784,8.05));
#6351=CARTESIAN_POINT('Ctrl Pts',(4.48772825541085,0.7501967112612,8.5));
#6352=CARTESIAN_POINT('Ctrl Pts',(4.49072149421577,0.750474061454196,8.5));
#6353=CARTESIAN_POINT('Ctrl Pts',(4.4937198859049,0.750751135422997,8.49996764232154));
#6354=CARTESIAN_POINT('Ctrl Pts',(4.62401368493909,0.762799906094804,8.49750223101409));
#6355=CARTESIAN_POINT('Ctrl Pts',(4.79741857572628,0.777381956533608,8.41974502815095));
#6356=CARTESIAN_POINT('Ctrl Pts',(4.9196846192191,0.786861676307702,8.20388382200271));
#6357=CARTESIAN_POINT('Ctrl Pts',(4.93747897139821,0.788226748468004,8.10107997564374));
#6358=CARTESIAN_POINT('Ctrl Pts',(4.93747897139821,0.788226748468004,8.05));
#6359=CARTESIAN_POINT('',(4.74571141848314,0.380643926978183,8.05));
#6360=CARTESIAN_POINT('',(4.93747897139821,0.788226748468004,8.05));
#6361=CARTESIAN_POINT('Origin',(4.54248065368636,0.725168608590564,8.05));
#6362=CARTESIAN_POINT('Ctrl Pts',(4.93747897139821,0.788226748468004,8.05));
#6363=CARTESIAN_POINT('Ctrl Pts',(4.93747897139821,0.788226748468004,8.10107997564374));
#6364=CARTESIAN_POINT('Ctrl Pts',(4.9196846192191,0.786861676307702,8.20388382200271));
#6365=CARTESIAN_POINT('Ctrl Pts',(4.79741857572628,0.777381956533608,8.41974502815095));
#6366=CARTESIAN_POINT('Ctrl Pts',(4.62401368493909,0.762799906094804,8.49750223101409));
#6367=CARTESIAN_POINT('Ctrl Pts',(4.4937198859049,0.750751135422997,8.49996764232154));
#6368=CARTESIAN_POINT('Ctrl Pts',(4.49072149421577,0.750474061454196,8.5));
#6369=CARTESIAN_POINT('Ctrl Pts',(4.48772825541085,0.7501967112612,8.5));
#6370=CARTESIAN_POINT('Ctrl Pts',(4.48772825541085,0.7501967112612,8.5));
#6371=CARTESIAN_POINT('Ctrl Pts',(4.4895293719515,0.747789974666664,8.5));
#6372=CARTESIAN_POINT('Ctrl Pts',(4.49133097705287,0.745377454623365,8.4999676423218));
#6373=CARTESIAN_POINT('Ctrl Pts',(4.56965782060588,0.640561654982429,8.49750223100758));
#6374=CARTESIAN_POINT('Ctrl Pts',(4.66895115971406,0.49790419263041,8.41974502815133));
#6375=CARTESIAN_POINT('Ctrl Pts',(4.73600628254397,0.395569055984967,8.20388382200152));
#6376=CARTESIAN_POINT('Ctrl Pts',(4.74571141848314,0.380643926978183,8.10107997564374));
#6377=CARTESIAN_POINT('Ctrl Pts',(4.74571141848314,0.380643926978183,8.05));
#6378=CARTESIAN_POINT('Origin',(4.54248065368636,0.725168608590563,0.));
#6379=CARTESIAN_POINT('',(4.74571141848314,0.380643926978182,0.));
#6380=CARTESIAN_POINT('',(4.93747897139821,0.788226748468003,0.));
#6381=CARTESIAN_POINT('Ctrl Pts',(-3.70389739765978,2.64265852270193,8.5));
#6382=CARTESIAN_POINT('Ctrl Pts',(-3.70346936826805,2.6456334734429,8.5));
#6383=CARTESIAN_POINT('Ctrl Pts',(-3.70303759608016,2.64861285799185,8.49996765264506));
#6384=CARTESIAN_POINT('Ctrl Pts',(-3.68431324460121,2.77811504850297,8.49750262772627));
#6385=CARTESIAN_POINT('Ctrl Pts',(-3.65365823764791,2.94920189548214,8.41974575913906));
#6386=CARTESIAN_POINT('Ctrl Pts',(-3.62871705496056,3.06898070006336,8.20388415457077));
#6387=CARTESIAN_POINT('Ctrl Pts',(-3.62502677292252,3.08639718154706,8.10108009862693));
#6388=CARTESIAN_POINT('Ctrl Pts',(-3.62502677292252,3.08639718154706,8.05));
#6389=CARTESIAN_POINT('Ctrl Pts',(-3.70389739765978,2.64265852270193,8.5));
#6390=CARTESIAN_POINT('Ctrl Pts',(-3.70436315802098,2.64521356074758,8.49992329902039));
#6391=CARTESIAN_POINT('Ctrl Pts',(-3.70488836630729,2.64799171274839,8.500073428023));
#6392=CARTESIAN_POINT('Ctrl Pts',(-3.72532623382404,2.75943957344723,8.49503311752547));
#6393=CARTESIAN_POINT('Ctrl Pts',(-3.75097066353683,2.92301902442779,8.46075862084646));
#6394=CARTESIAN_POINT('Ctrl Pts',(-3.77528069238781,3.09710287060816,8.24115210385502));
#6395=CARTESIAN_POINT('Ctrl Pts',(-3.77941102335555,3.12604847995892,8.11309890569031));
#6396=CARTESIAN_POINT('Ctrl Pts',(-3.77946042417366,3.12622565557913,8.05));
#6397=CARTESIAN_POINT('Ctrl Pts',(-3.70389739765978,2.64265852270193,8.5));
#6398=CARTESIAN_POINT('Ctrl Pts',(-3.70526709987914,2.64486842363065,8.49992329902057));
#6399=CARTESIAN_POINT('Ctrl Pts',(-3.70673359875683,2.64727910238297,8.50007342802283));
#6400=CARTESIAN_POINT('Ctrl Pts',(-3.76625688626521,2.7438015056508,8.49503311753194));
#6401=CARTESIAN_POINT('Ctrl Pts',(-3.85156803232318,2.88569424649133,8.46075862084611));
#6402=CARTESIAN_POINT('Ctrl Pts',(-3.94057272412145,3.03740057697381,8.2411521038562));
#6403=CARTESIAN_POINT('Ctrl Pts',(-3.95515745278606,3.06277213487217,8.11309890569032));
#6404=CARTESIAN_POINT('Ctrl Pts',(-3.95524461958615,3.06291953195268,8.05));
#6405=CARTESIAN_POINT('Ctrl Pts',(-3.70389739765978,2.64265852270193,8.5));
#6406=CARTESIAN_POINT('Ctrl Pts',(-3.70620977813281,2.64457853245852,8.5));
#6407=CARTESIAN_POINT('Ctrl Pts',(-3.70852560606176,2.64650237987217,8.49996765264481));
#6408=CARTESIAN_POINT('Ctrl Pts',(-3.80918088311887,2.73010940311354,8.49750262773279));
#6409=CARTESIAN_POINT('Ctrl Pts',(-3.94211330759618,2.84240803521213,8.41974575913869));
#6410=CARTESIAN_POINT('Ctrl Pts',(-4.03527589004043,2.92215600870948,8.20388415457196));
#6411=CARTESIAN_POINT('Ctrl Pts',(-4.04882426065558,2.93377267461656,8.10108009862693));
#6412=CARTESIAN_POINT('Ctrl Pts',(-4.04882426065558,2.93377267461656,8.05));
#6413=CARTESIAN_POINT('',(-4.04882426065558,2.93377267461656,8.05));
#6414=CARTESIAN_POINT('Origin',(-3.72491831980314,2.69907086064723,8.05));
#6415=CARTESIAN_POINT('Ctrl Pts',(-4.04882426065558,2.93377267461656,8.05));
#6416=CARTESIAN_POINT('Ctrl Pts',(-4.04882426065558,2.93377267461656,8.10108009862693));
#6417=CARTESIAN_POINT('Ctrl Pts',(-4.03527589004043,2.92215600870948,8.20388415457196));
#6418=CARTESIAN_POINT('Ctrl Pts',(-3.94211330759618,2.84240803521213,8.41974575913869));
#6419=CARTESIAN_POINT('Ctrl Pts',(-3.80918088311887,2.73010940311354,8.49750262773279));
#6420=CARTESIAN_POINT('Ctrl Pts',(-3.70852560606176,2.64650237987217,8.49996765264481));
#6421=CARTESIAN_POINT('Ctrl Pts',(-3.70620977813281,2.64457853245852,8.5));
#6422=CARTESIAN_POINT('Ctrl Pts',(-3.70389739765978,2.64265852270193,8.5));
#6423=CARTESIAN_POINT('Origin',(-3.72491831980314,2.69907086064723,0.));
#6424=CARTESIAN_POINT('',(-3.62502677292252,3.08639718154706,0.));
#6425=CARTESIAN_POINT('',(-4.04882426065558,2.93377267461655,0.));
#6426=CARTESIAN_POINT('Origin',(4.63831415260847,1.86709448655175,0.4));
#6427=CARTESIAN_POINT('Origin',(4.63831415260847,1.86709448655175,0.4));
#6428=CARTESIAN_POINT('Ctrl Pts',(4.45281511767533,0.935380953303003,8.5));
#6429=CARTESIAN_POINT('Ctrl Pts',(4.45570518215724,0.936212924463476,8.5));
#6430=CARTESIAN_POINT('Ctrl Pts',(4.45859567427665,0.937045571762318,8.4999716211003));
#6431=CARTESIAN_POINT('Ctrl Pts',(4.54356031837528,0.961531056354785,8.49812191066964));
#6432=CARTESIAN_POINT('Ctrl Pts',(4.66608749277858,0.997491165334467,8.45798875759007));
#6433=CARTESIAN_POINT('Ctrl Pts',(4.8313880915429,1.04711991947703,8.30223687409734));
#6434=CARTESIAN_POINT('Ctrl Pts',(4.88553867277248,1.06372547061941,8.1521592444966));
#6435=CARTESIAN_POINT('Ctrl Pts',(4.88553867277248,1.06372547061941,8.05));
#6436=CARTESIAN_POINT('Ctrl Pts',(4.45281511767533,0.935380953303003,8.5));
#6437=CARTESIAN_POINT('Ctrl Pts',(4.45500138568682,0.936897698105494,8.50000552218396));
#6438=CARTESIAN_POINT('Ctrl Pts',(4.45721352506693,0.938429123608414,8.49997799809531));
#6439=CARTESIAN_POINT('Ctrl Pts',(4.52131583192774,0.982991408080114,8.49870119700325));
#6440=CARTESIAN_POINT('Ctrl Pts',(4.61522432654297,1.0493002583483,8.47455353210187));
#6441=CARTESIAN_POINT('Ctrl Pts',(4.7754766591335,1.16368337731154,8.34995990427662));
#6442=CARTESIAN_POINT('Ctrl Pts',(4.85183565190122,1.2199386482258,8.18062554908246));
#6443=CARTESIAN_POINT('Ctrl Pts',(4.85160862474994,1.2195613195877,8.05));
#6444=CARTESIAN_POINT('Ctrl Pts',(4.45281511767533,0.935380953303003,8.5));
#6445=CARTESIAN_POINT('Ctrl Pts',(4.45430807732617,0.937582962435696,8.50000552218379));
#6446=CARTESIAN_POINT('Ctrl Pts',(4.45581583717671,0.9398125584753,8.49997799809549));
#6447=CARTESIAN_POINT('Ctrl Pts',(4.49957105769741,1.00444034211641,8.49870119699873));
#6448=CARTESIAN_POINT('Ctrl Pts',(4.56262424292965,1.10057632793257,8.47455353210101));
#6449=CARTESIAN_POINT('Ctrl Pts',(4.66663528017465,1.26760241321651,8.34995990427554));
#6450=CARTESIAN_POINT('Ctrl Pts',(4.71636760195676,1.34831162838005,8.18062554908246));
#6451=CARTESIAN_POINT('Ctrl Pts',(4.71596919466888,1.34805137232609,8.05));
#6452=CARTESIAN_POINT('Ctrl Pts',(4.45281511767533,0.935380953303003,8.5));
#6453=CARTESIAN_POINT('Ctrl Pts',(4.45361661158134,0.938279617891226,8.5));
#6454=CARTESIAN_POINT('Ctrl Pts',(4.45441618324884,0.941179332414957,8.49997162110056));
#6455=CARTESIAN_POINT('Ctrl Pts',(4.47788257424575,1.02642686741702,8.4981219106651));
#6456=CARTESIAN_POINT('Ctrl Pts',(4.50932650795715,1.15009207288328,8.45798875758922));
#6457=CARTESIAN_POINT('Ctrl Pts',(4.5474264569687,1.31810760388525,8.30223687409626));
#6458=CARTESIAN_POINT('Ctrl Pts',(4.55852605613192,1.37350167900625,8.1521592444966));
#6459=CARTESIAN_POINT('Ctrl Pts',(4.55852605613192,1.37350167900625,8.05));
#6460=CARTESIAN_POINT('',(4.88553867277248,1.06372547061941,8.05));
#6461=CARTESIAN_POINT('',(4.55852605613192,1.37350167900625,8.05));
#6462=CARTESIAN_POINT('Origin',(4.49469557895068,0.978627432969855,8.05));
#6463=CARTESIAN_POINT('Ctrl Pts',(4.55852605613192,1.37350167900625,8.05));
#6464=CARTESIAN_POINT('Ctrl Pts',(4.55852605613192,1.37350167900625,8.1521592444966));
#6465=CARTESIAN_POINT('Ctrl Pts',(4.5474264569687,1.31810760388525,8.30223687409626));
#6466=CARTESIAN_POINT('Ctrl Pts',(4.50932650795715,1.15009207288328,8.45798875758922));
#6467=CARTESIAN_POINT('Ctrl Pts',(4.47788257424575,1.02642686741702,8.4981219106651));
#6468=CARTESIAN_POINT('Ctrl Pts',(4.45441618324884,0.941179332414957,8.49997162110056));
#6469=CARTESIAN_POINT('Ctrl Pts',(4.45361661158134,0.938279617891226,8.5));
#6470=CARTESIAN_POINT('Ctrl Pts',(4.45281511767533,0.935380953303003,8.5));
#6471=CARTESIAN_POINT('Ctrl Pts',(4.45281511767533,0.935380953303003,8.5));
#6472=CARTESIAN_POINT('Ctrl Pts',(4.45570518215724,0.936212924463476,8.5));
#6473=CARTESIAN_POINT('Ctrl Pts',(4.45859567427665,0.937045571762318,8.4999716211003));
#6474=CARTESIAN_POINT('Ctrl Pts',(4.54356031837528,0.961531056354785,8.49812191066964));
#6475=CARTESIAN_POINT('Ctrl Pts',(4.66608749277858,0.997491165334467,8.45798875759007));
#6476=CARTESIAN_POINT('Ctrl Pts',(4.8313880915429,1.04711991947703,8.30223687409734));
#6477=CARTESIAN_POINT('Ctrl Pts',(4.88553867277248,1.06372547061941,8.1521592444966));
#6478=CARTESIAN_POINT('Ctrl Pts',(4.88553867277248,1.06372547061941,8.05));
#6479=CARTESIAN_POINT('Origin',(4.49469557895068,0.978627432969855,0.));
#6480=CARTESIAN_POINT('',(4.88553867277248,1.06372547061941,0.));
#6481=CARTESIAN_POINT('',(4.55852605613192,1.37350167900625,0.));
#6482=CARTESIAN_POINT('Ctrl Pts',(-2.56839351440479,3.75577618544601,8.5));
#6483=CARTESIAN_POINT('Ctrl Pts',(-2.57026825781287,3.75812777764613,8.5));
#6484=CARTESIAN_POINT('Ctrl Pts',(-2.57214378967271,3.76047950629471,8.49997162165839));
#6485=CARTESIAN_POINT('Ctrl Pts',(-2.62728358380576,3.82960353356645,8.49812188446652));
#6486=CARTESIAN_POINT('Ctrl Pts',(-2.70740067724243,3.92903835438397,8.45798866758801));
#6487=CARTESIAN_POINT('Ctrl Pts',(-2.81651642688481,4.06275840257511,8.30223675629366));
#6488=CARTESIAN_POINT('Ctrl Pts',(-2.85258278665925,4.10643049926032,8.1521592444966));
#6489=CARTESIAN_POINT('Ctrl Pts',(-2.85258278665925,4.10643049926032,8.05));
#6490=CARTESIAN_POINT('Ctrl Pts',(-2.56839351440479,3.75577618544601,8.5));
#6491=CARTESIAN_POINT('Ctrl Pts',(-2.5706315273997,3.75721548404215,8.50000552218396));
#6492=CARTESIAN_POINT('Ctrl Pts',(-2.57289300521416,3.7586730655342,8.4999779986534));
#6493=CARTESIAN_POINT('Ctrl Pts',(-2.6385962689211,3.80083919750648,8.49870117080013));
#6494=CARTESIAN_POINT('Ctrl Pts',(-2.73579806658038,3.86221895542516,8.47455344209981));
#6495=CARTESIAN_POINT('Ctrl Pts',(-2.90280562699947,3.96649157589021,8.34995978647293));
#6496=CARTESIAN_POINT('Ctrl Pts',(-2.98400262080912,4.01550592796214,8.18062554908246));
#6497=CARTESIAN_POINT('Ctrl Pts',(-2.98356713167076,4.01544060232453,8.05));
#6498=CARTESIAN_POINT('Ctrl Pts',(-2.56839351440479,3.75577618544601,8.5));
#6499=CARTESIAN_POINT('Ctrl Pts',(-2.57099926444411,3.75631269217721,8.50000552218379));
#6500=CARTESIAN_POINT('Ctrl Pts',(-2.57363616560718,3.75685231379817,8.49997799865358));
#6501=CARTESIAN_POINT('Ctrl Pts',(-2.6500896581695,3.77254090411082,8.49870117079562));
#6502=CARTESIAN_POINT('Ctrl Pts',(-2.76303823325712,3.79399892364991,8.47455344209895));
#6503=CARTESIAN_POINT('Ctrl Pts',(-2.95715518280848,3.82616436943568,8.34995978647185));
#6504=CARTESIAN_POINT('Ctrl Pts',(-3.05075333375955,3.84122007968396,8.18062554908246));
#6505=CARTESIAN_POINT('Ctrl Pts',(-3.05036041066615,3.8409516154902,8.05));
#6506=CARTESIAN_POINT('Ctrl Pts',(-2.56839351440479,3.75577618544601,8.5));
#6507=CARTESIAN_POINT('Ctrl Pts',(-2.57137823051614,3.75540724288749,8.5));
#6508=CARTESIAN_POINT('Ctrl Pts',(-2.57436318111077,3.75503612256994,8.49997162165865));
#6509=CARTESIAN_POINT('Ctrl Pts',(-2.66210125368285,3.74408885352653,8.49812188446198));
#6510=CARTESIAN_POINT('Ctrl Pts',(-2.78838510470105,3.7258080616578,8.45798866758716));
#6511=CARTESIAN_POINT('Ctrl Pts',(-2.95818991006713,3.69670222379406,8.30223675629257));
#6512=CARTESIAN_POINT('Ctrl Pts',(-3.01361446399106,3.68575562525387,8.1521592444966));
#6513=CARTESIAN_POINT('Ctrl Pts',(-3.01361446399106,3.68575562525387,8.05));
#6514=CARTESIAN_POINT('',(-2.85258278665925,4.10643049926032,8.05));
#6515=CARTESIAN_POINT('Origin',(-2.62437616372651,3.77791605931949,8.05));
#6516=CARTESIAN_POINT('Ctrl Pts',(-2.56839351440479,3.75577618544601,8.5));
#6517=CARTESIAN_POINT('Ctrl Pts',(-2.57026825781287,3.75812777764613,8.5));
#6518=CARTESIAN_POINT('Ctrl Pts',(-2.57214378967271,3.76047950629471,8.49997162165839));
#6519=CARTESIAN_POINT('Ctrl Pts',(-2.62728358380576,3.82960353356645,8.49812188446652));
#6520=CARTESIAN_POINT('Ctrl Pts',(-2.70740067724243,3.92903835438397,8.45798866758801));
#6521=CARTESIAN_POINT('Ctrl Pts',(-2.81651642688481,4.06275840257511,8.30223675629366));
#6522=CARTESIAN_POINT('Ctrl Pts',(-2.85258278665925,4.10643049926032,8.1521592444966));
#6523=CARTESIAN_POINT('Ctrl Pts',(-2.85258278665925,4.10643049926032,8.05));
#6524=CARTESIAN_POINT('Origin',(-2.62437616372651,3.77791605931949,0.));
#6525=CARTESIAN_POINT('',(-2.85258278665925,4.10643049926032,0.));
#6526=CARTESIAN_POINT('',(-3.01361446399106,3.68575562525387,0.));
#6527=CARTESIAN_POINT('Origin',(0.,0.,0.4));
#6528=CARTESIAN_POINT('Origin',(0.,0.,0.4));
#6529=CARTESIAN_POINT('Ctrl Pts',(3.85904384379905,2.41045236659774,8.5));
#6530=CARTESIAN_POINT('Ctrl Pts',(3.86162851085839,2.40891828997975,8.5));
#6531=CARTESIAN_POINT('Ctrl Pts',(3.864212520453,2.40738212662312,8.49997165689022));
#6532=CARTESIAN_POINT('Ctrl Pts',(3.94019436912394,2.36216710792648,8.49812297743163));
#6533=CARTESIAN_POINT('Ctrl Pts',(4.04854736678736,2.29477413205044,8.4579904861783));
#6534=CARTESIAN_POINT('Ctrl Pts',(4.19242686724634,2.20001055030806,8.30223881565322));
#6535=CARTESIAN_POINT('Ctrl Pts',(4.23880978664881,2.16775419715357,8.15216016683399));
#6536=CARTESIAN_POINT('Ctrl Pts',(4.23880978664881,2.16775419715357,8.05));
#6537=CARTESIAN_POINT('Ctrl Pts',(3.85904384379905,2.41045236659774,8.5));
#6538=CARTESIAN_POINT('Ctrl Pts',(3.86164447579956,2.40989913560014,8.50000552381531));
#6539=CARTESIAN_POINT('Ctrl Pts',(3.86427487781198,2.40933626349366,8.49997801897429));
#6540=CARTESIAN_POINT('Ctrl Pts',(3.94060165112694,2.39304661128168,8.49870188302465));
#6541=CARTESIAN_POINT('Ctrl Pts',(4.05267562961538,2.3674052732378,8.4745546467395));
#6542=CARTESIAN_POINT('Ctrl Pts',(4.24339894424107,2.31901999832184,8.34996188348465));
#6543=CARTESIAN_POINT('Ctrl Pts',(4.3351798956813,2.29527395854879,8.18062681302649));
#6544=CARTESIAN_POINT('Ctrl Pts',(4.33471233576446,2.29518559460178,8.05));
#6545=CARTESIAN_POINT('Ctrl Pts',(3.85904384379905,2.41045236659774,8.5));
#6546=CARTESIAN_POINT('Ctrl Pts',(3.86166965636047,2.41087304031441,8.50000552381549));
#6547=CARTESIAN_POINT('Ctrl Pts',(3.86432428182993,2.41130105547112,8.49997801897411));
#6548=CARTESIAN_POINT('Ctrl Pts',(3.94142199766975,2.4235772163093,8.49870188302916));
#6549=CARTESIAN_POINT('Ctrl Pts',(4.05508160255217,2.44082208184302,8.47455464674034));
#6550=CARTESIAN_POINT('Ctrl Pts',(4.24988969489537,2.46936369535419,8.34996188348574));
#6551=CARTESIAN_POINT('Ctrl Pts',(4.34392960658758,2.48169994101442,8.18062681302649));
#6552=CARTESIAN_POINT('Ctrl Pts',(4.34350452373836,2.48181476187222,8.05));
#6553=CARTESIAN_POINT('Ctrl Pts',(3.85904384379905,2.41045236659774,8.5));
#6554=CARTESIAN_POINT('Ctrl Pts',(3.86170273627816,2.41185386062478,8.5));
#6555=CARTESIAN_POINT('Ctrl Pts',(3.86436240527419,2.41325516371386,8.49997165688997));
#6556=CARTESIAN_POINT('Ctrl Pts',(3.94259481971296,2.45446249334365,8.49812297743618));
#6557=CARTESIAN_POINT('Ctrl Pts',(4.05586617547884,2.51342026534849,8.45799048617914));
#6558=CARTESIAN_POINT('Ctrl Pts',(4.20945227177276,2.59215549301242,8.30223881565431));
#6559=CARTESIAN_POINT('Ctrl Pts',(4.26000684117509,2.61769778873373,8.15216016683399));
#6560=CARTESIAN_POINT('Ctrl Pts',(4.26000684117509,2.61769778873373,8.05));
#6561=CARTESIAN_POINT('',(4.23880978664881,2.16775419715357,8.05));
#6562=CARTESIAN_POINT('',(4.26000684117509,2.61769778873373,8.05));
#6563=CARTESIAN_POINT('Origin',(3.91920629388108,2.40828196563503,8.05));
#6564=CARTESIAN_POINT('Ctrl Pts',(4.26000684117509,2.61769778873373,8.05));
#6565=CARTESIAN_POINT('Ctrl Pts',(4.26000684117509,2.61769778873373,8.15216016683399));
#6566=CARTESIAN_POINT('Ctrl Pts',(4.20945227177276,2.59215549301242,8.30223881565431));
#6567=CARTESIAN_POINT('Ctrl Pts',(4.05586617547884,2.51342026534849,8.45799048617914));
#6568=CARTESIAN_POINT('Ctrl Pts',(3.94259481971296,2.45446249334365,8.49812297743618));
#6569=CARTESIAN_POINT('Ctrl Pts',(3.86436240527419,2.41325516371386,8.49997165688997));
#6570=CARTESIAN_POINT('Ctrl Pts',(3.86170273627816,2.41185386062478,8.5));
#6571=CARTESIAN_POINT('Ctrl Pts',(3.85904384379905,2.41045236659774,8.5));
#6572=CARTESIAN_POINT('Ctrl Pts',(3.85904384379905,2.41045236659774,8.5));
#6573=CARTESIAN_POINT('Ctrl Pts',(3.86162851085839,2.40891828997975,8.5));
#6574=CARTESIAN_POINT('Ctrl Pts',(3.864212520453,2.40738212662312,8.49997165689022));
#6575=CARTESIAN_POINT('Ctrl Pts',(3.94019436912394,2.36216710792648,8.49812297743163));
#6576=CARTESIAN_POINT('Ctrl Pts',(4.04854736678736,2.29477413205044,8.4579904861783));
#6577=CARTESIAN_POINT('Ctrl Pts',(4.19242686724634,2.20001055030806,8.30223881565322));
#6578=CARTESIAN_POINT('Ctrl Pts',(4.23880978664881,2.16775419715357,8.15216016683399));
#6579=CARTESIAN_POINT('Ctrl Pts',(4.23880978664881,2.16775419715357,8.05));
#6580=CARTESIAN_POINT('Origin',(3.91920629388108,2.40828196563503,0.));
#6581=CARTESIAN_POINT('',(4.23880978664881,2.16775419715357,0.));
#6582=CARTESIAN_POINT('',(4.26000684117509,2.61769778873373,0.));
#6583=CARTESIAN_POINT('Ctrl Pts',(-2.41067163418493,3.85890687528685,8.5));
#6584=CARTESIAN_POINT('Ctrl Pts',(-2.40913770443859,3.86149162949489,8.5));
#6585=CARTESIAN_POINT('Ctrl Pts',(-2.40759861995466,3.86407904776039,8.49996765146255));
#6586=CARTESIAN_POINT('Ctrl Pts',(-2.34074175077909,3.97655830310062,8.49750257219707));
#6587=CARTESIAN_POINT('Ctrl Pts',(-2.24694881889003,4.12289119405665,8.4197456420933));
#6588=CARTESIAN_POINT('Ctrl Pts',(-2.17806933950761,4.22400805140507,8.20388410452907));
#6589=CARTESIAN_POINT('Ctrl Pts',(-2.16799504349316,4.23868660767174,8.10108008342108));
#6590=CARTESIAN_POINT('Ctrl Pts',(-2.16799504349316,4.23868660767174,8.05));
#6591=CARTESIAN_POINT('Ctrl Pts',(-2.41067163418493,3.85890687528685,8.5));
#6592=CARTESIAN_POINT('Ctrl Pts',(-2.41012417111005,3.86144571442711,8.49992329824402));
#6593=CARTESIAN_POINT('Ctrl Pts',(-2.4095462495787,3.86421343624982,8.50007342844327));
#6594=CARTESIAN_POINT('Ctrl Pts',(-2.38577964165852,3.97499919506889,8.49503308361575));
#6595=CARTESIAN_POINT('Ctrl Pts',(-2.34687360724254,4.13594078312681,8.46075851837098));
#6596=CARTESIAN_POINT('Ctrl Pts',(-2.30271498556161,4.30607644462753,8.24115204376972));
#6597=CARTESIAN_POINT('Ctrl Pts',(-2.29545405098459,4.33439932148287,8.11309888700911));
#6598=CARTESIAN_POINT('Ctrl Pts',(-2.29543188993358,4.33458191596053,8.05));
#6599=CARTESIAN_POINT('Ctrl Pts',(-2.41067163418493,3.85890687528685,8.5));
#6600=CARTESIAN_POINT('Ctrl Pts',(-2.41109140198877,3.86147276881288,8.4999232982442));
#6601=CARTESIAN_POINT('Ctrl Pts',(-2.41152376497414,3.86426120158967,8.5000734284431));
#6602=CARTESIAN_POINT('Ctrl Pts',(-2.42957912229207,3.97621478229223,8.49503308362222));
#6603=CARTESIAN_POINT('Ctrl Pts',(-2.45409712705376,4.13995362970993,8.46075851837064));
#6604=CARTESIAN_POINT('Ctrl Pts',(-2.47827204005369,4.31417240956398,8.2411520437709));
#6605=CARTESIAN_POINT('Ctrl Pts',(-2.48203743042276,4.34319396471638,8.11309888700912));
#6606=CARTESIAN_POINT('Ctrl Pts',(-2.48206155647626,4.34336349962159,8.05));
#6607=CARTESIAN_POINT('Ctrl Pts',(-2.41067163418493,3.85890687528685,8.5));
#6608=CARTESIAN_POINT('Ctrl Pts',(-2.41207327928066,3.86156568811502,8.5));
#6609=CARTESIAN_POINT('Ctrl Pts',(-2.4134766408509,3.86422936584097,8.49996765146231));
#6610=CARTESIAN_POINT('Ctrl Pts',(-2.47447552499329,3.97999101961784,8.49750257220361));
#6611=CARTESIAN_POINT('Ctrl Pts',(-2.55431496366604,4.13461206196751,8.41974564209293));
#6612=CARTESIAN_POINT('Ctrl Pts',(-2.60986821358611,4.2439410117033,8.20388410453026));
#6613=CARTESIAN_POINT('Ctrl Pts',(-2.61793983876695,4.25985809629814,8.10108008342108));
#6614=CARTESIAN_POINT('Ctrl Pts',(-2.61793983876695,4.25985809629814,8.05));
#6615=CARTESIAN_POINT('',(-2.61793983876695,4.25985809629814,8.05));
#6616=CARTESIAN_POINT('Origin',(-2.4085046516656,3.91906944859429,8.05));
#6617=CARTESIAN_POINT('Ctrl Pts',(-2.61793983876695,4.25985809629814,8.05));
#6618=CARTESIAN_POINT('Ctrl Pts',(-2.61793983876695,4.25985809629814,8.10108008342108));
#6619=CARTESIAN_POINT('Ctrl Pts',(-2.60986821358611,4.2439410117033,8.20388410453026));
#6620=CARTESIAN_POINT('Ctrl Pts',(-2.55431496366604,4.13461206196751,8.41974564209293));
#6621=CARTESIAN_POINT('Ctrl Pts',(-2.47447552499329,3.97999101961784,8.49750257220361));
#6622=CARTESIAN_POINT('Ctrl Pts',(-2.4134766408509,3.86422936584097,8.49996765146231));
#6623=CARTESIAN_POINT('Ctrl Pts',(-2.41207327928066,3.86156568811502,8.5));
#6624=CARTESIAN_POINT('Ctrl Pts',(-2.41067163418493,3.85890687528685,8.5));
#6625=CARTESIAN_POINT('Origin',(-2.4085046516656,3.91906944859429,0.));
#6626=CARTESIAN_POINT('',(-2.16799504349316,4.23868660767174,0.));
#6627=CARTESIAN_POINT('',(-2.61793983876696,4.25985809629814,0.));
#6628=CARTESIAN_POINT('Origin',(-1.86735803327761,4.63820805651855,0.4));
#6629=CARTESIAN_POINT('Origin',(-1.86735803327761,4.63820805651855,0.4));
#6630=CARTESIAN_POINT('Origin',(3.57075395668278,3.49995945417005,0.4));
#6631=CARTESIAN_POINT('Origin',(3.57075395668278,3.49995945417005,0.4));
#6632=CARTESIAN_POINT('Ctrl Pts',(3.75592211590674,2.56818010646502,8.5));
#6633=CARTESIAN_POINT('Ctrl Pts',(3.75827381462623,2.57005471625222,8.5));
#6634=CARTESIAN_POINT('Ctrl Pts',(3.76062564983905,2.57193011448343,8.49997162165833));
#6635=CARTESIAN_POINT('Ctrl Pts',(3.82975281005141,2.62706598088984,8.49812188446933));
#6636=CARTESIAN_POINT('Ctrl Pts',(3.92919218297636,2.70717742429665,8.45798866759762));
#6637=CARTESIAN_POINT('Ctrl Pts',(4.06291843092642,2.81628557576938,8.30223675630617));
#6638=CARTESIAN_POINT('Ctrl Pts',(4.10659257683415,2.85234945402744,8.1521592444966));
#6639=CARTESIAN_POINT('Ctrl Pts',(4.10659257683415,2.85234945402744,8.05));
#6640=CARTESIAN_POINT('Ctrl Pts',(3.75592211590674,2.56818010646502,8.5));
#6641=CARTESIAN_POINT('Ctrl Pts',(3.75736154166476,2.57041803767513,8.50000552218396));
#6642=CARTESIAN_POINT('Ctrl Pts',(3.758819251652,2.57267943266591,8.49997799865334));
#6643=CARTESIAN_POINT('Ctrl Pts',(3.80098911682642,2.63838030038101,8.49870117080294));
#6644=CARTESIAN_POINT('Ctrl Pts',(3.86237439766955,2.73557861027752,8.47455344210942));
#6645=CARTESIAN_POINT('Ctrl Pts',(3.96665650736284,2.90258024564098,8.34995978648544));
#6646=CARTESIAN_POINT('Ctrl Pts',(4.0156754729784,2.98377445431361,8.18062554908247));
#6647=CARTESIAN_POINT('Ctrl Pts',(4.01561012259633,2.98333896888777,8.05));
#6648=CARTESIAN_POINT('Ctrl Pts',(3.75592211590674,2.56818010646502,8.5));
#6649=CARTESIAN_POINT('Ctrl Pts',(3.75645877069616,2.57078582601566,8.50000552218379));
#6650=CARTESIAN_POINT('Ctrl Pts',(3.75699854214543,2.57342269651314,8.49997799865352));
#6651=CARTESIAN_POINT('Ctrl Pts',(3.7726914765318,2.64987529752489,8.49870117079842));
#6652=CARTESIAN_POINT('Ctrl Pts',(3.79415591379179,2.76282265318441,8.47455344210856));
#6653=CARTESIAN_POINT('Ctrl Pts',(3.82633238928087,2.95693777477766,8.34995978648436));
#6654=CARTESIAN_POINT('Ctrl Pts',(3.84139341776757,3.0505350701056,8.18062554908246));
#6655=CARTESIAN_POINT('Ctrl Pts',(3.84112493124829,3.05014216226702,8.05));
#6656=CARTESIAN_POINT('Ctrl Pts',(3.75592211590674,2.56818010646502,8.5));
#6657=CARTESIAN_POINT('Ctrl Pts',(3.75555334294081,2.57116484353487,8.5));
#6658=CARTESIAN_POINT('Ctrl Pts',(3.75518239222926,2.57414981521182,8.49997162165859));
#6659=CARTESIAN_POINT('Ctrl Pts',(3.74424010849418,2.66188850966883,8.49812188446478));
#6660=CARTESIAN_POINT('Ctrl Pts',(3.72596649212299,2.78817339920294,8.45798866759677));
#6661=CARTESIAN_POINT('Ctrl Pts',(3.6968703026416,2.95797985809412,8.30223675630508));
#6662=CARTESIAN_POINT('Ctrl Pts',(3.68592685335202,3.01340503391183,8.1521592444966));
#6663=CARTESIAN_POINT('Ctrl Pts',(3.68592685335202,3.01340503391183,8.05));
#6664=CARTESIAN_POINT('',(4.10659257683415,2.85234945402744,8.05));
#6665=CARTESIAN_POINT('',(3.68592685335202,3.01340503391183,8.05));
#6666=CARTESIAN_POINT('Origin',(3.77806517068742,2.62416149770525,8.05));
#6667=CARTESIAN_POINT('Ctrl Pts',(3.68592685335202,3.01340503391183,8.05));
#6668=CARTESIAN_POINT('Ctrl Pts',(3.68592685335202,3.01340503391183,8.1521592444966));
#6669=CARTESIAN_POINT('Ctrl Pts',(3.6968703026416,2.95797985809412,8.30223675630508));
#6670=CARTESIAN_POINT('Ctrl Pts',(3.72596649212299,2.78817339920294,8.45798866759677));
#6671=CARTESIAN_POINT('Ctrl Pts',(3.74424010849418,2.66188850966883,8.49812188446478));
#6672=CARTESIAN_POINT('Ctrl Pts',(3.75518239222926,2.57414981521182,8.49997162165859));
#6673=CARTESIAN_POINT('Ctrl Pts',(3.75555334294081,2.57116484353487,8.5));
#6674=CARTESIAN_POINT('Ctrl Pts',(3.75592211590674,2.56818010646502,8.5));
#6675=CARTESIAN_POINT('Ctrl Pts',(3.75592211590674,2.56818010646502,8.5));
#6676=CARTESIAN_POINT('Ctrl Pts',(3.75827381462623,2.57005471625222,8.5));
#6677=CARTESIAN_POINT('Ctrl Pts',(3.76062564983905,2.57193011448343,8.49997162165833));
#6678=CARTESIAN_POINT('Ctrl Pts',(3.82975281005141,2.62706598088984,8.49812188446933));
#6679=CARTESIAN_POINT('Ctrl Pts',(3.92919218297636,2.70717742429665,8.45798866759762));
#6680=CARTESIAN_POINT('Ctrl Pts',(4.06291843092642,2.81628557576938,8.30223675630617));
#6681=CARTESIAN_POINT('Ctrl Pts',(4.10659257683415,2.85234945402744,8.1521592444966));
#6682=CARTESIAN_POINT('Ctrl Pts',(4.10659257683415,2.85234945402744,8.05));
#6683=CARTESIAN_POINT('Origin',(3.77806517068742,2.62416149770525,0.));
#6684=CARTESIAN_POINT('',(4.10659257683415,2.85234945402744,0.));
#6685=CARTESIAN_POINT('',(3.68592685335202,3.01340503391183,0.));
#6686=CARTESIAN_POINT('Ctrl Pts',(-0.935633961448538,4.45276196199438,8.5));
#6687=CARTESIAN_POINT('Ctrl Pts',(-0.93646609682158,4.45565197919885,8.5));
#6688=CARTESIAN_POINT('Ctrl Pts',(-0.937298908357308,4.45854242400249,8.49997162110038));
#6689=CARTESIAN_POINT('Ctrl Pts',(-0.961789220614317,4.54350567669426,8.49812191066575));
#6690=CARTESIAN_POINT('Ctrl Pts',(-0.997756291548289,4.66603080763701,8.45798875757668));
#6691=CARTESIAN_POINT('Ctrl Pts',(-1.04739443801632,4.83132858621968,8.30223687407982));
#6692=CARTESIAN_POINT('Ctrl Pts',(-1.06400306597824,4.88547822383735,8.1521592444966));
#6693=CARTESIAN_POINT('Ctrl Pts',(-1.06400306597824,4.88547822383735,8.05));
#6694=CARTESIAN_POINT('Ctrl Pts',(-0.935633961448538,4.45276196199438,8.5));
#6695=CARTESIAN_POINT('Ctrl Pts',(-0.937150830472635,4.45494814382061,8.50000552218396));
#6696=CARTESIAN_POINT('Ctrl Pts',(-0.938682381667254,4.45716019618138,8.49997799809539));
#6697=CARTESIAN_POINT('Ctrl Pts',(-0.983248308369775,4.52125997090206,8.49870119699936));
#6698=CARTESIAN_POINT('Ctrl Pts',(-1.04956249442539,4.6151646976827,8.47455353208848));
#6699=CARTESIAN_POINT('Ctrl Pts',(-1.16395471876627,4.77541053074652,8.34995990425909));
#6700=CARTESIAN_POINT('Ctrl Pts',(-1.22021432832152,4.85176632696316,8.18062554908246));
#6701=CARTESIAN_POINT('Ctrl Pts',(-1.21983698678431,4.85153932125212,8.05));
#6702=CARTESIAN_POINT('Ctrl Pts',(-0.935633961448538,4.45276196199438,8.5));
#6703=CARTESIAN_POINT('Ctrl Pts',(-0.937836055407864,4.45425479652426,8.50000552218379));
#6704=CARTESIAN_POINT('Ctrl Pts',(-0.940065737115091,4.45576242968642,8.49997799809557));
#6705=CARTESIAN_POINT('Ctrl Pts',(-1.00469600682832,4.49951397797536,8.49870119699485));
#6706=CARTESIAN_POINT('Ctrl Pts',(-1.10083557517853,4.56256170064333,8.47455353208762));
#6707=CARTESIAN_POINT('Ctrl Pts',(-1.26786757011497,4.666563247272,8.34995990425801));
#6708=CARTESIAN_POINT('Ctrl Pts',(-1.34857961095262,4.71629098306446,8.18062554908246));
#6709=CARTESIAN_POINT('Ctrl Pts',(-1.34831933226152,4.71589259056501,8.05));
#6710=CARTESIAN_POINT('Ctrl Pts',(-0.935633961448538,4.45276196199438,8.5));
#6711=CARTESIAN_POINT('Ctrl Pts',(-0.938532671573046,4.45356329119645,8.5));
#6712=CARTESIAN_POINT('Ctrl Pts',(-0.941432431524005,4.45436269810052,8.49997162110064));
#6713=CARTESIAN_POINT('Ctrl Pts',(-1.02668129975039,4.47782424528088,8.49812191066121));
#6714=CARTESIAN_POINT('Ctrl Pts',(-1.15034829166362,4.50926115226445,8.45798875757584));
#6715=CARTESIAN_POINT('Ctrl Pts',(-1.31836598723809,4.5473515545456,8.30223687407874));
#6716=CARTESIAN_POINT('Ctrl Pts',(-1.3737606929567,4.55844800619178,8.1521592444966));
#6717=CARTESIAN_POINT('Ctrl Pts',(-1.3737606929567,4.55844800619178,8.05));
#6718=CARTESIAN_POINT('',(-1.06400306597824,4.88547822383735,8.05));
#6719=CARTESIAN_POINT('Origin',(-0.978882820699978,4.49463996593036,8.05));
#6720=CARTESIAN_POINT('Ctrl Pts',(-0.935633961448538,4.45276196199438,8.5));
#6721=CARTESIAN_POINT('Ctrl Pts',(-0.93646609682158,4.45565197919885,8.5));
#6722=CARTESIAN_POINT('Ctrl Pts',(-0.937298908357308,4.45854242400249,8.49997162110038));
#6723=CARTESIAN_POINT('Ctrl Pts',(-0.961789220614317,4.54350567669426,8.49812191066575));
#6724=CARTESIAN_POINT('Ctrl Pts',(-0.997756291548289,4.66603080763701,8.45798875757668));
#6725=CARTESIAN_POINT('Ctrl Pts',(-1.04739443801632,4.83132858621968,8.30223687407982));
#6726=CARTESIAN_POINT('Ctrl Pts',(-1.06400306597824,4.88547822383735,8.1521592444966));
#6727=CARTESIAN_POINT('Ctrl Pts',(-1.06400306597824,4.88547822383735,8.05));
#6728=CARTESIAN_POINT('Origin',(-0.978882820699978,4.49463996593036,0.));
#6729=CARTESIAN_POINT('',(-1.06400306597824,4.88547822383735,0.));
#6730=CARTESIAN_POINT('',(-1.3737606929567,4.55844800619178,0.));
#6731=CARTESIAN_POINT('Origin',(0.,0.,0.4));
#6732=CARTESIAN_POINT('Origin',(0.,0.,0.4));
#6733=CARTESIAN_POINT('Ctrl Pts',(2.6428689744688,3.70374723540771,8.5));
#6734=CARTESIAN_POINT('Ctrl Pts',(2.64584390088264,3.70331903697977,8.5));
#6735=CARTESIAN_POINT('Ctrl Pts',(2.64881901833784,3.70288865915313,8.49997165779303));
#6736=CARTESIAN_POINT('Ctrl Pts',(2.73632004441447,3.69019201502506,8.49812302544789));
#6737=CARTESIAN_POINT('Ctrl Pts',(2.86221529747591,3.66939331714639,8.45799058750726));
#6738=CARTESIAN_POINT('Ctrl Pts',(3.03140698478741,3.63690267219334,8.30223893757746));
#6739=CARTESIAN_POINT('Ctrl Pts',(3.08660315115631,3.62485139749737,8.15216019725478));
#6740=CARTESIAN_POINT('Ctrl Pts',(3.08660315115631,3.62485139749737,8.05));
#6741=CARTESIAN_POINT('Ctrl Pts',(2.6428689744688,3.70374723540771,8.5));
#6742=CARTESIAN_POINT('Ctrl Pts',(2.64548330852802,3.70423131360328,8.50000552386986));
#6743=CARTESIAN_POINT('Ctrl Pts',(2.64812883545069,3.7047178766875,8.49997801938529));
#6744=CARTESIAN_POINT('Ctrl Pts',(2.7248794008908,3.718876826254,8.49870191854736));
#6745=CARTESIAN_POINT('Ctrl Pts',(2.83823490368491,3.73807564084443,8.47455472790243));
#6746=CARTESIAN_POINT('Ctrl Pts',(3.03295669336964,3.76635921290361,8.34996200663908));
#6747=CARTESIAN_POINT('Ctrl Pts',(3.12683855323805,3.77954334851328,8.18062685469516));
#6748=CARTESIAN_POINT('Ctrl Pts',(3.12644040006845,3.77928278543905,8.05));
#6749=CARTESIAN_POINT('Ctrl Pts',(2.6428689744688,3.70374723540771,8.5));
#6750=CARTESIAN_POINT('Ctrl Pts',(2.64513388634065,3.7051407041096,8.50000552387004));
#6751=CARTESIAN_POINT('Ctrl Pts',(2.64742260794342,3.70655198139715,8.49997801938511));
#6752=CARTESIAN_POINT('Ctrl Pts',(2.71395389829122,3.74739736523396,8.49870191855187));
#6753=CARTESIAN_POINT('Ctrl Pts',(2.81236267128685,3.80682475136994,8.47455472790329));
#6754=CARTESIAN_POINT('Ctrl Pts',(2.98141999549908,3.90774281767921,8.34996200664016));
#6755=CARTESIAN_POINT('Ctrl Pts',(3.06358092888347,3.95512716616412,8.18062685469516));
#6756=CARTESIAN_POINT('Ctrl Pts',(3.06314426462983,3.95507057763169,8.05));
#6757=CARTESIAN_POINT('Ctrl Pts',(2.6428689744688,3.70374723540771,8.5));
#6758=CARTESIAN_POINT('Ctrl Pts',(2.64478911561087,3.70605950678054,8.5));
#6759=CARTESIAN_POINT('Ctrl Pts',(2.64671004714572,3.70837189883695,8.49997165779277));
#6760=CARTESIAN_POINT('Ctrl Pts',(2.70321831515403,3.77638046749138,8.49812302545244));
#6761=CARTESIAN_POINT('Ctrl Pts',(2.78530574105515,3.87419707499787,8.4579905875081));
#6762=CARTESIAN_POINT('Ctrl Pts',(2.89707078870572,4.005713314408,8.30223893757854));
#6763=CARTESIAN_POINT('Ctrl Pts',(2.93400272471211,4.0486575566948,8.15216019725478));
#6764=CARTESIAN_POINT('Ctrl Pts',(2.93400272471211,4.0486575566948,8.05));
#6765=CARTESIAN_POINT('',(3.08660315115631,3.62485139749737,8.05));
#6766=CARTESIAN_POINT('',(2.93400272471211,4.0486575566948,8.05));
#6767=CARTESIAN_POINT('Origin',(2.69928250673514,3.72476495215922,8.05));
#6768=CARTESIAN_POINT('Ctrl Pts',(2.93400272471211,4.0486575566948,8.05));
#6769=CARTESIAN_POINT('Ctrl Pts',(2.93400272471211,4.0486575566948,8.15216019725478));
#6770=CARTESIAN_POINT('Ctrl Pts',(2.89707078870572,4.005713314408,8.30223893757854));
#6771=CARTESIAN_POINT('Ctrl Pts',(2.78530574105515,3.87419707499787,8.4579905875081));
#6772=CARTESIAN_POINT('Ctrl Pts',(2.70321831515403,3.77638046749138,8.49812302545244));
#6773=CARTESIAN_POINT('Ctrl Pts',(2.64671004714572,3.70837189883695,8.49997165779277));
#6774=CARTESIAN_POINT('Ctrl Pts',(2.64478911561087,3.70605950678054,8.5));
#6775=CARTESIAN_POINT('Ctrl Pts',(2.6428689744688,3.70374723540771,8.5));
#6776=CARTESIAN_POINT('Ctrl Pts',(2.6428689744688,3.70374723540771,8.5));
#6777=CARTESIAN_POINT('Ctrl Pts',(2.64584390088264,3.70331903697977,8.5));
#6778=CARTESIAN_POINT('Ctrl Pts',(2.64881901833784,3.70288865915313,8.49997165779303));
#6779=CARTESIAN_POINT('Ctrl Pts',(2.73632004441447,3.69019201502506,8.49812302544789));
#6780=CARTESIAN_POINT('Ctrl Pts',(2.86221529747591,3.66939331714639,8.45799058750726));
#6781=CARTESIAN_POINT('Ctrl Pts',(3.03140698478741,3.63690267219334,8.30223893757746));
#6782=CARTESIAN_POINT('Ctrl Pts',(3.08660315115631,3.62485139749737,8.15216019725478));
#6783=CARTESIAN_POINT('Ctrl Pts',(3.08660315115631,3.62485139749737,8.05));
#6784=CARTESIAN_POINT('Origin',(2.69928250673514,3.72476495215922,0.));
#6785=CARTESIAN_POINT('',(3.08660315115631,3.62485139749737,0.));
#6786=CARTESIAN_POINT('',(2.93400272471211,4.0486575566948,0.));
#6787=CARTESIAN_POINT('Ctrl Pts',(-0.750111713318108,4.48774246337098,8.5));
#6788=CARTESIAN_POINT('Ctrl Pts',(-0.747704942255469,4.48954353459333,8.5));
#6789=CARTESIAN_POINT('Ctrl Pts',(-0.745296494731656,4.4913431992829,8.49997164788869));
#6790=CARTESIAN_POINT('Ctrl Pts',(-0.674445315960262,4.54423735968386,8.49812275889937));
#6791=CARTESIAN_POINT('Ctrl Pts',(-0.570716622671463,4.61855062478897,8.45799018666219));
#6792=CARTESIAN_POINT('Ctrl Pts',(-0.4281051471406,4.71521122897046,8.30223849949675));
#6793=CARTESIAN_POINT('Ctrl Pts',(-0.38055404288674,4.74571862704788,8.15215995105845));
#6794=CARTESIAN_POINT('Ctrl Pts',(-0.38055404288674,4.74571862704788,8.05));
#6795=CARTESIAN_POINT('Ctrl Pts',(-0.750111713318109,4.48774246337098,8.5));
#6796=CARTESIAN_POINT('Ctrl Pts',(-0.748605134800359,4.48993370451259,8.50000552342813));
#6797=CARTESIAN_POINT('Ctrl Pts',(-0.747078255414444,4.4921487631818,8.49997801346144));
#6798=CARTESIAN_POINT('Ctrl Pts',(-0.702818522791838,4.55643126029642,8.49870175309601));
#6799=CARTESIAN_POINT('Ctrl Pts',(-0.636238932472178,4.65016048065367,8.47455449024391));
#6800=CARTESIAN_POINT('Ctrl Pts',(-0.518548032579812,4.80784768464971,8.3499615586075));
#6801=CARTESIAN_POINT('Ctrl Pts',(-0.461485730521626,4.88355385699351,8.18062651746868));
#6802=CARTESIAN_POINT('Ctrl Pts',(-0.461583034790217,4.88308806489192,8.05));
#6803=CARTESIAN_POINT('Ctrl Pts',(-0.750111713318111,4.48774246337098,8.5));
#6804=CARTESIAN_POINT('Ctrl Pts',(-0.749495388323055,4.49032973364543,8.5000055234283));
#6805=CARTESIAN_POINT('Ctrl Pts',(-0.748874817056244,4.49294643553063,8.49997801346126));
#6806=CARTESIAN_POINT('Ctrl Pts',(-0.730711377145751,4.56887328046473,8.49870175310055));
#6807=CARTESIAN_POINT('Ctrl Pts',(-0.703146366470346,4.68047980082917,8.47455449024477));
#6808=CARTESIAN_POINT('Ctrl Pts',(-0.65496291358637,4.87138044641425,8.34996155860858));
#6809=CARTESIAN_POINT('Ctrl Pts',(-0.630371387861586,4.96298207232263,8.18062651746868));
#6810=CARTESIAN_POINT('Ctrl Pts',(-0.630640148003309,4.96263327918846,8.05));
#6811=CARTESIAN_POINT('Ctrl Pts',(-0.750111713318113,4.48774246337098,8.5));
#6812=CARTESIAN_POINT('Ctrl Pts',(-0.750389006859147,4.49073570787053,8.5));
#6813=CARTESIAN_POINT('Ctrl Pts',(-0.750665826680427,4.49372959657063,8.49997164788843));
#6814=CARTESIAN_POINT('Ctrl Pts',(-0.758796953598049,4.58177664130546,8.49812275890394));
#6815=CARTESIAN_POINT('Ctrl Pts',(-0.769917921596978,4.70898772950374,8.45799018666304));
#6816=CARTESIAN_POINT('Ctrl Pts',(-0.783882452050905,4.88101323601298,8.30223849949784));
#6817=CARTESIAN_POINT('Ctrl Pts',(-0.788133232215946,4.93749389956857,8.15215995105845));
#6818=CARTESIAN_POINT('Ctrl Pts',(-0.788133232215946,4.93749389956857,8.05));
#6819=CARTESIAN_POINT('',(-0.788133232215946,4.93749389956857,8.05));
#6820=CARTESIAN_POINT('Origin',(-0.725082573638671,4.54249438760308,8.05));
#6821=CARTESIAN_POINT('Ctrl Pts',(-0.788133232215946,4.93749389956857,8.05));
#6822=CARTESIAN_POINT('Ctrl Pts',(-0.788133232215946,4.93749389956857,8.15215995105845));
#6823=CARTESIAN_POINT('Ctrl Pts',(-0.783882452050905,4.88101323601298,8.30223849949784));
#6824=CARTESIAN_POINT('Ctrl Pts',(-0.769917921596978,4.70898772950374,8.45799018666304));
#6825=CARTESIAN_POINT('Ctrl Pts',(-0.758796953598049,4.58177664130546,8.49812275890394));
#6826=CARTESIAN_POINT('Ctrl Pts',(-0.750665826680427,4.49372959657063,8.49997164788843));
#6827=CARTESIAN_POINT('Ctrl Pts',(-0.750389006859147,4.49073570787053,8.5));
#6828=CARTESIAN_POINT('Ctrl Pts',(-0.750111713318113,4.48774246337098,8.5));
#6829=CARTESIAN_POINT('Origin',(-0.725082573638671,4.54249438760308,0.));
#6830=CARTESIAN_POINT('',(-0.38055404288674,4.74571862704788,0.));
#6831=CARTESIAN_POINT('',(-0.788133232215946,4.93749389956857,0.));
#6832=CARTESIAN_POINT('Origin',(1.95959178023478,4.60000000596047,0.4));
#6833=CARTESIAN_POINT('Origin',(1.95959178023478,4.60000000596047,0.4));
#6834=CARTESIAN_POINT('Ctrl Pts',(2.48723763097721,3.81000642611673,8.5));
#6835=CARTESIAN_POINT('Ctrl Pts',(2.48869294764496,3.81263828897747,8.5));
#6836=CARTESIAN_POINT('Ctrl Pts',(2.49015007937172,3.81527498599721,8.49996761332046));
#6837=CARTESIAN_POINT('Ctrl Pts',(2.55344828684539,3.9297960747509,8.49750103559579));
#6838=CARTESIAN_POINT('Ctrl Pts',(2.63635836054696,4.08279117019109,8.41974272249158));
#6839=CARTESIAN_POINT('Ctrl Pts',(2.69408221642691,4.19098697512844,8.20388278987861));
#6840=CARTESIAN_POINT('Ctrl Pts',(2.70246986972458,4.20673942659048,8.1010796222483));
#6841=CARTESIAN_POINT('Ctrl Pts',(2.70246986972458,4.20673942659048,8.05));
#6842=CARTESIAN_POINT('Ctrl Pts',(2.48723763097721,3.81000642611673,8.5));
#6843=CARTESIAN_POINT('Ctrl Pts',(2.48770882800271,3.81256496974919,8.49992327466768));
#6844=CARTESIAN_POINT('Ctrl Pts',(2.48819706401661,3.81534582894593,8.50007343898782));
#6845=CARTESIAN_POINT('Ctrl Pts',(2.50848415991616,3.92691698890282,8.49503220571002));
#6846=CARTESIAN_POINT('Ctrl Pts',(2.53626657583344,4.09013339501852,8.46075604203652));
#6847=CARTESIAN_POINT('Ctrl Pts',(2.56391443800164,4.26383209835691,8.2411504236731));
#6848=CARTESIAN_POINT('Ctrl Pts',(2.56825842581778,4.29277207863691,8.11309832044848));
#6849=CARTESIAN_POINT('Ctrl Pts',(2.56828593345065,4.29294111583446,8.05));
#6850=CARTESIAN_POINT('Ctrl Pts',(2.48723763097721,3.81000642611673,8.5));
#6851=CARTESIAN_POINT('Ctrl Pts',(2.48674066870549,3.81255722846968,8.4999232746675));
#6852=CARTESIAN_POINT('Ctrl Pts',(2.48621781616811,3.81533755016373,8.50007343898799));
#6853=CARTESIAN_POINT('Ctrl Pts',(2.464667699462,3.92657611485254,8.4950322057035));
#6854=CARTESIAN_POINT('Ctrl Pts',(2.42898257297643,4.08826210100958,8.46075604203687));
#6855=CARTESIAN_POINT('Ctrl Pts',(2.38823050549382,4.2592428932819,8.24115042367191));
#6856=CARTESIAN_POINT('Ctrl Pts',(2.38153665186848,4.28770449331165,8.11309832044847));
#6857=CARTESIAN_POINT('Ctrl Pts',(2.38151813717159,4.28788751132989,8.05));
#6858=CARTESIAN_POINT('Ctrl Pts',(2.48723763097721,3.81000642611673,8.5));
#6859=CARTESIAN_POINT('Ctrl Pts',(2.48575473214401,3.8126228473226,8.5));
#6860=CARTESIAN_POINT('Ctrl Pts',(2.48426672778464,3.81524203748046,8.49996761332071));
#6861=CARTESIAN_POINT('Ctrl Pts',(2.41966863075716,3.92903407193751,8.49750103558923));
#6862=CARTESIAN_POINT('Ctrl Pts',(2.32881662145334,4.07720936624297,8.41974272249196));
#6863=CARTESIAN_POINT('Ctrl Pts',(2.26197108878586,4.17967922440203,8.20388278987742));
#6864=CARTESIAN_POINT('Ctrl Pts',(2.25219205796358,4.19455570957312,8.1010796222483));
#6865=CARTESIAN_POINT('Ctrl Pts',(2.25219205796358,4.19455570957312,8.05));
#6866=CARTESIAN_POINT('',(2.70246986972458,4.20673942659048,8.05));
#6867=CARTESIAN_POINT('',(2.25219205796358,4.19455570957312,8.05));
#6868=CARTESIAN_POINT('Origin',(2.48627228014662,3.87020027246324,8.05));
#6869=CARTESIAN_POINT('Ctrl Pts',(2.25219205796358,4.19455570957312,8.05));
#6870=CARTESIAN_POINT('Ctrl Pts',(2.25219205796358,4.19455570957312,8.1010796222483));
#6871=CARTESIAN_POINT('Ctrl Pts',(2.26197108878586,4.17967922440203,8.20388278987742));
#6872=CARTESIAN_POINT('Ctrl Pts',(2.32881662145334,4.07720936624297,8.41974272249196));
#6873=CARTESIAN_POINT('Ctrl Pts',(2.41966863075716,3.92903407193751,8.49750103558923));
#6874=CARTESIAN_POINT('Ctrl Pts',(2.48426672778464,3.81524203748046,8.49996761332071));
#6875=CARTESIAN_POINT('Ctrl Pts',(2.48575473214401,3.8126228473226,8.5));
#6876=CARTESIAN_POINT('Ctrl Pts',(2.48723763097721,3.81000642611673,8.5));
#6877=CARTESIAN_POINT('Ctrl Pts',(2.48723763097721,3.81000642611673,8.5));
#6878=CARTESIAN_POINT('Ctrl Pts',(2.48869294764496,3.81263828897747,8.5));
#6879=CARTESIAN_POINT('Ctrl Pts',(2.49015007937172,3.81527498599721,8.49996761332046));
#6880=CARTESIAN_POINT('Ctrl Pts',(2.55344828684539,3.9297960747509,8.49750103559579));
#6881=CARTESIAN_POINT('Ctrl Pts',(2.63635836054696,4.08279117019109,8.41974272249158));
#6882=CARTESIAN_POINT('Ctrl Pts',(2.69408221642691,4.19098697512844,8.20388278987861));
#6883=CARTESIAN_POINT('Ctrl Pts',(2.70246986972458,4.20673942659048,8.1010796222483));
#6884=CARTESIAN_POINT('Ctrl Pts',(2.70246986972458,4.20673942659048,8.05));
#6885=CARTESIAN_POINT('Origin',(2.48627228014662,3.87020027246324,0.));
#6886=CARTESIAN_POINT('',(2.70246986972458,4.20673942659048,0.));
#6887=CARTESIAN_POINT('',(2.25219205796358,4.19455570957312,0.));
#6888=CARTESIAN_POINT('Ctrl Pts',(0.839902777349399,4.47180761265518,8.5));
#6889=CARTESIAN_POINT('Ctrl Pts',(0.84024015846934,4.47479606086472,8.5));
#6890=CARTESIAN_POINT('Ctrl Pts',(0.840577078579259,4.47778516292673,8.49997162113858));
#6891=CARTESIAN_POINT('Ctrl Pts',(0.850471250249619,4.56565230670478,8.49812190887198));
#6892=CARTESIAN_POINT('Ctrl Pts',(0.864139364583746,4.69261379758975,8.45798875141556));
#6893=CARTESIAN_POINT('Ctrl Pts',(0.881548614030412,4.86432349158486,8.30223686601537));
#6894=CARTESIAN_POINT('Ctrl Pts',(0.886930416654486,4.92070670087266,8.1521592444966));
#6895=CARTESIAN_POINT('Ctrl Pts',(0.886930416654486,4.92070670087266,8.05));
#6896=CARTESIAN_POINT('Ctrl Pts',(0.839902777349399,4.47180761265518,8.5));
#6897=CARTESIAN_POINT('Ctrl Pts',(0.839338173354204,4.47440790205105,8.50000552218396));
#6898=CARTESIAN_POINT('Ctrl Pts',(0.838769907125101,4.47703771160119,8.4999779981336));
#6899=CARTESIAN_POINT('Ctrl Pts',(0.822131698836227,4.55331400458588,8.49870119520559));
#6900=CARTESIAN_POINT('Ctrl Pts',(0.796809127041804,4.66544979731414,8.47455352592736));
#6901=CARTESIAN_POINT('Ctrl Pts',(0.752461542123956,4.8572768013671,8.34995989619464));
#6902=CARTESIAN_POINT('Ctrl Pts',(0.729711078333325,4.94935159800275,8.18062554908246));
#6903=CARTESIAN_POINT('Ctrl Pts',(0.729972799978961,4.94899745112819,8.05));
#6904=CARTESIAN_POINT('Ctrl Pts',(0.839902777349398,4.47180761265518,8.5));
#6905=CARTESIAN_POINT('Ctrl Pts',(0.838439748668437,4.474029620715,8.50000552218379));
#6906=CARTESIAN_POINT('Ctrl Pts',(0.836956897133099,4.47627585971786,8.49997799813378));
#6907=CARTESIAN_POINT('Ctrl Pts',(0.793993934656024,4.54143300440442,8.49870119520106));
#6908=CARTESIAN_POINT('Ctrl Pts',(0.729306625722635,4.63647711877223,8.4745535259265));
#6909=CARTESIAN_POINT('Ctrl Pts',(0.614800218431496,4.79649052919637,8.34995989619356));
#6910=CARTESIAN_POINT('Ctrl Pts',(0.559267451121614,4.87332407316897,8.18062554908246));
#6911=CARTESIAN_POINT('Ctrl Pts',(0.559355425851309,4.87285639590034,8.05));
#6912=CARTESIAN_POINT('Ctrl Pts',(0.839902777349397,4.47180761265518,8.5));
#6913=CARTESIAN_POINT('Ctrl Pts',(0.837531505179792,4.47365740106839,8.5));
#6914=CARTESIAN_POINT('Ctrl Pts',(0.835158527356742,4.47550581538965,8.49997162113884));
#6915=CARTESIAN_POINT('Ctrl Pts',(0.765381045537908,4.52980974386609,8.49812190886742));
#6916=CARTESIAN_POINT('Ctrl Pts',(0.663163451979091,4.60618622709911,8.45798875141472));
#6917=CARTESIAN_POINT('Ctrl Pts',(0.522518974945409,4.70568474790854,8.30223686601428));
#6918=CARTESIAN_POINT('Ctrl Pts',(0.475589599869258,4.73713850326997,8.1521592444966));
#6919=CARTESIAN_POINT('Ctrl Pts',(0.475589599869258,4.73713850326997,8.05));
#6920=CARTESIAN_POINT('',(0.886930416654486,4.92070670087266,8.05));
#6921=CARTESIAN_POINT('Origin',(0.815975983322126,4.52705016480285,8.05));
#6922=CARTESIAN_POINT('Ctrl Pts',(0.839902777349399,4.47180761265518,8.5));
#6923=CARTESIAN_POINT('Ctrl Pts',(0.84024015846934,4.47479606086472,8.5));
#6924=CARTESIAN_POINT('Ctrl Pts',(0.840577078579259,4.47778516292673,8.49997162113858));
#6925=CARTESIAN_POINT('Ctrl Pts',(0.850471250249619,4.56565230670478,8.49812190887198));
#6926=CARTESIAN_POINT('Ctrl Pts',(0.864139364583746,4.69261379758975,8.45798875141556));
#6927=CARTESIAN_POINT('Ctrl Pts',(0.881548614030412,4.86432349158486,8.30223686601537));
#6928=CARTESIAN_POINT('Ctrl Pts',(0.886930416654486,4.92070670087266,8.1521592444966));
#6929=CARTESIAN_POINT('Ctrl Pts',(0.886930416654486,4.92070670087266,8.05));
#6930=CARTESIAN_POINT('Origin',(0.815975983322126,4.52705016480285,0.));
#6931=CARTESIAN_POINT('',(0.886930416654485,4.92070670087266,0.));
#6932=CARTESIAN_POINT('',(0.475589599869258,4.73713850326997,0.));
#6933=CARTESIAN_POINT('Ctrl Pts',(1.02435083920352,4.43319358456441,8.5));
#6934=CARTESIAN_POINT('Ctrl Pts',(1.02726310033451,4.4339364015409,8.5));
#6935=CARTESIAN_POINT('Ctrl Pts',(1.0301808898804,4.43467745710625,8.49996765425597));
#6936=CARTESIAN_POINT('Ctrl Pts',(1.15699276497747,4.46692894821632,8.49750271006567));
#6937=CARTESIAN_POINT('Ctrl Pts',(1.32678987812378,4.5040690799822,8.41974594069528));
#6938=CARTESIAN_POINT('Ctrl Pts',(1.44699718563304,4.52685641999072,8.20388423066928));
#6939=CARTESIAN_POINT('Ctrl Pts',(1.46450035188172,4.53011096839856,8.10108012008378));
#6940=CARTESIAN_POINT('Ctrl Pts',(1.46450035188172,4.53011096839856,8.05));
#6941=CARTESIAN_POINT('Ctrl Pts',(1.02435083920352,4.43319358456441,8.5));
#6942=CARTESIAN_POINT('Ctrl Pts',(1.02653317333589,4.43460148792662,8.49992330011593));
#6943=CARTESIAN_POINT('Ctrl Pts',(1.02889889421769,4.43614968260166,8.50007342737223));
#6944=CARTESIAN_POINT('Ctrl Pts',(1.1240458159258,4.49767519788573,8.49503316935661));
#6945=CARTESIAN_POINT('Ctrl Pts',(1.26536511311298,4.58395802402388,8.46075878184243));
#6946=CARTESIAN_POINT('Ctrl Pts',(1.41690019667779,4.6730272953052,8.2411521941261));
#6947=CARTESIAN_POINT('Ctrl Pts',(1.44206279461519,4.68791869435852,8.11309893205117));
#6948=CARTESIAN_POINT('Ctrl Pts',(1.44220758493929,4.68803212760319,8.05));
#6949=CARTESIAN_POINT('Ctrl Pts',(1.02435083920352,4.43319358456441,8.5));
#6950=CARTESIAN_POINT('Ctrl Pts',(1.02586844648233,4.4353045643894,8.49992330011611));
#6951=CARTESIAN_POINT('Ctrl Pts',(1.02753451377758,4.43758179560096,8.50007342737205));
#6952=CARTESIAN_POINT('Ctrl Pts',(1.09393665514478,4.52950755395475,8.495033169363));
#6953=CARTESIAN_POINT('Ctrl Pts',(1.19238948922389,4.66261869695934,8.46075878184208));
#6954=CARTESIAN_POINT('Ctrl Pts',(1.2984959549264,4.80289741326895,8.24115219412727));
#6955=CARTESIAN_POINT('Ctrl Pts',(1.31635633179118,4.82608015284912,8.11309893205118));
#6956=CARTESIAN_POINT('Ctrl Pts',(1.3164591595425,4.82621708393221,8.05));
#6957=CARTESIAN_POINT('Ctrl Pts',(1.02435083920352,4.43319358456441,8.5));
#6958=CARTESIAN_POINT('Ctrl Pts',(1.02523993939002,4.43606456743763,8.5));
#6959=CARTESIAN_POINT('Ctrl Pts',(1.02613126606965,4.43894020375719,8.49996765425572));
#6960=CARTESIAN_POINT('Ctrl Pts',(1.0648626590293,4.56392616248495,8.49750271007211));
#6961=CARTESIAN_POINT('Ctrl Pts',(1.11775224221661,4.72971130795433,8.41974594069491));
#6962=CARTESIAN_POINT('Ctrl Pts',(1.15578520770214,4.84629833464298,8.20388423067046));
#6963=CARTESIAN_POINT('Ctrl Pts',(1.16133392304269,4.863260585162,8.10108012008378));
#6964=CARTESIAN_POINT('Ctrl Pts',(1.16133392304269,4.863260585162,8.05));
#6965=CARTESIAN_POINT('',(1.46450035188172,4.53011096839856,8.05));
#6966=CARTESIAN_POINT('',(1.16133392304269,4.863260585162,8.05));
#6967=CARTESIAN_POINT('Origin',(1.06842720919928,4.47419973834904,8.05));
#6968=CARTESIAN_POINT('Ctrl Pts',(1.16133392304269,4.863260585162,8.05));
#6969=CARTESIAN_POINT('Ctrl Pts',(1.16133392304269,4.863260585162,8.10108012008378));
#6970=CARTESIAN_POINT('Ctrl Pts',(1.15578520770214,4.84629833464298,8.20388423067046));
#6971=CARTESIAN_POINT('Ctrl Pts',(1.11775224221661,4.72971130795433,8.41974594069491));
#6972=CARTESIAN_POINT('Ctrl Pts',(1.0648626590293,4.56392616248495,8.49750271007211));
#6973=CARTESIAN_POINT('Ctrl Pts',(1.02613126606965,4.43894020375719,8.49996765425572));
#6974=CARTESIAN_POINT('Ctrl Pts',(1.02523993939002,4.43606456743763,8.5));
#6975=CARTESIAN_POINT('Ctrl Pts',(1.02435083920352,4.43319358456441,8.5));
#6976=CARTESIAN_POINT('Ctrl Pts',(1.02435083920352,4.43319358456441,8.5));
#6977=CARTESIAN_POINT('Ctrl Pts',(1.02726310033451,4.4339364015409,8.5));
#6978=CARTESIAN_POINT('Ctrl Pts',(1.0301808898804,4.43467745710625,8.49996765425597));
#6979=CARTESIAN_POINT('Ctrl Pts',(1.15699276497747,4.46692894821632,8.49750271006567));
#6980=CARTESIAN_POINT('Ctrl Pts',(1.32678987812378,4.5040690799822,8.41974594069528));
#6981=CARTESIAN_POINT('Ctrl Pts',(1.44699718563304,4.52685641999072,8.20388423066928));
#6982=CARTESIAN_POINT('Ctrl Pts',(1.46450035188172,4.53011096839856,8.10108012008378));
#6983=CARTESIAN_POINT('Ctrl Pts',(1.46450035188172,4.53011096839856,8.05));
#6984=CARTESIAN_POINT('Origin',(1.06842720919928,4.47419973834904,0.));
#6985=CARTESIAN_POINT('',(1.46450035188172,4.53011096839856,0.));
#6986=CARTESIAN_POINT('',(1.16133392304269,4.863260585162,0.));
#6987=CARTESIAN_POINT('Origin',(0.,0.,0.));
#6988=CARTESIAN_POINT('Origin',(0.,0.,8.05));
#6989=CARTESIAN_POINT('Origin',(-0.0499172295034732,-4.99975082081084,0.));
#6990=CARTESIAN_POINT('Origin',(-0.0499172295034732,-4.99975082081084,8.05));
#6991=CARTESIAN_POINT('Origin',(-0.0499172295034732,-4.99975082081084,8.05));
#6992=CARTESIAN_POINT('Origin',(0.,0.,0.));
#6993=CARTESIAN_POINT('Origin',(0.,0.,8.05));
#6994=CARTESIAN_POINT('Origin',(0.,0.,8.05));
#6995=CARTESIAN_POINT('Origin',(1.86718233613019,-4.63827878890903,0.));
#6996=CARTESIAN_POINT('Origin',(1.86718233613019,-4.63827878890903,8.05));
#6997=CARTESIAN_POINT('Origin',(1.86718233613019,-4.63827878890903,8.05));
#6998=CARTESIAN_POINT('Origin',(0.,0.,0.));
#6999=CARTESIAN_POINT('Origin',(0.,0.,8.05));
#7000=CARTESIAN_POINT('Origin',(0.,0.,8.05));
#7001=CARTESIAN_POINT('Origin',(3.5000270838095,-3.57068766662669,0.));
#7002=CARTESIAN_POINT('Origin',(3.5000270838095,-3.57068766662669,8.05));
#7003=CARTESIAN_POINT('Origin',(3.5000270838095,-3.57068766662669,8.05));
#7004=CARTESIAN_POINT('Origin',(0.,0.,0.));
#7005=CARTESIAN_POINT('Origin',(0.,0.,8.05));
#7006=CARTESIAN_POINT('Origin',(0.,0.,8.05));
#7007=CARTESIAN_POINT('Origin',(4.60003711990649,-1.95950465564193,0.));
#7008=CARTESIAN_POINT('Origin',(4.60003711990649,-1.95950465564193,8.05));
#7009=CARTESIAN_POINT('Origin',(4.60003711990649,-1.95950465564193,8.05));
#7010=CARTESIAN_POINT('Origin',(0.,0.,0.));
#7011=CARTESIAN_POINT('Origin',(0.,0.,8.05));
#7012=CARTESIAN_POINT('Origin',(0.,0.,8.05));
#7013=CARTESIAN_POINT('Origin',(4.99974987447913,-0.0500119250372937,0.));
#7014=CARTESIAN_POINT('Origin',(4.99974987447913,-0.0500119250372937,8.05));
#7015=CARTESIAN_POINT('Origin',(4.99974987447913,-0.0500119250372937,8.05));
#7016=CARTESIAN_POINT('Origin',(0.,0.,0.));
#7017=CARTESIAN_POINT('Origin',(0.,0.,8.05));
#7018=CARTESIAN_POINT('Origin',(0.,0.,8.05));
#7019=CARTESIAN_POINT('Origin',(4.63831415260847,1.86709448655175,0.));
#7020=CARTESIAN_POINT('Origin',(4.63831415260847,1.86709448655175,8.05));
#7021=CARTESIAN_POINT('Origin',(4.63831415260847,1.86709448655175,8.05));
#7022=CARTESIAN_POINT('Origin',(0.,0.,0.));
#7023=CARTESIAN_POINT('Origin',(0.,0.,8.05));
#7024=CARTESIAN_POINT('Origin',(0.,0.,8.05));
#7025=CARTESIAN_POINT('Origin',(3.57075395668278,3.49995945417005,0.));
#7026=CARTESIAN_POINT('Origin',(3.57075395668278,3.49995945417005,8.05));
#7027=CARTESIAN_POINT('Origin',(3.57075395668278,3.49995945417005,8.05));
#7028=CARTESIAN_POINT('Origin',(0.,0.,0.));
#7029=CARTESIAN_POINT('Origin',(0.,0.,8.05));
#7030=CARTESIAN_POINT('Origin',(0.,0.,8.05));
#7031=CARTESIAN_POINT('Origin',(1.95959178023478,4.60000000596047,0.));
#7032=CARTESIAN_POINT('Origin',(1.95959178023478,4.60000000596047,8.05));
#7033=CARTESIAN_POINT('Origin',(1.95959178023478,4.60000000596047,8.05));
#7034=CARTESIAN_POINT('Origin',(0.,0.,8.05));
#7035=CARTESIAN_POINT('Origin',(0.,0.,8.05));
#7036=CARTESIAN_POINT('Origin',(0.,0.,8.05));
#7037=CARTESIAN_POINT('Origin',(0.,0.,8.05));
#7038=CARTESIAN_POINT('Origin',(0.,0.,8.05));
#7039=CARTESIAN_POINT('Origin',(0.,0.,8.05));
#7040=CARTESIAN_POINT('Origin',(0.,0.,8.05));
#7041=CARTESIAN_POINT('Origin',(0.,0.,8.05));
#7042=CARTESIAN_POINT('Origin',(0.,0.,8.05));
#7043=CARTESIAN_POINT('Origin',(0.,0.,8.05));
#7044=CARTESIAN_POINT('Origin',(0.,0.,8.05));
#7045=CARTESIAN_POINT('Origin',(0.,0.,8.05));
#7046=CARTESIAN_POINT('Origin',(0.,0.,8.05));
#7047=CARTESIAN_POINT('Origin',(0.,0.,8.05));
#7048=CARTESIAN_POINT('Origin',(0.,0.,8.05));
#7049=CARTESIAN_POINT('Origin',(0.,0.,8.05));
#7050=CARTESIAN_POINT('Origin',(0.,0.,8.05));
#7051=CARTESIAN_POINT('Origin',(-3.5706213752897,-3.50009471219341,0.));
#7052=CARTESIAN_POINT('Origin',(0.,0.,0.));
#7053=CARTESIAN_POINT('Origin',(-4.63824342354572,-1.86727018503882,0.));
#7054=CARTESIAN_POINT('Origin',(0.,0.,0.));
#7055=CARTESIAN_POINT('Origin',(-4.99975176534902,0.0498225339517461,0.));
#7056=CARTESIAN_POINT('Origin',(0.,0.,0.));
#7057=CARTESIAN_POINT('Origin',(-4.60011134284808,1.95933040434748,0.));
#7058=CARTESIAN_POINT('Origin',(0.,0.,0.));
#7059=CARTESIAN_POINT('Origin',(-3.50016233932174,3.57055508267184,0.));
#7060=CARTESIAN_POINT('Origin',(0.,0.,0.));
#7061=CARTESIAN_POINT('Origin',(-1.86735803327761,4.63820805651855,0.));
#7062=CARTESIAN_POINT('Origin',(0.,0.,0.));
#7063=CARTESIAN_POINT('Origin',(0.0501066205531727,4.99974892635388,0.));
#7064=CARTESIAN_POINT('Origin',(0.,0.,0.));
#7065=CARTESIAN_POINT('Origin',(-1.55,-2.56855990780826,0.));
#7066=CARTESIAN_POINT('',(-1.55,2.56855990780826,0.));
#7067=CARTESIAN_POINT('Origin',(0.,0.,0.));
#7068=CARTESIAN_POINT('Origin',(-1.95941753034615,-4.60007423220237,0.));
#7069=CARTESIAN_POINT('Origin',(0.,0.,0.));
#7070=UNCERTAINTY_MEASURE_WITH_UNIT(LENGTH_MEASURE(0.01),#7074,
'DISTANCE_ACCURACY_VALUE',
'Maximum model space distance between geometric entities at asserted c
onnectivities');
#7071=UNCERTAINTY_MEASURE_WITH_UNIT(LENGTH_MEASURE(0.01),#7074,
'DISTANCE_ACCURACY_VALUE',
'Maximum model space distance between geometric entities at asserted c
onnectivities');
#7072=(
GEOMETRIC_REPRESENTATION_CONTEXT(3)
GLOBAL_UNCERTAINTY_ASSIGNED_CONTEXT((#7070))
GLOBAL_UNIT_ASSIGNED_CONTEXT((#7074,#7076,#7077))
REPRESENTATION_CONTEXT('','3D')
);
#7073=(
GEOMETRIC_REPRESENTATION_CONTEXT(3)
GLOBAL_UNCERTAINTY_ASSIGNED_CONTEXT((#7071))
GLOBAL_UNIT_ASSIGNED_CONTEXT((#7074,#7076,#7077))
REPRESENTATION_CONTEXT('','3D')
);
#7074=(
LENGTH_UNIT()
NAMED_UNIT(*)
SI_UNIT(.MILLI.,.METRE.)
);
#7075=(
LENGTH_UNIT()
NAMED_UNIT(*)
SI_UNIT($,.METRE.)
);
#7076=(
NAMED_UNIT(*)
PLANE_ANGLE_UNIT()
SI_UNIT($,.RADIAN.)
);
#7077=(
NAMED_UNIT(*)
SI_UNIT($,.STERADIAN.)
SOLID_ANGLE_UNIT()
);
#7078=SHAPE_DEFINITION_REPRESENTATION(#7079,#7080);
#7079=PRODUCT_DEFINITION_SHAPE('',$,#7082);
#7080=SHAPE_REPRESENTATION('',(#3038),#7072);
#7081=PRODUCT_DEFINITION_CONTEXT('part definition',#7086,'design');
#7082=PRODUCT_DEFINITION('Drehknopf','Drehknopf v9',#7083,#7081);
#7083=PRODUCT_DEFINITION_FORMATION('',$,#7088);
#7084=PRODUCT_RELATED_PRODUCT_CATEGORY('Drehknopf v9','Drehknopf v9',(#7088));
#7085=APPLICATION_PROTOCOL_DEFINITION('international standard',
'automotive_design',2009,#7086);
#7086=APPLICATION_CONTEXT(
'Core Data for Automotive Mechanical Design Process');
#7087=PRODUCT_CONTEXT('part definition',#7086,'mechanical');
#7088=PRODUCT('Drehknopf','Drehknopf v9',$,(#7087));
#7089=PRESENTATION_STYLE_ASSIGNMENT((#7090));
#7090=SURFACE_STYLE_USAGE(.BOTH.,#7091);
#7091=SURFACE_SIDE_STYLE('',(#7092));
#7092=SURFACE_STYLE_FILL_AREA(#7093);
#7093=FILL_AREA_STYLE('Stahl - satiniert',(#7094));
#7094=FILL_AREA_STYLE_COLOUR('Stahl - satiniert',#7095);
#7095=COLOUR_RGB('Stahl - satiniert',0.627450980392157,0.627450980392157,
0.627450980392157);
ENDSEC;
END-ISO-10303-21;
