ISO-10303-21;
HEADER;
/* Generated by software containing ST-Developer
 * from STEP Tools, Inc. (www.steptools.com) 
 */

FILE_DESCRIPTION(
/* description */ (''),
/* implementation_level */ '2;1');

FILE_NAME(
/* name */ 'Montagerahmen.step',
/* time_stamp */ '2026-10-02T07:23:00+02:00',
/* author */ (''),
/* organization */ (''),
/* preprocessor_version */ 'ST-DEVELOPER v20.2',
/* originating_system */ 'Autodesk Translation Framework v15.15.0.0',
/* authorisation */ '');

FILE_SCHEMA (('AUTOMOTIVE_DESIGN { 1 0 10303 214 3 1 1 }'));
ENDSEC;

DATA;
#10=MECHANICAL_DESIGN_GEOMETRIC_PRESENTATION_REPRESENTATION('',(#13),#9712);
#11=SHAPE_REPRESENTATION_RELATIONSHIP('SRR','None',#9719,#12);
#12=ADVANCED_BREP_SHAPE_REPRESENTATION('',(#14),#9711);
#13=STYLED_ITEM('',(#9728),#14);
#14=MANIFOLD_SOLID_BREP('K\X\F6rper2',#4921);
#15=CONICAL_SURFACE('',#5430,4.55,0.785398163397449);
#16=CONICAL_SURFACE('',#5435,2.575,0.785398163397449);
#17=CONICAL_SURFACE('',#5442,2.57499999999999,0.785398163397451);
#18=CONICAL_SURFACE('',#5449,2.575,0.785398163397451);
#19=(
BOUNDED_SURFACE()
B_SPLINE_SURFACE(2,2,((#7616,#7617,#7618),(#7619,#7620,#7621),(#7622,#7623,
#7624)),.UNSPECIFIED.,.F.,.F.,.F.)
B_SPLINE_SURFACE_WITH_KNOTS((3,3),(3,3),(-1.5707963267949,0.),(-3.06459352213017,
-1.5707963267949),.UNSPECIFIED.)
GEOMETRIC_REPRESENTATION_ITEM()
RATIONAL_B_SPLINE_SURFACE(((1.,0.73379938258121,1.),(0.707106781186547,
0.518874519453676,0.707106781186547),(1.,0.73379938258121,1.)))
REPRESENTATION_ITEM('')
SURFACE()
);
#20=SPHERICAL_SURFACE('',#5042,1.5);
#21=SPHERICAL_SURFACE('',#5274,4.);
#22=ELLIPSE('',#4972,3.18198051533947,2.25);
#23=ELLIPSE('',#4975,3.18198051533946,2.25);
#24=ELLIPSE('',#4977,3.18198051533947,2.25);
#25=ELLIPSE('',#4990,3.07054711453172,2.25);
#26=ELLIPSE('',#4992,2.5454773779713,2.25);
#27=ELLIPSE('',#5013,1.0983949911316,1.);
#28=ELLIPSE('',#5023,1.09839499113159,1.);
#29=ELLIPSE('',#5034,5.65685424949238,4.);
#30=ELLIPSE('',#5036,5.65685424949238,4.);
#31=ELLIPSE('',#5053,1.50572975631502,1.5);
#32=ELLIPSE('',#5073,1.802775637732,1.5);
#33=ELLIPSE('',#5079,2.87938524157186,0.5);
#34=ELLIPSE('',#5081,2.12132034355964,1.5);
#35=ELLIPSE('',#5098,4.94974746830584,3.5);
#36=ELLIPSE('',#5100,4.94974746830584,3.5);
#37=ELLIPSE('',#5152,5.65685469203419,4.00000031292431);
#38=ELLIPSE('',#5153,5.65685469203419,4.00000031292431);
#39=ELLIPSE('',#5159,8.22036842057047,4.00000031292431);
#40=ELLIPSE('',#5168,0.490875028570253,0.25);
#41=ELLIPSE('',#5169,8.34487610012122,4.25000031292431);
#42=ELLIPSE('',#5178,65.5721534568826,34.5);
#43=ELLIPSE('',#5180,64.7955037712723,33.);
#44=ELLIPSE('',#5183,67.7407539426949,34.5);
#45=ELLIPSE('',#5187,7.85400045712405,4.);
#46=ELLIPSE('',#5194,1.51379489514073,1.5);
#47=ELLIPSE('',#5196,1.71875941903943,1.5);
#48=ELLIPSE('',#5197,1.76024268165852,1.5);
#49=ELLIPSE('',#5203,8.819155329236,4.);
#50=ELLIPSE('',#5205,4.15060501221775,4.);
#51=ELLIPSE('',#5206,16.9983032416255,4.);
#52=ELLIPSE('',#5232,6.8725647227387,3.5);
#53=ELLIPSE('',#5233,4.06696669410412,3.5);
#54=ELLIPSE('',#5234,9.71882971968064,3.5);
#55=ELLIPSE('',#5235,6.87225039998354,3.5);
#56=ELLIPSE('',#5240,11.7810006856859,6.);
#57=ELLIPSE('',#5242,16.6608509480237,6.);
#58=ELLIPSE('',#5255,1.03678664541786,1.);
#59=ELLIPSE('',#5257,2.77680849133733,1.);
#60=ELLIPSE('',#5285,27.5771644662754,19.5);
#61=FACE_BOUND('',#1407,.T.);
#62=FACE_BOUND('',#1449,.T.);
#63=FACE_BOUND('',#1450,.T.);
#64=FACE_BOUND('',#1469,.T.);
#65=FACE_BOUND('',#1473,.T.);
#66=FACE_BOUND('',#1495,.T.);
#67=FACE_BOUND('',#1498,.T.);
#68=FACE_BOUND('',#1502,.T.);
#69=FACE_BOUND('',#1564,.T.);
#70=FACE_BOUND('',#1568,.T.);
#71=FACE_BOUND('',#1576,.T.);
#72=FACE_BOUND('',#1586,.T.);
#73=FACE_BOUND('',#1589,.T.);
#74=FACE_BOUND('',#1594,.T.);
#75=FACE_BOUND('',#1602,.T.);
#76=FACE_BOUND('',#1620,.T.);
#77=FACE_BOUND('',#1621,.T.);
#78=FACE_BOUND('',#1637,.T.);
#79=FACE_BOUND('',#1644,.T.);
#80=FACE_BOUND('',#1651,.T.);
#81=FACE_BOUND('',#1653,.T.);
#82=FACE_BOUND('',#1655,.T.);
#83=FACE_BOUND('',#1657,.T.);
#84=FACE_BOUND('',#1674,.T.);
#85=FACE_BOUND('',#1675,.T.);
#86=FACE_BOUND('',#1676,.T.);
#87=FACE_BOUND('',#1677,.T.);
#88=FACE_BOUND('',#1684,.T.);
#89=FACE_BOUND('',#1689,.T.);
#90=FACE_BOUND('',#1694,.T.);
#91=FACE_BOUND('',#1699,.T.);
#92=FACE_BOUND('',#1703,.T.);
#93=FACE_BOUND('',#1706,.T.);
#94=PLANE('',#4951);
#95=PLANE('',#4952);
#96=PLANE('',#4956);
#97=PLANE('',#4968);
#98=PLANE('',#4970);
#99=PLANE('',#4981);
#100=PLANE('',#4996);
#101=PLANE('',#5055);
#102=PLANE('',#5056);
#103=PLANE('',#5057);
#104=PLANE('',#5058);
#105=PLANE('',#5066);
#106=PLANE('',#5087);
#107=PLANE('',#5112);
#108=PLANE('',#5119);
#109=PLANE('',#5124);
#110=PLANE('',#5125);
#111=PLANE('',#5127);
#112=PLANE('',#5128);
#113=PLANE('',#5129);
#114=PLANE('',#5132);
#115=PLANE('',#5133);
#116=PLANE('',#5134);
#117=PLANE('',#5135);
#118=PLANE('',#5136);
#119=PLANE('',#5137);
#120=PLANE('',#5138);
#121=PLANE('',#5139);
#122=PLANE('',#5140);
#123=PLANE('',#5141);
#124=PLANE('',#5142);
#125=PLANE('',#5143);
#126=PLANE('',#5144);
#127=PLANE('',#5145);
#128=PLANE('',#5146);
#129=PLANE('',#5147);
#130=PLANE('',#5148);
#131=PLANE('',#5151);
#132=PLANE('',#5154);
#133=PLANE('',#5160);
#134=PLANE('',#5161);
#135=PLANE('',#5173);
#136=PLANE('',#5174);
#137=PLANE('',#5175);
#138=PLANE('',#5184);
#139=PLANE('',#5185);
#140=PLANE('',#5186);
#141=PLANE('',#5188);
#142=PLANE('',#5189);
#143=PLANE('',#5190);
#144=PLANE('',#5192);
#145=PLANE('',#5200);
#146=PLANE('',#5201);
#147=PLANE('',#5202);
#148=PLANE('',#5204);
#149=PLANE('',#5214);
#150=PLANE('',#5216);
#151=PLANE('',#5219);
#152=PLANE('',#5222);
#153=PLANE('',#5226);
#154=PLANE('',#5236);
#155=PLANE('',#5237);
#156=PLANE('',#5239);
#157=PLANE('',#5244);
#158=PLANE('',#5245);
#159=PLANE('',#5247);
#160=PLANE('',#5248);
#161=PLANE('',#5251);
#162=PLANE('',#5258);
#163=PLANE('',#5266);
#164=PLANE('',#5272);
#165=PLANE('',#5277);
#166=PLANE('',#5279);
#167=PLANE('',#5280);
#168=PLANE('',#5288);
#169=PLANE('',#5289);
#170=PLANE('',#5294);
#171=PLANE('',#5299);
#172=PLANE('',#5301);
#173=PLANE('',#5306);
#174=PLANE('',#5309);
#175=PLANE('',#5315);
#176=PLANE('',#5316);
#177=PLANE('',#5319);
#178=PLANE('',#5329);
#179=PLANE('',#5330);
#180=PLANE('',#5333);
#181=PLANE('',#5345);
#182=PLANE('',#5346);
#183=PLANE('',#5349);
#184=PLANE('',#5350);
#185=PLANE('',#5361);
#186=PLANE('',#5363);
#187=PLANE('',#5365);
#188=PLANE('',#5367);
#189=PLANE('',#5369);
#190=PLANE('',#5371);
#191=PLANE('',#5373);
#192=PLANE('',#5377);
#193=PLANE('',#5379);
#194=PLANE('',#5380);
#195=PLANE('',#5381);
#196=PLANE('',#5385);
#197=PLANE('',#5386);
#198=PLANE('',#5387);
#199=PLANE('',#5390);
#200=PLANE('',#5391);
#201=PLANE('',#5392);
#202=PLANE('',#5393);
#203=PLANE('',#5396);
#204=PLANE('',#5399);
#205=PLANE('',#5402);
#206=PLANE('',#5408);
#207=PLANE('',#5409);
#208=PLANE('',#5410);
#209=PLANE('',#5411);
#210=PLANE('',#5414);
#211=PLANE('',#5417);
#212=PLANE('',#5418);
#213=PLANE('',#5419);
#214=PLANE('',#5420);
#215=PLANE('',#5421);
#216=PLANE('',#5422);
#217=PLANE('',#5426);
#218=PLANE('',#5427);
#219=PLANE('',#5428);
#220=PLANE('',#5429);
#221=PLANE('',#5432);
#222=PLANE('',#5439);
#223=PLANE('',#5446);
#224=PLANE('',#5453);
#225=PLANE('',#5458);
#226=PLANE('',#5461);
#227=TOROIDAL_SURFACE('',#4939,4.00000000000002,1.25);
#228=TOROIDAL_SURFACE('',#4945,5.,1.);
#229=TOROIDAL_SURFACE('',#4979,4.25,2.25);
#230=TOROIDAL_SURFACE('',#4994,4.25,2.25);
#231=TOROIDAL_SURFACE('',#5000,5.,1.);
#232=TOROIDAL_SURFACE('',#5006,5.,1.);
#233=TOROIDAL_SURFACE('',#5009,5.00000031292431,1.);
#234=TOROIDAL_SURFACE('',#5015,5.,1.);
#235=TOROIDAL_SURFACE('',#5024,19.,1.);
#236=TOROIDAL_SURFACE('',#5027,5.5,1.5);
#237=TOROIDAL_SURFACE('',#5075,1.,0.5);
#238=TOROIDAL_SURFACE('',#5085,18.,1.5);
#239=TOROIDAL_SURFACE('',#5090,4.25,1.25);
#240=TOROIDAL_SURFACE('',#5110,4.5,1.);
#241=TOROIDAL_SURFACE('',#5211,5.,2.);
#242=TOROIDAL_SURFACE('',#5223,4.4,2.);
#243=TOROIDAL_SURFACE('',#5262,5.33303027798234,2.);
#244=TOROIDAL_SURFACE('',#5268,7.5,4.);
#245=LINE('',#7009,#629);
#246=LINE('',#7012,#630);
#247=LINE('',#7036,#631);
#248=LINE('',#7039,#632);
#249=LINE('',#7065,#633);
#250=LINE('',#7068,#634);
#251=LINE('',#7070,#635);
#252=LINE('',#7076,#636);
#253=LINE('',#7091,#637);
#254=LINE('',#7104,#638);
#255=LINE('',#7123,#639);
#256=LINE('',#7128,#640);
#257=LINE('',#7132,#641);
#258=LINE('',#7136,#642);
#259=LINE('',#7140,#643);
#260=LINE('',#7144,#644);
#261=LINE('',#7146,#645);
#262=LINE('',#7148,#646);
#263=LINE('',#7150,#647);
#264=LINE('',#7152,#648);
#265=LINE('',#7159,#649);
#266=LINE('',#7196,#650);
#267=LINE('',#7198,#651);
#268=LINE('',#7201,#652);
#269=LINE('',#7203,#653);
#270=LINE('',#7205,#654);
#271=LINE('',#7214,#655);
#272=LINE('',#7218,#656);
#273=LINE('',#7225,#657);
#274=LINE('',#7241,#658);
#275=LINE('',#7245,#659);
#276=LINE('',#7247,#660);
#277=LINE('',#7249,#661);
#278=LINE('',#7251,#662);
#279=LINE('',#7253,#663);
#280=LINE('',#7257,#664);
#281=LINE('',#7259,#665);
#282=LINE('',#7267,#666);
#283=LINE('',#7271,#667);
#284=LINE('',#7273,#668);
#285=LINE('',#7275,#669);
#286=LINE('',#7277,#670);
#287=LINE('',#7279,#671);
#288=LINE('',#7280,#672);
#289=LINE('',#7286,#673);
#290=LINE('',#7291,#674);
#291=LINE('',#7310,#675);
#292=LINE('',#7312,#676);
#293=LINE('',#7313,#677);
#294=LINE('',#7404,#678);
#295=LINE('',#7413,#679);
#296=LINE('',#7416,#680);
#297=LINE('',#7445,#681);
#298=LINE('',#7446,#682);
#299=LINE('',#7473,#683);
#300=LINE('',#7526,#684);
#301=LINE('',#7527,#685);
#302=LINE('',#7537,#686);
#303=LINE('',#7564,#687);
#304=LINE('',#7568,#688);
#305=LINE('',#7576,#689);
#306=LINE('',#7579,#690);
#307=LINE('',#7582,#691);
#308=LINE('',#7586,#692);
#309=LINE('',#7599,#693);
#310=LINE('',#7600,#694);
#311=LINE('',#7614,#695);
#312=LINE('',#7615,#696);
#313=LINE('',#7632,#697);
#314=LINE('',#7634,#698);
#315=LINE('',#7637,#699);
#316=LINE('',#7638,#700);
#317=LINE('',#7641,#701);
#318=LINE('',#7642,#702);
#319=LINE('',#7645,#703);
#320=LINE('',#7647,#704);
#321=LINE('',#7649,#705);
#322=LINE('',#7650,#706);
#323=LINE('',#7653,#707);
#324=LINE('',#7654,#708);
#325=LINE('',#7657,#709);
#326=LINE('',#7661,#710);
#327=LINE('',#7670,#711);
#328=LINE('',#7673,#712);
#329=LINE('',#7677,#713);
#330=LINE('',#7685,#714);
#331=LINE('',#7687,#715);
#332=LINE('',#7689,#716);
#333=LINE('',#7690,#717);
#334=LINE('',#7748,#718);
#335=LINE('',#7751,#719);
#336=LINE('',#7755,#720);
#337=LINE('',#7758,#721);
#338=LINE('',#7776,#722);
#339=LINE('',#7792,#723);
#340=LINE('',#7793,#724);
#341=LINE('',#7796,#725);
#342=LINE('',#7864,#726);
#343=LINE('',#7921,#727);
#344=LINE('',#7924,#728);
#345=LINE('',#7928,#729);
#346=LINE('',#7936,#730);
#347=LINE('',#7940,#731);
#348=LINE('',#7944,#732);
#349=LINE('',#7949,#733);
#350=LINE('',#7971,#734);
#351=LINE('',#7996,#735);
#352=LINE('',#7998,#736);
#353=LINE('',#8000,#737);
#354=LINE('',#8002,#738);
#355=LINE('',#8006,#739);
#356=LINE('',#8009,#740);
#357=LINE('',#8013,#741);
#358=LINE('',#8016,#742);
#359=LINE('',#8018,#743);
#360=LINE('',#8020,#744);
#361=LINE('',#8026,#745);
#362=LINE('',#8029,#746);
#363=LINE('',#8030,#747);
#364=LINE('',#8035,#748);
#365=LINE('',#8038,#749);
#366=LINE('',#8039,#750);
#367=LINE('',#8042,#751);
#368=LINE('',#8043,#752);
#369=LINE('',#8046,#753);
#370=LINE('',#8051,#754);
#371=LINE('',#8053,#755);
#372=LINE('',#8055,#756);
#373=LINE('',#8056,#757);
#374=LINE('',#8060,#758);
#375=LINE('',#8062,#759);
#376=LINE('',#8064,#760);
#377=LINE('',#8065,#761);
#378=LINE('',#8069,#762);
#379=LINE('',#8070,#763);
#380=LINE('',#8071,#764);
#381=LINE('',#8072,#765);
#382=LINE('',#8075,#766);
#383=LINE('',#8076,#767);
#384=LINE('',#8078,#768);
#385=LINE('',#8080,#769);
#386=LINE('',#8082,#770);
#387=LINE('',#8083,#771);
#388=LINE('',#8085,#772);
#389=LINE('',#8089,#773);
#390=LINE('',#8091,#774);
#391=LINE('',#8093,#775);
#392=LINE('',#8094,#776);
#393=LINE('',#8098,#777);
#394=LINE('',#8100,#778);
#395=LINE('',#8102,#779);
#396=LINE('',#8103,#780);
#397=LINE('',#8107,#781);
#398=LINE('',#8108,#782);
#399=LINE('',#8109,#783);
#400=LINE('',#8110,#784);
#401=LINE('',#8113,#785);
#402=LINE('',#8115,#786);
#403=LINE('',#8117,#787);
#404=LINE('',#8119,#788);
#405=LINE('',#8120,#789);
#406=LINE('',#8122,#790);
#407=LINE('',#8124,#791);
#408=LINE('',#8126,#792);
#409=LINE('',#8127,#793);
#410=LINE('',#8130,#794);
#411=LINE('',#8132,#795);
#412=LINE('',#8133,#796);
#413=LINE('',#8135,#797);
#414=LINE('',#8136,#798);
#415=LINE('',#8137,#799);
#416=LINE('',#8141,#800);
#417=LINE('',#8142,#801);
#418=LINE('',#8152,#802);
#419=LINE('',#8155,#803);
#420=LINE('',#8187,#804);
#421=LINE('',#8191,#805);
#422=LINE('',#8200,#806);
#423=LINE('',#8201,#807);
#424=LINE('',#8202,#808);
#425=LINE('',#8204,#809);
#426=LINE('',#8205,#810);
#427=LINE('',#8211,#811);
#428=LINE('',#8632,#812);
#429=LINE('',#8690,#813);
#430=LINE('',#8693,#814);
#431=LINE('',#8696,#815);
#432=LINE('',#8711,#816);
#433=LINE('',#8713,#817);
#434=LINE('',#8714,#818);
#435=LINE('',#8717,#819);
#436=LINE('',#8753,#820);
#437=LINE('',#8756,#821);
#438=LINE('',#8757,#822);
#439=LINE('',#8760,#823);
#440=LINE('',#8762,#824);
#441=LINE('',#8764,#825);
#442=LINE('',#8765,#826);
#443=LINE('',#8768,#827);
#444=LINE('',#8773,#828);
#445=LINE('',#8774,#829);
#446=LINE('',#8779,#830);
#447=LINE('',#8780,#831);
#448=LINE('',#8784,#832);
#449=LINE('',#8807,#833);
#450=LINE('',#8811,#834);
#451=LINE('',#8813,#835);
#452=LINE('',#8839,#836);
#453=LINE('',#8840,#837);
#454=LINE('',#8859,#838);
#455=LINE('',#8861,#839);
#456=LINE('',#8863,#840);
#457=LINE('',#8865,#841);
#458=LINE('',#8867,#842);
#459=LINE('',#8868,#843);
#460=LINE('',#8883,#844);
#461=LINE('',#8884,#845);
#462=LINE('',#8887,#846);
#463=LINE('',#8900,#847);
#464=LINE('',#8906,#848);
#465=LINE('',#8916,#849);
#466=LINE('',#8947,#850);
#467=LINE('',#8949,#851);
#468=LINE('',#8952,#852);
#469=LINE('',#8953,#853);
#470=LINE('',#8954,#854);
#471=LINE('',#8956,#855);
#472=LINE('',#8958,#856);
#473=LINE('',#8961,#857);
#474=LINE('',#8966,#858);
#475=LINE('',#8968,#859);
#476=LINE('',#8978,#860);
#477=LINE('',#9003,#861);
#478=LINE('',#9006,#862);
#479=LINE('',#9009,#863);
#480=LINE('',#9048,#864);
#481=LINE('',#9052,#865);
#482=LINE('',#9053,#866);
#483=LINE('',#9054,#867);
#484=LINE('',#9057,#868);
#485=LINE('',#9058,#869);
#486=LINE('',#9069,#870);
#487=LINE('',#9096,#871);
#488=LINE('',#9099,#872);
#489=LINE('',#9101,#873);
#490=LINE('',#9106,#874);
#491=LINE('',#9110,#875);
#492=LINE('',#9122,#876);
#493=LINE('',#9128,#877);
#494=LINE('',#9139,#878);
#495=LINE('',#9141,#879);
#496=LINE('',#9257,#880);
#497=LINE('',#9278,#881);
#498=LINE('',#9286,#882);
#499=LINE('',#9288,#883);
#500=LINE('',#9293,#884);
#501=LINE('',#9296,#885);
#502=LINE('',#9299,#886);
#503=LINE('',#9300,#887);
#504=LINE('',#9303,#888);
#505=LINE('',#9305,#889);
#506=LINE('',#9306,#890);
#507=LINE('',#9310,#891);
#508=LINE('',#9315,#892);
#509=LINE('',#9318,#893);
#510=LINE('',#9324,#894);
#511=LINE('',#9330,#895);
#512=LINE('',#9332,#896);
#513=LINE('',#9333,#897);
#514=LINE('',#9337,#898);
#515=LINE('',#9340,#899);
#516=LINE('',#9343,#900);
#517=LINE('',#9345,#901);
#518=LINE('',#9348,#902);
#519=LINE('',#9353,#903);
#520=LINE('',#9355,#904);
#521=LINE('',#9356,#905);
#522=LINE('',#9362,#906);
#523=LINE('',#9365,#907);
#524=LINE('',#9369,#908);
#525=LINE('',#9372,#909);
#526=LINE('',#9373,#910);
#527=LINE('',#9374,#911);
#528=LINE('',#9376,#912);
#529=LINE('',#9378,#913);
#530=LINE('',#9379,#914);
#531=LINE('',#9386,#915);
#532=LINE('',#9389,#916);
#533=LINE('',#9393,#917);
#534=LINE('',#9397,#918);
#535=LINE('',#9403,#919);
#536=LINE('',#9406,#920);
#537=LINE('',#9409,#921);
#538=LINE('',#9410,#922);
#539=LINE('',#9411,#923);
#540=LINE('',#9414,#924);
#541=LINE('',#9415,#925);
#542=LINE('',#9422,#926);
#543=LINE('',#9426,#927);
#544=LINE('',#9429,#928);
#545=LINE('',#9434,#929);
#546=LINE('',#9438,#930);
#547=LINE('',#9441,#931);
#548=LINE('',#9444,#932);
#549=LINE('',#9446,#933);
#550=LINE('',#9449,#934);
#551=LINE('',#9450,#935);
#552=LINE('',#9454,#936);
#553=LINE('',#9456,#937);
#554=LINE('',#9465,#938);
#555=LINE('',#9468,#939);
#556=LINE('',#9472,#940);
#557=LINE('',#9476,#941);
#558=LINE('',#9480,#942);
#559=LINE('',#9489,#943);
#560=LINE('',#9491,#944);
#561=LINE('',#9492,#945);
#562=LINE('',#9494,#946);
#563=LINE('',#9496,#947);
#564=LINE('',#9506,#948);
#565=LINE('',#9508,#949);
#566=LINE('',#9511,#950);
#567=LINE('',#9513,#951);
#568=LINE('',#9514,#952);
#569=LINE('',#9518,#953);
#570=LINE('',#9520,#954);
#571=LINE('',#9526,#955);
#572=LINE('',#9529,#956);
#573=LINE('',#9530,#957);
#574=LINE('',#9535,#958);
#575=LINE('',#9539,#959);
#576=LINE('',#9541,#960);
#577=LINE('',#9545,#961);
#578=LINE('',#9547,#962);
#579=LINE('',#9551,#963);
#580=LINE('',#9555,#964);
#581=LINE('',#9557,#965);
#582=LINE('',#9559,#966);
#583=LINE('',#9561,#967);
#584=LINE('',#9563,#968);
#585=LINE('',#9565,#969);
#586=LINE('',#9566,#970);
#587=LINE('',#9583,#971);
#588=LINE('',#9585,#972);
#589=LINE('',#9587,#973);
#590=LINE('',#9591,#974);
#591=LINE('',#9592,#975);
#592=LINE('',#9593,#976);
#593=LINE('',#9596,#977);
#594=LINE('',#9597,#978);
#595=LINE('',#9600,#979);
#596=LINE('',#9601,#980);
#597=LINE('',#9604,#981);
#598=LINE('',#9605,#982);
#599=LINE('',#9609,#983);
#600=LINE('',#9612,#984);
#601=LINE('',#9613,#985);
#602=LINE('',#9617,#986);
#603=LINE('',#9620,#987);
#604=LINE('',#9621,#988);
#605=LINE('',#9624,#989);
#606=LINE('',#9625,#990);
#607=LINE('',#9628,#991);
#608=LINE('',#9629,#992);
#609=LINE('',#9632,#993);
#610=LINE('',#9633,#994);
#611=LINE('',#9635,#995);
#612=LINE('',#9643,#996);
#613=LINE('',#9644,#997);
#614=LINE('',#9646,#998);
#615=LINE('',#9648,#999);
#616=LINE('',#9654,#1000);
#617=LINE('',#9659,#1001);
#618=LINE('',#9664,#1002);
#619=LINE('',#9667,#1003);
#620=LINE('',#9672,#1004);
#621=LINE('',#9677,#1005);
#622=LINE('',#9680,#1006);
#623=LINE('',#9685,#1007);
#624=LINE('',#9690,#1008);
#625=LINE('',#9693,#1009);
#626=LINE('',#9698,#1010);
#627=LINE('',#9702,#1011);
#628=LINE('',#9707,#1012);
#629=VECTOR('',#5470,10.);
#630=VECTOR('',#5473,10.);
#631=VECTOR('',#5484,10.);
#632=VECTOR('',#5487,10.);
#633=VECTOR('',#5498,10.);
#634=VECTOR('',#5501,10.);
#635=VECTOR('',#5504,10.);
#636=VECTOR('',#5511,10.);
#637=VECTOR('',#5514,10.);
#638=VECTOR('',#5515,10.);
#639=VECTOR('',#5516,10.);
#640=VECTOR('',#5521,10.);
#641=VECTOR('',#5524,10.);
#642=VECTOR('',#5527,10.);
#643=VECTOR('',#5530,10.);
#644=VECTOR('',#5533,10.);
#645=VECTOR('',#5534,10.);
#646=VECTOR('',#5535,10.);
#647=VECTOR('',#5536,10.);
#648=VECTOR('',#5537,10.);
#649=VECTOR('',#5546,10.);
#650=VECTOR('',#5549,10.);
#651=VECTOR('',#5550,10.);
#652=VECTOR('',#5553,10.);
#653=VECTOR('',#5556,10.);
#654=VECTOR('',#5559,10.);
#655=VECTOR('',#5568,10.);
#656=VECTOR('',#5571,10.);
#657=VECTOR('',#5580,10.);
#658=VECTOR('',#5587,10.);
#659=VECTOR('',#5590,10.);
#660=VECTOR('',#5591,10.);
#661=VECTOR('',#5592,10.);
#662=VECTOR('',#5593,10.);
#663=VECTOR('',#5594,10.);
#664=VECTOR('',#5597,10.);
#665=VECTOR('',#5598,10.);
#666=VECTOR('',#5605,10.);
#667=VECTOR('',#5608,10.);
#668=VECTOR('',#5609,10.);
#669=VECTOR('',#5610,10.);
#670=VECTOR('',#5611,10.);
#671=VECTOR('',#5612,10.);
#672=VECTOR('',#5613,10.);
#673=VECTOR('',#5620,10.);
#674=VECTOR('',#5625,10.);
#675=VECTOR('',#5634,10.);
#676=VECTOR('',#5635,10.);
#677=VECTOR('',#5636,10.);
#678=VECTOR('',#5641,10.);
#679=VECTOR('',#5642,10.);
#680=VECTOR('',#5645,10.);
#681=VECTOR('',#5658,10.);
#682=VECTOR('',#5659,10.);
#683=VECTOR('',#5676,10.);
#684=VECTOR('',#5691,10.);
#685=VECTOR('',#5692,10.);
#686=VECTOR('',#5697,10.);
#687=VECTOR('',#5718,2.5);
#688=VECTOR('',#5721,10.);
#689=VECTOR('',#5728,10.);
#690=VECTOR('',#5731,10.);
#691=VECTOR('',#5734,10.);
#692=VECTOR('',#5739,10.);
#693=VECTOR('',#5754,10.);
#694=VECTOR('',#5755,10.);
#695=VECTOR('',#5758,10.);
#696=VECTOR('',#5759,10.);
#697=VECTOR('',#5768,10.);
#698=VECTOR('',#5769,10.);
#699=VECTOR('',#5774,10.);
#700=VECTOR('',#5775,10.);
#701=VECTOR('',#5778,10.);
#702=VECTOR('',#5779,10.);
#703=VECTOR('',#5782,10.);
#704=VECTOR('',#5783,10.);
#705=VECTOR('',#5784,10.);
#706=VECTOR('',#5785,10.);
#707=VECTOR('',#5788,10.);
#708=VECTOR('',#5789,10.);
#709=VECTOR('',#5792,10.);
#710=VECTOR('',#5795,10.);
#711=VECTOR('',#5808,10.);
#712=VECTOR('',#5811,10.);
#713=VECTOR('',#5814,10.);
#714=VECTOR('',#5821,10.);
#715=VECTOR('',#5822,10.);
#716=VECTOR('',#5823,10.);
#717=VECTOR('',#5824,10.);
#718=VECTOR('',#5843,10.);
#719=VECTOR('',#5846,10.);
#720=VECTOR('',#5849,10.);
#721=VECTOR('',#5852,10.);
#722=VECTOR('',#5857,10.);
#723=VECTOR('',#5864,10.);
#724=VECTOR('',#5865,10.);
#725=VECTOR('',#5868,10.);
#726=VECTOR('',#5883,10.);
#727=VECTOR('',#5884,10.);
#728=VECTOR('',#5887,10.);
#729=VECTOR('',#5890,10.);
#730=VECTOR('',#5897,10.);
#731=VECTOR('',#5900,10.);
#732=VECTOR('',#5903,10.);
#733=VECTOR('',#5908,10.);
#734=VECTOR('',#5917,10.);
#735=VECTOR('',#5930,10.);
#736=VECTOR('',#5931,10.);
#737=VECTOR('',#5932,10.);
#738=VECTOR('',#5933,10.);
#739=VECTOR('',#5936,10.);
#740=VECTOR('',#5939,10.);
#741=VECTOR('',#5944,1.75);
#742=VECTOR('',#5947,10.);
#743=VECTOR('',#5948,10.);
#744=VECTOR('',#5949,10.);
#745=VECTOR('',#5956,10.);
#746=VECTOR('',#5961,10.);
#747=VECTOR('',#5962,10.);
#748=VECTOR('',#5969,10.);
#749=VECTOR('',#5972,10.);
#750=VECTOR('',#5973,10.);
#751=VECTOR('',#5976,10.);
#752=VECTOR('',#5977,10.);
#753=VECTOR('',#5980,1.1);
#754=VECTOR('',#5985,10.);
#755=VECTOR('',#5986,10.);
#756=VECTOR('',#5987,10.);
#757=VECTOR('',#5988,10.);
#758=VECTOR('',#5991,10.);
#759=VECTOR('',#5992,10.);
#760=VECTOR('',#5993,10.);
#761=VECTOR('',#5994,10.);
#762=VECTOR('',#5997,10.);
#763=VECTOR('',#5998,10.);
#764=VECTOR('',#5999,10.);
#765=VECTOR('',#6000,10.);
#766=VECTOR('',#6003,10.);
#767=VECTOR('',#6004,10.);
#768=VECTOR('',#6005,10.);
#769=VECTOR('',#6006,10.);
#770=VECTOR('',#6007,10.);
#771=VECTOR('',#6008,10.);
#772=VECTOR('',#6011,10.);
#773=VECTOR('',#6014,10.);
#774=VECTOR('',#6015,10.);
#775=VECTOR('',#6016,10.);
#776=VECTOR('',#6017,10.);
#777=VECTOR('',#6020,10.);
#778=VECTOR('',#6021,10.);
#779=VECTOR('',#6022,10.);
#780=VECTOR('',#6023,10.);
#781=VECTOR('',#6026,10.);
#782=VECTOR('',#6027,10.);
#783=VECTOR('',#6028,10.);
#784=VECTOR('',#6029,10.);
#785=VECTOR('',#6032,10.);
#786=VECTOR('',#6033,10.);
#787=VECTOR('',#6034,10.);
#788=VECTOR('',#6035,10.);
#789=VECTOR('',#6036,10.);
#790=VECTOR('',#6039,10.);
#791=VECTOR('',#6042,10.);
#792=VECTOR('',#6045,10.);
#793=VECTOR('',#6046,10.);
#794=VECTOR('',#6049,10.);
#795=VECTOR('',#6050,10.);
#796=VECTOR('',#6051,10.);
#797=VECTOR('',#6054,10.);
#798=VECTOR('',#6055,10.);
#799=VECTOR('',#6056,10.);
#800=VECTOR('',#6061,10.);
#801=VECTOR('',#6062,10.);
#802=VECTOR('',#6073,10.);
#803=VECTOR('',#6076,10.);
#804=VECTOR('',#6087,10.);
#805=VECTOR('',#6090,10.);
#806=VECTOR('',#6091,10.);
#807=VECTOR('',#6092,10.);
#808=VECTOR('',#6093,10.);
#809=VECTOR('',#6096,10.);
#810=VECTOR('',#6097,10.);
#811=VECTOR('',#6104,10.);
#812=VECTOR('',#6113,10.);
#813=VECTOR('',#6120,10.);
#814=VECTOR('',#6123,1.1);
#815=VECTOR('',#6128,10.);
#816=VECTOR('',#6133,10.);
#817=VECTOR('',#6134,10.);
#818=VECTOR('',#6135,10.);
#819=VECTOR('',#6138,1.1);
#820=VECTOR('',#6153,10.);
#821=VECTOR('',#6156,10.);
#822=VECTOR('',#6157,10.);
#823=VECTOR('',#6160,10.);
#824=VECTOR('',#6161,10.);
#825=VECTOR('',#6162,10.);
#826=VECTOR('',#6163,10.);
#827=VECTOR('',#6166,10.);
#828=VECTOR('',#6173,10.);
#829=VECTOR('',#6174,10.);
#830=VECTOR('',#6181,10.);
#831=VECTOR('',#6182,10.);
#832=VECTOR('',#6185,10.);
#833=VECTOR('',#6186,10.);
#834=VECTOR('',#6191,10.);
#835=VECTOR('',#6192,10.);
#836=VECTOR('',#6201,10.);
#837=VECTOR('',#6202,10.);
#838=VECTOR('',#6205,10.);
#839=VECTOR('',#6206,10.);
#840=VECTOR('',#6207,10.);
#841=VECTOR('',#6208,10.);
#842=VECTOR('',#6209,10.);
#843=VECTOR('',#6210,10.);
#844=VECTOR('',#6213,10.);
#845=VECTOR('',#6214,10.);
#846=VECTOR('',#6217,10.);
#847=VECTOR('',#6224,10.);
#848=VECTOR('',#6233,10.);
#849=VECTOR('',#6236,10.);
#850=VECTOR('',#6245,10.);
#851=VECTOR('',#6248,1.75);
#852=VECTOR('',#6251,10.);
#853=VECTOR('',#6252,10.);
#854=VECTOR('',#6253,10.);
#855=VECTOR('',#6256,10.);
#856=VECTOR('',#6257,10.);
#857=VECTOR('',#6262,10.);
#858=VECTOR('',#6267,10.);
#859=VECTOR('',#6268,10.);
#860=VECTOR('',#6271,10.);
#861=VECTOR('',#6280,10.);
#862=VECTOR('',#6283,10.);
#863=VECTOR('',#6286,10.);
#864=VECTOR('',#6299,10.);
#865=VECTOR('',#6304,10.);
#866=VECTOR('',#6305,10.);
#867=VECTOR('',#6306,10.);
#868=VECTOR('',#6309,10.);
#869=VECTOR('',#6310,10.);
#870=VECTOR('',#6313,10.);
#871=VECTOR('',#6324,10.);
#872=VECTOR('',#6329,10.);
#873=VECTOR('',#6332,10.);
#874=VECTOR('',#6339,10.);
#875=VECTOR('',#6342,10.);
#876=VECTOR('',#6345,10.);
#877=VECTOR('',#6352,10.);
#878=VECTOR('',#6359,10.);
#879=VECTOR('',#6362,10.);
#880=VECTOR('',#6391,10.);
#881=VECTOR('',#6400,10.);
#882=VECTOR('',#6413,0.750000000000002);
#883=VECTOR('',#6416,10.);
#884=VECTOR('',#6423,10.);
#885=VECTOR('',#6426,10.);
#886=VECTOR('',#6429,10.);
#887=VECTOR('',#6430,10.);
#888=VECTOR('',#6433,10.);
#889=VECTOR('',#6434,10.);
#890=VECTOR('',#6435,10.);
#891=VECTOR('',#6440,10.);
#892=VECTOR('',#6447,10.);
#893=VECTOR('',#6450,10.);
#894=VECTOR('',#6457,3.);
#895=VECTOR('',#6464,10.);
#896=VECTOR('',#6465,10.);
#897=VECTOR('',#6466,10.);
#898=VECTOR('',#6471,10.);
#899=VECTOR('',#6474,10.);
#900=VECTOR('',#6479,10.);
#901=VECTOR('',#6480,10.);
#902=VECTOR('',#6483,10.);
#903=VECTOR('',#6488,10.);
#904=VECTOR('',#6489,10.);
#905=VECTOR('',#6490,10.);
#906=VECTOR('',#6495,10.);
#907=VECTOR('',#6498,10.);
#908=VECTOR('',#6503,0.750000000000002);
#909=VECTOR('',#6506,10.);
#910=VECTOR('',#6507,10.);
#911=VECTOR('',#6508,10.);
#912=VECTOR('',#6511,10.);
#913=VECTOR('',#6512,10.);
#914=VECTOR('',#6513,10.);
#915=VECTOR('',#6524,10.);
#916=VECTOR('',#6527,10.);
#917=VECTOR('',#6530,10.);
#918=VECTOR('',#6533,10.);
#919=VECTOR('',#6540,10.);
#920=VECTOR('',#6543,10.);
#921=VECTOR('',#6546,10.);
#922=VECTOR('',#6547,10.);
#923=VECTOR('',#6548,10.);
#924=VECTOR('',#6551,10.);
#925=VECTOR('',#6552,10.);
#926=VECTOR('',#6563,10.);
#927=VECTOR('',#6566,10.);
#928=VECTOR('',#6569,10.);
#929=VECTOR('',#6576,0.75);
#930=VECTOR('',#6581,0.75);
#931=VECTOR('',#6584,10.);
#932=VECTOR('',#6587,10.);
#933=VECTOR('',#6590,10.);
#934=VECTOR('',#6593,10.);
#935=VECTOR('',#6594,10.);
#936=VECTOR('',#6599,10.);
#937=VECTOR('',#6602,10.);
#938=VECTOR('',#6613,4.9);
#939=VECTOR('',#6616,10.);
#940=VECTOR('',#6619,10.);
#941=VECTOR('',#6622,10.);
#942=VECTOR('',#6627,10.);
#943=VECTOR('',#6640,10.);
#944=VECTOR('',#6643,10.);
#945=VECTOR('',#6644,10.);
#946=VECTOR('',#6647,10.);
#947=VECTOR('',#6650,10.);
#948=VECTOR('',#6665,1.05);
#949=VECTOR('',#6668,1.05);
#950=VECTOR('',#6671,10.);
#951=VECTOR('',#6672,10.);
#952=VECTOR('',#6673,10.);
#953=VECTOR('',#6678,10.);
#954=VECTOR('',#6681,10.);
#955=VECTOR('',#6688,0.75);
#956=VECTOR('',#6693,10.);
#957=VECTOR('',#6694,10.);
#958=VECTOR('',#6701,0.750000000000002);
#959=VECTOR('',#6708,10.);
#960=VECTOR('',#6711,10.);
#961=VECTOR('',#6714,10.);
#962=VECTOR('',#6715,10.);
#963=VECTOR('',#6718,10.);
#964=VECTOR('',#6721,10.);
#965=VECTOR('',#6722,10.);
#966=VECTOR('',#6723,10.);
#967=VECTOR('',#6724,10.);
#968=VECTOR('',#6725,10.);
#969=VECTOR('',#6726,10.);
#970=VECTOR('',#6727,10.);
#971=VECTOR('',#6748,1.1);
#972=VECTOR('',#6751,1.1);
#973=VECTOR('',#6754,1.1);
#974=VECTOR('',#6757,10.);
#975=VECTOR('',#6758,10.);
#976=VECTOR('',#6759,10.);
#977=VECTOR('',#6762,10.);
#978=VECTOR('',#6763,10.);
#979=VECTOR('',#6766,10.);
#980=VECTOR('',#6767,10.);
#981=VECTOR('',#6770,10.);
#982=VECTOR('',#6771,10.);
#983=VECTOR('',#6776,10.);
#984=VECTOR('',#6779,10.);
#985=VECTOR('',#6780,10.);
#986=VECTOR('',#6785,10.);
#987=VECTOR('',#6788,10.);
#988=VECTOR('',#6789,10.);
#989=VECTOR('',#6792,10.);
#990=VECTOR('',#6793,10.);
#991=VECTOR('',#6796,10.);
#992=VECTOR('',#6797,10.);
#993=VECTOR('',#6800,10.);
#994=VECTOR('',#6801,10.);
#995=VECTOR('',#6804,10.);
#996=VECTOR('',#6813,10.);
#997=VECTOR('',#6814,10.);
#998=VECTOR('',#6817,10.);
#999=VECTOR('',#6820,10.);
#1000=VECTOR('',#6829,4.55);
#1001=VECTOR('',#6836,3.55);
#1002=VECTOR('',#6841,2.575);
#1003=VECTOR('',#6846,2.925);
#1004=VECTOR('',#6853,1.9);
#1005=VECTOR('',#6858,2.57499999999999);
#1006=VECTOR('',#6863,2.925);
#1007=VECTOR('',#6870,1.9);
#1008=VECTOR('',#6875,2.575);
#1009=VECTOR('',#6880,2.925);
#1010=VECTOR('',#6887,1.9);
#1011=VECTOR('',#6892,0.750000000000002);
#1012=VECTOR('',#6899,0.750000000000002);
#1013=CYLINDRICAL_SURFACE('',#4937,1.25);
#1014=CYLINDRICAL_SURFACE('',#4943,1.25);
#1015=CYLINDRICAL_SURFACE('',#4949,1.);
#1016=CYLINDRICAL_SURFACE('',#4955,1.);
#1017=CYLINDRICAL_SURFACE('',#4965,2.4);
#1018=CYLINDRICAL_SURFACE('',#4969,0.75);
#1019=CYLINDRICAL_SURFACE('',#4971,2.25);
#1020=CYLINDRICAL_SURFACE('',#4976,2.25);
#1021=CYLINDRICAL_SURFACE('',#4988,2.25);
#1022=CYLINDRICAL_SURFACE('',#4991,2.25);
#1023=CYLINDRICAL_SURFACE('',#4998,1.);
#1024=CYLINDRICAL_SURFACE('',#5004,1.);
#1025=CYLINDRICAL_SURFACE('',#5012,1.);
#1026=CYLINDRICAL_SURFACE('',#5019,1.);
#1027=CYLINDRICAL_SURFACE('',#5021,1.);
#1028=CYLINDRICAL_SURFACE('',#5031,4.);
#1029=CYLINDRICAL_SURFACE('',#5038,4.);
#1030=CYLINDRICAL_SURFACE('',#5040,4.);
#1031=CYLINDRICAL_SURFACE('',#5046,1.5);
#1032=CYLINDRICAL_SURFACE('',#5048,1.5);
#1033=CYLINDRICAL_SURFACE('',#5052,1.5);
#1034=CYLINDRICAL_SURFACE('',#5054,1.5);
#1035=CYLINDRICAL_SURFACE('',#5061,2.5);
#1036=CYLINDRICAL_SURFACE('',#5063,2.5);
#1037=CYLINDRICAL_SURFACE('',#5078,0.5);
#1038=CYLINDRICAL_SURFACE('',#5080,1.5);
#1039=CYLINDRICAL_SURFACE('',#5083,1.5);
#1040=CYLINDRICAL_SURFACE('',#5088,19.5);
#1041=CYLINDRICAL_SURFACE('',#5096,3.5);
#1042=CYLINDRICAL_SURFACE('',#5104,1.);
#1043=CYLINDRICAL_SURFACE('',#5107,1.);
#1044=CYLINDRICAL_SURFACE('',#5117,4.);
#1045=CYLINDRICAL_SURFACE('',#5122,1.);
#1046=CYLINDRICAL_SURFACE('',#5130,1.1);
#1047=CYLINDRICAL_SURFACE('',#5158,4.00000031292431);
#1048=CYLINDRICAL_SURFACE('',#5163,0.25);
#1049=CYLINDRICAL_SURFACE('',#5167,0.25);
#1050=CYLINDRICAL_SURFACE('',#5170,4.00000031292431);
#1051=CYLINDRICAL_SURFACE('',#5171,1.1);
#1052=CYLINDRICAL_SURFACE('',#5176,1.1);
#1053=CYLINDRICAL_SURFACE('',#5182,34.5);
#1054=CYLINDRICAL_SURFACE('',#5193,1.5);
#1055=CYLINDRICAL_SURFACE('',#5195,1.5);
#1056=CYLINDRICAL_SURFACE('',#5199,1.5);
#1057=CYLINDRICAL_SURFACE('',#5207,25.);
#1058=CYLINDRICAL_SURFACE('',#5209,7.5);
#1059=CYLINDRICAL_SURFACE('',#5215,1.75);
#1060=CYLINDRICAL_SURFACE('',#5217,3.5);
#1061=CYLINDRICAL_SURFACE('',#5220,1.5);
#1062=CYLINDRICAL_SURFACE('',#5229,3.);
#1063=CYLINDRICAL_SURFACE('',#5231,3.5);
#1064=CYLINDRICAL_SURFACE('',#5238,23.);
#1065=CYLINDRICAL_SURFACE('',#5241,6.);
#1066=CYLINDRICAL_SURFACE('',#5243,2.);
#1067=CYLINDRICAL_SURFACE('',#5246,3.);
#1068=CYLINDRICAL_SURFACE('',#5249,4.);
#1069=CYLINDRICAL_SURFACE('',#5252,4.);
#1070=CYLINDRICAL_SURFACE('',#5254,1.);
#1071=CYLINDRICAL_SURFACE('',#5256,1.);
#1072=CYLINDRICAL_SURFACE('',#5276,4.);
#1073=CYLINDRICAL_SURFACE('',#5282,0.750000000000002);
#1074=CYLINDRICAL_SURFACE('',#5283,5.49999999999997);
#1075=CYLINDRICAL_SURFACE('',#5284,19.5);
#1076=CYLINDRICAL_SURFACE('',#5286,0.750000000000208);
#1077=CYLINDRICAL_SURFACE('',#5290,0.749999999999631);
#1078=CYLINDRICAL_SURFACE('',#5292,2.75000000000002);
#1079=CYLINDRICAL_SURFACE('',#5297,3.);
#1080=CYLINDRICAL_SURFACE('',#5302,2.);
#1081=CYLINDRICAL_SURFACE('',#5304,2.);
#1082=CYLINDRICAL_SURFACE('',#5310,19.5);
#1083=CYLINDRICAL_SURFACE('',#5313,0.750000000000002);
#1084=CYLINDRICAL_SURFACE('',#5317,2.);
#1085=CYLINDRICAL_SURFACE('',#5320,19.5);
#1086=CYLINDRICAL_SURFACE('',#5322,19.5);
#1087=CYLINDRICAL_SURFACE('',#5326,19.5);
#1088=CYLINDRICAL_SURFACE('',#5331,2.);
#1089=CYLINDRICAL_SURFACE('',#5334,19.5);
#1090=CYLINDRICAL_SURFACE('',#5336,19.5);
#1091=CYLINDRICAL_SURFACE('',#5339,0.75);
#1092=CYLINDRICAL_SURFACE('',#5341,0.75);
#1093=CYLINDRICAL_SURFACE('',#5343,2.);
#1094=CYLINDRICAL_SURFACE('',#5347,5.75502527307472);
#1095=CYLINDRICAL_SURFACE('',#5353,4.9);
#1096=CYLINDRICAL_SURFACE('',#5359,19.5);
#1097=CYLINDRICAL_SURFACE('',#5366,4.);
#1098=CYLINDRICAL_SURFACE('',#5368,20.);
#1099=CYLINDRICAL_SURFACE('',#5370,4.);
#1100=CYLINDRICAL_SURFACE('',#5375,1.05);
#1101=CYLINDRICAL_SURFACE('',#5376,1.05);
#1102=CYLINDRICAL_SURFACE('',#5382,0.75);
#1103=CYLINDRICAL_SURFACE('',#5388,0.750000000000002);
#1104=CYLINDRICAL_SURFACE('',#5405,1.1);
#1105=CYLINDRICAL_SURFACE('',#5406,1.1);
#1106=CYLINDRICAL_SURFACE('',#5407,1.1);
#1107=CYLINDRICAL_SURFACE('',#5412,3.09999999999555);
#1108=CYLINDRICAL_SURFACE('',#5415,3.);
#1109=CYLINDRICAL_SURFACE('',#5434,3.55);
#1110=CYLINDRICAL_SURFACE('',#5438,2.925);
#1111=CYLINDRICAL_SURFACE('',#5441,1.9);
#1112=CYLINDRICAL_SURFACE('',#5445,2.925);
#1113=CYLINDRICAL_SURFACE('',#5448,1.9);
#1114=CYLINDRICAL_SURFACE('',#5452,2.925);
#1115=CYLINDRICAL_SURFACE('',#5455,1.9);
#1116=CYLINDRICAL_SURFACE('',#5456,0.750000000000002);
#1117=CYLINDRICAL_SURFACE('',#5459,0.750000000000002);
#1118=FACE_OUTER_BOUND('',#1396,.T.);
#1119=FACE_OUTER_BOUND('',#1397,.T.);
#1120=FACE_OUTER_BOUND('',#1398,.T.);
#1121=FACE_OUTER_BOUND('',#1399,.T.);
#1122=FACE_OUTER_BOUND('',#1400,.T.);
#1123=FACE_OUTER_BOUND('',#1401,.T.);
#1124=FACE_OUTER_BOUND('',#1402,.T.);
#1125=FACE_OUTER_BOUND('',#1403,.T.);
#1126=FACE_OUTER_BOUND('',#1404,.T.);
#1127=FACE_OUTER_BOUND('',#1405,.T.);
#1128=FACE_OUTER_BOUND('',#1406,.T.);
#1129=FACE_OUTER_BOUND('',#1408,.T.);
#1130=FACE_OUTER_BOUND('',#1409,.T.);
#1131=FACE_OUTER_BOUND('',#1410,.T.);
#1132=FACE_OUTER_BOUND('',#1411,.T.);
#1133=FACE_OUTER_BOUND('',#1412,.T.);
#1134=FACE_OUTER_BOUND('',#1413,.T.);
#1135=FACE_OUTER_BOUND('',#1414,.T.);
#1136=FACE_OUTER_BOUND('',#1415,.T.);
#1137=FACE_OUTER_BOUND('',#1416,.T.);
#1138=FACE_OUTER_BOUND('',#1417,.T.);
#1139=FACE_OUTER_BOUND('',#1418,.T.);
#1140=FACE_OUTER_BOUND('',#1419,.T.);
#1141=FACE_OUTER_BOUND('',#1420,.T.);
#1142=FACE_OUTER_BOUND('',#1421,.T.);
#1143=FACE_OUTER_BOUND('',#1422,.T.);
#1144=FACE_OUTER_BOUND('',#1423,.T.);
#1145=FACE_OUTER_BOUND('',#1424,.T.);
#1146=FACE_OUTER_BOUND('',#1425,.T.);
#1147=FACE_OUTER_BOUND('',#1426,.T.);
#1148=FACE_OUTER_BOUND('',#1427,.T.);
#1149=FACE_OUTER_BOUND('',#1428,.T.);
#1150=FACE_OUTER_BOUND('',#1429,.T.);
#1151=FACE_OUTER_BOUND('',#1430,.T.);
#1152=FACE_OUTER_BOUND('',#1431,.T.);
#1153=FACE_OUTER_BOUND('',#1432,.T.);
#1154=FACE_OUTER_BOUND('',#1433,.T.);
#1155=FACE_OUTER_BOUND('',#1434,.T.);
#1156=FACE_OUTER_BOUND('',#1435,.T.);
#1157=FACE_OUTER_BOUND('',#1436,.T.);
#1158=FACE_OUTER_BOUND('',#1437,.T.);
#1159=FACE_OUTER_BOUND('',#1438,.T.);
#1160=FACE_OUTER_BOUND('',#1439,.T.);
#1161=FACE_OUTER_BOUND('',#1440,.T.);
#1162=FACE_OUTER_BOUND('',#1441,.T.);
#1163=FACE_OUTER_BOUND('',#1442,.T.);
#1164=FACE_OUTER_BOUND('',#1443,.T.);
#1165=FACE_OUTER_BOUND('',#1444,.T.);
#1166=FACE_OUTER_BOUND('',#1445,.T.);
#1167=FACE_OUTER_BOUND('',#1446,.T.);
#1168=FACE_OUTER_BOUND('',#1447,.T.);
#1169=FACE_OUTER_BOUND('',#1448,.T.);
#1170=FACE_OUTER_BOUND('',#1451,.T.);
#1171=FACE_OUTER_BOUND('',#1452,.T.);
#1172=FACE_OUTER_BOUND('',#1453,.T.);
#1173=FACE_OUTER_BOUND('',#1454,.T.);
#1174=FACE_OUTER_BOUND('',#1455,.T.);
#1175=FACE_OUTER_BOUND('',#1456,.T.);
#1176=FACE_OUTER_BOUND('',#1457,.T.);
#1177=FACE_OUTER_BOUND('',#1458,.T.);
#1178=FACE_OUTER_BOUND('',#1459,.T.);
#1179=FACE_OUTER_BOUND('',#1460,.T.);
#1180=FACE_OUTER_BOUND('',#1461,.T.);
#1181=FACE_OUTER_BOUND('',#1462,.T.);
#1182=FACE_OUTER_BOUND('',#1463,.T.);
#1183=FACE_OUTER_BOUND('',#1464,.T.);
#1184=FACE_OUTER_BOUND('',#1465,.T.);
#1185=FACE_OUTER_BOUND('',#1466,.T.);
#1186=FACE_OUTER_BOUND('',#1467,.T.);
#1187=FACE_OUTER_BOUND('',#1468,.T.);
#1188=FACE_OUTER_BOUND('',#1470,.T.);
#1189=FACE_OUTER_BOUND('',#1471,.T.);
#1190=FACE_OUTER_BOUND('',#1472,.T.);
#1191=FACE_OUTER_BOUND('',#1474,.T.);
#1192=FACE_OUTER_BOUND('',#1475,.T.);
#1193=FACE_OUTER_BOUND('',#1476,.T.);
#1194=FACE_OUTER_BOUND('',#1477,.T.);
#1195=FACE_OUTER_BOUND('',#1478,.T.);
#1196=FACE_OUTER_BOUND('',#1479,.T.);
#1197=FACE_OUTER_BOUND('',#1480,.T.);
#1198=FACE_OUTER_BOUND('',#1481,.T.);
#1199=FACE_OUTER_BOUND('',#1482,.T.);
#1200=FACE_OUTER_BOUND('',#1483,.T.);
#1201=FACE_OUTER_BOUND('',#1484,.T.);
#1202=FACE_OUTER_BOUND('',#1485,.T.);
#1203=FACE_OUTER_BOUND('',#1486,.T.);
#1204=FACE_OUTER_BOUND('',#1487,.T.);
#1205=FACE_OUTER_BOUND('',#1488,.T.);
#1206=FACE_OUTER_BOUND('',#1489,.T.);
#1207=FACE_OUTER_BOUND('',#1490,.T.);
#1208=FACE_OUTER_BOUND('',#1491,.T.);
#1209=FACE_OUTER_BOUND('',#1492,.T.);
#1210=FACE_OUTER_BOUND('',#1493,.T.);
#1211=FACE_OUTER_BOUND('',#1494,.T.);
#1212=FACE_OUTER_BOUND('',#1496,.T.);
#1213=FACE_OUTER_BOUND('',#1497,.T.);
#1214=FACE_OUTER_BOUND('',#1499,.T.);
#1215=FACE_OUTER_BOUND('',#1500,.T.);
#1216=FACE_OUTER_BOUND('',#1501,.T.);
#1217=FACE_OUTER_BOUND('',#1503,.T.);
#1218=FACE_OUTER_BOUND('',#1504,.T.);
#1219=FACE_OUTER_BOUND('',#1505,.T.);
#1220=FACE_OUTER_BOUND('',#1506,.T.);
#1221=FACE_OUTER_BOUND('',#1507,.T.);
#1222=FACE_OUTER_BOUND('',#1508,.T.);
#1223=FACE_OUTER_BOUND('',#1509,.T.);
#1224=FACE_OUTER_BOUND('',#1510,.T.);
#1225=FACE_OUTER_BOUND('',#1511,.T.);
#1226=FACE_OUTER_BOUND('',#1512,.T.);
#1227=FACE_OUTER_BOUND('',#1513,.T.);
#1228=FACE_OUTER_BOUND('',#1514,.T.);
#1229=FACE_OUTER_BOUND('',#1515,.T.);
#1230=FACE_OUTER_BOUND('',#1516,.T.);
#1231=FACE_OUTER_BOUND('',#1517,.T.);
#1232=FACE_OUTER_BOUND('',#1518,.T.);
#1233=FACE_OUTER_BOUND('',#1519,.T.);
#1234=FACE_OUTER_BOUND('',#1520,.T.);
#1235=FACE_OUTER_BOUND('',#1521,.T.);
#1236=FACE_OUTER_BOUND('',#1522,.T.);
#1237=FACE_OUTER_BOUND('',#1523,.T.);
#1238=FACE_OUTER_BOUND('',#1524,.T.);
#1239=FACE_OUTER_BOUND('',#1525,.T.);
#1240=FACE_OUTER_BOUND('',#1526,.T.);
#1241=FACE_OUTER_BOUND('',#1527,.T.);
#1242=FACE_OUTER_BOUND('',#1528,.T.);
#1243=FACE_OUTER_BOUND('',#1529,.T.);
#1244=FACE_OUTER_BOUND('',#1530,.T.);
#1245=FACE_OUTER_BOUND('',#1531,.T.);
#1246=FACE_OUTER_BOUND('',#1532,.T.);
#1247=FACE_OUTER_BOUND('',#1533,.T.);
#1248=FACE_OUTER_BOUND('',#1534,.T.);
#1249=FACE_OUTER_BOUND('',#1535,.T.);
#1250=FACE_OUTER_BOUND('',#1536,.T.);
#1251=FACE_OUTER_BOUND('',#1537,.T.);
#1252=FACE_OUTER_BOUND('',#1538,.T.);
#1253=FACE_OUTER_BOUND('',#1539,.T.);
#1254=FACE_OUTER_BOUND('',#1540,.T.);
#1255=FACE_OUTER_BOUND('',#1541,.T.);
#1256=FACE_OUTER_BOUND('',#1542,.T.);
#1257=FACE_OUTER_BOUND('',#1543,.T.);
#1258=FACE_OUTER_BOUND('',#1544,.T.);
#1259=FACE_OUTER_BOUND('',#1545,.T.);
#1260=FACE_OUTER_BOUND('',#1546,.T.);
#1261=FACE_OUTER_BOUND('',#1547,.T.);
#1262=FACE_OUTER_BOUND('',#1548,.T.);
#1263=FACE_OUTER_BOUND('',#1549,.T.);
#1264=FACE_OUTER_BOUND('',#1550,.T.);
#1265=FACE_OUTER_BOUND('',#1551,.T.);
#1266=FACE_OUTER_BOUND('',#1552,.T.);
#1267=FACE_OUTER_BOUND('',#1553,.T.);
#1268=FACE_OUTER_BOUND('',#1554,.T.);
#1269=FACE_OUTER_BOUND('',#1555,.T.);
#1270=FACE_OUTER_BOUND('',#1556,.T.);
#1271=FACE_OUTER_BOUND('',#1557,.T.);
#1272=FACE_OUTER_BOUND('',#1558,.T.);
#1273=FACE_OUTER_BOUND('',#1559,.T.);
#1274=FACE_OUTER_BOUND('',#1560,.T.);
#1275=FACE_OUTER_BOUND('',#1561,.T.);
#1276=FACE_OUTER_BOUND('',#1562,.T.);
#1277=FACE_OUTER_BOUND('',#1563,.T.);
#1278=FACE_OUTER_BOUND('',#1565,.T.);
#1279=FACE_OUTER_BOUND('',#1566,.T.);
#1280=FACE_OUTER_BOUND('',#1567,.T.);
#1281=FACE_OUTER_BOUND('',#1569,.T.);
#1282=FACE_OUTER_BOUND('',#1570,.T.);
#1283=FACE_OUTER_BOUND('',#1571,.T.);
#1284=FACE_OUTER_BOUND('',#1572,.T.);
#1285=FACE_OUTER_BOUND('',#1573,.T.);
#1286=FACE_OUTER_BOUND('',#1574,.T.);
#1287=FACE_OUTER_BOUND('',#1575,.T.);
#1288=FACE_OUTER_BOUND('',#1577,.T.);
#1289=FACE_OUTER_BOUND('',#1578,.T.);
#1290=FACE_OUTER_BOUND('',#1579,.T.);
#1291=FACE_OUTER_BOUND('',#1580,.T.);
#1292=FACE_OUTER_BOUND('',#1581,.T.);
#1293=FACE_OUTER_BOUND('',#1582,.T.);
#1294=FACE_OUTER_BOUND('',#1583,.T.);
#1295=FACE_OUTER_BOUND('',#1584,.T.);
#1296=FACE_OUTER_BOUND('',#1585,.T.);
#1297=FACE_OUTER_BOUND('',#1587,.T.);
#1298=FACE_OUTER_BOUND('',#1588,.T.);
#1299=FACE_OUTER_BOUND('',#1590,.T.);
#1300=FACE_OUTER_BOUND('',#1591,.T.);
#1301=FACE_OUTER_BOUND('',#1592,.T.);
#1302=FACE_OUTER_BOUND('',#1593,.T.);
#1303=FACE_OUTER_BOUND('',#1595,.T.);
#1304=FACE_OUTER_BOUND('',#1596,.T.);
#1305=FACE_OUTER_BOUND('',#1597,.T.);
#1306=FACE_OUTER_BOUND('',#1598,.T.);
#1307=FACE_OUTER_BOUND('',#1599,.T.);
#1308=FACE_OUTER_BOUND('',#1600,.T.);
#1309=FACE_OUTER_BOUND('',#1601,.T.);
#1310=FACE_OUTER_BOUND('',#1603,.T.);
#1311=FACE_OUTER_BOUND('',#1604,.T.);
#1312=FACE_OUTER_BOUND('',#1605,.T.);
#1313=FACE_OUTER_BOUND('',#1606,.T.);
#1314=FACE_OUTER_BOUND('',#1607,.T.);
#1315=FACE_OUTER_BOUND('',#1608,.T.);
#1316=FACE_OUTER_BOUND('',#1609,.T.);
#1317=FACE_OUTER_BOUND('',#1610,.T.);
#1318=FACE_OUTER_BOUND('',#1611,.T.);
#1319=FACE_OUTER_BOUND('',#1612,.T.);
#1320=FACE_OUTER_BOUND('',#1613,.T.);
#1321=FACE_OUTER_BOUND('',#1614,.T.);
#1322=FACE_OUTER_BOUND('',#1615,.T.);
#1323=FACE_OUTER_BOUND('',#1616,.T.);
#1324=FACE_OUTER_BOUND('',#1617,.T.);
#1325=FACE_OUTER_BOUND('',#1618,.T.);
#1326=FACE_OUTER_BOUND('',#1619,.T.);
#1327=FACE_OUTER_BOUND('',#1622,.T.);
#1328=FACE_OUTER_BOUND('',#1623,.T.);
#1329=FACE_OUTER_BOUND('',#1624,.T.);
#1330=FACE_OUTER_BOUND('',#1625,.T.);
#1331=FACE_OUTER_BOUND('',#1626,.T.);
#1332=FACE_OUTER_BOUND('',#1627,.T.);
#1333=FACE_OUTER_BOUND('',#1628,.T.);
#1334=FACE_OUTER_BOUND('',#1629,.T.);
#1335=FACE_OUTER_BOUND('',#1630,.T.);
#1336=FACE_OUTER_BOUND('',#1631,.T.);
#1337=FACE_OUTER_BOUND('',#1632,.T.);
#1338=FACE_OUTER_BOUND('',#1633,.T.);
#1339=FACE_OUTER_BOUND('',#1634,.T.);
#1340=FACE_OUTER_BOUND('',#1635,.T.);
#1341=FACE_OUTER_BOUND('',#1636,.T.);
#1342=FACE_OUTER_BOUND('',#1638,.T.);
#1343=FACE_OUTER_BOUND('',#1639,.T.);
#1344=FACE_OUTER_BOUND('',#1640,.T.);
#1345=FACE_OUTER_BOUND('',#1641,.T.);
#1346=FACE_OUTER_BOUND('',#1642,.T.);
#1347=FACE_OUTER_BOUND('',#1643,.T.);
#1348=FACE_OUTER_BOUND('',#1645,.T.);
#1349=FACE_OUTER_BOUND('',#1646,.T.);
#1350=FACE_OUTER_BOUND('',#1647,.T.);
#1351=FACE_OUTER_BOUND('',#1648,.T.);
#1352=FACE_OUTER_BOUND('',#1649,.T.);
#1353=FACE_OUTER_BOUND('',#1650,.T.);
#1354=FACE_OUTER_BOUND('',#1652,.T.);
#1355=FACE_OUTER_BOUND('',#1654,.T.);
#1356=FACE_OUTER_BOUND('',#1656,.T.);
#1357=FACE_OUTER_BOUND('',#1658,.T.);
#1358=FACE_OUTER_BOUND('',#1659,.T.);
#1359=FACE_OUTER_BOUND('',#1660,.T.);
#1360=FACE_OUTER_BOUND('',#1661,.T.);
#1361=FACE_OUTER_BOUND('',#1662,.T.);
#1362=FACE_OUTER_BOUND('',#1663,.T.);
#1363=FACE_OUTER_BOUND('',#1664,.T.);
#1364=FACE_OUTER_BOUND('',#1665,.T.);
#1365=FACE_OUTER_BOUND('',#1666,.T.);
#1366=FACE_OUTER_BOUND('',#1667,.T.);
#1367=FACE_OUTER_BOUND('',#1668,.T.);
#1368=FACE_OUTER_BOUND('',#1669,.T.);
#1369=FACE_OUTER_BOUND('',#1670,.T.);
#1370=FACE_OUTER_BOUND('',#1671,.T.);
#1371=FACE_OUTER_BOUND('',#1672,.T.);
#1372=FACE_OUTER_BOUND('',#1673,.T.);
#1373=FACE_OUTER_BOUND('',#1678,.T.);
#1374=FACE_OUTER_BOUND('',#1679,.T.);
#1375=FACE_OUTER_BOUND('',#1680,.T.);
#1376=FACE_OUTER_BOUND('',#1681,.T.);
#1377=FACE_OUTER_BOUND('',#1682,.T.);
#1378=FACE_OUTER_BOUND('',#1683,.T.);
#1379=FACE_OUTER_BOUND('',#1685,.T.);
#1380=FACE_OUTER_BOUND('',#1686,.T.);
#1381=FACE_OUTER_BOUND('',#1687,.T.);
#1382=FACE_OUTER_BOUND('',#1688,.T.);
#1383=FACE_OUTER_BOUND('',#1690,.T.);
#1384=FACE_OUTER_BOUND('',#1691,.T.);
#1385=FACE_OUTER_BOUND('',#1692,.T.);
#1386=FACE_OUTER_BOUND('',#1693,.T.);
#1387=FACE_OUTER_BOUND('',#1695,.T.);
#1388=FACE_OUTER_BOUND('',#1696,.T.);
#1389=FACE_OUTER_BOUND('',#1697,.T.);
#1390=FACE_OUTER_BOUND('',#1698,.T.);
#1391=FACE_OUTER_BOUND('',#1700,.T.);
#1392=FACE_OUTER_BOUND('',#1701,.T.);
#1393=FACE_OUTER_BOUND('',#1702,.T.);
#1394=FACE_OUTER_BOUND('',#1704,.T.);
#1395=FACE_OUTER_BOUND('',#1705,.T.);
#1396=EDGE_LOOP('',(#3186,#3187,#3188));
#1397=EDGE_LOOP('',(#3189,#3190,#3191));
#1398=EDGE_LOOP('',(#3192,#3193,#3194,#3195));
#1399=EDGE_LOOP('',(#3196,#3197,#3198,#3199,#3200,#3201,#3202));
#1400=EDGE_LOOP('',(#3203,#3204,#3205,#3206));
#1401=EDGE_LOOP('',(#3207,#3208,#3209,#3210,#3211));
#1402=EDGE_LOOP('',(#3212,#3213,#3214,#3215,#3216));
#1403=EDGE_LOOP('',(#3217,#3218,#3219,#3220));
#1404=EDGE_LOOP('',(#3221,#3222,#3223,#3224,#3225,#3226));
#1405=EDGE_LOOP('',(#3227,#3228,#3229,#3230,#3231,#3232,#3233));
#1406=EDGE_LOOP('',(#3234,#3235,#3236,#3237,#3238,#3239,#3240,#3241,#3242,
#3243,#3244,#3245,#3246,#3247,#3248,#3249,#3250,#3251));
#1407=EDGE_LOOP('',(#3252));
#1408=EDGE_LOOP('',(#3253,#3254,#3255,#3256,#3257,#3258,#3259,#3260,#3261,
#3262,#3263,#3264));
#1409=EDGE_LOOP('',(#3265,#3266,#3267,#3268));
#1410=EDGE_LOOP('',(#3269,#3270,#3271,#3272));
#1411=EDGE_LOOP('',(#3273,#3274));
#1412=EDGE_LOOP('',(#3275,#3276,#3277,#3278,#3279,#3280));
#1413=EDGE_LOOP('',(#3281,#3282,#3283,#3284));
#1414=EDGE_LOOP('',(#3285,#3286,#3287));
#1415=EDGE_LOOP('',(#3288,#3289,#3290,#3291,#3292,#3293,#3294,#3295,#3296,
#3297,#3298,#3299,#3300,#3301,#3302,#3303,#3304,#3305,#3306,#3307,#3308,
#3309));
#1416=EDGE_LOOP('',(#3310,#3311,#3312,#3313));
#1417=EDGE_LOOP('',(#3314,#3315,#3316,#3317));
#1418=EDGE_LOOP('',(#3318,#3319,#3320));
#1419=EDGE_LOOP('',(#3321,#3322,#3323,#3324,#3325));
#1420=EDGE_LOOP('',(#3326,#3327,#3328));
#1421=EDGE_LOOP('',(#3329,#3330,#3331,#3332,#3333,#3334));
#1422=EDGE_LOOP('',(#3335,#3336,#3337,#3338));
#1423=EDGE_LOOP('',(#3339,#3340,#3341,#3342));
#1424=EDGE_LOOP('',(#3343,#3344,#3345,#3346));
#1425=EDGE_LOOP('',(#3347,#3348,#3349,#3350));
#1426=EDGE_LOOP('',(#3351,#3352,#3353,#3354,#3355));
#1427=EDGE_LOOP('',(#3356,#3357,#3358,#3359));
#1428=EDGE_LOOP('',(#3360,#3361,#3362,#3363));
#1429=EDGE_LOOP('',(#3364,#3365,#3366,#3367));
#1430=EDGE_LOOP('',(#3368,#3369,#3370,#3371,#3372));
#1431=EDGE_LOOP('',(#3373,#3374,#3375,#3376));
#1432=EDGE_LOOP('',(#3377,#3378,#3379,#3380,#3381,#3382,#3383));
#1433=EDGE_LOOP('',(#3384,#3385,#3386,#3387,#3388,#3389,#3390,#3391,#3392,
#3393,#3394,#3395));
#1434=EDGE_LOOP('',(#3396,#3397,#3398,#3399,#3400));
#1435=EDGE_LOOP('',(#3401,#3402,#3403,#3404));
#1436=EDGE_LOOP('',(#3405,#3406,#3407));
#1437=EDGE_LOOP('',(#3408,#3409,#3410,#3411));
#1438=EDGE_LOOP('',(#3412,#3413,#3414,#3415));
#1439=EDGE_LOOP('',(#3416,#3417,#3418,#3419));
#1440=EDGE_LOOP('',(#3420,#3421,#3422,#3423));
#1441=EDGE_LOOP('',(#3424,#3425,#3426,#3427));
#1442=EDGE_LOOP('',(#3428,#3429,#3430,#3431));
#1443=EDGE_LOOP('',(#3432,#3433,#3434,#3435,#3436,#3437));
#1444=EDGE_LOOP('',(#3438,#3439,#3440,#3441));
#1445=EDGE_LOOP('',(#3442,#3443,#3444,#3445,#3446,#3447,#3448,#3449,#3450));
#1446=EDGE_LOOP('',(#3451,#3452,#3453,#3454));
#1447=EDGE_LOOP('',(#3455,#3456,#3457,#3458));
#1448=EDGE_LOOP('',(#3459,#3460,#3461,#3462,#3463,#3464,#3465,#3466,#3467,
#3468,#3469,#3470,#3471,#3472,#3473));
#1449=EDGE_LOOP('',(#3474));
#1450=EDGE_LOOP('',(#3475));
#1451=EDGE_LOOP('',(#3476,#3477,#3478));
#1452=EDGE_LOOP('',(#3479,#3480,#3481,#3482));
#1453=EDGE_LOOP('',(#3483,#3484,#3485));
#1454=EDGE_LOOP('',(#3486,#3487,#3488,#3489,#3490,#3491,#3492));
#1455=EDGE_LOOP('',(#3493,#3494,#3495,#3496,#3497));
#1456=EDGE_LOOP('',(#3498,#3499,#3500,#3501));
#1457=EDGE_LOOP('',(#3502,#3503,#3504,#3505));
#1458=EDGE_LOOP('',(#3506,#3507,#3508,#3509));
#1459=EDGE_LOOP('',(#3510,#3511,#3512,#3513,#3514,#3515,#3516));
#1460=EDGE_LOOP('',(#3517,#3518,#3519));
#1461=EDGE_LOOP('',(#3520,#3521,#3522));
#1462=EDGE_LOOP('',(#3523,#3524,#3525,#3526,#3527,#3528,#3529,#3530,#3531,
#3532,#3533,#3534,#3535,#3536));
#1463=EDGE_LOOP('',(#3537,#3538,#3539,#3540,#3541));
#1464=EDGE_LOOP('',(#3542,#3543,#3544,#3545,#3546));
#1465=EDGE_LOOP('',(#3547,#3548,#3549,#3550));
#1466=EDGE_LOOP('',(#3551,#3552,#3553,#3554,#3555,#3556,#3557,#3558,#3559,
#3560,#3561,#3562,#3563));
#1467=EDGE_LOOP('',(#3564,#3565,#3566,#3567));
#1468=EDGE_LOOP('',(#3568,#3569,#3570,#3571,#3572,#3573,#3574,#3575));
#1469=EDGE_LOOP('',(#3576));
#1470=EDGE_LOOP('',(#3577,#3578,#3579,#3580));
#1471=EDGE_LOOP('',(#3581,#3582,#3583,#3584));
#1472=EDGE_LOOP('',(#3585,#3586));
#1473=EDGE_LOOP('',(#3587));
#1474=EDGE_LOOP('',(#3588,#3589,#3590,#3591));
#1475=EDGE_LOOP('',(#3592,#3593,#3594,#3595,#3596,#3597,#3598,#3599,#3600));
#1476=EDGE_LOOP('',(#3601,#3602,#3603,#3604));
#1477=EDGE_LOOP('',(#3605,#3606,#3607,#3608));
#1478=EDGE_LOOP('',(#3609,#3610,#3611,#3612));
#1479=EDGE_LOOP('',(#3613,#3614,#3615,#3616));
#1480=EDGE_LOOP('',(#3617,#3618,#3619,#3620,#3621,#3622));
#1481=EDGE_LOOP('',(#3623,#3624,#3625,#3626,#3627,#3628,#3629,#3630,#3631));
#1482=EDGE_LOOP('',(#3632,#3633,#3634,#3635));
#1483=EDGE_LOOP('',(#3636,#3637,#3638,#3639));
#1484=EDGE_LOOP('',(#3640,#3641,#3642,#3643));
#1485=EDGE_LOOP('',(#3644,#3645,#3646,#3647,#3648,#3649));
#1486=EDGE_LOOP('',(#3650,#3651,#3652,#3653,#3654,#3655,#3656));
#1487=EDGE_LOOP('',(#3657,#3658,#3659,#3660));
#1488=EDGE_LOOP('',(#3661,#3662,#3663));
#1489=EDGE_LOOP('',(#3664,#3665,#3666,#3667,#3668,#3669));
#1490=EDGE_LOOP('',(#3670,#3671,#3672,#3673));
#1491=EDGE_LOOP('',(#3674,#3675,#3676,#3677,#3678,#3679,#3680));
#1492=EDGE_LOOP('',(#3681,#3682,#3683));
#1493=EDGE_LOOP('',(#3684,#3685,#3686,#3687));
#1494=EDGE_LOOP('',(#3688,#3689,#3690,#3691,#3692,#3693));
#1495=EDGE_LOOP('',(#3694));
#1496=EDGE_LOOP('',(#3695,#3696,#3697,#3698));
#1497=EDGE_LOOP('',(#3699,#3700,#3701,#3702));
#1498=EDGE_LOOP('',(#3703));
#1499=EDGE_LOOP('',(#3704,#3705,#3706,#3707,#3708,#3709,#3710,#3711,#3712,
#3713,#3714));
#1500=EDGE_LOOP('',(#3715,#3716,#3717,#3718));
#1501=EDGE_LOOP('',(#3719,#3720));
#1502=EDGE_LOOP('',(#3721));
#1503=EDGE_LOOP('',(#3722,#3723,#3724,#3725));
#1504=EDGE_LOOP('',(#3726,#3727,#3728,#3729));
#1505=EDGE_LOOP('',(#3730,#3731,#3732,#3733));
#1506=EDGE_LOOP('',(#3734,#3735,#3736,#3737,#3738,#3739));
#1507=EDGE_LOOP('',(#3740,#3741,#3742,#3743,#3744));
#1508=EDGE_LOOP('',(#3745,#3746,#3747,#3748,#3749));
#1509=EDGE_LOOP('',(#3750,#3751,#3752,#3753,#3754,#3755));
#1510=EDGE_LOOP('',(#3756,#3757,#3758,#3759));
#1511=EDGE_LOOP('',(#3760,#3761,#3762,#3763));
#1512=EDGE_LOOP('',(#3764));
#1513=EDGE_LOOP('',(#3765,#3766,#3767,#3768,#3769,#3770,#3771,#3772));
#1514=EDGE_LOOP('',(#3773,#3774,#3775,#3776));
#1515=EDGE_LOOP('',(#3777,#3778,#3779,#3780,#3781));
#1516=EDGE_LOOP('',(#3782,#3783,#3784,#3785));
#1517=EDGE_LOOP('',(#3786,#3787,#3788,#3789));
#1518=EDGE_LOOP('',(#3790,#3791,#3792,#3793,#3794,#3795,#3796));
#1519=EDGE_LOOP('',(#3797,#3798,#3799,#3800,#3801,#3802));
#1520=EDGE_LOOP('',(#3803));
#1521=EDGE_LOOP('',(#3804,#3805,#3806,#3807));
#1522=EDGE_LOOP('',(#3808,#3809,#3810,#3811,#3812,#3813));
#1523=EDGE_LOOP('',(#3814,#3815,#3816,#3817));
#1524=EDGE_LOOP('',(#3818,#3819,#3820,#3821));
#1525=EDGE_LOOP('',(#3822,#3823,#3824,#3825,#3826));
#1526=EDGE_LOOP('',(#3827,#3828,#3829,#3830));
#1527=EDGE_LOOP('',(#3831,#3832,#3833,#3834));
#1528=EDGE_LOOP('',(#3835,#3836,#3837));
#1529=EDGE_LOOP('',(#3838,#3839,#3840,#3841,#3842,#3843,#3844,#3845));
#1530=EDGE_LOOP('',(#3846,#3847,#3848,#3849,#3850,#3851,#3852,#3853));
#1531=EDGE_LOOP('',(#3854,#3855,#3856,#3857));
#1532=EDGE_LOOP('',(#3858,#3859,#3860,#3861,#3862,#3863,#3864,#3865));
#1533=EDGE_LOOP('',(#3866,#3867,#3868,#3869));
#1534=EDGE_LOOP('',(#3870,#3871,#3872,#3873,#3874));
#1535=EDGE_LOOP('',(#3875,#3876,#3877,#3878,#3879,#3880));
#1536=EDGE_LOOP('',(#3881,#3882,#3883,#3884));
#1537=EDGE_LOOP('',(#3885,#3886,#3887,#3888));
#1538=EDGE_LOOP('',(#3889,#3890,#3891,#3892,#3893,#3894));
#1539=EDGE_LOOP('',(#3895,#3896,#3897,#3898,#3899));
#1540=EDGE_LOOP('',(#3900,#3901,#3902,#3903));
#1541=EDGE_LOOP('',(#3904,#3905,#3906,#3907,#3908));
#1542=EDGE_LOOP('',(#3909,#3910,#3911,#3912));
#1543=EDGE_LOOP('',(#3913,#3914,#3915,#3916,#3917));
#1544=EDGE_LOOP('',(#3918,#3919,#3920,#3921,#3922,#3923,#3924,#3925,#3926,
#3927,#3928,#3929,#3930,#3931,#3932,#3933));
#1545=EDGE_LOOP('',(#3934,#3935,#3936,#3937));
#1546=EDGE_LOOP('',(#3938,#3939,#3940,#3941,#3942,#3943,#3944,#3945));
#1547=EDGE_LOOP('',(#3946,#3947,#3948,#3949,#3950));
#1548=EDGE_LOOP('',(#3951,#3952,#3953,#3954));
#1549=EDGE_LOOP('',(#3955,#3956,#3957,#3958));
#1550=EDGE_LOOP('',(#3959,#3960,#3961,#3962,#3963));
#1551=EDGE_LOOP('',(#3964,#3965,#3966,#3967,#3968,#3969));
#1552=EDGE_LOOP('',(#3970,#3971,#3972,#3973));
#1553=EDGE_LOOP('',(#3974,#3975,#3976,#3977));
#1554=EDGE_LOOP('',(#3978,#3979,#3980,#3981,#3982,#3983));
#1555=EDGE_LOOP('',(#3984,#3985,#3986,#3987));
#1556=EDGE_LOOP('',(#3988,#3989,#3990,#3991,#3992));
#1557=EDGE_LOOP('',(#3993));
#1558=EDGE_LOOP('',(#3994,#3995,#3996,#3997,#3998,#3999));
#1559=EDGE_LOOP('',(#4000,#4001,#4002));
#1560=EDGE_LOOP('',(#4003,#4004,#4005,#4006));
#1561=EDGE_LOOP('',(#4007,#4008,#4009,#4010,#4011));
#1562=EDGE_LOOP('',(#4012,#4013,#4014,#4015));
#1563=EDGE_LOOP('',(#4016,#4017,#4018,#4019,#4020,#4021));
#1564=EDGE_LOOP('',(#4022));
#1565=EDGE_LOOP('',(#4023,#4024,#4025,#4026));
#1566=EDGE_LOOP('',(#4027,#4028,#4029,#4030,#4031));
#1567=EDGE_LOOP('',(#4032));
#1568=EDGE_LOOP('',(#4033));
#1569=EDGE_LOOP('',(#4034,#4035,#4036,#4037,#4038,#4039,#4040,#4041,#4042,
#4043,#4044,#4045));
#1570=EDGE_LOOP('',(#4046,#4047,#4048,#4049));
#1571=EDGE_LOOP('',(#4050,#4051,#4052));
#1572=EDGE_LOOP('',(#4053,#4054,#4055,#4056,#4057,#4058));
#1573=EDGE_LOOP('',(#4059,#4060,#4061,#4062));
#1574=EDGE_LOOP('',(#4063,#4064,#4065,#4066,#4067,#4068,#4069));
#1575=EDGE_LOOP('',(#4070));
#1576=EDGE_LOOP('',(#4071));
#1577=EDGE_LOOP('',(#4072,#4073,#4074,#4075));
#1578=EDGE_LOOP('',(#4076,#4077,#4078,#4079));
#1579=EDGE_LOOP('',(#4080,#4081,#4082,#4083,#4084,#4085,#4086,#4087,#4088,
#4089));
#1580=EDGE_LOOP('',(#4090,#4091,#4092,#4093));
#1581=EDGE_LOOP('',(#4094,#4095,#4096,#4097));
#1582=EDGE_LOOP('',(#4098,#4099,#4100,#4101));
#1583=EDGE_LOOP('',(#4102,#4103,#4104,#4105));
#1584=EDGE_LOOP('',(#4106,#4107,#4108,#4109));
#1585=EDGE_LOOP('',(#4110,#4111,#4112,#4113,#4114,#4115,#4116,#4117));
#1586=EDGE_LOOP('',(#4118));
#1587=EDGE_LOOP('',(#4119,#4120,#4121,#4122,#4123,#4124,#4125));
#1588=EDGE_LOOP('',(#4126));
#1589=EDGE_LOOP('',(#4127));
#1590=EDGE_LOOP('',(#4128,#4129,#4130,#4131,#4132));
#1591=EDGE_LOOP('',(#4133,#4134,#4135,#4136));
#1592=EDGE_LOOP('',(#4137,#4138,#4139,#4140));
#1593=EDGE_LOOP('',(#4141,#4142,#4143,#4144,#4145,#4146,#4147,#4148));
#1594=EDGE_LOOP('',(#4149));
#1595=EDGE_LOOP('',(#4150,#4151,#4152,#4153,#4154,#4155,#4156,#4157,#4158,
#4159,#4160,#4161));
#1596=EDGE_LOOP('',(#4162,#4163,#4164,#4165));
#1597=EDGE_LOOP('',(#4166,#4167,#4168,#4169));
#1598=EDGE_LOOP('',(#4170,#4171,#4172,#4173,#4174,#4175,#4176,#4177,#4178));
#1599=EDGE_LOOP('',(#4179,#4180,#4181,#4182,#4183,#4184,#4185,#4186,#4187));
#1600=EDGE_LOOP('',(#4188,#4189,#4190,#4191));
#1601=EDGE_LOOP('',(#4192,#4193,#4194,#4195));
#1602=EDGE_LOOP('',(#4196));
#1603=EDGE_LOOP('',(#4197,#4198,#4199,#4200,#4201,#4202));
#1604=EDGE_LOOP('',(#4203,#4204,#4205,#4206,#4207,#4208,#4209,#4210,#4211,
#4212,#4213,#4214,#4215,#4216));
#1605=EDGE_LOOP('',(#4217,#4218,#4219,#4220));
#1606=EDGE_LOOP('',(#4221,#4222,#4223,#4224,#4225));
#1607=EDGE_LOOP('',(#4226,#4227,#4228,#4229,#4230,#4231));
#1608=EDGE_LOOP('',(#4232,#4233,#4234,#4235));
#1609=EDGE_LOOP('',(#4236,#4237,#4238,#4239));
#1610=EDGE_LOOP('',(#4240,#4241,#4242,#4243,#4244,#4245,#4246));
#1611=EDGE_LOOP('',(#4247,#4248,#4249,#4250));
#1612=EDGE_LOOP('',(#4251,#4252,#4253,#4254));
#1613=EDGE_LOOP('',(#4255,#4256,#4257,#4258));
#1614=EDGE_LOOP('',(#4259,#4260,#4261,#4262));
#1615=EDGE_LOOP('',(#4263,#4264,#4265,#4266,#4267,#4268,#4269));
#1616=EDGE_LOOP('',(#4270,#4271,#4272,#4273,#4274,#4275,#4276,#4277));
#1617=EDGE_LOOP('',(#4278,#4279,#4280,#4281));
#1618=EDGE_LOOP('',(#4282,#4283,#4284,#4285,#4286,#4287,#4288));
#1619=EDGE_LOOP('',(#4289,#4290,#4291,#4292,#4293,#4294,#4295,#4296,#4297));
#1620=EDGE_LOOP('',(#4298));
#1621=EDGE_LOOP('',(#4299));
#1622=EDGE_LOOP('',(#4300,#4301,#4302,#4303,#4304,#4305,#4306,#4307,#4308,
#4309,#4310,#4311));
#1623=EDGE_LOOP('',(#4312,#4313,#4314,#4315));
#1624=EDGE_LOOP('',(#4316));
#1625=EDGE_LOOP('',(#4317));
#1626=EDGE_LOOP('',(#4318,#4319,#4320,#4321));
#1627=EDGE_LOOP('',(#4322,#4323,#4324,#4325));
#1628=EDGE_LOOP('',(#4326,#4327,#4328,#4329,#4330));
#1629=EDGE_LOOP('',(#4331,#4332,#4333,#4334));
#1630=EDGE_LOOP('',(#4335,#4336,#4337,#4338,#4339));
#1631=EDGE_LOOP('',(#4340,#4341,#4342,#4343));
#1632=EDGE_LOOP('',(#4344));
#1633=EDGE_LOOP('',(#4345));
#1634=EDGE_LOOP('',(#4346,#4347,#4348,#4349));
#1635=EDGE_LOOP('',(#4350,#4351,#4352,#4353));
#1636=EDGE_LOOP('',(#4354,#4355,#4356,#4357));
#1637=EDGE_LOOP('',(#4358));
#1638=EDGE_LOOP('',(#4359,#4360,#4361,#4362));
#1639=EDGE_LOOP('',(#4363,#4364,#4365,#4366));
#1640=EDGE_LOOP('',(#4367,#4368,#4369,#4370,#4371));
#1641=EDGE_LOOP('',(#4372,#4373,#4374,#4375));
#1642=EDGE_LOOP('',(#4376,#4377,#4378,#4379,#4380,#4381,#4382,#4383,#4384,
#4385));
#1643=EDGE_LOOP('',(#4386,#4387,#4388,#4389,#4390,#4391));
#1644=EDGE_LOOP('',(#4392));
#1645=EDGE_LOOP('',(#4393));
#1646=EDGE_LOOP('',(#4394,#4395,#4396,#4397));
#1647=EDGE_LOOP('',(#4398));
#1648=EDGE_LOOP('',(#4399,#4400,#4401,#4402));
#1649=EDGE_LOOP('',(#4403,#4404,#4405,#4406));
#1650=EDGE_LOOP('',(#4407,#4408,#4409,#4410,#4411,#4412,#4413,#4414,#4415,
#4416,#4417,#4418));
#1651=EDGE_LOOP('',(#4419,#4420,#4421,#4422,#4423,#4424,#4425,#4426,#4427,
#4428,#4429,#4430,#4431,#4432,#4433,#4434,#4435,#4436,#4437,#4438,#4439,
#4440,#4441,#4442,#4443,#4444,#4445,#4446,#4447,#4448,#4449,#4450,#4451,
#4452,#4453));
#1652=EDGE_LOOP('',(#4454));
#1653=EDGE_LOOP('',(#4455));
#1654=EDGE_LOOP('',(#4456));
#1655=EDGE_LOOP('',(#4457));
#1656=EDGE_LOOP('',(#4458));
#1657=EDGE_LOOP('',(#4459));
#1658=EDGE_LOOP('',(#4460,#4461,#4462,#4463));
#1659=EDGE_LOOP('',(#4464,#4465,#4466,#4467));
#1660=EDGE_LOOP('',(#4468,#4469,#4470,#4471));
#1661=EDGE_LOOP('',(#4472,#4473,#4474,#4475));
#1662=EDGE_LOOP('',(#4476,#4477,#4478,#4479));
#1663=EDGE_LOOP('',(#4480,#4481,#4482,#4483));
#1664=EDGE_LOOP('',(#4484,#4485,#4486,#4487));
#1665=EDGE_LOOP('',(#4488,#4489,#4490,#4491));
#1666=EDGE_LOOP('',(#4492,#4493,#4494,#4495));
#1667=EDGE_LOOP('',(#4496,#4497,#4498,#4499));
#1668=EDGE_LOOP('',(#4500,#4501,#4502,#4503));
#1669=EDGE_LOOP('',(#4504,#4505,#4506,#4507));
#1670=EDGE_LOOP('',(#4508,#4509,#4510,#4511));
#1671=EDGE_LOOP('',(#4512,#4513,#4514,#4515));
#1672=EDGE_LOOP('',(#4516,#4517,#4518,#4519));
#1673=EDGE_LOOP('',(#4520,#4521,#4522,#4523,#4524,#4525,#4526,#4527,#4528,
#4529,#4530,#4531));
#1674=EDGE_LOOP('',(#4532));
#1675=EDGE_LOOP('',(#4533));
#1676=EDGE_LOOP('',(#4534));
#1677=EDGE_LOOP('',(#4535,#4536,#4537,#4538,#4539,#4540,#4541,#4542,#4543));
#1678=EDGE_LOOP('',(#4544,#4545,#4546));
#1679=EDGE_LOOP('',(#4547,#4548,#4549,#4550));
#1680=EDGE_LOOP('',(#4551,#4552,#4553,#4554,#4555));
#1681=EDGE_LOOP('',(#4556,#4557,#4558,#4559));
#1682=EDGE_LOOP('',(#4560,#4561,#4562,#4563));
#1683=EDGE_LOOP('',(#4564));
#1684=EDGE_LOOP('',(#4565));
#1685=EDGE_LOOP('',(#4566,#4567,#4568,#4569));
#1686=EDGE_LOOP('',(#4570,#4571,#4572,#4573));
#1687=EDGE_LOOP('',(#4574,#4575,#4576,#4577));
#1688=EDGE_LOOP('',(#4578));
#1689=EDGE_LOOP('',(#4579));
#1690=EDGE_LOOP('',(#4580,#4581,#4582,#4583));
#1691=EDGE_LOOP('',(#4584,#4585,#4586,#4587));
#1692=EDGE_LOOP('',(#4588,#4589,#4590,#4591));
#1693=EDGE_LOOP('',(#4592));
#1694=EDGE_LOOP('',(#4593));
#1695=EDGE_LOOP('',(#4594,#4595,#4596,#4597));
#1696=EDGE_LOOP('',(#4598,#4599,#4600,#4601));
#1697=EDGE_LOOP('',(#4602,#4603,#4604,#4605));
#1698=EDGE_LOOP('',(#4606));
#1699=EDGE_LOOP('',(#4607));
#1700=EDGE_LOOP('',(#4608,#4609,#4610,#4611));
#1701=EDGE_LOOP('',(#4612,#4613,#4614,#4615));
#1702=EDGE_LOOP('',(#4616,#4617));
#1703=EDGE_LOOP('',(#4618));
#1704=EDGE_LOOP('',(#4619,#4620,#4621,#4622,#4623,#4624));
#1705=EDGE_LOOP('',(#4625,#4626));
#1706=EDGE_LOOP('',(#4627));
#1707=CIRCLE('',#4935,0.750000000000206);
#1708=CIRCLE('',#4936,0.749999999999631);
#1709=CIRCLE('',#4938,1.25);
#1710=CIRCLE('',#4940,4.00000000000002);
#1711=CIRCLE('',#4941,2.75000000000001);
#1712=CIRCLE('',#4942,4.00000000000002);
#1713=CIRCLE('',#4944,1.25);
#1714=CIRCLE('',#4946,0.999999999999944);
#1715=CIRCLE('',#4947,4.);
#1716=CIRCLE('',#4948,5.);
#1717=CIRCLE('',#4950,1.);
#1718=CIRCLE('',#4953,5.);
#1719=CIRCLE('',#4954,5.5);
#1720=CIRCLE('',#4957,2.4);
#1721=CIRCLE('',#4958,1.5);
#1722=CIRCLE('',#4959,3.5);
#1723=CIRCLE('',#4960,3.);
#1724=CIRCLE('',#4961,7.5);
#1725=CIRCLE('',#4962,2.4);
#1726=CIRCLE('',#4963,0.750000000000002);
#1727=CIRCLE('',#4964,0.750000000000002);
#1728=CIRCLE('',#4966,2.4);
#1729=CIRCLE('',#4967,2.4);
#1730=CIRCLE('',#4973,2.25);
#1731=CIRCLE('',#4974,2.25);
#1732=CIRCLE('',#4978,2.25);
#1733=CIRCLE('',#4980,2.);
#1734=CIRCLE('',#4982,19.5);
#1735=CIRCLE('',#4983,18.);
#1736=CIRCLE('',#4984,1.);
#1737=CIRCLE('',#4985,3.5);
#1738=CIRCLE('',#4986,4.25);
#1739=CIRCLE('',#4987,5.75502527307472);
#1740=CIRCLE('',#4989,2.25);
#1741=CIRCLE('',#4993,2.25);
#1742=CIRCLE('',#4995,2.);
#1743=CIRCLE('',#4997,0.250000000000004);
#1744=CIRCLE('',#4999,1.);
#1745=CIRCLE('',#5001,4.);
#1746=CIRCLE('',#5002,1.);
#1747=CIRCLE('',#5003,5.);
#1748=CIRCLE('',#5005,1.);
#1749=CIRCLE('',#5007,4.);
#1750=CIRCLE('',#5008,5.);
#1751=CIRCLE('',#5010,4.00000031292431);
#1752=CIRCLE('',#5011,5.00000031292431);
#1753=CIRCLE('',#5014,1.);
#1754=CIRCLE('',#5016,4.);
#1755=CIRCLE('',#5017,1.);
#1756=CIRCLE('',#5018,1.);
#1757=CIRCLE('',#5020,1.);
#1758=CIRCLE('',#5022,1.);
#1759=CIRCLE('',#5025,19.5);
#1760=CIRCLE('',#5026,20.);
#1761=CIRCLE('',#5028,4.);
#1762=CIRCLE('',#5029,1.5);
#1763=CIRCLE('',#5030,5.5);
#1764=CIRCLE('',#5032,4.);
#1765=CIRCLE('',#5033,4.);
#1766=CIRCLE('',#5035,4.);
#1767=CIRCLE('',#5037,4.);
#1768=CIRCLE('',#5039,4.);
#1769=CIRCLE('',#5041,3.99999999999999);
#1770=CIRCLE('',#5043,1.5);
#1771=CIRCLE('',#5044,1.5);
#1772=CIRCLE('',#5045,1.5);
#1773=CIRCLE('',#5047,1.5);
#1774=CIRCLE('',#5049,1.5);
#1775=CIRCLE('',#5050,1.);
#1776=CIRCLE('',#5051,2.5);
#1777=CIRCLE('',#5059,2.);
#1778=CIRCLE('',#5060,19.5);
#1779=CIRCLE('',#5062,2.5);
#1780=CIRCLE('',#5064,2.5);
#1781=CIRCLE('',#5065,2.5);
#1782=CIRCLE('',#5067,19.9999999999999);
#1783=CIRCLE('',#5068,4.);
#1784=CIRCLE('',#5069,4.);
#1785=CIRCLE('',#5070,4.00000031292431);
#1786=CIRCLE('',#5071,1.05);
#1787=CIRCLE('',#5072,1.05);
#1788=CIRCLE('',#5074,0.5);
#1789=CIRCLE('',#5076,1.5);
#1790=CIRCLE('',#5077,0.500000000000002);
#1791=CIRCLE('',#5082,1.5);
#1792=CIRCLE('',#5084,1.5);
#1793=CIRCLE('',#5086,19.5);
#1794=CIRCLE('',#5089,19.5);
#1795=CIRCLE('',#5091,4.25);
#1796=CIRCLE('',#5092,1.25);
#1797=CIRCLE('',#5093,3.);
#1798=CIRCLE('',#5094,3.);
#1799=CIRCLE('',#5095,1.25);
#1800=CIRCLE('',#5097,3.5);
#1801=CIRCLE('',#5099,3.5);
#1802=CIRCLE('',#5101,3.5);
#1803=CIRCLE('',#5102,3.5);
#1804=CIRCLE('',#5103,3.5);
#1805=CIRCLE('',#5105,1.);
#1806=CIRCLE('',#5106,1.);
#1807=CIRCLE('',#5108,1.);
#1808=CIRCLE('',#5109,1.);
#1809=CIRCLE('',#5111,4.5);
#1810=CIRCLE('',#5113,4.);
#1811=CIRCLE('',#5114,1.75);
#1812=CIRCLE('',#5115,1.);
#1813=CIRCLE('',#5116,19.5);
#1814=CIRCLE('',#5118,4.);
#1815=CIRCLE('',#5120,1.75);
#1816=CIRCLE('',#5121,1.1);
#1817=CIRCLE('',#5123,1.);
#1818=CIRCLE('',#5126,1.1);
#1819=CIRCLE('',#5131,1.1);
#1820=CIRCLE('',#5149,19.5);
#1821=CIRCLE('',#5150,0.750000000000002);
#1822=CIRCLE('',#5155,4.00000031292431);
#1823=CIRCLE('',#5156,4.00000031292431);
#1824=CIRCLE('',#5157,1.1);
#1825=CIRCLE('',#5162,1.1);
#1826=CIRCLE('',#5164,0.250000000000001);
#1827=CIRCLE('',#5165,0.249999999999997);
#1828=CIRCLE('',#5166,0.249999999999997);
#1829=CIRCLE('',#5172,1.1);
#1830=CIRCLE('',#5177,1.1);
#1831=CIRCLE('',#5179,1.5);
#1832=CIRCLE('',#5181,1.49999999999979);
#1833=CIRCLE('',#5191,19.5);
#1834=CIRCLE('',#5198,1.5);
#1835=CIRCLE('',#5208,25.);
#1836=CIRCLE('',#5210,7.5);
#1837=CIRCLE('',#5212,3.);
#1838=CIRCLE('',#5213,5.);
#1839=CIRCLE('',#5218,3.5);
#1840=CIRCLE('',#5221,1.5);
#1841=CIRCLE('',#5224,4.4);
#1842=CIRCLE('',#5225,2.4);
#1843=CIRCLE('',#5227,3.);
#1844=CIRCLE('',#5228,23.);
#1845=CIRCLE('',#5230,3.);
#1846=CIRCLE('',#5250,4.);
#1847=CIRCLE('',#5253,4.00000000000001);
#1848=CIRCLE('',#5259,5.49999999999997);
#1849=CIRCLE('',#5260,19.5);
#1850=CIRCLE('',#5261,5.33303027798234);
#1851=CIRCLE('',#5263,2.);
#1852=CIRCLE('',#5264,3.5);
#1853=CIRCLE('',#5265,2.5);
#1854=CIRCLE('',#5267,0.750000000000002);
#1855=CIRCLE('',#5269,4.);
#1856=CIRCLE('',#5270,7.5);
#1857=CIRCLE('',#5271,5.49999999999997);
#1858=CIRCLE('',#5273,19.5);
#1859=CIRCLE('',#5275,4.);
#1860=CIRCLE('',#5278,19.5);
#1861=CIRCLE('',#5281,0.750000000000002);
#1862=CIRCLE('',#5287,0.750000000000208);
#1863=CIRCLE('',#5291,0.749999999999631);
#1864=CIRCLE('',#5293,2.75000000000002);
#1865=CIRCLE('',#5295,2.);
#1866=CIRCLE('',#5296,0.750000000000002);
#1867=CIRCLE('',#5298,3.);
#1868=CIRCLE('',#5300,0.75);
#1869=CIRCLE('',#5303,2.);
#1870=CIRCLE('',#5305,2.);
#1871=CIRCLE('',#5307,2.);
#1872=CIRCLE('',#5308,0.75);
#1873=CIRCLE('',#5311,19.5);
#1874=CIRCLE('',#5312,19.5);
#1875=CIRCLE('',#5314,0.750000000000002);
#1876=CIRCLE('',#5318,2.);
#1877=CIRCLE('',#5321,19.5);
#1878=CIRCLE('',#5323,19.5);
#1879=CIRCLE('',#5324,19.5);
#1880=CIRCLE('',#5325,19.5);
#1881=CIRCLE('',#5327,19.5);
#1882=CIRCLE('',#5328,19.5);
#1883=CIRCLE('',#5332,2.);
#1884=CIRCLE('',#5335,19.5);
#1885=CIRCLE('',#5337,19.5);
#1886=CIRCLE('',#5338,19.5);
#1887=CIRCLE('',#5340,0.75);
#1888=CIRCLE('',#5342,0.75);
#1889=CIRCLE('',#5344,2.);
#1890=CIRCLE('',#5348,5.75502527307472);
#1891=CIRCLE('',#5351,4.9);
#1892=CIRCLE('',#5352,19.5);
#1893=CIRCLE('',#5354,4.9);
#1894=CIRCLE('',#5355,4.9);
#1895=CIRCLE('',#5356,4.9);
#1896=CIRCLE('',#5357,4.9);
#1897=CIRCLE('',#5358,4.9);
#1898=CIRCLE('',#5360,19.5);
#1899=CIRCLE('',#5362,1.1);
#1900=CIRCLE('',#5364,1.1);
#1901=CIRCLE('',#5372,1.05);
#1902=CIRCLE('',#5374,1.05);
#1903=CIRCLE('',#5378,3.55);
#1904=CIRCLE('',#5383,0.75);
#1905=CIRCLE('',#5384,0.75);
#1906=CIRCLE('',#5389,0.750000000000002);
#1907=CIRCLE('',#5394,3.);
#1908=CIRCLE('',#5395,3.09999999999555);
#1909=CIRCLE('',#5397,1.9);
#1910=CIRCLE('',#5398,1.1);
#1911=CIRCLE('',#5400,1.9);
#1912=CIRCLE('',#5401,1.1);
#1913=CIRCLE('',#5403,1.9);
#1914=CIRCLE('',#5404,1.1);
#1915=CIRCLE('',#5413,3.09999999999555);
#1916=CIRCLE('',#5416,3.);
#1917=CIRCLE('',#5423,2.925);
#1918=CIRCLE('',#5424,2.925);
#1919=CIRCLE('',#5425,2.925);
#1920=CIRCLE('',#5431,4.2);
#1921=CIRCLE('',#5433,3.55);
#1922=CIRCLE('',#5436,2.225);
#1923=CIRCLE('',#5437,2.925);
#1924=CIRCLE('',#5440,1.9);
#1925=CIRCLE('',#5443,2.22499999999999);
#1926=CIRCLE('',#5444,2.925);
#1927=CIRCLE('',#5447,1.9);
#1928=CIRCLE('',#5450,2.225);
#1929=CIRCLE('',#5451,2.925);
#1930=CIRCLE('',#5454,1.9);
#1931=CIRCLE('',#5457,0.750000000000002);
#1932=CIRCLE('',#5460,0.750000000000002);
#1933=B_SPLINE_CURVE_WITH_KNOTS('',3,(#6937,#6938,#6939,#6940,#6941,#6942,
#6943,#6944),.UNSPECIFIED.,.F.,.F.,(4,1,1,2,4),(-0.0783034452779878,-0.0469820671667927,
-0.0313213781111951,0.,0.000340631322785115),.UNSPECIFIED.);
#1934=B_SPLINE_CURVE_WITH_KNOTS('',3,(#6946,#6947,#6948,#6949,#6950,#6951,
#6952,#6953),.UNSPECIFIED.,.F.,.F.,(4,2,1,1,4),(-0.000340631322785115,0.,
0.0313213781111951,0.0469820671667927,0.0783034452779878),.UNSPECIFIED.);
#1935=B_SPLINE_CURVE_WITH_KNOTS('',3,(#6989,#6990,#6991,#6992,#6993,#6994,
#6995,#6996),.UNSPECIFIED.,.F.,.F.,(4,1,1,2,4),(2.14828155280029E-16,0.0313213781112344,
0.0469820671668515,0.0783034452780856,0.0786440766008663),.UNSPECIFIED.);
#1936=B_SPLINE_CURVE_WITH_KNOTS('',3,(#6998,#6999,#7000,#7001,#7002,#7003,
#7004,#7005),.UNSPECIFIED.,.F.,.F.,(4,2,1,1,4),(-0.0786440766008663,-0.0783034452780856,
-0.0469820671668515,-0.0313213781112344,-2.14828155280029E-16),
 .UNSPECIFIED.);
#1937=B_SPLINE_CURVE_WITH_KNOTS('',3,(#7016,#7017,#7018,#7019,#7020,#7021,
#7022,#7023),.UNSPECIFIED.,.F.,.F.,(4,2,2,4),(-0.160151966616665,-0.158438951672848,
-0.0261506148810282,-0.0156355158041488),.UNSPECIFIED.);
#1938=B_SPLINE_CURVE_WITH_KNOTS('',3,(#7028,#7029,#7030,#7031,#7032,#7033),
 .UNSPECIFIED.,.F.,.F.,(4,2,4),(0.0378169665024571,0.0588338446308556,0.0598786307969691),
 .UNSPECIFIED.);
#1939=B_SPLINE_CURVE_WITH_KNOTS('',3,(#7046,#7047,#7048,#7049,#7050,#7051,
#7052,#7053,#7054,#7055,#7056,#7057,#7058,#7059,#7060,#7061),
 .UNSPECIFIED.,.F.,.F.,(4,2,2,2,2,2,2,4),(-0.342118112456591,-0.341609824521397,
-0.311857237039493,-0.282139562705111,-0.238912506385423,-0.203226485316232,
-0.170973078119632,-0.170771896854745),.UNSPECIFIED.);
#1940=B_SPLINE_CURVE_WITH_KNOTS('',3,(#7080,#7081,#7082,#7083,#7084,#7085,
#7086,#7087,#7088,#7089),.UNSPECIFIED.,.F.,.F.,(4,2,2,2,4),(-0.158610484831125,
-0.117910316466387,-0.0772101481016495,-0.0386050740508247,0.),
 .UNSPECIFIED.);
#1941=B_SPLINE_CURVE_WITH_KNOTS('',3,(#7093,#7094,#7095,#7096,#7097,#7098,
#7099,#7100,#7101,#7102),.UNSPECIFIED.,.F.,.F.,(4,2,2,2,4),(0.,0.0386050740508248,
0.0772101481016495,0.117910316466387,0.158610484831125),.UNSPECIFIED.);
#1942=B_SPLINE_CURVE_WITH_KNOTS('',3,(#7106,#7107,#7108,#7109,#7110,#7111,
#7112,#7113),.UNSPECIFIED.,.F.,.F.,(4,2,2,4),(0.81611755861632,0.818712993051057,
0.847826720376296,0.876940447701536),.UNSPECIFIED.);
#1943=B_SPLINE_CURVE_WITH_KNOTS('',3,(#7115,#7116,#7117,#7118,#7119,#7120,
#7121,#7122),.UNSPECIFIED.,.F.,.F.,(4,2,2,4),(0.876940447701536,0.906054175026775,
0.935167902352014,0.937763336786752),.UNSPECIFIED.);
#1944=B_SPLINE_CURVE_WITH_KNOTS('',3,(#7161,#7162,#7163,#7164,#7165,#7166,
#7167,#7168,#7169,#7170,#7171,#7172,#7173,#7174,#7175,#7176),
 .UNSPECIFIED.,.F.,.F.,(4,2,2,2,2,2,2,4),(0.57574995585782,0.581384127845949,
0.625714673771353,0.670045219696758,0.689063703939083,0.708082188181408,
0.723583371087058,0.739084553992709),.UNSPECIFIED.);
#1945=B_SPLINE_CURVE_WITH_KNOTS('',3,(#7180,#7181,#7182,#7183,#7184,#7185,
#7186,#7187,#7188,#7189,#7190,#7191,#7192,#7193,#7194,#7195),
 .UNSPECIFIED.,.F.,.F.,(4,2,2,2,2,2,2,4),(0.24636151799757,0.26186270090322,
0.27736388380887,0.296382368051195,0.31540085229352,0.359731398218925,0.40406194414433,
0.409696116132458),.UNSPECIFIED.);
#1946=B_SPLINE_CURVE_WITH_KNOTS('',3,(#7228,#7229,#7230,#7231,#7232,#7233,
#7234,#7235,#7236,#7237),.UNSPECIFIED.,.F.,.F.,(4,2,2,2,4),(0.545399608917993,
0.555157330827701,0.661118163097673,0.700046970371522,0.730266756952526),
 .UNSPECIFIED.);
#1947=B_SPLINE_CURVE_WITH_KNOTS('',3,(#7295,#7296,#7297,#7298,#7299,#7300,
#7301,#7302,#7303,#7304,#7305,#7306),.UNSPECIFIED.,.F.,.F.,(4,2,2,2,2,4),
(0.730266756952526,0.760486543533529,0.799415350807378,0.90537618307735,
1.01613032228122,1.08409909834945),.UNSPECIFIED.);
#1948=B_SPLINE_CURVE_WITH_KNOTS('',3,(#7376,#7377,#7378,#7379,#7380,#7381,
#7382,#7383,#7384,#7385,#7386,#7387),.UNSPECIFIED.,.F.,.F.,(4,1,1,1,1,1,
1,2,4),(4.27160968718528E-32,0.0389298517875828,0.0778597035751656,0.0908363208376932,
0.103812938100221,0.110301246731485,0.116789555362748,0.129766172625276,
0.130184090088297),.UNSPECIFIED.);
#1949=B_SPLINE_CURVE_WITH_KNOTS('',3,(#7389,#7390,#7391,#7392,#7393,#7394,
#7395,#7396,#7397,#7398,#7399,#7400),.UNSPECIFIED.,.F.,.F.,(4,2,1,1,1,1,
1,1,4),(-0.130184090088297,-0.129766172625276,-0.116789555362748,-0.110301246731485,
-0.103812938100221,-0.0908363208376932,-0.0778597035751656,-0.0389298517875828,
-4.27160968718528E-32),.UNSPECIFIED.);
#1950=B_SPLINE_CURVE_WITH_KNOTS('',3,(#7406,#7407,#7408,#7409,#7410,#7411),
 .UNSPECIFIED.,.F.,.F.,(4,2,4),(-0.416476241633421,-0.297887724250603,-0.0133189526842311),
 .UNSPECIFIED.);
#1951=B_SPLINE_CURVE_WITH_KNOTS('',3,(#7425,#7426,#7427,#7428,#7429,#7430,
#7431,#7432,#7433,#7434,#7435,#7436,#7437,#7438,#7439,#7440),
 .UNSPECIFIED.,.F.,.F.,(4,2,2,2,2,2,2,4),(-0.342118112457999,-0.341609824522808,
-0.311857237040927,-0.282139562706486,-0.238912506386541,-0.203226485317145,
-0.170973078120414,-0.170771896855401),.UNSPECIFIED.);
#1952=B_SPLINE_CURVE_WITH_KNOTS('',3,(#7452,#7453,#7454,#7455,#7456,#7457,
#7458,#7459,#7460,#7461,#7462,#7463,#7464,#7465),.UNSPECIFIED.,.F.,.F.,
(4,2,2,2,2,2,4),(-0.400741121229819,-0.400127451987994,-0.349055299091283,
-0.298430800595609,-0.252648915879422,-0.219455358560722,-0.195451915576062),
 .UNSPECIFIED.);
#1953=B_SPLINE_CURVE_WITH_KNOTS('',3,(#7476,#7477,#7478,#7479),
 .UNSPECIFIED.,.F.,.F.,(4,4),(0.,0.128434545255051),.UNSPECIFIED.);
#1954=B_SPLINE_CURVE_WITH_KNOTS('',3,(#7510,#7511,#7512,#7513,#7514),
 .UNSPECIFIED.,.F.,.F.,(4,1,4),(-0.080793814732771,-0.034625920599759,0.),
 .UNSPECIFIED.);
#1955=B_SPLINE_CURVE_WITH_KNOTS('',3,(#7517,#7518,#7519,#7520,#7521),
 .UNSPECIFIED.,.F.,.F.,(4,1,4),(0.,0.034625920599759,0.080793814732771),
 .UNSPECIFIED.);
#1956=B_SPLINE_CURVE_WITH_KNOTS('',3,(#7531,#7532,#7533,#7534),
 .UNSPECIFIED.,.F.,.F.,(4,4),(-0.128434545255083,0.),.UNSPECIFIED.);
#1957=B_SPLINE_CURVE_WITH_KNOTS('',3,(#7550,#7551,#7552,#7553,#7554,#7555),
 .UNSPECIFIED.,.F.,.F.,(4,2,4),(0.294877975687373,0.332082417387248,0.377728592734011),
 .UNSPECIFIED.);
#1958=B_SPLINE_CURVE_WITH_KNOTS('',3,(#7556,#7557,#7558,#7559),
 .UNSPECIFIED.,.F.,.F.,(4,4),(0.749829668989227,0.779851428770458),
 .UNSPECIFIED.);
#1959=B_SPLINE_CURVE_WITH_KNOTS('',3,(#7604,#7605,#7606,#7607,#7608,#7609,
#7610,#7611,#7612,#7613),.UNSPECIFIED.,.F.,.F.,(4,2,2,2,4),(0.,0.0565052392940259,
0.113010478588052,0.169583729356403,0.226156980124754),.UNSPECIFIED.);
#1960=B_SPLINE_CURVE_WITH_KNOTS('',3,(#7717,#7718,#7719,#7720,#7721,#7722,
#7723,#7724,#7725,#7726,#7727,#7728,#7729,#7730,#7731,#7732),
 .UNSPECIFIED.,.F.,.F.,(4,2,2,2,2,2,2,4),(0.086932767767409,0.0906561383716177,
0.100023536616913,0.114133359996738,0.138205763316138,0.157125839042511,
0.165618216650102,0.172945986875542),.UNSPECIFIED.);
#1961=B_SPLINE_CURVE_WITH_KNOTS('',3,(#7738,#7739,#7740,#7741),
 .UNSPECIFIED.,.F.,.F.,(4,4),(0.395923046262645,0.416257407607582),
 .UNSPECIFIED.);
#1962=B_SPLINE_CURVE_WITH_KNOTS('',3,(#7762,#7763,#7764,#7765,#7766,#7767,
#7768,#7769,#7770,#7771,#7772,#7773,#7774,#7775),.UNSPECIFIED.,.F.,.F.,
(4,2,2,2,2,2,4),(-0.289174892738482,-0.288377295107151,-0.218937212830973,
-0.153809396291802,-0.0900328466743698,-0.0420879377523386,0.),
 .UNSPECIFIED.);
#1963=B_SPLINE_CURVE_WITH_KNOTS('',3,(#7779,#7780,#7781,#7782,#7783,#7784,
#7785,#7786,#7787,#7788),.UNSPECIFIED.,.F.,.F.,(4,2,2,2,4),(0.725004615627693,
0.792448679141796,0.854376053706723,0.911169776277302,0.964322571445824),
 .UNSPECIFIED.);
#1964=B_SPLINE_CURVE_WITH_KNOTS('',3,(#7800,#7801,#7802,#7803,#7804,#7805,
#7806,#7807,#7808,#7809,#7810,#7811,#7812,#7813),.UNSPECIFIED.,.F.,.F.,
(4,2,2,2,2,2,4),(1.77953528067687,1.81102706437864,1.92696705610001,2.06749760498097,
2.15648523776017,2.25613883344459,2.29691322477207),.UNSPECIFIED.);
#1965=B_SPLINE_CURVE_WITH_KNOTS('',3,(#7865,#7866,#7867,#7868,#7869,#7870,
#7871,#7872),.UNSPECIFIED.,.F.,.F.,(4,2,1,1,4),(-0.000959309088185836,0.,
0.143377461635051,0.215066192452576,0.358443654087627),.UNSPECIFIED.);
#1966=B_SPLINE_CURVE_WITH_KNOTS('',3,(#7913,#7914,#7915,#7916,#7917,#7918,
#7919,#7920),.UNSPECIFIED.,.F.,.F.,(4,1,1,2,4),(0.797953812502526,0.941331274137577,
1.0130200049551,1.15639746659015,1.15735677567834),.UNSPECIFIED.);
#1967=B_SPLINE_CURVE_WITH_KNOTS('',3,(#7952,#7953,#7954,#7955,#7956,#7957,
#7958,#7959,#7960,#7961,#7962,#7963,#7964,#7965),.UNSPECIFIED.,.F.,.F.,
(4,2,2,2,2,2,4),(-0.181653923523236,-0.181080009161341,-0.139088856702608,
-0.0987896529804152,-0.0583723964290878,-0.0278357962156917,0.),
 .UNSPECIFIED.);
#1968=B_SPLINE_CURVE_WITH_KNOTS('',3,(#7974,#7975,#7976,#7977,#7978,#7979,
#7980,#7981,#7982,#7983,#7984,#7985,#7986,#7987),.UNSPECIFIED.,.F.,.F.,
(4,2,2,2,2,2,4),(0.,0.0278357962156947,0.0583723964290998,0.0987896529804333,
0.139088856702619,0.181080009162486,0.181653923524422),.UNSPECIFIED.);
#1969=B_SPLINE_CURVE_WITH_KNOTS('',3,(#8160,#8161,#8162,#8163,#8164,#8165,
#8166,#8167,#8168,#8169,#8170,#8171,#8172,#8173,#8174,#8175,#8176,#8177,
#8178,#8179,#8180,#8181),.UNSPECIFIED.,.F.,.F.,(4,2,2,2,2,2,2,2,2,2,4),
(0.,0.0220490991610002,0.0656815897395811,0.0720832598923601,0.075926819913698,
0.0789451717695627,0.0823896165954503,0.0884965967696939,0.101416091515609,
0.135836902901438,0.144792500043882),.UNSPECIFIED.);
#1970=B_SPLINE_CURVE_WITH_KNOTS('',3,(#8192,#8193,#8194,#8195,#8196,#8197,
#8198),.UNSPECIFIED.,.F.,.F.,(4,1,1,1,4),(0.465644452367081,0.480138506835597,
0.501014094089319,0.52188968134304,0.584516443104205),.UNSPECIFIED.);
#1971=B_SPLINE_CURVE_WITH_KNOTS('',3,(#8212,#8213,#8214,#8215,#8216,#8217,
#8218,#8219,#8220,#8221,#8222,#8223,#8224,#8225,#8226,#8227,#8228,#8229,
#8230,#8231,#8232,#8233,#8234,#8235,#8236,#8237,#8238,#8239,#8240,#8241,
#8242),.UNSPECIFIED.,.F.,.F.,(4,3,3,3,3,3,3,3,3,3,4),(0.,0.00476561576971974,
0.00953123153943948,0.0143281662713476,0.0181076862474827,0.0194105791848418,
0.0241957772075776,0.0259389427430604,0.0307980072357574,0.0324758528194406,
0.0326330572048122),.UNSPECIFIED.);
#1972=B_SPLINE_CURVE_WITH_KNOTS('',3,(#8265,#8266,#8267,#8268,#8269,#8270,
#8271,#8272,#8273,#8274,#8275,#8276,#8277,#8278,#8279,#8280,#8281,#8282,
#8283,#8284),.UNSPECIFIED.,.F.,.F.,(4,2,2,2,2,2,2,2,2,4),(0.,0.0218629982186402,
0.0278006514588825,0.0303898682898017,0.032082989507235,0.0335982155527768,
0.0354322142022114,0.0386257705934523,0.0464775918375906,0.0705349267470355),
 .UNSPECIFIED.);
#1973=B_SPLINE_CURVE_WITH_KNOTS('',3,(#8286,#8287,#8288,#8289),
 .UNSPECIFIED.,.F.,.F.,(4,4),(0.209997352422969,0.308801855686465),
 .UNSPECIFIED.);
#1974=B_SPLINE_CURVE_WITH_KNOTS('',3,(#8292,#8293,#8294,#8295),
 .UNSPECIFIED.,.F.,.F.,(4,4),(-0.308801855686465,-0.193079892455132),
 .UNSPECIFIED.);
#1975=B_SPLINE_CURVE_WITH_KNOTS('',3,(#8323,#8324,#8325,#8326),
 .UNSPECIFIED.,.F.,.F.,(4,4),(-0.333732457643889,0.),.UNSPECIFIED.);
#1976=B_SPLINE_CURVE_WITH_KNOTS('',3,(#8327,#8328,#8329,#8330),
 .UNSPECIFIED.,.F.,.F.,(4,4),(0.,0.333732457643889),.UNSPECIFIED.);
#1977=B_SPLINE_CURVE_WITH_KNOTS('',3,(#8578,#8579,#8580,#8581,#8582,#8583,
#8584,#8585,#8586,#8587,#8588,#8589,#8590,#8591,#8592,#8593,#8594,#8595,
#8596,#8597,#8598,#8599,#8600,#8601,#8602,#8603,#8604,#8605,#8606,#8607,
#8608,#8609,#8610,#8611,#8612),.UNSPECIFIED.,.F.,.F.,(4,1,1,1,1,1,1,1,1,
1,1,1,1,1,1,1,1,1,1,1,1,1,1,1,1,1,1,1,1,1,1,1,4),(-0.584516443104205,-0.52188968134304,
-0.501014094089319,-0.480138506835597,-0.459262919581876,-0.438387332328154,
-0.417511745074432,-0.417185564023593,-0.416859382972754,-0.416207020871075,
-0.414902296667717,-0.412292848261002,-0.410988124057644,-0.409683399854287,
-0.407073951447572,-0.396636157820711,-0.39141726100728,-0.38619836419385,
-0.375760570566989,-0.365322776940128,-0.354884983313267,-0.344447189686407,
-0.339228292872976,-0.336618844466261,-0.334009396059546,-0.292258221552103,
-0.281820427925242,-0.271382634298381,-0.250507047044659,-0.229631459790938,
-0.208755872537216,-0.167004698029773,0.),.UNSPECIFIED.);
#1978=B_SPLINE_CURVE_WITH_KNOTS('',3,(#8613,#8614,#8615,#8616,#8617,#8618,
#8619,#8620,#8621,#8622,#8623,#8624,#8625,#8626,#8627,#8628,#8629),
 .UNSPECIFIED.,.F.,.F.,(4,1,1,1,1,1,1,1,1,1,1,1,1,1,4),(0.,0.167004698029773,
0.208755872537216,0.229631459790938,0.250507047044659,0.271382634298381,
0.281820427925242,0.292258221552103,0.334009396059546,0.336618844466261,
0.339228292872976,0.344447189686407,0.354884983313267,0.365322776940128,
0.365439543975023),.UNSPECIFIED.);
#1979=B_SPLINE_CURVE_WITH_KNOTS('',3,(#8634,#8635,#8636,#8637,#8638,#8639,
#8640,#8641,#8642,#8643,#8644,#8645,#8646,#8647,#8648,#8649,#8650,#8651,
#8652,#8653,#8654,#8655,#8656,#8657,#8658,#8659,#8660,#8661),
 .UNSPECIFIED.,.F.,.F.,(4,3,3,3,3,3,3,3,3,4),(-0.0267573539385012,-0.0266328263145253,
-0.0217349120584545,-0.0181705763558931,-0.0152317457598547,-0.0103889454956141,
-0.00973297609725744,-0.00486648804862872,-0.000289407314352093,0.),
 .UNSPECIFIED.);
#1980=B_SPLINE_CURVE_WITH_KNOTS('',3,(#8685,#8686,#8687,#8688),
 .UNSPECIFIED.,.F.,.F.,(4,4),(0.,0.00106337156949038),.UNSPECIFIED.);
#1981=B_SPLINE_CURVE_WITH_KNOTS('',3,(#8700,#8701,#8702,#8703,#8704,#8705,
#8706,#8707,#8708,#8709),.UNSPECIFIED.,.F.,.F.,(4,2,2,2,4),(0.,0.0235970287520667,
0.0531324727082882,0.101956722826372,0.172245773793641),.UNSPECIFIED.);
#1982=B_SPLINE_CURVE_WITH_KNOTS('',3,(#8786,#8787,#8788,#8789,#8790,#8791,
#8792,#8793,#8794,#8795,#8796,#8797,#8798,#8799,#8800,#8801,#8802,#8803,
#8804,#8805),.UNSPECIFIED.,.F.,.F.,(4,2,2,2,2,2,2,2,2,4),(-0.998251417146455,
-0.945966228244088,-0.889718002587628,-0.844578936328493,-0.826194401613512,
-0.813206239040518,-0.799618412369527,-0.778325310526817,-0.719165124950049,
-0.680104308280758),.UNSPECIFIED.);
#1983=B_SPLINE_CURVE_WITH_KNOTS('',3,(#8833,#8834,#8835,#8836),
 .UNSPECIFIED.,.F.,.F.,(4,4),(1.18579523395037E-15,0.309474240651762),
 .UNSPECIFIED.);
#1984=B_SPLINE_CURVE_WITH_KNOTS('',3,(#8871,#8872,#8873,#8874,#8875,#8876),
 .UNSPECIFIED.,.F.,.F.,(4,2,4),(2.39215018131195,2.47267466418535,2.61308802392158),
 .UNSPECIFIED.);
#1985=B_SPLINE_CURVE_WITH_KNOTS('',3,(#8878,#8879,#8880,#8881),
 .UNSPECIFIED.,.F.,.F.,(4,4),(2.31177879379077,2.39215018131195),
 .UNSPECIFIED.);
#1986=B_SPLINE_CURVE_WITH_KNOTS('',3,(#8890,#8891,#8892,#8893,#8894,#8895),
 .UNSPECIFIED.,.F.,.F.,(4,2,4),(3.09423956773425,3.13582498487355,3.20125641470382),
 .UNSPECIFIED.);
#1987=B_SPLINE_CURVE_WITH_KNOTS('',3,(#8908,#8909,#8910,#8911,#8912,#8913),
 .UNSPECIFIED.,.F.,.F.,(4,2,4),(-0.483425293325137,-0.402218423332346,-0.349553329058976),
 .UNSPECIFIED.);
#1988=B_SPLINE_CURVE_WITH_KNOTS('',3,(#8919,#8920,#8921,#8922,#8923,#8924,
#8925,#8926),.UNSPECIFIED.,.F.,.F.,(4,2,2,4),(1.21924672267246,1.23931640073738,
1.37173013274391,1.50414386475044),.UNSPECIFIED.);
#1989=B_SPLINE_CURVE_WITH_KNOTS('',3,(#8930,#8931,#8932,#8933),
 .UNSPECIFIED.,.F.,.F.,(4,4),(0.,0.0619093471535155),.UNSPECIFIED.);
#1990=B_SPLINE_CURVE_WITH_KNOTS('',3,(#8935,#8936,#8937,#8938,#8939,#8940,
#8941,#8942,#8943,#8944),.UNSPECIFIED.,.F.,.F.,(4,2,2,2,4),(-2.91875997627999,
-2.87613828232957,-2.78394949822794,-2.65704826619738,-2.55113410935446),
 .UNSPECIFIED.);
#1991=B_SPLINE_CURVE_WITH_KNOTS('',3,(#8969,#8970,#8971,#8972,#8973,#8974,
#8975,#8976),.UNSPECIFIED.,.F.,.F.,(4,2,2,4),(-0.859896352783622,-0.841820384390409,
-0.794225958937983,-0.762011724184178),.UNSPECIFIED.);
#1992=B_SPLINE_CURVE_WITH_KNOTS('',3,(#8981,#8982,#8983,#8984,#8985,#8986,
#8987,#8988,#8989,#8990),.UNSPECIFIED.,.F.,.F.,(4,2,2,2,4),(0.,0.123732298908198,
0.247464597816396,0.326393031764889,0.405321465713382),.UNSPECIFIED.);
#1993=B_SPLINE_CURVE_WITH_KNOTS('',3,(#8992,#8993,#8994,#8995,#8996,#8997,
#8998,#8999),.UNSPECIFIED.,.F.,.F.,(4,2,2,4),(1.15100009705539,1.19450227673885,
1.31823457564705,1.44196687455525),.UNSPECIFIED.);
#1994=B_SPLINE_CURVE_WITH_KNOTS('',3,(#9017,#9018,#9019,#9020,#9021,#9022,
#9023,#9024,#9025,#9026,#9027,#9028),.UNSPECIFIED.,.F.,.F.,(4,2,2,2,2,4),
(1.65896132706457,1.69750535854166,1.81224315947264,1.92698096040361,2.04171876133459,
2.11552070718761),.UNSPECIFIED.);
#1995=B_SPLINE_CURVE_WITH_KNOTS('',3,(#9031,#9032,#9033,#9034,#9035,#9036,
#9037,#9038,#9039,#9040,#9041,#9042,#9043,#9044),.UNSPECIFIED.,.F.,.F.,
(4,2,2,2,2,2,4),(0.,0.100212058089789,0.200424116179577,0.300919540862736,
0.401414965545895,0.497903479011637,0.615852934482611),.UNSPECIFIED.);
#1996=B_SPLINE_CURVE_WITH_KNOTS('',3,(#9061,#9062,#9063,#9064,#9065,#9066,
#9067,#9068),.UNSPECIFIED.,.F.,.F.,(4,2,2,4),(0.,0.441627381948969,0.883254763897937,
1.29157837503221),.UNSPECIFIED.);
#1997=B_SPLINE_CURVE_WITH_KNOTS('',3,(#9074,#9075,#9076,#9077,#9078,#9079,
#9080,#9081,#9082,#9083,#9084,#9085,#9086,#9087,#9088,#9089,#9090,#9091,
#9092,#9093),.UNSPECIFIED.,.F.,.F.,(4,2,2,2,2,2,2,2,2,4),(1.45944659730371,
1.47117383030621,1.50312773860442,1.53508164690263,1.5946627672599,1.65424388761718,
1.80567155911278,1.95709923060837,2.25995457359957,2.86566525958196),
 .UNSPECIFIED.);
#1998=B_SPLINE_CURVE_WITH_KNOTS('',3,(#9111,#9112,#9113,#9114,#9115,#9116,
#9117,#9118,#9119,#9120),.UNSPECIFIED.,.F.,.F.,(4,2,2,2,4),(-0.00115471740852612,
0.,0.120816042108984,0.484206378512559,0.800523433019438),.UNSPECIFIED.);
#1999=B_SPLINE_CURVE_WITH_KNOTS('',3,(#9129,#9130,#9131,#9132,#9133,#9134),
 .UNSPECIFIED.,.F.,.F.,(4,2,4),(-0.416476241633421,-0.297887724250604,0.),
 .UNSPECIFIED.);
#2000=B_SPLINE_CURVE_WITH_KNOTS('',3,(#9210,#9211,#9212,#9213,#9214,#9215,
#9216,#9217,#9218,#9219),.UNSPECIFIED.,.F.,.F.,(4,1,1,1,1,1,1,4),(-0.382922518545056,
-0.27351608467504,-0.218812867740032,-0.164109650805024,-0.054703216935008,
0.054703216935008,0.164109650805024,0.191434062990196),.UNSPECIFIED.);
#2001=B_SPLINE_CURVE_WITH_KNOTS('',3,(#9220,#9221,#9222,#9223,#9224),
 .UNSPECIFIED.,.F.,.F.,(4,1,4),(0.191434062990196,0.27351608467504,0.382922518545056),
 .UNSPECIFIED.);
#2002=B_SPLINE_CURVE_WITH_KNOTS('',3,(#9225,#9226,#9227,#9228,#9229,#9230,
#9231,#9232,#9233,#9234,#9235),.UNSPECIFIED.,.T.,.F.,(4,1,1,1,1,1,1,1,4),
(-0.382922518545056,-0.27351608467504,-0.164109650805024,-0.054703216935008,
0.054703216935008,0.164109650805024,0.218812867740032,0.27351608467504,
0.382922518545056),.UNSPECIFIED.);
#2003=B_SPLINE_CURVE_WITH_KNOTS('',3,(#9244,#9245,#9246,#9247,#9248,#9249,
#9250,#9251,#9252,#9253),.UNSPECIFIED.,.F.,.F.,(4,2,2,2,4),(0.587804830835087,
0.689243958119131,0.785150727620192,0.856657252018545,0.863316750258013),
 .UNSPECIFIED.);
#2004=B_SPLINE_CURVE_WITH_KNOTS('',3,(#9263,#9264,#9265,#9266,#9267,#9268,
#9269,#9270,#9271,#9272,#9273,#9274,#9275,#9276,#9277),.UNSPECIFIED.,.F.,
 .F.,(4,2,2,3,2,2,4),(5.81893313057683,5.95938077425038,6.26080906089672,
6.56223734754305,6.86366563418938,7.16509392083572,7.30554156450927),
 .UNSPECIFIED.);
#2005=VERTEX_POINT('',#6935);
#2006=VERTEX_POINT('',#6936);
#2007=VERTEX_POINT('',#6945);
#2008=VERTEX_POINT('',#6987);
#2009=VERTEX_POINT('',#6988);
#2010=VERTEX_POINT('',#6997);
#2011=VERTEX_POINT('',#7008);
#2012=VERTEX_POINT('',#7010);
#2013=VERTEX_POINT('',#7014);
#2014=VERTEX_POINT('',#7015);
#2015=VERTEX_POINT('',#7026);
#2016=VERTEX_POINT('',#7035);
#2017=VERTEX_POINT('',#7037);
#2018=VERTEX_POINT('',#7041);
#2019=VERTEX_POINT('',#7043);
#2020=VERTEX_POINT('',#7045);
#2021=VERTEX_POINT('',#7064);
#2022=VERTEX_POINT('',#7066);
#2023=VERTEX_POINT('',#7072);
#2024=VERTEX_POINT('',#7074);
#2025=VERTEX_POINT('',#7078);
#2026=VERTEX_POINT('',#7079);
#2027=VERTEX_POINT('',#7090);
#2028=VERTEX_POINT('',#7092);
#2029=VERTEX_POINT('',#7103);
#2030=VERTEX_POINT('',#7105);
#2031=VERTEX_POINT('',#7114);
#2032=VERTEX_POINT('',#7125);
#2033=VERTEX_POINT('',#7127);
#2034=VERTEX_POINT('',#7129);
#2035=VERTEX_POINT('',#7131);
#2036=VERTEX_POINT('',#7133);
#2037=VERTEX_POINT('',#7135);
#2038=VERTEX_POINT('',#7137);
#2039=VERTEX_POINT('',#7139);
#2040=VERTEX_POINT('',#7141);
#2041=VERTEX_POINT('',#7143);
#2042=VERTEX_POINT('',#7145);
#2043=VERTEX_POINT('',#7147);
#2044=VERTEX_POINT('',#7149);
#2045=VERTEX_POINT('',#7151);
#2046=VERTEX_POINT('',#7155);
#2047=VERTEX_POINT('',#7158);
#2048=VERTEX_POINT('',#7160);
#2049=VERTEX_POINT('',#7177);
#2050=VERTEX_POINT('',#7179);
#2051=VERTEX_POINT('',#7197);
#2052=VERTEX_POINT('',#7199);
#2053=VERTEX_POINT('',#7208);
#2054=VERTEX_POINT('',#7209);
#2055=VERTEX_POINT('',#7211);
#2056=VERTEX_POINT('',#7213);
#2057=VERTEX_POINT('',#7215);
#2058=VERTEX_POINT('',#7217);
#2059=VERTEX_POINT('',#7221);
#2060=VERTEX_POINT('',#7223);
#2061=VERTEX_POINT('',#7227);
#2062=VERTEX_POINT('',#7240);
#2063=VERTEX_POINT('',#7242);
#2064=VERTEX_POINT('',#7244);
#2065=VERTEX_POINT('',#7246);
#2066=VERTEX_POINT('',#7248);
#2067=VERTEX_POINT('',#7250);
#2068=VERTEX_POINT('',#7252);
#2069=VERTEX_POINT('',#7254);
#2070=VERTEX_POINT('',#7256);
#2071=VERTEX_POINT('',#7258);
#2072=VERTEX_POINT('',#7260);
#2073=VERTEX_POINT('',#7262);
#2074=VERTEX_POINT('',#7264);
#2075=VERTEX_POINT('',#7266);
#2076=VERTEX_POINT('',#7268);
#2077=VERTEX_POINT('',#7270);
#2078=VERTEX_POINT('',#7272);
#2079=VERTEX_POINT('',#7274);
#2080=VERTEX_POINT('',#7276);
#2081=VERTEX_POINT('',#7278);
#2082=VERTEX_POINT('',#7282);
#2083=VERTEX_POINT('',#7284);
#2084=VERTEX_POINT('',#7288);
#2085=VERTEX_POINT('',#7290);
#2086=VERTEX_POINT('',#7294);
#2087=VERTEX_POINT('',#7309);
#2088=VERTEX_POINT('',#7311);
#2089=VERTEX_POINT('',#7374);
#2090=VERTEX_POINT('',#7375);
#2091=VERTEX_POINT('',#7388);
#2092=VERTEX_POINT('',#7403);
#2093=VERTEX_POINT('',#7405);
#2094=VERTEX_POINT('',#7412);
#2095=VERTEX_POINT('',#7414);
#2096=VERTEX_POINT('',#7418);
#2097=VERTEX_POINT('',#7419);
#2098=VERTEX_POINT('',#7421);
#2099=VERTEX_POINT('',#7423);
#2100=VERTEX_POINT('',#7442);
#2101=VERTEX_POINT('',#7443);
#2102=VERTEX_POINT('',#7448);
#2103=VERTEX_POINT('',#7450);
#2104=VERTEX_POINT('',#7470);
#2105=VERTEX_POINT('',#7472);
#2106=VERTEX_POINT('',#7474);
#2107=VERTEX_POINT('',#7481);
#2108=VERTEX_POINT('',#7509);
#2109=VERTEX_POINT('',#7515);
#2110=VERTEX_POINT('',#7523);
#2111=VERTEX_POINT('',#7524);
#2112=VERTEX_POINT('',#7529);
#2113=VERTEX_POINT('',#7530);
#2114=VERTEX_POINT('',#7535);
#2115=VERTEX_POINT('',#7543);
#2116=VERTEX_POINT('',#7545);
#2117=VERTEX_POINT('',#7547);
#2118=VERTEX_POINT('',#7549);
#2119=VERTEX_POINT('',#7561);
#2120=VERTEX_POINT('',#7563);
#2121=VERTEX_POINT('',#7565);
#2122=VERTEX_POINT('',#7567);
#2123=VERTEX_POINT('',#7569);
#2124=VERTEX_POINT('',#7571);
#2125=VERTEX_POINT('',#7573);
#2126=VERTEX_POINT('',#7575);
#2127=VERTEX_POINT('',#7577);
#2128=VERTEX_POINT('',#7581);
#2129=VERTEX_POINT('',#7585);
#2130=VERTEX_POINT('',#7589);
#2131=VERTEX_POINT('',#7590);
#2132=VERTEX_POINT('',#7592);
#2133=VERTEX_POINT('',#7596);
#2134=VERTEX_POINT('',#7597);
#2135=VERTEX_POINT('',#7602);
#2136=VERTEX_POINT('',#7603);
#2137=VERTEX_POINT('',#7625);
#2138=VERTEX_POINT('',#7626);
#2139=VERTEX_POINT('',#7631);
#2140=VERTEX_POINT('',#7633);
#2141=VERTEX_POINT('',#7640);
#2142=VERTEX_POINT('',#7644);
#2143=VERTEX_POINT('',#7646);
#2144=VERTEX_POINT('',#7648);
#2145=VERTEX_POINT('',#7652);
#2146=VERTEX_POINT('',#7656);
#2147=VERTEX_POINT('',#7658);
#2148=VERTEX_POINT('',#7660);
#2149=VERTEX_POINT('',#7666);
#2150=VERTEX_POINT('',#7668);
#2151=VERTEX_POINT('',#7672);
#2152=VERTEX_POINT('',#7674);
#2153=VERTEX_POINT('',#7676);
#2154=VERTEX_POINT('',#7678);
#2155=VERTEX_POINT('',#7680);
#2156=VERTEX_POINT('',#7682);
#2157=VERTEX_POINT('',#7684);
#2158=VERTEX_POINT('',#7686);
#2159=VERTEX_POINT('',#7688);
#2160=VERTEX_POINT('',#7691);
#2161=VERTEX_POINT('',#7693);
#2162=VERTEX_POINT('',#7715);
#2163=VERTEX_POINT('',#7716);
#2164=VERTEX_POINT('',#7733);
#2165=VERTEX_POINT('',#7737);
#2166=VERTEX_POINT('',#7742);
#2167=VERTEX_POINT('',#7746);
#2168=VERTEX_POINT('',#7750);
#2169=VERTEX_POINT('',#7752);
#2170=VERTEX_POINT('',#7754);
#2171=VERTEX_POINT('',#7756);
#2172=VERTEX_POINT('',#7761);
#2173=VERTEX_POINT('',#7778);
#2174=VERTEX_POINT('',#7791);
#2175=VERTEX_POINT('',#7795);
#2176=VERTEX_POINT('',#7799);
#2177=VERTEX_POINT('',#7814);
#2178=VERTEX_POINT('',#7816);
#2179=VERTEX_POINT('',#7818);
#2180=VERTEX_POINT('',#7820);
#2181=VERTEX_POINT('',#7863);
#2182=VERTEX_POINT('',#7923);
#2183=VERTEX_POINT('',#7925);
#2184=VERTEX_POINT('',#7927);
#2185=VERTEX_POINT('',#7929);
#2186=VERTEX_POINT('',#7931);
#2187=VERTEX_POINT('',#7933);
#2188=VERTEX_POINT('',#7935);
#2189=VERTEX_POINT('',#7937);
#2190=VERTEX_POINT('',#7939);
#2191=VERTEX_POINT('',#7941);
#2192=VERTEX_POINT('',#7943);
#2193=VERTEX_POINT('',#7947);
#2194=VERTEX_POINT('',#7948);
#2195=VERTEX_POINT('',#7951);
#2196=VERTEX_POINT('',#7968);
#2197=VERTEX_POINT('',#7970);
#2198=VERTEX_POINT('',#7972);
#2199=VERTEX_POINT('',#7991);
#2200=VERTEX_POINT('',#7993);
#2201=VERTEX_POINT('',#7995);
#2202=VERTEX_POINT('',#7997);
#2203=VERTEX_POINT('',#7999);
#2204=VERTEX_POINT('',#8001);
#2205=VERTEX_POINT('',#8003);
#2206=VERTEX_POINT('',#8005);
#2207=VERTEX_POINT('',#8007);
#2208=VERTEX_POINT('',#8011);
#2209=VERTEX_POINT('',#8015);
#2210=VERTEX_POINT('',#8017);
#2211=VERTEX_POINT('',#8019);
#2212=VERTEX_POINT('',#8022);
#2213=VERTEX_POINT('',#8025);
#2214=VERTEX_POINT('',#8032);
#2215=VERTEX_POINT('',#8037);
#2216=VERTEX_POINT('',#8041);
#2217=VERTEX_POINT('',#8045);
#2218=VERTEX_POINT('',#8049);
#2219=VERTEX_POINT('',#8050);
#2220=VERTEX_POINT('',#8052);
#2221=VERTEX_POINT('',#8054);
#2222=VERTEX_POINT('',#8058);
#2223=VERTEX_POINT('',#8059);
#2224=VERTEX_POINT('',#8061);
#2225=VERTEX_POINT('',#8063);
#2226=VERTEX_POINT('',#8067);
#2227=VERTEX_POINT('',#8068);
#2228=VERTEX_POINT('',#8074);
#2229=VERTEX_POINT('',#8077);
#2230=VERTEX_POINT('',#8079);
#2231=VERTEX_POINT('',#8081);
#2232=VERTEX_POINT('',#8087);
#2233=VERTEX_POINT('',#8088);
#2234=VERTEX_POINT('',#8090);
#2235=VERTEX_POINT('',#8092);
#2236=VERTEX_POINT('',#8096);
#2237=VERTEX_POINT('',#8097);
#2238=VERTEX_POINT('',#8099);
#2239=VERTEX_POINT('',#8101);
#2240=VERTEX_POINT('',#8105);
#2241=VERTEX_POINT('',#8106);
#2242=VERTEX_POINT('',#8112);
#2243=VERTEX_POINT('',#8114);
#2244=VERTEX_POINT('',#8116);
#2245=VERTEX_POINT('',#8118);
#2246=VERTEX_POINT('',#8129);
#2247=VERTEX_POINT('',#8131);
#2248=VERTEX_POINT('',#8140);
#2249=VERTEX_POINT('',#8145);
#2250=VERTEX_POINT('',#8148);
#2251=VERTEX_POINT('',#8149);
#2252=VERTEX_POINT('',#8151);
#2253=VERTEX_POINT('',#8153);
#2254=VERTEX_POINT('',#8157);
#2255=VERTEX_POINT('',#8159);
#2256=VERTEX_POINT('',#8183);
#2257=VERTEX_POINT('',#8186);
#2258=VERTEX_POINT('',#8188);
#2259=VERTEX_POINT('',#8190);
#2260=VERTEX_POINT('',#8199);
#2261=VERTEX_POINT('',#8207);
#2262=VERTEX_POINT('',#8210);
#2263=VERTEX_POINT('',#8263);
#2264=VERTEX_POINT('',#8264);
#2265=VERTEX_POINT('',#8285);
#2266=VERTEX_POINT('',#8290);
#2267=VERTEX_POINT('',#8320);
#2268=VERTEX_POINT('',#8321);
#2269=VERTEX_POINT('',#8576);
#2270=VERTEX_POINT('',#8631);
#2271=VERTEX_POINT('',#8633);
#2272=VERTEX_POINT('',#8683);
#2273=VERTEX_POINT('',#8692);
#2274=VERTEX_POINT('',#8699);
#2275=VERTEX_POINT('',#8710);
#2276=VERTEX_POINT('',#8712);
#2277=VERTEX_POINT('',#8716);
#2278=VERTEX_POINT('',#8743);
#2279=VERTEX_POINT('',#8745);
#2280=VERTEX_POINT('',#8747);
#2281=VERTEX_POINT('',#8751);
#2282=VERTEX_POINT('',#8755);
#2283=VERTEX_POINT('',#8759);
#2284=VERTEX_POINT('',#8761);
#2285=VERTEX_POINT('',#8763);
#2286=VERTEX_POINT('',#8767);
#2287=VERTEX_POINT('',#8772);
#2288=VERTEX_POINT('',#8778);
#2289=VERTEX_POINT('',#8782);
#2290=VERTEX_POINT('',#8783);
#2291=VERTEX_POINT('',#8785);
#2292=VERTEX_POINT('',#8806);
#2293=VERTEX_POINT('',#8810);
#2294=VERTEX_POINT('',#8812);
#2295=VERTEX_POINT('',#8814);
#2296=VERTEX_POINT('',#8858);
#2297=VERTEX_POINT('',#8860);
#2298=VERTEX_POINT('',#8862);
#2299=VERTEX_POINT('',#8864);
#2300=VERTEX_POINT('',#8866);
#2301=VERTEX_POINT('',#8870);
#2302=VERTEX_POINT('',#8877);
#2303=VERTEX_POINT('',#8882);
#2304=VERTEX_POINT('',#8886);
#2305=VERTEX_POINT('',#8888);
#2306=VERTEX_POINT('',#8897);
#2307=VERTEX_POINT('',#8899);
#2308=VERTEX_POINT('',#8905);
#2309=VERTEX_POINT('',#8907);
#2310=VERTEX_POINT('',#8914);
#2311=VERTEX_POINT('',#8918);
#2312=VERTEX_POINT('',#8927);
#2313=VERTEX_POINT('',#8929);
#2314=VERTEX_POINT('',#8934);
#2315=VERTEX_POINT('',#8951);
#2316=VERTEX_POINT('',#8957);
#2317=VERTEX_POINT('',#8963);
#2318=VERTEX_POINT('',#8964);
#2319=VERTEX_POINT('',#8967);
#2320=VERTEX_POINT('',#8980);
#2321=VERTEX_POINT('',#9002);
#2322=VERTEX_POINT('',#9004);
#2323=VERTEX_POINT('',#9007);
#2324=VERTEX_POINT('',#9013);
#2325=VERTEX_POINT('',#9014);
#2326=VERTEX_POINT('',#9016);
#2327=VERTEX_POINT('',#9030);
#2328=VERTEX_POINT('',#9045);
#2329=VERTEX_POINT('',#9047);
#2330=VERTEX_POINT('',#9051);
#2331=VERTEX_POINT('',#9056);
#2332=VERTEX_POINT('',#9060);
#2333=VERTEX_POINT('',#9073);
#2334=VERTEX_POINT('',#9105);
#2335=VERTEX_POINT('',#9107);
#2336=VERTEX_POINT('',#9109);
#2337=VERTEX_POINT('',#9126);
#2338=VERTEX_POINT('',#9127);
#2339=VERTEX_POINT('',#9137);
#2340=VERTEX_POINT('',#9142);
#2341=VERTEX_POINT('',#9145);
#2342=VERTEX_POINT('',#9148);
#2343=VERTEX_POINT('',#9206);
#2344=VERTEX_POINT('',#9207);
#2345=VERTEX_POINT('',#9209);
#2346=VERTEX_POINT('',#9237);
#2347=VERTEX_POINT('',#9241);
#2348=VERTEX_POINT('',#9243);
#2349=VERTEX_POINT('',#9256);
#2350=VERTEX_POINT('',#9262);
#2351=VERTEX_POINT('',#9283);
#2352=VERTEX_POINT('',#9292);
#2353=VERTEX_POINT('',#9294);
#2354=VERTEX_POINT('',#9298);
#2355=VERTEX_POINT('',#9302);
#2356=VERTEX_POINT('',#9304);
#2357=VERTEX_POINT('',#9308);
#2358=VERTEX_POINT('',#9314);
#2359=VERTEX_POINT('',#9316);
#2360=VERTEX_POINT('',#9319);
#2361=VERTEX_POINT('',#9322);
#2362=VERTEX_POINT('',#9326);
#2363=VERTEX_POINT('',#9329);
#2364=VERTEX_POINT('',#9331);
#2365=VERTEX_POINT('',#9335);
#2366=VERTEX_POINT('',#9339);
#2367=VERTEX_POINT('',#9344);
#2368=VERTEX_POINT('',#9346);
#2369=VERTEX_POINT('',#9349);
#2370=VERTEX_POINT('',#9352);
#2371=VERTEX_POINT('',#9354);
#2372=VERTEX_POINT('',#9358);
#2373=VERTEX_POINT('',#9359);
#2374=VERTEX_POINT('',#9361);
#2375=VERTEX_POINT('',#9363);
#2376=VERTEX_POINT('',#9367);
#2377=VERTEX_POINT('',#9371);
#2378=VERTEX_POINT('',#9377);
#2379=VERTEX_POINT('',#9384);
#2380=VERTEX_POINT('',#9388);
#2381=VERTEX_POINT('',#9390);
#2382=VERTEX_POINT('',#9392);
#2383=VERTEX_POINT('',#9394);
#2384=VERTEX_POINT('',#9396);
#2385=VERTEX_POINT('',#9400);
#2386=VERTEX_POINT('',#9402);
#2387=VERTEX_POINT('',#9404);
#2388=VERTEX_POINT('',#9408);
#2389=VERTEX_POINT('',#9413);
#2390=VERTEX_POINT('',#9420);
#2391=VERTEX_POINT('',#9424);
#2392=VERTEX_POINT('',#9425);
#2393=VERTEX_POINT('',#9427);
#2394=VERTEX_POINT('',#9432);
#2395=VERTEX_POINT('',#9436);
#2396=VERTEX_POINT('',#9440);
#2397=VERTEX_POINT('',#9442);
#2398=VERTEX_POINT('',#9448);
#2399=VERTEX_POINT('',#9452);
#2400=VERTEX_POINT('',#9458);
#2401=VERTEX_POINT('',#9462);
#2402=VERTEX_POINT('',#9464);
#2403=VERTEX_POINT('',#9467);
#2404=VERTEX_POINT('',#9469);
#2405=VERTEX_POINT('',#9471);
#2406=VERTEX_POINT('',#9473);
#2407=VERTEX_POINT('',#9475);
#2408=VERTEX_POINT('',#9479);
#2409=VERTEX_POINT('',#9483);
#2410=VERTEX_POINT('',#9486);
#2411=VERTEX_POINT('',#9500);
#2412=VERTEX_POINT('',#9503);
#2413=VERTEX_POINT('',#9510);
#2414=VERTEX_POINT('',#9512);
#2415=VERTEX_POINT('',#9515);
#2416=VERTEX_POINT('',#9523);
#2417=VERTEX_POINT('',#9525);
#2418=VERTEX_POINT('',#9534);
#2419=VERTEX_POINT('',#9543);
#2420=VERTEX_POINT('',#9544);
#2421=VERTEX_POINT('',#9546);
#2422=VERTEX_POINT('',#9548);
#2423=VERTEX_POINT('',#9550);
#2424=VERTEX_POINT('',#9552);
#2425=VERTEX_POINT('',#9554);
#2426=VERTEX_POINT('',#9556);
#2427=VERTEX_POINT('',#9558);
#2428=VERTEX_POINT('',#9560);
#2429=VERTEX_POINT('',#9562);
#2430=VERTEX_POINT('',#9564);
#2431=VERTEX_POINT('',#9568);
#2432=VERTEX_POINT('',#9570);
#2433=VERTEX_POINT('',#9573);
#2434=VERTEX_POINT('',#9575);
#2435=VERTEX_POINT('',#9578);
#2436=VERTEX_POINT('',#9580);
#2437=VERTEX_POINT('',#9589);
#2438=VERTEX_POINT('',#9590);
#2439=VERTEX_POINT('',#9595);
#2440=VERTEX_POINT('',#9599);
#2441=VERTEX_POINT('',#9603);
#2442=VERTEX_POINT('',#9607);
#2443=VERTEX_POINT('',#9611);
#2444=VERTEX_POINT('',#9615);
#2445=VERTEX_POINT('',#9619);
#2446=VERTEX_POINT('',#9623);
#2447=VERTEX_POINT('',#9627);
#2448=VERTEX_POINT('',#9631);
#2449=VERTEX_POINT('',#9637);
#2450=VERTEX_POINT('',#9639);
#2451=VERTEX_POINT('',#9641);
#2452=VERTEX_POINT('',#9652);
#2453=VERTEX_POINT('',#9656);
#2454=VERTEX_POINT('',#9661);
#2455=VERTEX_POINT('',#9663);
#2456=VERTEX_POINT('',#9669);
#2457=VERTEX_POINT('',#9674);
#2458=VERTEX_POINT('',#9676);
#2459=VERTEX_POINT('',#9682);
#2460=VERTEX_POINT('',#9687);
#2461=VERTEX_POINT('',#9689);
#2462=VERTEX_POINT('',#9695);
#2463=VERTEX_POINT('',#9700);
#2464=VERTEX_POINT('',#9705);
#2465=EDGE_CURVE('',#2005,#2006,#1933,.T.);
#2466=EDGE_CURVE('',#2006,#2007,#1934,.T.);
#2467=EDGE_CURVE('',#2007,#2005,#1707,.T.);
#2468=EDGE_CURVE('',#2008,#2009,#1935,.T.);
#2469=EDGE_CURVE('',#2009,#2010,#1936,.T.);
#2470=EDGE_CURVE('',#2010,#2008,#1708,.T.);
#2471=EDGE_CURVE('',#2009,#2011,#245,.T.);
#2472=EDGE_CURVE('',#2011,#2012,#1709,.T.);
#2473=EDGE_CURVE('',#2012,#2010,#246,.T.);
#2474=EDGE_CURVE('',#2013,#2014,#1937,.T.);
#2475=EDGE_CURVE('',#2013,#2009,#1710,.T.);
#2476=EDGE_CURVE('',#2008,#2007,#1711,.T.);
#2477=EDGE_CURVE('',#2006,#2015,#1712,.T.);
#2478=EDGE_CURVE('',#2014,#2015,#1938,.T.);
#2479=EDGE_CURVE('',#2005,#2016,#247,.T.);
#2480=EDGE_CURVE('',#2016,#2017,#1713,.T.);
#2481=EDGE_CURVE('',#2017,#2006,#248,.T.);
#2482=EDGE_CURVE('',#2018,#2014,#1714,.T.);
#2483=EDGE_CURVE('',#2018,#2019,#1715,.T.);
#2484=EDGE_CURVE('',#2020,#2019,#1939,.T.);
#2485=EDGE_CURVE('',#2020,#2013,#1716,.T.);
#2486=EDGE_CURVE('',#2015,#2021,#249,.T.);
#2487=EDGE_CURVE('',#2021,#2022,#1717,.T.);
#2488=EDGE_CURVE('',#2022,#2018,#250,.T.);
#2489=EDGE_CURVE('',#2017,#2021,#251,.T.);
#2490=EDGE_CURVE('',#2023,#2020,#1718,.T.);
#2491=EDGE_CURVE('',#2024,#2023,#1719,.T.);
#2492=EDGE_CURVE('',#2011,#2024,#252,.T.);
#2493=EDGE_CURVE('',#2025,#2026,#1940,.T.);
#2494=EDGE_CURVE('',#2026,#2027,#253,.T.);
#2495=EDGE_CURVE('',#2027,#2028,#1941,.T.);
#2496=EDGE_CURVE('',#2028,#2029,#254,.T.);
#2497=EDGE_CURVE('',#2029,#2030,#1942,.T.);
#2498=EDGE_CURVE('',#2030,#2031,#1943,.T.);
#2499=EDGE_CURVE('',#2031,#2025,#255,.T.);
#2500=EDGE_CURVE('',#2028,#2032,#1720,.T.);
#2501=EDGE_CURVE('',#2032,#2033,#256,.T.);
#2502=EDGE_CURVE('',#2034,#2033,#1721,.T.);
#2503=EDGE_CURVE('',#2034,#2035,#257,.T.);
#2504=EDGE_CURVE('',#2036,#2035,#1722,.T.);
#2505=EDGE_CURVE('',#2036,#2037,#258,.T.);
#2506=EDGE_CURVE('',#2037,#2038,#1723,.T.);
#2507=EDGE_CURVE('',#2038,#2039,#259,.T.);
#2508=EDGE_CURVE('',#2040,#2039,#1724,.T.);
#2509=EDGE_CURVE('',#2040,#2041,#260,.T.);
#2510=EDGE_CURVE('',#2042,#2041,#261,.T.);
#2511=EDGE_CURVE('',#2042,#2043,#262,.T.);
#2512=EDGE_CURVE('',#2044,#2043,#263,.T.);
#2513=EDGE_CURVE('',#2044,#2045,#264,.T.);
#2514=EDGE_CURVE('',#2045,#2025,#1725,.T.);
#2515=EDGE_CURVE('',#2031,#2029,#1726,.T.);
#2516=EDGE_CURVE('',#2046,#2046,#1727,.T.);
#2517=EDGE_CURVE('',#2027,#2047,#265,.T.);
#2518=EDGE_CURVE('',#2048,#2047,#1944,.T.);
#2519=EDGE_CURVE('',#2048,#2049,#1728,.T.);
#2520=EDGE_CURVE('',#2050,#2049,#1945,.T.);
#2521=EDGE_CURVE('',#2050,#2026,#266,.T.);
#2522=EDGE_CURVE('',#2051,#2045,#267,.T.);
#2523=EDGE_CURVE('',#2052,#2051,#1729,.T.);
#2524=EDGE_CURVE('',#2052,#2032,#268,.T.);
#2525=EDGE_CURVE('',#2047,#2050,#269,.T.);
#2526=EDGE_CURVE('',#2049,#2048,#270,.T.);
#2527=EDGE_CURVE('',#2053,#2054,#22,.T.);
#2528=EDGE_CURVE('',#2054,#2055,#1730,.T.);
#2529=EDGE_CURVE('',#2055,#2056,#271,.T.);
#2530=EDGE_CURVE('',#2056,#2057,#1731,.T.);
#2531=EDGE_CURVE('',#2057,#2058,#272,.T.);
#2532=EDGE_CURVE('',#2058,#2053,#23,.T.);
#2533=EDGE_CURVE('',#2054,#2059,#24,.T.);
#2534=EDGE_CURVE('',#2059,#2060,#1732,.T.);
#2535=EDGE_CURVE('',#2060,#2055,#273,.T.);
#2536=EDGE_CURVE('',#2059,#2061,#1946,.T.);
#2537=EDGE_CURVE('',#2061,#2060,#1733,.T.);
#2538=EDGE_CURVE('',#2057,#2062,#274,.T.);
#2539=EDGE_CURVE('',#2062,#2063,#1734,.T.);
#2540=EDGE_CURVE('',#2063,#2064,#275,.T.);
#2541=EDGE_CURVE('',#2064,#2065,#276,.T.);
#2542=EDGE_CURVE('',#2065,#2066,#277,.T.);
#2543=EDGE_CURVE('',#2066,#2067,#278,.T.);
#2544=EDGE_CURVE('',#2067,#2068,#279,.T.);
#2545=EDGE_CURVE('',#2069,#2068,#1735,.T.);
#2546=EDGE_CURVE('',#2070,#2069,#280,.T.);
#2547=EDGE_CURVE('',#2070,#2071,#281,.T.);
#2548=EDGE_CURVE('',#2071,#2072,#1736,.T.);
#2549=EDGE_CURVE('',#2072,#2073,#1737,.T.);
#2550=EDGE_CURVE('',#2074,#2073,#1738,.T.);
#2551=EDGE_CURVE('',#2075,#2074,#282,.T.);
#2552=EDGE_CURVE('',#2076,#2075,#1739,.T.);
#2553=EDGE_CURVE('',#2076,#2077,#283,.T.);
#2554=EDGE_CURVE('',#2078,#2077,#284,.T.);
#2555=EDGE_CURVE('',#2078,#2079,#285,.T.);
#2556=EDGE_CURVE('',#2079,#2080,#286,.T.);
#2557=EDGE_CURVE('',#2080,#2081,#287,.T.);
#2558=EDGE_CURVE('',#2081,#2058,#288,.T.);
#2559=EDGE_CURVE('',#2082,#2078,#1740,.T.);
#2560=EDGE_CURVE('',#2077,#2083,#25,.T.);
#2561=EDGE_CURVE('',#2083,#2082,#289,.T.);
#2562=EDGE_CURVE('',#2084,#2078,#26,.T.);
#2563=EDGE_CURVE('',#2082,#2085,#290,.T.);
#2564=EDGE_CURVE('',#2085,#2084,#1741,.T.);
#2565=EDGE_CURVE('',#2086,#2084,#1947,.T.);
#2566=EDGE_CURVE('',#2085,#2086,#1742,.T.);
#2567=EDGE_CURVE('',#2083,#2087,#291,.T.);
#2568=EDGE_CURVE('',#2088,#2087,#292,.T.);
#2569=EDGE_CURVE('',#2085,#2088,#293,.T.);
#2570=EDGE_CURVE('',#2089,#2090,#1948,.T.);
#2571=EDGE_CURVE('',#2090,#2091,#1949,.T.);
#2572=EDGE_CURVE('',#2091,#2089,#1743,.T.);
#2573=EDGE_CURVE('',#2090,#2092,#294,.T.);
#2574=EDGE_CURVE('',#2092,#2093,#1950,.T.);
#2575=EDGE_CURVE('',#2094,#2093,#295,.T.);
#2576=EDGE_CURVE('',#2095,#2094,#1744,.T.);
#2577=EDGE_CURVE('',#2095,#2091,#296,.T.);
#2578=EDGE_CURVE('',#2096,#2097,#1745,.T.);
#2579=EDGE_CURVE('',#2097,#2098,#1746,.T.);
#2580=EDGE_CURVE('',#2098,#2099,#1747,.T.);
#2581=EDGE_CURVE('',#2099,#2096,#1951,.T.);
#2582=EDGE_CURVE('',#2100,#2101,#1748,.T.);
#2583=EDGE_CURVE('',#2101,#2098,#297,.T.);
#2584=EDGE_CURVE('',#2097,#2100,#298,.T.);
#2585=EDGE_CURVE('',#2102,#2096,#1749,.T.);
#2586=EDGE_CURVE('',#2099,#2103,#1750,.T.);
#2587=EDGE_CURVE('',#2103,#2102,#1952,.T.);
#2588=EDGE_CURVE('',#2089,#2102,#1751,.T.);
#2589=EDGE_CURVE('',#2103,#2090,#1752,.T.);
#2590=EDGE_CURVE('',#2104,#2101,#27,.T.);
#2591=EDGE_CURVE('',#2100,#2105,#299,.T.);
#2592=EDGE_CURVE('',#2105,#2106,#1753,.T.);
#2593=EDGE_CURVE('',#2106,#2104,#1953,.T.);
#2594=EDGE_CURVE('',#2019,#2107,#1754,.T.);
#2595=EDGE_CURVE('',#2107,#2023,#1755,.T.);
#2596=EDGE_CURVE('',#2107,#2108,#1954,.T.);
#2597=EDGE_CURVE('',#2108,#2109,#1756,.T.);
#2598=EDGE_CURVE('',#2109,#2023,#1955,.T.);
#2599=EDGE_CURVE('',#2110,#2111,#1757,.T.);
#2600=EDGE_CURVE('',#2111,#2109,#300,.T.);
#2601=EDGE_CURVE('',#2108,#2110,#301,.T.);
#2602=EDGE_CURVE('',#2112,#2113,#1956,.T.);
#2603=EDGE_CURVE('',#2113,#2114,#1758,.T.);
#2604=EDGE_CURVE('',#2114,#2022,#302,.T.);
#2605=EDGE_CURVE('',#2021,#2112,#28,.T.);
#2606=EDGE_CURVE('',#2113,#2106,#1759,.T.);
#2607=EDGE_CURVE('',#2105,#2114,#1760,.T.);
#2608=EDGE_CURVE('',#2109,#2115,#1761,.T.);
#2609=EDGE_CURVE('',#2115,#2116,#1762,.T.);
#2610=EDGE_CURVE('',#2116,#2117,#1763,.T.);
#2611=EDGE_CURVE('',#2118,#2117,#1957,.F.);
#2612=EDGE_CURVE('',#2024,#2118,#1958,.F.);
#2613=EDGE_CURVE('',#2119,#2111,#1764,.T.);
#2614=EDGE_CURVE('',#2120,#2119,#303,.T.);
#2615=EDGE_CURVE('',#2120,#2121,#1765,.T.);
#2616=EDGE_CURVE('',#2121,#2122,#304,.T.);
#2617=EDGE_CURVE('',#2123,#2122,#29,.T.);
#2618=EDGE_CURVE('',#2124,#2123,#1766,.T.);
#2619=EDGE_CURVE('',#2125,#2124,#30,.T.);
#2620=EDGE_CURVE('',#2126,#2125,#305,.T.);
#2621=EDGE_CURVE('',#2126,#2127,#1767,.T.);
#2622=EDGE_CURVE('',#2115,#2127,#306,.T.);
#2623=EDGE_CURVE('',#2019,#2128,#307,.T.);
#2624=EDGE_CURVE('',#2110,#2128,#1768,.T.);
#2625=EDGE_CURVE('',#2018,#2129,#308,.T.);
#2626=EDGE_CURVE('',#2128,#2129,#1769,.T.);
#2627=EDGE_CURVE('',#2130,#2131,#1770,.F.);
#2628=EDGE_CURVE('',#2132,#2130,#1771,.F.);
#2629=EDGE_CURVE('',#2131,#2132,#1772,.F.);
#2630=EDGE_CURVE('',#2133,#2134,#1773,.T.);
#2631=EDGE_CURVE('',#2134,#2132,#309,.T.);
#2632=EDGE_CURVE('',#2130,#2133,#310,.T.);
#2633=EDGE_CURVE('',#2135,#2136,#1959,.T.);
#2634=EDGE_CURVE('',#2136,#2131,#311,.T.);
#2635=EDGE_CURVE('',#2132,#2135,#312,.T.);
#2636=EDGE_CURVE('',#2137,#2138,#1774,.T.);
#2637=EDGE_CURVE('',#2138,#2116,#1775,.T.);
#2638=EDGE_CURVE('',#2115,#2137,#1776,.T.);
#2639=EDGE_CURVE('',#2139,#2138,#313,.T.);
#2640=EDGE_CURVE('',#2137,#2140,#314,.T.);
#2641=EDGE_CURVE('',#2140,#2139,#31,.T.);
#2642=EDGE_CURVE('',#2140,#2130,#315,.T.);
#2643=EDGE_CURVE('',#2131,#2139,#316,.T.);
#2644=EDGE_CURVE('',#2141,#2134,#317,.T.);
#2645=EDGE_CURVE('',#2135,#2141,#318,.T.);
#2646=EDGE_CURVE('',#2142,#2133,#319,.T.);
#2647=EDGE_CURVE('',#2140,#2143,#320,.T.);
#2648=EDGE_CURVE('',#2144,#2143,#321,.T.);
#2649=EDGE_CURVE('',#2144,#2142,#322,.T.);
#2650=EDGE_CURVE('',#2145,#2137,#323,.T.);
#2651=EDGE_CURVE('',#2143,#2145,#324,.T.);
#2652=EDGE_CURVE('',#2146,#2101,#325,.T.);
#2653=EDGE_CURVE('',#2146,#2147,#1777,.T.);
#2654=EDGE_CURVE('',#2147,#2148,#326,.T.);
#2655=EDGE_CURVE('',#2148,#2092,#1778,.T.);
#2656=EDGE_CURVE('',#2127,#2145,#1779,.T.);
#2657=EDGE_CURVE('',#2120,#2149,#1780,.F.);
#2658=EDGE_CURVE('',#2150,#2119,#1781,.T.);
#2659=EDGE_CURVE('',#2150,#2149,#327,.T.);
#2660=EDGE_CURVE('',#2129,#2151,#328,.T.);
#2661=EDGE_CURVE('',#2151,#2152,#1782,.T.);
#2662=EDGE_CURVE('',#2152,#2153,#329,.T.);
#2663=EDGE_CURVE('',#2153,#2154,#1783,.T.);
#2664=EDGE_CURVE('',#2154,#2155,#1784,.T.);
#2665=EDGE_CURVE('',#2156,#2155,#1785,.T.);
#2666=EDGE_CURVE('',#2157,#2156,#330,.T.);
#2667=EDGE_CURVE('',#2158,#2157,#331,.T.);
#2668=EDGE_CURVE('',#2159,#2158,#332,.T.);
#2669=EDGE_CURVE('',#2150,#2159,#333,.T.);
#2670=EDGE_CURVE('',#2160,#2160,#1786,.T.);
#2671=EDGE_CURVE('',#2161,#2161,#1787,.T.);
#2672=EDGE_CURVE('',#2162,#2163,#1960,.F.);
#2673=EDGE_CURVE('',#2162,#2164,#32,.T.);
#2674=EDGE_CURVE('',#2164,#2163,#1788,.T.);
#2675=EDGE_CURVE('',#2163,#2165,#1961,.F.);
#2676=EDGE_CURVE('',#2164,#2166,#1789,.T.);
#2677=EDGE_CURVE('',#2166,#2165,#1790,.T.);
#2678=EDGE_CURVE('',#2165,#2167,#33,.F.);
#2679=EDGE_CURVE('',#2166,#2167,#334,.T.);
#2680=EDGE_CURVE('',#2162,#2168,#335,.T.);
#2681=EDGE_CURVE('',#2169,#2168,#34,.T.);
#2682=EDGE_CURVE('',#2169,#2170,#336,.T.);
#2683=EDGE_CURVE('',#2170,#2171,#1791,.T.);
#2684=EDGE_CURVE('',#2171,#2166,#337,.T.);
#2685=EDGE_CURVE('',#2168,#2070,#1792,.T.);
#2686=EDGE_CURVE('',#2069,#2172,#1962,.T.);
#2687=EDGE_CURVE('',#2172,#2169,#338,.T.);
#2688=EDGE_CURVE('',#2068,#2173,#1963,.T.);
#2689=EDGE_CURVE('',#2173,#2172,#1793,.T.);
#2690=EDGE_CURVE('',#2172,#2174,#339,.T.);
#2691=EDGE_CURVE('',#2170,#2174,#340,.T.);
#2692=EDGE_CURVE('',#2173,#2175,#341,.T.);
#2693=EDGE_CURVE('',#2174,#2175,#1794,.T.);
#2694=EDGE_CURVE('',#2176,#2073,#1964,.T.);
#2695=EDGE_CURVE('',#2176,#2177,#1795,.T.);
#2696=EDGE_CURVE('',#2177,#2178,#1796,.T.);
#2697=EDGE_CURVE('',#2178,#2179,#1797,.T.);
#2698=EDGE_CURVE('',#2179,#2180,#1798,.T.);
#2699=EDGE_CURVE('',#2180,#2074,#1799,.T.);
#2700=EDGE_CURVE('',#2181,#2177,#342,.T.);
#2701=EDGE_CURVE('',#2181,#2178,#1965,.T.);
#2702=EDGE_CURVE('',#2180,#2181,#1966,.T.);
#2703=EDGE_CURVE('',#2074,#2181,#343,.T.);
#2704=EDGE_CURVE('',#2182,#2072,#344,.T.);
#2705=EDGE_CURVE('',#2182,#2183,#1800,.T.);
#2706=EDGE_CURVE('',#2183,#2184,#345,.T.);
#2707=EDGE_CURVE('',#2185,#2184,#35,.T.);
#2708=EDGE_CURVE('',#2186,#2185,#1801,.T.);
#2709=EDGE_CURVE('',#2187,#2186,#36,.T.);
#2710=EDGE_CURVE('',#2188,#2187,#346,.T.);
#2711=EDGE_CURVE('',#2188,#2189,#1802,.T.);
#2712=EDGE_CURVE('',#2190,#2189,#347,.T.);
#2713=EDGE_CURVE('',#2191,#2190,#1803,.T.);
#2714=EDGE_CURVE('',#2192,#2191,#348,.T.);
#2715=EDGE_CURVE('',#2176,#2192,#1804,.T.);
#2716=EDGE_CURVE('',#2193,#2194,#349,.T.);
#2717=EDGE_CURVE('',#2192,#2194,#1805,.T.);
#2718=EDGE_CURVE('',#2191,#2195,#1967,.T.);
#2719=EDGE_CURVE('',#2195,#2193,#1806,.T.);
#2720=EDGE_CURVE('',#2189,#2196,#1807,.T.);
#2721=EDGE_CURVE('',#2196,#2197,#350,.T.);
#2722=EDGE_CURVE('',#2198,#2197,#1808,.T.);
#2723=EDGE_CURVE('',#2198,#2190,#1968,.T.);
#2724=EDGE_CURVE('',#2198,#2195,#1809,.T.);
#2725=EDGE_CURVE('',#2194,#2199,#1810,.T.);
#2726=EDGE_CURVE('',#2199,#2200,#1811,.T.);
#2727=EDGE_CURVE('',#2200,#2201,#351,.T.);
#2728=EDGE_CURVE('',#2201,#2202,#352,.T.);
#2729=EDGE_CURVE('',#2202,#2203,#353,.T.);
#2730=EDGE_CURVE('',#2203,#2204,#354,.T.);
#2731=EDGE_CURVE('',#2204,#2205,#1812,.T.);
#2732=EDGE_CURVE('',#2205,#2206,#355,.T.);
#2733=EDGE_CURVE('',#2206,#2207,#1813,.T.);
#2734=EDGE_CURVE('',#2177,#2207,#356,.T.);
#2735=EDGE_CURVE('',#2208,#2193,#1814,.T.);
#2736=EDGE_CURVE('',#2199,#2208,#357,.T.);
#2737=EDGE_CURVE('',#2209,#2197,#358,.T.);
#2738=EDGE_CURVE('',#2210,#2209,#359,.T.);
#2739=EDGE_CURVE('',#2211,#2210,#360,.T.);
#2740=EDGE_CURVE('',#2211,#2208,#1815,.F.);
#2741=EDGE_CURVE('',#2212,#2212,#1816,.T.);
#2742=EDGE_CURVE('',#2071,#2213,#361,.T.);
#2743=EDGE_CURVE('',#2182,#2213,#1817,.F.);
#2744=EDGE_CURVE('',#2186,#2185,#362,.T.);
#2745=EDGE_CURVE('',#2184,#2187,#363,.T.);
#2746=EDGE_CURVE('',#2214,#2214,#1818,.T.);
#2747=EDGE_CURVE('',#2188,#2183,#364,.T.);
#2748=EDGE_CURVE('',#2167,#2215,#365,.T.);
#2749=EDGE_CURVE('',#2213,#2215,#366,.T.);
#2750=EDGE_CURVE('',#2216,#2196,#367,.T.);
#2751=EDGE_CURVE('',#2209,#2216,#368,.T.);
#2752=EDGE_CURVE('',#2214,#2217,#369,.T.);
#2753=EDGE_CURVE('',#2217,#2217,#1819,.T.);
#2754=EDGE_CURVE('',#2218,#2219,#370,.T.);
#2755=EDGE_CURVE('',#2220,#2219,#371,.T.);
#2756=EDGE_CURVE('',#2220,#2221,#372,.T.);
#2757=EDGE_CURVE('',#2221,#2218,#373,.T.);
#2758=EDGE_CURVE('',#2222,#2223,#374,.T.);
#2759=EDGE_CURVE('',#2223,#2224,#375,.F.);
#2760=EDGE_CURVE('',#2224,#2225,#376,.T.);
#2761=EDGE_CURVE('',#2225,#2222,#377,.T.);
#2762=EDGE_CURVE('',#2226,#2227,#378,.T.);
#2763=EDGE_CURVE('',#2227,#2222,#379,.T.);
#2764=EDGE_CURVE('',#2225,#2218,#380,.T.);
#2765=EDGE_CURVE('',#2221,#2226,#381,.T.);
#2766=EDGE_CURVE('',#2228,#2220,#382,.T.);
#2767=EDGE_CURVE('',#2064,#2228,#383,.T.);
#2768=EDGE_CURVE('',#2063,#2229,#384,.T.);
#2769=EDGE_CURVE('',#2230,#2229,#385,.T.);
#2770=EDGE_CURVE('',#2230,#2231,#386,.T.);
#2771=EDGE_CURVE('',#2226,#2231,#387,.T.);
#2772=EDGE_CURVE('',#2219,#2224,#388,.T.);
#2773=EDGE_CURVE('',#2232,#2233,#389,.T.);
#2774=EDGE_CURVE('',#2234,#2233,#390,.T.);
#2775=EDGE_CURVE('',#2234,#2235,#391,.T.);
#2776=EDGE_CURVE('',#2235,#2232,#392,.T.);
#2777=EDGE_CURVE('',#2236,#2237,#393,.T.);
#2778=EDGE_CURVE('',#2237,#2238,#394,.F.);
#2779=EDGE_CURVE('',#2238,#2239,#395,.T.);
#2780=EDGE_CURVE('',#2239,#2236,#396,.T.);
#2781=EDGE_CURVE('',#2240,#2241,#397,.T.);
#2782=EDGE_CURVE('',#2241,#2236,#398,.T.);
#2783=EDGE_CURVE('',#2239,#2232,#399,.T.);
#2784=EDGE_CURVE('',#2235,#2240,#400,.T.);
#2785=EDGE_CURVE('',#2242,#2234,#401,.T.);
#2786=EDGE_CURVE('',#2243,#2242,#402,.T.);
#2787=EDGE_CURVE('',#2244,#2243,#403,.T.);
#2788=EDGE_CURVE('',#2244,#2245,#404,.T.);
#2789=EDGE_CURVE('',#2240,#2245,#405,.T.);
#2790=EDGE_CURVE('',#2233,#2238,#406,.T.);
#2791=EDGE_CURVE('',#2245,#2241,#407,.T.);
#2792=EDGE_CURVE('',#2171,#2243,#408,.T.);
#2793=EDGE_CURVE('',#2215,#2242,#409,.T.);
#2794=EDGE_CURVE('',#2246,#2067,#410,.T.);
#2795=EDGE_CURVE('',#2066,#2247,#411,.T.);
#2796=EDGE_CURVE('',#2246,#2247,#412,.T.);
#2797=EDGE_CURVE('',#2231,#2227,#413,.T.);
#2798=EDGE_CURVE('',#2142,#2230,#414,.T.);
#2799=EDGE_CURVE('',#2223,#2144,#415,.T.);
#2800=EDGE_CURVE('',#2248,#2228,#416,.T.);
#2801=EDGE_CURVE('',#2065,#2248,#417,.T.);
#2802=EDGE_CURVE('',#2229,#2141,#1820,.T.);
#2803=EDGE_CURVE('',#2249,#2249,#1821,.T.);
#2804=EDGE_CURVE('',#2250,#2251,#37,.T.);
#2805=EDGE_CURVE('',#2251,#2252,#418,.T.);
#2806=EDGE_CURVE('',#2252,#2253,#38,.T.);
#2807=EDGE_CURVE('',#2253,#2250,#419,.T.);
#2808=EDGE_CURVE('',#2251,#2254,#1822,.T.);
#2809=EDGE_CURVE('',#2254,#2255,#1969,.F.);
#2810=EDGE_CURVE('',#2255,#2252,#1823,.T.);
#2811=EDGE_CURVE('',#2256,#2256,#1824,.T.);
#2812=EDGE_CURVE('',#2257,#2089,#420,.T.);
#2813=EDGE_CURVE('',#2258,#2257,#39,.T.);
#2814=EDGE_CURVE('',#2259,#2258,#421,.T.);
#2815=EDGE_CURVE('',#2254,#2259,#1970,.T.);
#2816=EDGE_CURVE('',#2260,#2250,#422,.T.);
#2817=EDGE_CURVE('',#2156,#2260,#423,.T.);
#2818=EDGE_CURVE('',#2102,#2155,#424,.T.);
#2819=EDGE_CURVE('',#2124,#2123,#425,.T.);
#2820=EDGE_CURVE('',#2122,#2125,#426,.T.);
#2821=EDGE_CURVE('',#2261,#2261,#1825,.T.);
#2822=EDGE_CURVE('',#2091,#2262,#427,.T.);
#2823=EDGE_CURVE('',#2262,#2257,#1971,.T.);
#2824=EDGE_CURVE('',#2263,#2264,#1972,.T.);
#2825=EDGE_CURVE('',#2264,#2265,#1973,.T.);
#2826=EDGE_CURVE('',#2265,#2266,#1826,.T.);
#2827=EDGE_CURVE('',#2266,#2263,#1974,.T.);
#2828=EDGE_CURVE('',#2267,#2268,#1827,.T.);
#2829=EDGE_CURVE('',#2268,#2266,#1975,.T.);
#2830=EDGE_CURVE('',#2265,#2267,#1976,.T.);
#2831=EDGE_CURVE('',#2259,#2269,#1828,.T.);
#2832=EDGE_CURVE('',#2269,#2268,#1977,.T.);
#2833=EDGE_CURVE('',#2267,#2255,#1978,.T.);
#2834=EDGE_CURVE('',#2270,#2269,#428,.T.);
#2835=EDGE_CURVE('',#2258,#2271,#1979,.T.);
#2836=EDGE_CURVE('',#2271,#2270,#40,.T.);
#2837=EDGE_CURVE('',#2272,#2271,#41,.T.);
#2838=EDGE_CURVE('',#2272,#2262,#1980,.T.);
#2839=EDGE_CURVE('',#2264,#2253,#429,.T.);
#2840=EDGE_CURVE('',#2261,#2273,#430,.T.);
#2841=EDGE_CURVE('',#2273,#2273,#1829,.T.);
#2842=EDGE_CURVE('',#2126,#2121,#431,.T.);
#2843=EDGE_CURVE('',#2274,#2263,#1981,.T.);
#2844=EDGE_CURVE('',#2274,#2275,#432,.T.);
#2845=EDGE_CURVE('',#2276,#2275,#433,.T.);
#2846=EDGE_CURVE('',#2260,#2276,#434,.T.);
#2847=EDGE_CURVE('',#2256,#2277,#435,.T.);
#2848=EDGE_CURVE('',#2277,#2277,#1830,.T.);
#2849=EDGE_CURVE('',#2269,#2278,#42,.T.);
#2850=EDGE_CURVE('',#2279,#2278,#1831,.T.);
#2851=EDGE_CURVE('',#2279,#2280,#43,.T.);
#2852=EDGE_CURVE('',#2280,#2268,#1832,.T.);
#2853=EDGE_CURVE('',#2270,#2281,#44,.T.);
#2854=EDGE_CURVE('',#2281,#2278,#436,.T.);
#2855=EDGE_CURVE('',#2282,#2260,#437,.T.);
#2856=EDGE_CURVE('',#2157,#2282,#438,.T.);
#2857=EDGE_CURVE('',#2283,#2272,#439,.T.);
#2858=EDGE_CURVE('',#2284,#2283,#440,.T.);
#2859=EDGE_CURVE('',#2285,#2284,#441,.T.);
#2860=EDGE_CURVE('',#2281,#2285,#442,.T.);
#2861=EDGE_CURVE('',#2286,#2095,#443,.T.);
#2862=EDGE_CURVE('',#2286,#2283,#45,.T.);
#2863=EDGE_CURVE('',#2159,#2287,#444,.T.);
#2864=EDGE_CURVE('',#2149,#2287,#445,.T.);
#2865=EDGE_CURVE('',#2136,#2117,#1833,.T.);
#2866=EDGE_CURVE('',#2288,#2282,#446,.T.);
#2867=EDGE_CURVE('',#2158,#2288,#447,.T.);
#2868=EDGE_CURVE('',#2289,#2290,#448,.T.);
#2869=EDGE_CURVE('',#2290,#2291,#1982,.F.);
#2870=EDGE_CURVE('',#2291,#2292,#449,.T.);
#2871=EDGE_CURVE('',#2292,#2289,#46,.T.);
#2872=EDGE_CURVE('',#2293,#2279,#450,.T.);
#2873=EDGE_CURVE('',#2278,#2294,#451,.T.);
#2874=EDGE_CURVE('',#2294,#2295,#47,.T.);
#2875=EDGE_CURVE('',#2295,#2293,#48,.T.);
#2876=EDGE_CURVE('',#2280,#2274,#1983,.T.);
#2877=EDGE_CURVE('',#2274,#2266,#1834,.T.);
#2878=EDGE_CURVE('',#2292,#2295,#452,.T.);
#2879=EDGE_CURVE('',#2294,#2289,#453,.T.);
#2880=EDGE_CURVE('',#2296,#2293,#454,.T.);
#2881=EDGE_CURVE('',#2297,#2296,#455,.T.);
#2882=EDGE_CURVE('',#2298,#2297,#456,.T.);
#2883=EDGE_CURVE('',#2299,#2298,#457,.T.);
#2884=EDGE_CURVE('',#2300,#2299,#458,.T.);
#2885=EDGE_CURVE('',#2280,#2300,#459,.T.);
#2886=EDGE_CURVE('',#2301,#2291,#1984,.T.);
#2887=EDGE_CURVE('',#2302,#2301,#1985,.T.);
#2888=EDGE_CURVE('',#2303,#2302,#460,.T.);
#2889=EDGE_CURVE('',#2303,#2296,#461,.T.);
#2890=EDGE_CURVE('',#2304,#2289,#462,.T.);
#2891=EDGE_CURVE('',#2304,#2305,#49,.F.);
#2892=EDGE_CURVE('',#2305,#2290,#1986,.T.);
#2893=EDGE_CURVE('',#2285,#2306,#50,.T.);
#2894=EDGE_CURVE('',#2306,#2307,#463,.T.);
#2895=EDGE_CURVE('',#2307,#2304,#51,.T.);
#2896=EDGE_CURVE('',#2300,#2275,#1835,.T.);
#2897=EDGE_CURVE('',#2039,#2308,#464,.T.);
#2898=EDGE_CURVE('',#2308,#2309,#1987,.T.);
#2899=EDGE_CURVE('',#2309,#2310,#1836,.T.);
#2900=EDGE_CURVE('',#2310,#2040,#465,.T.);
#2901=EDGE_CURVE('',#2308,#2311,#1988,.T.);
#2902=EDGE_CURVE('',#2312,#2311,#1837,.T.);
#2903=EDGE_CURVE('',#2312,#2313,#1989,.T.);
#2904=EDGE_CURVE('',#2313,#2314,#1990,.F.);
#2905=EDGE_CURVE('',#2314,#2309,#1838,.T.);
#2906=EDGE_CURVE('',#2311,#2038,#466,.T.);
#2907=EDGE_CURVE('',#2211,#2200,#467,.T.);
#2908=EDGE_CURVE('',#2210,#2315,#468,.T.);
#2909=EDGE_CURVE('',#2276,#2315,#469,.T.);
#2910=EDGE_CURVE('',#2276,#2201,#470,.T.);
#2911=EDGE_CURVE('',#2313,#2036,#471,.T.);
#2912=EDGE_CURVE('',#2035,#2316,#472,.T.);
#2913=EDGE_CURVE('',#2314,#2316,#1839,.F.);
#2914=EDGE_CURVE('',#2312,#2037,#473,.T.);
#2915=EDGE_CURVE('',#2317,#2318,#1840,.T.);
#2916=EDGE_CURVE('',#2318,#2034,#474,.T.);
#2917=EDGE_CURVE('',#2033,#2319,#475,.T.);
#2918=EDGE_CURVE('',#2319,#2317,#1991,.T.);
#2919=EDGE_CURVE('',#2318,#2316,#476,.T.);
#2920=EDGE_CURVE('',#2051,#2320,#1992,.T.);
#2921=EDGE_CURVE('',#2320,#2317,#1841,.T.);
#2922=EDGE_CURVE('',#2319,#2052,#1993,.T.);
#2923=EDGE_CURVE('',#2051,#2052,#1842,.T.);
#2924=EDGE_CURVE('',#2320,#2321,#477,.T.);
#2925=EDGE_CURVE('',#2321,#2322,#1843,.T.);
#2926=EDGE_CURVE('',#2322,#2202,#478,.T.);
#2927=EDGE_CURVE('',#2323,#2299,#1844,.T.);
#2928=EDGE_CURVE('',#2310,#2323,#479,.T.);
#2929=EDGE_CURVE('',#2311,#2312,#1845,.T.);
#2930=EDGE_CURVE('',#2324,#2325,#52,.T.);
#2931=EDGE_CURVE('',#2325,#2326,#1994,.T.);
#2932=EDGE_CURVE('',#2326,#2044,#53,.T.);
#2933=EDGE_CURVE('',#2043,#2327,#1995,.T.);
#2934=EDGE_CURVE('',#2328,#2327,#54,.F.);
#2935=EDGE_CURVE('',#2328,#2329,#480,.T.);
#2936=EDGE_CURVE('',#2324,#2329,#55,.T.);
#2937=EDGE_CURVE('',#2330,#2329,#481,.T.);
#2938=EDGE_CURVE('',#2204,#2330,#482,.T.);
#2939=EDGE_CURVE('',#2203,#2324,#483,.T.);
#2940=EDGE_CURVE('',#2331,#2328,#484,.T.);
#2941=EDGE_CURVE('',#2330,#2331,#485,.T.);
#2942=EDGE_CURVE('',#2298,#2332,#1996,.T.);
#2943=EDGE_CURVE('',#2332,#2323,#486,.T.);
#2944=EDGE_CURVE('',#2041,#2332,#56,.T.);
#2945=EDGE_CURVE('',#2042,#2333,#1997,.F.);
#2946=EDGE_CURVE('',#2333,#2297,#57,.F.);
#2947=EDGE_CURVE('',#2333,#2327,#487,.T.);
#2948=EDGE_CURVE('',#2321,#2326,#488,.T.);
#2949=EDGE_CURVE('',#2322,#2325,#489,.T.);
#2950=EDGE_CURVE('',#2307,#2334,#490,.T.);
#2951=EDGE_CURVE('',#2334,#2335,#1846,.F.);
#2952=EDGE_CURVE('',#2335,#2336,#491,.T.);
#2953=EDGE_CURVE('',#2336,#2305,#1998,.T.);
#2954=EDGE_CURVE('',#2334,#2306,#492,.T.);
#2955=EDGE_CURVE('',#2284,#2334,#1847,.F.);
#2956=EDGE_CURVE('',#2337,#2338,#493,.T.);
#2957=EDGE_CURVE('',#2338,#2205,#1999,.T.);
#2958=EDGE_CURVE('',#2330,#2337,#58,.T.);
#2959=EDGE_CURVE('',#2331,#2339,#59,.T.);
#2960=EDGE_CURVE('',#2339,#2337,#494,.T.);
#2961=EDGE_CURVE('',#2339,#2296,#495,.T.);
#2962=EDGE_CURVE('',#2303,#2340,#1848,.T.);
#2963=EDGE_CURVE('',#2338,#2340,#1849,.T.);
#2964=EDGE_CURVE('',#2341,#2341,#1850,.T.);
#2965=EDGE_CURVE('',#2341,#2342,#1851,.T.);
#2966=EDGE_CURVE('',#2342,#2342,#1852,.T.);
#2967=EDGE_CURVE('',#2343,#2344,#1853,.T.);
#2968=EDGE_CURVE('',#2344,#2345,#2000,.T.);
#2969=EDGE_CURVE('',#2345,#2344,#2001,.T.);
#2970=EDGE_CURVE('',#2343,#2343,#2002,.T.);
#2971=EDGE_CURVE('',#2346,#2346,#1854,.T.);
#2972=EDGE_CURVE('',#2345,#2302,#1855,.T.);
#2973=EDGE_CURVE('',#2336,#2347,#1856,.T.);
#2974=EDGE_CURVE('',#2347,#2348,#2003,.T.);
#2975=EDGE_CURVE('',#2348,#2302,#1857,.T.);
#2976=EDGE_CURVE('',#2349,#2335,#496,.T.);
#2977=EDGE_CURVE('',#2349,#2347,#1858,.T.);
#2978=EDGE_CURVE('',#2335,#2284,#1859,.F.);
#2979=EDGE_CURVE('',#2349,#2350,#2004,.F.);
#2980=EDGE_CURVE('',#2286,#2350,#497,.T.);
#2981=EDGE_CURVE('',#2094,#2350,#1860,.T.);
#2982=EDGE_CURVE('',#2351,#2351,#1861,.T.);
#2983=EDGE_CURVE('',#2346,#2351,#498,.T.);
#2984=EDGE_CURVE('',#2340,#2348,#499,.T.);
#2985=EDGE_CURVE('',#2093,#2206,#60,.T.);
#2986=EDGE_CURVE('',#2007,#2352,#500,.T.);
#2987=EDGE_CURVE('',#2353,#2352,#1862,.T.);
#2988=EDGE_CURVE('',#2005,#2353,#501,.T.);
#2989=EDGE_CURVE('',#2354,#2353,#502,.T.);
#2990=EDGE_CURVE('',#2016,#2354,#503,.T.);
#2991=EDGE_CURVE('',#2012,#2355,#504,.T.);
#2992=EDGE_CURVE('',#2356,#2355,#505,.T.);
#2993=EDGE_CURVE('',#2010,#2356,#506,.T.);
#2994=EDGE_CURVE('',#2357,#2356,#1863,.T.);
#2995=EDGE_CURVE('',#2008,#2357,#507,.T.);
#2996=EDGE_CURVE('',#2352,#2357,#1864,.T.);
#2997=EDGE_CURVE('',#2355,#2358,#508,.T.);
#2998=EDGE_CURVE('',#2358,#2359,#1865,.T.);
#2999=EDGE_CURVE('',#2359,#2354,#509,.T.);
#3000=EDGE_CURVE('',#2360,#2360,#1866,.T.);
#3001=EDGE_CURVE('',#2361,#2361,#1867,.T.);
#3002=EDGE_CURVE('',#2361,#2179,#510,.T.);
#3003=EDGE_CURVE('',#2362,#2362,#1868,.T.);
#3004=EDGE_CURVE('',#2060,#2363,#511,.T.);
#3005=EDGE_CURVE('',#2364,#2363,#512,.T.);
#3006=EDGE_CURVE('',#2056,#2364,#513,.T.);
#3007=EDGE_CURVE('',#2365,#2088,#1869,.T.);
#3008=EDGE_CURVE('',#2086,#2365,#514,.T.);
#3009=EDGE_CURVE('',#2061,#2366,#515,.T.);
#3010=EDGE_CURVE('',#2363,#2366,#1870,.T.);
#3011=EDGE_CURVE('',#2366,#2365,#516,.T.);
#3012=EDGE_CURVE('',#2087,#2367,#517,.T.);
#3013=EDGE_CURVE('',#2367,#2368,#1871,.T.);
#3014=EDGE_CURVE('',#2368,#2364,#518,.T.);
#3015=EDGE_CURVE('',#2369,#2369,#1872,.T.);
#3016=EDGE_CURVE('',#2053,#2370,#519,.F.);
#3017=EDGE_CURVE('',#2371,#2370,#520,.T.);
#3018=EDGE_CURVE('',#2371,#2079,#521,.T.);
#3019=EDGE_CURVE('',#2372,#2373,#1873,.T.);
#3020=EDGE_CURVE('',#2373,#2374,#522,.T.);
#3021=EDGE_CURVE('',#2375,#2374,#1874,.T.);
#3022=EDGE_CURVE('',#2372,#2375,#523,.T.);
#3023=EDGE_CURVE('',#2376,#2376,#1875,.T.);
#3024=EDGE_CURVE('',#2376,#2360,#524,.T.);
#3025=EDGE_CURVE('',#2377,#2359,#525,.T.);
#3026=EDGE_CURVE('',#2374,#2377,#526,.T.);
#3027=EDGE_CURVE('',#2112,#2373,#527,.T.);
#3028=EDGE_CURVE('',#2372,#2118,#528,.T.);
#3029=EDGE_CURVE('',#2378,#2375,#529,.T.);
#3030=EDGE_CURVE('',#2358,#2378,#530,.T.);
#3031=EDGE_CURVE('',#2377,#2378,#1876,.T.);
#3032=EDGE_CURVE('',#2373,#2379,#1877,.T.);
#3033=EDGE_CURVE('',#2379,#2104,#531,.T.);
#3034=EDGE_CURVE('',#2062,#2380,#532,.T.);
#3035=EDGE_CURVE('',#2380,#2381,#1878,.T.);
#3036=EDGE_CURVE('',#2382,#2381,#533,.T.);
#3037=EDGE_CURVE('',#2383,#2382,#1879,.T.);
#3038=EDGE_CURVE('',#2384,#2383,#534,.T.);
#3039=EDGE_CURVE('',#2384,#2372,#1880,.T.);
#3040=EDGE_CURVE('',#2379,#2385,#1881,.T.);
#3041=EDGE_CURVE('',#2385,#2386,#535,.T.);
#3042=EDGE_CURVE('',#2387,#2386,#1882,.T.);
#3043=EDGE_CURVE('',#2379,#2387,#536,.T.);
#3044=EDGE_CURVE('',#2147,#2388,#537,.T.);
#3045=EDGE_CURVE('',#2386,#2388,#538,.T.);
#3046=EDGE_CURVE('',#2148,#2385,#539,.T.);
#3047=EDGE_CURVE('',#2389,#2387,#540,.T.);
#3048=EDGE_CURVE('',#2146,#2389,#541,.T.);
#3049=EDGE_CURVE('',#2388,#2389,#1883,.T.);
#3050=EDGE_CURVE('',#2385,#2390,#1884,.T.);
#3051=EDGE_CURVE('',#2390,#2207,#542,.T.);
#3052=EDGE_CURVE('',#2391,#2392,#543,.T.);
#3053=EDGE_CURVE('',#2393,#2392,#1885,.T.);
#3054=EDGE_CURVE('',#2390,#2393,#544,.T.);
#3055=EDGE_CURVE('',#2390,#2391,#1886,.T.);
#3056=EDGE_CURVE('',#2394,#2394,#1887,.T.);
#3057=EDGE_CURVE('',#2394,#2362,#545,.T.);
#3058=EDGE_CURVE('',#2395,#2395,#1888,.T.);
#3059=EDGE_CURVE('',#2395,#2369,#546,.T.);
#3060=EDGE_CURVE('',#2396,#2367,#547,.T.);
#3061=EDGE_CURVE('',#2397,#2396,#1889,.T.);
#3062=EDGE_CURVE('',#2397,#2368,#548,.T.);
#3063=EDGE_CURVE('',#2380,#2397,#549,.T.);
#3064=EDGE_CURVE('',#2398,#2393,#550,.T.);
#3065=EDGE_CURVE('',#2075,#2398,#551,.T.);
#3066=EDGE_CURVE('',#2399,#2398,#1890,.T.);
#3067=EDGE_CURVE('',#2076,#2399,#552,.T.);
#3068=EDGE_CURVE('',#2396,#2399,#553,.T.);
#3069=EDGE_CURVE('',#2381,#2400,#1891,.T.);
#3070=EDGE_CURVE('',#2400,#2392,#1892,.T.);
#3071=EDGE_CURVE('',#2401,#2401,#1893,.T.);
#3072=EDGE_CURVE('',#2401,#2402,#554,.T.);
#3073=EDGE_CURVE('',#2402,#2382,#1894,.T.);
#3074=EDGE_CURVE('',#2400,#2403,#555,.T.);
#3075=EDGE_CURVE('',#2403,#2404,#1895,.T.);
#3076=EDGE_CURVE('',#2405,#2404,#556,.T.);
#3077=EDGE_CURVE('',#2406,#2405,#1896,.T.);
#3078=EDGE_CURVE('',#2406,#2407,#557,.T.);
#3079=EDGE_CURVE('',#2407,#2402,#1897,.T.);
#3080=EDGE_CURVE('',#2392,#2408,#558,.T.);
#3081=EDGE_CURVE('',#2403,#2408,#1898,.T.);
#3082=EDGE_CURVE('',#2409,#2409,#1899,.T.);
#3083=EDGE_CURVE('',#2410,#2410,#1900,.T.);
#3084=EDGE_CURVE('',#2287,#2288,#559,.T.);
#3085=EDGE_CURVE('',#2154,#2096,#560,.T.);
#3086=EDGE_CURVE('',#2097,#2153,#561,.T.);
#3087=EDGE_CURVE('',#2105,#2152,#562,.T.);
#3088=EDGE_CURVE('',#2114,#2151,#563,.T.);
#3089=EDGE_CURVE('',#2411,#2411,#1901,.T.);
#3090=EDGE_CURVE('',#2412,#2412,#1902,.T.);
#3091=EDGE_CURVE('',#2411,#2161,#564,.T.);
#3092=EDGE_CURVE('',#2412,#2160,#565,.T.);
#3093=EDGE_CURVE('',#2370,#2413,#566,.T.);
#3094=EDGE_CURVE('',#2414,#2413,#567,.T.);
#3095=EDGE_CURVE('',#2371,#2414,#568,.T.);
#3096=EDGE_CURVE('',#2415,#2415,#1903,.T.);
#3097=EDGE_CURVE('',#2414,#2080,#569,.T.);
#3098=EDGE_CURVE('',#2413,#2081,#570,.T.);
#3099=EDGE_CURVE('',#2416,#2416,#1904,.T.);
#3100=EDGE_CURVE('',#2416,#2417,#571,.T.);
#3101=EDGE_CURVE('',#2417,#2417,#1905,.T.);
#3102=EDGE_CURVE('',#2175,#2244,#572,.T.);
#3103=EDGE_CURVE('',#2237,#2246,#573,.T.);
#3104=EDGE_CURVE('',#2249,#2418,#574,.T.);
#3105=EDGE_CURVE('',#2418,#2418,#1906,.T.);
#3106=EDGE_CURVE('',#2315,#2216,#575,.T.);
#3107=EDGE_CURVE('',#2247,#2248,#576,.T.);
#3108=EDGE_CURVE('',#2419,#2420,#577,.T.);
#3109=EDGE_CURVE('',#2420,#2421,#578,.T.);
#3110=EDGE_CURVE('',#2421,#2422,#1907,.T.);
#3111=EDGE_CURVE('',#2422,#2423,#579,.T.);
#3112=EDGE_CURVE('',#2423,#2424,#1908,.T.);
#3113=EDGE_CURVE('',#2424,#2425,#580,.T.);
#3114=EDGE_CURVE('',#2425,#2426,#581,.T.);
#3115=EDGE_CURVE('',#2426,#2427,#582,.T.);
#3116=EDGE_CURVE('',#2427,#2428,#583,.T.);
#3117=EDGE_CURVE('',#2428,#2429,#584,.T.);
#3118=EDGE_CURVE('',#2429,#2430,#585,.T.);
#3119=EDGE_CURVE('',#2430,#2419,#586,.T.);
#3120=EDGE_CURVE('',#2431,#2431,#1909,.T.);
#3121=EDGE_CURVE('',#2432,#2432,#1910,.T.);
#3122=EDGE_CURVE('',#2433,#2433,#1911,.T.);
#3123=EDGE_CURVE('',#2434,#2434,#1912,.T.);
#3124=EDGE_CURVE('',#2435,#2435,#1913,.T.);
#3125=EDGE_CURVE('',#2436,#2436,#1914,.T.);
#3126=EDGE_CURVE('',#2212,#2432,#587,.T.);
#3127=EDGE_CURVE('',#2410,#2436,#588,.T.);
#3128=EDGE_CURVE('',#2409,#2434,#589,.T.);
#3129=EDGE_CURVE('',#2437,#2438,#590,.T.);
#3130=EDGE_CURVE('',#2437,#2428,#591,.T.);
#3131=EDGE_CURVE('',#2438,#2427,#592,.T.);
#3132=EDGE_CURVE('',#2438,#2439,#593,.T.);
#3133=EDGE_CURVE('',#2439,#2426,#594,.T.);
#3134=EDGE_CURVE('',#2439,#2440,#595,.T.);
#3135=EDGE_CURVE('',#2440,#2425,#596,.T.);
#3136=EDGE_CURVE('',#2440,#2441,#597,.T.);
#3137=EDGE_CURVE('',#2441,#2424,#598,.T.);
#3138=EDGE_CURVE('',#2442,#2441,#1915,.T.);
#3139=EDGE_CURVE('',#2442,#2423,#599,.T.);
#3140=EDGE_CURVE('',#2442,#2443,#600,.T.);
#3141=EDGE_CURVE('',#2443,#2422,#601,.T.);
#3142=EDGE_CURVE('',#2444,#2443,#1916,.T.);
#3143=EDGE_CURVE('',#2444,#2421,#602,.T.);
#3144=EDGE_CURVE('',#2444,#2445,#603,.T.);
#3145=EDGE_CURVE('',#2445,#2420,#604,.T.);
#3146=EDGE_CURVE('',#2446,#2445,#605,.T.);
#3147=EDGE_CURVE('',#2446,#2419,#606,.T.);
#3148=EDGE_CURVE('',#2447,#2446,#607,.T.);
#3149=EDGE_CURVE('',#2447,#2430,#608,.T.);
#3150=EDGE_CURVE('',#2448,#2447,#609,.T.);
#3151=EDGE_CURVE('',#2448,#2429,#610,.T.);
#3152=EDGE_CURVE('',#2437,#2448,#611,.T.);
#3153=EDGE_CURVE('',#2449,#2449,#1917,.T.);
#3154=EDGE_CURVE('',#2450,#2450,#1918,.T.);
#3155=EDGE_CURVE('',#2451,#2451,#1919,.T.);
#3156=EDGE_CURVE('',#2406,#2384,#612,.T.);
#3157=EDGE_CURVE('',#2405,#2391,#613,.T.);
#3158=EDGE_CURVE('',#2408,#2404,#614,.T.);
#3159=EDGE_CURVE('',#2407,#2383,#615,.T.);
#3160=EDGE_CURVE('',#2452,#2452,#1920,.T.);
#3161=EDGE_CURVE('',#2452,#2401,#616,.T.);
#3162=EDGE_CURVE('',#2453,#2453,#1921,.T.);
#3163=EDGE_CURVE('',#2453,#2415,#617,.T.);
#3164=EDGE_CURVE('',#2454,#2454,#1922,.T.);
#3165=EDGE_CURVE('',#2454,#2455,#618,.T.);
#3166=EDGE_CURVE('',#2455,#2455,#1923,.T.);
#3167=EDGE_CURVE('',#2455,#2449,#619,.T.);
#3168=EDGE_CURVE('',#2456,#2456,#1924,.T.);
#3169=EDGE_CURVE('',#2456,#2431,#620,.T.);
#3170=EDGE_CURVE('',#2457,#2457,#1925,.T.);
#3171=EDGE_CURVE('',#2457,#2458,#621,.T.);
#3172=EDGE_CURVE('',#2458,#2458,#1926,.T.);
#3173=EDGE_CURVE('',#2458,#2450,#622,.T.);
#3174=EDGE_CURVE('',#2459,#2459,#1927,.T.);
#3175=EDGE_CURVE('',#2459,#2433,#623,.T.);
#3176=EDGE_CURVE('',#2460,#2460,#1928,.T.);
#3177=EDGE_CURVE('',#2460,#2461,#624,.T.);
#3178=EDGE_CURVE('',#2461,#2461,#1929,.T.);
#3179=EDGE_CURVE('',#2461,#2451,#625,.T.);
#3180=EDGE_CURVE('',#2462,#2462,#1930,.T.);
#3181=EDGE_CURVE('',#2462,#2435,#626,.T.);
#3182=EDGE_CURVE('',#2463,#2463,#1931,.T.);
#3183=EDGE_CURVE('',#2463,#2046,#627,.T.);
#3184=EDGE_CURVE('',#2464,#2464,#1932,.T.);
#3185=EDGE_CURVE('',#2464,#2030,#628,.T.);
#3186=ORIENTED_EDGE('',*,*,#2465,.T.);
#3187=ORIENTED_EDGE('',*,*,#2466,.T.);
#3188=ORIENTED_EDGE('',*,*,#2467,.T.);
#3189=ORIENTED_EDGE('',*,*,#2468,.T.);
#3190=ORIENTED_EDGE('',*,*,#2469,.T.);
#3191=ORIENTED_EDGE('',*,*,#2470,.T.);
#3192=ORIENTED_EDGE('',*,*,#2469,.F.);
#3193=ORIENTED_EDGE('',*,*,#2471,.T.);
#3194=ORIENTED_EDGE('',*,*,#2472,.T.);
#3195=ORIENTED_EDGE('',*,*,#2473,.T.);
#3196=ORIENTED_EDGE('',*,*,#2474,.F.);
#3197=ORIENTED_EDGE('',*,*,#2475,.T.);
#3198=ORIENTED_EDGE('',*,*,#2468,.F.);
#3199=ORIENTED_EDGE('',*,*,#2476,.T.);
#3200=ORIENTED_EDGE('',*,*,#2466,.F.);
#3201=ORIENTED_EDGE('',*,*,#2477,.T.);
#3202=ORIENTED_EDGE('',*,*,#2478,.F.);
#3203=ORIENTED_EDGE('',*,*,#2465,.F.);
#3204=ORIENTED_EDGE('',*,*,#2479,.T.);
#3205=ORIENTED_EDGE('',*,*,#2480,.T.);
#3206=ORIENTED_EDGE('',*,*,#2481,.T.);
#3207=ORIENTED_EDGE('',*,*,#2474,.T.);
#3208=ORIENTED_EDGE('',*,*,#2482,.F.);
#3209=ORIENTED_EDGE('',*,*,#2483,.T.);
#3210=ORIENTED_EDGE('',*,*,#2484,.F.);
#3211=ORIENTED_EDGE('',*,*,#2485,.T.);
#3212=ORIENTED_EDGE('',*,*,#2478,.T.);
#3213=ORIENTED_EDGE('',*,*,#2486,.T.);
#3214=ORIENTED_EDGE('',*,*,#2487,.T.);
#3215=ORIENTED_EDGE('',*,*,#2488,.T.);
#3216=ORIENTED_EDGE('',*,*,#2482,.T.);
#3217=ORIENTED_EDGE('',*,*,#2477,.F.);
#3218=ORIENTED_EDGE('',*,*,#2481,.F.);
#3219=ORIENTED_EDGE('',*,*,#2489,.T.);
#3220=ORIENTED_EDGE('',*,*,#2486,.F.);
#3221=ORIENTED_EDGE('',*,*,#2471,.F.);
#3222=ORIENTED_EDGE('',*,*,#2475,.F.);
#3223=ORIENTED_EDGE('',*,*,#2485,.F.);
#3224=ORIENTED_EDGE('',*,*,#2490,.F.);
#3225=ORIENTED_EDGE('',*,*,#2491,.F.);
#3226=ORIENTED_EDGE('',*,*,#2492,.F.);
#3227=ORIENTED_EDGE('',*,*,#2493,.T.);
#3228=ORIENTED_EDGE('',*,*,#2494,.T.);
#3229=ORIENTED_EDGE('',*,*,#2495,.T.);
#3230=ORIENTED_EDGE('',*,*,#2496,.T.);
#3231=ORIENTED_EDGE('',*,*,#2497,.T.);
#3232=ORIENTED_EDGE('',*,*,#2498,.T.);
#3233=ORIENTED_EDGE('',*,*,#2499,.T.);
#3234=ORIENTED_EDGE('',*,*,#2496,.F.);
#3235=ORIENTED_EDGE('',*,*,#2500,.T.);
#3236=ORIENTED_EDGE('',*,*,#2501,.T.);
#3237=ORIENTED_EDGE('',*,*,#2502,.F.);
#3238=ORIENTED_EDGE('',*,*,#2503,.T.);
#3239=ORIENTED_EDGE('',*,*,#2504,.F.);
#3240=ORIENTED_EDGE('',*,*,#2505,.T.);
#3241=ORIENTED_EDGE('',*,*,#2506,.T.);
#3242=ORIENTED_EDGE('',*,*,#2507,.T.);
#3243=ORIENTED_EDGE('',*,*,#2508,.F.);
#3244=ORIENTED_EDGE('',*,*,#2509,.T.);
#3245=ORIENTED_EDGE('',*,*,#2510,.F.);
#3246=ORIENTED_EDGE('',*,*,#2511,.T.);
#3247=ORIENTED_EDGE('',*,*,#2512,.F.);
#3248=ORIENTED_EDGE('',*,*,#2513,.T.);
#3249=ORIENTED_EDGE('',*,*,#2514,.T.);
#3250=ORIENTED_EDGE('',*,*,#2499,.F.);
#3251=ORIENTED_EDGE('',*,*,#2515,.T.);
#3252=ORIENTED_EDGE('',*,*,#2516,.T.);
#3253=ORIENTED_EDGE('',*,*,#2495,.F.);
#3254=ORIENTED_EDGE('',*,*,#2517,.T.);
#3255=ORIENTED_EDGE('',*,*,#2518,.F.);
#3256=ORIENTED_EDGE('',*,*,#2519,.T.);
#3257=ORIENTED_EDGE('',*,*,#2520,.F.);
#3258=ORIENTED_EDGE('',*,*,#2521,.T.);
#3259=ORIENTED_EDGE('',*,*,#2493,.F.);
#3260=ORIENTED_EDGE('',*,*,#2514,.F.);
#3261=ORIENTED_EDGE('',*,*,#2522,.F.);
#3262=ORIENTED_EDGE('',*,*,#2523,.F.);
#3263=ORIENTED_EDGE('',*,*,#2524,.T.);
#3264=ORIENTED_EDGE('',*,*,#2500,.F.);
#3265=ORIENTED_EDGE('',*,*,#2494,.F.);
#3266=ORIENTED_EDGE('',*,*,#2521,.F.);
#3267=ORIENTED_EDGE('',*,*,#2525,.F.);
#3268=ORIENTED_EDGE('',*,*,#2517,.F.);
#3269=ORIENTED_EDGE('',*,*,#2520,.T.);
#3270=ORIENTED_EDGE('',*,*,#2526,.T.);
#3271=ORIENTED_EDGE('',*,*,#2518,.T.);
#3272=ORIENTED_EDGE('',*,*,#2525,.T.);
#3273=ORIENTED_EDGE('',*,*,#2526,.F.);
#3274=ORIENTED_EDGE('',*,*,#2519,.F.);
#3275=ORIENTED_EDGE('',*,*,#2527,.T.);
#3276=ORIENTED_EDGE('',*,*,#2528,.T.);
#3277=ORIENTED_EDGE('',*,*,#2529,.T.);
#3278=ORIENTED_EDGE('',*,*,#2530,.T.);
#3279=ORIENTED_EDGE('',*,*,#2531,.T.);
#3280=ORIENTED_EDGE('',*,*,#2532,.T.);
#3281=ORIENTED_EDGE('',*,*,#2533,.T.);
#3282=ORIENTED_EDGE('',*,*,#2534,.T.);
#3283=ORIENTED_EDGE('',*,*,#2535,.T.);
#3284=ORIENTED_EDGE('',*,*,#2528,.F.);
#3285=ORIENTED_EDGE('',*,*,#2536,.T.);
#3286=ORIENTED_EDGE('',*,*,#2537,.T.);
#3287=ORIENTED_EDGE('',*,*,#2534,.F.);
#3288=ORIENTED_EDGE('',*,*,#2531,.F.);
#3289=ORIENTED_EDGE('',*,*,#2538,.T.);
#3290=ORIENTED_EDGE('',*,*,#2539,.T.);
#3291=ORIENTED_EDGE('',*,*,#2540,.T.);
#3292=ORIENTED_EDGE('',*,*,#2541,.T.);
#3293=ORIENTED_EDGE('',*,*,#2542,.T.);
#3294=ORIENTED_EDGE('',*,*,#2543,.T.);
#3295=ORIENTED_EDGE('',*,*,#2544,.T.);
#3296=ORIENTED_EDGE('',*,*,#2545,.F.);
#3297=ORIENTED_EDGE('',*,*,#2546,.F.);
#3298=ORIENTED_EDGE('',*,*,#2547,.T.);
#3299=ORIENTED_EDGE('',*,*,#2548,.T.);
#3300=ORIENTED_EDGE('',*,*,#2549,.T.);
#3301=ORIENTED_EDGE('',*,*,#2550,.F.);
#3302=ORIENTED_EDGE('',*,*,#2551,.F.);
#3303=ORIENTED_EDGE('',*,*,#2552,.F.);
#3304=ORIENTED_EDGE('',*,*,#2553,.T.);
#3305=ORIENTED_EDGE('',*,*,#2554,.F.);
#3306=ORIENTED_EDGE('',*,*,#2555,.T.);
#3307=ORIENTED_EDGE('',*,*,#2556,.T.);
#3308=ORIENTED_EDGE('',*,*,#2557,.T.);
#3309=ORIENTED_EDGE('',*,*,#2558,.T.);
#3310=ORIENTED_EDGE('',*,*,#2559,.T.);
#3311=ORIENTED_EDGE('',*,*,#2554,.T.);
#3312=ORIENTED_EDGE('',*,*,#2560,.T.);
#3313=ORIENTED_EDGE('',*,*,#2561,.T.);
#3314=ORIENTED_EDGE('',*,*,#2562,.T.);
#3315=ORIENTED_EDGE('',*,*,#2559,.F.);
#3316=ORIENTED_EDGE('',*,*,#2563,.T.);
#3317=ORIENTED_EDGE('',*,*,#2564,.T.);
#3318=ORIENTED_EDGE('',*,*,#2565,.T.);
#3319=ORIENTED_EDGE('',*,*,#2564,.F.);
#3320=ORIENTED_EDGE('',*,*,#2566,.T.);
#3321=ORIENTED_EDGE('',*,*,#2563,.F.);
#3322=ORIENTED_EDGE('',*,*,#2561,.F.);
#3323=ORIENTED_EDGE('',*,*,#2567,.T.);
#3324=ORIENTED_EDGE('',*,*,#2568,.F.);
#3325=ORIENTED_EDGE('',*,*,#2569,.F.);
#3326=ORIENTED_EDGE('',*,*,#2570,.T.);
#3327=ORIENTED_EDGE('',*,*,#2571,.T.);
#3328=ORIENTED_EDGE('',*,*,#2572,.T.);
#3329=ORIENTED_EDGE('',*,*,#2571,.F.);
#3330=ORIENTED_EDGE('',*,*,#2573,.T.);
#3331=ORIENTED_EDGE('',*,*,#2574,.T.);
#3332=ORIENTED_EDGE('',*,*,#2575,.F.);
#3333=ORIENTED_EDGE('',*,*,#2576,.F.);
#3334=ORIENTED_EDGE('',*,*,#2577,.T.);
#3335=ORIENTED_EDGE('',*,*,#2578,.T.);
#3336=ORIENTED_EDGE('',*,*,#2579,.T.);
#3337=ORIENTED_EDGE('',*,*,#2580,.T.);
#3338=ORIENTED_EDGE('',*,*,#2581,.T.);
#3339=ORIENTED_EDGE('',*,*,#2582,.T.);
#3340=ORIENTED_EDGE('',*,*,#2583,.T.);
#3341=ORIENTED_EDGE('',*,*,#2579,.F.);
#3342=ORIENTED_EDGE('',*,*,#2584,.T.);
#3343=ORIENTED_EDGE('',*,*,#2585,.T.);
#3344=ORIENTED_EDGE('',*,*,#2581,.F.);
#3345=ORIENTED_EDGE('',*,*,#2586,.T.);
#3346=ORIENTED_EDGE('',*,*,#2587,.T.);
#3347=ORIENTED_EDGE('',*,*,#2570,.F.);
#3348=ORIENTED_EDGE('',*,*,#2588,.T.);
#3349=ORIENTED_EDGE('',*,*,#2587,.F.);
#3350=ORIENTED_EDGE('',*,*,#2589,.T.);
#3351=ORIENTED_EDGE('',*,*,#2590,.T.);
#3352=ORIENTED_EDGE('',*,*,#2582,.F.);
#3353=ORIENTED_EDGE('',*,*,#2591,.T.);
#3354=ORIENTED_EDGE('',*,*,#2592,.T.);
#3355=ORIENTED_EDGE('',*,*,#2593,.T.);
#3356=ORIENTED_EDGE('',*,*,#2594,.T.);
#3357=ORIENTED_EDGE('',*,*,#2595,.T.);
#3358=ORIENTED_EDGE('',*,*,#2490,.T.);
#3359=ORIENTED_EDGE('',*,*,#2484,.T.);
#3360=ORIENTED_EDGE('',*,*,#2595,.F.);
#3361=ORIENTED_EDGE('',*,*,#2596,.T.);
#3362=ORIENTED_EDGE('',*,*,#2597,.T.);
#3363=ORIENTED_EDGE('',*,*,#2598,.T.);
#3364=ORIENTED_EDGE('',*,*,#2599,.T.);
#3365=ORIENTED_EDGE('',*,*,#2600,.T.);
#3366=ORIENTED_EDGE('',*,*,#2597,.F.);
#3367=ORIENTED_EDGE('',*,*,#2601,.T.);
#3368=ORIENTED_EDGE('',*,*,#2602,.T.);
#3369=ORIENTED_EDGE('',*,*,#2603,.T.);
#3370=ORIENTED_EDGE('',*,*,#2604,.T.);
#3371=ORIENTED_EDGE('',*,*,#2487,.F.);
#3372=ORIENTED_EDGE('',*,*,#2605,.T.);
#3373=ORIENTED_EDGE('',*,*,#2606,.T.);
#3374=ORIENTED_EDGE('',*,*,#2592,.F.);
#3375=ORIENTED_EDGE('',*,*,#2607,.T.);
#3376=ORIENTED_EDGE('',*,*,#2603,.F.);
#3377=ORIENTED_EDGE('',*,*,#2598,.F.);
#3378=ORIENTED_EDGE('',*,*,#2608,.T.);
#3379=ORIENTED_EDGE('',*,*,#2609,.T.);
#3380=ORIENTED_EDGE('',*,*,#2610,.T.);
#3381=ORIENTED_EDGE('',*,*,#2611,.F.);
#3382=ORIENTED_EDGE('',*,*,#2612,.F.);
#3383=ORIENTED_EDGE('',*,*,#2491,.T.);
#3384=ORIENTED_EDGE('',*,*,#2600,.F.);
#3385=ORIENTED_EDGE('',*,*,#2613,.F.);
#3386=ORIENTED_EDGE('',*,*,#2614,.F.);
#3387=ORIENTED_EDGE('',*,*,#2615,.T.);
#3388=ORIENTED_EDGE('',*,*,#2616,.T.);
#3389=ORIENTED_EDGE('',*,*,#2617,.F.);
#3390=ORIENTED_EDGE('',*,*,#2618,.F.);
#3391=ORIENTED_EDGE('',*,*,#2619,.F.);
#3392=ORIENTED_EDGE('',*,*,#2620,.F.);
#3393=ORIENTED_EDGE('',*,*,#2621,.T.);
#3394=ORIENTED_EDGE('',*,*,#2622,.F.);
#3395=ORIENTED_EDGE('',*,*,#2608,.F.);
#3396=ORIENTED_EDGE('',*,*,#2601,.F.);
#3397=ORIENTED_EDGE('',*,*,#2596,.F.);
#3398=ORIENTED_EDGE('',*,*,#2594,.F.);
#3399=ORIENTED_EDGE('',*,*,#2623,.T.);
#3400=ORIENTED_EDGE('',*,*,#2624,.F.);
#3401=ORIENTED_EDGE('',*,*,#2483,.F.);
#3402=ORIENTED_EDGE('',*,*,#2625,.T.);
#3403=ORIENTED_EDGE('',*,*,#2626,.F.);
#3404=ORIENTED_EDGE('',*,*,#2623,.F.);
#3405=ORIENTED_EDGE('',*,*,#2627,.F.);
#3406=ORIENTED_EDGE('',*,*,#2628,.F.);
#3407=ORIENTED_EDGE('',*,*,#2629,.F.);
#3408=ORIENTED_EDGE('',*,*,#2630,.T.);
#3409=ORIENTED_EDGE('',*,*,#2631,.T.);
#3410=ORIENTED_EDGE('',*,*,#2628,.T.);
#3411=ORIENTED_EDGE('',*,*,#2632,.T.);
#3412=ORIENTED_EDGE('',*,*,#2633,.T.);
#3413=ORIENTED_EDGE('',*,*,#2634,.T.);
#3414=ORIENTED_EDGE('',*,*,#2629,.T.);
#3415=ORIENTED_EDGE('',*,*,#2635,.T.);
#3416=ORIENTED_EDGE('',*,*,#2636,.T.);
#3417=ORIENTED_EDGE('',*,*,#2637,.T.);
#3418=ORIENTED_EDGE('',*,*,#2609,.F.);
#3419=ORIENTED_EDGE('',*,*,#2638,.T.);
#3420=ORIENTED_EDGE('',*,*,#2639,.T.);
#3421=ORIENTED_EDGE('',*,*,#2636,.F.);
#3422=ORIENTED_EDGE('',*,*,#2640,.T.);
#3423=ORIENTED_EDGE('',*,*,#2641,.T.);
#3424=ORIENTED_EDGE('',*,*,#2642,.T.);
#3425=ORIENTED_EDGE('',*,*,#2627,.T.);
#3426=ORIENTED_EDGE('',*,*,#2643,.T.);
#3427=ORIENTED_EDGE('',*,*,#2641,.F.);
#3428=ORIENTED_EDGE('',*,*,#2635,.F.);
#3429=ORIENTED_EDGE('',*,*,#2631,.F.);
#3430=ORIENTED_EDGE('',*,*,#2644,.F.);
#3431=ORIENTED_EDGE('',*,*,#2645,.F.);
#3432=ORIENTED_EDGE('',*,*,#2646,.T.);
#3433=ORIENTED_EDGE('',*,*,#2632,.F.);
#3434=ORIENTED_EDGE('',*,*,#2642,.F.);
#3435=ORIENTED_EDGE('',*,*,#2647,.T.);
#3436=ORIENTED_EDGE('',*,*,#2648,.F.);
#3437=ORIENTED_EDGE('',*,*,#2649,.T.);
#3438=ORIENTED_EDGE('',*,*,#2640,.F.);
#3439=ORIENTED_EDGE('',*,*,#2650,.F.);
#3440=ORIENTED_EDGE('',*,*,#2651,.F.);
#3441=ORIENTED_EDGE('',*,*,#2647,.F.);
#3442=ORIENTED_EDGE('',*,*,#2583,.F.);
#3443=ORIENTED_EDGE('',*,*,#2652,.F.);
#3444=ORIENTED_EDGE('',*,*,#2653,.T.);
#3445=ORIENTED_EDGE('',*,*,#2654,.T.);
#3446=ORIENTED_EDGE('',*,*,#2655,.T.);
#3447=ORIENTED_EDGE('',*,*,#2573,.F.);
#3448=ORIENTED_EDGE('',*,*,#2589,.F.);
#3449=ORIENTED_EDGE('',*,*,#2586,.F.);
#3450=ORIENTED_EDGE('',*,*,#2580,.F.);
#3451=ORIENTED_EDGE('',*,*,#2638,.F.);
#3452=ORIENTED_EDGE('',*,*,#2622,.T.);
#3453=ORIENTED_EDGE('',*,*,#2656,.T.);
#3454=ORIENTED_EDGE('',*,*,#2650,.T.);
#3455=ORIENTED_EDGE('',*,*,#2657,.F.);
#3456=ORIENTED_EDGE('',*,*,#2614,.T.);
#3457=ORIENTED_EDGE('',*,*,#2658,.F.);
#3458=ORIENTED_EDGE('',*,*,#2659,.T.);
#3459=ORIENTED_EDGE('',*,*,#2658,.T.);
#3460=ORIENTED_EDGE('',*,*,#2613,.T.);
#3461=ORIENTED_EDGE('',*,*,#2599,.F.);
#3462=ORIENTED_EDGE('',*,*,#2624,.T.);
#3463=ORIENTED_EDGE('',*,*,#2626,.T.);
#3464=ORIENTED_EDGE('',*,*,#2660,.T.);
#3465=ORIENTED_EDGE('',*,*,#2661,.T.);
#3466=ORIENTED_EDGE('',*,*,#2662,.T.);
#3467=ORIENTED_EDGE('',*,*,#2663,.T.);
#3468=ORIENTED_EDGE('',*,*,#2664,.T.);
#3469=ORIENTED_EDGE('',*,*,#2665,.F.);
#3470=ORIENTED_EDGE('',*,*,#2666,.F.);
#3471=ORIENTED_EDGE('',*,*,#2667,.F.);
#3472=ORIENTED_EDGE('',*,*,#2668,.F.);
#3473=ORIENTED_EDGE('',*,*,#2669,.F.);
#3474=ORIENTED_EDGE('',*,*,#2670,.T.);
#3475=ORIENTED_EDGE('',*,*,#2671,.T.);
#3476=ORIENTED_EDGE('',*,*,#2672,.F.);
#3477=ORIENTED_EDGE('',*,*,#2673,.T.);
#3478=ORIENTED_EDGE('',*,*,#2674,.T.);
#3479=ORIENTED_EDGE('',*,*,#2675,.F.);
#3480=ORIENTED_EDGE('',*,*,#2674,.F.);
#3481=ORIENTED_EDGE('',*,*,#2676,.T.);
#3482=ORIENTED_EDGE('',*,*,#2677,.T.);
#3483=ORIENTED_EDGE('',*,*,#2678,.F.);
#3484=ORIENTED_EDGE('',*,*,#2677,.F.);
#3485=ORIENTED_EDGE('',*,*,#2679,.T.);
#3486=ORIENTED_EDGE('',*,*,#2676,.F.);
#3487=ORIENTED_EDGE('',*,*,#2673,.F.);
#3488=ORIENTED_EDGE('',*,*,#2680,.T.);
#3489=ORIENTED_EDGE('',*,*,#2681,.F.);
#3490=ORIENTED_EDGE('',*,*,#2682,.T.);
#3491=ORIENTED_EDGE('',*,*,#2683,.T.);
#3492=ORIENTED_EDGE('',*,*,#2684,.T.);
#3493=ORIENTED_EDGE('',*,*,#2685,.T.);
#3494=ORIENTED_EDGE('',*,*,#2546,.T.);
#3495=ORIENTED_EDGE('',*,*,#2686,.T.);
#3496=ORIENTED_EDGE('',*,*,#2687,.T.);
#3497=ORIENTED_EDGE('',*,*,#2681,.T.);
#3498=ORIENTED_EDGE('',*,*,#2545,.T.);
#3499=ORIENTED_EDGE('',*,*,#2688,.T.);
#3500=ORIENTED_EDGE('',*,*,#2689,.T.);
#3501=ORIENTED_EDGE('',*,*,#2686,.F.);
#3502=ORIENTED_EDGE('',*,*,#2682,.F.);
#3503=ORIENTED_EDGE('',*,*,#2687,.F.);
#3504=ORIENTED_EDGE('',*,*,#2690,.T.);
#3505=ORIENTED_EDGE('',*,*,#2691,.F.);
#3506=ORIENTED_EDGE('',*,*,#2689,.F.);
#3507=ORIENTED_EDGE('',*,*,#2692,.T.);
#3508=ORIENTED_EDGE('',*,*,#2693,.F.);
#3509=ORIENTED_EDGE('',*,*,#2690,.F.);
#3510=ORIENTED_EDGE('',*,*,#2694,.F.);
#3511=ORIENTED_EDGE('',*,*,#2695,.T.);
#3512=ORIENTED_EDGE('',*,*,#2696,.T.);
#3513=ORIENTED_EDGE('',*,*,#2697,.T.);
#3514=ORIENTED_EDGE('',*,*,#2698,.T.);
#3515=ORIENTED_EDGE('',*,*,#2699,.T.);
#3516=ORIENTED_EDGE('',*,*,#2550,.T.);
#3517=ORIENTED_EDGE('',*,*,#2696,.F.);
#3518=ORIENTED_EDGE('',*,*,#2700,.F.);
#3519=ORIENTED_EDGE('',*,*,#2701,.T.);
#3520=ORIENTED_EDGE('',*,*,#2699,.F.);
#3521=ORIENTED_EDGE('',*,*,#2702,.T.);
#3522=ORIENTED_EDGE('',*,*,#2703,.F.);
#3523=ORIENTED_EDGE('',*,*,#2694,.T.);
#3524=ORIENTED_EDGE('',*,*,#2549,.F.);
#3525=ORIENTED_EDGE('',*,*,#2704,.F.);
#3526=ORIENTED_EDGE('',*,*,#2705,.T.);
#3527=ORIENTED_EDGE('',*,*,#2706,.T.);
#3528=ORIENTED_EDGE('',*,*,#2707,.F.);
#3529=ORIENTED_EDGE('',*,*,#2708,.F.);
#3530=ORIENTED_EDGE('',*,*,#2709,.F.);
#3531=ORIENTED_EDGE('',*,*,#2710,.F.);
#3532=ORIENTED_EDGE('',*,*,#2711,.T.);
#3533=ORIENTED_EDGE('',*,*,#2712,.F.);
#3534=ORIENTED_EDGE('',*,*,#2713,.F.);
#3535=ORIENTED_EDGE('',*,*,#2714,.F.);
#3536=ORIENTED_EDGE('',*,*,#2715,.F.);
#3537=ORIENTED_EDGE('',*,*,#2716,.T.);
#3538=ORIENTED_EDGE('',*,*,#2717,.F.);
#3539=ORIENTED_EDGE('',*,*,#2714,.T.);
#3540=ORIENTED_EDGE('',*,*,#2718,.T.);
#3541=ORIENTED_EDGE('',*,*,#2719,.T.);
#3542=ORIENTED_EDGE('',*,*,#2712,.T.);
#3543=ORIENTED_EDGE('',*,*,#2720,.T.);
#3544=ORIENTED_EDGE('',*,*,#2721,.T.);
#3545=ORIENTED_EDGE('',*,*,#2722,.F.);
#3546=ORIENTED_EDGE('',*,*,#2723,.T.);
#3547=ORIENTED_EDGE('',*,*,#2713,.T.);
#3548=ORIENTED_EDGE('',*,*,#2723,.F.);
#3549=ORIENTED_EDGE('',*,*,#2724,.T.);
#3550=ORIENTED_EDGE('',*,*,#2718,.F.);
#3551=ORIENTED_EDGE('',*,*,#2695,.F.);
#3552=ORIENTED_EDGE('',*,*,#2715,.T.);
#3553=ORIENTED_EDGE('',*,*,#2717,.T.);
#3554=ORIENTED_EDGE('',*,*,#2725,.T.);
#3555=ORIENTED_EDGE('',*,*,#2726,.T.);
#3556=ORIENTED_EDGE('',*,*,#2727,.T.);
#3557=ORIENTED_EDGE('',*,*,#2728,.T.);
#3558=ORIENTED_EDGE('',*,*,#2729,.T.);
#3559=ORIENTED_EDGE('',*,*,#2730,.T.);
#3560=ORIENTED_EDGE('',*,*,#2731,.T.);
#3561=ORIENTED_EDGE('',*,*,#2732,.T.);
#3562=ORIENTED_EDGE('',*,*,#2733,.T.);
#3563=ORIENTED_EDGE('',*,*,#2734,.F.);
#3564=ORIENTED_EDGE('',*,*,#2716,.F.);
#3565=ORIENTED_EDGE('',*,*,#2735,.F.);
#3566=ORIENTED_EDGE('',*,*,#2736,.F.);
#3567=ORIENTED_EDGE('',*,*,#2725,.F.);
#3568=ORIENTED_EDGE('',*,*,#2724,.F.);
#3569=ORIENTED_EDGE('',*,*,#2722,.T.);
#3570=ORIENTED_EDGE('',*,*,#2737,.F.);
#3571=ORIENTED_EDGE('',*,*,#2738,.F.);
#3572=ORIENTED_EDGE('',*,*,#2739,.F.);
#3573=ORIENTED_EDGE('',*,*,#2740,.T.);
#3574=ORIENTED_EDGE('',*,*,#2735,.T.);
#3575=ORIENTED_EDGE('',*,*,#2719,.F.);
#3576=ORIENTED_EDGE('',*,*,#2741,.T.);
#3577=ORIENTED_EDGE('',*,*,#2548,.F.);
#3578=ORIENTED_EDGE('',*,*,#2742,.T.);
#3579=ORIENTED_EDGE('',*,*,#2743,.F.);
#3580=ORIENTED_EDGE('',*,*,#2704,.T.);
#3581=ORIENTED_EDGE('',*,*,#2709,.T.);
#3582=ORIENTED_EDGE('',*,*,#2744,.T.);
#3583=ORIENTED_EDGE('',*,*,#2707,.T.);
#3584=ORIENTED_EDGE('',*,*,#2745,.T.);
#3585=ORIENTED_EDGE('',*,*,#2744,.F.);
#3586=ORIENTED_EDGE('',*,*,#2708,.T.);
#3587=ORIENTED_EDGE('',*,*,#2746,.T.);
#3588=ORIENTED_EDGE('',*,*,#2745,.F.);
#3589=ORIENTED_EDGE('',*,*,#2706,.F.);
#3590=ORIENTED_EDGE('',*,*,#2747,.F.);
#3591=ORIENTED_EDGE('',*,*,#2710,.T.);
#3592=ORIENTED_EDGE('',*,*,#2742,.F.);
#3593=ORIENTED_EDGE('',*,*,#2547,.F.);
#3594=ORIENTED_EDGE('',*,*,#2685,.F.);
#3595=ORIENTED_EDGE('',*,*,#2680,.F.);
#3596=ORIENTED_EDGE('',*,*,#2672,.T.);
#3597=ORIENTED_EDGE('',*,*,#2675,.T.);
#3598=ORIENTED_EDGE('',*,*,#2678,.T.);
#3599=ORIENTED_EDGE('',*,*,#2748,.T.);
#3600=ORIENTED_EDGE('',*,*,#2749,.F.);
#3601=ORIENTED_EDGE('',*,*,#2721,.F.);
#3602=ORIENTED_EDGE('',*,*,#2750,.F.);
#3603=ORIENTED_EDGE('',*,*,#2751,.F.);
#3604=ORIENTED_EDGE('',*,*,#2737,.T.);
#3605=ORIENTED_EDGE('',*,*,#2746,.F.);
#3606=ORIENTED_EDGE('',*,*,#2752,.T.);
#3607=ORIENTED_EDGE('',*,*,#2753,.F.);
#3608=ORIENTED_EDGE('',*,*,#2752,.F.);
#3609=ORIENTED_EDGE('',*,*,#2754,.T.);
#3610=ORIENTED_EDGE('',*,*,#2755,.F.);
#3611=ORIENTED_EDGE('',*,*,#2756,.T.);
#3612=ORIENTED_EDGE('',*,*,#2757,.T.);
#3613=ORIENTED_EDGE('',*,*,#2758,.T.);
#3614=ORIENTED_EDGE('',*,*,#2759,.T.);
#3615=ORIENTED_EDGE('',*,*,#2760,.T.);
#3616=ORIENTED_EDGE('',*,*,#2761,.T.);
#3617=ORIENTED_EDGE('',*,*,#2762,.T.);
#3618=ORIENTED_EDGE('',*,*,#2763,.T.);
#3619=ORIENTED_EDGE('',*,*,#2761,.F.);
#3620=ORIENTED_EDGE('',*,*,#2764,.T.);
#3621=ORIENTED_EDGE('',*,*,#2757,.F.);
#3622=ORIENTED_EDGE('',*,*,#2765,.T.);
#3623=ORIENTED_EDGE('',*,*,#2765,.F.);
#3624=ORIENTED_EDGE('',*,*,#2756,.F.);
#3625=ORIENTED_EDGE('',*,*,#2766,.F.);
#3626=ORIENTED_EDGE('',*,*,#2767,.F.);
#3627=ORIENTED_EDGE('',*,*,#2540,.F.);
#3628=ORIENTED_EDGE('',*,*,#2768,.T.);
#3629=ORIENTED_EDGE('',*,*,#2769,.F.);
#3630=ORIENTED_EDGE('',*,*,#2770,.T.);
#3631=ORIENTED_EDGE('',*,*,#2771,.F.);
#3632=ORIENTED_EDGE('',*,*,#2754,.F.);
#3633=ORIENTED_EDGE('',*,*,#2764,.F.);
#3634=ORIENTED_EDGE('',*,*,#2760,.F.);
#3635=ORIENTED_EDGE('',*,*,#2772,.F.);
#3636=ORIENTED_EDGE('',*,*,#2773,.T.);
#3637=ORIENTED_EDGE('',*,*,#2774,.F.);
#3638=ORIENTED_EDGE('',*,*,#2775,.T.);
#3639=ORIENTED_EDGE('',*,*,#2776,.T.);
#3640=ORIENTED_EDGE('',*,*,#2777,.T.);
#3641=ORIENTED_EDGE('',*,*,#2778,.T.);
#3642=ORIENTED_EDGE('',*,*,#2779,.T.);
#3643=ORIENTED_EDGE('',*,*,#2780,.T.);
#3644=ORIENTED_EDGE('',*,*,#2781,.T.);
#3645=ORIENTED_EDGE('',*,*,#2782,.T.);
#3646=ORIENTED_EDGE('',*,*,#2780,.F.);
#3647=ORIENTED_EDGE('',*,*,#2783,.T.);
#3648=ORIENTED_EDGE('',*,*,#2776,.F.);
#3649=ORIENTED_EDGE('',*,*,#2784,.T.);
#3650=ORIENTED_EDGE('',*,*,#2784,.F.);
#3651=ORIENTED_EDGE('',*,*,#2775,.F.);
#3652=ORIENTED_EDGE('',*,*,#2785,.F.);
#3653=ORIENTED_EDGE('',*,*,#2786,.F.);
#3654=ORIENTED_EDGE('',*,*,#2787,.F.);
#3655=ORIENTED_EDGE('',*,*,#2788,.T.);
#3656=ORIENTED_EDGE('',*,*,#2789,.F.);
#3657=ORIENTED_EDGE('',*,*,#2773,.F.);
#3658=ORIENTED_EDGE('',*,*,#2783,.F.);
#3659=ORIENTED_EDGE('',*,*,#2779,.F.);
#3660=ORIENTED_EDGE('',*,*,#2790,.F.);
#3661=ORIENTED_EDGE('',*,*,#2781,.F.);
#3662=ORIENTED_EDGE('',*,*,#2789,.T.);
#3663=ORIENTED_EDGE('',*,*,#2791,.T.);
#3664=ORIENTED_EDGE('',*,*,#2679,.F.);
#3665=ORIENTED_EDGE('',*,*,#2684,.F.);
#3666=ORIENTED_EDGE('',*,*,#2792,.T.);
#3667=ORIENTED_EDGE('',*,*,#2786,.T.);
#3668=ORIENTED_EDGE('',*,*,#2793,.F.);
#3669=ORIENTED_EDGE('',*,*,#2748,.F.);
#3670=ORIENTED_EDGE('',*,*,#2794,.T.);
#3671=ORIENTED_EDGE('',*,*,#2543,.F.);
#3672=ORIENTED_EDGE('',*,*,#2795,.T.);
#3673=ORIENTED_EDGE('',*,*,#2796,.F.);
#3674=ORIENTED_EDGE('',*,*,#2763,.F.);
#3675=ORIENTED_EDGE('',*,*,#2797,.F.);
#3676=ORIENTED_EDGE('',*,*,#2770,.F.);
#3677=ORIENTED_EDGE('',*,*,#2798,.F.);
#3678=ORIENTED_EDGE('',*,*,#2649,.F.);
#3679=ORIENTED_EDGE('',*,*,#2799,.F.);
#3680=ORIENTED_EDGE('',*,*,#2758,.F.);
#3681=ORIENTED_EDGE('',*,*,#2762,.F.);
#3682=ORIENTED_EDGE('',*,*,#2771,.T.);
#3683=ORIENTED_EDGE('',*,*,#2797,.T.);
#3684=ORIENTED_EDGE('',*,*,#2767,.T.);
#3685=ORIENTED_EDGE('',*,*,#2800,.F.);
#3686=ORIENTED_EDGE('',*,*,#2801,.F.);
#3687=ORIENTED_EDGE('',*,*,#2541,.F.);
#3688=ORIENTED_EDGE('',*,*,#2798,.T.);
#3689=ORIENTED_EDGE('',*,*,#2769,.T.);
#3690=ORIENTED_EDGE('',*,*,#2802,.T.);
#3691=ORIENTED_EDGE('',*,*,#2644,.T.);
#3692=ORIENTED_EDGE('',*,*,#2630,.F.);
#3693=ORIENTED_EDGE('',*,*,#2646,.F.);
#3694=ORIENTED_EDGE('',*,*,#2803,.T.);
#3695=ORIENTED_EDGE('',*,*,#2804,.T.);
#3696=ORIENTED_EDGE('',*,*,#2805,.T.);
#3697=ORIENTED_EDGE('',*,*,#2806,.T.);
#3698=ORIENTED_EDGE('',*,*,#2807,.T.);
#3699=ORIENTED_EDGE('',*,*,#2805,.F.);
#3700=ORIENTED_EDGE('',*,*,#2808,.T.);
#3701=ORIENTED_EDGE('',*,*,#2809,.T.);
#3702=ORIENTED_EDGE('',*,*,#2810,.T.);
#3703=ORIENTED_EDGE('',*,*,#2811,.T.);
#3704=ORIENTED_EDGE('',*,*,#2588,.F.);
#3705=ORIENTED_EDGE('',*,*,#2812,.F.);
#3706=ORIENTED_EDGE('',*,*,#2813,.F.);
#3707=ORIENTED_EDGE('',*,*,#2814,.F.);
#3708=ORIENTED_EDGE('',*,*,#2815,.F.);
#3709=ORIENTED_EDGE('',*,*,#2808,.F.);
#3710=ORIENTED_EDGE('',*,*,#2804,.F.);
#3711=ORIENTED_EDGE('',*,*,#2816,.F.);
#3712=ORIENTED_EDGE('',*,*,#2817,.F.);
#3713=ORIENTED_EDGE('',*,*,#2665,.T.);
#3714=ORIENTED_EDGE('',*,*,#2818,.F.);
#3715=ORIENTED_EDGE('',*,*,#2619,.T.);
#3716=ORIENTED_EDGE('',*,*,#2819,.T.);
#3717=ORIENTED_EDGE('',*,*,#2617,.T.);
#3718=ORIENTED_EDGE('',*,*,#2820,.T.);
#3719=ORIENTED_EDGE('',*,*,#2819,.F.);
#3720=ORIENTED_EDGE('',*,*,#2618,.T.);
#3721=ORIENTED_EDGE('',*,*,#2821,.T.);
#3722=ORIENTED_EDGE('',*,*,#2572,.F.);
#3723=ORIENTED_EDGE('',*,*,#2822,.T.);
#3724=ORIENTED_EDGE('',*,*,#2823,.T.);
#3725=ORIENTED_EDGE('',*,*,#2812,.T.);
#3726=ORIENTED_EDGE('',*,*,#2824,.T.);
#3727=ORIENTED_EDGE('',*,*,#2825,.T.);
#3728=ORIENTED_EDGE('',*,*,#2826,.T.);
#3729=ORIENTED_EDGE('',*,*,#2827,.T.);
#3730=ORIENTED_EDGE('',*,*,#2828,.T.);
#3731=ORIENTED_EDGE('',*,*,#2829,.T.);
#3732=ORIENTED_EDGE('',*,*,#2826,.F.);
#3733=ORIENTED_EDGE('',*,*,#2830,.T.);
#3734=ORIENTED_EDGE('',*,*,#2809,.F.);
#3735=ORIENTED_EDGE('',*,*,#2815,.T.);
#3736=ORIENTED_EDGE('',*,*,#2831,.T.);
#3737=ORIENTED_EDGE('',*,*,#2832,.T.);
#3738=ORIENTED_EDGE('',*,*,#2828,.F.);
#3739=ORIENTED_EDGE('',*,*,#2833,.T.);
#3740=ORIENTED_EDGE('',*,*,#2834,.T.);
#3741=ORIENTED_EDGE('',*,*,#2831,.F.);
#3742=ORIENTED_EDGE('',*,*,#2814,.T.);
#3743=ORIENTED_EDGE('',*,*,#2835,.T.);
#3744=ORIENTED_EDGE('',*,*,#2836,.T.);
#3745=ORIENTED_EDGE('',*,*,#2837,.T.);
#3746=ORIENTED_EDGE('',*,*,#2835,.F.);
#3747=ORIENTED_EDGE('',*,*,#2813,.T.);
#3748=ORIENTED_EDGE('',*,*,#2823,.F.);
#3749=ORIENTED_EDGE('',*,*,#2838,.F.);
#3750=ORIENTED_EDGE('',*,*,#2806,.F.);
#3751=ORIENTED_EDGE('',*,*,#2810,.F.);
#3752=ORIENTED_EDGE('',*,*,#2833,.F.);
#3753=ORIENTED_EDGE('',*,*,#2830,.F.);
#3754=ORIENTED_EDGE('',*,*,#2825,.F.);
#3755=ORIENTED_EDGE('',*,*,#2839,.T.);
#3756=ORIENTED_EDGE('',*,*,#2821,.F.);
#3757=ORIENTED_EDGE('',*,*,#2840,.T.);
#3758=ORIENTED_EDGE('',*,*,#2841,.F.);
#3759=ORIENTED_EDGE('',*,*,#2840,.F.);
#3760=ORIENTED_EDGE('',*,*,#2820,.F.);
#3761=ORIENTED_EDGE('',*,*,#2616,.F.);
#3762=ORIENTED_EDGE('',*,*,#2842,.F.);
#3763=ORIENTED_EDGE('',*,*,#2620,.T.);
#3764=ORIENTED_EDGE('',*,*,#2841,.T.);
#3765=ORIENTED_EDGE('',*,*,#2807,.F.);
#3766=ORIENTED_EDGE('',*,*,#2839,.F.);
#3767=ORIENTED_EDGE('',*,*,#2824,.F.);
#3768=ORIENTED_EDGE('',*,*,#2843,.F.);
#3769=ORIENTED_EDGE('',*,*,#2844,.T.);
#3770=ORIENTED_EDGE('',*,*,#2845,.F.);
#3771=ORIENTED_EDGE('',*,*,#2846,.F.);
#3772=ORIENTED_EDGE('',*,*,#2816,.T.);
#3773=ORIENTED_EDGE('',*,*,#2811,.F.);
#3774=ORIENTED_EDGE('',*,*,#2847,.T.);
#3775=ORIENTED_EDGE('',*,*,#2848,.F.);
#3776=ORIENTED_EDGE('',*,*,#2847,.F.);
#3777=ORIENTED_EDGE('',*,*,#2832,.F.);
#3778=ORIENTED_EDGE('',*,*,#2849,.T.);
#3779=ORIENTED_EDGE('',*,*,#2850,.F.);
#3780=ORIENTED_EDGE('',*,*,#2851,.T.);
#3781=ORIENTED_EDGE('',*,*,#2852,.T.);
#3782=ORIENTED_EDGE('',*,*,#2834,.F.);
#3783=ORIENTED_EDGE('',*,*,#2853,.T.);
#3784=ORIENTED_EDGE('',*,*,#2854,.T.);
#3785=ORIENTED_EDGE('',*,*,#2849,.F.);
#3786=ORIENTED_EDGE('',*,*,#2817,.T.);
#3787=ORIENTED_EDGE('',*,*,#2855,.F.);
#3788=ORIENTED_EDGE('',*,*,#2856,.F.);
#3789=ORIENTED_EDGE('',*,*,#2666,.T.);
#3790=ORIENTED_EDGE('',*,*,#2837,.F.);
#3791=ORIENTED_EDGE('',*,*,#2857,.F.);
#3792=ORIENTED_EDGE('',*,*,#2858,.F.);
#3793=ORIENTED_EDGE('',*,*,#2859,.F.);
#3794=ORIENTED_EDGE('',*,*,#2860,.F.);
#3795=ORIENTED_EDGE('',*,*,#2853,.F.);
#3796=ORIENTED_EDGE('',*,*,#2836,.F.);
#3797=ORIENTED_EDGE('',*,*,#2577,.F.);
#3798=ORIENTED_EDGE('',*,*,#2861,.F.);
#3799=ORIENTED_EDGE('',*,*,#2862,.T.);
#3800=ORIENTED_EDGE('',*,*,#2857,.T.);
#3801=ORIENTED_EDGE('',*,*,#2838,.T.);
#3802=ORIENTED_EDGE('',*,*,#2822,.F.);
#3803=ORIENTED_EDGE('',*,*,#2848,.T.);
#3804=ORIENTED_EDGE('',*,*,#2669,.T.);
#3805=ORIENTED_EDGE('',*,*,#2863,.T.);
#3806=ORIENTED_EDGE('',*,*,#2864,.F.);
#3807=ORIENTED_EDGE('',*,*,#2659,.F.);
#3808=ORIENTED_EDGE('',*,*,#2634,.F.);
#3809=ORIENTED_EDGE('',*,*,#2865,.T.);
#3810=ORIENTED_EDGE('',*,*,#2610,.F.);
#3811=ORIENTED_EDGE('',*,*,#2637,.F.);
#3812=ORIENTED_EDGE('',*,*,#2639,.F.);
#3813=ORIENTED_EDGE('',*,*,#2643,.F.);
#3814=ORIENTED_EDGE('',*,*,#2667,.T.);
#3815=ORIENTED_EDGE('',*,*,#2856,.T.);
#3816=ORIENTED_EDGE('',*,*,#2866,.F.);
#3817=ORIENTED_EDGE('',*,*,#2867,.F.);
#3818=ORIENTED_EDGE('',*,*,#2868,.T.);
#3819=ORIENTED_EDGE('',*,*,#2869,.T.);
#3820=ORIENTED_EDGE('',*,*,#2870,.T.);
#3821=ORIENTED_EDGE('',*,*,#2871,.T.);
#3822=ORIENTED_EDGE('',*,*,#2872,.T.);
#3823=ORIENTED_EDGE('',*,*,#2850,.T.);
#3824=ORIENTED_EDGE('',*,*,#2873,.T.);
#3825=ORIENTED_EDGE('',*,*,#2874,.T.);
#3826=ORIENTED_EDGE('',*,*,#2875,.T.);
#3827=ORIENTED_EDGE('',*,*,#2829,.F.);
#3828=ORIENTED_EDGE('',*,*,#2852,.F.);
#3829=ORIENTED_EDGE('',*,*,#2876,.T.);
#3830=ORIENTED_EDGE('',*,*,#2877,.T.);
#3831=ORIENTED_EDGE('',*,*,#2878,.T.);
#3832=ORIENTED_EDGE('',*,*,#2874,.F.);
#3833=ORIENTED_EDGE('',*,*,#2879,.T.);
#3834=ORIENTED_EDGE('',*,*,#2871,.F.);
#3835=ORIENTED_EDGE('',*,*,#2827,.F.);
#3836=ORIENTED_EDGE('',*,*,#2877,.F.);
#3837=ORIENTED_EDGE('',*,*,#2843,.T.);
#3838=ORIENTED_EDGE('',*,*,#2851,.F.);
#3839=ORIENTED_EDGE('',*,*,#2872,.F.);
#3840=ORIENTED_EDGE('',*,*,#2880,.F.);
#3841=ORIENTED_EDGE('',*,*,#2881,.F.);
#3842=ORIENTED_EDGE('',*,*,#2882,.F.);
#3843=ORIENTED_EDGE('',*,*,#2883,.F.);
#3844=ORIENTED_EDGE('',*,*,#2884,.F.);
#3845=ORIENTED_EDGE('',*,*,#2885,.F.);
#3846=ORIENTED_EDGE('',*,*,#2875,.F.);
#3847=ORIENTED_EDGE('',*,*,#2878,.F.);
#3848=ORIENTED_EDGE('',*,*,#2870,.F.);
#3849=ORIENTED_EDGE('',*,*,#2886,.F.);
#3850=ORIENTED_EDGE('',*,*,#2887,.F.);
#3851=ORIENTED_EDGE('',*,*,#2888,.F.);
#3852=ORIENTED_EDGE('',*,*,#2889,.T.);
#3853=ORIENTED_EDGE('',*,*,#2880,.T.);
#3854=ORIENTED_EDGE('',*,*,#2868,.F.);
#3855=ORIENTED_EDGE('',*,*,#2890,.F.);
#3856=ORIENTED_EDGE('',*,*,#2891,.T.);
#3857=ORIENTED_EDGE('',*,*,#2892,.T.);
#3858=ORIENTED_EDGE('',*,*,#2879,.F.);
#3859=ORIENTED_EDGE('',*,*,#2873,.F.);
#3860=ORIENTED_EDGE('',*,*,#2854,.F.);
#3861=ORIENTED_EDGE('',*,*,#2860,.T.);
#3862=ORIENTED_EDGE('',*,*,#2893,.T.);
#3863=ORIENTED_EDGE('',*,*,#2894,.T.);
#3864=ORIENTED_EDGE('',*,*,#2895,.T.);
#3865=ORIENTED_EDGE('',*,*,#2890,.T.);
#3866=ORIENTED_EDGE('',*,*,#2876,.F.);
#3867=ORIENTED_EDGE('',*,*,#2885,.T.);
#3868=ORIENTED_EDGE('',*,*,#2896,.T.);
#3869=ORIENTED_EDGE('',*,*,#2844,.F.);
#3870=ORIENTED_EDGE('',*,*,#2508,.T.);
#3871=ORIENTED_EDGE('',*,*,#2897,.T.);
#3872=ORIENTED_EDGE('',*,*,#2898,.T.);
#3873=ORIENTED_EDGE('',*,*,#2899,.T.);
#3874=ORIENTED_EDGE('',*,*,#2900,.T.);
#3875=ORIENTED_EDGE('',*,*,#2898,.F.);
#3876=ORIENTED_EDGE('',*,*,#2901,.T.);
#3877=ORIENTED_EDGE('',*,*,#2902,.F.);
#3878=ORIENTED_EDGE('',*,*,#2903,.T.);
#3879=ORIENTED_EDGE('',*,*,#2904,.T.);
#3880=ORIENTED_EDGE('',*,*,#2905,.T.);
#3881=ORIENTED_EDGE('',*,*,#2897,.F.);
#3882=ORIENTED_EDGE('',*,*,#2507,.F.);
#3883=ORIENTED_EDGE('',*,*,#2906,.F.);
#3884=ORIENTED_EDGE('',*,*,#2901,.F.);
#3885=ORIENTED_EDGE('',*,*,#2726,.F.);
#3886=ORIENTED_EDGE('',*,*,#2736,.T.);
#3887=ORIENTED_EDGE('',*,*,#2740,.F.);
#3888=ORIENTED_EDGE('',*,*,#2907,.T.);
#3889=ORIENTED_EDGE('',*,*,#2907,.F.);
#3890=ORIENTED_EDGE('',*,*,#2739,.T.);
#3891=ORIENTED_EDGE('',*,*,#2908,.T.);
#3892=ORIENTED_EDGE('',*,*,#2909,.F.);
#3893=ORIENTED_EDGE('',*,*,#2910,.T.);
#3894=ORIENTED_EDGE('',*,*,#2727,.F.);
#3895=ORIENTED_EDGE('',*,*,#2904,.F.);
#3896=ORIENTED_EDGE('',*,*,#2911,.T.);
#3897=ORIENTED_EDGE('',*,*,#2504,.T.);
#3898=ORIENTED_EDGE('',*,*,#2912,.T.);
#3899=ORIENTED_EDGE('',*,*,#2913,.F.);
#3900=ORIENTED_EDGE('',*,*,#2911,.F.);
#3901=ORIENTED_EDGE('',*,*,#2903,.F.);
#3902=ORIENTED_EDGE('',*,*,#2914,.T.);
#3903=ORIENTED_EDGE('',*,*,#2505,.F.);
#3904=ORIENTED_EDGE('',*,*,#2915,.T.);
#3905=ORIENTED_EDGE('',*,*,#2916,.T.);
#3906=ORIENTED_EDGE('',*,*,#2502,.T.);
#3907=ORIENTED_EDGE('',*,*,#2917,.T.);
#3908=ORIENTED_EDGE('',*,*,#2918,.T.);
#3909=ORIENTED_EDGE('',*,*,#2912,.F.);
#3910=ORIENTED_EDGE('',*,*,#2503,.F.);
#3911=ORIENTED_EDGE('',*,*,#2916,.F.);
#3912=ORIENTED_EDGE('',*,*,#2919,.T.);
#3913=ORIENTED_EDGE('',*,*,#2920,.T.);
#3914=ORIENTED_EDGE('',*,*,#2921,.T.);
#3915=ORIENTED_EDGE('',*,*,#2918,.F.);
#3916=ORIENTED_EDGE('',*,*,#2922,.T.);
#3917=ORIENTED_EDGE('',*,*,#2923,.F.);
#3918=ORIENTED_EDGE('',*,*,#2899,.F.);
#3919=ORIENTED_EDGE('',*,*,#2905,.F.);
#3920=ORIENTED_EDGE('',*,*,#2913,.T.);
#3921=ORIENTED_EDGE('',*,*,#2919,.F.);
#3922=ORIENTED_EDGE('',*,*,#2915,.F.);
#3923=ORIENTED_EDGE('',*,*,#2921,.F.);
#3924=ORIENTED_EDGE('',*,*,#2924,.T.);
#3925=ORIENTED_EDGE('',*,*,#2925,.T.);
#3926=ORIENTED_EDGE('',*,*,#2926,.T.);
#3927=ORIENTED_EDGE('',*,*,#2728,.F.);
#3928=ORIENTED_EDGE('',*,*,#2910,.F.);
#3929=ORIENTED_EDGE('',*,*,#2845,.T.);
#3930=ORIENTED_EDGE('',*,*,#2896,.F.);
#3931=ORIENTED_EDGE('',*,*,#2884,.T.);
#3932=ORIENTED_EDGE('',*,*,#2927,.F.);
#3933=ORIENTED_EDGE('',*,*,#2928,.F.);
#3934=ORIENTED_EDGE('',*,*,#2906,.T.);
#3935=ORIENTED_EDGE('',*,*,#2506,.F.);
#3936=ORIENTED_EDGE('',*,*,#2914,.F.);
#3937=ORIENTED_EDGE('',*,*,#2929,.F.);
#3938=ORIENTED_EDGE('',*,*,#2930,.T.);
#3939=ORIENTED_EDGE('',*,*,#2931,.T.);
#3940=ORIENTED_EDGE('',*,*,#2932,.T.);
#3941=ORIENTED_EDGE('',*,*,#2512,.T.);
#3942=ORIENTED_EDGE('',*,*,#2933,.T.);
#3943=ORIENTED_EDGE('',*,*,#2934,.F.);
#3944=ORIENTED_EDGE('',*,*,#2935,.T.);
#3945=ORIENTED_EDGE('',*,*,#2936,.F.);
#3946=ORIENTED_EDGE('',*,*,#2936,.T.);
#3947=ORIENTED_EDGE('',*,*,#2937,.F.);
#3948=ORIENTED_EDGE('',*,*,#2938,.F.);
#3949=ORIENTED_EDGE('',*,*,#2730,.F.);
#3950=ORIENTED_EDGE('',*,*,#2939,.T.);
#3951=ORIENTED_EDGE('',*,*,#2935,.F.);
#3952=ORIENTED_EDGE('',*,*,#2940,.F.);
#3953=ORIENTED_EDGE('',*,*,#2941,.F.);
#3954=ORIENTED_EDGE('',*,*,#2937,.T.);
#3955=ORIENTED_EDGE('',*,*,#2942,.T.);
#3956=ORIENTED_EDGE('',*,*,#2943,.T.);
#3957=ORIENTED_EDGE('',*,*,#2927,.T.);
#3958=ORIENTED_EDGE('',*,*,#2883,.T.);
#3959=ORIENTED_EDGE('',*,*,#2900,.F.);
#3960=ORIENTED_EDGE('',*,*,#2928,.T.);
#3961=ORIENTED_EDGE('',*,*,#2943,.F.);
#3962=ORIENTED_EDGE('',*,*,#2944,.F.);
#3963=ORIENTED_EDGE('',*,*,#2509,.F.);
#3964=ORIENTED_EDGE('',*,*,#2945,.F.);
#3965=ORIENTED_EDGE('',*,*,#2510,.T.);
#3966=ORIENTED_EDGE('',*,*,#2944,.T.);
#3967=ORIENTED_EDGE('',*,*,#2942,.F.);
#3968=ORIENTED_EDGE('',*,*,#2882,.T.);
#3969=ORIENTED_EDGE('',*,*,#2946,.F.);
#3970=ORIENTED_EDGE('',*,*,#2511,.F.);
#3971=ORIENTED_EDGE('',*,*,#2945,.T.);
#3972=ORIENTED_EDGE('',*,*,#2947,.T.);
#3973=ORIENTED_EDGE('',*,*,#2933,.F.);
#3974=ORIENTED_EDGE('',*,*,#2917,.F.);
#3975=ORIENTED_EDGE('',*,*,#2501,.F.);
#3976=ORIENTED_EDGE('',*,*,#2524,.F.);
#3977=ORIENTED_EDGE('',*,*,#2922,.F.);
#3978=ORIENTED_EDGE('',*,*,#2522,.T.);
#3979=ORIENTED_EDGE('',*,*,#2513,.F.);
#3980=ORIENTED_EDGE('',*,*,#2932,.F.);
#3981=ORIENTED_EDGE('',*,*,#2948,.F.);
#3982=ORIENTED_EDGE('',*,*,#2924,.F.);
#3983=ORIENTED_EDGE('',*,*,#2920,.F.);
#3984=ORIENTED_EDGE('',*,*,#2925,.F.);
#3985=ORIENTED_EDGE('',*,*,#2948,.T.);
#3986=ORIENTED_EDGE('',*,*,#2931,.F.);
#3987=ORIENTED_EDGE('',*,*,#2949,.F.);
#3988=ORIENTED_EDGE('',*,*,#2926,.F.);
#3989=ORIENTED_EDGE('',*,*,#2949,.T.);
#3990=ORIENTED_EDGE('',*,*,#2930,.F.);
#3991=ORIENTED_EDGE('',*,*,#2939,.F.);
#3992=ORIENTED_EDGE('',*,*,#2729,.F.);
#3993=ORIENTED_EDGE('',*,*,#2753,.T.);
#3994=ORIENTED_EDGE('',*,*,#2895,.F.);
#3995=ORIENTED_EDGE('',*,*,#2950,.T.);
#3996=ORIENTED_EDGE('',*,*,#2951,.T.);
#3997=ORIENTED_EDGE('',*,*,#2952,.T.);
#3998=ORIENTED_EDGE('',*,*,#2953,.T.);
#3999=ORIENTED_EDGE('',*,*,#2891,.F.);
#4000=ORIENTED_EDGE('',*,*,#2894,.F.);
#4001=ORIENTED_EDGE('',*,*,#2954,.F.);
#4002=ORIENTED_EDGE('',*,*,#2950,.F.);
#4003=ORIENTED_EDGE('',*,*,#2893,.F.);
#4004=ORIENTED_EDGE('',*,*,#2859,.T.);
#4005=ORIENTED_EDGE('',*,*,#2955,.T.);
#4006=ORIENTED_EDGE('',*,*,#2954,.T.);
#4007=ORIENTED_EDGE('',*,*,#2956,.T.);
#4008=ORIENTED_EDGE('',*,*,#2957,.T.);
#4009=ORIENTED_EDGE('',*,*,#2731,.F.);
#4010=ORIENTED_EDGE('',*,*,#2938,.T.);
#4011=ORIENTED_EDGE('',*,*,#2958,.T.);
#4012=ORIENTED_EDGE('',*,*,#2941,.T.);
#4013=ORIENTED_EDGE('',*,*,#2959,.T.);
#4014=ORIENTED_EDGE('',*,*,#2960,.T.);
#4015=ORIENTED_EDGE('',*,*,#2958,.F.);
#4016=ORIENTED_EDGE('',*,*,#2956,.F.);
#4017=ORIENTED_EDGE('',*,*,#2960,.F.);
#4018=ORIENTED_EDGE('',*,*,#2961,.T.);
#4019=ORIENTED_EDGE('',*,*,#2889,.F.);
#4020=ORIENTED_EDGE('',*,*,#2962,.T.);
#4021=ORIENTED_EDGE('',*,*,#2963,.F.);
#4022=ORIENTED_EDGE('',*,*,#2964,.F.);
#4023=ORIENTED_EDGE('',*,*,#2964,.T.);
#4024=ORIENTED_EDGE('',*,*,#2965,.T.);
#4025=ORIENTED_EDGE('',*,*,#2966,.F.);
#4026=ORIENTED_EDGE('',*,*,#2965,.F.);
#4027=ORIENTED_EDGE('',*,*,#2967,.T.);
#4028=ORIENTED_EDGE('',*,*,#2968,.T.);
#4029=ORIENTED_EDGE('',*,*,#2969,.T.);
#4030=ORIENTED_EDGE('',*,*,#2967,.F.);
#4031=ORIENTED_EDGE('',*,*,#2970,.T.);
#4032=ORIENTED_EDGE('',*,*,#2970,.F.);
#4033=ORIENTED_EDGE('',*,*,#2971,.T.);
#4034=ORIENTED_EDGE('',*,*,#2968,.F.);
#4035=ORIENTED_EDGE('',*,*,#2969,.F.);
#4036=ORIENTED_EDGE('',*,*,#2972,.T.);
#4037=ORIENTED_EDGE('',*,*,#2887,.T.);
#4038=ORIENTED_EDGE('',*,*,#2886,.T.);
#4039=ORIENTED_EDGE('',*,*,#2869,.F.);
#4040=ORIENTED_EDGE('',*,*,#2892,.F.);
#4041=ORIENTED_EDGE('',*,*,#2953,.F.);
#4042=ORIENTED_EDGE('',*,*,#2973,.T.);
#4043=ORIENTED_EDGE('',*,*,#2974,.T.);
#4044=ORIENTED_EDGE('',*,*,#2975,.T.);
#4045=ORIENTED_EDGE('',*,*,#2972,.F.);
#4046=ORIENTED_EDGE('',*,*,#2973,.F.);
#4047=ORIENTED_EDGE('',*,*,#2952,.F.);
#4048=ORIENTED_EDGE('',*,*,#2976,.F.);
#4049=ORIENTED_EDGE('',*,*,#2977,.T.);
#4050=ORIENTED_EDGE('',*,*,#2978,.F.);
#4051=ORIENTED_EDGE('',*,*,#2951,.F.);
#4052=ORIENTED_EDGE('',*,*,#2955,.F.);
#4053=ORIENTED_EDGE('',*,*,#2979,.F.);
#4054=ORIENTED_EDGE('',*,*,#2976,.T.);
#4055=ORIENTED_EDGE('',*,*,#2978,.T.);
#4056=ORIENTED_EDGE('',*,*,#2858,.T.);
#4057=ORIENTED_EDGE('',*,*,#2862,.F.);
#4058=ORIENTED_EDGE('',*,*,#2980,.T.);
#4059=ORIENTED_EDGE('',*,*,#2576,.T.);
#4060=ORIENTED_EDGE('',*,*,#2981,.T.);
#4061=ORIENTED_EDGE('',*,*,#2980,.F.);
#4062=ORIENTED_EDGE('',*,*,#2861,.T.);
#4063=ORIENTED_EDGE('',*,*,#2947,.F.);
#4064=ORIENTED_EDGE('',*,*,#2946,.T.);
#4065=ORIENTED_EDGE('',*,*,#2881,.T.);
#4066=ORIENTED_EDGE('',*,*,#2961,.F.);
#4067=ORIENTED_EDGE('',*,*,#2959,.F.);
#4068=ORIENTED_EDGE('',*,*,#2940,.T.);
#4069=ORIENTED_EDGE('',*,*,#2934,.T.);
#4070=ORIENTED_EDGE('',*,*,#2966,.T.);
#4071=ORIENTED_EDGE('',*,*,#2982,.T.);
#4072=ORIENTED_EDGE('',*,*,#2971,.F.);
#4073=ORIENTED_EDGE('',*,*,#2983,.T.);
#4074=ORIENTED_EDGE('',*,*,#2982,.F.);
#4075=ORIENTED_EDGE('',*,*,#2983,.F.);
#4076=ORIENTED_EDGE('',*,*,#2962,.F.);
#4077=ORIENTED_EDGE('',*,*,#2888,.T.);
#4078=ORIENTED_EDGE('',*,*,#2975,.F.);
#4079=ORIENTED_EDGE('',*,*,#2984,.F.);
#4080=ORIENTED_EDGE('',*,*,#2985,.T.);
#4081=ORIENTED_EDGE('',*,*,#2732,.F.);
#4082=ORIENTED_EDGE('',*,*,#2957,.F.);
#4083=ORIENTED_EDGE('',*,*,#2963,.T.);
#4084=ORIENTED_EDGE('',*,*,#2984,.T.);
#4085=ORIENTED_EDGE('',*,*,#2974,.F.);
#4086=ORIENTED_EDGE('',*,*,#2977,.F.);
#4087=ORIENTED_EDGE('',*,*,#2979,.T.);
#4088=ORIENTED_EDGE('',*,*,#2981,.F.);
#4089=ORIENTED_EDGE('',*,*,#2575,.T.);
#4090=ORIENTED_EDGE('',*,*,#2467,.F.);
#4091=ORIENTED_EDGE('',*,*,#2986,.T.);
#4092=ORIENTED_EDGE('',*,*,#2987,.F.);
#4093=ORIENTED_EDGE('',*,*,#2988,.F.);
#4094=ORIENTED_EDGE('',*,*,#2479,.F.);
#4095=ORIENTED_EDGE('',*,*,#2988,.T.);
#4096=ORIENTED_EDGE('',*,*,#2989,.F.);
#4097=ORIENTED_EDGE('',*,*,#2990,.F.);
#4098=ORIENTED_EDGE('',*,*,#2473,.F.);
#4099=ORIENTED_EDGE('',*,*,#2991,.T.);
#4100=ORIENTED_EDGE('',*,*,#2992,.F.);
#4101=ORIENTED_EDGE('',*,*,#2993,.F.);
#4102=ORIENTED_EDGE('',*,*,#2470,.F.);
#4103=ORIENTED_EDGE('',*,*,#2993,.T.);
#4104=ORIENTED_EDGE('',*,*,#2994,.F.);
#4105=ORIENTED_EDGE('',*,*,#2995,.F.);
#4106=ORIENTED_EDGE('',*,*,#2476,.F.);
#4107=ORIENTED_EDGE('',*,*,#2995,.T.);
#4108=ORIENTED_EDGE('',*,*,#2996,.F.);
#4109=ORIENTED_EDGE('',*,*,#2986,.F.);
#4110=ORIENTED_EDGE('',*,*,#2996,.T.);
#4111=ORIENTED_EDGE('',*,*,#2994,.T.);
#4112=ORIENTED_EDGE('',*,*,#2992,.T.);
#4113=ORIENTED_EDGE('',*,*,#2997,.T.);
#4114=ORIENTED_EDGE('',*,*,#2998,.T.);
#4115=ORIENTED_EDGE('',*,*,#2999,.T.);
#4116=ORIENTED_EDGE('',*,*,#2989,.T.);
#4117=ORIENTED_EDGE('',*,*,#2987,.T.);
#4118=ORIENTED_EDGE('',*,*,#3000,.T.);
#4119=ORIENTED_EDGE('',*,*,#3001,.F.);
#4120=ORIENTED_EDGE('',*,*,#3002,.T.);
#4121=ORIENTED_EDGE('',*,*,#2697,.F.);
#4122=ORIENTED_EDGE('',*,*,#2701,.F.);
#4123=ORIENTED_EDGE('',*,*,#2702,.F.);
#4124=ORIENTED_EDGE('',*,*,#2698,.F.);
#4125=ORIENTED_EDGE('',*,*,#3002,.F.);
#4126=ORIENTED_EDGE('',*,*,#3001,.T.);
#4127=ORIENTED_EDGE('',*,*,#3003,.T.);
#4128=ORIENTED_EDGE('',*,*,#2535,.F.);
#4129=ORIENTED_EDGE('',*,*,#3004,.T.);
#4130=ORIENTED_EDGE('',*,*,#3005,.F.);
#4131=ORIENTED_EDGE('',*,*,#3006,.F.);
#4132=ORIENTED_EDGE('',*,*,#2529,.F.);
#4133=ORIENTED_EDGE('',*,*,#2566,.F.);
#4134=ORIENTED_EDGE('',*,*,#2569,.T.);
#4135=ORIENTED_EDGE('',*,*,#3007,.F.);
#4136=ORIENTED_EDGE('',*,*,#3008,.F.);
#4137=ORIENTED_EDGE('',*,*,#2537,.F.);
#4138=ORIENTED_EDGE('',*,*,#3009,.T.);
#4139=ORIENTED_EDGE('',*,*,#3010,.F.);
#4140=ORIENTED_EDGE('',*,*,#3004,.F.);
#4141=ORIENTED_EDGE('',*,*,#3010,.T.);
#4142=ORIENTED_EDGE('',*,*,#3011,.T.);
#4143=ORIENTED_EDGE('',*,*,#3007,.T.);
#4144=ORIENTED_EDGE('',*,*,#2568,.T.);
#4145=ORIENTED_EDGE('',*,*,#3012,.T.);
#4146=ORIENTED_EDGE('',*,*,#3013,.T.);
#4147=ORIENTED_EDGE('',*,*,#3014,.T.);
#4148=ORIENTED_EDGE('',*,*,#3005,.T.);
#4149=ORIENTED_EDGE('',*,*,#3015,.T.);
#4150=ORIENTED_EDGE('',*,*,#3016,.T.);
#4151=ORIENTED_EDGE('',*,*,#3017,.F.);
#4152=ORIENTED_EDGE('',*,*,#3018,.T.);
#4153=ORIENTED_EDGE('',*,*,#2555,.F.);
#4154=ORIENTED_EDGE('',*,*,#2562,.F.);
#4155=ORIENTED_EDGE('',*,*,#2565,.F.);
#4156=ORIENTED_EDGE('',*,*,#3008,.T.);
#4157=ORIENTED_EDGE('',*,*,#3011,.F.);
#4158=ORIENTED_EDGE('',*,*,#3009,.F.);
#4159=ORIENTED_EDGE('',*,*,#2536,.F.);
#4160=ORIENTED_EDGE('',*,*,#2533,.F.);
#4161=ORIENTED_EDGE('',*,*,#2527,.F.);
#4162=ORIENTED_EDGE('',*,*,#3019,.T.);
#4163=ORIENTED_EDGE('',*,*,#3020,.T.);
#4164=ORIENTED_EDGE('',*,*,#3021,.F.);
#4165=ORIENTED_EDGE('',*,*,#3022,.F.);
#4166=ORIENTED_EDGE('',*,*,#3023,.F.);
#4167=ORIENTED_EDGE('',*,*,#3024,.T.);
#4168=ORIENTED_EDGE('',*,*,#3000,.F.);
#4169=ORIENTED_EDGE('',*,*,#3024,.F.);
#4170=ORIENTED_EDGE('',*,*,#3025,.F.);
#4171=ORIENTED_EDGE('',*,*,#3026,.F.);
#4172=ORIENTED_EDGE('',*,*,#3020,.F.);
#4173=ORIENTED_EDGE('',*,*,#3027,.F.);
#4174=ORIENTED_EDGE('',*,*,#2605,.F.);
#4175=ORIENTED_EDGE('',*,*,#2489,.F.);
#4176=ORIENTED_EDGE('',*,*,#2480,.F.);
#4177=ORIENTED_EDGE('',*,*,#2990,.T.);
#4178=ORIENTED_EDGE('',*,*,#2999,.F.);
#4179=ORIENTED_EDGE('',*,*,#2492,.T.);
#4180=ORIENTED_EDGE('',*,*,#2612,.T.);
#4181=ORIENTED_EDGE('',*,*,#3028,.F.);
#4182=ORIENTED_EDGE('',*,*,#3022,.T.);
#4183=ORIENTED_EDGE('',*,*,#3029,.F.);
#4184=ORIENTED_EDGE('',*,*,#3030,.F.);
#4185=ORIENTED_EDGE('',*,*,#2997,.F.);
#4186=ORIENTED_EDGE('',*,*,#2991,.F.);
#4187=ORIENTED_EDGE('',*,*,#2472,.F.);
#4188=ORIENTED_EDGE('',*,*,#3030,.T.);
#4189=ORIENTED_EDGE('',*,*,#3031,.F.);
#4190=ORIENTED_EDGE('',*,*,#3025,.T.);
#4191=ORIENTED_EDGE('',*,*,#2998,.F.);
#4192=ORIENTED_EDGE('',*,*,#3031,.T.);
#4193=ORIENTED_EDGE('',*,*,#3029,.T.);
#4194=ORIENTED_EDGE('',*,*,#3021,.T.);
#4195=ORIENTED_EDGE('',*,*,#3026,.T.);
#4196=ORIENTED_EDGE('',*,*,#3023,.T.);
#4197=ORIENTED_EDGE('',*,*,#3027,.T.);
#4198=ORIENTED_EDGE('',*,*,#3032,.T.);
#4199=ORIENTED_EDGE('',*,*,#3033,.T.);
#4200=ORIENTED_EDGE('',*,*,#2593,.F.);
#4201=ORIENTED_EDGE('',*,*,#2606,.F.);
#4202=ORIENTED_EDGE('',*,*,#2602,.F.);
#4203=ORIENTED_EDGE('',*,*,#3028,.T.);
#4204=ORIENTED_EDGE('',*,*,#2611,.T.);
#4205=ORIENTED_EDGE('',*,*,#2865,.F.);
#4206=ORIENTED_EDGE('',*,*,#2633,.F.);
#4207=ORIENTED_EDGE('',*,*,#2645,.T.);
#4208=ORIENTED_EDGE('',*,*,#2802,.F.);
#4209=ORIENTED_EDGE('',*,*,#2768,.F.);
#4210=ORIENTED_EDGE('',*,*,#2539,.F.);
#4211=ORIENTED_EDGE('',*,*,#3034,.T.);
#4212=ORIENTED_EDGE('',*,*,#3035,.T.);
#4213=ORIENTED_EDGE('',*,*,#3036,.F.);
#4214=ORIENTED_EDGE('',*,*,#3037,.F.);
#4215=ORIENTED_EDGE('',*,*,#3038,.F.);
#4216=ORIENTED_EDGE('',*,*,#3039,.T.);
#4217=ORIENTED_EDGE('',*,*,#3040,.T.);
#4218=ORIENTED_EDGE('',*,*,#3041,.T.);
#4219=ORIENTED_EDGE('',*,*,#3042,.F.);
#4220=ORIENTED_EDGE('',*,*,#3043,.F.);
#4221=ORIENTED_EDGE('',*,*,#2654,.F.);
#4222=ORIENTED_EDGE('',*,*,#3044,.T.);
#4223=ORIENTED_EDGE('',*,*,#3045,.F.);
#4224=ORIENTED_EDGE('',*,*,#3041,.F.);
#4225=ORIENTED_EDGE('',*,*,#3046,.F.);
#4226=ORIENTED_EDGE('',*,*,#2652,.T.);
#4227=ORIENTED_EDGE('',*,*,#2590,.F.);
#4228=ORIENTED_EDGE('',*,*,#3033,.F.);
#4229=ORIENTED_EDGE('',*,*,#3043,.T.);
#4230=ORIENTED_EDGE('',*,*,#3047,.F.);
#4231=ORIENTED_EDGE('',*,*,#3048,.F.);
#4232=ORIENTED_EDGE('',*,*,#2653,.F.);
#4233=ORIENTED_EDGE('',*,*,#3048,.T.);
#4234=ORIENTED_EDGE('',*,*,#3049,.F.);
#4235=ORIENTED_EDGE('',*,*,#3044,.F.);
#4236=ORIENTED_EDGE('',*,*,#3049,.T.);
#4237=ORIENTED_EDGE('',*,*,#3047,.T.);
#4238=ORIENTED_EDGE('',*,*,#3042,.T.);
#4239=ORIENTED_EDGE('',*,*,#3045,.T.);
#4240=ORIENTED_EDGE('',*,*,#3046,.T.);
#4241=ORIENTED_EDGE('',*,*,#3050,.T.);
#4242=ORIENTED_EDGE('',*,*,#3051,.T.);
#4243=ORIENTED_EDGE('',*,*,#2733,.F.);
#4244=ORIENTED_EDGE('',*,*,#2985,.F.);
#4245=ORIENTED_EDGE('',*,*,#2574,.F.);
#4246=ORIENTED_EDGE('',*,*,#2655,.F.);
#4247=ORIENTED_EDGE('',*,*,#3052,.T.);
#4248=ORIENTED_EDGE('',*,*,#3053,.F.);
#4249=ORIENTED_EDGE('',*,*,#3054,.F.);
#4250=ORIENTED_EDGE('',*,*,#3055,.T.);
#4251=ORIENTED_EDGE('',*,*,#3056,.F.);
#4252=ORIENTED_EDGE('',*,*,#3057,.T.);
#4253=ORIENTED_EDGE('',*,*,#3003,.F.);
#4254=ORIENTED_EDGE('',*,*,#3057,.F.);
#4255=ORIENTED_EDGE('',*,*,#3058,.F.);
#4256=ORIENTED_EDGE('',*,*,#3059,.T.);
#4257=ORIENTED_EDGE('',*,*,#3015,.F.);
#4258=ORIENTED_EDGE('',*,*,#3059,.F.);
#4259=ORIENTED_EDGE('',*,*,#3060,.F.);
#4260=ORIENTED_EDGE('',*,*,#3061,.F.);
#4261=ORIENTED_EDGE('',*,*,#3062,.T.);
#4262=ORIENTED_EDGE('',*,*,#3013,.F.);
#4263=ORIENTED_EDGE('',*,*,#3062,.F.);
#4264=ORIENTED_EDGE('',*,*,#3063,.F.);
#4265=ORIENTED_EDGE('',*,*,#3034,.F.);
#4266=ORIENTED_EDGE('',*,*,#2538,.F.);
#4267=ORIENTED_EDGE('',*,*,#2530,.F.);
#4268=ORIENTED_EDGE('',*,*,#3006,.T.);
#4269=ORIENTED_EDGE('',*,*,#3014,.F.);
#4270=ORIENTED_EDGE('',*,*,#2551,.T.);
#4271=ORIENTED_EDGE('',*,*,#2703,.T.);
#4272=ORIENTED_EDGE('',*,*,#2700,.T.);
#4273=ORIENTED_EDGE('',*,*,#2734,.T.);
#4274=ORIENTED_EDGE('',*,*,#3051,.F.);
#4275=ORIENTED_EDGE('',*,*,#3054,.T.);
#4276=ORIENTED_EDGE('',*,*,#3064,.F.);
#4277=ORIENTED_EDGE('',*,*,#3065,.F.);
#4278=ORIENTED_EDGE('',*,*,#2552,.T.);
#4279=ORIENTED_EDGE('',*,*,#3065,.T.);
#4280=ORIENTED_EDGE('',*,*,#3066,.F.);
#4281=ORIENTED_EDGE('',*,*,#3067,.F.);
#4282=ORIENTED_EDGE('',*,*,#2553,.F.);
#4283=ORIENTED_EDGE('',*,*,#3067,.T.);
#4284=ORIENTED_EDGE('',*,*,#3068,.F.);
#4285=ORIENTED_EDGE('',*,*,#3060,.T.);
#4286=ORIENTED_EDGE('',*,*,#3012,.F.);
#4287=ORIENTED_EDGE('',*,*,#2567,.F.);
#4288=ORIENTED_EDGE('',*,*,#2560,.F.);
#4289=ORIENTED_EDGE('',*,*,#3069,.F.);
#4290=ORIENTED_EDGE('',*,*,#3035,.F.);
#4291=ORIENTED_EDGE('',*,*,#3063,.T.);
#4292=ORIENTED_EDGE('',*,*,#3061,.T.);
#4293=ORIENTED_EDGE('',*,*,#3068,.T.);
#4294=ORIENTED_EDGE('',*,*,#3066,.T.);
#4295=ORIENTED_EDGE('',*,*,#3064,.T.);
#4296=ORIENTED_EDGE('',*,*,#3053,.T.);
#4297=ORIENTED_EDGE('',*,*,#3070,.F.);
#4298=ORIENTED_EDGE('',*,*,#3058,.T.);
#4299=ORIENTED_EDGE('',*,*,#3056,.T.);
#4300=ORIENTED_EDGE('',*,*,#3071,.F.);
#4301=ORIENTED_EDGE('',*,*,#3072,.T.);
#4302=ORIENTED_EDGE('',*,*,#3073,.T.);
#4303=ORIENTED_EDGE('',*,*,#3036,.T.);
#4304=ORIENTED_EDGE('',*,*,#3069,.T.);
#4305=ORIENTED_EDGE('',*,*,#3074,.T.);
#4306=ORIENTED_EDGE('',*,*,#3075,.T.);
#4307=ORIENTED_EDGE('',*,*,#3076,.F.);
#4308=ORIENTED_EDGE('',*,*,#3077,.F.);
#4309=ORIENTED_EDGE('',*,*,#3078,.T.);
#4310=ORIENTED_EDGE('',*,*,#3079,.T.);
#4311=ORIENTED_EDGE('',*,*,#3072,.F.);
#4312=ORIENTED_EDGE('',*,*,#3070,.T.);
#4313=ORIENTED_EDGE('',*,*,#3080,.T.);
#4314=ORIENTED_EDGE('',*,*,#3081,.F.);
#4315=ORIENTED_EDGE('',*,*,#3074,.F.);
#4316=ORIENTED_EDGE('',*,*,#3082,.T.);
#4317=ORIENTED_EDGE('',*,*,#3083,.T.);
#4318=ORIENTED_EDGE('',*,*,#2668,.T.);
#4319=ORIENTED_EDGE('',*,*,#2867,.T.);
#4320=ORIENTED_EDGE('',*,*,#3084,.F.);
#4321=ORIENTED_EDGE('',*,*,#2863,.F.);
#4322=ORIENTED_EDGE('',*,*,#2578,.F.);
#4323=ORIENTED_EDGE('',*,*,#3085,.F.);
#4324=ORIENTED_EDGE('',*,*,#2663,.F.);
#4325=ORIENTED_EDGE('',*,*,#3086,.F.);
#4326=ORIENTED_EDGE('',*,*,#2584,.F.);
#4327=ORIENTED_EDGE('',*,*,#3086,.T.);
#4328=ORIENTED_EDGE('',*,*,#2662,.F.);
#4329=ORIENTED_EDGE('',*,*,#3087,.F.);
#4330=ORIENTED_EDGE('',*,*,#2591,.F.);
#4331=ORIENTED_EDGE('',*,*,#2607,.F.);
#4332=ORIENTED_EDGE('',*,*,#3087,.T.);
#4333=ORIENTED_EDGE('',*,*,#2661,.F.);
#4334=ORIENTED_EDGE('',*,*,#3088,.F.);
#4335=ORIENTED_EDGE('',*,*,#2604,.F.);
#4336=ORIENTED_EDGE('',*,*,#3088,.T.);
#4337=ORIENTED_EDGE('',*,*,#2660,.F.);
#4338=ORIENTED_EDGE('',*,*,#2625,.F.);
#4339=ORIENTED_EDGE('',*,*,#2488,.F.);
#4340=ORIENTED_EDGE('',*,*,#2585,.F.);
#4341=ORIENTED_EDGE('',*,*,#2818,.T.);
#4342=ORIENTED_EDGE('',*,*,#2664,.F.);
#4343=ORIENTED_EDGE('',*,*,#3085,.T.);
#4344=ORIENTED_EDGE('',*,*,#3089,.T.);
#4345=ORIENTED_EDGE('',*,*,#3090,.T.);
#4346=ORIENTED_EDGE('',*,*,#3089,.F.);
#4347=ORIENTED_EDGE('',*,*,#3091,.T.);
#4348=ORIENTED_EDGE('',*,*,#2671,.F.);
#4349=ORIENTED_EDGE('',*,*,#3091,.F.);
#4350=ORIENTED_EDGE('',*,*,#3090,.F.);
#4351=ORIENTED_EDGE('',*,*,#3092,.T.);
#4352=ORIENTED_EDGE('',*,*,#2670,.F.);
#4353=ORIENTED_EDGE('',*,*,#3092,.F.);
#4354=ORIENTED_EDGE('',*,*,#3093,.T.);
#4355=ORIENTED_EDGE('',*,*,#3094,.F.);
#4356=ORIENTED_EDGE('',*,*,#3095,.F.);
#4357=ORIENTED_EDGE('',*,*,#3017,.T.);
#4358=ORIENTED_EDGE('',*,*,#3096,.T.);
#4359=ORIENTED_EDGE('',*,*,#3095,.T.);
#4360=ORIENTED_EDGE('',*,*,#3097,.T.);
#4361=ORIENTED_EDGE('',*,*,#2556,.F.);
#4362=ORIENTED_EDGE('',*,*,#3018,.F.);
#4363=ORIENTED_EDGE('',*,*,#3094,.T.);
#4364=ORIENTED_EDGE('',*,*,#3098,.T.);
#4365=ORIENTED_EDGE('',*,*,#2557,.F.);
#4366=ORIENTED_EDGE('',*,*,#3097,.F.);
#4367=ORIENTED_EDGE('',*,*,#3093,.F.);
#4368=ORIENTED_EDGE('',*,*,#3016,.F.);
#4369=ORIENTED_EDGE('',*,*,#2532,.F.);
#4370=ORIENTED_EDGE('',*,*,#2558,.F.);
#4371=ORIENTED_EDGE('',*,*,#3098,.F.);
#4372=ORIENTED_EDGE('',*,*,#3099,.F.);
#4373=ORIENTED_EDGE('',*,*,#3100,.T.);
#4374=ORIENTED_EDGE('',*,*,#3101,.F.);
#4375=ORIENTED_EDGE('',*,*,#3100,.F.);
#4376=ORIENTED_EDGE('',*,*,#2782,.F.);
#4377=ORIENTED_EDGE('',*,*,#2791,.F.);
#4378=ORIENTED_EDGE('',*,*,#2788,.F.);
#4379=ORIENTED_EDGE('',*,*,#3102,.F.);
#4380=ORIENTED_EDGE('',*,*,#2692,.F.);
#4381=ORIENTED_EDGE('',*,*,#2688,.F.);
#4382=ORIENTED_EDGE('',*,*,#2544,.F.);
#4383=ORIENTED_EDGE('',*,*,#2794,.F.);
#4384=ORIENTED_EDGE('',*,*,#3103,.F.);
#4385=ORIENTED_EDGE('',*,*,#2777,.F.);
#4386=ORIENTED_EDGE('',*,*,#2787,.T.);
#4387=ORIENTED_EDGE('',*,*,#2792,.F.);
#4388=ORIENTED_EDGE('',*,*,#2683,.F.);
#4389=ORIENTED_EDGE('',*,*,#2691,.T.);
#4390=ORIENTED_EDGE('',*,*,#2693,.T.);
#4391=ORIENTED_EDGE('',*,*,#3102,.T.);
#4392=ORIENTED_EDGE('',*,*,#3099,.T.);
#4393=ORIENTED_EDGE('',*,*,#3101,.T.);
#4394=ORIENTED_EDGE('',*,*,#2803,.F.);
#4395=ORIENTED_EDGE('',*,*,#3104,.T.);
#4396=ORIENTED_EDGE('',*,*,#3105,.F.);
#4397=ORIENTED_EDGE('',*,*,#3104,.F.);
#4398=ORIENTED_EDGE('',*,*,#3105,.T.);
#4399=ORIENTED_EDGE('',*,*,#2738,.T.);
#4400=ORIENTED_EDGE('',*,*,#2751,.T.);
#4401=ORIENTED_EDGE('',*,*,#3106,.F.);
#4402=ORIENTED_EDGE('',*,*,#2908,.F.);
#4403=ORIENTED_EDGE('',*,*,#2542,.F.);
#4404=ORIENTED_EDGE('',*,*,#2801,.T.);
#4405=ORIENTED_EDGE('',*,*,#3107,.F.);
#4406=ORIENTED_EDGE('',*,*,#2795,.F.);
#4407=ORIENTED_EDGE('',*,*,#3108,.T.);
#4408=ORIENTED_EDGE('',*,*,#3109,.T.);
#4409=ORIENTED_EDGE('',*,*,#3110,.T.);
#4410=ORIENTED_EDGE('',*,*,#3111,.T.);
#4411=ORIENTED_EDGE('',*,*,#3112,.T.);
#4412=ORIENTED_EDGE('',*,*,#3113,.T.);
#4413=ORIENTED_EDGE('',*,*,#3114,.T.);
#4414=ORIENTED_EDGE('',*,*,#3115,.T.);
#4415=ORIENTED_EDGE('',*,*,#3116,.T.);
#4416=ORIENTED_EDGE('',*,*,#3117,.T.);
#4417=ORIENTED_EDGE('',*,*,#3118,.T.);
#4418=ORIENTED_EDGE('',*,*,#3119,.T.);
#4419=ORIENTED_EDGE('',*,*,#3107,.T.);
#4420=ORIENTED_EDGE('',*,*,#2800,.T.);
#4421=ORIENTED_EDGE('',*,*,#2766,.T.);
#4422=ORIENTED_EDGE('',*,*,#2755,.T.);
#4423=ORIENTED_EDGE('',*,*,#2772,.T.);
#4424=ORIENTED_EDGE('',*,*,#2759,.F.);
#4425=ORIENTED_EDGE('',*,*,#2799,.T.);
#4426=ORIENTED_EDGE('',*,*,#2648,.T.);
#4427=ORIENTED_EDGE('',*,*,#2651,.T.);
#4428=ORIENTED_EDGE('',*,*,#2656,.F.);
#4429=ORIENTED_EDGE('',*,*,#2621,.F.);
#4430=ORIENTED_EDGE('',*,*,#2842,.T.);
#4431=ORIENTED_EDGE('',*,*,#2615,.F.);
#4432=ORIENTED_EDGE('',*,*,#2657,.T.);
#4433=ORIENTED_EDGE('',*,*,#2864,.T.);
#4434=ORIENTED_EDGE('',*,*,#3084,.T.);
#4435=ORIENTED_EDGE('',*,*,#2866,.T.);
#4436=ORIENTED_EDGE('',*,*,#2855,.T.);
#4437=ORIENTED_EDGE('',*,*,#2846,.T.);
#4438=ORIENTED_EDGE('',*,*,#2909,.T.);
#4439=ORIENTED_EDGE('',*,*,#3106,.T.);
#4440=ORIENTED_EDGE('',*,*,#2750,.T.);
#4441=ORIENTED_EDGE('',*,*,#2720,.F.);
#4442=ORIENTED_EDGE('',*,*,#2711,.F.);
#4443=ORIENTED_EDGE('',*,*,#2747,.T.);
#4444=ORIENTED_EDGE('',*,*,#2705,.F.);
#4445=ORIENTED_EDGE('',*,*,#2743,.T.);
#4446=ORIENTED_EDGE('',*,*,#2749,.T.);
#4447=ORIENTED_EDGE('',*,*,#2793,.T.);
#4448=ORIENTED_EDGE('',*,*,#2785,.T.);
#4449=ORIENTED_EDGE('',*,*,#2774,.T.);
#4450=ORIENTED_EDGE('',*,*,#2790,.T.);
#4451=ORIENTED_EDGE('',*,*,#2778,.F.);
#4452=ORIENTED_EDGE('',*,*,#3103,.T.);
#4453=ORIENTED_EDGE('',*,*,#2796,.T.);
#4454=ORIENTED_EDGE('',*,*,#3120,.T.);
#4455=ORIENTED_EDGE('',*,*,#3121,.F.);
#4456=ORIENTED_EDGE('',*,*,#3122,.T.);
#4457=ORIENTED_EDGE('',*,*,#3123,.F.);
#4458=ORIENTED_EDGE('',*,*,#3124,.T.);
#4459=ORIENTED_EDGE('',*,*,#3125,.F.);
#4460=ORIENTED_EDGE('',*,*,#2741,.F.);
#4461=ORIENTED_EDGE('',*,*,#3126,.T.);
#4462=ORIENTED_EDGE('',*,*,#3121,.T.);
#4463=ORIENTED_EDGE('',*,*,#3126,.F.);
#4464=ORIENTED_EDGE('',*,*,#3083,.F.);
#4465=ORIENTED_EDGE('',*,*,#3127,.T.);
#4466=ORIENTED_EDGE('',*,*,#3125,.T.);
#4467=ORIENTED_EDGE('',*,*,#3127,.F.);
#4468=ORIENTED_EDGE('',*,*,#3082,.F.);
#4469=ORIENTED_EDGE('',*,*,#3128,.T.);
#4470=ORIENTED_EDGE('',*,*,#3123,.T.);
#4471=ORIENTED_EDGE('',*,*,#3128,.F.);
#4472=ORIENTED_EDGE('',*,*,#3129,.F.);
#4473=ORIENTED_EDGE('',*,*,#3130,.T.);
#4474=ORIENTED_EDGE('',*,*,#3116,.F.);
#4475=ORIENTED_EDGE('',*,*,#3131,.F.);
#4476=ORIENTED_EDGE('',*,*,#3132,.F.);
#4477=ORIENTED_EDGE('',*,*,#3131,.T.);
#4478=ORIENTED_EDGE('',*,*,#3115,.F.);
#4479=ORIENTED_EDGE('',*,*,#3133,.F.);
#4480=ORIENTED_EDGE('',*,*,#3134,.F.);
#4481=ORIENTED_EDGE('',*,*,#3133,.T.);
#4482=ORIENTED_EDGE('',*,*,#3114,.F.);
#4483=ORIENTED_EDGE('',*,*,#3135,.F.);
#4484=ORIENTED_EDGE('',*,*,#3136,.F.);
#4485=ORIENTED_EDGE('',*,*,#3135,.T.);
#4486=ORIENTED_EDGE('',*,*,#3113,.F.);
#4487=ORIENTED_EDGE('',*,*,#3137,.F.);
#4488=ORIENTED_EDGE('',*,*,#3138,.T.);
#4489=ORIENTED_EDGE('',*,*,#3137,.T.);
#4490=ORIENTED_EDGE('',*,*,#3112,.F.);
#4491=ORIENTED_EDGE('',*,*,#3139,.F.);
#4492=ORIENTED_EDGE('',*,*,#3140,.F.);
#4493=ORIENTED_EDGE('',*,*,#3139,.T.);
#4494=ORIENTED_EDGE('',*,*,#3111,.F.);
#4495=ORIENTED_EDGE('',*,*,#3141,.F.);
#4496=ORIENTED_EDGE('',*,*,#3142,.T.);
#4497=ORIENTED_EDGE('',*,*,#3141,.T.);
#4498=ORIENTED_EDGE('',*,*,#3110,.F.);
#4499=ORIENTED_EDGE('',*,*,#3143,.F.);
#4500=ORIENTED_EDGE('',*,*,#3144,.F.);
#4501=ORIENTED_EDGE('',*,*,#3143,.T.);
#4502=ORIENTED_EDGE('',*,*,#3109,.F.);
#4503=ORIENTED_EDGE('',*,*,#3145,.F.);
#4504=ORIENTED_EDGE('',*,*,#3146,.T.);
#4505=ORIENTED_EDGE('',*,*,#3145,.T.);
#4506=ORIENTED_EDGE('',*,*,#3108,.F.);
#4507=ORIENTED_EDGE('',*,*,#3147,.F.);
#4508=ORIENTED_EDGE('',*,*,#3148,.T.);
#4509=ORIENTED_EDGE('',*,*,#3147,.T.);
#4510=ORIENTED_EDGE('',*,*,#3119,.F.);
#4511=ORIENTED_EDGE('',*,*,#3149,.F.);
#4512=ORIENTED_EDGE('',*,*,#3150,.T.);
#4513=ORIENTED_EDGE('',*,*,#3149,.T.);
#4514=ORIENTED_EDGE('',*,*,#3118,.F.);
#4515=ORIENTED_EDGE('',*,*,#3151,.F.);
#4516=ORIENTED_EDGE('',*,*,#3152,.T.);
#4517=ORIENTED_EDGE('',*,*,#3151,.T.);
#4518=ORIENTED_EDGE('',*,*,#3117,.F.);
#4519=ORIENTED_EDGE('',*,*,#3130,.F.);
#4520=ORIENTED_EDGE('',*,*,#3152,.F.);
#4521=ORIENTED_EDGE('',*,*,#3129,.T.);
#4522=ORIENTED_EDGE('',*,*,#3132,.T.);
#4523=ORIENTED_EDGE('',*,*,#3134,.T.);
#4524=ORIENTED_EDGE('',*,*,#3136,.T.);
#4525=ORIENTED_EDGE('',*,*,#3138,.F.);
#4526=ORIENTED_EDGE('',*,*,#3140,.T.);
#4527=ORIENTED_EDGE('',*,*,#3142,.F.);
#4528=ORIENTED_EDGE('',*,*,#3144,.T.);
#4529=ORIENTED_EDGE('',*,*,#3146,.F.);
#4530=ORIENTED_EDGE('',*,*,#3148,.F.);
#4531=ORIENTED_EDGE('',*,*,#3150,.F.);
#4532=ORIENTED_EDGE('',*,*,#3153,.T.);
#4533=ORIENTED_EDGE('',*,*,#3154,.T.);
#4534=ORIENTED_EDGE('',*,*,#3155,.T.);
#4535=ORIENTED_EDGE('',*,*,#3156,.F.);
#4536=ORIENTED_EDGE('',*,*,#3077,.T.);
#4537=ORIENTED_EDGE('',*,*,#3157,.T.);
#4538=ORIENTED_EDGE('',*,*,#3055,.F.);
#4539=ORIENTED_EDGE('',*,*,#3050,.F.);
#4540=ORIENTED_EDGE('',*,*,#3040,.F.);
#4541=ORIENTED_EDGE('',*,*,#3032,.F.);
#4542=ORIENTED_EDGE('',*,*,#3019,.F.);
#4543=ORIENTED_EDGE('',*,*,#3039,.F.);
#4544=ORIENTED_EDGE('',*,*,#3075,.F.);
#4545=ORIENTED_EDGE('',*,*,#3081,.T.);
#4546=ORIENTED_EDGE('',*,*,#3158,.T.);
#4547=ORIENTED_EDGE('',*,*,#3156,.T.);
#4548=ORIENTED_EDGE('',*,*,#3038,.T.);
#4549=ORIENTED_EDGE('',*,*,#3159,.F.);
#4550=ORIENTED_EDGE('',*,*,#3078,.F.);
#4551=ORIENTED_EDGE('',*,*,#3157,.F.);
#4552=ORIENTED_EDGE('',*,*,#3076,.T.);
#4553=ORIENTED_EDGE('',*,*,#3158,.F.);
#4554=ORIENTED_EDGE('',*,*,#3080,.F.);
#4555=ORIENTED_EDGE('',*,*,#3052,.F.);
#4556=ORIENTED_EDGE('',*,*,#3079,.F.);
#4557=ORIENTED_EDGE('',*,*,#3159,.T.);
#4558=ORIENTED_EDGE('',*,*,#3037,.T.);
#4559=ORIENTED_EDGE('',*,*,#3073,.F.);
#4560=ORIENTED_EDGE('',*,*,#3160,.T.);
#4561=ORIENTED_EDGE('',*,*,#3161,.T.);
#4562=ORIENTED_EDGE('',*,*,#3071,.T.);
#4563=ORIENTED_EDGE('',*,*,#3161,.F.);
#4564=ORIENTED_EDGE('',*,*,#3160,.F.);
#4565=ORIENTED_EDGE('',*,*,#3162,.T.);
#4566=ORIENTED_EDGE('',*,*,#3162,.F.);
#4567=ORIENTED_EDGE('',*,*,#3163,.T.);
#4568=ORIENTED_EDGE('',*,*,#3096,.F.);
#4569=ORIENTED_EDGE('',*,*,#3163,.F.);
#4570=ORIENTED_EDGE('',*,*,#3164,.T.);
#4571=ORIENTED_EDGE('',*,*,#3165,.T.);
#4572=ORIENTED_EDGE('',*,*,#3166,.T.);
#4573=ORIENTED_EDGE('',*,*,#3165,.F.);
#4574=ORIENTED_EDGE('',*,*,#3166,.F.);
#4575=ORIENTED_EDGE('',*,*,#3167,.T.);
#4576=ORIENTED_EDGE('',*,*,#3153,.F.);
#4577=ORIENTED_EDGE('',*,*,#3167,.F.);
#4578=ORIENTED_EDGE('',*,*,#3164,.F.);
#4579=ORIENTED_EDGE('',*,*,#3168,.T.);
#4580=ORIENTED_EDGE('',*,*,#3168,.F.);
#4581=ORIENTED_EDGE('',*,*,#3169,.T.);
#4582=ORIENTED_EDGE('',*,*,#3120,.F.);
#4583=ORIENTED_EDGE('',*,*,#3169,.F.);
#4584=ORIENTED_EDGE('',*,*,#3170,.T.);
#4585=ORIENTED_EDGE('',*,*,#3171,.T.);
#4586=ORIENTED_EDGE('',*,*,#3172,.T.);
#4587=ORIENTED_EDGE('',*,*,#3171,.F.);
#4588=ORIENTED_EDGE('',*,*,#3172,.F.);
#4589=ORIENTED_EDGE('',*,*,#3173,.T.);
#4590=ORIENTED_EDGE('',*,*,#3154,.F.);
#4591=ORIENTED_EDGE('',*,*,#3173,.F.);
#4592=ORIENTED_EDGE('',*,*,#3170,.F.);
#4593=ORIENTED_EDGE('',*,*,#3174,.T.);
#4594=ORIENTED_EDGE('',*,*,#3174,.F.);
#4595=ORIENTED_EDGE('',*,*,#3175,.T.);
#4596=ORIENTED_EDGE('',*,*,#3122,.F.);
#4597=ORIENTED_EDGE('',*,*,#3175,.F.);
#4598=ORIENTED_EDGE('',*,*,#3176,.T.);
#4599=ORIENTED_EDGE('',*,*,#3177,.T.);
#4600=ORIENTED_EDGE('',*,*,#3178,.T.);
#4601=ORIENTED_EDGE('',*,*,#3177,.F.);
#4602=ORIENTED_EDGE('',*,*,#3178,.F.);
#4603=ORIENTED_EDGE('',*,*,#3179,.T.);
#4604=ORIENTED_EDGE('',*,*,#3155,.F.);
#4605=ORIENTED_EDGE('',*,*,#3179,.F.);
#4606=ORIENTED_EDGE('',*,*,#3176,.F.);
#4607=ORIENTED_EDGE('',*,*,#3180,.T.);
#4608=ORIENTED_EDGE('',*,*,#3180,.F.);
#4609=ORIENTED_EDGE('',*,*,#3181,.T.);
#4610=ORIENTED_EDGE('',*,*,#3124,.F.);
#4611=ORIENTED_EDGE('',*,*,#3181,.F.);
#4612=ORIENTED_EDGE('',*,*,#3182,.F.);
#4613=ORIENTED_EDGE('',*,*,#3183,.T.);
#4614=ORIENTED_EDGE('',*,*,#2516,.F.);
#4615=ORIENTED_EDGE('',*,*,#3183,.F.);
#4616=ORIENTED_EDGE('',*,*,#2929,.T.);
#4617=ORIENTED_EDGE('',*,*,#2902,.T.);
#4618=ORIENTED_EDGE('',*,*,#3182,.T.);
#4619=ORIENTED_EDGE('',*,*,#3184,.F.);
#4620=ORIENTED_EDGE('',*,*,#3185,.T.);
#4621=ORIENTED_EDGE('',*,*,#2497,.F.);
#4622=ORIENTED_EDGE('',*,*,#2515,.F.);
#4623=ORIENTED_EDGE('',*,*,#2498,.F.);
#4624=ORIENTED_EDGE('',*,*,#3185,.F.);
#4625=ORIENTED_EDGE('',*,*,#2523,.T.);
#4626=ORIENTED_EDGE('',*,*,#2923,.T.);
#4627=ORIENTED_EDGE('',*,*,#3184,.T.);
#4628=B_SPLINE_SURFACE_WITH_KNOTS('',3,3,((#6903,#6904,#6905,#6906,#6907,
#6908,#6909,#6910),(#6911,#6912,#6913,#6914,#6915,#6916,#6917,#6918),(#6919,
#6920,#6921,#6922,#6923,#6924,#6925,#6926),(#6927,#6928,#6929,#6930,#6931,
#6932,#6933,#6934)),.UNSPECIFIED.,.F.,.F.,.F.,(4,4),(4,1,1,2,4),(0.,1.),
(-0.0783034452779878,-0.0469820671667927,-0.0313213781111951,0.,0.000340631322785115),
 .UNSPECIFIED.);
#4629=B_SPLINE_SURFACE_WITH_KNOTS('',3,3,((#6955,#6956,#6957,#6958,#6959,
#6960,#6961,#6962),(#6963,#6964,#6965,#6966,#6967,#6968,#6969,#6970),(#6971,
#6972,#6973,#6974,#6975,#6976,#6977,#6978),(#6979,#6980,#6981,#6982,#6983,
#6984,#6985,#6986)),.UNSPECIFIED.,.F.,.F.,.F.,(4,4),(4,1,1,2,4),(0.,1.),
(2.14828155280029E-16,0.0313213781112344,0.0469820671668515,0.0783034452780856,
0.0786440766008663),.UNSPECIFIED.);
#4630=B_SPLINE_SURFACE_WITH_KNOTS('',3,3,((#7314,#7315,#7316,#7317,#7318,
#7319,#7320,#7321,#7322,#7323,#7324,#7325),(#7326,#7327,#7328,#7329,#7330,
#7331,#7332,#7333,#7334,#7335,#7336,#7337),(#7338,#7339,#7340,#7341,#7342,
#7343,#7344,#7345,#7346,#7347,#7348,#7349),(#7350,#7351,#7352,#7353,#7354,
#7355,#7356,#7357,#7358,#7359,#7360,#7361),(#7362,#7363,#7364,#7365,#7366,
#7367,#7368,#7369,#7370,#7371,#7372,#7373)),.UNSPECIFIED.,.F.,.F.,.F.,(4,
1,4),(4,1,1,1,1,1,1,2,4),(0.,0.571428571428571,1.),(4.27160968718528E-32,
0.0389298517875828,0.0778597035751656,0.0908363208376932,0.103812938100221,
0.110301246731485,0.116789555362748,0.129766172625276,0.130184090088297),
 .UNSPECIFIED.);
#4631=B_SPLINE_SURFACE_WITH_KNOTS('',3,3,((#7484,#7485,#7486,#7487,#7488),
(#7489,#7490,#7491,#7492,#7493),(#7494,#7495,#7496,#7497,#7498),(#7499,
#7500,#7501,#7502,#7503),(#7504,#7505,#7506,#7507,#7508)),.UNSPECIFIED.,
 .F.,.F.,.F.,(4,1,4),(4,1,4),(0.,0.571428571428571,1.),(0.,0.034625920599759,
0.080793814732771),.UNSPECIFIED.);
#4632=B_SPLINE_SURFACE_WITH_KNOTS('',3,3,((#7695,#7696,#7697,#7698),(#7699,
#7700,#7701,#7702),(#7703,#7704,#7705,#7706),(#7707,#7708,#7709,#7710),
(#7711,#7712,#7713,#7714)),.UNSPECIFIED.,.F.,.F.,.F.,(4,1,4),(4,4),(0.271996019112869,
0.583997725207354,1.),(-0.63547464737679,6.24500451351651E-17),
 .UNSPECIFIED.);
#4633=B_SPLINE_SURFACE_WITH_KNOTS('',3,3,((#7823,#7824,#7825,#7826,#7827,
#7828,#7829,#7830),(#7831,#7832,#7833,#7834,#7835,#7836,#7837,#7838),(#7839,
#7840,#7841,#7842,#7843,#7844,#7845,#7846),(#7847,#7848,#7849,#7850,#7851,
#7852,#7853,#7854),(#7855,#7856,#7857,#7858,#7859,#7860,#7861,#7862)),
 .UNSPECIFIED.,.F.,.F.,.F.,(4,1,4),(4,2,1,1,4),(0.,0.571428571428571,1.),
(-0.000959309088185836,0.,0.143377461635051,0.215066192452576,0.358443654087627),
 .UNSPECIFIED.);
#4634=B_SPLINE_SURFACE_WITH_KNOTS('',3,3,((#7873,#7874,#7875,#7876,#7877,
#7878,#7879,#7880),(#7881,#7882,#7883,#7884,#7885,#7886,#7887,#7888),(#7889,
#7890,#7891,#7892,#7893,#7894,#7895,#7896),(#7897,#7898,#7899,#7900,#7901,
#7902,#7903,#7904),(#7905,#7906,#7907,#7908,#7909,#7910,#7911,#7912)),
 .UNSPECIFIED.,.F.,.F.,.F.,(4,1,4),(4,1,1,2,4),(0.,0.571428571428571,1.),
(0.797953812502526,0.941331274137577,1.0130200049551,1.15639746659015,1.15735677567834),
 .UNSPECIFIED.);
#4635=B_SPLINE_SURFACE_WITH_KNOTS('',3,3,((#8243,#8244,#8245,#8246),(#8247,
#8248,#8249,#8250),(#8251,#8252,#8253,#8254),(#8255,#8256,#8257,#8258),
(#8259,#8260,#8261,#8262)),.UNSPECIFIED.,.F.,.F.,.F.,(4,1,4),(4,4),(0.,
0.5,1.),(0.155095958010504,0.308801855686465),.UNSPECIFIED.);
#4636=B_SPLINE_SURFACE_WITH_KNOTS('',3,3,((#8296,#8297,#8298,#8299),(#8300,
#8301,#8302,#8303),(#8304,#8305,#8306,#8307),(#8308,#8309,#8310,#8311),
(#8312,#8313,#8314,#8315),(#8316,#8317,#8318,#8319)),.UNSPECIFIED.,.F.,
 .F.,.F.,(4,1,1,4),(4,4),(0.,0.5,0.785714285714286,1.),(0.,0.333732457643889),
 .UNSPECIFIED.);
#4637=B_SPLINE_SURFACE_WITH_KNOTS('',3,3,((#8331,#8332,#8333,#8334,#8335,
#8336,#8337,#8338,#8339,#8340,#8341,#8342,#8343,#8344,#8345,#8346,#8347,
#8348,#8349,#8350,#8351,#8352,#8353,#8354,#8355,#8356,#8357,#8358,#8359,
#8360,#8361,#8362,#8363,#8364,#8365),(#8366,#8367,#8368,#8369,#8370,#8371,
#8372,#8373,#8374,#8375,#8376,#8377,#8378,#8379,#8380,#8381,#8382,#8383,
#8384,#8385,#8386,#8387,#8388,#8389,#8390,#8391,#8392,#8393,#8394,#8395,
#8396,#8397,#8398,#8399,#8400),(#8401,#8402,#8403,#8404,#8405,#8406,#8407,
#8408,#8409,#8410,#8411,#8412,#8413,#8414,#8415,#8416,#8417,#8418,#8419,
#8420,#8421,#8422,#8423,#8424,#8425,#8426,#8427,#8428,#8429,#8430,#8431,
#8432,#8433,#8434,#8435),(#8436,#8437,#8438,#8439,#8440,#8441,#8442,#8443,
#8444,#8445,#8446,#8447,#8448,#8449,#8450,#8451,#8452,#8453,#8454,#8455,
#8456,#8457,#8458,#8459,#8460,#8461,#8462,#8463,#8464,#8465,#8466,#8467,
#8468,#8469,#8470),(#8471,#8472,#8473,#8474,#8475,#8476,#8477,#8478,#8479,
#8480,#8481,#8482,#8483,#8484,#8485,#8486,#8487,#8488,#8489,#8490,#8491,
#8492,#8493,#8494,#8495,#8496,#8497,#8498,#8499,#8500,#8501,#8502,#8503,
#8504,#8505),(#8506,#8507,#8508,#8509,#8510,#8511,#8512,#8513,#8514,#8515,
#8516,#8517,#8518,#8519,#8520,#8521,#8522,#8523,#8524,#8525,#8526,#8527,
#8528,#8529,#8530,#8531,#8532,#8533,#8534,#8535,#8536,#8537,#8538,#8539,
#8540),(#8541,#8542,#8543,#8544,#8545,#8546,#8547,#8548,#8549,#8550,#8551,
#8552,#8553,#8554,#8555,#8556,#8557,#8558,#8559,#8560,#8561,#8562,#8563,
#8564,#8565,#8566,#8567,#8568,#8569,#8570,#8571,#8572,#8573,#8574,#8575)),
 .UNSPECIFIED.,.F.,.F.,.F.,(4,1,1,1,4),(4,1,1,1,1,1,1,1,1,1,1,1,1,1,1,1,
1,1,1,1,1,1,1,1,1,1,1,1,1,1,1,1,4),(0.,0.285714285714286,0.571428571428571,
0.857142857142857,1.),(0.,0.167004698029773,0.208755872537216,0.229631459790938,
0.250507047044659,0.271382634298381,0.281820427925242,0.292258221552103,
0.334009396059546,0.336618844466261,0.339228292872976,0.344447189686407,
0.354884983313267,0.365322776940128,0.375760570566989,0.38619836419385,
0.39141726100728,0.396636157820711,0.407073951447572,0.409683399854287,
0.410988124057644,0.412292848261002,0.414902296667717,0.416207020871075,
0.416859382972754,0.417185564023593,0.417511745074432,0.438387332328154,
0.459262919581876,0.480138506835597,0.501014094089319,0.52188968134304,
0.584516443104205),.UNSPECIFIED.);
#4638=B_SPLINE_SURFACE_WITH_KNOTS('',3,3,((#8663,#8664,#8665,#8666),(#8667,
#8668,#8669,#8670),(#8671,#8672,#8673,#8674),(#8675,#8676,#8677,#8678),
(#8679,#8680,#8681,#8682)),.UNSPECIFIED.,.F.,.F.,.F.,(4,1,4),(4,4),(0.,
0.571428571428571,1.),(0.930536441533256,1.28083289475532),
 .UNSPECIFIED.);
#4639=B_SPLINE_SURFACE_WITH_KNOTS('',3,3,((#8719,#8720,#8721,#8722),(#8723,
#8724,#8725,#8726),(#8727,#8728,#8729,#8730),(#8731,#8732,#8733,#8734),
(#8735,#8736,#8737,#8738),(#8739,#8740,#8741,#8742)),.UNSPECIFIED.,.F.,
 .F.,.F.,(4,1,1,4),(4,4),(0.,0.285714285714286,0.571428571428571,1.),(1.30058656638766,
1.49600635006329),.UNSPECIFIED.);
#4640=B_SPLINE_SURFACE_WITH_KNOTS('',3,3,((#8817,#8818,#8819,#8820),(#8821,
#8822,#8823,#8824),(#8825,#8826,#8827,#8828),(#8829,#8830,#8831,#8832)),
 .UNSPECIFIED.,.F.,.F.,.F.,(4,4),(4,4),(0.,0.42442983158517),(1.18579523395037E-15,
0.309474240651762),.UNSPECIFIED.);
#4641=B_SPLINE_SURFACE_WITH_KNOTS('',3,3,((#8841,#8842,#8843,#8844),(#8845,
#8846,#8847,#8848),(#8849,#8850,#8851,#8852),(#8853,#8854,#8855,#8856)),
 .UNSPECIFIED.,.F.,.F.,.F.,(4,4),(4,4),(0.,0.49982701544747),(0.,0.107382267424826),
 .UNSPECIFIED.);
#4642=B_SPLINE_SURFACE_WITH_KNOTS('',3,3,((#9151,#9152,#9153,#9154,#9155,
#9156,#9157,#9158,#9159,#9160,#9161),(#9162,#9163,#9164,#9165,#9166,#9167,
#9168,#9169,#9170,#9171,#9172),(#9173,#9174,#9175,#9176,#9177,#9178,#9179,
#9180,#9181,#9182,#9183),(#9184,#9185,#9186,#9187,#9188,#9189,#9190,#9191,
#9192,#9193,#9194),(#9195,#9196,#9197,#9198,#9199,#9200,#9201,#9202,#9203,
#9204,#9205)),.UNSPECIFIED.,.F.,.T.,.F.,(4,1,4),(4,1,1,1,1,1,1,1,4),(0.,
0.571428571428571,1.),(-0.382922518545056,-0.27351608467504,-0.218812867740032,
-0.164109650805024,-0.054703216935008,0.054703216935008,0.164109650805024,
0.27351608467504,0.382922518545056),.UNSPECIFIED.);
#4643=ADVANCED_FACE('',(#1118),#4628,.T.);
#4644=ADVANCED_FACE('',(#1119),#4629,.T.);
#4645=ADVANCED_FACE('',(#1120),#1013,.F.);
#4646=ADVANCED_FACE('',(#1121),#227,.F.);
#4647=ADVANCED_FACE('',(#1122),#1014,.F.);
#4648=ADVANCED_FACE('',(#1123),#228,.F.);
#4649=ADVANCED_FACE('',(#1124),#1015,.F.);
#4650=ADVANCED_FACE('',(#1125),#94,.T.);
#4651=ADVANCED_FACE('',(#1126),#95,.T.);
#4652=ADVANCED_FACE('',(#1127),#1016,.T.);
#4653=ADVANCED_FACE('',(#1128,#61),#96,.T.);
#4654=ADVANCED_FACE('',(#1129),#1017,.T.);
#4655=ADVANCED_FACE('',(#1130),#97,.F.);
#4656=ADVANCED_FACE('',(#1131),#1018,.F.);
#4657=ADVANCED_FACE('',(#1132),#98,.T.);
#4658=ADVANCED_FACE('',(#1133),#1019,.F.);
#4659=ADVANCED_FACE('',(#1134),#1020,.F.);
#4660=ADVANCED_FACE('',(#1135),#229,.F.);
#4661=ADVANCED_FACE('',(#1136),#99,.T.);
#4662=ADVANCED_FACE('',(#1137),#1021,.F.);
#4663=ADVANCED_FACE('',(#1138),#1022,.F.);
#4664=ADVANCED_FACE('',(#1139),#230,.F.);
#4665=ADVANCED_FACE('',(#1140),#100,.T.);
#4666=ADVANCED_FACE('',(#1141),#4630,.T.);
#4667=ADVANCED_FACE('',(#1142),#1023,.F.);
#4668=ADVANCED_FACE('',(#1143),#231,.F.);
#4669=ADVANCED_FACE('',(#1144),#1024,.F.);
#4670=ADVANCED_FACE('',(#1145),#232,.F.);
#4671=ADVANCED_FACE('',(#1146),#233,.F.);
#4672=ADVANCED_FACE('',(#1147),#1025,.F.);
#4673=ADVANCED_FACE('',(#1148),#234,.F.);
#4674=ADVANCED_FACE('',(#1149),#4631,.T.);
#4675=ADVANCED_FACE('',(#1150),#1026,.F.);
#4676=ADVANCED_FACE('',(#1151),#1027,.F.);
#4677=ADVANCED_FACE('',(#1152),#235,.F.);
#4678=ADVANCED_FACE('',(#1153),#236,.F.);
#4679=ADVANCED_FACE('',(#1154),#1028,.T.);
#4680=ADVANCED_FACE('',(#1155),#1029,.T.);
#4681=ADVANCED_FACE('',(#1156),#1030,.T.);
#4682=ADVANCED_FACE('',(#1157),#20,.F.);
#4683=ADVANCED_FACE('',(#1158),#1031,.F.);
#4684=ADVANCED_FACE('',(#1159),#1032,.F.);
#4685=ADVANCED_FACE('',(#1160),#19,.T.);
#4686=ADVANCED_FACE('',(#1161),#1033,.F.);
#4687=ADVANCED_FACE('',(#1162),#1034,.F.);
#4688=ADVANCED_FACE('',(#1163),#101,.T.);
#4689=ADVANCED_FACE('',(#1164),#102,.T.);
#4690=ADVANCED_FACE('',(#1165),#103,.T.);
#4691=ADVANCED_FACE('',(#1166),#104,.T.);
#4692=ADVANCED_FACE('',(#1167),#1035,.F.);
#4693=ADVANCED_FACE('',(#1168),#1036,.F.);
#4694=ADVANCED_FACE('',(#1169,#62,#63),#105,.T.);
#4695=ADVANCED_FACE('',(#1170),#4632,.T.);
#4696=ADVANCED_FACE('',(#1171),#237,.F.);
#4697=ADVANCED_FACE('',(#1172),#1037,.F.);
#4698=ADVANCED_FACE('',(#1173),#1038,.F.);
#4699=ADVANCED_FACE('',(#1174),#1039,.F.);
#4700=ADVANCED_FACE('',(#1175),#238,.F.);
#4701=ADVANCED_FACE('',(#1176),#106,.T.);
#4702=ADVANCED_FACE('',(#1177),#1040,.F.);
#4703=ADVANCED_FACE('',(#1178),#239,.F.);
#4704=ADVANCED_FACE('',(#1179),#4633,.T.);
#4705=ADVANCED_FACE('',(#1180),#4634,.T.);
#4706=ADVANCED_FACE('',(#1181),#1041,.T.);
#4707=ADVANCED_FACE('',(#1182),#1042,.F.);
#4708=ADVANCED_FACE('',(#1183),#1043,.F.);
#4709=ADVANCED_FACE('',(#1184),#240,.F.);
#4710=ADVANCED_FACE('',(#1185),#107,.T.);
#4711=ADVANCED_FACE('',(#1186),#1044,.T.);
#4712=ADVANCED_FACE('',(#1187,#64),#108,.T.);
#4713=ADVANCED_FACE('',(#1188),#1045,.F.);
#4714=ADVANCED_FACE('',(#1189),#109,.T.);
#4715=ADVANCED_FACE('',(#1190,#65),#110,.T.);
#4716=ADVANCED_FACE('',(#1191),#111,.T.);
#4717=ADVANCED_FACE('',(#1192),#112,.T.);
#4718=ADVANCED_FACE('',(#1193),#113,.T.);
#4719=ADVANCED_FACE('',(#1194),#1046,.F.);
#4720=ADVANCED_FACE('',(#1195),#114,.T.);
#4721=ADVANCED_FACE('',(#1196),#115,.T.);
#4722=ADVANCED_FACE('',(#1197),#116,.T.);
#4723=ADVANCED_FACE('',(#1198),#117,.T.);
#4724=ADVANCED_FACE('',(#1199),#118,.T.);
#4725=ADVANCED_FACE('',(#1200),#119,.T.);
#4726=ADVANCED_FACE('',(#1201),#120,.T.);
#4727=ADVANCED_FACE('',(#1202),#121,.T.);
#4728=ADVANCED_FACE('',(#1203),#122,.T.);
#4729=ADVANCED_FACE('',(#1204),#123,.T.);
#4730=ADVANCED_FACE('',(#1205),#124,.T.);
#4731=ADVANCED_FACE('',(#1206),#125,.T.);
#4732=ADVANCED_FACE('',(#1207),#126,.T.);
#4733=ADVANCED_FACE('',(#1208),#127,.T.);
#4734=ADVANCED_FACE('',(#1209),#128,.T.);
#4735=ADVANCED_FACE('',(#1210),#129,.T.);
#4736=ADVANCED_FACE('',(#1211,#66),#130,.T.);
#4737=ADVANCED_FACE('',(#1212),#131,.T.);
#4738=ADVANCED_FACE('',(#1213,#67),#132,.T.);
#4739=ADVANCED_FACE('',(#1214),#1047,.T.);
#4740=ADVANCED_FACE('',(#1215),#133,.T.);
#4741=ADVANCED_FACE('',(#1216,#68),#134,.T.);
#4742=ADVANCED_FACE('',(#1217),#1048,.F.);
#4743=ADVANCED_FACE('',(#1218),#4635,.T.);
#4744=ADVANCED_FACE('',(#1219),#4636,.T.);
#4745=ADVANCED_FACE('',(#1220),#4637,.T.);
#4746=ADVANCED_FACE('',(#1221),#1049,.F.);
#4747=ADVANCED_FACE('',(#1222),#4638,.T.);
#4748=ADVANCED_FACE('',(#1223),#1050,.T.);
#4749=ADVANCED_FACE('',(#1224),#1051,.F.);
#4750=ADVANCED_FACE('',(#1225),#135,.T.);
#4751=ADVANCED_FACE('',(#1226),#136,.T.);
#4752=ADVANCED_FACE('',(#1227),#137,.T.);
#4753=ADVANCED_FACE('',(#1228),#1052,.F.);
#4754=ADVANCED_FACE('',(#1229),#4639,.F.);
#4755=ADVANCED_FACE('',(#1230),#1053,.T.);
#4756=ADVANCED_FACE('',(#1231),#138,.T.);
#4757=ADVANCED_FACE('',(#1232),#139,.T.);
#4758=ADVANCED_FACE('',(#1233),#140,.T.);
#4759=ADVANCED_FACE('',(#1234),#141,.T.);
#4760=ADVANCED_FACE('',(#1235),#142,.T.);
#4761=ADVANCED_FACE('',(#1236),#143,.T.);
#4762=ADVANCED_FACE('',(#1237),#144,.T.);
#4763=ADVANCED_FACE('',(#1238),#1054,.T.);
#4764=ADVANCED_FACE('',(#1239),#1055,.T.);
#4765=ADVANCED_FACE('',(#1240),#4640,.F.);
#4766=ADVANCED_FACE('',(#1241),#1056,.T.);
#4767=ADVANCED_FACE('',(#1242),#4641,.F.);
#4768=ADVANCED_FACE('',(#1243),#145,.T.);
#4769=ADVANCED_FACE('',(#1244),#146,.T.);
#4770=ADVANCED_FACE('',(#1245),#147,.F.);
#4771=ADVANCED_FACE('',(#1246),#148,.T.);
#4772=ADVANCED_FACE('',(#1247),#1057,.T.);
#4773=ADVANCED_FACE('',(#1248),#1058,.T.);
#4774=ADVANCED_FACE('',(#1249),#241,.F.);
#4775=ADVANCED_FACE('',(#1250),#149,.T.);
#4776=ADVANCED_FACE('',(#1251),#1059,.F.);
#4777=ADVANCED_FACE('',(#1252),#150,.T.);
#4778=ADVANCED_FACE('',(#1253),#1060,.F.);
#4779=ADVANCED_FACE('',(#1254),#151,.T.);
#4780=ADVANCED_FACE('',(#1255),#1061,.F.);
#4781=ADVANCED_FACE('',(#1256),#152,.T.);
#4782=ADVANCED_FACE('',(#1257),#242,.F.);
#4783=ADVANCED_FACE('',(#1258),#153,.F.);
#4784=ADVANCED_FACE('',(#1259),#1062,.T.);
#4785=ADVANCED_FACE('',(#1260),#1063,.F.);
#4786=ADVANCED_FACE('',(#1261),#154,.T.);
#4787=ADVANCED_FACE('',(#1262),#155,.T.);
#4788=ADVANCED_FACE('',(#1263),#1064,.F.);
#4789=ADVANCED_FACE('',(#1264),#156,.T.);
#4790=ADVANCED_FACE('',(#1265),#1065,.F.);
#4791=ADVANCED_FACE('',(#1266),#1066,.F.);
#4792=ADVANCED_FACE('',(#1267),#157,.T.);
#4793=ADVANCED_FACE('',(#1268),#158,.T.);
#4794=ADVANCED_FACE('',(#1269),#1067,.F.);
#4795=ADVANCED_FACE('',(#1270),#159,.T.);
#4796=ADVANCED_FACE('',(#1271),#160,.T.);
#4797=ADVANCED_FACE('',(#1272),#1068,.F.);
#4798=ADVANCED_FACE('',(#1273),#161,.T.);
#4799=ADVANCED_FACE('',(#1274),#1069,.F.);
#4800=ADVANCED_FACE('',(#1275),#1070,.F.);
#4801=ADVANCED_FACE('',(#1276),#1071,.F.);
#4802=ADVANCED_FACE('',(#1277,#69),#162,.T.);
#4803=ADVANCED_FACE('',(#1278),#243,.F.);
#4804=ADVANCED_FACE('',(#1279),#4642,.F.);
#4805=ADVANCED_FACE('',(#1280,#70),#163,.T.);
#4806=ADVANCED_FACE('',(#1281),#244,.F.);
#4807=ADVANCED_FACE('',(#1282),#164,.F.);
#4808=ADVANCED_FACE('',(#1283),#21,.F.);
#4809=ADVANCED_FACE('',(#1284),#1072,.F.);
#4810=ADVANCED_FACE('',(#1285),#165,.F.);
#4811=ADVANCED_FACE('',(#1286),#166,.T.);
#4812=ADVANCED_FACE('',(#1287,#71),#167,.T.);
#4813=ADVANCED_FACE('',(#1288),#1073,.F.);
#4814=ADVANCED_FACE('',(#1289),#1074,.T.);
#4815=ADVANCED_FACE('',(#1290),#1075,.F.);
#4816=ADVANCED_FACE('',(#1291),#1076,.F.);
#4817=ADVANCED_FACE('',(#1292),#168,.T.);
#4818=ADVANCED_FACE('',(#1293),#169,.T.);
#4819=ADVANCED_FACE('',(#1294),#1077,.F.);
#4820=ADVANCED_FACE('',(#1295),#1078,.T.);
#4821=ADVANCED_FACE('',(#1296,#72),#170,.T.);
#4822=ADVANCED_FACE('',(#1297),#1079,.T.);
#4823=ADVANCED_FACE('',(#1298,#73),#171,.T.);
#4824=ADVANCED_FACE('',(#1299),#172,.T.);
#4825=ADVANCED_FACE('',(#1300),#1080,.T.);
#4826=ADVANCED_FACE('',(#1301),#1081,.T.);
#4827=ADVANCED_FACE('',(#1302,#74),#173,.T.);
#4828=ADVANCED_FACE('',(#1303),#174,.F.);
#4829=ADVANCED_FACE('',(#1304),#1082,.T.);
#4830=ADVANCED_FACE('',(#1305),#1083,.F.);
#4831=ADVANCED_FACE('',(#1306),#175,.T.);
#4832=ADVANCED_FACE('',(#1307),#176,.T.);
#4833=ADVANCED_FACE('',(#1308),#1084,.T.);
#4834=ADVANCED_FACE('',(#1309,#75),#177,.F.);
#4835=ADVANCED_FACE('',(#1310),#1085,.F.);
#4836=ADVANCED_FACE('',(#1311),#1086,.F.);
#4837=ADVANCED_FACE('',(#1312),#1087,.T.);
#4838=ADVANCED_FACE('',(#1313),#178,.T.);
#4839=ADVANCED_FACE('',(#1314),#179,.T.);
#4840=ADVANCED_FACE('',(#1315),#1088,.T.);
#4841=ADVANCED_FACE('',(#1316),#180,.F.);
#4842=ADVANCED_FACE('',(#1317),#1089,.F.);
#4843=ADVANCED_FACE('',(#1318),#1090,.T.);
#4844=ADVANCED_FACE('',(#1319),#1091,.F.);
#4845=ADVANCED_FACE('',(#1320),#1092,.F.);
#4846=ADVANCED_FACE('',(#1321),#1093,.T.);
#4847=ADVANCED_FACE('',(#1322),#181,.T.);
#4848=ADVANCED_FACE('',(#1323),#182,.T.);
#4849=ADVANCED_FACE('',(#1324),#1094,.F.);
#4850=ADVANCED_FACE('',(#1325),#183,.T.);
#4851=ADVANCED_FACE('',(#1326,#76,#77),#184,.F.);
#4852=ADVANCED_FACE('',(#1327),#1095,.T.);
#4853=ADVANCED_FACE('',(#1328),#1096,.F.);
#4854=ADVANCED_FACE('',(#1329),#185,.F.);
#4855=ADVANCED_FACE('',(#1330),#186,.F.);
#4856=ADVANCED_FACE('',(#1331),#187,.T.);
#4857=ADVANCED_FACE('',(#1332),#1097,.T.);
#4858=ADVANCED_FACE('',(#1333),#188,.T.);
#4859=ADVANCED_FACE('',(#1334),#1098,.F.);
#4860=ADVANCED_FACE('',(#1335),#189,.T.);
#4861=ADVANCED_FACE('',(#1336),#1099,.T.);
#4862=ADVANCED_FACE('',(#1337),#190,.T.);
#4863=ADVANCED_FACE('',(#1338),#191,.T.);
#4864=ADVANCED_FACE('',(#1339),#1100,.F.);
#4865=ADVANCED_FACE('',(#1340),#1101,.F.);
#4866=ADVANCED_FACE('',(#1341,#78),#192,.T.);
#4867=ADVANCED_FACE('',(#1342),#193,.T.);
#4868=ADVANCED_FACE('',(#1343),#194,.T.);
#4869=ADVANCED_FACE('',(#1344),#195,.T.);
#4870=ADVANCED_FACE('',(#1345),#1102,.F.);
#4871=ADVANCED_FACE('',(#1346),#196,.T.);
#4872=ADVANCED_FACE('',(#1347,#79),#197,.T.);
#4873=ADVANCED_FACE('',(#1348),#198,.T.);
#4874=ADVANCED_FACE('',(#1349),#1103,.F.);
#4875=ADVANCED_FACE('',(#1350),#199,.T.);
#4876=ADVANCED_FACE('',(#1351),#200,.T.);
#4877=ADVANCED_FACE('',(#1352),#201,.T.);
#4878=ADVANCED_FACE('',(#1353,#80),#202,.T.);
#4879=ADVANCED_FACE('',(#1354,#81),#203,.F.);
#4880=ADVANCED_FACE('',(#1355,#82),#204,.F.);
#4881=ADVANCED_FACE('',(#1356,#83),#205,.F.);
#4882=ADVANCED_FACE('',(#1357),#1104,.F.);
#4883=ADVANCED_FACE('',(#1358),#1105,.F.);
#4884=ADVANCED_FACE('',(#1359),#1106,.F.);
#4885=ADVANCED_FACE('',(#1360),#206,.T.);
#4886=ADVANCED_FACE('',(#1361),#207,.T.);
#4887=ADVANCED_FACE('',(#1362),#208,.T.);
#4888=ADVANCED_FACE('',(#1363),#209,.T.);
#4889=ADVANCED_FACE('',(#1364),#1107,.T.);
#4890=ADVANCED_FACE('',(#1365),#210,.T.);
#4891=ADVANCED_FACE('',(#1366),#1108,.T.);
#4892=ADVANCED_FACE('',(#1367),#211,.T.);
#4893=ADVANCED_FACE('',(#1368),#212,.T.);
#4894=ADVANCED_FACE('',(#1369),#213,.T.);
#4895=ADVANCED_FACE('',(#1370),#214,.T.);
#4896=ADVANCED_FACE('',(#1371),#215,.T.);
#4897=ADVANCED_FACE('',(#1372,#84,#85,#86,#87),#216,.F.);
#4898=ADVANCED_FACE('',(#1373),#217,.F.);
#4899=ADVANCED_FACE('',(#1374),#218,.T.);
#4900=ADVANCED_FACE('',(#1375),#219,.T.);
#4901=ADVANCED_FACE('',(#1376),#220,.F.);
#4902=ADVANCED_FACE('',(#1377),#15,.T.);
#4903=ADVANCED_FACE('',(#1378,#88),#221,.F.);
#4904=ADVANCED_FACE('',(#1379),#1109,.F.);
#4905=ADVANCED_FACE('',(#1380),#16,.T.);
#4906=ADVANCED_FACE('',(#1381),#1110,.T.);
#4907=ADVANCED_FACE('',(#1382,#89),#222,.F.);
#4908=ADVANCED_FACE('',(#1383),#1111,.F.);
#4909=ADVANCED_FACE('',(#1384),#17,.T.);
#4910=ADVANCED_FACE('',(#1385),#1112,.T.);
#4911=ADVANCED_FACE('',(#1386,#90),#223,.F.);
#4912=ADVANCED_FACE('',(#1387),#1113,.F.);
#4913=ADVANCED_FACE('',(#1388),#18,.T.);
#4914=ADVANCED_FACE('',(#1389),#1114,.T.);
#4915=ADVANCED_FACE('',(#1390,#91),#224,.F.);
#4916=ADVANCED_FACE('',(#1391),#1115,.F.);
#4917=ADVANCED_FACE('',(#1392),#1116,.F.);
#4918=ADVANCED_FACE('',(#1393,#92),#225,.T.);
#4919=ADVANCED_FACE('',(#1394),#1117,.F.);
#4920=ADVANCED_FACE('',(#1395,#93),#226,.T.);
#4921=CLOSED_SHELL('',(#4643,#4644,#4645,#4646,#4647,#4648,#4649,#4650,
#4651,#4652,#4653,#4654,#4655,#4656,#4657,#4658,#4659,#4660,#4661,#4662,
#4663,#4664,#4665,#4666,#4667,#4668,#4669,#4670,#4671,#4672,#4673,#4674,
#4675,#4676,#4677,#4678,#4679,#4680,#4681,#4682,#4683,#4684,#4685,#4686,
#4687,#4688,#4689,#4690,#4691,#4692,#4693,#4694,#4695,#4696,#4697,#4698,
#4699,#4700,#4701,#4702,#4703,#4704,#4705,#4706,#4707,#4708,#4709,#4710,
#4711,#4712,#4713,#4714,#4715,#4716,#4717,#4718,#4719,#4720,#4721,#4722,
#4723,#4724,#4725,#4726,#4727,#4728,#4729,#4730,#4731,#4732,#4733,#4734,
#4735,#4736,#4737,#4738,#4739,#4740,#4741,#4742,#4743,#4744,#4745,#4746,
#4747,#4748,#4749,#4750,#4751,#4752,#4753,#4754,#4755,#4756,#4757,#4758,
#4759,#4760,#4761,#4762,#4763,#4764,#4765,#4766,#4767,#4768,#4769,#4770,
#4771,#4772,#4773,#4774,#4775,#4776,#4777,#4778,#4779,#4780,#4781,#4782,
#4783,#4784,#4785,#4786,#4787,#4788,#4789,#4790,#4791,#4792,#4793,#4794,
#4795,#4796,#4797,#4798,#4799,#4800,#4801,#4802,#4803,#4804,#4805,#4806,
#4807,#4808,#4809,#4810,#4811,#4812,#4813,#4814,#4815,#4816,#4817,#4818,
#4819,#4820,#4821,#4822,#4823,#4824,#4825,#4826,#4827,#4828,#4829,#4830,
#4831,#4832,#4833,#4834,#4835,#4836,#4837,#4838,#4839,#4840,#4841,#4842,
#4843,#4844,#4845,#4846,#4847,#4848,#4849,#4850,#4851,#4852,#4853,#4854,
#4855,#4856,#4857,#4858,#4859,#4860,#4861,#4862,#4863,#4864,#4865,#4866,
#4867,#4868,#4869,#4870,#4871,#4872,#4873,#4874,#4875,#4876,#4877,#4878,
#4879,#4880,#4881,#4882,#4883,#4884,#4885,#4886,#4887,#4888,#4889,#4890,
#4891,#4892,#4893,#4894,#4895,#4896,#4897,#4898,#4899,#4900,#4901,#4902,
#4903,#4904,#4905,#4906,#4907,#4908,#4909,#4910,#4911,#4912,#4913,#4914,
#4915,#4916,#4917,#4918,#4919,#4920));
#4922=DERIVED_UNIT_ELEMENT(#4924,1.);
#4923=DERIVED_UNIT_ELEMENT(#9714,-3.);
#4924=(
MASS_UNIT()
NAMED_UNIT(*)
SI_UNIT(.KILO.,.GRAM.)
);
#4925=DERIVED_UNIT((#4922,#4923));
#4926=MEASURE_REPRESENTATION_ITEM('density measure',
POSITIVE_RATIO_MEASURE(7850.),#4925);
#4927=PROPERTY_DEFINITION_REPRESENTATION(#4932,#4929);
#4928=PROPERTY_DEFINITION_REPRESENTATION(#4933,#4930);
#4929=REPRESENTATION('material name',(#4931),#9711);
#4930=REPRESENTATION('density',(#4926),#9711);
#4931=DESCRIPTIVE_REPRESENTATION_ITEM('Stahl','Stahl');
#4932=PROPERTY_DEFINITION('material property','material name',#9721);
#4933=PROPERTY_DEFINITION('material property','density of part',#9721);
#4934=AXIS2_PLACEMENT_3D('',#6902,#5462,#5463);
#4935=AXIS2_PLACEMENT_3D('',#6954,#5464,#5465);
#4936=AXIS2_PLACEMENT_3D('',#7006,#5466,#5467);
#4937=AXIS2_PLACEMENT_3D('',#7007,#5468,#5469);
#4938=AXIS2_PLACEMENT_3D('',#7011,#5471,#5472);
#4939=AXIS2_PLACEMENT_3D('',#7013,#5474,#5475);
#4940=AXIS2_PLACEMENT_3D('',#7024,#5476,#5477);
#4941=AXIS2_PLACEMENT_3D('',#7025,#5478,#5479);
#4942=AXIS2_PLACEMENT_3D('',#7027,#5480,#5481);
#4943=AXIS2_PLACEMENT_3D('',#7034,#5482,#5483);
#4944=AXIS2_PLACEMENT_3D('',#7038,#5485,#5486);
#4945=AXIS2_PLACEMENT_3D('',#7040,#5488,#5489);
#4946=AXIS2_PLACEMENT_3D('',#7042,#5490,#5491);
#4947=AXIS2_PLACEMENT_3D('',#7044,#5492,#5493);
#4948=AXIS2_PLACEMENT_3D('',#7062,#5494,#5495);
#4949=AXIS2_PLACEMENT_3D('',#7063,#5496,#5497);
#4950=AXIS2_PLACEMENT_3D('',#7067,#5499,#5500);
#4951=AXIS2_PLACEMENT_3D('',#7069,#5502,#5503);
#4952=AXIS2_PLACEMENT_3D('',#7071,#5505,#5506);
#4953=AXIS2_PLACEMENT_3D('',#7073,#5507,#5508);
#4954=AXIS2_PLACEMENT_3D('',#7075,#5509,#5510);
#4955=AXIS2_PLACEMENT_3D('',#7077,#5512,#5513);
#4956=AXIS2_PLACEMENT_3D('',#7124,#5517,#5518);
#4957=AXIS2_PLACEMENT_3D('',#7126,#5519,#5520);
#4958=AXIS2_PLACEMENT_3D('',#7130,#5522,#5523);
#4959=AXIS2_PLACEMENT_3D('',#7134,#5525,#5526);
#4960=AXIS2_PLACEMENT_3D('',#7138,#5528,#5529);
#4961=AXIS2_PLACEMENT_3D('',#7142,#5531,#5532);
#4962=AXIS2_PLACEMENT_3D('',#7153,#5538,#5539);
#4963=AXIS2_PLACEMENT_3D('',#7154,#5540,#5541);
#4964=AXIS2_PLACEMENT_3D('',#7156,#5542,#5543);
#4965=AXIS2_PLACEMENT_3D('',#7157,#5544,#5545);
#4966=AXIS2_PLACEMENT_3D('',#7178,#5547,#5548);
#4967=AXIS2_PLACEMENT_3D('',#7200,#5551,#5552);
#4968=AXIS2_PLACEMENT_3D('',#7202,#5554,#5555);
#4969=AXIS2_PLACEMENT_3D('',#7204,#5557,#5558);
#4970=AXIS2_PLACEMENT_3D('',#7206,#5560,#5561);
#4971=AXIS2_PLACEMENT_3D('',#7207,#5562,#5563);
#4972=AXIS2_PLACEMENT_3D('',#7210,#5564,#5565);
#4973=AXIS2_PLACEMENT_3D('',#7212,#5566,#5567);
#4974=AXIS2_PLACEMENT_3D('',#7216,#5569,#5570);
#4975=AXIS2_PLACEMENT_3D('',#7219,#5572,#5573);
#4976=AXIS2_PLACEMENT_3D('',#7220,#5574,#5575);
#4977=AXIS2_PLACEMENT_3D('',#7222,#5576,#5577);
#4978=AXIS2_PLACEMENT_3D('',#7224,#5578,#5579);
#4979=AXIS2_PLACEMENT_3D('',#7226,#5581,#5582);
#4980=AXIS2_PLACEMENT_3D('',#7238,#5583,#5584);
#4981=AXIS2_PLACEMENT_3D('',#7239,#5585,#5586);
#4982=AXIS2_PLACEMENT_3D('',#7243,#5588,#5589);
#4983=AXIS2_PLACEMENT_3D('',#7255,#5595,#5596);
#4984=AXIS2_PLACEMENT_3D('',#7261,#5599,#5600);
#4985=AXIS2_PLACEMENT_3D('',#7263,#5601,#5602);
#4986=AXIS2_PLACEMENT_3D('',#7265,#5603,#5604);
#4987=AXIS2_PLACEMENT_3D('',#7269,#5606,#5607);
#4988=AXIS2_PLACEMENT_3D('',#7281,#5614,#5615);
#4989=AXIS2_PLACEMENT_3D('',#7283,#5616,#5617);
#4990=AXIS2_PLACEMENT_3D('',#7285,#5618,#5619);
#4991=AXIS2_PLACEMENT_3D('',#7287,#5621,#5622);
#4992=AXIS2_PLACEMENT_3D('',#7289,#5623,#5624);
#4993=AXIS2_PLACEMENT_3D('',#7292,#5626,#5627);
#4994=AXIS2_PLACEMENT_3D('',#7293,#5628,#5629);
#4995=AXIS2_PLACEMENT_3D('',#7307,#5630,#5631);
#4996=AXIS2_PLACEMENT_3D('',#7308,#5632,#5633);
#4997=AXIS2_PLACEMENT_3D('',#7401,#5637,#5638);
#4998=AXIS2_PLACEMENT_3D('',#7402,#5639,#5640);
#4999=AXIS2_PLACEMENT_3D('',#7415,#5643,#5644);
#5000=AXIS2_PLACEMENT_3D('',#7417,#5646,#5647);
#5001=AXIS2_PLACEMENT_3D('',#7420,#5648,#5649);
#5002=AXIS2_PLACEMENT_3D('',#7422,#5650,#5651);
#5003=AXIS2_PLACEMENT_3D('',#7424,#5652,#5653);
#5004=AXIS2_PLACEMENT_3D('',#7441,#5654,#5655);
#5005=AXIS2_PLACEMENT_3D('',#7444,#5656,#5657);
#5006=AXIS2_PLACEMENT_3D('',#7447,#5660,#5661);
#5007=AXIS2_PLACEMENT_3D('',#7449,#5662,#5663);
#5008=AXIS2_PLACEMENT_3D('',#7451,#5664,#5665);
#5009=AXIS2_PLACEMENT_3D('',#7466,#5666,#5667);
#5010=AXIS2_PLACEMENT_3D('',#7467,#5668,#5669);
#5011=AXIS2_PLACEMENT_3D('',#7468,#5670,#5671);
#5012=AXIS2_PLACEMENT_3D('',#7469,#5672,#5673);
#5013=AXIS2_PLACEMENT_3D('',#7471,#5674,#5675);
#5014=AXIS2_PLACEMENT_3D('',#7475,#5677,#5678);
#5015=AXIS2_PLACEMENT_3D('',#7480,#5679,#5680);
#5016=AXIS2_PLACEMENT_3D('',#7482,#5681,#5682);
#5017=AXIS2_PLACEMENT_3D('',#7483,#5683,#5684);
#5018=AXIS2_PLACEMENT_3D('',#7516,#5685,#5686);
#5019=AXIS2_PLACEMENT_3D('',#7522,#5687,#5688);
#5020=AXIS2_PLACEMENT_3D('',#7525,#5689,#5690);
#5021=AXIS2_PLACEMENT_3D('',#7528,#5693,#5694);
#5022=AXIS2_PLACEMENT_3D('',#7536,#5695,#5696);
#5023=AXIS2_PLACEMENT_3D('',#7538,#5698,#5699);
#5024=AXIS2_PLACEMENT_3D('',#7539,#5700,#5701);
#5025=AXIS2_PLACEMENT_3D('',#7540,#5702,#5703);
#5026=AXIS2_PLACEMENT_3D('',#7541,#5704,#5705);
#5027=AXIS2_PLACEMENT_3D('',#7542,#5706,#5707);
#5028=AXIS2_PLACEMENT_3D('',#7544,#5708,#5709);
#5029=AXIS2_PLACEMENT_3D('',#7546,#5710,#5711);
#5030=AXIS2_PLACEMENT_3D('',#7548,#5712,#5713);
#5031=AXIS2_PLACEMENT_3D('',#7560,#5714,#5715);
#5032=AXIS2_PLACEMENT_3D('',#7562,#5716,#5717);
#5033=AXIS2_PLACEMENT_3D('',#7566,#5719,#5720);
#5034=AXIS2_PLACEMENT_3D('',#7570,#5722,#5723);
#5035=AXIS2_PLACEMENT_3D('',#7572,#5724,#5725);
#5036=AXIS2_PLACEMENT_3D('',#7574,#5726,#5727);
#5037=AXIS2_PLACEMENT_3D('',#7578,#5729,#5730);
#5038=AXIS2_PLACEMENT_3D('',#7580,#5732,#5733);
#5039=AXIS2_PLACEMENT_3D('',#7583,#5735,#5736);
#5040=AXIS2_PLACEMENT_3D('',#7584,#5737,#5738);
#5041=AXIS2_PLACEMENT_3D('',#7587,#5740,#5741);
#5042=AXIS2_PLACEMENT_3D('',#7588,#5742,#5743);
#5043=AXIS2_PLACEMENT_3D('',#7591,#5744,#5745);
#5044=AXIS2_PLACEMENT_3D('',#7593,#5746,#5747);
#5045=AXIS2_PLACEMENT_3D('',#7594,#5748,#5749);
#5046=AXIS2_PLACEMENT_3D('',#7595,#5750,#5751);
#5047=AXIS2_PLACEMENT_3D('',#7598,#5752,#5753);
#5048=AXIS2_PLACEMENT_3D('',#7601,#5756,#5757);
#5049=AXIS2_PLACEMENT_3D('',#7627,#5760,#5761);
#5050=AXIS2_PLACEMENT_3D('',#7628,#5762,#5763);
#5051=AXIS2_PLACEMENT_3D('',#7629,#5764,#5765);
#5052=AXIS2_PLACEMENT_3D('',#7630,#5766,#5767);
#5053=AXIS2_PLACEMENT_3D('',#7635,#5770,#5771);
#5054=AXIS2_PLACEMENT_3D('',#7636,#5772,#5773);
#5055=AXIS2_PLACEMENT_3D('',#7639,#5776,#5777);
#5056=AXIS2_PLACEMENT_3D('',#7643,#5780,#5781);
#5057=AXIS2_PLACEMENT_3D('',#7651,#5786,#5787);
#5058=AXIS2_PLACEMENT_3D('',#7655,#5790,#5791);
#5059=AXIS2_PLACEMENT_3D('',#7659,#5793,#5794);
#5060=AXIS2_PLACEMENT_3D('',#7662,#5796,#5797);
#5061=AXIS2_PLACEMENT_3D('',#7663,#5798,#5799);
#5062=AXIS2_PLACEMENT_3D('',#7664,#5800,#5801);
#5063=AXIS2_PLACEMENT_3D('',#7665,#5802,#5803);
#5064=AXIS2_PLACEMENT_3D('',#7667,#5804,#5805);
#5065=AXIS2_PLACEMENT_3D('',#7669,#5806,#5807);
#5066=AXIS2_PLACEMENT_3D('',#7671,#5809,#5810);
#5067=AXIS2_PLACEMENT_3D('',#7675,#5812,#5813);
#5068=AXIS2_PLACEMENT_3D('',#7679,#5815,#5816);
#5069=AXIS2_PLACEMENT_3D('',#7681,#5817,#5818);
#5070=AXIS2_PLACEMENT_3D('',#7683,#5819,#5820);
#5071=AXIS2_PLACEMENT_3D('',#7692,#5825,#5826);
#5072=AXIS2_PLACEMENT_3D('',#7694,#5827,#5828);
#5073=AXIS2_PLACEMENT_3D('',#7734,#5829,#5830);
#5074=AXIS2_PLACEMENT_3D('',#7735,#5831,#5832);
#5075=AXIS2_PLACEMENT_3D('',#7736,#5833,#5834);
#5076=AXIS2_PLACEMENT_3D('',#7743,#5835,#5836);
#5077=AXIS2_PLACEMENT_3D('',#7744,#5837,#5838);
#5078=AXIS2_PLACEMENT_3D('',#7745,#5839,#5840);
#5079=AXIS2_PLACEMENT_3D('',#7747,#5841,#5842);
#5080=AXIS2_PLACEMENT_3D('',#7749,#5844,#5845);
#5081=AXIS2_PLACEMENT_3D('',#7753,#5847,#5848);
#5082=AXIS2_PLACEMENT_3D('',#7757,#5850,#5851);
#5083=AXIS2_PLACEMENT_3D('',#7759,#5853,#5854);
#5084=AXIS2_PLACEMENT_3D('',#7760,#5855,#5856);
#5085=AXIS2_PLACEMENT_3D('',#7777,#5858,#5859);
#5086=AXIS2_PLACEMENT_3D('',#7789,#5860,#5861);
#5087=AXIS2_PLACEMENT_3D('',#7790,#5862,#5863);
#5088=AXIS2_PLACEMENT_3D('',#7794,#5866,#5867);
#5089=AXIS2_PLACEMENT_3D('',#7797,#5869,#5870);
#5090=AXIS2_PLACEMENT_3D('',#7798,#5871,#5872);
#5091=AXIS2_PLACEMENT_3D('',#7815,#5873,#5874);
#5092=AXIS2_PLACEMENT_3D('',#7817,#5875,#5876);
#5093=AXIS2_PLACEMENT_3D('',#7819,#5877,#5878);
#5094=AXIS2_PLACEMENT_3D('',#7821,#5879,#5880);
#5095=AXIS2_PLACEMENT_3D('',#7822,#5881,#5882);
#5096=AXIS2_PLACEMENT_3D('',#7922,#5885,#5886);
#5097=AXIS2_PLACEMENT_3D('',#7926,#5888,#5889);
#5098=AXIS2_PLACEMENT_3D('',#7930,#5891,#5892);
#5099=AXIS2_PLACEMENT_3D('',#7932,#5893,#5894);
#5100=AXIS2_PLACEMENT_3D('',#7934,#5895,#5896);
#5101=AXIS2_PLACEMENT_3D('',#7938,#5898,#5899);
#5102=AXIS2_PLACEMENT_3D('',#7942,#5901,#5902);
#5103=AXIS2_PLACEMENT_3D('',#7945,#5904,#5905);
#5104=AXIS2_PLACEMENT_3D('',#7946,#5906,#5907);
#5105=AXIS2_PLACEMENT_3D('',#7950,#5909,#5910);
#5106=AXIS2_PLACEMENT_3D('',#7966,#5911,#5912);
#5107=AXIS2_PLACEMENT_3D('',#7967,#5913,#5914);
#5108=AXIS2_PLACEMENT_3D('',#7969,#5915,#5916);
#5109=AXIS2_PLACEMENT_3D('',#7973,#5918,#5919);
#5110=AXIS2_PLACEMENT_3D('',#7988,#5920,#5921);
#5111=AXIS2_PLACEMENT_3D('',#7989,#5922,#5923);
#5112=AXIS2_PLACEMENT_3D('',#7990,#5924,#5925);
#5113=AXIS2_PLACEMENT_3D('',#7992,#5926,#5927);
#5114=AXIS2_PLACEMENT_3D('',#7994,#5928,#5929);
#5115=AXIS2_PLACEMENT_3D('',#8004,#5934,#5935);
#5116=AXIS2_PLACEMENT_3D('',#8008,#5937,#5938);
#5117=AXIS2_PLACEMENT_3D('',#8010,#5940,#5941);
#5118=AXIS2_PLACEMENT_3D('',#8012,#5942,#5943);
#5119=AXIS2_PLACEMENT_3D('',#8014,#5945,#5946);
#5120=AXIS2_PLACEMENT_3D('',#8021,#5950,#5951);
#5121=AXIS2_PLACEMENT_3D('',#8023,#5952,#5953);
#5122=AXIS2_PLACEMENT_3D('',#8024,#5954,#5955);
#5123=AXIS2_PLACEMENT_3D('',#8027,#5957,#5958);
#5124=AXIS2_PLACEMENT_3D('',#8028,#5959,#5960);
#5125=AXIS2_PLACEMENT_3D('',#8031,#5963,#5964);
#5126=AXIS2_PLACEMENT_3D('',#8033,#5965,#5966);
#5127=AXIS2_PLACEMENT_3D('',#8034,#5967,#5968);
#5128=AXIS2_PLACEMENT_3D('',#8036,#5970,#5971);
#5129=AXIS2_PLACEMENT_3D('',#8040,#5974,#5975);
#5130=AXIS2_PLACEMENT_3D('',#8044,#5978,#5979);
#5131=AXIS2_PLACEMENT_3D('',#8047,#5981,#5982);
#5132=AXIS2_PLACEMENT_3D('',#8048,#5983,#5984);
#5133=AXIS2_PLACEMENT_3D('',#8057,#5989,#5990);
#5134=AXIS2_PLACEMENT_3D('',#8066,#5995,#5996);
#5135=AXIS2_PLACEMENT_3D('',#8073,#6001,#6002);
#5136=AXIS2_PLACEMENT_3D('',#8084,#6009,#6010);
#5137=AXIS2_PLACEMENT_3D('',#8086,#6012,#6013);
#5138=AXIS2_PLACEMENT_3D('',#8095,#6018,#6019);
#5139=AXIS2_PLACEMENT_3D('',#8104,#6024,#6025);
#5140=AXIS2_PLACEMENT_3D('',#8111,#6030,#6031);
#5141=AXIS2_PLACEMENT_3D('',#8121,#6037,#6038);
#5142=AXIS2_PLACEMENT_3D('',#8123,#6040,#6041);
#5143=AXIS2_PLACEMENT_3D('',#8125,#6043,#6044);
#5144=AXIS2_PLACEMENT_3D('',#8128,#6047,#6048);
#5145=AXIS2_PLACEMENT_3D('',#8134,#6052,#6053);
#5146=AXIS2_PLACEMENT_3D('',#8138,#6057,#6058);
#5147=AXIS2_PLACEMENT_3D('',#8139,#6059,#6060);
#5148=AXIS2_PLACEMENT_3D('',#8143,#6063,#6064);
#5149=AXIS2_PLACEMENT_3D('',#8144,#6065,#6066);
#5150=AXIS2_PLACEMENT_3D('',#8146,#6067,#6068);
#5151=AXIS2_PLACEMENT_3D('',#8147,#6069,#6070);
#5152=AXIS2_PLACEMENT_3D('',#8150,#6071,#6072);
#5153=AXIS2_PLACEMENT_3D('',#8154,#6074,#6075);
#5154=AXIS2_PLACEMENT_3D('',#8156,#6077,#6078);
#5155=AXIS2_PLACEMENT_3D('',#8158,#6079,#6080);
#5156=AXIS2_PLACEMENT_3D('',#8182,#6081,#6082);
#5157=AXIS2_PLACEMENT_3D('',#8184,#6083,#6084);
#5158=AXIS2_PLACEMENT_3D('',#8185,#6085,#6086);
#5159=AXIS2_PLACEMENT_3D('',#8189,#6088,#6089);
#5160=AXIS2_PLACEMENT_3D('',#8203,#6094,#6095);
#5161=AXIS2_PLACEMENT_3D('',#8206,#6098,#6099);
#5162=AXIS2_PLACEMENT_3D('',#8208,#6100,#6101);
#5163=AXIS2_PLACEMENT_3D('',#8209,#6102,#6103);
#5164=AXIS2_PLACEMENT_3D('',#8291,#6105,#6106);
#5165=AXIS2_PLACEMENT_3D('',#8322,#6107,#6108);
#5166=AXIS2_PLACEMENT_3D('',#8577,#6109,#6110);
#5167=AXIS2_PLACEMENT_3D('',#8630,#6111,#6112);
#5168=AXIS2_PLACEMENT_3D('',#8662,#6114,#6115);
#5169=AXIS2_PLACEMENT_3D('',#8684,#6116,#6117);
#5170=AXIS2_PLACEMENT_3D('',#8689,#6118,#6119);
#5171=AXIS2_PLACEMENT_3D('',#8691,#6121,#6122);
#5172=AXIS2_PLACEMENT_3D('',#8694,#6124,#6125);
#5173=AXIS2_PLACEMENT_3D('',#8695,#6126,#6127);
#5174=AXIS2_PLACEMENT_3D('',#8697,#6129,#6130);
#5175=AXIS2_PLACEMENT_3D('',#8698,#6131,#6132);
#5176=AXIS2_PLACEMENT_3D('',#8715,#6136,#6137);
#5177=AXIS2_PLACEMENT_3D('',#8718,#6139,#6140);
#5178=AXIS2_PLACEMENT_3D('',#8744,#6141,#6142);
#5179=AXIS2_PLACEMENT_3D('',#8746,#6143,#6144);
#5180=AXIS2_PLACEMENT_3D('',#8748,#6145,#6146);
#5181=AXIS2_PLACEMENT_3D('',#8749,#6147,#6148);
#5182=AXIS2_PLACEMENT_3D('',#8750,#6149,#6150);
#5183=AXIS2_PLACEMENT_3D('',#8752,#6151,#6152);
#5184=AXIS2_PLACEMENT_3D('',#8754,#6154,#6155);
#5185=AXIS2_PLACEMENT_3D('',#8758,#6158,#6159);
#5186=AXIS2_PLACEMENT_3D('',#8766,#6164,#6165);
#5187=AXIS2_PLACEMENT_3D('',#8769,#6167,#6168);
#5188=AXIS2_PLACEMENT_3D('',#8770,#6169,#6170);
#5189=AXIS2_PLACEMENT_3D('',#8771,#6171,#6172);
#5190=AXIS2_PLACEMENT_3D('',#8775,#6175,#6176);
#5191=AXIS2_PLACEMENT_3D('',#8776,#6177,#6178);
#5192=AXIS2_PLACEMENT_3D('',#8777,#6179,#6180);
#5193=AXIS2_PLACEMENT_3D('',#8781,#6183,#6184);
#5194=AXIS2_PLACEMENT_3D('',#8808,#6187,#6188);
#5195=AXIS2_PLACEMENT_3D('',#8809,#6189,#6190);
#5196=AXIS2_PLACEMENT_3D('',#8815,#6193,#6194);
#5197=AXIS2_PLACEMENT_3D('',#8816,#6195,#6196);
#5198=AXIS2_PLACEMENT_3D('',#8837,#6197,#6198);
#5199=AXIS2_PLACEMENT_3D('',#8838,#6199,#6200);
#5200=AXIS2_PLACEMENT_3D('',#8857,#6203,#6204);
#5201=AXIS2_PLACEMENT_3D('',#8869,#6211,#6212);
#5202=AXIS2_PLACEMENT_3D('',#8885,#6215,#6216);
#5203=AXIS2_PLACEMENT_3D('',#8889,#6218,#6219);
#5204=AXIS2_PLACEMENT_3D('',#8896,#6220,#6221);
#5205=AXIS2_PLACEMENT_3D('',#8898,#6222,#6223);
#5206=AXIS2_PLACEMENT_3D('',#8901,#6225,#6226);
#5207=AXIS2_PLACEMENT_3D('',#8902,#6227,#6228);
#5208=AXIS2_PLACEMENT_3D('',#8903,#6229,#6230);
#5209=AXIS2_PLACEMENT_3D('',#8904,#6231,#6232);
#5210=AXIS2_PLACEMENT_3D('',#8915,#6234,#6235);
#5211=AXIS2_PLACEMENT_3D('',#8917,#6237,#6238);
#5212=AXIS2_PLACEMENT_3D('',#8928,#6239,#6240);
#5213=AXIS2_PLACEMENT_3D('',#8945,#6241,#6242);
#5214=AXIS2_PLACEMENT_3D('',#8946,#6243,#6244);
#5215=AXIS2_PLACEMENT_3D('',#8948,#6246,#6247);
#5216=AXIS2_PLACEMENT_3D('',#8950,#6249,#6250);
#5217=AXIS2_PLACEMENT_3D('',#8955,#6254,#6255);
#5218=AXIS2_PLACEMENT_3D('',#8959,#6258,#6259);
#5219=AXIS2_PLACEMENT_3D('',#8960,#6260,#6261);
#5220=AXIS2_PLACEMENT_3D('',#8962,#6263,#6264);
#5221=AXIS2_PLACEMENT_3D('',#8965,#6265,#6266);
#5222=AXIS2_PLACEMENT_3D('',#8977,#6269,#6270);
#5223=AXIS2_PLACEMENT_3D('',#8979,#6272,#6273);
#5224=AXIS2_PLACEMENT_3D('',#8991,#6274,#6275);
#5225=AXIS2_PLACEMENT_3D('',#9000,#6276,#6277);
#5226=AXIS2_PLACEMENT_3D('',#9001,#6278,#6279);
#5227=AXIS2_PLACEMENT_3D('',#9005,#6281,#6282);
#5228=AXIS2_PLACEMENT_3D('',#9008,#6284,#6285);
#5229=AXIS2_PLACEMENT_3D('',#9010,#6287,#6288);
#5230=AXIS2_PLACEMENT_3D('',#9011,#6289,#6290);
#5231=AXIS2_PLACEMENT_3D('',#9012,#6291,#6292);
#5232=AXIS2_PLACEMENT_3D('',#9015,#6293,#6294);
#5233=AXIS2_PLACEMENT_3D('',#9029,#6295,#6296);
#5234=AXIS2_PLACEMENT_3D('',#9046,#6297,#6298);
#5235=AXIS2_PLACEMENT_3D('',#9049,#6300,#6301);
#5236=AXIS2_PLACEMENT_3D('',#9050,#6302,#6303);
#5237=AXIS2_PLACEMENT_3D('',#9055,#6307,#6308);
#5238=AXIS2_PLACEMENT_3D('',#9059,#6311,#6312);
#5239=AXIS2_PLACEMENT_3D('',#9070,#6314,#6315);
#5240=AXIS2_PLACEMENT_3D('',#9071,#6316,#6317);
#5241=AXIS2_PLACEMENT_3D('',#9072,#6318,#6319);
#5242=AXIS2_PLACEMENT_3D('',#9094,#6320,#6321);
#5243=AXIS2_PLACEMENT_3D('',#9095,#6322,#6323);
#5244=AXIS2_PLACEMENT_3D('',#9097,#6325,#6326);
#5245=AXIS2_PLACEMENT_3D('',#9098,#6327,#6328);
#5246=AXIS2_PLACEMENT_3D('',#9100,#6330,#6331);
#5247=AXIS2_PLACEMENT_3D('',#9102,#6333,#6334);
#5248=AXIS2_PLACEMENT_3D('',#9103,#6335,#6336);
#5249=AXIS2_PLACEMENT_3D('',#9104,#6337,#6338);
#5250=AXIS2_PLACEMENT_3D('',#9108,#6340,#6341);
#5251=AXIS2_PLACEMENT_3D('',#9121,#6343,#6344);
#5252=AXIS2_PLACEMENT_3D('',#9123,#6346,#6347);
#5253=AXIS2_PLACEMENT_3D('',#9124,#6348,#6349);
#5254=AXIS2_PLACEMENT_3D('',#9125,#6350,#6351);
#5255=AXIS2_PLACEMENT_3D('',#9135,#6353,#6354);
#5256=AXIS2_PLACEMENT_3D('',#9136,#6355,#6356);
#5257=AXIS2_PLACEMENT_3D('',#9138,#6357,#6358);
#5258=AXIS2_PLACEMENT_3D('',#9140,#6360,#6361);
#5259=AXIS2_PLACEMENT_3D('',#9143,#6363,#6364);
#5260=AXIS2_PLACEMENT_3D('',#9144,#6365,#6366);
#5261=AXIS2_PLACEMENT_3D('',#9146,#6367,#6368);
#5262=AXIS2_PLACEMENT_3D('',#9147,#6369,#6370);
#5263=AXIS2_PLACEMENT_3D('',#9149,#6371,#6372);
#5264=AXIS2_PLACEMENT_3D('',#9150,#6373,#6374);
#5265=AXIS2_PLACEMENT_3D('',#9208,#6375,#6376);
#5266=AXIS2_PLACEMENT_3D('',#9236,#6377,#6378);
#5267=AXIS2_PLACEMENT_3D('',#9238,#6379,#6380);
#5268=AXIS2_PLACEMENT_3D('',#9239,#6381,#6382);
#5269=AXIS2_PLACEMENT_3D('',#9240,#6383,#6384);
#5270=AXIS2_PLACEMENT_3D('',#9242,#6385,#6386);
#5271=AXIS2_PLACEMENT_3D('',#9254,#6387,#6388);
#5272=AXIS2_PLACEMENT_3D('',#9255,#6389,#6390);
#5273=AXIS2_PLACEMENT_3D('',#9258,#6392,#6393);
#5274=AXIS2_PLACEMENT_3D('',#9259,#6394,#6395);
#5275=AXIS2_PLACEMENT_3D('',#9260,#6396,#6397);
#5276=AXIS2_PLACEMENT_3D('',#9261,#6398,#6399);
#5277=AXIS2_PLACEMENT_3D('',#9279,#6401,#6402);
#5278=AXIS2_PLACEMENT_3D('',#9280,#6403,#6404);
#5279=AXIS2_PLACEMENT_3D('',#9281,#6405,#6406);
#5280=AXIS2_PLACEMENT_3D('',#9282,#6407,#6408);
#5281=AXIS2_PLACEMENT_3D('',#9284,#6409,#6410);
#5282=AXIS2_PLACEMENT_3D('',#9285,#6411,#6412);
#5283=AXIS2_PLACEMENT_3D('',#9287,#6414,#6415);
#5284=AXIS2_PLACEMENT_3D('',#9289,#6417,#6418);
#5285=AXIS2_PLACEMENT_3D('',#9290,#6419,#6420);
#5286=AXIS2_PLACEMENT_3D('',#9291,#6421,#6422);
#5287=AXIS2_PLACEMENT_3D('',#9295,#6424,#6425);
#5288=AXIS2_PLACEMENT_3D('',#9297,#6427,#6428);
#5289=AXIS2_PLACEMENT_3D('',#9301,#6431,#6432);
#5290=AXIS2_PLACEMENT_3D('',#9307,#6436,#6437);
#5291=AXIS2_PLACEMENT_3D('',#9309,#6438,#6439);
#5292=AXIS2_PLACEMENT_3D('',#9311,#6441,#6442);
#5293=AXIS2_PLACEMENT_3D('',#9312,#6443,#6444);
#5294=AXIS2_PLACEMENT_3D('',#9313,#6445,#6446);
#5295=AXIS2_PLACEMENT_3D('',#9317,#6448,#6449);
#5296=AXIS2_PLACEMENT_3D('',#9320,#6451,#6452);
#5297=AXIS2_PLACEMENT_3D('',#9321,#6453,#6454);
#5298=AXIS2_PLACEMENT_3D('',#9323,#6455,#6456);
#5299=AXIS2_PLACEMENT_3D('',#9325,#6458,#6459);
#5300=AXIS2_PLACEMENT_3D('',#9327,#6460,#6461);
#5301=AXIS2_PLACEMENT_3D('',#9328,#6462,#6463);
#5302=AXIS2_PLACEMENT_3D('',#9334,#6467,#6468);
#5303=AXIS2_PLACEMENT_3D('',#9336,#6469,#6470);
#5304=AXIS2_PLACEMENT_3D('',#9338,#6472,#6473);
#5305=AXIS2_PLACEMENT_3D('',#9341,#6475,#6476);
#5306=AXIS2_PLACEMENT_3D('',#9342,#6477,#6478);
#5307=AXIS2_PLACEMENT_3D('',#9347,#6481,#6482);
#5308=AXIS2_PLACEMENT_3D('',#9350,#6484,#6485);
#5309=AXIS2_PLACEMENT_3D('',#9351,#6486,#6487);
#5310=AXIS2_PLACEMENT_3D('',#9357,#6491,#6492);
#5311=AXIS2_PLACEMENT_3D('',#9360,#6493,#6494);
#5312=AXIS2_PLACEMENT_3D('',#9364,#6496,#6497);
#5313=AXIS2_PLACEMENT_3D('',#9366,#6499,#6500);
#5314=AXIS2_PLACEMENT_3D('',#9368,#6501,#6502);
#5315=AXIS2_PLACEMENT_3D('',#9370,#6504,#6505);
#5316=AXIS2_PLACEMENT_3D('',#9375,#6509,#6510);
#5317=AXIS2_PLACEMENT_3D('',#9380,#6514,#6515);
#5318=AXIS2_PLACEMENT_3D('',#9381,#6516,#6517);
#5319=AXIS2_PLACEMENT_3D('',#9382,#6518,#6519);
#5320=AXIS2_PLACEMENT_3D('',#9383,#6520,#6521);
#5321=AXIS2_PLACEMENT_3D('',#9385,#6522,#6523);
#5322=AXIS2_PLACEMENT_3D('',#9387,#6525,#6526);
#5323=AXIS2_PLACEMENT_3D('',#9391,#6528,#6529);
#5324=AXIS2_PLACEMENT_3D('',#9395,#6531,#6532);
#5325=AXIS2_PLACEMENT_3D('',#9398,#6534,#6535);
#5326=AXIS2_PLACEMENT_3D('',#9399,#6536,#6537);
#5327=AXIS2_PLACEMENT_3D('',#9401,#6538,#6539);
#5328=AXIS2_PLACEMENT_3D('',#9405,#6541,#6542);
#5329=AXIS2_PLACEMENT_3D('',#9407,#6544,#6545);
#5330=AXIS2_PLACEMENT_3D('',#9412,#6549,#6550);
#5331=AXIS2_PLACEMENT_3D('',#9416,#6553,#6554);
#5332=AXIS2_PLACEMENT_3D('',#9417,#6555,#6556);
#5333=AXIS2_PLACEMENT_3D('',#9418,#6557,#6558);
#5334=AXIS2_PLACEMENT_3D('',#9419,#6559,#6560);
#5335=AXIS2_PLACEMENT_3D('',#9421,#6561,#6562);
#5336=AXIS2_PLACEMENT_3D('',#9423,#6564,#6565);
#5337=AXIS2_PLACEMENT_3D('',#9428,#6567,#6568);
#5338=AXIS2_PLACEMENT_3D('',#9430,#6570,#6571);
#5339=AXIS2_PLACEMENT_3D('',#9431,#6572,#6573);
#5340=AXIS2_PLACEMENT_3D('',#9433,#6574,#6575);
#5341=AXIS2_PLACEMENT_3D('',#9435,#6577,#6578);
#5342=AXIS2_PLACEMENT_3D('',#9437,#6579,#6580);
#5343=AXIS2_PLACEMENT_3D('',#9439,#6582,#6583);
#5344=AXIS2_PLACEMENT_3D('',#9443,#6585,#6586);
#5345=AXIS2_PLACEMENT_3D('',#9445,#6588,#6589);
#5346=AXIS2_PLACEMENT_3D('',#9447,#6591,#6592);
#5347=AXIS2_PLACEMENT_3D('',#9451,#6595,#6596);
#5348=AXIS2_PLACEMENT_3D('',#9453,#6597,#6598);
#5349=AXIS2_PLACEMENT_3D('',#9455,#6600,#6601);
#5350=AXIS2_PLACEMENT_3D('',#9457,#6603,#6604);
#5351=AXIS2_PLACEMENT_3D('',#9459,#6605,#6606);
#5352=AXIS2_PLACEMENT_3D('',#9460,#6607,#6608);
#5353=AXIS2_PLACEMENT_3D('',#9461,#6609,#6610);
#5354=AXIS2_PLACEMENT_3D('',#9463,#6611,#6612);
#5355=AXIS2_PLACEMENT_3D('',#9466,#6614,#6615);
#5356=AXIS2_PLACEMENT_3D('',#9470,#6617,#6618);
#5357=AXIS2_PLACEMENT_3D('',#9474,#6620,#6621);
#5358=AXIS2_PLACEMENT_3D('',#9477,#6623,#6624);
#5359=AXIS2_PLACEMENT_3D('',#9478,#6625,#6626);
#5360=AXIS2_PLACEMENT_3D('',#9481,#6628,#6629);
#5361=AXIS2_PLACEMENT_3D('',#9482,#6630,#6631);
#5362=AXIS2_PLACEMENT_3D('',#9484,#6632,#6633);
#5363=AXIS2_PLACEMENT_3D('',#9485,#6634,#6635);
#5364=AXIS2_PLACEMENT_3D('',#9487,#6636,#6637);
#5365=AXIS2_PLACEMENT_3D('',#9488,#6638,#6639);
#5366=AXIS2_PLACEMENT_3D('',#9490,#6641,#6642);
#5367=AXIS2_PLACEMENT_3D('',#9493,#6645,#6646);
#5368=AXIS2_PLACEMENT_3D('',#9495,#6648,#6649);
#5369=AXIS2_PLACEMENT_3D('',#9497,#6651,#6652);
#5370=AXIS2_PLACEMENT_3D('',#9498,#6653,#6654);
#5371=AXIS2_PLACEMENT_3D('',#9499,#6655,#6656);
#5372=AXIS2_PLACEMENT_3D('',#9501,#6657,#6658);
#5373=AXIS2_PLACEMENT_3D('',#9502,#6659,#6660);
#5374=AXIS2_PLACEMENT_3D('',#9504,#6661,#6662);
#5375=AXIS2_PLACEMENT_3D('',#9505,#6663,#6664);
#5376=AXIS2_PLACEMENT_3D('',#9507,#6666,#6667);
#5377=AXIS2_PLACEMENT_3D('',#9509,#6669,#6670);
#5378=AXIS2_PLACEMENT_3D('',#9516,#6674,#6675);
#5379=AXIS2_PLACEMENT_3D('',#9517,#6676,#6677);
#5380=AXIS2_PLACEMENT_3D('',#9519,#6679,#6680);
#5381=AXIS2_PLACEMENT_3D('',#9521,#6682,#6683);
#5382=AXIS2_PLACEMENT_3D('',#9522,#6684,#6685);
#5383=AXIS2_PLACEMENT_3D('',#9524,#6686,#6687);
#5384=AXIS2_PLACEMENT_3D('',#9527,#6689,#6690);
#5385=AXIS2_PLACEMENT_3D('',#9528,#6691,#6692);
#5386=AXIS2_PLACEMENT_3D('',#9531,#6695,#6696);
#5387=AXIS2_PLACEMENT_3D('',#9532,#6697,#6698);
#5388=AXIS2_PLACEMENT_3D('',#9533,#6699,#6700);
#5389=AXIS2_PLACEMENT_3D('',#9536,#6702,#6703);
#5390=AXIS2_PLACEMENT_3D('',#9537,#6704,#6705);
#5391=AXIS2_PLACEMENT_3D('',#9538,#6706,#6707);
#5392=AXIS2_PLACEMENT_3D('',#9540,#6709,#6710);
#5393=AXIS2_PLACEMENT_3D('',#9542,#6712,#6713);
#5394=AXIS2_PLACEMENT_3D('',#9549,#6716,#6717);
#5395=AXIS2_PLACEMENT_3D('',#9553,#6719,#6720);
#5396=AXIS2_PLACEMENT_3D('',#9567,#6728,#6729);
#5397=AXIS2_PLACEMENT_3D('',#9569,#6730,#6731);
#5398=AXIS2_PLACEMENT_3D('',#9571,#6732,#6733);
#5399=AXIS2_PLACEMENT_3D('',#9572,#6734,#6735);
#5400=AXIS2_PLACEMENT_3D('',#9574,#6736,#6737);
#5401=AXIS2_PLACEMENT_3D('',#9576,#6738,#6739);
#5402=AXIS2_PLACEMENT_3D('',#9577,#6740,#6741);
#5403=AXIS2_PLACEMENT_3D('',#9579,#6742,#6743);
#5404=AXIS2_PLACEMENT_3D('',#9581,#6744,#6745);
#5405=AXIS2_PLACEMENT_3D('',#9582,#6746,#6747);
#5406=AXIS2_PLACEMENT_3D('',#9584,#6749,#6750);
#5407=AXIS2_PLACEMENT_3D('',#9586,#6752,#6753);
#5408=AXIS2_PLACEMENT_3D('',#9588,#6755,#6756);
#5409=AXIS2_PLACEMENT_3D('',#9594,#6760,#6761);
#5410=AXIS2_PLACEMENT_3D('',#9598,#6764,#6765);
#5411=AXIS2_PLACEMENT_3D('',#9602,#6768,#6769);
#5412=AXIS2_PLACEMENT_3D('',#9606,#6772,#6773);
#5413=AXIS2_PLACEMENT_3D('',#9608,#6774,#6775);
#5414=AXIS2_PLACEMENT_3D('',#9610,#6777,#6778);
#5415=AXIS2_PLACEMENT_3D('',#9614,#6781,#6782);
#5416=AXIS2_PLACEMENT_3D('',#9616,#6783,#6784);
#5417=AXIS2_PLACEMENT_3D('',#9618,#6786,#6787);
#5418=AXIS2_PLACEMENT_3D('',#9622,#6790,#6791);
#5419=AXIS2_PLACEMENT_3D('',#9626,#6794,#6795);
#5420=AXIS2_PLACEMENT_3D('',#9630,#6798,#6799);
#5421=AXIS2_PLACEMENT_3D('',#9634,#6802,#6803);
#5422=AXIS2_PLACEMENT_3D('',#9636,#6805,#6806);
#5423=AXIS2_PLACEMENT_3D('',#9638,#6807,#6808);
#5424=AXIS2_PLACEMENT_3D('',#9640,#6809,#6810);
#5425=AXIS2_PLACEMENT_3D('',#9642,#6811,#6812);
#5426=AXIS2_PLACEMENT_3D('',#9645,#6815,#6816);
#5427=AXIS2_PLACEMENT_3D('',#9647,#6818,#6819);
#5428=AXIS2_PLACEMENT_3D('',#9649,#6821,#6822);
#5429=AXIS2_PLACEMENT_3D('',#9650,#6823,#6824);
#5430=AXIS2_PLACEMENT_3D('',#9651,#6825,#6826);
#5431=AXIS2_PLACEMENT_3D('',#9653,#6827,#6828);
#5432=AXIS2_PLACEMENT_3D('',#9655,#6830,#6831);
#5433=AXIS2_PLACEMENT_3D('',#9657,#6832,#6833);
#5434=AXIS2_PLACEMENT_3D('',#9658,#6834,#6835);
#5435=AXIS2_PLACEMENT_3D('',#9660,#6837,#6838);
#5436=AXIS2_PLACEMENT_3D('',#9662,#6839,#6840);
#5437=AXIS2_PLACEMENT_3D('',#9665,#6842,#6843);
#5438=AXIS2_PLACEMENT_3D('',#9666,#6844,#6845);
#5439=AXIS2_PLACEMENT_3D('',#9668,#6847,#6848);
#5440=AXIS2_PLACEMENT_3D('',#9670,#6849,#6850);
#5441=AXIS2_PLACEMENT_3D('',#9671,#6851,#6852);
#5442=AXIS2_PLACEMENT_3D('',#9673,#6854,#6855);
#5443=AXIS2_PLACEMENT_3D('',#9675,#6856,#6857);
#5444=AXIS2_PLACEMENT_3D('',#9678,#6859,#6860);
#5445=AXIS2_PLACEMENT_3D('',#9679,#6861,#6862);
#5446=AXIS2_PLACEMENT_3D('',#9681,#6864,#6865);
#5447=AXIS2_PLACEMENT_3D('',#9683,#6866,#6867);
#5448=AXIS2_PLACEMENT_3D('',#9684,#6868,#6869);
#5449=AXIS2_PLACEMENT_3D('',#9686,#6871,#6872);
#5450=AXIS2_PLACEMENT_3D('',#9688,#6873,#6874);
#5451=AXIS2_PLACEMENT_3D('',#9691,#6876,#6877);
#5452=AXIS2_PLACEMENT_3D('',#9692,#6878,#6879);
#5453=AXIS2_PLACEMENT_3D('',#9694,#6881,#6882);
#5454=AXIS2_PLACEMENT_3D('',#9696,#6883,#6884);
#5455=AXIS2_PLACEMENT_3D('',#9697,#6885,#6886);
#5456=AXIS2_PLACEMENT_3D('',#9699,#6888,#6889);
#5457=AXIS2_PLACEMENT_3D('',#9701,#6890,#6891);
#5458=AXIS2_PLACEMENT_3D('',#9703,#6893,#6894);
#5459=AXIS2_PLACEMENT_3D('',#9704,#6895,#6896);
#5460=AXIS2_PLACEMENT_3D('',#9706,#6897,#6898);
#5461=AXIS2_PLACEMENT_3D('',#9708,#6900,#6901);
#5462=DIRECTION('axis',(0.,0.,1.));
#5463=DIRECTION('refdir',(1.,0.,0.));
#5464=DIRECTION('center_axis',(-6.66133814775362E-15,-1.93928558405433E-14,
1.));
#5465=DIRECTION('ref_axis',(0.945760878603525,-0.324863602921423,0.));
#5466=DIRECTION('center_axis',(-1.90221308909022E-14,-8.88178419699549E-15,
1.));
#5467=DIRECTION('ref_axis',(5.32907051820337E-13,1.,8.88178419700562E-15));
#5468=DIRECTION('center_axis',(-1.,5.29946457100781E-13,0.));
#5469=DIRECTION('ref_axis',(3.76822190084106E-13,0.707106781186547,-0.707106781186547));
#5470=DIRECTION('',(1.,-5.29946457100781E-13,0.));
#5471=DIRECTION('center_axis',(1.,0.,0.));
#5472=DIRECTION('ref_axis',(3.76822190084106E-13,0.707106781186547,-0.707106781186547));
#5473=DIRECTION('',(-1.,5.29946457100781E-13,0.));
#5474=DIRECTION('center_axis',(0.,0.,-1.));
#5475=DIRECTION('ref_axis',(-1.,0.,0.));
#5476=DIRECTION('center_axis',(0.,0.,1.));
#5477=DIRECTION('ref_axis',(-0.707106781184738,-0.707106781188357,0.));
#5478=DIRECTION('center_axis',(0.,0.,-1.));
#5479=DIRECTION('ref_axis',(-0.707106781184738,-0.707106781188357,0.));
#5480=DIRECTION('center_axis',(0.,0.,1.));
#5481=DIRECTION('ref_axis',(-0.707106781184738,-0.707106781188357,0.));
#5482=DIRECTION('center_axis',(2.36847578586635E-13,1.,0.));
#5483=DIRECTION('ref_axis',(0.707106781186547,-1.65801763637007E-13,-0.707106781186547));
#5484=DIRECTION('',(2.36847578586635E-13,1.,0.));
#5485=DIRECTION('center_axis',(0.,1.,0.));
#5486=DIRECTION('ref_axis',(0.707106781186547,-1.65801763637007E-13,-0.707106781186547));
#5487=DIRECTION('',(-2.36847578586635E-13,-1.,0.));
#5488=DIRECTION('center_axis',(0.,0.,-1.));
#5489=DIRECTION('ref_axis',(0.996972280633612,0.0777577754839669,0.));
#5490=DIRECTION('center_axis',(0.413686712919462,-0.910419300956373,0.));
#5491=DIRECTION('ref_axis',(-0.910419300956373,-0.413686712919462,0.));
#5492=DIRECTION('center_axis',(0.,0.,-1.));
#5493=DIRECTION('ref_axis',(0.996972280633613,0.0777577754839548,0.));
#5494=DIRECTION('center_axis',(0.,0.,1.));
#5495=DIRECTION('ref_axis',(0.996972280633613,0.0777577754839548,0.));
#5496=DIRECTION('center_axis',(0.413686712919464,-0.910419300956372,0.));
#5497=DIRECTION('ref_axis',(-0.643763661429364,-0.292520679992129,-0.707106781186549));
#5498=DIRECTION('',(-0.413686712919464,0.910419300956372,0.));
#5499=DIRECTION('center_axis',(-0.413686712919462,0.910419300956373,0.));
#5500=DIRECTION('ref_axis',(0.,0.,-1.));
#5501=DIRECTION('',(0.413686712919464,-0.910419300956372,0.));
#5502=DIRECTION('center_axis',(0.,0.,1.));
#5503=DIRECTION('ref_axis',(-1.,0.,0.));
#5504=DIRECTION('',(-1.,0.,0.));
#5505=DIRECTION('center_axis',(0.,0.,1.));
#5506=DIRECTION('ref_axis',(-1.,0.,0.));
#5507=DIRECTION('center_axis',(0.,0.,1.));
#5508=DIRECTION('ref_axis',(0.68666088335073,0.72697787536898,0.));
#5509=DIRECTION('center_axis',(0.,0.,1.));
#5510=DIRECTION('ref_axis',(0.522877924288274,0.852407576392881,0.));
#5511=DIRECTION('',(0.,-1.,0.));
#5512=DIRECTION('center_axis',(0.,0.,1.));
#5513=DIRECTION('ref_axis',(-0.707106781186549,-0.707106781186546,0.));
#5514=DIRECTION('',(0.,0.,1.));
#5515=DIRECTION('',(0.,0.,-1.));
#5516=DIRECTION('',(0.,0.,-1.));
#5517=DIRECTION('center_axis',(-1.,0.,0.));
#5518=DIRECTION('ref_axis',(0.,-1.,0.));
#5519=DIRECTION('center_axis',(-1.,0.,0.));
#5520=DIRECTION('ref_axis',(0.,-1.,0.));
#5521=DIRECTION('',(0.,1.,0.));
#5522=DIRECTION('center_axis',(-1.,0.,0.));
#5523=DIRECTION('ref_axis',(0.,0.707106781186548,-0.707106781186548));
#5524=DIRECTION('',(0.,0.,1.));
#5525=DIRECTION('center_axis',(-1.,0.,0.));
#5526=DIRECTION('ref_axis',(0.,0.707106781186547,0.707106781186548));
#5527=DIRECTION('',(0.,-1.,0.));
#5528=DIRECTION('center_axis',(-1.,0.,0.));
#5529=DIRECTION('ref_axis',(0.,-1.,0.));
#5530=DIRECTION('',(0.,1.,0.));
#5531=DIRECTION('center_axis',(1.,0.,0.));
#5532=DIRECTION('ref_axis',(0.,0.707106781186547,0.707106781186547));
#5533=DIRECTION('',(0.,0.,-1.));
#5534=DIRECTION('',(0.,0.509294597299371,-0.860592245585371));
#5535=DIRECTION('',(0.,-7.53907450985264E-16,-1.));
#5536=DIRECTION('',(0.,-0.509294597299362,0.860592245585376));
#5537=DIRECTION('',(0.,-1.,0.));
#5538=DIRECTION('center_axis',(-1.,0.,0.));
#5539=DIRECTION('ref_axis',(0.,-1.,0.));
#5540=DIRECTION('center_axis',(1.,0.,0.));
#5541=DIRECTION('ref_axis',(0.,-1.,0.));
#5542=DIRECTION('center_axis',(1.,0.,0.));
#5543=DIRECTION('ref_axis',(0.,-1.,0.));
#5544=DIRECTION('center_axis',(1.,0.,0.));
#5545=DIRECTION('ref_axis',(0.,-1.,1.22464679914735E-16));
#5546=DIRECTION('',(1.,0.,0.));
#5547=DIRECTION('center_axis',(1.,0.,0.));
#5548=DIRECTION('ref_axis',(0.,1.,0.));
#5549=DIRECTION('',(-1.,0.,0.));
#5550=DIRECTION('',(-1.,0.,0.));
#5551=DIRECTION('center_axis',(1.,0.,0.));
#5552=DIRECTION('ref_axis',(0.,1.,0.));
#5553=DIRECTION('',(-1.,0.,0.));
#5554=DIRECTION('center_axis',(0.,1.,0.));
#5555=DIRECTION('ref_axis',(0.,0.,1.));
#5556=DIRECTION('',(0.,0.,-1.));
#5557=DIRECTION('center_axis',(0.,0.,1.));
#5558=DIRECTION('ref_axis',(0.70710678118655,0.707106781186545,0.));
#5559=DIRECTION('',(0.,0.,1.));
#5560=DIRECTION('center_axis',(-1.,0.,0.));
#5561=DIRECTION('ref_axis',(0.,-1.,0.));
#5562=DIRECTION('center_axis',(-1.,-1.11022302462515E-15,0.));
#5563=DIRECTION('ref_axis',(0.,0.707106781186548,-0.707106781186547));
#5564=DIRECTION('center_axis',(0.707106781186547,-0.707106781186548,0.));
#5565=DIRECTION('ref_axis',(0.707106781186548,0.707106781186547,0.));
#5566=DIRECTION('center_axis',(1.,1.97372982155583E-15,0.));
#5567=DIRECTION('ref_axis',(0.,0.,-1.));
#5568=DIRECTION('',(-1.,-1.11022302462515E-15,0.));
#5569=DIRECTION('center_axis',(-1.,0.,0.));
#5570=DIRECTION('ref_axis',(0.,0.707106781186548,-0.707106781186547));
#5571=DIRECTION('',(1.,1.11022302462515E-15,0.));
#5572=DIRECTION('center_axis',(0.707106781186548,0.707106781186548,0.));
#5573=DIRECTION('ref_axis',(-0.707106781186547,0.707106781186547,0.));
#5574=DIRECTION('center_axis',(-1.,-1.11022302462515E-15,0.));
#5575=DIRECTION('ref_axis',(0.,0.707106781186548,-0.707106781186547));
#5576=DIRECTION('center_axis',(0.707106781186547,-0.707106781186548,0.));
#5577=DIRECTION('ref_axis',(0.707106781186548,0.707106781186547,0.));
#5578=DIRECTION('center_axis',(1.,1.97372982155583E-15,0.));
#5579=DIRECTION('ref_axis',(0.,0.,-1.));
#5580=DIRECTION('',(-1.,-1.11022302462515E-15,0.));
#5581=DIRECTION('center_axis',(0.,0.,-1.));
#5582=DIRECTION('ref_axis',(-1.,0.,0.));
#5583=DIRECTION('center_axis',(0.,0.,-1.));
#5584=DIRECTION('ref_axis',(0.19850813228626,-0.980099240595676,0.));
#5585=DIRECTION('center_axis',(0.,0.,1.));
#5586=DIRECTION('ref_axis',(-1.,0.,0.));
#5587=DIRECTION('',(0.,-1.,0.));
#5588=DIRECTION('center_axis',(0.,0.,-1.));
#5589=DIRECTION('ref_axis',(-1.,0.,0.));
#5590=DIRECTION('',(0.707106781186548,-0.707106781186547,0.));
#5591=DIRECTION('',(0.984807753012209,-0.173648177666922,0.));
#5592=DIRECTION('',(0.707106781186548,0.707106781186547,0.));
#5593=DIRECTION('',(-0.173648177666928,0.984807753012208,0.));
#5594=DIRECTION('',(-0.707106781186548,0.707106781186547,0.));
#5595=DIRECTION('center_axis',(0.,0.,-1.));
#5596=DIRECTION('ref_axis',(0.989421756954805,-0.145067525189017,0.));
#5597=DIRECTION('',(-1.,0.,0.));
#5598=DIRECTION('',(-1.58453690616206E-16,1.,0.));
#5599=DIRECTION('center_axis',(0.,0.,1.));
#5600=DIRECTION('ref_axis',(0.527046276694731,0.849836585598797,0.));
#5601=DIRECTION('center_axis',(0.,0.,-1.));
#5602=DIRECTION('ref_axis',(-0.506630675619578,0.862163185552045,0.));
#5603=DIRECTION('center_axis',(0.,0.,1.));
#5604=DIRECTION('ref_axis',(1.,0.,0.));
#5605=DIRECTION('',(4.92936865778693E-16,1.,0.));
#5606=DIRECTION('center_axis',(0.,0.,1.));
#5607=DIRECTION('ref_axis',(0.866025403784439,-0.5,0.));
#5608=DIRECTION('',(-0.5,-0.866025403784439,0.));
#5609=DIRECTION('',(-0.2943570368898,0.95569552412547,0.));
#5610=DIRECTION('',(0.707106781186548,0.707106781186547,0.));
#5611=DIRECTION('',(0.707106781186548,-0.707106781186547,0.));
#5612=DIRECTION('',(-0.707106781186548,-0.707106781186547,0.));
#5613=DIRECTION('',(-0.707106781186548,0.707106781186548,0.));
#5614=DIRECTION('center_axis',(0.2943570368898,-0.95569552412547,0.));
#5615=DIRECTION('ref_axis',(-0.675778785858752,-0.208141856874757,-0.707106781186547));
#5616=DIRECTION('center_axis',(0.2943570368898,-0.95569552412547,0.));
#5617=DIRECTION('ref_axis',(-0.95569552412547,-0.2943570368898,0.));
#5618=DIRECTION('center_axis',(-0.866025403784439,0.5,0.));
#5619=DIRECTION('ref_axis',(-0.5,-0.866025403784439,2.25982329698447E-16));
#5620=DIRECTION('',(0.2943570368898,-0.95569552412547,0.));
#5621=DIRECTION('center_axis',(0.2943570368898,-0.95569552412547,0.));
#5622=DIRECTION('ref_axis',(-0.675778785858752,-0.208141856874757,-0.707106781186547));
#5623=DIRECTION('center_axis',(0.707106781186547,-0.707106781186548,0.));
#5624=DIRECTION('ref_axis',(-0.707106781186548,-0.707106781186547,3.81635741473859E-16));
#5625=DIRECTION('',(0.2943570368898,-0.95569552412547,0.));
#5626=DIRECTION('center_axis',(0.2943570368898,-0.95569552412547,0.));
#5627=DIRECTION('ref_axis',(-0.95569552412547,-0.2943570368898,0.));
#5628=DIRECTION('center_axis',(0.,0.,-1.));
#5629=DIRECTION('ref_axis',(0.998727961815923,-0.0504227953113731,0.));
#5630=DIRECTION('center_axis',(0.,0.,-1.));
#5631=DIRECTION('ref_axis',(0.998727961815923,-0.0504227953113733,0.));
#5632=DIRECTION('center_axis',(0.95569552412547,0.2943570368898,0.));
#5633=DIRECTION('ref_axis',(-0.2943570368898,0.95569552412547,0.));
#5634=DIRECTION('',(0.,0.,1.));
#5635=DIRECTION('',(-0.2943570368898,0.95569552412547,0.));
#5636=DIRECTION('',(0.,0.,1.));
#5637=DIRECTION('center_axis',(0.,0.,1.));
#5638=DIRECTION('ref_axis',(0.,1.,0.));
#5639=DIRECTION('center_axis',(-1.,0.,0.));
#5640=DIRECTION('ref_axis',(0.,0.707106781186546,-0.707106781186549));
#5641=DIRECTION('',(1.,0.,0.));
#5642=DIRECTION('',(1.,0.,0.));
#5643=DIRECTION('center_axis',(-1.,0.,0.));
#5644=DIRECTION('ref_axis',(0.,0.707106781186546,-0.707106781186549));
#5645=DIRECTION('',(-1.,0.,0.));
#5646=DIRECTION('center_axis',(0.,0.,-1.));
#5647=DIRECTION('ref_axis',(0.996972280633612,-0.077757775483961,0.));
#5648=DIRECTION('center_axis',(0.,0.,-1.));
#5649=DIRECTION('ref_axis',(0.996972280633612,-0.0777577754839587,0.));
#5650=DIRECTION('center_axis',(-0.41368671291948,-0.910419300956365,0.));
#5651=DIRECTION('ref_axis',(-0.910419300956365,0.41368671291948,0.));
#5652=DIRECTION('center_axis',(0.,0.,1.));
#5653=DIRECTION('ref_axis',(0.996972280633612,-0.0777577754839587,0.));
#5654=DIRECTION('center_axis',(-0.413686712919479,-0.910419300956365,0.));
#5655=DIRECTION('ref_axis',(-0.643763661429362,0.29252067999214,-0.707106781186546));
#5656=DIRECTION('center_axis',(-0.413686712919476,-0.910419300956366,0.));
#5657=DIRECTION('ref_axis',(-0.910419300956366,0.413686712919476,0.));
#5658=DIRECTION('',(0.413686712919479,0.910419300956365,0.));
#5659=DIRECTION('',(-0.413686712919479,-0.910419300956365,0.));
#5660=DIRECTION('center_axis',(0.,0.,-1.));
#5661=DIRECTION('ref_axis',(-1.,0.,0.));
#5662=DIRECTION('center_axis',(0.,0.,-1.));
#5663=DIRECTION('ref_axis',(0.810983542851135,-0.585068964503007,0.));
#5664=DIRECTION('center_axis',(0.,0.,1.));
#5665=DIRECTION('ref_axis',(0.810983542851135,-0.585068964503007,0.));
#5666=DIRECTION('center_axis',(0.,0.,-1.));
#5667=DIRECTION('ref_axis',(-1.,0.,0.));
#5668=DIRECTION('center_axis',(0.,0.,-1.));
#5669=DIRECTION('ref_axis',(0.42544828176243,-0.904982739915738,0.));
#5670=DIRECTION('center_axis',(0.,0.,1.));
#5671=DIRECTION('ref_axis',(0.42544828176243,-0.904982739915738,0.));
#5672=DIRECTION('center_axis',(-0.413686712919479,-0.910419300956365,0.));
#5673=DIRECTION('ref_axis',(-0.643763661429362,0.29252067999214,-0.707106781186546));
#5674=DIRECTION('center_axis',(0.,-1.,0.));
#5675=DIRECTION('ref_axis',(-1.,2.2335038729246E-17,8.21249381862728E-16));
#5676=DIRECTION('',(-0.413686712919479,-0.910419300956365,0.));
#5677=DIRECTION('center_axis',(-0.413686712919476,-0.910419300956366,0.));
#5678=DIRECTION('ref_axis',(-0.910419300956366,0.413686712919476,0.));
#5679=DIRECTION('center_axis',(0.,0.,-1.));
#5680=DIRECTION('ref_axis',(-1.,0.,0.));
#5681=DIRECTION('center_axis',(0.,0.,-1.));
#5682=DIRECTION('ref_axis',(0.68666088335073,0.72697787536898,0.));
#5683=DIRECTION('center_axis',(0.550045571897208,-0.835134641142537,0.));
#5684=DIRECTION('ref_axis',(-0.835134641142537,-0.550045571897208,0.));
#5685=DIRECTION('center_axis',(0.,0.,1.));
#5686=DIRECTION('ref_axis',(-0.888424601533089,-0.459022578301735,0.));
#5687=DIRECTION('center_axis',(0.,0.,-1.));
#5688=DIRECTION('ref_axis',(-0.436871638414639,-0.899523858243298,0.));
#5689=DIRECTION('center_axis',(0.,0.,1.));
#5690=DIRECTION('ref_axis',(-0.436871638414639,-0.899523858243298,0.));
#5691=DIRECTION('',(0.,0.,-1.));
#5692=DIRECTION('',(0.,0.,1.));
#5693=DIRECTION('center_axis',(0.413686712919464,-0.910419300956372,0.));
#5694=DIRECTION('ref_axis',(-0.643763661429364,-0.292520679992129,-0.707106781186549));
#5695=DIRECTION('center_axis',(-0.413686712919462,0.910419300956373,0.));
#5696=DIRECTION('ref_axis',(0.,0.,-1.));
#5697=DIRECTION('',(0.413686712919464,-0.910419300956372,0.));
#5698=DIRECTION('center_axis',(0.,1.,0.));
#5699=DIRECTION('ref_axis',(-1.,0.,1.26346058748113E-16));
#5700=DIRECTION('center_axis',(0.,0.,1.));
#5701=DIRECTION('ref_axis',(-1.,6.92779167366098E-15,0.));
#5702=DIRECTION('center_axis',(0.,0.,-1.));
#5703=DIRECTION('ref_axis',(-1.,0.,0.));
#5704=DIRECTION('center_axis',(0.,0.,1.));
#5705=DIRECTION('ref_axis',(-1.,7.105427357601E-15,0.));
#5706=DIRECTION('center_axis',(0.,0.,-1.));
#5707=DIRECTION('ref_axis',(-1.,0.,0.));
#5708=DIRECTION('center_axis',(0.,0.,-1.));
#5709=DIRECTION('ref_axis',(0.522877924288274,0.852407576392881,0.));
#5710=DIRECTION('center_axis',(0.0769230677531314,-0.997037031231763,0.));
#5711=DIRECTION('ref_axis',(-0.997037031231763,-0.0769230677531313,0.));
#5712=DIRECTION('center_axis',(0.,0.,1.));
#5713=DIRECTION('ref_axis',(0.522877924288274,0.852407576392881,0.));
#5714=DIRECTION('center_axis',(0.,0.,1.));
#5715=DIRECTION('ref_axis',(1.38777878078145E-16,1.,0.));
#5716=DIRECTION('center_axis',(0.,0.,-1.));
#5717=DIRECTION('ref_axis',(0.866025395181249,-0.500000014901161,0.));
#5718=DIRECTION('',(0.,0.,-1.));
#5719=DIRECTION('center_axis',(0.,0.,1.));
#5720=DIRECTION('ref_axis',(0.866025395181249,-0.500000014901161,0.));
#5721=DIRECTION('',(0.,0.,1.));
#5722=DIRECTION('center_axis',(5.66558320424301E-17,-0.707106781186548,
0.707106781186548));
#5723=DIRECTION('ref_axis',(9.81307786677359E-17,-0.707106781186547,-0.707106781186547));
#5724=DIRECTION('center_axis',(0.,0.,1.));
#5725=DIRECTION('ref_axis',(0.866025395181249,-0.500000014901161,0.));
#5726=DIRECTION('center_axis',(5.66558320424301E-17,-0.707106781186548,
0.707106781186548));
#5727=DIRECTION('ref_axis',(9.81307786677359E-17,-0.707106781186547,-0.707106781186547));
#5728=DIRECTION('',(0.,0.,1.));
#5729=DIRECTION('center_axis',(0.,0.,1.));
#5730=DIRECTION('ref_axis',(0.866025395181249,-0.500000014901161,0.));
#5731=DIRECTION('',(0.,0.,1.));
#5732=DIRECTION('center_axis',(0.,0.,1.));
#5733=DIRECTION('ref_axis',(0.110043315903892,-0.993926792387083,0.));
#5734=DIRECTION('',(0.,0.,1.));
#5735=DIRECTION('center_axis',(0.,0.,1.));
#5736=DIRECTION('ref_axis',(0.110043315903892,-0.993926792387083,0.));
#5737=DIRECTION('center_axis',(0.,0.,1.));
#5738=DIRECTION('ref_axis',(0.963549945760572,-0.267528506938606,0.));
#5739=DIRECTION('',(0.,0.,1.));
#5740=DIRECTION('center_axis',(0.,0.,1.));
#5741=DIRECTION('ref_axis',(0.963549945760571,-0.267528506938608,0.));
#5742=DIRECTION('center_axis',(-0.385166432604292,-0.796488084052056,0.466104656872219));
#5743=DIRECTION('ref_axis',(0.507365137293266,-0.604654225126299,-0.613981991182397));
#5744=DIRECTION('center_axis',(-0.984807753012209,0.173648177666923,0.));
#5745=DIRECTION('ref_axis',(-0.173648177666923,-0.984807753012209,0.));
#5746=DIRECTION('center_axis',(0.,0.,1.));
#5747=DIRECTION('ref_axis',(1.,0.,0.));
#5748=DIRECTION('center_axis',(-1.48029736616688E-15,1.,0.));
#5749=DIRECTION('ref_axis',(0.,0.,-1.));
#5750=DIRECTION('center_axis',(0.,0.,-1.));
#5751=DIRECTION('ref_axis',(0.64278760968654,-0.766044443118977,0.));
#5752=DIRECTION('center_axis',(0.,0.,1.));
#5753=DIRECTION('ref_axis',(0.64278760968654,-0.766044443118977,0.));
#5754=DIRECTION('',(0.,0.,-1.));
#5755=DIRECTION('',(0.,0.,1.));
#5756=DIRECTION('center_axis',(0.,1.,0.));
#5757=DIRECTION('ref_axis',(0.707106781186548,0.,-0.707106781186547));
#5758=DIRECTION('',(0.,-1.,0.));
#5759=DIRECTION('',(0.,1.,0.));
#5760=DIRECTION('center_axis',(1.,0.,0.));
#5761=DIRECTION('ref_axis',(0.,-1.,0.));
#5762=DIRECTION('center_axis',(0.,0.,-1.));
#5763=DIRECTION('ref_axis',(-0.679366223861205,-0.733799382581211,0.));
#5764=DIRECTION('center_axis',(0.,0.,1.));
#5765=DIRECTION('ref_axis',(-0.679366223861205,-0.733799382581211,0.));
#5766=DIRECTION('center_axis',(1.,6.36622150452057E-17,0.));
#5767=DIRECTION('ref_axis',(0.,-0.707106781186548,-0.707106781186548));
#5768=DIRECTION('',(-1.,-6.36622150452057E-17,0.));
#5769=DIRECTION('',(1.,6.36622150452057E-17,0.));
#5770=DIRECTION('center_axis',(0.996194698091746,-0.0871557427476551,0.));
#5771=DIRECTION('ref_axis',(-0.0871557427476551,-0.996194698091746,0.));
#5772=DIRECTION('center_axis',(0.984807753012209,-0.173648177666922,0.));
#5773=DIRECTION('ref_axis',(-0.122787803968968,-0.69636424032002,-0.707106781186547));
#5774=DIRECTION('',(0.984807753012209,-0.173648177666922,0.));
#5775=DIRECTION('',(-0.984807753012209,0.173648177666922,0.));
#5776=DIRECTION('center_axis',(-1.,0.,0.));
#5777=DIRECTION('ref_axis',(0.,-1.,0.));
#5778=DIRECTION('',(0.,-1.,0.));
#5779=DIRECTION('',(0.,0.,1.));
#5780=DIRECTION('center_axis',(0.173648177666922,0.984807753012209,0.));
#5781=DIRECTION('ref_axis',(-0.984807753012209,0.173648177666922,0.));
#5782=DIRECTION('',(-0.984807753012209,0.173648177666922,0.));
#5783=DIRECTION('',(0.,0.,1.));
#5784=DIRECTION('',(-0.984807753012209,0.173648177666922,0.));
#5785=DIRECTION('',(0.,0.,-1.));
#5786=DIRECTION('center_axis',(-6.36622150452057E-17,1.,0.));
#5787=DIRECTION('ref_axis',(-1.,-6.36622150452057E-17,0.));
#5788=DIRECTION('',(0.,0.,-1.));
#5789=DIRECTION('',(-1.,-6.36622150452057E-17,0.));
#5790=DIRECTION('center_axis',(0.,0.,1.));
#5791=DIRECTION('ref_axis',(-1.,0.,0.));
#5792=DIRECTION('',(-1.,0.,0.));
#5793=DIRECTION('center_axis',(0.,0.,1.));
#5794=DIRECTION('ref_axis',(0.,-1.,0.));
#5795=DIRECTION('',(-7.84004114038384E-16,1.,0.));
#5796=DIRECTION('center_axis',(0.,0.,-1.));
#5797=DIRECTION('ref_axis',(-1.,0.,0.));
#5798=DIRECTION('center_axis',(0.,0.,1.));
#5799=DIRECTION('ref_axis',(-0.679366223861206,-0.733799382581211,0.));
#5800=DIRECTION('center_axis',(0.,0.,1.));
#5801=DIRECTION('ref_axis',(-0.679366223861206,-0.733799382581211,0.));
#5802=DIRECTION('center_axis',(0.,0.,1.));
#5803=DIRECTION('ref_axis',(0.993663614732858,0.112394932074491,0.));
#5804=DIRECTION('center_axis',(0.,0.,1.));
#5805=DIRECTION('ref_axis',(0.993663614732858,0.112394932074491,0.));
#5806=DIRECTION('center_axis',(0.,0.,1.));
#5807=DIRECTION('ref_axis',(0.993663614732858,0.112394932074491,0.));
#5808=DIRECTION('',(0.,0.,1.));
#5809=DIRECTION('center_axis',(0.,0.,1.));
#5810=DIRECTION('ref_axis',(-1.,0.,0.));
#5811=DIRECTION('',(-0.413686712919475,0.910419300956367,0.));
#5812=DIRECTION('center_axis',(0.,0.,-1.));
#5813=DIRECTION('ref_axis',(-0.910419300956365,0.413686712919478,0.));
#5814=DIRECTION('',(0.413686712919477,0.910419300956366,0.));
#5815=DIRECTION('center_axis',(0.,0.,1.));
#5816=DIRECTION('ref_axis',(0.910419300956366,-0.413686712919477,0.));
#5817=DIRECTION('center_axis',(0.,0.,1.));
#5818=DIRECTION('ref_axis',(0.559744023473141,-0.82866557077394,0.));
#5819=DIRECTION('center_axis',(0.,0.,1.));
#5820=DIRECTION('ref_axis',(-0.86602543497099,0.499999945983305,0.));
#5821=DIRECTION('',(1.,2.56623513058389E-16,0.));
#5822=DIRECTION('',(0.707106781186548,0.707106781186547,0.));
#5823=DIRECTION('',(0.,1.,0.));
#5824=DIRECTION('',(-0.707106781186548,0.707106781186546,0.));
#5825=DIRECTION('center_axis',(0.,0.,-1.));
#5826=DIRECTION('ref_axis',(-1.,0.,0.));
#5827=DIRECTION('center_axis',(0.,0.,-1.));
#5828=DIRECTION('ref_axis',(-1.,0.,0.));
#5829=DIRECTION('center_axis',(0.554700196225229,0.,0.832050294337844));
#5830=DIRECTION('ref_axis',(0.832050294337843,0.,-0.554700196225229));
#5831=DIRECTION('center_axis',(0.,1.,0.));
#5832=DIRECTION('ref_axis',(1.,0.,0.));
#5833=DIRECTION('center_axis',(0.,0.,1.));
#5834=DIRECTION('ref_axis',(1.,0.,0.));
#5835=DIRECTION('center_axis',(0.,0.,1.));
#5836=DIRECTION('ref_axis',(0.996194698091746,0.0871557427476569,0.));
#5837=DIRECTION('center_axis',(-0.173648177666922,0.984807753012209,0.));
#5838=DIRECTION('ref_axis',(0.984807753012209,0.173648177666922,0.));
#5839=DIRECTION('center_axis',(-0.173648177666928,0.984807753012209,0.));
#5840=DIRECTION('ref_axis',(0.696364240320019,0.122787803968968,-0.707106781186549));
#5841=DIRECTION('center_axis',(-1.,-1.58453690616206E-16,0.));
#5842=DIRECTION('ref_axis',(-1.70402308886889E-16,1.,1.20492628143764E-17));
#5843=DIRECTION('',(-0.173648177666928,0.984807753012208,0.));
#5844=DIRECTION('center_axis',(0.,0.,1.));
#5845=DIRECTION('ref_axis',(0.766044443118979,-0.642787609686538,0.));
#5846=DIRECTION('',(0.,0.,-1.));
#5847=DIRECTION('center_axis',(0.707106781186548,0.,0.707106781186548));
#5848=DIRECTION('ref_axis',(-0.707106781186547,0.,0.707106781186547));
#5849=DIRECTION('',(0.,0.,1.));
#5850=DIRECTION('center_axis',(0.,0.,1.));
#5851=DIRECTION('ref_axis',(0.766044443118979,-0.642787609686538,0.));
#5852=DIRECTION('',(0.,0.,-1.));
#5853=DIRECTION('center_axis',(1.,0.,0.));
#5854=DIRECTION('ref_axis',(0.,-0.707106781186546,-0.707106781186549));
#5855=DIRECTION('center_axis',(1.,1.58453690616206E-16,0.));
#5856=DIRECTION('ref_axis',(0.,-0.707106781186546,-0.707106781186549));
#5857=DIRECTION('',(1.,0.,0.));
#5858=DIRECTION('center_axis',(0.,0.,-1.));
#5859=DIRECTION('ref_axis',(0.994610756370056,-0.103679522148714,0.));
#5860=DIRECTION('center_axis',(0.,0.,1.));
#5861=DIRECTION('ref_axis',(0.989421756954805,-0.145067525189017,0.));
#5862=DIRECTION('center_axis',(0.,1.,0.));
#5863=DIRECTION('ref_axis',(-1.,0.,0.));
#5864=DIRECTION('',(0.,0.,1.));
#5865=DIRECTION('',(-1.,0.,0.));
#5866=DIRECTION('center_axis',(0.,0.,-1.));
#5867=DIRECTION('ref_axis',(-1.,0.,0.));
#5868=DIRECTION('',(0.,0.,1.));
#5869=DIRECTION('center_axis',(0.,0.,-1.));
#5870=DIRECTION('ref_axis',(0.443165992537473,-0.896439570221148,0.));
#5871=DIRECTION('center_axis',(0.,0.,-1.));
#5872=DIRECTION('ref_axis',(1.,0.,0.));
#5873=DIRECTION('center_axis',(0.,0.,1.));
#5874=DIRECTION('ref_axis',(1.,0.,0.));
#5875=DIRECTION('center_axis',(-0.708329092870131,-0.70588235294118,-1.25824522866603E-15));
#5876=DIRECTION('ref_axis',(1.77635683940025E-15,0.,-1.));
#5877=DIRECTION('center_axis',(0.,0.,-1.));
#5878=DIRECTION('ref_axis',(1.,0.,0.));
#5879=DIRECTION('center_axis',(0.,0.,-1.));
#5880=DIRECTION('ref_axis',(1.,0.,0.));
#5881=DIRECTION('center_axis',(-0.708329092870133,0.705882352941179,0.));
#5882=DIRECTION('ref_axis',(0.705882352941179,0.708329092870133,0.));
#5883=DIRECTION('',(4.92936865778693E-16,1.,0.));
#5884=DIRECTION('',(4.92936865778693E-16,1.,0.));
#5885=DIRECTION('center_axis',(0.,0.,1.));
#5886=DIRECTION('ref_axis',(-1.,1.03092138000907E-15,0.));
#5887=DIRECTION('',(0.,0.,-1.));
#5888=DIRECTION('center_axis',(0.,0.,1.));
#5889=DIRECTION('ref_axis',(-0.506630675619578,0.862163185552045,0.));
#5890=DIRECTION('',(0.,0.,1.));
#5891=DIRECTION('center_axis',(0.707106781186548,3.80472980836406E-16,0.707106781186547));
#5892=DIRECTION('ref_axis',(-0.707106781186547,-3.36448384003666E-16,0.707106781186548));
#5893=DIRECTION('center_axis',(0.,0.,1.));
#5894=DIRECTION('ref_axis',(0.857142857142857,0.515078753637713,0.));
#5895=DIRECTION('center_axis',(0.707106781186548,3.80472980836406E-16,0.707106781186547));
#5896=DIRECTION('ref_axis',(-0.707106781186547,-3.36448384003666E-16,0.707106781186548));
#5897=DIRECTION('',(0.,0.,1.));
#5898=DIRECTION('center_axis',(0.,0.,1.));
#5899=DIRECTION('ref_axis',(-0.506630675619578,0.862163185552045,0.));
#5900=DIRECTION('',(0.,0.,1.));
#5901=DIRECTION('center_axis',(0.,0.,-1.));
#5902=DIRECTION('ref_axis',(0.246640625340546,0.969107012631538,0.));
#5903=DIRECTION('',(0.,0.,1.));
#5904=DIRECTION('center_axis',(0.,0.,-1.));
#5905=DIRECTION('ref_axis',(-0.506630675619578,0.862163185552045,0.));
#5906=DIRECTION('center_axis',(0.,0.,1.));
#5907=DIRECTION('ref_axis',(0.963306011488931,0.268405529431283,0.));
#5908=DIRECTION('',(0.,0.,-1.));
#5909=DIRECTION('center_axis',(0.,0.,1.));
#5910=DIRECTION('ref_axis',(0.963306011488931,0.268405529431283,0.));
#5911=DIRECTION('center_axis',(0.,0.,1.));
#5912=DIRECTION('ref_axis',(0.963306011488931,0.268405529431283,0.));
#5913=DIRECTION('center_axis',(0.,0.,1.));
#5914=DIRECTION('ref_axis',(0.527046276694727,-0.849836585598799,0.));
#5915=DIRECTION('center_axis',(0.,0.,1.));
#5916=DIRECTION('ref_axis',(0.527046276694727,-0.849836585598799,0.));
#5917=DIRECTION('',(0.,0.,-1.));
#5918=DIRECTION('center_axis',(0.,0.,1.));
#5919=DIRECTION('ref_axis',(0.527046276694727,-0.849836585598799,0.));
#5920=DIRECTION('center_axis',(0.,0.,-1.));
#5921=DIRECTION('ref_axis',(-1.,0.,0.));
#5922=DIRECTION('center_axis',(0.,0.,1.));
#5923=DIRECTION('ref_axis',(0.246640625340546,0.969107012631538,0.));
#5924=DIRECTION('center_axis',(0.,0.,1.));
#5925=DIRECTION('ref_axis',(-1.,0.,0.));
#5926=DIRECTION('center_axis',(0.,0.,-1.));
#5927=DIRECTION('ref_axis',(-0.110043315903896,0.993926792387083,0.));
#5928=DIRECTION('center_axis',(0.,0.,1.));
#5929=DIRECTION('ref_axis',(0.,-1.,0.));
#5930=DIRECTION('',(-1.,-2.56623513058389E-16,0.));
#5931=DIRECTION('',(0.,-1.,0.));
#5932=DIRECTION('',(-1.,0.,0.));
#5933=DIRECTION('',(-1.,0.,0.));
#5934=DIRECTION('center_axis',(0.,0.,1.));
#5935=DIRECTION('ref_axis',(-0.707106781186548,0.707106781186548,0.));
#5936=DIRECTION('',(-1.,0.,0.));
#5937=DIRECTION('center_axis',(0.,0.,-1.));
#5938=DIRECTION('ref_axis',(-1.,0.,0.));
#5939=DIRECTION('',(4.92936865778693E-16,1.,0.));
#5940=DIRECTION('center_axis',(0.,0.,1.));
#5941=DIRECTION('ref_axis',(-0.110043315903896,0.993926792387083,0.));
#5942=DIRECTION('center_axis',(0.,0.,1.));
#5943=DIRECTION('ref_axis',(-0.110043315903896,0.993926792387083,0.));
#5944=DIRECTION('',(0.,0.,1.));
#5945=DIRECTION('center_axis',(0.,0.,1.));
#5946=DIRECTION('ref_axis',(-1.,0.,0.));
#5947=DIRECTION('',(1.58453690616206E-16,-1.,0.));
#5948=DIRECTION('',(0.707106781186549,-0.707106781186546,0.));
#5949=DIRECTION('',(1.,2.56623513058389E-16,0.));
#5950=DIRECTION('center_axis',(0.,0.,1.));
#5951=DIRECTION('ref_axis',(0.,-1.,0.));
#5952=DIRECTION('center_axis',(0.,0.,-1.));
#5953=DIRECTION('ref_axis',(-1.,0.,0.));
#5954=DIRECTION('center_axis',(0.,0.,-1.));
#5955=DIRECTION('ref_axis',(0.527046276694731,0.849836585598797,0.));
#5956=DIRECTION('',(0.,0.,1.));
#5957=DIRECTION('center_axis',(0.,0.,1.));
#5958=DIRECTION('ref_axis',(0.527046276694731,0.849836585598797,0.));
#5959=DIRECTION('center_axis',(0.707106781186548,3.80472980836406E-16,0.707106781186547));
#5960=DIRECTION('ref_axis',(0.707106781186547,0.,-0.707106781186548));
#5961=DIRECTION('',(5.38070049615363E-16,-1.,0.));
#5962=DIRECTION('',(-5.38070049615363E-16,1.,0.));
#5963=DIRECTION('center_axis',(0.,0.,1.));
#5964=DIRECTION('ref_axis',(-1.,0.,0.));
#5965=DIRECTION('center_axis',(0.,0.,-1.));
#5966=DIRECTION('ref_axis',(-1.,0.,0.));
#5967=DIRECTION('center_axis',(1.,5.38070049615363E-16,0.));
#5968=DIRECTION('ref_axis',(-5.38070049615363E-16,1.,0.));
#5969=DIRECTION('',(1.58453690616206E-16,-1.,0.));
#5970=DIRECTION('center_axis',(-1.,-1.58453690616206E-16,0.));
#5971=DIRECTION('ref_axis',(1.58453690616206E-16,-1.,0.));
#5972=DIRECTION('',(0.,0.,1.));
#5973=DIRECTION('',(1.58453690616206E-16,-1.,0.));
#5974=DIRECTION('center_axis',(-1.,-1.58453690616206E-16,0.));
#5975=DIRECTION('ref_axis',(1.58453690616206E-16,-1.,0.));
#5976=DIRECTION('',(1.58453690616206E-16,-1.,0.));
#5977=DIRECTION('',(0.,0.,1.));
#5978=DIRECTION('center_axis',(0.,0.,1.));
#5979=DIRECTION('ref_axis',(-1.,0.,0.));
#5980=DIRECTION('',(0.,0.,-1.));
#5981=DIRECTION('center_axis',(0.,0.,1.));
#5982=DIRECTION('ref_axis',(-1.,0.,0.));
#5983=DIRECTION('center_axis',(0.887010833178224,-0.46174861323503,0.));
#5984=DIRECTION('ref_axis',(0.,0.,-1.));
#5985=DIRECTION('',(0.,0.,-1.));
#5986=DIRECTION('',(-0.46174861323503,-0.887010833178224,0.));
#5987=DIRECTION('',(0.,0.,1.));
#5988=DIRECTION('',(-0.334146659216859,-0.641889760142719,-0.690161970814196));
#5989=DIRECTION('center_axis',(-0.99867151848507,-0.0515286150281956,0.));
#5990=DIRECTION('ref_axis',(0.,0.,1.));
#5991=DIRECTION('',(0.,0.,-1.));
#5992=DIRECTION('',(-0.0515286150281956,0.99867151848507,0.));
#5993=DIRECTION('',(0.,0.,1.));
#5994=DIRECTION('',(-0.0369027654543296,0.715209224862883,0.697935491698808));
#5995=DIRECTION('center_axis',(-0.122787803968967,-0.696364240320021,0.707106781186547));
#5996=DIRECTION('ref_axis',(0.985255774317393,0.,0.171087869746028));
#5997=DIRECTION('',(-0.984807753012209,0.173648177666923,0.));
#5998=DIRECTION('',(-0.881262552143286,-0.251156643860371,-0.400370646320003));
#5999=DIRECTION('',(0.984807753012209,-0.173648177666923,0.));
#6000=DIRECTION('',(-0.613372297248341,0.61337229724834,0.497542812164528));
#6001=DIRECTION('center_axis',(0.707106781186547,0.707106781186548,0.));
#6002=DIRECTION('ref_axis',(-0.707106781186548,0.707106781186547,0.));
#6003=DIRECTION('',(-0.707106781186548,0.707106781186547,0.));
#6004=DIRECTION('',(0.,0.,1.));
#6005=DIRECTION('',(0.,0.,1.));
#6006=DIRECTION('',(-0.707106781186548,0.707106781186547,0.));
#6007=DIRECTION('',(0.,0.,1.));
#6008=DIRECTION('',(-0.707106781186548,0.707106781186548,0.));
#6009=DIRECTION('center_axis',(-0.173648177666923,-0.984807753012209,0.));
#6010=DIRECTION('ref_axis',(0.984807753012209,-0.173648177666923,0.));
#6011=DIRECTION('',(-0.984807753012209,0.173648177666922,0.));
#6012=DIRECTION('center_axis',(0.0286422462613198,0.999589726702464,0.));
#6013=DIRECTION('ref_axis',(0.,0.,1.));
#6014=DIRECTION('',(0.,0.,-1.));
#6015=DIRECTION('',(0.999589726702464,-0.0286422462613198,0.));
#6016=DIRECTION('',(0.,0.,1.));
#6017=DIRECTION('',(0.714123256237827,-0.0204624893790984,-0.699720845358128));
#6018=DIRECTION('center_axis',(0.461748613235034,-0.887010833178222,0.));
#6019=DIRECTION('ref_axis',(0.,0.,-1.));
#6020=DIRECTION('',(0.,0.,-1.));
#6021=DIRECTION('',(-0.887010833178222,-0.461748613235034,0.));
#6022=DIRECTION('',(0.,0.,1.));
#6023=DIRECTION('',(-0.641889760142716,-0.334146659216861,0.690161970814197));
#6024=DIRECTION('center_axis',(0.69636424032002,0.122787803968971,0.707106781186547));
#6025=DIRECTION('ref_axis',(0.712498293208669,0.,-0.701673843159864));
#6026=DIRECTION('',(0.173648177666928,-0.984807753012208,0.));
#6027=DIRECTION('',(0.613372297248342,-0.613372297248342,-0.497542812164525));
#6028=DIRECTION('',(-0.173648177666928,0.984807753012208,0.));
#6029=DIRECTION('',(-0.213668502451505,-0.90510843740912,0.367592828535804));
#6030=DIRECTION('center_axis',(-0.973248656645077,0.229754330402176,0.));
#6031=DIRECTION('ref_axis',(-0.229754330402176,-0.973248656645077,0.));
#6032=DIRECTION('',(-0.229754330402176,-0.973248656645077,0.));
#6033=DIRECTION('',(0.,0.,1.));
#6034=DIRECTION('',(0.229754330402176,0.973248656645077,0.));
#6035=DIRECTION('',(0.,0.,1.));
#6036=DIRECTION('',(-0.229754330402176,-0.973248656645077,0.));
#6037=DIRECTION('center_axis',(0.984807753012209,0.173648177666928,0.));
#6038=DIRECTION('ref_axis',(-0.173648177666928,0.984807753012208,0.));
#6039=DIRECTION('',(0.173648177666928,-0.984807753012208,0.));
#6040=DIRECTION('center_axis',(0.,0.,1.));
#6041=DIRECTION('ref_axis',(1.,0.,0.));
#6042=DIRECTION('',(0.707106781186548,-0.707106781186547,0.));
#6043=DIRECTION('center_axis',(-0.984807753012209,-0.173648177666928,0.));
#6044=DIRECTION('ref_axis',(0.173648177666928,-0.984807753012208,0.));
#6045=DIRECTION('',(0.173648177666928,-0.984807753012208,0.));
#6046=DIRECTION('',(0.173648177666928,-0.984807753012208,0.));
#6047=DIRECTION('center_axis',(-0.984807753012209,-0.173648177666928,0.));
#6048=DIRECTION('ref_axis',(0.173648177666928,-0.984807753012208,0.));
#6049=DIRECTION('',(0.,0.,-1.));
#6050=DIRECTION('',(0.,0.,1.));
#6051=DIRECTION('',(0.173648177666928,-0.984807753012208,0.));
#6052=DIRECTION('center_axis',(-0.274082766524161,0.961706107443674,0.));
#6053=DIRECTION('ref_axis',(-0.961706107443674,-0.274082766524161,0.));
#6054=DIRECTION('',(-0.961706107443674,-0.274082766524161,0.));
#6055=DIRECTION('',(0.961706107443674,0.274082766524161,0.));
#6056=DIRECTION('',(-0.961706107443674,-0.274082766524161,0.));
#6057=DIRECTION('center_axis',(0.,0.,1.));
#6058=DIRECTION('ref_axis',(1.,0.,0.));
#6059=DIRECTION('center_axis',(0.173648177666922,0.984807753012209,0.));
#6060=DIRECTION('ref_axis',(-0.984807753012209,0.173648177666922,0.));
#6061=DIRECTION('',(-0.984807753012209,0.173648177666922,0.));
#6062=DIRECTION('',(0.,0.,1.));
#6063=DIRECTION('center_axis',(0.,0.,1.));
#6064=DIRECTION('ref_axis',(-1.,0.,0.));
#6065=DIRECTION('center_axis',(0.,0.,-1.));
#6066=DIRECTION('ref_axis',(-2.27738056333365E-16,-1.,0.));
#6067=DIRECTION('center_axis',(0.,0.,-1.));
#6068=DIRECTION('ref_axis',(-1.,0.,0.));
#6069=DIRECTION('center_axis',(0.,0.707106781186548,0.707106781186548));
#6070=DIRECTION('ref_axis',(1.,0.,0.));
#6071=DIRECTION('center_axis',(0.,0.707106781186548,0.707106781186548));
#6072=DIRECTION('ref_axis',(-9.813077099086E-17,0.707106781186547,-0.707106781186547));
#6073=DIRECTION('',(1.,0.,0.));
#6074=DIRECTION('center_axis',(0.,0.707106781186548,0.707106781186548));
#6075=DIRECTION('ref_axis',(-9.813077099086E-17,0.707106781186547,-0.707106781186547));
#6076=DIRECTION('',(-1.,0.,0.));
#6077=DIRECTION('center_axis',(0.,0.,1.));
#6078=DIRECTION('ref_axis',(-1.,0.,0.));
#6079=DIRECTION('center_axis',(0.,0.,1.));
#6080=DIRECTION('ref_axis',(-0.86602543497099,0.499999945983305,0.));
#6081=DIRECTION('center_axis',(0.,0.,1.));
#6082=DIRECTION('ref_axis',(-0.86602543497099,0.499999945983305,0.));
#6083=DIRECTION('center_axis',(0.,0.,-1.));
#6084=DIRECTION('ref_axis',(-1.,0.,0.));
#6085=DIRECTION('center_axis',(0.,0.,1.));
#6086=DIRECTION('ref_axis',(-0.399586250878123,-0.916695602754353,0.));
#6087=DIRECTION('',(0.,0.,-1.));
#6088=DIRECTION('center_axis',(0.,0.873626982966377,0.486596233681546));
#6089=DIRECTION('ref_axis',(0.,-0.486596233681546,0.873626982966377));
#6090=DIRECTION('',(0.,0.,-1.));
#6091=DIRECTION('',(0.,0.,1.));
#6092=DIRECTION('',(0.,0.,1.));
#6093=DIRECTION('',(0.,0.,1.));
#6094=DIRECTION('center_axis',(5.66558320424301E-17,-0.707106781186548,
0.707106781186548));
#6095=DIRECTION('ref_axis',(1.,0.,-8.01234460619368E-17));
#6096=DIRECTION('',(-1.,-8.01234460619368E-17,0.));
#6097=DIRECTION('',(1.,8.01234460619368E-17,0.));
#6098=DIRECTION('center_axis',(0.,0.,1.));
#6099=DIRECTION('ref_axis',(-1.,0.,0.));
#6100=DIRECTION('center_axis',(0.,0.,-1.));
#6101=DIRECTION('ref_axis',(-1.,0.,0.));
#6102=DIRECTION('center_axis',(0.,0.,-1.));
#6103=DIRECTION('ref_axis',(-0.594088528997218,0.804399664168206,0.));
#6104=DIRECTION('',(0.,0.,1.));
#6105=DIRECTION('center_axis',(0.141723707354162,-0.289807075828357,0.946533807940112));
#6106=DIRECTION('ref_axis',(-0.898335127651033,-0.439310822115961,0.));
#6107=DIRECTION('center_axis',(0.0656371935809109,-0.496356429558434,0.865633902787331));
#6108=DIRECTION('ref_axis',(-0.991369578407766,-0.131096754374804,0.));
#6109=DIRECTION('center_axis',(-7.68374092322416E-15,-1.03144681921946E-14,
-1.));
#6110=DIRECTION('ref_axis',(-0.801940528505608,0.597403874058535,0.));
#6111=DIRECTION('center_axis',(0.,0.,-1.));
#6112=DIRECTION('ref_axis',(0.25624437152319,0.96661203285635,0.));
#6113=DIRECTION('',(0.,0.,1.));
#6114=DIRECTION('center_axis',(0.,-0.860592245585376,-0.509294597299362));
#6115=DIRECTION('ref_axis',(-3.53394117649343E-17,0.509294597299362,-0.860592245585376));
#6116=DIRECTION('center_axis',(0.,-0.860592245585376,-0.509294597299362));
#6117=DIRECTION('ref_axis',(-6.65212407772614E-17,-0.509294597299362,0.860592245585376));
#6118=DIRECTION('center_axis',(0.,0.,1.));
#6119=DIRECTION('ref_axis',(-0.86602543497099,0.499999945983305,0.));
#6120=DIRECTION('',(0.,0.,1.));
#6121=DIRECTION('center_axis',(0.,0.,1.));
#6122=DIRECTION('ref_axis',(-1.,0.,0.));
#6123=DIRECTION('',(0.,0.,-1.));
#6124=DIRECTION('center_axis',(0.,0.,1.));
#6125=DIRECTION('ref_axis',(-1.,0.,0.));
#6126=DIRECTION('center_axis',(8.01234460619368E-17,-1.,0.));
#6127=DIRECTION('ref_axis',(1.,8.01234460619368E-17,0.));
#6128=DIRECTION('',(-1.,-6.36622150452057E-17,0.));
#6129=DIRECTION('center_axis',(0.,0.,1.));
#6130=DIRECTION('ref_axis',(-1.,0.,0.));
#6131=DIRECTION('center_axis',(0.,1.,0.));
#6132=DIRECTION('ref_axis',(-1.,0.,0.));
#6133=DIRECTION('',(1.,0.,0.));
#6134=DIRECTION('',(0.,9.06493303673685E-16,1.));
#6135=DIRECTION('',(1.,2.56623513058389E-16,0.));
#6136=DIRECTION('center_axis',(0.,0.,1.));
#6137=DIRECTION('ref_axis',(-1.,0.,0.));
#6138=DIRECTION('',(0.,0.,-1.));
#6139=DIRECTION('center_axis',(0.,0.,1.));
#6140=DIRECTION('ref_axis',(-1.,0.,0.));
#6141=DIRECTION('center_axis',(1.01587911889018E-16,0.850399219098723,0.526137974448036));
#6142=DIRECTION('ref_axis',(5.31749226294077E-17,-0.526137974448036,0.850399219098723));
#6143=DIRECTION('center_axis',(0.13968345657448,-0.504301579417807,0.852155178917614));
#6144=DIRECTION('ref_axis',(0.,0.860592245585371,0.509294597299371));
#6145=DIRECTION('center_axis',(0.,-0.860592245585371,-0.509294597299371));
#6146=DIRECTION('ref_axis',(5.14027807489962E-17,-0.509294597299371,0.860592245585371));
#6147=DIRECTION('center_axis',(0.0381335533374848,-0.508924162656825,0.859966295138307));
#6148=DIRECTION('ref_axis',(2.96059473233417E-15,0.860592245585373,0.509294597299367));
#6149=DIRECTION('center_axis',(0.,0.,-1.));
#6150=DIRECTION('ref_axis',(-0.990887209895464,-0.134694236200301,0.));
#6151=DIRECTION('center_axis',(0.,0.860592245585376,0.509294597299362));
#6152=DIRECTION('ref_axis',(5.73625234445311E-17,-0.509294597299362,0.860592245585376));
#6153=DIRECTION('',(0.,0.,1.));
#6154=DIRECTION('center_axis',(2.56623513058389E-16,-1.,0.));
#6155=DIRECTION('ref_axis',(1.,2.56623513058389E-16,0.));
#6156=DIRECTION('',(1.,2.56623513058389E-16,0.));
#6157=DIRECTION('',(0.,0.,1.));
#6158=DIRECTION('center_axis',(0.,-0.860592245585376,-0.509294597299362));
#6159=DIRECTION('ref_axis',(0.,-0.509294597299362,0.860592245585376));
#6160=DIRECTION('',(-1.,0.,0.));
#6161=DIRECTION('',(0.,0.509294597299362,-0.860592245585376));
#6162=DIRECTION('',(1.,0.,0.));
#6163=DIRECTION('',(0.139683456574478,-0.504301579417799,0.852155178917619));
#6164=DIRECTION('center_axis',(0.,-1.,0.));
#6165=DIRECTION('ref_axis',(0.,0.,1.));
#6166=DIRECTION('',(0.,0.,-1.));
#6167=DIRECTION('center_axis',(0.,-1.,0.));
#6168=DIRECTION('ref_axis',(-7.06788235298686E-17,0.,1.));
#6169=DIRECTION('center_axis',(0.,0.,1.));
#6170=DIRECTION('ref_axis',(-1.,0.,0.));
#6171=DIRECTION('center_axis',(0.707106781186547,0.707106781186549,0.));
#6172=DIRECTION('ref_axis',(-0.707106781186548,0.707106781186546,0.));
#6173=DIRECTION('',(0.,0.,1.));
#6174=DIRECTION('',(-0.707106781186548,0.707106781186546,0.));
#6175=DIRECTION('center_axis',(0.,0.,1.));
#6176=DIRECTION('ref_axis',(-1.,0.,0.));
#6177=DIRECTION('center_axis',(0.,0.,-1.));
#6178=DIRECTION('ref_axis',(-1.,0.,0.));
#6179=DIRECTION('center_axis',(0.707106781186547,-0.707106781186548,0.));
#6180=DIRECTION('ref_axis',(0.707106781186548,0.707106781186547,0.));
#6181=DIRECTION('',(0.707106781186548,0.707106781186547,0.));
#6182=DIRECTION('',(0.,0.,1.));
#6183=DIRECTION('center_axis',(0.514495773043759,-0.857492915142801,-7.9860253970946E-8));
#6184=DIRECTION('ref_axis',(-0.60633904059018,-0.363803507149476,0.707106764245627));
#6185=DIRECTION('',(0.514495773043759,-0.857492915142801,-7.9860253970946E-8));
#6186=DIRECTION('',(-0.514495773043759,0.857492915142801,7.98602539709459E-8));
#6187=DIRECTION('center_axis',(0.394307927802017,-0.918978377369387,-8.55865335634841E-8));
#6188=DIRECTION('ref_axis',(-0.918978377369391,-0.394307927802016,-3.67227849976003E-8));
#6189=DIRECTION('center_axis',(-0.13968345657448,0.504301579417807,-0.852155178917614));
#6190=DIRECTION('ref_axis',(-0.776442952701885,0.47829712486994,0.410326944692556));
#6191=DIRECTION('',(-0.13968345657448,0.504301579417807,-0.852155178917614));
#6192=DIRECTION('',(0.13968345657448,-0.504301579417807,0.852155178917614));
#6193=DIRECTION('center_axis',(-0.232958960609037,0.841055731693082,-0.488216528661384));
#6194=DIRECTION('ref_axis',(-0.130321391569286,0.470501555531559,0.872722533879943));
#6195=DIRECTION('center_axis',(0.,9.31322609909217E-8,-0.999999999999996));
#6196=DIRECTION('ref_axis',(-0.266933630809799,0.963714914662365,8.97529489994752E-8));
#6197=DIRECTION('center_axis',(0.0127095886318351,-0.391886703573662,0.919925691520233));
#6198=DIRECTION('ref_axis',(2.96059473233375E-15,0.919999999997051,0.39191835885223));
#6199=DIRECTION('center_axis',(-0.266933591795034,0.963714925468831,8.97529499596102E-8));
#6200=DIRECTION('ref_axis',(-0.681449350459242,-0.188750616393021,0.707106772397162));
#6201=DIRECTION('',(-0.266933591795034,0.963714925468831,8.97529499596102E-8));
#6202=DIRECTION('',(0.266933591795033,-0.963714925468831,-8.97529499596102E-8));
#6203=DIRECTION('center_axis',(0.,0.860592245585371,0.509294597299371));
#6204=DIRECTION('ref_axis',(0.,0.509294597299371,-0.860592245585371));
#6205=DIRECTION('',(-1.,0.,0.));
#6206=DIRECTION('',(-0.453827180447254,-0.453827180447253,0.766864903731154));
#6207=DIRECTION('',(0.,-0.509294597299371,0.860592245585371));
#6208=DIRECTION('',(-1.,0.,0.));
#6209=DIRECTION('',(0.,-0.509294597299363,0.860592245585376));
#6210=DIRECTION('',(1.,0.,0.));
#6211=DIRECTION('center_axis',(0.,-9.31322609909217E-8,0.999999999999996));
#6212=DIRECTION('ref_axis',(0.,0.999999999999996,9.31322609909217E-8));
#6213=DIRECTION('',(-1.,0.,0.));
#6214=DIRECTION('',(0.,0.999999999999996,9.31322609909217E-8));
#6215=DIRECTION('center_axis',(0.857492915142804,0.51449577304376,0.));
#6216=DIRECTION('ref_axis',(0.51449577304376,-0.857492915142804,0.));
#6217=DIRECTION('',(0.,0.,1.));
#6218=DIRECTION('center_axis',(-0.857492915142804,-0.51449577304376,0.));
#6219=DIRECTION('ref_axis',(0.436390577289696,-0.72731759494779,0.529690834480009));
#6220=DIRECTION('center_axis',(-0.963714925468835,-0.266933591795035,0.));
#6221=DIRECTION('ref_axis',(0.,0.,1.));
#6222=DIRECTION('center_axis',(0.963714925468835,0.266933591795035,0.));
#6223=DIRECTION('ref_axis',(-0.266933591795035,0.963714925468835,6.68711562144011E-17));
#6224=DIRECTION('',(0.237208477510459,-0.856397835459013,0.458601009177136));
#6225=DIRECTION('center_axis',(0.963714925468835,0.266933591795035,0.));
#6226=DIRECTION('ref_axis',(0.23333137623453,-0.842400270214261,0.485714168629494));
#6227=DIRECTION('center_axis',(-1.,0.,0.));
#6228=DIRECTION('ref_axis',(0.,0.920000000000001,0.391918358845306));
#6229=DIRECTION('center_axis',(-1.,0.,0.));
#6230=DIRECTION('ref_axis',(0.,0.860592245585378,0.509294597299359));
#6231=DIRECTION('center_axis',(-1.,0.,0.));
#6232=DIRECTION('ref_axis',(0.,0.707106781186547,0.707106781186547));
#6233=DIRECTION('',(1.,0.,0.));
#6234=DIRECTION('center_axis',(-1.,0.,0.));
#6235=DIRECTION('ref_axis',(0.,0.707106781186547,0.707106781186547));
#6236=DIRECTION('',(-1.,0.,0.));
#6237=DIRECTION('center_axis',(1.,0.,0.));
#6238=DIRECTION('ref_axis',(0.,0.,-1.));
#6239=DIRECTION('center_axis',(1.,0.,0.));
#6240=DIRECTION('ref_axis',(0.,1.,0.));
#6241=DIRECTION('center_axis',(1.,0.,0.));
#6242=DIRECTION('ref_axis',(0.,0.,-1.));
#6243=DIRECTION('center_axis',(0.,0.,1.));
#6244=DIRECTION('ref_axis',(0.,1.,0.));
#6245=DIRECTION('',(-1.,0.,0.));
#6246=DIRECTION('center_axis',(0.,0.,-1.));
#6247=DIRECTION('ref_axis',(0.,-1.,0.));
#6248=DIRECTION('',(0.,0.,-1.));
#6249=DIRECTION('center_axis',(2.56623513058389E-16,-1.,0.));
#6250=DIRECTION('ref_axis',(1.,2.56623513058389E-16,0.));
#6251=DIRECTION('',(0.,0.,1.));
#6252=DIRECTION('',(1.,2.56623513058389E-16,0.));
#6253=DIRECTION('',(0.,0.,-1.));
#6254=DIRECTION('center_axis',(-1.,0.,0.));
#6255=DIRECTION('ref_axis',(0.,0.707106781186547,0.707106781186548));
#6256=DIRECTION('',(-1.,0.,0.));
#6257=DIRECTION('',(1.,0.,0.));
#6258=DIRECTION('center_axis',(1.,0.,0.));
#6259=DIRECTION('ref_axis',(0.,0.707106781186547,0.707106781186548));
#6260=DIRECTION('center_axis',(0.,0.,-1.));
#6261=DIRECTION('ref_axis',(0.,-1.,0.));
#6262=DIRECTION('',(-1.,0.,0.));
#6263=DIRECTION('center_axis',(-1.,0.,0.));
#6264=DIRECTION('ref_axis',(0.,0.707106781186548,-0.707106781186548));
#6265=DIRECTION('center_axis',(1.,0.,0.));
#6266=DIRECTION('ref_axis',(0.,0.707106781186548,-0.707106781186548));
#6267=DIRECTION('',(-1.,0.,0.));
#6268=DIRECTION('',(1.,0.,0.));
#6269=DIRECTION('center_axis',(0.,-1.,0.));
#6270=DIRECTION('ref_axis',(0.,0.,1.));
#6271=DIRECTION('',(0.,0.,1.));
#6272=DIRECTION('center_axis',(1.,0.,0.));
#6273=DIRECTION('ref_axis',(0.,0.,-1.));
#6274=DIRECTION('center_axis',(1.,0.,0.));
#6275=DIRECTION('ref_axis',(0.,1.,0.));
#6276=DIRECTION('center_axis',(1.,0.,0.));
#6277=DIRECTION('ref_axis',(0.,1.,0.));
#6278=DIRECTION('center_axis',(-1.,0.,0.));
#6279=DIRECTION('ref_axis',(0.,-1.,0.));
#6280=DIRECTION('',(0.,1.,0.));
#6281=DIRECTION('center_axis',(-1.,0.,0.));
#6282=DIRECTION('ref_axis',(0.,0.,1.));
#6283=DIRECTION('',(0.,2.70660666215667E-5,-0.999999999633714));
#6284=DIRECTION('center_axis',(1.,0.,0.));
#6285=DIRECTION('ref_axis',(0.,-0.964518596395469,-0.264014918531727));
#6286=DIRECTION('',(0.,0.,-1.));
#6287=DIRECTION('center_axis',(1.,0.,0.));
#6288=DIRECTION('ref_axis',(0.,-1.,1.22464679914735E-16));
#6289=DIRECTION('center_axis',(1.,0.,0.));
#6290=DIRECTION('ref_axis',(0.,1.,0.));
#6291=DIRECTION('center_axis',(0.,-0.509294597299362,0.860592245585376));
#6292=DIRECTION('ref_axis',(0.707106781186547,0.608530612689978,0.360125663372052));
#6293=DIRECTION('center_axis',(0.,-0.999999999633714,-2.70660666215667E-5));
#6294=DIRECTION('ref_axis',(-4.03860519840523E-17,-2.70660666215911E-5,
0.999999999633714));
#6295=DIRECTION('center_axis',(0.,0.,-1.));
#6296=DIRECTION('ref_axis',(-2.72985521675072E-16,1.,0.));
#6297=DIRECTION('center_axis',(0.707106781186548,-0.707106781186547,5.33093070978745E-16));
#6298=DIRECTION('ref_axis',(0.272962011404487,0.272962011404486,-0.922487658811777));
#6299=DIRECTION('',(0.,0.509294597299362,-0.860592245585376));
#6300=DIRECTION('center_axis',(0.,-1.,0.));
#6301=DIRECTION('ref_axis',(-4.03878991599249E-17,0.,1.));
#6302=DIRECTION('center_axis',(0.,-1.,0.));
#6303=DIRECTION('ref_axis',(0.,0.,-1.));
#6304=DIRECTION('',(1.,0.,0.));
#6305=DIRECTION('',(0.,0.,1.));
#6306=DIRECTION('',(0.,0.,1.));
#6307=DIRECTION('center_axis',(0.,-0.860592245585376,-0.509294597299362));
#6308=DIRECTION('ref_axis',(0.,0.509294597299362,-0.860592245585376));
#6309=DIRECTION('',(0.453827180447248,0.453827180447247,-0.766864903731161));
#6310=DIRECTION('',(0.,-0.509294597299362,0.860592245585376));
#6311=DIRECTION('center_axis',(1.,0.,0.));
#6312=DIRECTION('ref_axis',(0.,-0.964518596395469,-0.264014918531727));
#6313=DIRECTION('',(1.,0.,0.));
#6314=DIRECTION('center_axis',(0.,1.,0.));
#6315=DIRECTION('ref_axis',(0.,0.,-1.));
#6316=DIRECTION('center_axis',(0.,1.,0.));
#6317=DIRECTION('ref_axis',(-4.71192156865799E-17,0.,-1.));
#6318=DIRECTION('center_axis',(0.,0.509294597299371,-0.860592245585371));
#6319=DIRECTION('ref_axis',(0.707106781186548,-0.608530612689975,-0.360125663372056));
#6320=DIRECTION('center_axis',(0.707106781186548,-0.707106781186547,5.33093070978745E-16));
#6321=DIRECTION('ref_axis',(0.272962011404492,0.272962011404491,-0.922487658811774));
#6322=DIRECTION('center_axis',(0.,7.53907450985264E-16,1.));
#6323=DIRECTION('ref_axis',(0.382683432365091,0.923879532511286,0.));
#6324=DIRECTION('',(0.,-7.53907450985264E-16,-1.));
#6325=DIRECTION('center_axis',(0.,0.,1.));
#6326=DIRECTION('ref_axis',(0.,1.,0.));
#6327=DIRECTION('center_axis',(0.,0.,-1.));
#6328=DIRECTION('ref_axis',(0.,-1.,0.));
#6329=DIRECTION('',(-1.,0.,0.));
#6330=DIRECTION('center_axis',(-1.,0.,0.));
#6331=DIRECTION('ref_axis',(0.,0.,1.));
#6332=DIRECTION('',(-1.,0.,0.));
#6333=DIRECTION('center_axis',(0.,-0.999999999633714,-2.70660666215667E-5));
#6334=DIRECTION('ref_axis',(0.,-2.70660666215667E-5,0.999999999633714));
#6335=DIRECTION('center_axis',(0.,0.,1.));
#6336=DIRECTION('ref_axis',(-1.,0.,0.));
#6337=DIRECTION('center_axis',(0.,0.881558603972683,-0.47207459978454));
#6338=DIRECTION('ref_axis',(0.707106781186548,0.333807150733574,0.62335606688243));
#6339=DIRECTION('',(0.,0.881558603972683,-0.47207459978454));
#6340=DIRECTION('center_axis',(2.48156140939527E-15,-0.881558603972683,
0.47207459978454));
#6341=DIRECTION('ref_axis',(0.,0.47207459978454,0.881558603972683));
#6342=DIRECTION('',(0.,-0.881558603972683,0.47207459978454));
#6343=DIRECTION('center_axis',(0.,-0.47207459978454,-0.881558603972683));
#6344=DIRECTION('ref_axis',(0.,-0.881558603972683,0.47207459978454));
#6345=DIRECTION('',(-1.,0.,0.));
#6346=DIRECTION('center_axis',(-1.,0.,0.));
#6347=DIRECTION('ref_axis',(0.,0.691841999919902,0.722048922959401));
#6348=DIRECTION('center_axis',(-1.,0.,0.));
#6349=DIRECTION('ref_axis',(0.,0.860592245585376,0.509294597299363));
#6350=DIRECTION('center_axis',(0.,0.,1.));
#6351=DIRECTION('ref_axis',(-0.707106781186548,0.707106781186548,0.));
#6352=DIRECTION('',(0.,0.,-1.));
#6353=DIRECTION('center_axis',(2.14166150679478E-15,-0.264014918531733,
0.964518596395467));
#6354=DIRECTION('ref_axis',(7.82407434388834E-15,-0.964518596395467,-0.264014918531733));
#6355=DIRECTION('center_axis',(0.,-0.509294597299362,0.860592245585376));
#6356=DIRECTION('ref_axis',(-0.707106781186547,0.60853061268998,0.36012566337205));
#6357=DIRECTION('center_axis',(0.707106781186548,-0.707106781186547,5.33093070978745E-16));
#6358=DIRECTION('ref_axis',(-0.272962011404487,-0.272962011404486,0.922487658811777));
#6359=DIRECTION('',(0.,0.509294597299362,-0.860592245585376));
#6360=DIRECTION('center_axis',(1.,0.,0.));
#6361=DIRECTION('ref_axis',(0.,1.,0.));
#6362=DIRECTION('',(0.,7.53907450985264E-16,1.));
#6363=DIRECTION('center_axis',(1.,0.,0.));
#6364=DIRECTION('ref_axis',(0.,0.,1.));
#6365=DIRECTION('center_axis',(1.,0.,0.));
#6366=DIRECTION('ref_axis',(0.,1.,0.));
#6367=DIRECTION('center_axis',(1.,0.,0.));
#6368=DIRECTION('ref_axis',(0.,-1.,0.));
#6369=DIRECTION('center_axis',(1.,0.,0.));
#6370=DIRECTION('ref_axis',(0.,-1.,0.));
#6371=DIRECTION('center_axis',(0.,0.,1.));
#6372=DIRECTION('ref_axis',(0.,1.,0.));
#6373=DIRECTION('center_axis',(1.,0.,0.));
#6374=DIRECTION('ref_axis',(0.,1.,0.));
#6375=DIRECTION('center_axis',(0.,-0.000651797535032686,-0.999999787579964));
#6376=DIRECTION('ref_axis',(-1.,0.,0.));
#6377=DIRECTION('center_axis',(-1.,0.,0.));
#6378=DIRECTION('ref_axis',(0.,-1.,0.));
#6379=DIRECTION('center_axis',(1.,0.,0.));
#6380=DIRECTION('ref_axis',(0.,-1.,0.));
#6381=DIRECTION('center_axis',(1.,0.,0.));
#6382=DIRECTION('ref_axis',(0.,0.,-1.));
#6383=DIRECTION('center_axis',(0.,-1.,0.));
#6384=DIRECTION('ref_axis',(0.,0.,1.));
#6385=DIRECTION('center_axis',(-1.,0.,0.));
#6386=DIRECTION('ref_axis',(0.,-0.788751106890232,-0.61471269010769));
#6387=DIRECTION('center_axis',(-1.,0.,0.));
#6388=DIRECTION('ref_axis',(0.,0.,1.));
#6389=DIRECTION('center_axis',(1.,0.,0.));
#6390=DIRECTION('ref_axis',(0.,1.,0.));
#6391=DIRECTION('',(0.,-0.509294597299362,0.860592245585376));
#6392=DIRECTION('center_axis',(1.,0.,0.));
#6393=DIRECTION('ref_axis',(0.,1.,0.));
#6394=DIRECTION('center_axis',(0.,0.,1.));
#6395=DIRECTION('ref_axis',(1.,0.,0.));
#6396=DIRECTION('center_axis',(0.,0.509294597299365,-0.860592245585375));
#6397=DIRECTION('ref_axis',(1.,0.,0.));
#6398=DIRECTION('center_axis',(0.,0.509294597299362,-0.860592245585376));
#6399=DIRECTION('ref_axis',(0.707106781186548,0.608530612689977,0.360125663372051));
#6400=DIRECTION('',(0.,-0.509294597299362,0.860592245585376));
#6401=DIRECTION('center_axis',(1.,0.,0.));
#6402=DIRECTION('ref_axis',(0.,1.,0.));
#6403=DIRECTION('center_axis',(1.,0.,0.));
#6404=DIRECTION('ref_axis',(0.,1.,0.));
#6405=DIRECTION('center_axis',(0.707106781186548,-0.707106781186547,5.33093070978745E-16));
#6406=DIRECTION('ref_axis',(7.53907450985264E-16,0.,-1.));
#6407=DIRECTION('center_axis',(1.,0.,0.));
#6408=DIRECTION('ref_axis',(0.,1.,0.));
#6409=DIRECTION('center_axis',(-1.,0.,0.));
#6410=DIRECTION('ref_axis',(0.,1.,0.));
#6411=DIRECTION('center_axis',(-1.,0.,0.));
#6412=DIRECTION('ref_axis',(0.,1.,0.));
#6413=DIRECTION('',(1.,0.,0.));
#6414=DIRECTION('center_axis',(-1.,0.,0.));
#6415=DIRECTION('ref_axis',(0.,-1.,-1.28671467352827E-9));
#6416=DIRECTION('',(-1.,0.,0.));
#6417=DIRECTION('center_axis',(-1.,0.,0.));
#6418=DIRECTION('ref_axis',(0.,1.,0.));
#6419=DIRECTION('center_axis',(-0.707106781186547,0.,-0.707106781186548));
#6420=DIRECTION('ref_axis',(-0.707106781186548,0.,0.707106781186547));
#6421=DIRECTION('center_axis',(0.,0.,1.));
#6422=DIRECTION('ref_axis',(0.945760878603529,-0.324863602921413,0.));
#6423=DIRECTION('',(0.,0.,1.));
#6424=DIRECTION('center_axis',(0.,0.,-1.));
#6425=DIRECTION('ref_axis',(0.945760878603529,-0.324863602921413,0.));
#6426=DIRECTION('',(0.,0.,1.));
#6427=DIRECTION('center_axis',(-1.,2.36847578586635E-13,0.));
#6428=DIRECTION('ref_axis',(-2.36847578586635E-13,-1.,0.));
#6429=DIRECTION('',(-2.36847578586635E-13,-1.,0.));
#6430=DIRECTION('',(0.,0.,1.));
#6431=DIRECTION('center_axis',(-5.29946457100781E-13,-1.,0.));
#6432=DIRECTION('ref_axis',(1.,-5.29946457100781E-13,0.));
#6433=DIRECTION('',(0.,0.,1.));
#6434=DIRECTION('',(1.,-5.29946457100781E-13,0.));
#6435=DIRECTION('',(0.,0.,1.));
#6436=DIRECTION('center_axis',(0.,0.,1.));
#6437=DIRECTION('ref_axis',(2.41170046896026E-11,1.,0.));
#6438=DIRECTION('center_axis',(0.,0.,-1.));
#6439=DIRECTION('ref_axis',(2.41170046896026E-11,1.,0.));
#6440=DIRECTION('',(0.,0.,1.));
#6441=DIRECTION('center_axis',(0.,0.,1.));
#6442=DIRECTION('ref_axis',(-0.945760878603528,0.324863602921415,0.));
#6443=DIRECTION('center_axis',(0.,0.,1.));
#6444=DIRECTION('ref_axis',(-0.945760878603528,0.324863602921415,0.));
#6445=DIRECTION('center_axis',(0.,0.,1.));
#6446=DIRECTION('ref_axis',(-1.,0.,0.));
#6447=DIRECTION('',(1.69325370883038E-15,1.,0.));
#6448=DIRECTION('center_axis',(0.,0.,1.));
#6449=DIRECTION('ref_axis',(1.,0.,0.));
#6450=DIRECTION('',(-1.,-1.16720126459413E-15,0.));
#6451=DIRECTION('center_axis',(0.,0.,-1.));
#6452=DIRECTION('ref_axis',(-1.,0.,0.));
#6453=DIRECTION('center_axis',(0.,0.,1.));
#6454=DIRECTION('ref_axis',(-1.,0.,0.));
#6455=DIRECTION('center_axis',(0.,0.,1.));
#6456=DIRECTION('ref_axis',(-1.,0.,0.));
#6457=DIRECTION('',(0.,0.,-1.));
#6458=DIRECTION('center_axis',(0.,0.,1.));
#6459=DIRECTION('ref_axis',(-1.,0.,0.));
#6460=DIRECTION('center_axis',(0.,0.,-1.));
#6461=DIRECTION('ref_axis',(-1.,0.,0.));
#6462=DIRECTION('center_axis',(1.11022302462515E-15,-1.,0.));
#6463=DIRECTION('ref_axis',(1.,1.11022302462515E-15,0.));
#6464=DIRECTION('',(0.,0.,1.));
#6465=DIRECTION('',(1.,1.11022302462515E-15,0.));
#6466=DIRECTION('',(0.,0.,1.));
#6467=DIRECTION('center_axis',(0.,0.,1.));
#6468=DIRECTION('ref_axis',(0.921189042832441,-0.389115339411659,0.));
#6469=DIRECTION('center_axis',(0.,0.,1.));
#6470=DIRECTION('ref_axis',(0.921189042832441,-0.389115339411659,0.));
#6471=DIRECTION('',(0.,0.,1.));
#6472=DIRECTION('center_axis',(0.,0.,1.));
#6473=DIRECTION('ref_axis',(1.11022302462516E-15,-1.,0.));
#6474=DIRECTION('',(0.,0.,1.));
#6475=DIRECTION('center_axis',(0.,0.,1.));
#6476=DIRECTION('ref_axis',(1.11022302462516E-15,-1.,0.));
#6477=DIRECTION('center_axis',(0.,0.,1.));
#6478=DIRECTION('ref_axis',(-1.,0.,0.));
#6479=DIRECTION('',(0.707106781186548,0.707106781186547,0.));
#6480=DIRECTION('',(-0.5,-0.866025403784439,0.));
#6481=DIRECTION('center_axis',(0.,0.,1.));
#6482=DIRECTION('ref_axis',(-0.866025403784439,0.5,0.));
#6483=DIRECTION('',(0.,-1.,0.));
#6484=DIRECTION('center_axis',(0.,0.,-1.));
#6485=DIRECTION('ref_axis',(-1.,0.,0.));
#6486=DIRECTION('center_axis',(-0.707106781186547,0.707106781186548,0.));
#6487=DIRECTION('ref_axis',(-0.707106781186548,-0.707106781186547,0.));
#6488=DIRECTION('',(0.,0.,1.));
#6489=DIRECTION('',(-0.707106781186548,-0.707106781186547,0.));
#6490=DIRECTION('',(0.,0.,1.));
#6491=DIRECTION('center_axis',(0.,0.,-1.));
#6492=DIRECTION('ref_axis',(-1.,0.,0.));
#6493=DIRECTION('center_axis',(0.,0.,-1.));
#6494=DIRECTION('ref_axis',(-1.,0.,0.));
#6495=DIRECTION('',(0.,0.,-1.));
#6496=DIRECTION('center_axis',(0.,0.,-1.));
#6497=DIRECTION('ref_axis',(-1.,0.,0.));
#6498=DIRECTION('',(0.,0.,-1.));
#6499=DIRECTION('center_axis',(0.,0.,-1.));
#6500=DIRECTION('ref_axis',(-1.,0.,0.));
#6501=DIRECTION('center_axis',(0.,0.,1.));
#6502=DIRECTION('ref_axis',(-1.,0.,0.));
#6503=DIRECTION('',(0.,0.,1.));
#6504=DIRECTION('center_axis',(0.,1.,0.));
#6505=DIRECTION('ref_axis',(1.,0.,0.));
#6506=DIRECTION('',(0.,0.,1.));
#6507=DIRECTION('',(1.,0.,0.));
#6508=DIRECTION('',(0.,0.,-1.));
#6509=DIRECTION('center_axis',(1.,0.,0.));
#6510=DIRECTION('ref_axis',(0.,-1.,0.));
#6511=DIRECTION('',(0.,0.,1.));
#6512=DIRECTION('',(0.,-1.,0.));
#6513=DIRECTION('',(0.,0.,-1.));
#6514=DIRECTION('center_axis',(0.,0.,-1.));
#6515=DIRECTION('ref_axis',(1.,0.,0.));
#6516=DIRECTION('center_axis',(0.,0.,-1.));
#6517=DIRECTION('ref_axis',(1.,0.,0.));
#6518=DIRECTION('center_axis',(0.,0.,1.));
#6519=DIRECTION('ref_axis',(-1.,0.,0.));
#6520=DIRECTION('center_axis',(0.,0.,-1.));
#6521=DIRECTION('ref_axis',(-1.,0.,0.));
#6522=DIRECTION('center_axis',(0.,0.,-1.));
#6523=DIRECTION('ref_axis',(-1.,0.,0.));
#6524=DIRECTION('',(0.,0.,1.));
#6525=DIRECTION('center_axis',(0.,0.,-1.));
#6526=DIRECTION('ref_axis',(-1.,0.,0.));
#6527=DIRECTION('',(0.,0.,-1.));
#6528=DIRECTION('center_axis',(0.,0.,1.));
#6529=DIRECTION('ref_axis',(-1.,0.,0.));
#6530=DIRECTION('',(0.,0.,1.));
#6531=DIRECTION('center_axis',(0.,0.,1.));
#6532=DIRECTION('ref_axis',(-1.,0.,0.));
#6533=DIRECTION('',(0.,0.,-1.));
#6534=DIRECTION('center_axis',(0.,0.,-1.));
#6535=DIRECTION('ref_axis',(-1.,0.,0.));
#6536=DIRECTION('center_axis',(0.,0.,-1.));
#6537=DIRECTION('ref_axis',(-1.,0.,0.));
#6538=DIRECTION('center_axis',(0.,0.,-1.));
#6539=DIRECTION('ref_axis',(-1.,0.,0.));
#6540=DIRECTION('',(0.,0.,-1.));
#6541=DIRECTION('center_axis',(0.,0.,-1.));
#6542=DIRECTION('ref_axis',(-1.,0.,0.));
#6543=DIRECTION('',(0.,0.,-1.));
#6544=DIRECTION('center_axis',(1.,7.84004114038384E-16,0.));
#6545=DIRECTION('ref_axis',(7.84004114038384E-16,-1.,0.));
#6546=DIRECTION('',(0.,0.,-1.));
#6547=DIRECTION('',(7.84004114038384E-16,-1.,0.));
#6548=DIRECTION('',(0.,0.,-1.));
#6549=DIRECTION('center_axis',(0.,-1.,0.));
#6550=DIRECTION('ref_axis',(-1.,0.,0.));
#6551=DIRECTION('',(-1.,0.,0.));
#6552=DIRECTION('',(0.,0.,-1.));
#6553=DIRECTION('center_axis',(0.,0.,-1.));
#6554=DIRECTION('ref_axis',(0.,-1.,0.));
#6555=DIRECTION('center_axis',(0.,0.,-1.));
#6556=DIRECTION('ref_axis',(0.,-1.,0.));
#6557=DIRECTION('center_axis',(0.,0.,1.));
#6558=DIRECTION('ref_axis',(-1.,0.,0.));
#6559=DIRECTION('center_axis',(0.,0.,-1.));
#6560=DIRECTION('ref_axis',(-1.,0.,0.));
#6561=DIRECTION('center_axis',(0.,0.,-1.));
#6562=DIRECTION('ref_axis',(-1.,0.,0.));
#6563=DIRECTION('',(0.,0.,1.));
#6564=DIRECTION('center_axis',(0.,0.,-1.));
#6565=DIRECTION('ref_axis',(0.916488299347626,0.400061491722082,0.));
#6566=DIRECTION('',(0.,0.,-1.));
#6567=DIRECTION('center_axis',(0.,0.,-1.));
#6568=DIRECTION('ref_axis',(-1.,0.,0.));
#6569=DIRECTION('',(0.,0.,-1.));
#6570=DIRECTION('center_axis',(0.,0.,-1.));
#6571=DIRECTION('ref_axis',(-1.,0.,0.));
#6572=DIRECTION('center_axis',(0.,0.,-1.));
#6573=DIRECTION('ref_axis',(-1.,0.,0.));
#6574=DIRECTION('center_axis',(0.,0.,1.));
#6575=DIRECTION('ref_axis',(-1.,0.,0.));
#6576=DIRECTION('',(0.,0.,1.));
#6577=DIRECTION('center_axis',(0.,0.,-1.));
#6578=DIRECTION('ref_axis',(-1.,0.,0.));
#6579=DIRECTION('center_axis',(0.,0.,1.));
#6580=DIRECTION('ref_axis',(-1.,0.,0.));
#6581=DIRECTION('',(0.,0.,1.));
#6582=DIRECTION('center_axis',(0.,0.,-1.));
#6583=DIRECTION('ref_axis',(-0.866025403784439,0.5,0.));
#6584=DIRECTION('',(0.,0.,1.));
#6585=DIRECTION('center_axis',(0.,0.,-1.));
#6586=DIRECTION('ref_axis',(-0.866025403784439,0.5,0.));
#6587=DIRECTION('',(0.,0.,1.));
#6588=DIRECTION('center_axis',(-1.,0.,0.));
#6589=DIRECTION('ref_axis',(0.,1.,0.));
#6590=DIRECTION('',(0.,1.,0.));
#6591=DIRECTION('center_axis',(-1.,4.92936865778693E-16,0.));
#6592=DIRECTION('ref_axis',(4.92936865778693E-16,1.,0.));
#6593=DIRECTION('',(4.92936865778693E-16,1.,0.));
#6594=DIRECTION('',(0.,0.,-1.));
#6595=DIRECTION('center_axis',(0.,0.,-1.));
#6596=DIRECTION('ref_axis',(0.866025403784439,-0.5,0.));
#6597=DIRECTION('center_axis',(0.,0.,1.));
#6598=DIRECTION('ref_axis',(0.866025403784439,-0.5,0.));
#6599=DIRECTION('',(0.,0.,-1.));
#6600=DIRECTION('center_axis',(-0.866025403784439,0.5,0.));
#6601=DIRECTION('ref_axis',(0.5,0.866025403784439,0.));
#6602=DIRECTION('',(0.5,0.866025403784439,0.));
#6603=DIRECTION('center_axis',(0.,0.,1.));
#6604=DIRECTION('ref_axis',(-1.,0.,0.));
#6605=DIRECTION('center_axis',(0.,0.,-1.));
#6606=DIRECTION('ref_axis',(1.,0.,0.));
#6607=DIRECTION('center_axis',(0.,0.,1.));
#6608=DIRECTION('ref_axis',(-1.,0.,0.));
#6609=DIRECTION('center_axis',(0.,0.,-1.));
#6610=DIRECTION('ref_axis',(1.,0.,0.));
#6611=DIRECTION('center_axis',(0.,0.,-1.));
#6612=DIRECTION('ref_axis',(1.,0.,0.));
#6613=DIRECTION('',(0.,0.,1.));
#6614=DIRECTION('center_axis',(0.,0.,-1.));
#6615=DIRECTION('ref_axis',(1.,0.,0.));
#6616=DIRECTION('',(0.,0.,-1.));
#6617=DIRECTION('center_axis',(0.,0.,-1.));
#6618=DIRECTION('ref_axis',(1.,0.,0.));
#6619=DIRECTION('',(0.,0.,-1.));
#6620=DIRECTION('center_axis',(0.,0.,1.));
#6621=DIRECTION('ref_axis',(1.,0.,0.));
#6622=DIRECTION('',(0.,0.,-1.));
#6623=DIRECTION('center_axis',(0.,0.,-1.));
#6624=DIRECTION('ref_axis',(1.,0.,0.));
#6625=DIRECTION('center_axis',(0.,0.,-1.));
#6626=DIRECTION('ref_axis',(-1.,0.,0.));
#6627=DIRECTION('',(0.,0.,-1.));
#6628=DIRECTION('center_axis',(0.,0.,1.));
#6629=DIRECTION('ref_axis',(-1.,0.,0.));
#6630=DIRECTION('center_axis',(0.,0.,1.));
#6631=DIRECTION('ref_axis',(-1.,0.,0.));
#6632=DIRECTION('center_axis',(0.,0.,-1.));
#6633=DIRECTION('ref_axis',(-1.,0.,0.));
#6634=DIRECTION('center_axis',(0.,0.,1.));
#6635=DIRECTION('ref_axis',(-1.,0.,0.));
#6636=DIRECTION('center_axis',(0.,0.,-1.));
#6637=DIRECTION('ref_axis',(-1.,0.,0.));
#6638=DIRECTION('center_axis',(1.,0.,0.));
#6639=DIRECTION('ref_axis',(0.,1.,0.));
#6640=DIRECTION('',(0.,1.,0.));
#6641=DIRECTION('center_axis',(0.,0.,1.));
#6642=DIRECTION('ref_axis',(0.819231920519041,-0.573462344363328,0.));
#6643=DIRECTION('',(0.,0.,-1.));
#6644=DIRECTION('',(0.,0.,1.));
#6645=DIRECTION('center_axis',(0.910419300956365,-0.413686712919479,0.));
#6646=DIRECTION('ref_axis',(0.413686712919479,0.910419300956365,0.));
#6647=DIRECTION('',(0.,0.,1.));
#6648=DIRECTION('center_axis',(0.,0.,1.));
#6649=DIRECTION('ref_axis',(-0.910419300956365,0.413686712919478,0.));
#6650=DIRECTION('',(0.,0.,1.));
#6651=DIRECTION('center_axis',(0.910419300956372,0.413686712919464,0.));
#6652=DIRECTION('ref_axis',(-0.413686712919464,0.910419300956372,0.));
#6653=DIRECTION('center_axis',(0.,0.,1.));
#6654=DIRECTION('ref_axis',(-0.993926792387083,-0.110043315903898,0.));
#6655=DIRECTION('center_axis',(0.,0.,1.));
#6656=DIRECTION('ref_axis',(-1.,0.,0.));
#6657=DIRECTION('center_axis',(0.,0.,1.));
#6658=DIRECTION('ref_axis',(-1.,0.,0.));
#6659=DIRECTION('center_axis',(0.,0.,1.));
#6660=DIRECTION('ref_axis',(-1.,0.,0.));
#6661=DIRECTION('center_axis',(0.,0.,1.));
#6662=DIRECTION('ref_axis',(-1.,0.,0.));
#6663=DIRECTION('center_axis',(0.,0.,1.));
#6664=DIRECTION('ref_axis',(-1.,0.,0.));
#6665=DIRECTION('',(0.,0.,1.));
#6666=DIRECTION('center_axis',(0.,0.,1.));
#6667=DIRECTION('ref_axis',(-1.,0.,0.));
#6668=DIRECTION('',(0.,0.,1.));
#6669=DIRECTION('center_axis',(0.,0.,1.));
#6670=DIRECTION('ref_axis',(-1.,0.,0.));
#6671=DIRECTION('',(0.707106781186548,-0.707106781186547,0.));
#6672=DIRECTION('',(-0.707106781186548,-0.707106781186547,0.));
#6673=DIRECTION('',(0.707106781186548,-0.707106781186548,0.));
#6674=DIRECTION('center_axis',(0.,0.,-1.));
#6675=DIRECTION('ref_axis',(-1.,0.,0.));
#6676=DIRECTION('center_axis',(-0.707106781186548,-0.707106781186548,0.));
#6677=DIRECTION('ref_axis',(0.707106781186548,-0.707106781186548,0.));
#6678=DIRECTION('',(0.,0.,1.));
#6679=DIRECTION('center_axis',(-0.707106781186547,0.707106781186548,0.));
#6680=DIRECTION('ref_axis',(-0.707106781186548,-0.707106781186547,0.));
#6681=DIRECTION('',(0.,0.,1.));
#6682=DIRECTION('center_axis',(0.707106781186548,0.707106781186548,0.));
#6683=DIRECTION('ref_axis',(-0.707106781186548,0.707106781186548,0.));
#6684=DIRECTION('center_axis',(0.,0.,1.));
#6685=DIRECTION('ref_axis',(-1.,0.,0.));
#6686=DIRECTION('center_axis',(0.,0.,-1.));
#6687=DIRECTION('ref_axis',(-1.,0.,0.));
#6688=DIRECTION('',(0.,0.,-1.));
#6689=DIRECTION('center_axis',(0.,0.,1.));
#6690=DIRECTION('ref_axis',(-1.,0.,0.));
#6691=DIRECTION('center_axis',(-0.707106781186547,-0.707106781186548,0.));
#6692=DIRECTION('ref_axis',(0.707106781186548,-0.707106781186547,0.));
#6693=DIRECTION('',(0.707106781186548,-0.707106781186547,0.));
#6694=DIRECTION('',(0.707106781186548,-0.707106781186547,0.));
#6695=DIRECTION('center_axis',(0.,0.,1.));
#6696=DIRECTION('ref_axis',(-1.,0.,0.));
#6697=DIRECTION('center_axis',(0.,0.,1.));
#6698=DIRECTION('ref_axis',(-1.,0.,0.));
#6699=DIRECTION('center_axis',(0.,0.,1.));
#6700=DIRECTION('ref_axis',(-1.,0.,0.));
#6701=DIRECTION('',(0.,0.,-1.));
#6702=DIRECTION('center_axis',(0.,0.,1.));
#6703=DIRECTION('ref_axis',(-1.,0.,0.));
#6704=DIRECTION('center_axis',(0.,0.,1.));
#6705=DIRECTION('ref_axis',(-1.,0.,0.));
#6706=DIRECTION('center_axis',(-0.707106781186546,-0.707106781186549,0.));
#6707=DIRECTION('ref_axis',(0.707106781186549,-0.707106781186546,0.));
#6708=DIRECTION('',(0.707106781186549,-0.707106781186546,0.));
#6709=DIRECTION('center_axis',(-0.707106781186547,0.707106781186548,0.));
#6710=DIRECTION('ref_axis',(-0.707106781186548,-0.707106781186547,0.));
#6711=DIRECTION('',(-0.707106781186548,-0.707106781186547,0.));
#6712=DIRECTION('center_axis',(0.,0.,1.));
#6713=DIRECTION('ref_axis',(-1.,0.,0.));
#6714=DIRECTION('',(1.,0.,0.));
#6715=DIRECTION('',(0.984807753012208,-0.173648177666928,0.));
#6716=DIRECTION('center_axis',(0.,0.,1.));
#6717=DIRECTION('ref_axis',(-0.499999999999999,-0.866025403784439,0.));
#6718=DIRECTION('',(0.707106781186548,0.707106781186547,0.));
#6719=DIRECTION('center_axis',(0.,0.,1.));
#6720=DIRECTION('ref_axis',(0.707106781186547,-0.707106781186548,0.));
#6721=DIRECTION('',(-0.17364817766693,0.984807753012208,0.));
#6722=DIRECTION('',(3.78485102658034E-16,1.,0.));
#6723=DIRECTION('',(-0.707106781186548,0.707106781186548,0.));
#6724=DIRECTION('',(-1.,0.,0.));
#6725=DIRECTION('',(-0.707106781186548,-0.707106781186547,0.));
#6726=DIRECTION('',(0.,-1.,0.));
#6727=DIRECTION('',(0.707106781186548,-0.707106781186547,0.));
#6728=DIRECTION('center_axis',(0.,0.,1.));
#6729=DIRECTION('ref_axis',(-1.,0.,0.));
#6730=DIRECTION('center_axis',(0.,0.,-1.));
#6731=DIRECTION('ref_axis',(1.,0.,0.));
#6732=DIRECTION('center_axis',(0.,0.,-1.));
#6733=DIRECTION('ref_axis',(-1.,0.,0.));
#6734=DIRECTION('center_axis',(0.,0.,1.));
#6735=DIRECTION('ref_axis',(-1.,0.,0.));
#6736=DIRECTION('center_axis',(0.,0.,-1.));
#6737=DIRECTION('ref_axis',(1.,0.,0.));
#6738=DIRECTION('center_axis',(0.,0.,-1.));
#6739=DIRECTION('ref_axis',(-1.,0.,0.));
#6740=DIRECTION('center_axis',(0.,0.,1.));
#6741=DIRECTION('ref_axis',(-1.,0.,0.));
#6742=DIRECTION('center_axis',(0.,0.,-1.));
#6743=DIRECTION('ref_axis',(1.,0.,0.));
#6744=DIRECTION('center_axis',(0.,0.,-1.));
#6745=DIRECTION('ref_axis',(-1.,0.,0.));
#6746=DIRECTION('center_axis',(0.,0.,1.));
#6747=DIRECTION('ref_axis',(-1.,0.,0.));
#6748=DIRECTION('',(0.,0.,-1.));
#6749=DIRECTION('center_axis',(0.,0.,1.));
#6750=DIRECTION('ref_axis',(-1.,0.,0.));
#6751=DIRECTION('',(0.,0.,-1.));
#6752=DIRECTION('center_axis',(0.,0.,1.));
#6753=DIRECTION('ref_axis',(-1.,0.,0.));
#6754=DIRECTION('',(0.,0.,-1.));
#6755=DIRECTION('center_axis',(0.,1.,0.));
#6756=DIRECTION('ref_axis',(-1.,0.,0.));
#6757=DIRECTION('',(1.,0.,0.));
#6758=DIRECTION('',(0.,0.,1.));
#6759=DIRECTION('',(0.,0.,1.));
#6760=DIRECTION('center_axis',(0.707106781186548,0.707106781186547,0.));
#6761=DIRECTION('ref_axis',(-0.707106781186547,0.707106781186548,0.));
#6762=DIRECTION('',(0.707106781186547,-0.707106781186548,0.));
#6763=DIRECTION('',(0.,0.,1.));
#6764=DIRECTION('center_axis',(1.,-4.30592181367979E-16,0.));
#6765=DIRECTION('ref_axis',(4.30592181367979E-16,1.,0.));
#6766=DIRECTION('',(-4.30592181367979E-16,-1.,0.));
#6767=DIRECTION('',(0.,0.,1.));
#6768=DIRECTION('center_axis',(0.984807753012208,0.17364817766693,0.));
#6769=DIRECTION('ref_axis',(-0.17364817766693,0.984807753012208,0.));
#6770=DIRECTION('',(0.17364817766693,-0.984807753012208,0.));
#6771=DIRECTION('',(0.,0.,1.));
#6772=DIRECTION('center_axis',(0.,0.,1.));
#6773=DIRECTION('ref_axis',(0.707106781186547,-0.707106781186548,0.));
#6774=DIRECTION('center_axis',(0.,0.,1.));
#6775=DIRECTION('ref_axis',(0.707106781186547,-0.707106781186548,0.));
#6776=DIRECTION('',(0.,0.,1.));
#6777=DIRECTION('center_axis',(0.707106781186547,-0.707106781186548,0.));
#6778=DIRECTION('ref_axis',(0.707106781186548,0.707106781186547,0.));
#6779=DIRECTION('',(-0.707106781186548,-0.707106781186547,0.));
#6780=DIRECTION('',(0.,0.,1.));
#6781=DIRECTION('center_axis',(0.,0.,1.));
#6782=DIRECTION('ref_axis',(-0.17364817766693,-0.984807753012208,0.));
#6783=DIRECTION('center_axis',(0.,0.,1.));
#6784=DIRECTION('ref_axis',(-0.17364817766693,-0.984807753012208,0.));
#6785=DIRECTION('',(0.,0.,1.));
#6786=DIRECTION('center_axis',(-0.173648177666928,-0.984807753012209,0.));
#6787=DIRECTION('ref_axis',(0.984807753012209,-0.173648177666928,0.));
#6788=DIRECTION('',(-0.984807753012209,0.173648177666928,0.));
#6789=DIRECTION('',(0.,0.,1.));
#6790=DIRECTION('center_axis',(0.,-1.,0.));
#6791=DIRECTION('ref_axis',(1.,0.,0.));
#6792=DIRECTION('',(1.,0.,0.));
#6793=DIRECTION('',(0.,0.,1.));
#6794=DIRECTION('center_axis',(-0.707106781186547,-0.707106781186548,0.));
#6795=DIRECTION('ref_axis',(0.707106781186548,-0.707106781186547,0.));
#6796=DIRECTION('',(0.707106781186548,-0.707106781186547,0.));
#6797=DIRECTION('',(0.,0.,1.));
#6798=DIRECTION('center_axis',(-1.,0.,0.));
#6799=DIRECTION('ref_axis',(0.,-1.,0.));
#6800=DIRECTION('',(0.,-1.,0.));
#6801=DIRECTION('',(0.,0.,1.));
#6802=DIRECTION('center_axis',(-0.707106781186547,0.707106781186548,0.));
#6803=DIRECTION('ref_axis',(-0.707106781186548,-0.707106781186547,0.));
#6804=DIRECTION('',(-0.707106781186548,-0.707106781186547,0.));
#6805=DIRECTION('center_axis',(0.,0.,1.));
#6806=DIRECTION('ref_axis',(-1.,0.,0.));
#6807=DIRECTION('center_axis',(0.,0.,1.));
#6808=DIRECTION('ref_axis',(1.,0.,0.));
#6809=DIRECTION('center_axis',(0.,0.,1.));
#6810=DIRECTION('ref_axis',(1.,0.,0.));
#6811=DIRECTION('center_axis',(0.,0.,1.));
#6812=DIRECTION('ref_axis',(1.,0.,0.));
#6813=DIRECTION('',(-0.988229098304602,0.152981205590994,0.));
#6814=DIRECTION('',(-0.20881665998462,0.977954805966445,0.));
#6815=DIRECTION('center_axis',(0.,0.,1.));
#6816=DIRECTION('ref_axis',(-1.,0.,0.));
#6817=DIRECTION('',(0.20881665998462,-0.977954805966445,0.));
#6818=DIRECTION('center_axis',(-0.152981205590994,-0.988229098304602,0.));
#6819=DIRECTION('ref_axis',(-0.988229098304602,0.152981205590994,0.));
#6820=DIRECTION('',(-0.988229098304602,0.152981205590994,0.));
#6821=DIRECTION('center_axis',(0.977954805966445,0.20881665998462,0.));
#6822=DIRECTION('ref_axis',(0.20881665998462,-0.977954805966445,0.));
#6823=DIRECTION('center_axis',(0.,0.,1.));
#6824=DIRECTION('ref_axis',(-1.,0.,0.));
#6825=DIRECTION('center_axis',(0.,0.,1.));
#6826=DIRECTION('ref_axis',(1.,0.,0.));
#6827=DIRECTION('center_axis',(0.,0.,1.));
#6828=DIRECTION('ref_axis',(1.,0.,0.));
#6829=DIRECTION('',(-0.707106781186548,8.65956056235494E-17,0.707106781186547));
#6830=DIRECTION('center_axis',(0.,0.,1.));
#6831=DIRECTION('ref_axis',(1.,0.,0.));
#6832=DIRECTION('center_axis',(0.,0.,1.));
#6833=DIRECTION('ref_axis',(1.,0.,0.));
#6834=DIRECTION('center_axis',(0.,0.,-1.));
#6835=DIRECTION('ref_axis',(1.,0.,0.));
#6836=DIRECTION('',(0.,0.,1.));
#6837=DIRECTION('center_axis',(0.,0.,1.));
#6838=DIRECTION('ref_axis',(1.,0.,0.));
#6839=DIRECTION('center_axis',(0.,0.,1.));
#6840=DIRECTION('ref_axis',(1.,0.,0.));
#6841=DIRECTION('',(-0.707106781186548,8.65956056235494E-17,0.707106781186547));
#6842=DIRECTION('center_axis',(0.,0.,-1.));
#6843=DIRECTION('ref_axis',(1.,0.,0.));
#6844=DIRECTION('center_axis',(0.,0.,-1.));
#6845=DIRECTION('ref_axis',(1.,0.,0.));
#6846=DIRECTION('',(0.,0.,1.));
#6847=DIRECTION('center_axis',(0.,0.,1.));
#6848=DIRECTION('ref_axis',(1.,0.,0.));
#6849=DIRECTION('center_axis',(0.,0.,1.));
#6850=DIRECTION('ref_axis',(1.,0.,0.));
#6851=DIRECTION('center_axis',(0.,0.,-1.));
#6852=DIRECTION('ref_axis',(1.,0.,0.));
#6853=DIRECTION('',(0.,0.,1.));
#6854=DIRECTION('center_axis',(0.,0.,1.));
#6855=DIRECTION('ref_axis',(1.,0.,0.));
#6856=DIRECTION('center_axis',(0.,0.,1.));
#6857=DIRECTION('ref_axis',(1.,0.,0.));
#6858=DIRECTION('',(-0.707106781186549,8.65956056235495E-17,0.707106781186546));
#6859=DIRECTION('center_axis',(0.,0.,-1.));
#6860=DIRECTION('ref_axis',(1.,0.,0.));
#6861=DIRECTION('center_axis',(0.,0.,-1.));
#6862=DIRECTION('ref_axis',(1.,0.,0.));
#6863=DIRECTION('',(0.,0.,1.));
#6864=DIRECTION('center_axis',(0.,0.,1.));
#6865=DIRECTION('ref_axis',(1.,0.,0.));
#6866=DIRECTION('center_axis',(0.,0.,1.));
#6867=DIRECTION('ref_axis',(1.,0.,0.));
#6868=DIRECTION('center_axis',(0.,0.,-1.));
#6869=DIRECTION('ref_axis',(1.,0.,0.));
#6870=DIRECTION('',(0.,0.,1.));
#6871=DIRECTION('center_axis',(0.,0.,1.));
#6872=DIRECTION('ref_axis',(1.,0.,0.));
#6873=DIRECTION('center_axis',(0.,0.,1.));
#6874=DIRECTION('ref_axis',(1.,0.,0.));
#6875=DIRECTION('',(-0.707106781186549,8.65956056235495E-17,0.707106781186546));
#6876=DIRECTION('center_axis',(0.,0.,-1.));
#6877=DIRECTION('ref_axis',(1.,0.,0.));
#6878=DIRECTION('center_axis',(0.,0.,-1.));
#6879=DIRECTION('ref_axis',(1.,0.,0.));
#6880=DIRECTION('',(0.,0.,1.));
#6881=DIRECTION('center_axis',(0.,0.,1.));
#6882=DIRECTION('ref_axis',(1.,0.,0.));
#6883=DIRECTION('center_axis',(0.,0.,1.));
#6884=DIRECTION('ref_axis',(1.,0.,0.));
#6885=DIRECTION('center_axis',(0.,0.,-1.));
#6886=DIRECTION('ref_axis',(1.,0.,0.));
#6887=DIRECTION('',(0.,0.,1.));
#6888=DIRECTION('center_axis',(1.,0.,0.));
#6889=DIRECTION('ref_axis',(0.,1.,0.));
#6890=DIRECTION('center_axis',(-1.,0.,0.));
#6891=DIRECTION('ref_axis',(0.,1.,0.));
#6892=DIRECTION('',(-1.,0.,0.));
#6893=DIRECTION('center_axis',(1.,0.,0.));
#6894=DIRECTION('ref_axis',(0.,1.,0.));
#6895=DIRECTION('center_axis',(1.,0.,0.));
#6896=DIRECTION('ref_axis',(0.,1.,0.));
#6897=DIRECTION('center_axis',(-1.,0.,0.));
#6898=DIRECTION('ref_axis',(0.,1.,0.));
#6899=DIRECTION('',(-1.,0.,0.));
#6900=DIRECTION('center_axis',(1.,0.,0.));
#6901=DIRECTION('ref_axis',(0.,1.,0.));
#6902=CARTESIAN_POINT('',(0.,0.,0.));
#6903=CARTESIAN_POINT('Ctrl Pts',(-39.1831301200684,14.7517472230639,4.25));
#6904=CARTESIAN_POINT('Ctrl Pts',(-39.1831301200684,14.7517472230639,3.98898851573993));
#6905=CARTESIAN_POINT('Ctrl Pts',(-39.3078120491035,14.7877550054947,3.59596744414873));
#6906=CARTESIAN_POINT('Ctrl Pts',(-39.7594808299123,14.9124365361965,3.12965730525929));
#6907=CARTESIAN_POINT('Ctrl Pts',(-40.1338411614945,15.0107670794543,3.00172680017092));
#6908=CARTESIAN_POINT('Ctrl Pts',(-40.3870004830768,15.074641578002,3.00000974569));
#6909=CARTESIAN_POINT('Ctrl Pts',(-40.3897259473811,15.0753293166952,3.));
#6910=CARTESIAN_POINT('Ctrl Pts',(-40.392450779021,15.0760164917298,3.));
#6911=CARTESIAN_POINT('Ctrl Pts',(-39.156258417619,14.8299776086459,4.25));
#6912=CARTESIAN_POINT('Ctrl Pts',(-39.156258417619,14.8299776086459,3.98609912100136));
#6913=CARTESIAN_POINT('Ctrl Pts',(-39.2875627078207,14.8580294396487,3.58953749728943));
#6914=CARTESIAN_POINT('Ctrl Pts',(-39.7525148246866,14.9531290312393,3.12669112908374));
#6915=CARTESIAN_POINT('Ctrl Pts',(-40.1313362858821,15.0269869420383,3.00172039113526));
#6916=CARTESIAN_POINT('Ctrl Pts',(-40.3869470159831,15.074983205603,3.00000936747117));
#6917=CARTESIAN_POINT('Ctrl Pts',(-40.3896993256295,15.0755000728373,3.));
#6918=CARTESIAN_POINT('Ctrl Pts',(-40.392450779021,15.0760164917298,3.));
#6919=CARTESIAN_POINT('Ctrl Pts',(-39.142450779021,14.912678048979,4.25));
#6920=CARTESIAN_POINT('Ctrl Pts',(-39.142450779021,14.912678048979,3.98609912100136));
#6921=CARTESIAN_POINT('Ctrl Pts',(-39.2754924169622,14.9310613617475,3.58953749728943));
#6922=CARTESIAN_POINT('Ctrl Pts',(-39.7459789421512,14.9939466392193,3.12669112908374));
#6923=CARTESIAN_POINT('Ctrl Pts',(-40.1288074757008,15.0431992647756,3.00172039113526));
#6924=CARTESIAN_POINT('Ctrl Pts',(-40.3868937274737,15.0753248894442,3.00000936747117));
#6925=CARTESIAN_POINT('Ctrl Pts',(-40.3896727038779,15.0756708289794,3.));
#6926=CARTESIAN_POINT('Ctrl Pts',(-40.392450779021,15.0760164917298,3.));
#6927=CARTESIAN_POINT('Ctrl Pts',(-39.142450779021,14.9953949252549,4.25));
#6928=CARTESIAN_POINT('Ctrl Pts',(-39.142450779021,14.9953949252549,3.98898851573993));
#6929=CARTESIAN_POINT('Ctrl Pts',(-39.2720534561348,15.0040983956143,3.59596744414872));
#6930=CARTESIAN_POINT('Ctrl Pts',(-39.7398906827696,15.0347618774483,3.12965730525928));
#6931=CARTESIAN_POINT('Ctrl Pts',(-40.1262535780123,15.0594114034885,3.00172680017089));
#6932=CARTESIAN_POINT('Ctrl Pts',(-40.386840626146,15.0756665746177,3.00000974569));
#6933=CARTESIAN_POINT('Ctrl Pts',(-40.3896460821262,15.0758415851215,3.));
#6934=CARTESIAN_POINT('Ctrl Pts',(-40.392450779021,15.0760164917298,3.));
#6935=CARTESIAN_POINT('',(-39.142450779021,14.9953949252549,4.25000000000001));
#6936=CARTESIAN_POINT('',(-40.392450779021,15.0760164917298,3.));
#6937=CARTESIAN_POINT('Ctrl Pts',(-39.142450779021,14.9953949252549,4.25));
#6938=CARTESIAN_POINT('Ctrl Pts',(-39.142450779021,14.9953949252549,3.98898851573993));
#6939=CARTESIAN_POINT('Ctrl Pts',(-39.2720534561348,15.0040983956143,3.59596744414872));
#6940=CARTESIAN_POINT('Ctrl Pts',(-39.7398906827696,15.0347618774483,3.12965730525928));
#6941=CARTESIAN_POINT('Ctrl Pts',(-40.1262535780123,15.0594114034885,3.00172680017089));
#6942=CARTESIAN_POINT('Ctrl Pts',(-40.386840626146,15.0756665746177,3.00000974569));
#6943=CARTESIAN_POINT('Ctrl Pts',(-40.3896460821262,15.0758415851215,3.));
#6944=CARTESIAN_POINT('Ctrl Pts',(-40.392450779021,15.0760164917298,3.));
#6945=CARTESIAN_POINT('',(-39.1831301200684,14.7517472230639,4.25));
#6946=CARTESIAN_POINT('Ctrl Pts',(-40.392450779021,15.0760164917298,3.));
#6947=CARTESIAN_POINT('Ctrl Pts',(-40.3897259473811,15.0753293166952,3.));
#6948=CARTESIAN_POINT('Ctrl Pts',(-40.3870004830768,15.074641578002,3.00000974569));
#6949=CARTESIAN_POINT('Ctrl Pts',(-40.1338411614945,15.0107670794543,3.00172680017092));
#6950=CARTESIAN_POINT('Ctrl Pts',(-39.7594808299123,14.9124365361965,3.12965730525929));
#6951=CARTESIAN_POINT('Ctrl Pts',(-39.3078120491035,14.7877550054947,3.59596744414873));
#6952=CARTESIAN_POINT('Ctrl Pts',(-39.1831301200684,14.7517472230639,3.98898851573993));
#6953=CARTESIAN_POINT('Ctrl Pts',(-39.1831301200684,14.7517472230639,4.25));
#6954=CARTESIAN_POINT('Origin',(-39.8924507790212,14.9953949252551,4.25));
#6955=CARTESIAN_POINT('Ctrl Pts',(-35.4452650936827,11.2982092399179,4.25000000000001));
#6956=CARTESIAN_POINT('Ctrl Pts',(-35.4452650936827,11.2982092399179,3.98898851573991));
#6957=CARTESIAN_POINT('Ctrl Pts',(-35.4365616663549,11.1686072018464,3.59596612122797));
#6958=CARTESIAN_POINT('Ctrl Pts',(-35.4058981646927,10.7007697245428,3.12965609195414));
#6959=CARTESIAN_POINT('Ctrl Pts',(-35.381248621825,10.3144065476871,3.00172648013132));
#6960=CARTESIAN_POINT('Ctrl Pts',(-35.364993444274,10.0538193920134,3.00000974802714));
#6961=CARTESIAN_POINT('Ctrl Pts',(-35.3648184338168,10.0510139368129,3.));
#6962=CARTESIAN_POINT('Ctrl Pts',(-35.3646435272084,10.0482092399179,3.));
#6963=CARTESIAN_POINT('Ctrl Pts',(-35.5279819699587,11.298209239918,4.25));
#6964=CARTESIAN_POINT('Ctrl Pts',(-35.5279819699587,11.298209239918,3.98609912100133));
#6965=CARTESIAN_POINT('Ctrl Pts',(-35.5095987518187,11.1651682807353,3.58953611010971));
#6966=CARTESIAN_POINT('Ctrl Pts',(-35.4467134272956,10.6946814746308,3.12668989912287));
#6967=CARTESIAN_POINT('Ctrl Pts',(-35.3974607671059,10.311852651718,3.00172006666997));
#6968=CARTESIAN_POINT('Ctrl Pts',(-35.3653351293995,10.0537662906732,3.00000936984063));
#6969=CARTESIAN_POINT('Ctrl Pts',(-35.3649891899588,10.0509873150612,3.));
#6970=CARTESIAN_POINT('Ctrl Pts',(-35.3646435272084,10.0482092399179,3.));
#6971=CARTESIAN_POINT('Ctrl Pts',(-35.610682410292,11.28440160132,4.25));
#6972=CARTESIAN_POINT('Ctrl Pts',(-35.610682410292,11.28440160132,3.98609912100133));
#6973=CARTESIAN_POINT('Ctrl Pts',(-35.5826307245926,11.1530979805594,3.58953611010971));
#6974=CARTESIAN_POINT('Ctrl Pts',(-35.4875310585973,10.6881455885744,3.12668989912287));
#6975=CARTESIAN_POINT('Ctrl Pts',(-35.4136730961686,10.309323840588,3.00172006666997));
#6976=CARTESIAN_POINT('Ctrl Pts',(-35.3656768131945,10.0537130021706,3.00000936984063));
#6977=CARTESIAN_POINT('Ctrl Pts',(-35.3651599461009,10.0509606933096,3.));
#6978=CARTESIAN_POINT('Ctrl Pts',(-35.3646435272085,10.0482092399179,3.));
#6979=CARTESIAN_POINT('Ctrl Pts',(-35.6889127958742,11.2575298988705,4.25));
#6980=CARTESIAN_POINT('Ctrl Pts',(-35.6889127958742,11.2575298988705,3.98898851573991));
#6981=CARTESIAN_POINT('Ctrl Pts',(-35.6529051922646,11.1328485839874,3.59596612122797));
#6982=CARTESIAN_POINT('Ctrl Pts',(-35.5282235713126,10.6811795680134,3.12965609195414));
#6983=CARTESIAN_POINT('Ctrl Pts',(-35.4298929637951,10.3068189616408,3.00172648013132));
#6984=CARTESIAN_POINT('Ctrl Pts',(-35.3660184407587,10.0536595351013,3.00000974802714));
#6985=CARTESIAN_POINT('Ctrl Pts',(-35.365330702243,10.050934071558,3.));
#6986=CARTESIAN_POINT('Ctrl Pts',(-35.3646435272085,10.0482092399179,3.));
#6987=CARTESIAN_POINT('',(-35.6889127958742,11.2575298988705,4.25));
#6988=CARTESIAN_POINT('',(-35.3646435272084,10.0482092399179,3.));
#6989=CARTESIAN_POINT('Ctrl Pts',(-35.6889127958742,11.2575298988705,4.25));
#6990=CARTESIAN_POINT('Ctrl Pts',(-35.6889127958742,11.2575298988705,3.98898851573991));
#6991=CARTESIAN_POINT('Ctrl Pts',(-35.6529051922646,11.1328485839874,3.59596612122797));
#6992=CARTESIAN_POINT('Ctrl Pts',(-35.5282235713126,10.6811795680134,3.12965609195414));
#6993=CARTESIAN_POINT('Ctrl Pts',(-35.4298929637951,10.3068189616408,3.00172648013132));
#6994=CARTESIAN_POINT('Ctrl Pts',(-35.3660184407587,10.0536595351013,3.00000974802714));
#6995=CARTESIAN_POINT('Ctrl Pts',(-35.365330702243,10.050934071558,3.));
#6996=CARTESIAN_POINT('Ctrl Pts',(-35.3646435272085,10.0482092399179,3.));
#6997=CARTESIAN_POINT('',(-35.4452650936827,11.2982092399179,4.25000000000001));
#6998=CARTESIAN_POINT('Ctrl Pts',(-35.3646435272084,10.0482092399179,3.));
#6999=CARTESIAN_POINT('Ctrl Pts',(-35.3648184338168,10.0510139368129,3.));
#7000=CARTESIAN_POINT('Ctrl Pts',(-35.364993444274,10.0538193920134,3.00000974802714));
#7001=CARTESIAN_POINT('Ctrl Pts',(-35.381248621825,10.3144065476871,3.00172648013132));
#7002=CARTESIAN_POINT('Ctrl Pts',(-35.4058981646927,10.7007697245428,3.12965609195414));
#7003=CARTESIAN_POINT('Ctrl Pts',(-35.4365616663549,11.1686072018464,3.59596612122797));
#7004=CARTESIAN_POINT('Ctrl Pts',(-35.4452650936827,11.2982092399179,3.98898851573991));
#7005=CARTESIAN_POINT('Ctrl Pts',(-35.4452650936827,11.2982092399179,4.25000000000001));
#7006=CARTESIAN_POINT('Origin',(-35.4452650936831,10.5482092399183,4.25));
#7007=CARTESIAN_POINT('Origin',(-29.3336715161585,10.0482092399147,4.25));
#7008=CARTESIAN_POINT('',(-34.6952650936834,10.0482092399175,3.));
#7009=CARTESIAN_POINT('',(-29.3336715161585,10.0482092399147,3.));
#7010=CARTESIAN_POINT('',(-34.6952650936834,11.2982092399175,4.25));
#7011=CARTESIAN_POINT('Origin',(-34.6952650936854,10.0482092399175,4.25));
#7012=CARTESIAN_POINT('',(-29.3336715161578,11.2982092399147,4.25));
#7013=CARTESIAN_POINT('Origin',(-36.5822877039087,13.85837231503,4.25));
#7014=CARTESIAN_POINT('',(-40.0875053430207,11.9313411003222,3.));
#7015=CARTESIAN_POINT('',(-40.4716087457427,13.0576621023072,3.00033903912497));
#7016=CARTESIAN_POINT('Ctrl Pts',(-40.0875053430207,11.9313411003222,3.));
#7017=CARTESIAN_POINT('Ctrl Pts',(-40.0886704398572,11.9346755352867,3.));
#7018=CARTESIAN_POINT('Ctrl Pts',(-40.0898353633031,11.9380101368778,3.00000041124153));
#7019=CARTESIAN_POINT('Ctrl Pts',(-40.1809432226876,12.1988590827695,3.00006332902528));
#7020=CARTESIAN_POINT('Ctrl Pts',(-40.2948035869324,12.5281040032728,3.00199774475004));
#7021=CARTESIAN_POINT('Ctrl Pts',(-40.449142763535,12.9901746829819,3.00054448020961));
#7022=CARTESIAN_POINT('Ctrl Pts',(-40.4604145827878,13.0239980933695,3.00043632227326));
#7023=CARTESIAN_POINT('Ctrl Pts',(-40.4716087457437,13.0576621023069,3.00033903912494));
#7024=CARTESIAN_POINT('Origin',(-36.5822877039087,13.85837231503,3.));
#7025=CARTESIAN_POINT('Origin',(-36.5822877039087,13.85837231503,4.25));
#7026=CARTESIAN_POINT('',(-40.5384293174873,13.2676578888381,3.));
#7027=CARTESIAN_POINT('Origin',(-36.5822877039087,13.85837231503,3.));
#7028=CARTESIAN_POINT('Ctrl Pts',(-40.4716087457437,13.0576621023069,3.00033903912494));
#7029=CARTESIAN_POINT('Ctrl Pts',(-40.4936929804845,13.1240756321634,3.0001471155401));
#7030=CARTESIAN_POINT('Ctrl Pts',(-40.5149507577479,13.1907521449117,3.00001327600643));
#7031=CARTESIAN_POINT('Ctrl Pts',(-40.5364034967095,13.2610022886515,3.00000031127284));
#7032=CARTESIAN_POINT('Ctrl Pts',(-40.5374174195819,13.2643297803346,3.));
#7033=CARTESIAN_POINT('Ctrl Pts',(-40.5384293174873,13.2676578888381,3.));
#7034=CARTESIAN_POINT('Origin',(-40.39245077902,19.4468645885979,4.25));
#7035=CARTESIAN_POINT('',(-39.1424507790208,15.7453949252553,4.25));
#7036=CARTESIAN_POINT('',(-39.14245077902,19.4468645885976,4.25));
#7037=CARTESIAN_POINT('',(-40.3924507790208,15.7453949252553,3.));
#7038=CARTESIAN_POINT('Origin',(-40.3924507790208,15.7453949252549,4.25));
#7039=CARTESIAN_POINT('',(-40.39245077902,19.4468645885979,3.));
#7040=CARTESIAN_POINT('Origin',(-45.,11.,4.));
#7041=CARTESIAN_POINT('',(-41.3583227961745,12.6547468516779,4.));
#7042=CARTESIAN_POINT('Origin',(-40.4479034952182,13.0684335645973,4.));
#7043=CARTESIAN_POINT('',(-41.1458002169577,9.92988597224556,4.));
#7044=CARTESIAN_POINT('Origin',(-45.,11.,4.));
#7045=CARTESIAN_POINT('',(-40.0443348161555,10.3356336961949,3.));
#7046=CARTESIAN_POINT('Ctrl Pts',(-40.0443348161555,10.3356336961949,3.));
#7047=CARTESIAN_POINT('Ctrl Pts',(-40.0459221830711,10.3350489565267,3.));
#7048=CARTESIAN_POINT('Ctrl Pts',(-40.0475095494865,10.3344642170427,3.00000335520896));
#7049=CARTESIAN_POINT('Ctrl Pts',(-40.1420125496575,10.299652068428,3.00040270872703));
#7050=CARTESIAN_POINT('Ctrl Pts',(-40.2348247705235,10.2654627535909,3.012283247637));
#7051=CARTESIAN_POINT('Ctrl Pts',(-40.4155436413675,10.1988911931349,3.05787868475644));
#7052=CARTESIAN_POINT('Ctrl Pts',(-40.5034636405018,10.166504030077,3.0915698929867));
#7053=CARTESIAN_POINT('Ctrl Pts',(-40.7073688985969,10.0913912809039,3.19955448682728));
#7054=CARTESIAN_POINT('Ctrl Pts',(-40.8182513228206,10.0505454302562,3.28552129493));
#7055=CARTESIAN_POINT('Ctrl Pts',(-40.9849557459935,9.98913638352135,3.47788474138352));
#7056=CARTESIAN_POINT('Ctrl Pts',(-41.0465619512617,9.96644245452549,3.57767680246301));
#7057=CARTESIAN_POINT('Ctrl Pts',(-41.1255195733611,9.93735676973727,3.7865051308315));
#7058=CARTESIAN_POINT('Ctrl Pts',(-41.1455509599242,9.92997779126084,3.89115179949584));
#7059=CARTESIAN_POINT('Ctrl Pts',(-41.1457994470823,9.92988625584018,3.99866730951757));
#7060=CARTESIAN_POINT('Ctrl Pts',(-41.1458002169577,9.92988597224556,3.99933369760503));
#7061=CARTESIAN_POINT('Ctrl Pts',(-41.1458002169577,9.92988597224556,4.));
#7062=CARTESIAN_POINT('Origin',(-45.,11.,3.));
#7063=CARTESIAN_POINT('Origin',(-40.872106328256,14.001996172863,4.));
#7064=CARTESIAN_POINT('',(-41.6642917514202,15.7453949252553,3.));
#7065=CARTESIAN_POINT('',(-40.872106328256,14.001996172863,3.));
#7066=CARTESIAN_POINT('',(-42.5747110523766,15.3317082123358,4.));
#7067=CARTESIAN_POINT('Origin',(-41.6642917514202,15.7453949252553,4.));
#7068=CARTESIAN_POINT('',(-41.7825256292123,13.5883094599435,4.));
#7069=CARTESIAN_POINT('Origin',(-23.2220779386444,23.1483342519361,3.));
#7070=CARTESIAN_POINT('',(-36.6952650936834,15.7453949252553,3.));
#7071=CARTESIAN_POINT('Origin',(-23.2220779386444,23.1483342519361,3.));
#7072=CARTESIAN_POINT('',(-39.2091031051376,9.36545154863581,3.));
#7073=CARTESIAN_POINT('Origin',(-43.3847763108502,6.61522368914977,3.));
#7074=CARTESIAN_POINT('',(-34.6952650936834,8.39644489594376,3.));
#7075=CARTESIAN_POINT('Origin',(-38.,4.00000005960464,3.));
#7076=CARTESIAN_POINT('',(-34.6952650936834,13.7453949252553,3.));
#7077=CARTESIAN_POINT('Origin',(-17.9,32.5110000000001,19.0632503002402));
#7078=CARTESIAN_POINT('',(-18.9,32.5110000000001,11.6526610811389));
#7079=CARTESIAN_POINT('',(-17.9,31.5110000000001,12.1265006004805));
#7080=CARTESIAN_POINT('Ctrl Pts',(-18.9,32.5110000000001,11.6526610811389));
#7081=CARTESIAN_POINT('Ctrl Pts',(-18.9,32.378309598324,11.6809250869477));
#7082=CARTESIAN_POINT('Ctrl Pts',(-18.872223900245,32.2407313211826,11.7230291053434));
#7083=CARTESIAN_POINT('Ctrl Pts',(-18.7656054692563,31.9923560039299,11.8227828158226));
#7084=CARTESIAN_POINT('Ctrl Pts',(-18.686940276871,31.8813327252984,11.8800579703769));
#7085=CARTESIAN_POINT('Ctrl Pts',(-18.5115381153108,31.7108771024458,11.9803590774277));
#7086=CARTESIAN_POINT('Ctrl Pts',(-18.4034916309046,31.637190607947,12.0311161524069));
#7087=CARTESIAN_POINT('Ctrl Pts',(-18.1622655538045,31.5372120511615,12.1047941250122));
#7088=CARTESIAN_POINT('Ctrl Pts',(-18.0286835801694,31.5110000000001,12.1265006004805));
#7089=CARTESIAN_POINT('Ctrl Pts',(-17.9,31.5110000000001,12.1265006004805));
#7090=CARTESIAN_POINT('',(-17.9,31.5110000000001,15.8734993995195));
#7091=CARTESIAN_POINT('',(-17.9,31.5110000000001,19.0632503002402));
#7092=CARTESIAN_POINT('',(-18.9,32.5110000000001,16.3473389188611));
#7093=CARTESIAN_POINT('Ctrl Pts',(-17.9,31.5110000000001,15.8734993995195));
#7094=CARTESIAN_POINT('Ctrl Pts',(-18.0286835801694,31.5110000000001,15.8734993995195));
#7095=CARTESIAN_POINT('Ctrl Pts',(-18.1622655538045,31.5372120511615,15.8952058749879));
#7096=CARTESIAN_POINT('Ctrl Pts',(-18.4034916309046,31.637190607947,15.9688838475931));
#7097=CARTESIAN_POINT('Ctrl Pts',(-18.5115381153108,31.7108771024458,16.0196409225723));
#7098=CARTESIAN_POINT('Ctrl Pts',(-18.686940276871,31.8813327252984,16.1199420296231));
#7099=CARTESIAN_POINT('Ctrl Pts',(-18.7656054692563,31.9923560039299,16.1772171841774));
#7100=CARTESIAN_POINT('Ctrl Pts',(-18.872223900245,32.2407313211826,16.2769708946566));
#7101=CARTESIAN_POINT('Ctrl Pts',(-18.9,32.378309598324,16.3190749130523));
#7102=CARTESIAN_POINT('Ctrl Pts',(-18.9,32.5110000000001,16.3473389188611));
#7103=CARTESIAN_POINT('',(-18.9,32.5110000000001,14.559016994375));
#7104=CARTESIAN_POINT('',(-18.9,32.5110000000001,19.0632503002402));
#7105=CARTESIAN_POINT('',(-18.8682458365519,32.2610000000001,14.));
#7106=CARTESIAN_POINT('Ctrl Pts',(-18.9,32.5110000000001,14.559016994375));
#7107=CARTESIAN_POINT('Ctrl Pts',(-18.9,32.5043448147708,14.5530644157448));
#7108=CARTESIAN_POINT('Ctrl Pts',(-18.8999335070488,32.4978872062051,14.5470741209414));
#7109=CARTESIAN_POINT('Ctrl Pts',(-18.8984575610162,32.4216399101338,14.4738889397013));
#7110=CARTESIAN_POINT('Ctrl Pts',(-18.8895728288292,32.3612698069783,14.3883760263091));
#7111=CARTESIAN_POINT('Ctrl Pts',(-18.8740359370573,32.2809399686409,14.1999937015858));
#7112=CARTESIAN_POINT('Ctrl Pts',(-18.8682458365519,32.2610000000001,14.0970457577508));
#7113=CARTESIAN_POINT('Ctrl Pts',(-18.8682458365519,32.2610000000001,14.));
#7114=CARTESIAN_POINT('',(-18.9,32.5110000000001,13.440983005625));
#7115=CARTESIAN_POINT('Ctrl Pts',(-18.8682458365519,32.2610000000001,14.));
#7116=CARTESIAN_POINT('Ctrl Pts',(-18.8682458365519,32.2610000000001,13.9029542422492));
#7117=CARTESIAN_POINT('Ctrl Pts',(-18.8740359370573,32.2809399686409,13.8000062984142));
#7118=CARTESIAN_POINT('Ctrl Pts',(-18.8895728288292,32.3612698069783,13.6116239736909));
#7119=CARTESIAN_POINT('Ctrl Pts',(-18.8984575610162,32.4216399101338,13.5261110602987));
#7120=CARTESIAN_POINT('Ctrl Pts',(-18.8999335070488,32.4978872062051,13.4529258790586));
#7121=CARTESIAN_POINT('Ctrl Pts',(-18.9,32.5043448147708,13.4469355842552));
#7122=CARTESIAN_POINT('Ctrl Pts',(-18.9,32.5110000000001,13.440983005625));
#7123=CARTESIAN_POINT('',(-18.9,32.5110000000001,19.0632503002402));
#7124=CARTESIAN_POINT('Origin',(-18.9,39.0055000000001,26.));
#7125=CARTESIAN_POINT('',(-18.9,33.0110000000001,16.4));
#7126=CARTESIAN_POINT('Origin',(-18.9,33.0110000000001,14.));
#7127=CARTESIAN_POINT('',(-18.9,35.5110000000001,16.4));
#7128=CARTESIAN_POINT('',(-18.9,33.0110000000001,16.4));
#7129=CARTESIAN_POINT('',(-18.9,37.0110000000001,17.9));
#7130=CARTESIAN_POINT('Origin',(-18.9,35.5110000000001,17.9));
#7131=CARTESIAN_POINT('',(-18.9,37.0110000000001,39.5));
#7132=CARTESIAN_POINT('',(-18.9,37.0110000000001,16.4));
#7133=CARTESIAN_POINT('',(-18.9,33.5110000000001,43.));
#7134=CARTESIAN_POINT('Origin',(-18.9,33.5110000000001,39.5));
#7135=CARTESIAN_POINT('',(-18.9,33.0110000000001,43.));
#7136=CARTESIAN_POINT('',(-18.9,37.0110000000001,43.));
#7137=CARTESIAN_POINT('',(-18.9,33.0110000000001,49.));
#7138=CARTESIAN_POINT('Origin',(-18.9,33.0110000000001,46.));
#7139=CARTESIAN_POINT('',(-18.9,35.5110000000001,49.));
#7140=CARTESIAN_POINT('',(-18.9,33.0110000000001,49.));
#7141=CARTESIAN_POINT('',(-18.9,43.0110000000001,41.5));
#7142=CARTESIAN_POINT('Origin',(-18.9,35.5110000000001,41.5));
#7143=CARTESIAN_POINT('',(-18.9,43.0110000000001,33.4340025340009));
#7144=CARTESIAN_POINT('',(-18.9,43.0110000000001,49.));
#7145=CARTESIAN_POINT('',(-18.9,37.2715723630264,43.1323322329012));
#7146=CARTESIAN_POINT('',(-18.9,43.1969442095227,33.1197990343463));
#7147=CARTESIAN_POINT('',(-18.9,37.2715723630263,18.5885808043887));
#7148=CARTESIAN_POINT('',(-18.9,37.2715723630264,25.9375003841705));
#7149=CARTESIAN_POINT('',(-18.9,41.4073828641356,11.6));
#7150=CARTESIAN_POINT('',(-18.9,33.7304295080835,24.5723082926317));
#7151=CARTESIAN_POINT('',(-18.9,33.0110000000001,11.6));
#7152=CARTESIAN_POINT('',(-18.9,33.0110000000001,11.6));
#7153=CARTESIAN_POINT('Origin',(-18.9,33.0110000000001,14.));
#7154=CARTESIAN_POINT('Origin',(-18.9,33.0110000000001,14.));
#7155=CARTESIAN_POINT('',(-18.9,32.2610000000001,46.));
#7156=CARTESIAN_POINT('Origin',(-18.9,33.0110000000001,46.));
#7157=CARTESIAN_POINT('Origin',(-13.5,33.0110000000001,14.));
#7158=CARTESIAN_POINT('',(-16.15,31.5110000000001,15.8734993995195));
#7159=CARTESIAN_POINT('',(-13.5,31.5110000000001,15.8734993995195));
#7160=CARTESIAN_POINT('',(-15.4,30.7610000000001,14.8351646544245));
#7161=CARTESIAN_POINT('Ctrl Pts',(-15.4,30.7610000000001,14.8351646544245));
#7162=CARTESIAN_POINT('Ctrl Pts',(-15.4,30.7677312408269,14.8532991525502));
#7163=CARTESIAN_POINT('Ctrl Pts',(-15.4000905838465,30.7746728135528,14.8713281174969));
#7164=CARTESIAN_POINT('Ctrl Pts',(-15.4018501510474,30.8380426130432,15.0301856183694));
#7165=CARTESIAN_POINT('Ctrl Pts',(-15.4098976754434,30.9070901281183,15.1638250159019));
#7166=CARTESIAN_POINT('Ctrl Pts',(-15.4583156678606,31.0621088988346,15.4081011636116));
#7167=CARTESIAN_POINT('Ctrl Pts',(-15.4979088080052,31.148208779488,15.5188097213691));
#7168=CARTESIAN_POINT('Ctrl Pts',(-15.5995742324661,31.2727229866942,15.6557416368828));
#7169=CARTESIAN_POINT('Ctrl Pts',(-15.6387386474787,31.3128936126367,15.6967616401698));
#7170=CARTESIAN_POINT('Ctrl Pts',(-15.7312370755108,31.3859899177824,15.7668920563766));
#7171=CARTESIAN_POINT('Ctrl Pts',(-15.7846894465532,31.4187319778292,15.7960375712072));
#7172=CARTESIAN_POINT('Ctrl Pts',(-15.8832808566627,31.4636577949427,15.8347866002766));
#7173=CARTESIAN_POINT('Ctrl Pts',(-15.9348201752579,31.4815749267628,15.8496196531468));
#7174=CARTESIAN_POINT('Ctrl Pts',(-16.042341479499,31.505271619071,15.8689611930447));
#7175=CARTESIAN_POINT('Ctrl Pts',(-16.0983293903145,31.5110000000001,15.8734993995195));
#7176=CARTESIAN_POINT('Ctrl Pts',(-16.15,31.5110000000001,15.8734993995195));
#7177=CARTESIAN_POINT('',(-15.4,30.7610000000001,13.1648353455755));
#7178=CARTESIAN_POINT('Origin',(-15.4,33.0110000000001,14.));
#7179=CARTESIAN_POINT('',(-16.15,31.5110000000001,12.1265006004805));
#7180=CARTESIAN_POINT('Ctrl Pts',(-16.15,31.5110000000001,12.1265006004805));
#7181=CARTESIAN_POINT('Ctrl Pts',(-16.0983293903145,31.5110000000001,12.1265006004805));
#7182=CARTESIAN_POINT('Ctrl Pts',(-16.042341479499,31.505271619071,12.1310388069553));
#7183=CARTESIAN_POINT('Ctrl Pts',(-15.9348201752579,31.4815749267628,12.1503803468532));
#7184=CARTESIAN_POINT('Ctrl Pts',(-15.8832808566627,31.4636577949427,12.1652133997234));
#7185=CARTESIAN_POINT('Ctrl Pts',(-15.7846894465532,31.4187319778292,12.2039624287928));
#7186=CARTESIAN_POINT('Ctrl Pts',(-15.7312370755108,31.3859899177824,12.2331079436234));
#7187=CARTESIAN_POINT('Ctrl Pts',(-15.6387386474787,31.3128936126367,12.3032383598302));
#7188=CARTESIAN_POINT('Ctrl Pts',(-15.5995742324661,31.2727229866942,12.3442583631172));
#7189=CARTESIAN_POINT('Ctrl Pts',(-15.4979088080052,31.148208779488,12.4811902786309));
#7190=CARTESIAN_POINT('Ctrl Pts',(-15.4583156678606,31.0621088988346,12.5918988363884));
#7191=CARTESIAN_POINT('Ctrl Pts',(-15.4098976754434,30.9070901281183,12.8361749840981));
#7192=CARTESIAN_POINT('Ctrl Pts',(-15.4018501510474,30.8380426130432,12.9698143816306));
#7193=CARTESIAN_POINT('Ctrl Pts',(-15.4000905838465,30.7746728135528,13.1286718825031));
#7194=CARTESIAN_POINT('Ctrl Pts',(-15.4,30.7677312408269,13.1467008474498));
#7195=CARTESIAN_POINT('Ctrl Pts',(-15.4,30.7610000000001,13.1648353455755));
#7196=CARTESIAN_POINT('',(-13.5,31.5110000000001,12.1265006004805));
#7197=CARTESIAN_POINT('',(-11.5,33.0110000000001,11.6));
#7198=CARTESIAN_POINT('',(-13.5,33.0110000000001,11.6));
#7199=CARTESIAN_POINT('',(-11.5,33.0110000000001,16.4));
#7200=CARTESIAN_POINT('Origin',(-11.5,33.0110000000001,14.));
#7201=CARTESIAN_POINT('',(-13.5,33.0110000000001,16.4));
#7202=CARTESIAN_POINT('Origin',(-18.9,31.5110000000001,12.1265006004805));
#7203=CARTESIAN_POINT('',(-16.15,31.5110000000001,13.0632503002402));
#7204=CARTESIAN_POINT('Origin',(-16.15,30.7610000000001,13.0632503002402));
#7205=CARTESIAN_POINT('',(-15.4,30.7610000000001,13.0632503002402));
#7206=CARTESIAN_POINT('Origin',(-15.4,31.0610000000001,14.));
#7207=CARTESIAN_POINT('Origin',(-20.4569464592839,7.50579237432371,5.25));
#7208=CARTESIAN_POINT('',(-16.8329166772953,7.99408191246364,3.05362268110803));
#7209=CARTESIAN_POINT('',(-16.3446271391554,8.48237145060356,3.2229841372667));
#7210=CARTESIAN_POINT('Origin',(-17.3212062154352,7.50579237432372,5.25));
#7211=CARTESIAN_POINT('',(-16.3446271391554,9.75579237432372,5.25));
#7212=CARTESIAN_POINT('Origin',(-16.3446271391554,7.50579237432372,5.25));
#7213=CARTESIAN_POINT('',(-17.6918149799234,9.75579237432371,5.25));
#7214=CARTESIAN_POINT('',(-20.4569464592839,9.75579237432371,5.25));
#7215=CARTESIAN_POINT('',(-17.6918149799234,7.50579237432372,3.));
#7216=CARTESIAN_POINT('Origin',(-17.6918149799234,7.50579237432372,5.25));
#7217=CARTESIAN_POINT('',(-16.3446271391554,7.50579237432372,3.));
#7218=CARTESIAN_POINT('',(-20.4569464592839,7.50579237432371,3.));
#7219=CARTESIAN_POINT('Origin',(-16.3446271391554,7.50579237432372,5.25));
#7220=CARTESIAN_POINT('Origin',(-20.4569464592839,7.50579237432371,5.25));
#7221=CARTESIAN_POINT('',(-15.6918149799234,9.13518360983552,3.69836080172054));
#7222=CARTESIAN_POINT('Origin',(-17.3212062154352,7.50579237432372,5.25));
#7223=CARTESIAN_POINT('',(-15.6918149799234,9.75579237432372,5.25));
#7224=CARTESIAN_POINT('Origin',(-15.6918149799234,7.50579237432372,5.25));
#7225=CARTESIAN_POINT('',(-20.4569464592839,9.75579237432371,5.25));
#7226=CARTESIAN_POINT('Origin',(-15.6918149799234,11.7557923743237,5.25));
#7227=CARTESIAN_POINT('',(-14.9135843011001,9.91341428865883,5.25));
#7228=CARTESIAN_POINT('Ctrl Pts',(-15.6918149799185,9.13518360984045,3.69836080172571));
#7229=CARTESIAN_POINT('Ctrl Pts',(-15.6727918902624,9.15420669949656,3.71833713101188));
#7230=CARTESIAN_POINT('Ctrl Pts',(-15.6541951635757,9.17280342618327,3.73838453631214));
#7231=CARTESIAN_POINT('Ctrl Pts',(-15.4392375455807,9.38776104417821,3.97581438151338));
#7232=CARTESIAN_POINT('Ctrl Pts',(-15.2272590667755,9.59973952298343,4.27543650461574));
#7233=CARTESIAN_POINT('Ctrl Pts',(-15.0374074914196,9.78959109833932,4.67689434697722));
#7234=CARTESIAN_POINT('Ctrl Pts',(-14.9842733087149,9.84272528104404,4.81327891292526));
#7235=CARTESIAN_POINT('Ctrl Pts',(-14.9300859212024,9.89691266855653,5.03066231457942));
#7236=CARTESIAN_POINT('Ctrl Pts',(-14.9135843011001,9.91341428865883,5.14926737806332));
#7237=CARTESIAN_POINT('Ctrl Pts',(-14.9135843011001,9.91341428865883,5.25));
#7238=CARTESIAN_POINT('Origin',(-15.6918149799234,11.7557923743237,5.25));
#7239=CARTESIAN_POINT('Origin',(-23.2220779386444,23.1483342519361,3.));
#7240=CARTESIAN_POINT('',(-17.6918149799234,6.92127129158888,3.));
#7241=CARTESIAN_POINT('',(-17.6918149799234,11.7557923743237,3.));
#7242=CARTESIAN_POINT('',(-19.4022143396652,6.32073888771427,3.));
#7243=CARTESIAN_POINT('Origin',(-25.,25.,3.));
#7244=CARTESIAN_POINT('',(-12.053579980758,-1.02789547119288,3.));
#7245=CARTESIAN_POINT('',(-20.8897619010119,7.80828644906094,3.));
#7246=CARTESIAN_POINT('',(-7.79649297902478,-1.77853476882173,3.));
#7247=CARTESIAN_POINT('',(-17.4080891371797,-0.0837510384652673,3.));
#7248=CARTESIAN_POINT('',(1.63856772267429,7.65652593287733,3.));
#7249=CARTESIAN_POINT('',(-0.703641612890686,5.31431659731236,3.));
#7250=CARTESIAN_POINT('',(0.828001813227719,12.2534736387236,3.));
#7251=CARTESIAN_POINT('',(-1.88016386042847,27.6122443882429,3.));
#7252=CARTESIAN_POINT('',(-7.54052837306316,20.6220038250145,3.));
#7253=CARTESIAN_POINT('',(-11.4826036285144,24.5640790804657,3.));
#7254=CARTESIAN_POINT('',(-7.0626088853479,26.5,3.));
#7255=CARTESIAN_POINT('Origin',(-25.,25.,3.));
#7256=CARTESIAN_POINT('',(-2.,26.5,3.));
#7257=CARTESIAN_POINT('',(-12.3208163166107,26.5,3.));
#7258=CARTESIAN_POINT('',(-2.,32.3391973601221,3.));
#7259=CARTESIAN_POINT('',(-2.,32.7267103897847,3.));
#7260=CARTESIAN_POINT('',(-3.44444444444444,33.2350037765997,3.));
#7261=CARTESIAN_POINT('Origin',(-3.,32.3391973601221,3.));
#7262=CARTESIAN_POINT('',(-7.51837940897743,33.9397367682285,3.));
#7263=CARTESIAN_POINT('Origin',(-5.,36.3703262342713,3.));
#7264=CARTESIAN_POINT('',(-14.6924174924366,31.7292794200221,3.));
#7265=CARTESIAN_POINT('Origin',(-11.6924174924366,34.7396780647202,3.));
#7266=CARTESIAN_POINT('',(-14.6924174924366,30.2721322882223,3.));
#7267=CARTESIAN_POINT('',(-14.6924174924366,32.5440099801861,3.));
#7268=CARTESIAN_POINT('',(-12.0160019140958,22.1224873634626,3.));
#7269=CARTESIAN_POINT('Origin',(-17.,25.,3.));
#7270=CARTESIAN_POINT('',(-13.5952646164337,19.3871241245148,3.));
#7271=CARTESIAN_POINT('',(-12.0160019140958,22.1224873634626,3.));
#7272=CARTESIAN_POINT('',(-11.6748681831552,13.1521304066037,3.));
#7273=CARTESIAN_POINT('',(-13.5587932915488,19.268711864629,3.));
#7274=CARTESIAN_POINT('',(-7.99408191246344,16.8329166772955,3.));
#7275=CARTESIAN_POINT('',(-10.2222265253485,14.6047720644104,3.));
#7276=CARTESIAN_POINT('',(0.703331496127957,8.13550326870409,3.));
#7277=CARTESIAN_POINT('',(-9.03122860837314,17.8700633732052,3.));
#7278=CARTESIAN_POINT('',(-8.13550326870389,-0.703331496127753,3.));
#7279=CARTESIAN_POINT('',(-8.13550326870389,-0.703331496127753,3.));
#7280=CARTESIAN_POINT('',(-16.7622059991798,7.92337123434812,3.));
#7281=CARTESIAN_POINT('Origin',(-13.5587932915488,19.268711864629,5.25));
#7282=CARTESIAN_POINT('',(-13.8251831124375,12.4898270736017,5.25));
#7283=CARTESIAN_POINT('Origin',(-11.6748681831552,13.1521304066037,5.25));
#7284=CARTESIAN_POINT('',(-15.1305381736996,16.7279523198133,5.25));
#7285=CARTESIAN_POINT('Origin',(-13.5952646164337,19.3871241245148,5.25));
#7286=CARTESIAN_POINT('',(-15.7091082208312,18.6064085316269,5.25));
#7287=CARTESIAN_POINT('Origin',(-13.5587932915488,19.268711864629,5.25));
#7288=CARTESIAN_POINT('',(-11.9047919727279,12.922206617031,3.01843293391504));
#7289=CARTESIAN_POINT('Origin',(-11.6748681831552,13.1521304066037,5.25));
#7290=CARTESIAN_POINT('',(-13.7804239316725,12.3445064481033,5.25));
#7291=CARTESIAN_POINT('',(-15.7091082208312,18.6064085316269,5.25));
#7292=CARTESIAN_POINT('Origin',(-11.6301090023902,13.0068097811054,5.25));
#7293=CARTESIAN_POINT('Origin',(-15.6918149799234,11.7557923743237,5.25));
#7294=CARTESIAN_POINT('',(-13.8494368942585,10.9775616955004,5.25));
#7295=CARTESIAN_POINT('Ctrl Pts',(-13.8494368942585,10.9775616955004,5.25));
#7296=CARTESIAN_POINT('Ctrl Pts',(-13.8494368942585,10.9775616955004,5.14926737806332));
#7297=CARTESIAN_POINT('Ctrl Pts',(-13.8329352741562,10.9940633156027,5.03066231457942));
#7298=CARTESIAN_POINT('Ctrl Pts',(-13.7787478866437,11.0482507031152,4.81327891292526));
#7299=CARTESIAN_POINT('Ctrl Pts',(-13.725613703939,11.1013848858199,4.67689434697722));
#7300=CARTESIAN_POINT('Ctrl Pts',(-13.5357621285831,11.2912364611758,4.27543650461574));
#7301=CARTESIAN_POINT('Ctrl Pts',(-13.3237836497779,11.503214939981,3.97581438151338));
#7302=CARTESIAN_POINT('Ctrl Pts',(-12.9212161066376,11.9057824831213,3.53116138273904));
#7303=CARTESIAN_POINT('Ctrl Pts',(-12.6493263992488,12.1776721905101,3.31112583187368));
#7304=CARTESIAN_POINT('Ctrl Pts',(-12.2531513264675,12.5738472632914,3.10864026172739));
#7305=CARTESIAN_POINT('Ctrl Pts',(-12.0765195305256,12.7504790592333,3.04608136597467));
#7306=CARTESIAN_POINT('Ctrl Pts',(-11.9047919727279,12.922206617031,3.01843293391504));
#7307=CARTESIAN_POINT('Origin',(-15.6918149799234,11.7557923743237,5.25));
#7308=CARTESIAN_POINT('Origin',(-13.7804239316725,12.3445064481033,3.));
#7309=CARTESIAN_POINT('',(-15.1305381736996,16.7279523198133,6.9));
#7310=CARTESIAN_POINT('',(-15.1305381736996,16.7279523198133,3.));
#7311=CARTESIAN_POINT('',(-13.7804239316725,12.3445064481033,6.9));
#7312=CARTESIAN_POINT('',(-13.7804239316725,12.3445064481033,6.9));
#7313=CARTESIAN_POINT('',(-13.7804239316725,12.3445064481033,3.));
#7314=CARTESIAN_POINT('Ctrl Pts',(-33.9379804886184,45.,4.));
#7315=CARTESIAN_POINT('Ctrl Pts',(-33.9379804886184,45.,3.82697843649963));
#7316=CARTESIAN_POINT('Ctrl Pts',(-33.8841300895787,44.9035634932584,3.48301454620127));
#7317=CARTESIAN_POINT('Ctrl Pts',(-33.744266285273,44.6435301271951,3.21479728286036));
#7318=CARTESIAN_POINT('Ctrl Pts',(-33.6325534655761,44.4282172307882,3.09255182241229));
#7319=CARTESIAN_POINT('Ctrl Pts',(-33.5740791951228,44.3138599121299,3.04859592844989));
#7320=CARTESIAN_POINT('Ctrl Pts',(-33.5269059426072,44.2204298760184,3.02384727200195));
#7321=CARTESIAN_POINT('Ctrl Pts',(-33.4792127738084,44.1252417363989,3.00592889635692));
#7322=CARTESIAN_POINT('Ctrl Pts',(-33.4434102631292,44.0529027099389,3.0002472514223));
#7323=CARTESIAN_POINT('Ctrl Pts',(-33.4189501958362,44.0031080043559,3.00000340435336));
#7324=CARTESIAN_POINT('Ctrl Pts',(-33.4181869969882,44.0015540173014,3.));
#7325=CARTESIAN_POINT('Ctrl Pts',(-33.4174239896293,44.,3.));
#7326=CARTESIAN_POINT('Ctrl Pts',(-33.99856449498,45.,4.));
#7327=CARTESIAN_POINT('Ctrl Pts',(-33.99856449498,45.,3.81916137345244));
#7328=CARTESIAN_POINT('Ctrl Pts',(-33.9333750546937,44.893428849222,3.46327754747719));
#7329=CARTESIAN_POINT('Ctrl Pts',(-33.7752626616639,44.6287072512377,3.20431712793773));
#7330=CARTESIAN_POINT('Ctrl Pts',(-33.652255961522,44.4168677617075,3.08745968128615));
#7331=CARTESIAN_POINT('Ctrl Pts',(-33.5881678955669,44.3050142230644,3.04594033231657));
#7332=CARTESIAN_POINT('Ctrl Pts',(-33.5366774124135,44.2140856384646,3.02254013808989));
#7333=CARTESIAN_POINT('Ctrl Pts',(-33.4846750347925,44.1215495034734,3.00565431357054));
#7334=CARTESIAN_POINT('Ctrl Pts',(-33.4457178977098,44.0513836895269,3.00023899320243));
#7335=CARTESIAN_POINT('Ctrl Pts',(-33.419085893682,44.0030192771733,3.00000309958319));
#7336=CARTESIAN_POINT('Ctrl Pts',(-33.418254819864,44.0015096168062,3.));
#7337=CARTESIAN_POINT('Ctrl Pts',(-33.4174239896293,44.,3.));
#7338=CARTESIAN_POINT('Ctrl Pts',(-34.1040853676222,44.9596745156854,4.));
#7339=CARTESIAN_POINT('Ctrl Pts',(-34.1040853676222,44.9596745156854,3.81275056070572));
#7340=CARTESIAN_POINT('Ctrl Pts',(-34.0194999173069,44.8515644376761,3.44747642625798));
#7341=CARTESIAN_POINT('Ctrl Pts',(-33.8296323209515,44.5962533937264,3.19635431705174));
#7342=CARTESIAN_POINT('Ctrl Pts',(-33.686802014558,44.3949999591604,3.08360013719589));
#7343=CARTESIAN_POINT('Ctrl Pts',(-33.6128832512721,44.2889569189973,3.0439556683392));
#7344=CARTESIAN_POINT('Ctrl Pts',(-33.5538197656405,44.2028574708415,3.02156661065623));
#7345=CARTESIAN_POINT('Ctrl Pts',(-33.4942723775136,44.1152382241862,3.0054592717625));
#7346=CARTESIAN_POINT('Ctrl Pts',(-33.4497598572337,44.0487388512876,3.00023362741276));
#7347=CARTESIAN_POINT('Ctrl Pts',(-33.4193232970861,44.0028637505713,3.00000285560709));
#7348=CARTESIAN_POINT('Ctrl Pts',(-33.4183735098966,44.0014319159395,3.));
#7349=CARTESIAN_POINT('Ctrl Pts',(-33.4174239896293,44.,3.));
#7350=CARTESIAN_POINT('Ctrl Pts',(-34.1635586765205,44.8669576565274,4.));
#7351=CARTESIAN_POINT('Ctrl Pts',(-34.1635586765205,44.8669576565274,3.82116548421905));
#7352=CARTESIAN_POINT('Ctrl Pts',(-34.0802686267668,44.7804521888341,3.46830156086905));
#7353=CARTESIAN_POINT('Ctrl Pts',(-33.8771945270783,44.5556473283644,3.20694603391699));
#7354=CARTESIAN_POINT('Ctrl Pts',(-33.7191800916053,44.3704946072553,3.08873606147937));
#7355=CARTESIAN_POINT('Ctrl Pts',(-33.6368525364447,44.2719516910327,3.04660335131783));
#7356=CARTESIAN_POINT('Ctrl Pts',(-33.5706980358445,44.1912786667684,3.02286612421111));
#7357=CARTESIAN_POINT('Ctrl Pts',(-33.5038788768977,44.1089113419824,3.00572181344018));
#7358=CARTESIAN_POINT('Ctrl Pts',(-33.4538017946929,44.0460917022948,3.00024096750394));
#7359=CARTESIAN_POINT('Ctrl Pts',(-33.4195607006712,44.002708267003,3.00000317745866));
#7360=CARTESIAN_POINT('Ctrl Pts',(-33.4184921999293,44.0013542150729,3.));
#7361=CARTESIAN_POINT('Ctrl Pts',(-33.4174239896293,44.,3.));
#7362=CARTESIAN_POINT('Ctrl Pts',(-34.1769227952241,44.823529409857,4.));
#7363=CARTESIAN_POINT('Ctrl Pts',(-34.1769227952241,44.823529409857,3.82697843649963));
#7364=CARTESIAN_POINT('Ctrl Pts',(-34.0989944360194,44.7475302068594,3.48301454620125));
#7365=CARTESIAN_POINT('Ctrl Pts',(-33.8955514229128,44.5374660655212,3.21479728286037));
#7366=CARTESIAN_POINT('Ctrl Pts',(-33.7324200420356,44.3597367922658,3.0925518224123));
#7367=CARTESIAN_POINT('Ctrl Pts',(-33.6469220405125,44.2645709042279,3.0485959284499));
#7368=CARTESIAN_POINT('Ctrl Pts',(-33.5778723854288,44.1862847483375,3.02384727200196));
#7369=CARTESIAN_POINT('Ctrl Pts',(-33.5080209401188,44.1062029304817,3.00592889635693));
#7370=CARTESIAN_POINT('Ctrl Pts',(-33.4555361886421,44.0449574861309,3.00024725142231));
#7371=CARTESIAN_POINT('Ctrl Pts',(-33.4196624046697,44.0026416258451,3.00000340435336));
#7372=CARTESIAN_POINT('Ctrl Pts',(-33.4185430670861,44.0013209147015,3.));
#7373=CARTESIAN_POINT('Ctrl Pts',(-33.4174239896293,44.,3.));
#7374=CARTESIAN_POINT('',(-34.1769227952241,44.823529409857,4.));
#7375=CARTESIAN_POINT('',(-33.4174239896293,44.,3.));
#7376=CARTESIAN_POINT('Ctrl Pts',(-34.1769227952241,44.823529409857,4.));
#7377=CARTESIAN_POINT('Ctrl Pts',(-34.1769227952241,44.823529409857,3.82697843649963));
#7378=CARTESIAN_POINT('Ctrl Pts',(-34.0989944360194,44.7475302068594,3.48301454620125));
#7379=CARTESIAN_POINT('Ctrl Pts',(-33.8955514229128,44.5374660655212,3.21479728286037));
#7380=CARTESIAN_POINT('Ctrl Pts',(-33.7324200420356,44.3597367922658,3.0925518224123));
#7381=CARTESIAN_POINT('Ctrl Pts',(-33.6469220405125,44.2645709042279,3.0485959284499));
#7382=CARTESIAN_POINT('Ctrl Pts',(-33.5778723854288,44.1862847483375,3.02384727200196));
#7383=CARTESIAN_POINT('Ctrl Pts',(-33.5080209401188,44.1062029304817,3.00592889635693));
#7384=CARTESIAN_POINT('Ctrl Pts',(-33.4555361886421,44.0449574861309,3.00024725142231));
#7385=CARTESIAN_POINT('Ctrl Pts',(-33.4196624046697,44.0026416258451,3.00000340435336));
#7386=CARTESIAN_POINT('Ctrl Pts',(-33.4185430670861,44.0013209147015,3.));
#7387=CARTESIAN_POINT('Ctrl Pts',(-33.4174239896293,44.,3.));
#7388=CARTESIAN_POINT('',(-33.9379804886184,45.,4.));
#7389=CARTESIAN_POINT('Ctrl Pts',(-33.4174239896293,44.,3.));
#7390=CARTESIAN_POINT('Ctrl Pts',(-33.4181869969882,44.0015540173014,3.));
#7391=CARTESIAN_POINT('Ctrl Pts',(-33.4189501958362,44.0031080043559,3.00000340435336));
#7392=CARTESIAN_POINT('Ctrl Pts',(-33.4434102631292,44.0529027099389,3.0002472514223));
#7393=CARTESIAN_POINT('Ctrl Pts',(-33.4792127738084,44.1252417363989,3.00592889635692));
#7394=CARTESIAN_POINT('Ctrl Pts',(-33.5269059426072,44.2204298760184,3.02384727200195));
#7395=CARTESIAN_POINT('Ctrl Pts',(-33.5740791951228,44.3138599121299,3.04859592844989));
#7396=CARTESIAN_POINT('Ctrl Pts',(-33.6325534655761,44.4282172307882,3.09255182241229));
#7397=CARTESIAN_POINT('Ctrl Pts',(-33.744266285273,44.6435301271951,3.21479728286036));
#7398=CARTESIAN_POINT('Ctrl Pts',(-33.8841300895787,44.9035634932584,3.48301454620127));
#7399=CARTESIAN_POINT('Ctrl Pts',(-33.9379804886184,45.,3.82697843649963));
#7400=CARTESIAN_POINT('Ctrl Pts',(-33.9379804886184,45.,4.));
#7401=CARTESIAN_POINT('Origin',(-33.9379804886184,44.75,4.));
#7402=CARTESIAN_POINT('Origin',(-25.6110389693222,44.,4.));
#7403=CARTESIAN_POINT('',(-29.387482193696,44.,3.));
#7404=CARTESIAN_POINT('',(-25.6110389693222,44.,3.));
#7405=CARTESIAN_POINT('',(-25.1337100858169,44.4995415744307,3.13371008581692));
#7406=CARTESIAN_POINT('Ctrl Pts',(-29.387482193696,44.,3.));
#7407=CARTESIAN_POINT('Ctrl Pts',(-28.9773037481838,44.0947184539959,3.));
#7408=CARTESIAN_POINT('Ctrl Pts',(-28.5578826003915,44.1774526063965,3.01331614132542));
#7409=CARTESIAN_POINT('Ctrl Pts',(-27.1216743180254,44.4114254737199,3.07275537118516));
#7410=CARTESIAN_POINT('Ctrl Pts',(-26.0896172154776,44.4929868344718,3.12993032910331));
#7411=CARTESIAN_POINT('Ctrl Pts',(-25.1337100858156,44.4995415744307,3.13371008581692));
#7412=CARTESIAN_POINT('',(-28.,44.4995415744307,3.13371008581693));
#7413=CARTESIAN_POINT('',(-25.6110389693222,44.4995415744307,3.13371008581692));
#7414=CARTESIAN_POINT('',(-28.,45.,4.));
#7415=CARTESIAN_POINT('Origin',(-28.,44.,4.));
#7416=CARTESIAN_POINT('',(-25.6110389693222,45.,4.));
#7417=CARTESIAN_POINT('Origin',(-45.,39.,4.));
#7418=CARTESIAN_POINT('',(-41.1458002169577,40.0701140277544,4.));
#7419=CARTESIAN_POINT('',(-41.3583227961745,37.3452531483221,4.));
#7420=CARTESIAN_POINT('Origin',(-45.,39.,4.));
#7421=CARTESIAN_POINT('',(-40.4479034952182,36.9315664354026,3.));
#7422=CARTESIAN_POINT('Origin',(-40.4479034952182,36.9315664354026,4.));
#7423=CARTESIAN_POINT('',(-40.0443348161555,39.6643663038051,3.));
#7424=CARTESIAN_POINT('Origin',(-45.,39.,3.));
#7425=CARTESIAN_POINT('Ctrl Pts',(-40.0443348161555,39.6643663038051,3.));
#7426=CARTESIAN_POINT('Ctrl Pts',(-40.0459221830711,39.6649510434733,3.));
#7427=CARTESIAN_POINT('Ctrl Pts',(-40.0475095494865,39.6655357829574,3.00000335520896));
#7428=CARTESIAN_POINT('Ctrl Pts',(-40.1420125496578,39.7003479315711,3.00040270872702));
#7429=CARTESIAN_POINT('Ctrl Pts',(-40.2348247705231,39.734537246409,3.01228324763699));
#7430=CARTESIAN_POINT('Ctrl Pts',(-40.4155436413664,39.8011088068647,3.0578786847561));
#7431=CARTESIAN_POINT('Ctrl Pts',(-40.5034636405005,39.8334959699225,3.09156989298615));
#7432=CARTESIAN_POINT('Ctrl Pts',(-40.7073688985956,39.9086087190956,3.19955448682634));
#7433=CARTESIAN_POINT('Ctrl Pts',(-40.8182513228194,39.9494545697434,3.28552129492896));
#7434=CARTESIAN_POINT('Ctrl Pts',(-40.9849557459927,40.0108636164784,3.47788474138234));
#7435=CARTESIAN_POINT('Ctrl Pts',(-41.0465619512778,40.0335575454288,3.57767680246181));
#7436=CARTESIAN_POINT('Ctrl Pts',(-41.1255195733761,40.062643230221,3.78650513083018));
#7437=CARTESIAN_POINT('Ctrl Pts',(-41.1455509599273,40.0700222087303,3.89115179949454));
#7438=CARTESIAN_POINT('Ctrl Pts',(-41.1457994470856,40.070113744151,3.99866730951674));
#7439=CARTESIAN_POINT('Ctrl Pts',(-41.1458002169577,40.0701140277544,3.99933369760462));
#7440=CARTESIAN_POINT('Ctrl Pts',(-41.1458002169577,40.0701140277544,4.));
#7441=CARTESIAN_POINT('Origin',(-42.4945277884905,32.4274665931531,4.));
#7442=CARTESIAN_POINT('',(-42.5747110523766,34.6682917876642,4.));
#7443=CARTESIAN_POINT('',(-41.6642917514202,34.2546050747447,3.));
#7444=CARTESIAN_POINT('Origin',(-41.6642917514202,34.2546050747447,4.));
#7445=CARTESIAN_POINT('',(-42.4945277884905,32.4274665931531,3.));
#7446=CARTESIAN_POINT('',(-43.4049470894469,32.8411533060725,4.));
#7447=CARTESIAN_POINT('Origin',(-43.3847763108502,43.3847763108502,4.));
#7448=CARTESIAN_POINT('',(-39.5331381956312,42.3054784699409,4.));
#7449=CARTESIAN_POINT('Origin',(-43.3847763108502,43.3847763108502,4.));
#7450=CARTESIAN_POINT('',(-38.942653396926,41.0896632379083,3.));
#7451=CARTESIAN_POINT('Origin',(-43.3847763108502,43.3847763108502,3.));
#7452=CARTESIAN_POINT('Ctrl Pts',(-38.942653396926,41.0896632379083,3.));
#7453=CARTESIAN_POINT('Ctrl Pts',(-38.9434590037036,41.0913219918701,3.));
#7454=CARTESIAN_POINT('Ctrl Pts',(-38.9442646106822,41.0929807462456,3.0000032728538));
#7455=CARTESIAN_POINT('Ctrl Pts',(-39.0121157980144,41.2326871500667,3.00055417115866));
#7456=CARTESIAN_POINT('Ctrl Pts',(-39.0793517740239,41.3711268261205,3.02374676459694));
#7457=CARTESIAN_POINT('Ctrl Pts',(-39.2073459326506,41.6346683237382,3.1102174474745));
#7458=CARTESIAN_POINT('Ctrl Pts',(-39.269070100974,41.761759121378,3.17376013481018));
#7459=CARTESIAN_POINT('Ctrl Pts',(-39.3748181717337,41.979495657828,3.33106836395932));
#7460=CARTESIAN_POINT('Ctrl Pts',(-39.4211852413993,42.0749660059112,3.42326064268799));
#7461=CARTESIAN_POINT('Ctrl Pts',(-39.4841194772473,42.2045483460248,3.60967339737483));
#7462=CARTESIAN_POINT('Ctrl Pts',(-39.5054740259473,42.24851761569,3.69677232086687));
#7463=CARTESIAN_POINT('Ctrl Pts',(-39.5281685502162,42.2952459109597,3.85913415481983));
#7464=CARTESIAN_POINT('Ctrl Pts',(-39.5331381956312,42.3054784699409,3.92907171019858));
#7465=CARTESIAN_POINT('Ctrl Pts',(-39.5331381956312,42.3054784699409,4.));
#7466=CARTESIAN_POINT('Origin',(-38.,46.0000000596046,4.));
#7467=CARTESIAN_POINT('Origin',(-38.,46.0000000596046,4.));
#7468=CARTESIAN_POINT('Origin',(-38.,46.0000000596046,3.));
#7469=CARTESIAN_POINT('Origin',(-42.4945277884905,32.4274665931531,4.));
#7470=CARTESIAN_POINT('',(-42.1639821985025,34.2546050747447,3.10947168953402));
#7471=CARTESIAN_POINT('Origin',(-41.6642917514202,34.2546050747447,4.));
#7472=CARTESIAN_POINT('',(-43.2083860191273,33.2737342583896,4.));
#7473=CARTESIAN_POINT('',(-43.4049470894469,32.8411533060725,4.));
#7474=CARTESIAN_POINT('',(-42.7531763686491,33.0668909019298,3.13397459621557));
#7475=CARTESIAN_POINT('Origin',(-42.2979667181709,32.8600475454701,4.));
#7476=CARTESIAN_POINT('Ctrl Pts',(-42.7531763686491,33.0668909019298,3.13397459621557));
#7477=CARTESIAN_POINT('Ctrl Pts',(-42.5760708191429,33.4566551982957,3.13397459621557));
#7478=CARTESIAN_POINT('Ctrl Pts',(-42.3791301343464,33.8555826085189,3.12520823907847));
#7479=CARTESIAN_POINT('Ctrl Pts',(-42.1639821985025,34.2546050747447,3.10947168953402));
#7480=CARTESIAN_POINT('Origin',(-43.3847763108502,6.61522368914977,4.));
#7481=CARTESIAN_POINT('',(-40.0442377462801,8.8154059767386,4.));
#7482=CARTESIAN_POINT('Origin',(-43.3847763108502,6.61522368914977,4.));
#7483=CARTESIAN_POINT('Origin',(-39.2091031051376,9.36545154863581,4.));
#7484=CARTESIAN_POINT('Ctrl Pts',(-39.8310779047179,8.45131400235672,4.5));
#7485=CARTESIAN_POINT('Ctrl Pts',(-39.8310779047179,8.45131400235672,4.38458026466747));
#7486=CARTESIAN_POINT('Ctrl Pts',(-39.8677690580025,8.52520106484798,4.11621291530347));
#7487=CARTESIAN_POINT('Ctrl Pts',(-39.9765192243289,8.71258888954103,4.));
#7488=CARTESIAN_POINT('Ctrl Pts',(-40.0442377462801,8.81540597673859,4.));
#7489=CARTESIAN_POINT('Ctrl Pts',(-39.7188519224902,8.234103938505,4.5));
#7490=CARTESIAN_POINT('Ctrl Pts',(-39.7188519224902,8.234103938505,4.32561807626286));
#7491=CARTESIAN_POINT('Ctrl Pts',(-39.7696147522563,8.35000024362628,3.92112595170133));
#7492=CARTESIAN_POINT('Ctrl Pts',(-39.9313732552629,8.64549430369616,3.72058285203186));
#7493=CARTESIAN_POINT('Ctrl Pts',(-40.0442377462801,8.81540597673859,3.70080069965812));
#7494=CARTESIAN_POINT('Ctrl Pts',(-39.3774592543711,7.93123222111913,4.5));
#7495=CARTESIAN_POINT('Ctrl Pts',(-39.3774592543711,7.93123222111913,4.22328754983856));
#7496=CARTESIAN_POINT('Ctrl Pts',(-39.4462956793645,8.12747337871825,3.58106763470433));
#7497=CARTESIAN_POINT('Ctrl Pts',(-39.6704109065973,8.64143868412343,3.23414487412002));
#7498=CARTESIAN_POINT('Ctrl Pts',(-39.8344603852433,8.95357185184192,3.18287288856814));
#7499=CARTESIAN_POINT('Ctrl Pts',(-38.9342011501833,7.89369901851784,4.5));
#7500=CARTESIAN_POINT('Ctrl Pts',(-38.9342011501833,7.89369901851784,4.16616216663499));
#7501=CARTESIAN_POINT('Ctrl Pts',(-39.0084651705647,8.1585658084114,3.39080957371732));
#7502=CARTESIAN_POINT('Ctrl Pts',(-39.2402689525684,8.84601923721216,3.02302635352061));
#7503=CARTESIAN_POINT('Ctrl Pts',(-39.3965068803784,9.24202161093494,3.));
#7504=CARTESIAN_POINT('Ctrl Pts',(-38.7541226425478,7.92826927644769,4.5));
#7505=CARTESIAN_POINT('Ctrl Pts',(-38.7541226425478,7.92826927644769,4.15374079400241));
#7506=CARTESIAN_POINT('Ctrl Pts',(-38.8299543809815,8.21688332480753,3.34863874591041));
#7507=CARTESIAN_POINT('Ctrl Pts',(-39.0611480359595,8.95600279044482,3.00000000000001));
#7508=CARTESIAN_POINT('Ctrl Pts',(-39.2091031051375,9.36545154863579,3.));
#7509=CARTESIAN_POINT('',(-39.8310779047179,8.45131400235672,4.5));
#7510=CARTESIAN_POINT('Ctrl Pts',(-40.0442377462801,8.81540597673859,4.));
#7511=CARTESIAN_POINT('Ctrl Pts',(-39.9765192243289,8.71258888954103,4.));
#7512=CARTESIAN_POINT('Ctrl Pts',(-39.8677690580025,8.52520106484798,4.11621291530347));
#7513=CARTESIAN_POINT('Ctrl Pts',(-39.8310779047179,8.45131400235672,4.38458026466747));
#7514=CARTESIAN_POINT('Ctrl Pts',(-39.8310779047179,8.45131400235672,4.5));
#7515=CARTESIAN_POINT('',(-38.7541226425478,7.92826927644769,4.5));
#7516=CARTESIAN_POINT('Origin',(-38.9426533031848,8.91033658065845,4.5));
#7517=CARTESIAN_POINT('Ctrl Pts',(-38.7541226425478,7.92826927644769,4.5));
#7518=CARTESIAN_POINT('Ctrl Pts',(-38.7541226425478,7.92826927644769,4.15374079400241));
#7519=CARTESIAN_POINT('Ctrl Pts',(-38.8299543809815,8.21688332480753,3.34863874591041));
#7520=CARTESIAN_POINT('Ctrl Pts',(-39.0611480359595,8.95600279044482,3.00000000000001));
#7521=CARTESIAN_POINT('Ctrl Pts',(-39.2091031051375,9.36545154863579,3.));
#7522=CARTESIAN_POINT('Origin',(-38.9426533031848,8.91033658065845,3.));
#7523=CARTESIAN_POINT('',(-39.8310779047179,8.45131400235672,9.));
#7524=CARTESIAN_POINT('',(-38.7541226425478,7.92826927644769,9.));
#7525=CARTESIAN_POINT('Origin',(-38.9426533031848,8.91033658065845,9.));
#7526=CARTESIAN_POINT('',(-38.7541226425478,7.92826927644769,3.));
#7527=CARTESIAN_POINT('',(-39.8310779047179,8.45131400235672,3.));
#7528=CARTESIAN_POINT('Origin',(-40.872106328256,14.001996172863,4.));
#7529=CARTESIAN_POINT('',(-42.1639821985024,15.7453949252553,3.10947168953401));
#7530=CARTESIAN_POINT('',(-42.7531763686492,16.9331090980704,3.13397459621557));
#7531=CARTESIAN_POINT('Ctrl Pts',(-42.1639821985025,15.7453949252553,3.10947168953401));
#7532=CARTESIAN_POINT('Ctrl Pts',(-42.3791301343465,16.1444173914812,3.12520823907847));
#7533=CARTESIAN_POINT('Ctrl Pts',(-42.576070819143,16.5433448017045,3.13397459621557));
#7534=CARTESIAN_POINT('Ctrl Pts',(-42.7531763686493,16.9331090980705,3.13397459621557));
#7535=CARTESIAN_POINT('',(-43.2083860191274,16.7262657416107,4.));
#7536=CARTESIAN_POINT('Origin',(-42.297966718171,17.1399524545302,4.));
#7537=CARTESIAN_POINT('',(-41.7825256292123,13.5883094599435,4.));
#7538=CARTESIAN_POINT('Origin',(-41.6642917514202,15.7453949252553,4.));
#7539=CARTESIAN_POINT('Origin',(-25.,25.,4.));
#7540=CARTESIAN_POINT('Origin',(-25.,25.,3.13397459621557));
#7541=CARTESIAN_POINT('Origin',(-25.,25.,4.));
#7542=CARTESIAN_POINT('Origin',(-38.,4.00000005960464,4.5));
#7543=CARTESIAN_POINT('',(-34.0118518750729,4.30769233061717,4.5));
#7544=CARTESIAN_POINT('Origin',(-38.,4.00000005960464,4.5));
#7545=CARTESIAN_POINT('',(-32.5162963282253,4.42307693224687,3.));
#7546=CARTESIAN_POINT('Origin',(-32.5162963282253,4.42307693224687,4.5));
#7547=CARTESIAN_POINT('',(-33.873053496624,7.63569979394365,3.));
#7548=CARTESIAN_POINT('Origin',(-38.,4.00000005960464,3.));
#7549=CARTESIAN_POINT('',(-34.6952650936841,8.08102146218111,3.02076319412234));
#7550=CARTESIAN_POINT('Ctrl Pts',(-33.873053496624,7.63569979394364,3.));
#7551=CARTESIAN_POINT('Ctrl Pts',(-33.9971769410059,7.6991261312631,3.));
#7552=CARTESIAN_POINT('Ctrl Pts',(-34.1206945635999,7.76393021461986,3.00260310474958));
#7553=CARTESIAN_POINT('Ctrl Pts',(-34.3921945876871,7.91007493783688,3.01035766656664));
#7554=CARTESIAN_POINT('Ctrl Pts',(-34.5420103559398,7.99320024377956,3.01602239493035));
#7555=CARTESIAN_POINT('Ctrl Pts',(-34.6952650936843,8.08102146218077,3.02076319412233));
#7556=CARTESIAN_POINT('Ctrl Pts',(-34.6952650936834,8.08102146218389,3.02076319412183));
#7557=CARTESIAN_POINT('Ctrl Pts',(-34.6952650936834,8.18903831369294,3.00664898412189));
#7558=CARTESIAN_POINT('Ctrl Pts',(-34.6952650936834,8.29637236333966,3.));
#7559=CARTESIAN_POINT('Ctrl Pts',(-34.6952650936834,8.39644489594376,3.));
#7560=CARTESIAN_POINT('Origin',(-38.,4.00000005960464,3.));
#7561=CARTESIAN_POINT('',(-41.9746544589314,3.55042033130668,9.));
#7562=CARTESIAN_POINT('Origin',(-38.,4.00000005960464,9.));
#7563=CARTESIAN_POINT('',(-41.9746544589314,3.55042033130668,11.));
#7564=CARTESIAN_POINT('',(-41.9746544589314,3.55042033130668,3.));
#7565=CARTESIAN_POINT('',(-41.464101580725,2.,11.));
#7566=CARTESIAN_POINT('Origin',(-38.,4.00000005960464,11.));
#7567=CARTESIAN_POINT('',(-41.464101580725,2.,17.93));
#7568=CARTESIAN_POINT('',(-41.464101580725,2.,3.));
#7569=CARTESIAN_POINT('',(-41.815756786923,2.8,18.73));
#7570=CARTESIAN_POINT('Origin',(-38.,4.00000005960464,19.9300000596046));
#7571=CARTESIAN_POINT('',(-34.184243213077,2.8,18.73));
#7572=CARTESIAN_POINT('Origin',(-38.,4.00000005960464,18.73));
#7573=CARTESIAN_POINT('',(-34.535898419275,2.,17.93));
#7574=CARTESIAN_POINT('Origin',(-38.,4.00000005960464,19.9300000596046));
#7575=CARTESIAN_POINT('',(-34.535898419275,2.,11.));
#7576=CARTESIAN_POINT('',(-34.535898419275,2.,3.));
#7577=CARTESIAN_POINT('',(-34.0118518750729,4.30769233061717,11.));
#7578=CARTESIAN_POINT('Origin',(-38.,4.00000005960464,11.));
#7579=CARTESIAN_POINT('',(-34.0118518750729,4.30769233061717,3.));
#7580=CARTESIAN_POINT('Origin',(-43.3847763108502,6.61522368914977,3.));
#7581=CARTESIAN_POINT('',(-41.1458002169577,9.92988597224556,9.));
#7582=CARTESIAN_POINT('',(-41.1458002169577,9.92988597224556,3.));
#7583=CARTESIAN_POINT('Origin',(-43.3847763108502,6.61522368914977,9.));
#7584=CARTESIAN_POINT('Origin',(-45.,11.,3.));
#7585=CARTESIAN_POINT('',(-41.3583227961745,12.6547468516779,9.));
#7586=CARTESIAN_POINT('',(-41.3583227961745,12.6547468516779,3.));
#7587=CARTESIAN_POINT('Origin',(-45.,11.,9.));
#7588=CARTESIAN_POINT('Origin',(-26.5,3.04253807067487,4.5));
#7589=CARTESIAN_POINT('',(-26.7604722665004,1.56532644115656,4.5));
#7590=CARTESIAN_POINT('',(-26.5,3.04253807067487,3.));
#7591=CARTESIAN_POINT('Origin',(-26.5,3.04253807067487,4.5));
#7592=CARTESIAN_POINT('',(-25.,3.04253807067487,4.5));
#7593=CARTESIAN_POINT('Origin',(-26.5,3.04253807067487,4.5));
#7594=CARTESIAN_POINT('Origin',(-26.5,3.04253807067487,4.5));
#7595=CARTESIAN_POINT('Origin',(-26.5,3.04253807067487,3.));
#7596=CARTESIAN_POINT('',(-26.7604722665004,1.56532644115656,10.));
#7597=CARTESIAN_POINT('',(-25.,3.04253807067487,10.));
#7598=CARTESIAN_POINT('Origin',(-26.5,3.04253807067487,10.));
#7599=CARTESIAN_POINT('',(-25.,3.04253807067487,3.));
#7600=CARTESIAN_POINT('',(-26.7604722665004,1.56532644115656,3.));
#7601=CARTESIAN_POINT('Origin',(-26.5,14.3241671259681,4.5));
#7602=CARTESIAN_POINT('',(-25.,5.5,4.5));
#7603=CARTESIAN_POINT('',(-26.5,5.55777790477642,3.));
#7604=CARTESIAN_POINT('Ctrl Pts',(-25.,5.5,4.5));
#7605=CARTESIAN_POINT('Ctrl Pts',(-25.,5.5,4.31164920235325));
#7606=CARTESIAN_POINT('Ctrl Pts',(-25.0376438767436,5.49988610331582,4.11074538486142));
#7607=CARTESIAN_POINT('Ctrl Pts',(-25.190730059312,5.50078255183506,3.74117405974883));
#7608=CARTESIAN_POINT('Ctrl Pts',(-25.3061726087932,5.50194879357762,3.57250704764713));
#7609=CARTESIAN_POINT('Ctrl Pts',(-25.5726673318799,5.50795451015369,3.3060123245605));
#7610=CARTESIAN_POINT('Ctrl Pts',(-25.7415169392347,5.51322519159171,3.19052742502337));
#7611=CARTESIAN_POINT('Ctrl Pts',(-26.1111791378964,5.53080585311488,3.03752493684029));
#7612=CARTESIAN_POINT('Ctrl Pts',(-26.3119812468227,5.54327194304094,3.));
#7613=CARTESIAN_POINT('Ctrl Pts',(-26.5,5.55777790477642,3.));
#7614=CARTESIAN_POINT('',(-26.5,14.3241671259681,3.));
#7615=CARTESIAN_POINT('',(-25.,14.3241671259681,4.5));
#7616=CARTESIAN_POINT('Ctrl Pts',(-32.5162963282253,4.42307693224687,3.));
#7617=CARTESIAN_POINT('Ctrl Pts',(-32.4450794053063,3.5,3.));
#7618=CARTESIAN_POINT('Ctrl Pts',(-31.5192592969935,3.5,3.));
#7619=CARTESIAN_POINT('Ctrl Pts',(-34.0118518750729,4.30769233061717,3.));
#7620=CARTESIAN_POINT('Ctrl Pts',(-33.8338095677756,2.,3.));
#7621=CARTESIAN_POINT('Ctrl Pts',(-31.5192592969935,2.,3.));
#7622=CARTESIAN_POINT('Ctrl Pts',(-34.0118518750729,4.30769233061717,4.5));
#7623=CARTESIAN_POINT('Ctrl Pts',(-33.8338095677756,2.,4.5));
#7624=CARTESIAN_POINT('Ctrl Pts',(-31.5192592969935,2.,4.5));
#7625=CARTESIAN_POINT('',(-31.5192592969935,2.,4.5));
#7626=CARTESIAN_POINT('',(-31.5192592969935,3.5,3.));
#7627=CARTESIAN_POINT('Origin',(-31.5192592969935,3.5,4.5));
#7628=CARTESIAN_POINT('Origin',(-31.5192592969935,4.5,3.));
#7629=CARTESIAN_POINT('Origin',(-31.5192592969935,4.5,4.5));
#7630=CARTESIAN_POINT('Origin',(-26.2238532284411,3.5,4.5));
#7631=CARTESIAN_POINT('',(-29.094395522949,3.5,3.));
#7632=CARTESIAN_POINT('',(-26.2238532284411,3.5,3.));
#7633=CARTESIAN_POINT('',(-29.2256285182378,2.,4.5));
#7634=CARTESIAN_POINT('',(-26.2238532284411,2.,4.5));
#7635=CARTESIAN_POINT('Origin',(-29.094395522949,3.5,4.5));
#7636=CARTESIAN_POINT('Origin',(-17.1476168706793,1.39346059105305,4.5));
#7637=CARTESIAN_POINT('',(-17.4080891371797,-0.0837510384652662,4.5));
#7638=CARTESIAN_POINT('',(-17.1476168706793,1.39346059105305,3.));
#7639=CARTESIAN_POINT('Origin',(-25.,5.5,3.));
#7640=CARTESIAN_POINT('',(-25.,5.5,10.));
#7641=CARTESIAN_POINT('',(-25.,5.5,10.));
#7642=CARTESIAN_POINT('',(-25.,5.5,3.));
#7643=CARTESIAN_POINT('Origin',(-7.79649297902478,-1.77853476882173,3.));
#7644=CARTESIAN_POINT('',(-19.9320420048557,0.361289950142498,10.));
#7645=CARTESIAN_POINT('',(-13.3782185240914,-0.794325956316864,10.));
#7646=CARTESIAN_POINT('',(-29.2256285182378,2.,11.));
#7647=CARTESIAN_POINT('',(-29.2256285182378,2.,3.));
#7648=CARTESIAN_POINT('',(-19.9320420048557,0.361289950142498,11.));
#7649=CARTESIAN_POINT('',(-7.79649297902478,-1.77853476882173,11.));
#7650=CARTESIAN_POINT('',(-19.9320420048557,0.361289950142497,6.5));
#7651=CARTESIAN_POINT('Origin',(-29.2256285182378,2.,3.));
#7652=CARTESIAN_POINT('',(-31.5192592969935,2.,11.));
#7653=CARTESIAN_POINT('',(-31.5192592969935,2.,3.));
#7654=CARTESIAN_POINT('',(-42.3050865276332,2.,11.));
#7655=CARTESIAN_POINT('Origin',(-23.2220779386444,23.1483342519361,3.));
#7656=CARTESIAN_POINT('',(-36.6952650936834,34.2546050747447,3.));
#7657=CARTESIAN_POINT('',(-36.6952650936834,34.2546050747447,3.));
#7658=CARTESIAN_POINT('',(-34.6952650936834,36.2546050747447,3.));
#7659=CARTESIAN_POINT('Origin',(-36.6952650936834,36.2546050747447,3.));
#7660=CARTESIAN_POINT('',(-34.6952650936834,41.9189785378197,3.));
#7661=CARTESIAN_POINT('',(-34.6952650936834,36.2546050747447,3.));
#7662=CARTESIAN_POINT('Origin',(-25.,25.,3.));
#7663=CARTESIAN_POINT('Origin',(-31.5192592969935,4.5,3.));
#7664=CARTESIAN_POINT('Origin',(-31.5192592969935,4.5,11.));
#7665=CARTESIAN_POINT('Origin',(-44.4588134957636,3.26943300112045,3.));
#7666=CARTESIAN_POINT('',(-42.3050865276332,2.,11.));
#7667=CARTESIAN_POINT('Origin',(-44.4588134957636,3.26943300112045,11.));
#7668=CARTESIAN_POINT('',(-42.3050865276332,2.,9.));
#7669=CARTESIAN_POINT('Origin',(-44.4588134957636,3.26943300112045,9.));
#7670=CARTESIAN_POINT('',(-42.3050865276332,2.,3.));
#7671=CARTESIAN_POINT('Origin',(-43.6923881554251,25.,9.));
#7672=CARTESIAN_POINT('',(-43.2083860191274,16.7262657416107,9.));
#7673=CARTESIAN_POINT('',(-41.3583227961745,12.6547468516779,9.));
#7674=CARTESIAN_POINT('',(-43.2083860191273,33.2737342583896,9.));
#7675=CARTESIAN_POINT('Origin',(-25.0000000000001,25.,9.));
#7676=CARTESIAN_POINT('',(-41.3583227961745,37.3452531483221,9.));
#7677=CARTESIAN_POINT('',(-43.2083860191273,33.2737342583896,9.));
#7678=CARTESIAN_POINT('',(-41.1458002169577,40.0701140277545,9.));
#7679=CARTESIAN_POINT('Origin',(-45.,39.,9.));
#7680=CARTESIAN_POINT('',(-39.5331381956311,42.3054784699409,9.));
#7681=CARTESIAN_POINT('Origin',(-43.3847763108502,43.3847763108502,9.));
#7682=CARTESIAN_POINT('',(-41.4641020108844,48.,9.));
#7683=CARTESIAN_POINT('Origin',(-38.,46.0000000596046,9.));
#7684=CARTESIAN_POINT('',(-42.3050865276332,48.,9.));
#7685=CARTESIAN_POINT('',(-42.2547194208065,48.,9.));
#7686=CARTESIAN_POINT('',(-48.,42.3050865276332,9.));
#7687=CARTESIAN_POINT('',(-50.8773597104033,39.42772681723,9.));
#7688=CARTESIAN_POINT('',(-48.,7.69491347236675,9.));
#7689=CARTESIAN_POINT('',(-48.,16.3474567361834,9.));
#7690=CARTESIAN_POINT('',(-48.0299029742199,7.72481644658663,9.));
#7691=CARTESIAN_POINT('',(-43.95,39.,9.));
#7692=CARTESIAN_POINT('Origin',(-45.,39.,9.));
#7693=CARTESIAN_POINT('',(-43.95,11.,9.));
#7694=CARTESIAN_POINT('Origin',(-45.,11.,9.));
#7695=CARTESIAN_POINT('Ctrl Pts',(-2.26334483274385,25.5591858980159,3.36342788466089));
#7696=CARTESIAN_POINT('Ctrl Pts',(-2.10327996625668,25.8082612674408,3.16982037219639));
#7697=CARTESIAN_POINT('Ctrl Pts',(-2.00000013849612,26.1478963713583,3.0449457190874));
#7698=CARTESIAN_POINT('Ctrl Pts',(-2.00000013849612,26.5,3.0449457190874));
#7699=CARTESIAN_POINT('Ctrl Pts',(-2.21211358868664,25.5467987537827,3.39786376232959));
#7700=CARTESIAN_POINT('Ctrl Pts',(-2.04009986307283,25.7941289217341,3.20638244710605));
#7701=CARTESIAN_POINT('Ctrl Pts',(-1.92566078232527,26.139300632849,3.07879222062263));
#7702=CARTESIAN_POINT('Ctrl Pts',(-1.92566078232527,26.5,3.07879222062263));
#7703=CARTESIAN_POINT('Ctrl Pts',(-2.10033958615416,25.5373532944959,3.49683094301176));
#7704=CARTESIAN_POINT('Ctrl Pts',(-1.90517472280929,25.7832705724441,3.32093508406792));
#7705=CARTESIAN_POINT('Ctrl Pts',(-1.77179880147393,26.1326691887298,3.20108341391039));
#7706=CARTESIAN_POINT('Ctrl Pts',(-1.77179880147393,26.5,3.20108341391039));
#7707=CARTESIAN_POINT('Ctrl Pts',(-2.02543259795209,25.5751773256175,3.62302242819028));
#7708=CARTESIAN_POINT('Ctrl Pts',(-1.82856195379835,25.8266131636282,3.47896780960795));
#7709=CARTESIAN_POINT('Ctrl Pts',(-1.70718508346828,26.1590668024612,3.39109085913623));
#7710=CARTESIAN_POINT('Ctrl Pts',(-1.70718508346828,26.5,3.39109085913623));
#7711=CARTESIAN_POINT('Ctrl Pts',(-1.99999999999999,25.6096606409623,3.69520994435448));
#7712=CARTESIAN_POINT('Ctrl Pts',(-1.81140396992327,25.8653724793741,3.56947925763666));
#7713=CARTESIAN_POINT('Ctrl Pts',(-1.70718508346828,26.1822626763116,3.5));
#7714=CARTESIAN_POINT('Ctrl Pts',(-1.70718508346828,26.5,3.5));
#7715=CARTESIAN_POINT('',(-2.,25.6096606409623,3.69520994435448));
#7716=CARTESIAN_POINT('',(-2.,26.5,3.04494578214432));
#7717=CARTESIAN_POINT('Ctrl Pts',(-2.,26.5,3.04494578214432));
#7718=CARTESIAN_POINT('Ctrl Pts',(-2.,26.4804069821321,3.04494578214432));
#7719=CARTESIAN_POINT('Ctrl Pts',(-2.,26.4608145037259,3.04544992341953));
#7720=CARTESIAN_POINT('Ctrl Pts',(-2.,26.3920403277532,3.04899458609628));
#7721=CARTESIAN_POINT('Ctrl Pts',(-2.00000000000108,26.3429557225243,3.05472502671804));
#7722=CARTESIAN_POINT('Ctrl Pts',(-2.00000000000108,26.2215110882529,3.07715371760512));
#7723=CARTESIAN_POINT('Ctrl Pts',(-1.99999999999999,26.1497674467865,3.09796976174725));
#7724=CARTESIAN_POINT('Ctrl Pts',(-1.99999999999999,25.9642091348763,3.17455518061019));
#7725=CARTESIAN_POINT('Ctrl Pts',(-2.,25.8643888445107,3.24126904832821));
#7726=CARTESIAN_POINT('Ctrl Pts',(-2.,25.7253065417668,3.381245805567));
#7727=CARTESIAN_POINT('Ctrl Pts',(-2.,25.6794980630777,3.44828627955591));
#7728=CARTESIAN_POINT('Ctrl Pts',(-2.,25.636530788651,3.54623536457143));
#7729=CARTESIAN_POINT('Ctrl Pts',(-2.,25.6259620578997,3.57786015898192));
#7730=CARTESIAN_POINT('Ctrl Pts',(-2.,25.612990931498,3.63814762356459));
#7731=CARTESIAN_POINT('Ctrl Pts',(-1.99999999999999,25.6096606409623,3.66666977135677));
#7732=CARTESIAN_POINT('Ctrl Pts',(-1.99999999999999,25.6096606409623,3.69520994435448));
#7733=CARTESIAN_POINT('',(-1.70718508346828,26.5,3.5));
#7734=CARTESIAN_POINT('Origin',(-3.20718508346828,26.5,4.5));
#7735=CARTESIAN_POINT('Origin',(-2.20718508346828,26.5,3.5));
#7736=CARTESIAN_POINT('Origin',(-3.20718508346828,26.5,3.5));
#7737=CARTESIAN_POINT('',(-2.,26.7128593009243,3.0538937226264));
#7738=CARTESIAN_POINT('Ctrl Pts',(-2.,26.7128593009244,3.05389372262641));
#7739=CARTESIAN_POINT('Ctrl Pts',(-2.,26.6399512437582,3.04748536892015));
#7740=CARTESIAN_POINT('Ctrl Pts',(-2.,26.5677812044831,3.04494578214432));
#7741=CARTESIAN_POINT('Ctrl Pts',(-2.,26.5,3.04494578214432));
#7742=CARTESIAN_POINT('',(-1.72997345394996,26.7604722665004,3.5));
#7743=CARTESIAN_POINT('Origin',(-3.20718508346828,26.5,3.5));
#7744=CARTESIAN_POINT('Origin',(-2.22237733045607,26.6736481776669,3.5));
#7745=CARTESIAN_POINT('Origin',(-2.37256773693457,27.5254202994095,3.5));
#7746=CARTESIAN_POINT('',(-2.,28.2918689079281,3.5));
#7747=CARTESIAN_POINT('Origin',(-2.,25.4124836663563,3.5));
#7748=CARTESIAN_POINT('',(-1.88016386042847,27.6122443882429,3.5));
#7749=CARTESIAN_POINT('Origin',(-3.20718508346828,26.5,3.));
#7750=CARTESIAN_POINT('',(-2.,25.6096606409623,3.29281491653172));
#7751=CARTESIAN_POINT('',(-2.,25.6096606409623,3.));
#7752=CARTESIAN_POINT('',(-3.20718508346828,25.,4.5));
#7753=CARTESIAN_POINT('Origin',(-3.20718508346828,26.5,4.5));
#7754=CARTESIAN_POINT('',(-3.20718508346828,25.,10.));
#7755=CARTESIAN_POINT('',(-3.20718508346828,25.,3.));
#7756=CARTESIAN_POINT('',(-1.72997345394996,26.7604722665004,10.));
#7757=CARTESIAN_POINT('Origin',(-3.20718508346828,26.5,10.));
#7758=CARTESIAN_POINT('',(-1.72997345394996,26.7604722665004,3.));
#7759=CARTESIAN_POINT('Origin',(-12.3208163166107,26.5,4.5));
#7760=CARTESIAN_POINT('Origin',(-2.,26.5,4.5));
#7761=CARTESIAN_POINT('',(-5.50000000000001,25.,4.5));
#7762=CARTESIAN_POINT('Ctrl Pts',(-7.0626088853479,26.5,3.));
#7763=CARTESIAN_POINT('Ctrl Pts',(-7.06063231667422,26.4981818212634,3.));
#7764=CARTESIAN_POINT('Ctrl Pts',(-7.0586558958965,26.4963634780453,3.00000330577387));
#7765=CARTESIAN_POINT('Ctrl Pts',(-6.88462310083156,26.3362236731089,3.00058568691996));
#7766=CARTESIAN_POINT('Ctrl Pts',(-6.71254990960732,26.1755507527499,3.0262331170769));
#7767=CARTESIAN_POINT('Ctrl Pts',(-6.39229675730424,25.872497527364,3.12879007534815));
#7768=CARTESIAN_POINT('Ctrl Pts',(-6.24114444552083,25.7275539545017,3.20313908278992));
#7769=CARTESIAN_POINT('Ctrl Pts',(-5.96642069673109,25.4613162482726,3.40524616243186));
#7770=CARTESIAN_POINT('Ctrl Pts',(-5.84069503725356,25.3379866716571,3.53317833627393));
#7771=CARTESIAN_POINT('Ctrl Pts',(-5.66164758272197,25.1611289695798,3.80919222974558));
#7772=CARTESIAN_POINT('Ctrl Pts',(-5.59866047388912,25.0984562805421,3.94368489015397));
#7773=CARTESIAN_POINT('Ctrl Pts',(-5.51964941612051,25.0196744965081,4.22253748844453));
#7774=CARTESIAN_POINT('Ctrl Pts',(-5.49999999999999,25.,4.35970687415887));
#7775=CARTESIAN_POINT('Ctrl Pts',(-5.49999999999999,25.,4.5));
#7776=CARTESIAN_POINT('',(-12.3208163166107,25.,4.5));
#7777=CARTESIAN_POINT('Origin',(-25.,25.,4.5));
#7778=CARTESIAN_POINT('',(-6.32073888771418,19.4022143396655,4.5));
#7779=CARTESIAN_POINT('Ctrl Pts',(-7.54052837306316,20.6220038250145,3.));
#7780=CARTESIAN_POINT('Ctrl Pts',(-7.38156119085783,20.4630366428092,3.));
#7781=CARTESIAN_POINT('Ctrl Pts',(-7.1937097823202,20.2751852342715,3.04693531584594));
#7782=CARTESIAN_POINT('Ctrl Pts',(-6.90885292329742,19.9903283752488,3.20081663977299));
#7783=CARTESIAN_POINT('Ctrl Pts',(-6.7588452933296,19.8403207452809,3.32870494037532));
#7784=CARTESIAN_POINT('Ctrl Pts',(-6.55332722406112,19.6348026760125,3.59727971957112));
#7785=CARTESIAN_POINT('Ctrl Pts',(-6.45815747830622,19.5396329302576,3.7802930244445));
#7786=CARTESIAN_POINT('Ctrl Pts',(-6.35272987753762,19.434205329489,4.11508218765466));
#7787=CARTESIAN_POINT('Ctrl Pts',(-6.32073888771417,19.4022143396655,4.32282401610493));
#7788=CARTESIAN_POINT('Ctrl Pts',(-6.32073888771417,19.4022143396655,4.5));
#7789=CARTESIAN_POINT('Origin',(-25.,25.,4.5));
#7790=CARTESIAN_POINT('Origin',(-1.41955469457697,25.,3.));
#7791=CARTESIAN_POINT('',(-5.50000000000001,25.,10.));
#7792=CARTESIAN_POINT('',(-5.50000000000001,25.,3.));
#7793=CARTESIAN_POINT('',(-5.50000000000001,25.,10.));
#7794=CARTESIAN_POINT('Origin',(-25.,25.,0.));
#7795=CARTESIAN_POINT('',(-6.32073888771418,19.4022143396655,10.));
#7796=CARTESIAN_POINT('',(-6.32073888771418,19.4022143396655,3.));
#7797=CARTESIAN_POINT('Origin',(-25.,25.,10.));
#7798=CARTESIAN_POINT('Origin',(-11.6924174924366,34.7396780647202,4.25));
#7799=CARTESIAN_POINT('',(-8.35419077673418,37.3700283065266,3.));
#7800=CARTESIAN_POINT('Ctrl Pts',(-8.35419077673418,37.3700283065266,3.));
#7801=CARTESIAN_POINT('Ctrl Pts',(-8.37145235083992,37.3121124391254,3.));
#7802=CARTESIAN_POINT('Ctrl Pts',(-8.38736693964113,37.2532316015533,3.00293183667856));
#7803=CARTESIAN_POINT('Ctrl Pts',(-8.45503323223549,36.9735964116803,3.02882842465137));
#7804=CARTESIAN_POINT('Ctrl Pts',(-8.4866435674696,36.7503266781054,3.08422025970349));
#7805=CARTESIAN_POINT('Ctrl Pts',(-8.50867130126271,36.2508404749561,3.22477220547811));
#7806=CARTESIAN_POINT('Ctrl Pts',(-8.49014701161571,35.9659236509273,3.31904696481555));
#7807=CARTESIAN_POINT('Ctrl Pts',(-8.38881699694597,35.4737333762692,3.35360569637648));
#7808=CARTESIAN_POINT('Ctrl Pts',(-8.33473048060896,35.2771264949897,3.33605130102836));
#7809=CARTESIAN_POINT('Ctrl Pts',(-8.12855351976974,34.7752363491446,3.20623763931703));
#7810=CARTESIAN_POINT('Ctrl Pts',(-7.98088157854636,34.5070871169946,3.09729743311521));
#7811=CARTESIAN_POINT('Ctrl Pts',(-7.70078802092219,34.1401446307382,3.01476517863633));
#7812=CARTESIAN_POINT('Ctrl Pts',(-7.61276589092492,34.0375323754025,3.));
#7813=CARTESIAN_POINT('Ctrl Pts',(-7.51837940897743,33.9397367682285,3.));
#7814=CARTESIAN_POINT('',(-14.6924174924366,37.7500767094182,3.));
#7815=CARTESIAN_POINT('Origin',(-11.6924174924366,34.7396780647202,3.));
#7816=CARTESIAN_POINT('',(-13.8100645512601,36.8646653433306,4.25));
#7817=CARTESIAN_POINT('Origin',(-14.6924174924366,37.7500767094182,4.25));
#7818=CARTESIAN_POINT('',(-8.69241749243656,34.7396780647202,4.25));
#7819=CARTESIAN_POINT('Origin',(-11.6924174924366,34.7396780647202,4.25));
#7820=CARTESIAN_POINT('',(-13.8100645512601,32.6146907861098,4.25));
#7821=CARTESIAN_POINT('Origin',(-11.6924174924366,34.7396780647202,4.25));
#7822=CARTESIAN_POINT('Origin',(-14.6924174924366,31.7292794200221,4.25));
#7823=CARTESIAN_POINT('Ctrl Pts',(-14.6924174924366,34.7396780647202,3.));
#7824=CARTESIAN_POINT('Ctrl Pts',(-14.6924174924366,34.7424889951346,3.));
#7825=CARTESIAN_POINT('Ctrl Pts',(-14.6924174924366,34.7452982566108,3.));
#7826=CARTESIAN_POINT('Ctrl Pts',(-14.6924174924366,35.1685924454024,3.00000000000001));
#7827=CARTESIAN_POINT('Ctrl Pts',(-14.6924174924366,35.8029734519291,3.));
#7828=CARTESIAN_POINT('Ctrl Pts',(-14.6924174924366,36.828689509585,3.));
#7829=CARTESIAN_POINT('Ctrl Pts',(-14.6924174924366,37.4127179761593,3.));
#7830=CARTESIAN_POINT('Ctrl Pts',(-14.6924174924366,37.7500767094182,3.));
#7831=CARTESIAN_POINT('Ctrl Pts',(-14.6924174924366,34.7396780647202,3.));
#7832=CARTESIAN_POINT('Ctrl Pts',(-14.6924260993289,34.7423300540916,3.00030048551602));
#7833=CARTESIAN_POINT('Ctrl Pts',(-14.6924061996086,34.7449850771814,3.00056978074204));
#7834=CARTESIAN_POINT('Ctrl Pts',(-14.6932353764504,35.1443758516039,3.04508384822403));
#7835=CARTESIAN_POINT('Ctrl Pts',(-14.6529519346591,35.7436989572031,3.10882181875594));
#7836=CARTESIAN_POINT('Ctrl Pts',(-14.5242405509081,36.6926194793146,3.13820955097633));
#7837=CARTESIAN_POINT('Ctrl Pts',(-14.432995035137,37.210302478866,3.07546865481546));
#7838=CARTESIAN_POINT('Ctrl Pts',(-14.428418109782,37.4851622481701,3.));
#7839=CARTESIAN_POINT('Ctrl Pts',(-14.6924174924366,34.7396780647202,3.));
#7840=CARTESIAN_POINT('Ctrl Pts',(-14.6924308921189,34.7420560640541,3.00080784638237));
#7841=CARTESIAN_POINT('Ctrl Pts',(-14.692400491969,34.744432640422,3.0015868899292));
#7842=CARTESIAN_POINT('Ctrl Pts',(-14.6930802883155,35.1023830369843,3.12243043375497));
#7843=CARTESIAN_POINT('Ctrl Pts',(-14.6104019958554,35.639456941891,3.30160464483963));
#7844=CARTESIAN_POINT('Ctrl Pts',(-14.3172597855165,36.4547535312444,3.47206355093964));
#7845=CARTESIAN_POINT('Ctrl Pts',(-14.0641116155533,36.8568532969615,3.43348356538409));
#7846=CARTESIAN_POINT('Ctrl Pts',(-13.9714297309129,37.0265898493733,3.31399530413674));
#7847=CARTESIAN_POINT('Ctrl Pts',(-14.6924174924366,34.7396780647202,3.));
#7848=CARTESIAN_POINT('Ctrl Pts',(-14.6924238613101,34.7417817065677,3.00131044953322));
#7849=CARTESIAN_POINT('Ctrl Pts',(-14.6924086012316,34.7438800779872,3.00260835451445));
#7850=CARTESIAN_POINT('Ctrl Pts',(-14.6923374844872,35.0605225471704,3.19967785217377));
#7851=CARTESIAN_POINT('Ctrl Pts',(-14.6147561583011,35.5349456140508,3.49662041520537));
#7852=CARTESIAN_POINT('Ctrl Pts',(-14.30659800374,36.274565621822,3.88212551010631));
#7853=CARTESIAN_POINT('Ctrl Pts',(-14.0124215052207,36.6652615997157,4.00611389252823));
#7854=CARTESIAN_POINT('Ctrl Pts',(-13.8100645512601,36.8646653433306,3.96950065592948));
#7855=CARTESIAN_POINT('Ctrl Pts',(-14.6924174924366,34.7396780647202,3.));
#7856=CARTESIAN_POINT('Ctrl Pts',(-14.6924174924366,34.7416622508917,3.00152444105608));
#7857=CARTESIAN_POINT('Ctrl Pts',(-14.6924161687658,34.743645258996,3.00304789771397));
#7858=CARTESIAN_POINT('Ctrl Pts',(-14.6916820989389,35.0424411569697,3.23263046521934));
#7859=CARTESIAN_POINT('Ctrl Pts',(-14.6244530563452,35.4902395145153,3.5794687138765));
#7860=CARTESIAN_POINT('Ctrl Pts',(-14.3382171666436,36.2142743787432,4.05764340143606));
#7861=CARTESIAN_POINT('Ctrl Pts',(-14.0490255567612,36.6265297669125,4.25));
#7862=CARTESIAN_POINT('Ctrl Pts',(-13.8100645512601,36.8646653433306,4.25));
#7863=CARTESIAN_POINT('',(-14.6924174924366,34.7396780647202,3.));
#7864=CARTESIAN_POINT('',(-14.6924174924366,32.5440099801861,3.));
#7865=CARTESIAN_POINT('Ctrl Pts',(-14.6924174924366,34.7396780647202,3.));
#7866=CARTESIAN_POINT('Ctrl Pts',(-14.6924174924366,34.7416622508917,3.00152444105608));
#7867=CARTESIAN_POINT('Ctrl Pts',(-14.6924161687658,34.743645258996,3.00304789771397));
#7868=CARTESIAN_POINT('Ctrl Pts',(-14.6916820989389,35.0424411569697,3.23263046521934));
#7869=CARTESIAN_POINT('Ctrl Pts',(-14.6244530563452,35.4902395145153,3.5794687138765));
#7870=CARTESIAN_POINT('Ctrl Pts',(-14.3382171666436,36.2142743787432,4.05764340143606));
#7871=CARTESIAN_POINT('Ctrl Pts',(-14.0490255567612,36.6265297669125,4.25));
#7872=CARTESIAN_POINT('Ctrl Pts',(-13.8100645512601,36.8646653433306,4.25));
#7873=CARTESIAN_POINT('Ctrl Pts',(-14.6924174924366,31.7292794200221,3.));
#7874=CARTESIAN_POINT('Ctrl Pts',(-14.6924174924366,32.0666381532811,3.));
#7875=CARTESIAN_POINT('Ctrl Pts',(-14.6924174924365,32.6508458497333,3.));
#7876=CARTESIAN_POINT('Ctrl Pts',(-14.6924174924365,33.6767742055834,3.));
#7877=CARTESIAN_POINT('Ctrl Pts',(-14.6924174924363,34.3108045563124,2.99999999999998));
#7878=CARTESIAN_POINT('Ctrl Pts',(-14.6924174924366,34.734057687321,3.));
#7879=CARTESIAN_POINT('Ctrl Pts',(-14.6924174924366,34.7368671343058,3.));
#7880=CARTESIAN_POINT('Ctrl Pts',(-14.6924174924366,34.7396780647202,3.));
#7881=CARTESIAN_POINT('Ctrl Pts',(-14.428418109782,31.9941938812703,3.));
#7882=CARTESIAN_POINT('Ctrl Pts',(-14.4302423283298,32.268797126553,3.07368236992032));
#7883=CARTESIAN_POINT('Ctrl Pts',(-14.5234001817453,32.7864596863973,3.13859793006459));
#7884=CARTESIAN_POINT('Ctrl Pts',(-14.6527586390301,33.735725739805,3.1094415535188));
#7885=CARTESIAN_POINT('Ctrl Pts',(-14.6921547383295,34.3347736672988,3.04443778352249));
#7886=CARTESIAN_POINT('Ctrl Pts',(-14.6924161588751,34.7343728166934,3.00057996089629));
#7887=CARTESIAN_POINT('Ctrl Pts',(-14.6924174924366,34.7370246093996,3.00029036972497));
#7888=CARTESIAN_POINT('Ctrl Pts',(-14.6924174924366,34.7396780647202,3.));
#7889=CARTESIAN_POINT('Ctrl Pts',(-13.9714218122939,32.4527742261337,3.31398595466835));
#7890=CARTESIAN_POINT('Ctrl Pts',(-14.0605163789368,32.6237282633688,3.42760197390687));
#7891=CARTESIAN_POINT('Ctrl Pts',(-14.3152301097128,33.0252968075165,3.46963647390866));
#7892=CARTESIAN_POINT('Ctrl Pts',(-14.6097167909996,33.8406717176773,3.29936552796076));
#7893=CARTESIAN_POINT('Ctrl Pts',(-14.6915165549604,34.3770087678294,3.12145863850237));
#7894=CARTESIAN_POINT('Ctrl Pts',(-14.6924162798454,34.7349229750476,3.00159830589634));
#7895=CARTESIAN_POINT('Ctrl Pts',(-14.6924174924366,34.7373001908139,3.00079851674366));
#7896=CARTESIAN_POINT('Ctrl Pts',(-14.6924174924366,34.7396780647202,3.));
#7897=CARTESIAN_POINT('Ctrl Pts',(-13.8100645512601,32.6146907861098,3.96950065592948));
#7898=CARTESIAN_POINT('Ctrl Pts',(-14.0113433554794,32.81440442476,4.00334216360003));
#7899=CARTESIAN_POINT('Ctrl Pts',(-14.3060680581494,33.204841067039,3.88146728796015));
#7900=CARTESIAN_POINT('Ctrl Pts',(-14.6150085647974,33.9445921072521,3.49474983297125));
#7901=CARTESIAN_POINT('Ctrl Pts',(-14.6916519628257,34.418914672903,3.19925345821234));
#7902=CARTESIAN_POINT('Ctrl Pts',(-14.6924157461674,34.7354746329703,3.00261313346387));
#7903=CARTESIAN_POINT('Ctrl Pts',(-14.6924174924366,34.7375757722283,3.00130666376234));
#7904=CARTESIAN_POINT('Ctrl Pts',(-14.6924174924366,34.7396780647202,3.));
#7905=CARTESIAN_POINT('Ctrl Pts',(-13.8100645512601,32.6146907861098,4.25));
#7906=CARTESIAN_POINT('Ctrl Pts',(-14.0490255567612,32.8528263625279,4.25));
#7907=CARTESIAN_POINT('Ctrl Pts',(-14.3380335247212,33.2652082659073,4.05808501381228));
#7908=CARTESIAN_POINT('Ctrl Pts',(-14.6247979508904,33.9893929876834,3.57864392704137));
#7909=CARTESIAN_POINT('Ctrl Pts',(-14.6916860794732,34.4369438234949,3.23262115640956));
#7910=CARTESIAN_POINT('Ctrl Pts',(-14.6924161522927,34.7357107394973,3.00304793614293));
#7911=CARTESIAN_POINT('Ctrl Pts',(-14.6924174924366,34.7376938785487,3.00152444105607));
#7912=CARTESIAN_POINT('Ctrl Pts',(-14.6924174924366,34.7396780647202,3.));
#7913=CARTESIAN_POINT('Ctrl Pts',(-13.8100645512601,32.6146907861098,4.25));
#7914=CARTESIAN_POINT('Ctrl Pts',(-14.0490255567612,32.8528263625279,4.25));
#7915=CARTESIAN_POINT('Ctrl Pts',(-14.3380335247212,33.2652082659073,4.05808501381228));
#7916=CARTESIAN_POINT('Ctrl Pts',(-14.6247979508904,33.9893929876834,3.57864392704137));
#7917=CARTESIAN_POINT('Ctrl Pts',(-14.6916860794732,34.4369438234949,3.23262115640956));
#7918=CARTESIAN_POINT('Ctrl Pts',(-14.6924161522927,34.7357107394973,3.00304793614293));
#7919=CARTESIAN_POINT('Ctrl Pts',(-14.6924174924366,34.7376938785487,3.00152444105607));
#7920=CARTESIAN_POINT('Ctrl Pts',(-14.6924174924366,34.7396780647202,3.));
#7921=CARTESIAN_POINT('',(-14.6924174924366,32.5440099801861,3.));
#7922=CARTESIAN_POINT('Origin',(-5.,36.3703262342713,3.));
#7923=CARTESIAN_POINT('',(-3.44444444444444,33.2350037765997,11.));
#7924=CARTESIAN_POINT('',(-3.44444444444444,33.2350037765997,3.));
#7925=CARTESIAN_POINT('',(-2.,34.5675505965393,11.));
#7926=CARTESIAN_POINT('Origin',(-5.,36.3703262342713,11.));
#7927=CARTESIAN_POINT('',(-2.,34.5675505965393,11.6));
#7928=CARTESIAN_POINT('',(-2.,34.5675505965393,7.));
#7929=CARTESIAN_POINT('',(-2.39999999999999,34.0272513314994,12.));
#7930=CARTESIAN_POINT('Origin',(-5.,36.3703262342713,14.6));
#7931=CARTESIAN_POINT('',(-2.4,38.7134011370433,12.));
#7932=CARTESIAN_POINT('Origin',(-5.,36.3703262342713,12.));
#7933=CARTESIAN_POINT('',(-2.,38.1731018720033,11.6));
#7934=CARTESIAN_POINT('Origin',(-5.,36.3703262342713,14.6));
#7935=CARTESIAN_POINT('',(-2.,38.1731018720033,11.));
#7936=CARTESIAN_POINT('',(-2.,38.1731018720033,7.));
#7937=CARTESIAN_POINT('',(-3.44444444444444,39.505648691943,11.));
#7938=CARTESIAN_POINT('Origin',(-5.,36.3703262342713,11.));
#7939=CARTESIAN_POINT('',(-3.44444444444444,39.505648691943,8.));
#7940=CARTESIAN_POINT('',(-3.44444444444444,39.505648691943,3.));
#7941=CARTESIAN_POINT('',(-7.91445708819728,38.3083509712282,8.));
#7942=CARTESIAN_POINT('Origin',(-5.,36.3703262342713,8.));
#7943=CARTESIAN_POINT('',(-7.91445708819728,38.3083509712282,3.));
#7944=CARTESIAN_POINT('',(-7.91445708819728,38.3083509712282,3.));
#7945=CARTESIAN_POINT('Origin',(-5.,36.3703262342713,3.));
#7946=CARTESIAN_POINT('Origin',(-8.74715911339651,38.8620723246444,3.));
#7947=CARTESIAN_POINT('',(-8.32077202854716,39.7666131218856,7.));
#7948=CARTESIAN_POINT('',(-8.32077202854716,39.7666131218856,3.));
#7949=CARTESIAN_POINT('',(-8.32077202854716,39.7666131218856,3.));
#7950=CARTESIAN_POINT('Origin',(-8.74715911339651,38.8620723246444,3.));
#7951=CARTESIAN_POINT('',(-8.10434396089353,39.6280936557525,7.));
#7952=CARTESIAN_POINT('Ctrl Pts',(-7.91445708819728,38.3083509712282,8.));
#7953=CARTESIAN_POINT('Ctrl Pts',(-7.91375118559023,38.3094125277798,7.99855447452825));
#7954=CARTESIAN_POINT('Ctrl Pts',(-7.91304731142724,38.3104754364767,7.99710894594762));
#7955=CARTESIAN_POINT('Ctrl Pts',(-7.8609943467789,38.3894072244817,7.88990027670771));
#7956=CARTESIAN_POINT('Ctrl Pts',(-7.81989937009744,38.4754276537675,7.78291681005995));
#7957=CARTESIAN_POINT('Ctrl Pts',(-7.76423594381774,38.656081908971,7.58150024587361));
#7958=CARTESIAN_POINT('Ctrl Pts',(-7.74801387127172,38.7523437423056,7.48441478452833));
#7959=CARTESIAN_POINT('Ctrl Pts',(-7.74636735681369,38.9559235690409,7.30615044733545));
#7960=CARTESIAN_POINT('Ctrl Pts',(-7.76100746567477,39.0652684401311,7.22336774661589));
#7961=CARTESIAN_POINT('Ctrl Pts',(-7.82585644332162,39.2609075981269,7.1059858681489));
#7962=CARTESIAN_POINT('Ctrl Pts',(-7.86628703594132,39.345492135564,7.06505367438613));
#7963=CARTESIAN_POINT('Ctrl Pts',(-7.97216751668533,39.5003435702695,7.012744646309));
#7964=CARTESIAN_POINT('Ctrl Pts',(-8.03326791532821,39.568449417121,7.));
#7965=CARTESIAN_POINT('Ctrl Pts',(-8.10434396089353,39.6280936557525,7.));
#7966=CARTESIAN_POINT('Origin',(-8.74715911339651,38.8620723246444,7.));
#7967=CARTESIAN_POINT('Origin',(-3.,40.4014551084206,3.));
#7968=CARTESIAN_POINT('',(-2.,40.4014551084206,11.));
#7969=CARTESIAN_POINT('Origin',(-3.,40.4014551084206,11.));
#7970=CARTESIAN_POINT('',(-2.,40.4014551084206,7.));
#7971=CARTESIAN_POINT('',(-2.,40.4014551084206,3.));
#7972=CARTESIAN_POINT('',(-2.15912314186074,39.8602286221454,7.));
#7973=CARTESIAN_POINT('Origin',(-3.,40.4014551084206,7.));
#7974=CARTESIAN_POINT('Ctrl Pts',(-2.15912314186074,39.8602286221454,7.));
#7975=CARTESIAN_POINT('Ctrl Pts',(-2.20934137578906,39.7822070325932,7.));
#7976=CARTESIAN_POINT('Ctrl Pts',(-2.26921015483684,39.7130160332868,7.012744646309));
#7977=CARTESIAN_POINT('Ctrl Pts',(-2.40949438543416,39.5884769724318,7.06505367438613));
#7978=CARTESIAN_POINT('Ctrl Pts',(-2.488313755615,39.5377159275517,7.10598586814889));
#7979=CARTESIAN_POINT('Ctrl Pts',(-2.67422836452698,39.4487449871485,7.22336774661588));
#7980=CARTESIAN_POINT('Ctrl Pts',(-2.78085891668986,39.4204508363991,7.30615044733542));
#7981=CARTESIAN_POINT('Ctrl Pts',(-2.9830252385163,39.3964459372608,7.48441478452832));
#7982=CARTESIAN_POINT('Ctrl Pts',(-3.08056361891382,39.4004158924298,7.5815002458736));
#7983=CARTESIAN_POINT('Ctrl Pts',(-3.26678964496414,39.4328850188551,7.78291681006273));
#7984=CARTESIAN_POINT('Ctrl Pts',(-3.35730058903932,39.4628196202887,7.88990027671653));
#7985=CARTESIAN_POINT('Ctrl Pts',(-3.44215935021784,39.5045176890676,7.9971089459475));
#7986=CARTESIAN_POINT('Ctrl Pts',(-3.4433024402921,39.5050820992153,7.99855447452817));
#7987=CARTESIAN_POINT('Ctrl Pts',(-3.44444444444444,39.505648691943,8.));
#7988=CARTESIAN_POINT('Origin',(-5.,36.3703262342713,8.));
#7989=CARTESIAN_POINT('Origin',(-5.,36.3703262342713,7.));
#7990=CARTESIAN_POINT('Origin',(-23.2220779386444,23.1483342519361,3.));
#7991=CARTESIAN_POINT('',(-10.0832429213889,45.3779753989544,3.));
#7992=CARTESIAN_POINT('Origin',(-6.61522368914977,43.3847763108502,3.));
#7993=CARTESIAN_POINT('',(-11.6005013354935,48.,3.));
#7994=CARTESIAN_POINT('Origin',(-11.6005013354935,46.25,3.));
#7995=CARTESIAN_POINT('',(-13.5,48.,3.));
#7996=CARTESIAN_POINT('',(-32.7635822331388,48.,3.));
#7997=CARTESIAN_POINT('',(-13.5,45.,3.));
#7998=CARTESIAN_POINT('',(-13.5,31.0769171259681,3.));
#7999=CARTESIAN_POINT('',(-18.9,45.,3.));
#8000=CARTESIAN_POINT('',(-24.1110389693222,45.,3.));
#8001=CARTESIAN_POINT('',(-24.,45.,3.));
#8002=CARTESIAN_POINT('',(-24.1110389693222,45.,3.));
#8003=CARTESIAN_POINT('',(-24.8660254037845,44.5,3.));
#8004=CARTESIAN_POINT('Origin',(-24.,44.,3.));
#8005=CARTESIAN_POINT('',(-25.,44.5,3.));
#8006=CARTESIAN_POINT('',(-25.,44.5,3.));
#8007=CARTESIAN_POINT('',(-14.6924174924366,41.5530584137727,3.));
#8008=CARTESIAN_POINT('Origin',(-25.,25.,3.));
#8009=CARTESIAN_POINT('',(-14.6924174924366,32.5440099801861,3.));
#8010=CARTESIAN_POINT('Origin',(-6.61522368914977,43.3847763108502,3.));
#8011=CARTESIAN_POINT('',(-10.0832429213889,45.3779753989544,7.));
#8012=CARTESIAN_POINT('Origin',(-6.61522368914977,43.3847763108502,7.));
#8013=CARTESIAN_POINT('',(-10.0832429213889,45.3779753989544,3.));
#8014=CARTESIAN_POINT('Origin',(-6.62737010437561,43.3726298956244,7.));
#8015=CARTESIAN_POINT('',(-2.,42.3050865276332,7.));
#8016=CARTESIAN_POINT('',(-2.,40.1062755841931,7.));
#8017=CARTESIAN_POINT('',(-7.69491347236682,48.,7.));
#8018=CARTESIAN_POINT('',(-4.56055126446336,44.8656377920966,7.));
#8019=CARTESIAN_POINT('',(-11.6005013354935,48.,7.));
#8020=CARTESIAN_POINT('',(-24.4662283160044,48.,7.));
#8021=CARTESIAN_POINT('Origin',(-11.6005013354935,46.25,7.));
#8022=CARTESIAN_POINT('',(-5.51522368914977,43.3847763108502,7.));
#8023=CARTESIAN_POINT('Origin',(-6.61522368914977,43.3847763108502,7.));
#8024=CARTESIAN_POINT('Origin',(-3.,32.3391973601221,3.));
#8025=CARTESIAN_POINT('',(-2.,32.3391973601221,11.));
#8026=CARTESIAN_POINT('',(-2.,32.3391973601221,3.));
#8027=CARTESIAN_POINT('Origin',(-3.,32.3391973601221,11.));
#8028=CARTESIAN_POINT('Origin',(-2.19999999999999,35.4689384154053,11.8));
#8029=CARTESIAN_POINT('',(-2.39999999999999,35.4689384154053,12.));
#8030=CARTESIAN_POINT('',(-1.99999999999999,35.4689384154053,11.6));
#8031=CARTESIAN_POINT('Origin',(-5.25,36.3703262342713,12.));
#8032=CARTESIAN_POINT('',(-3.9,36.3703262342713,12.));
#8033=CARTESIAN_POINT('Origin',(-5.,36.3703262342713,12.));
#8034=CARTESIAN_POINT('Origin',(-1.99999999999999,34.5675505965393,7.));
#8035=CARTESIAN_POINT('',(-2.,42.3050865276332,11.));
#8036=CARTESIAN_POINT('Origin',(-2.,42.3050865276332,3.));
#8037=CARTESIAN_POINT('',(-2.,28.2918689079281,11.));
#8038=CARTESIAN_POINT('',(-2.,28.2918689079281,3.));
#8039=CARTESIAN_POINT('',(-2.,42.3050865276332,11.));
#8040=CARTESIAN_POINT('Origin',(-2.,42.3050865276332,3.));
#8041=CARTESIAN_POINT('',(-2.,42.3050865276332,11.));
#8042=CARTESIAN_POINT('',(-2.,42.3050865276332,11.));
#8043=CARTESIAN_POINT('',(-2.,42.3050865276332,3.));
#8044=CARTESIAN_POINT('Origin',(-5.,36.3703262342713,3.));
#8045=CARTESIAN_POINT('',(-3.9,36.3703262342713,3.));
#8046=CARTESIAN_POINT('',(-3.9,36.3703262342713,3.));
#8047=CARTESIAN_POINT('Origin',(-5.,36.3703262342713,3.));
#8048=CARTESIAN_POINT('Origin',(-12.6457500677276,-0.719631235594167,6.5));
#8049=CARTESIAN_POINT('',(-12.7429454078666,-0.906341746826036,12.3));
#8050=CARTESIAN_POINT('',(-12.7429454078666,-0.906341746826036,11.));
#8051=CARTESIAN_POINT('',(-12.7429454078666,-0.906341746826036,6.5));
#8052=CARTESIAN_POINT('',(-12.5485547275886,-0.532920724362299,11.));
#8053=CARTESIAN_POINT('',(-8.88537574245426,6.50398063397728,11.));
#8054=CARTESIAN_POINT('',(-12.5485547275886,-0.532920724362299,12.7015035054457));
#8055=CARTESIAN_POINT('',(-12.5485547275886,-0.532920724362299,6.5));
#8056=CARTESIAN_POINT('',(-12.5485547275886,-0.532920724362299,12.7015035054457));
#8057=CARTESIAN_POINT('Origin',(-19.2507621536962,0.396442056242531,10.));
#8058=CARTESIAN_POINT('',(-19.2588477296451,0.55314788670941,12.6058421425141));
#8059=CARTESIAN_POINT('',(-19.2588477296451,0.55314788670941,11.));
#8060=CARTESIAN_POINT('',(-19.2588477296451,0.55314788670941,10.));
#8061=CARTESIAN_POINT('',(-19.2426765777472,0.239736225775652,11.));
#8062=CARTESIAN_POINT('',(-19.8414424776917,11.8443650361457,11.));
#8063=CARTESIAN_POINT('',(-19.2426765777472,0.239736225775653,12.3));
#8064=CARTESIAN_POINT('',(-19.2426765777472,0.239736225775652,10.));
#8065=CARTESIAN_POINT('',(-19.2426765777472,0.239736225775653,12.3));
#8066=CARTESIAN_POINT('Origin',(-17.963180843358,0.369525920261467,12.65));
#8067=CARTESIAN_POINT('',(-12.9165421170332,-0.164933334917747,13.));
#8068=CARTESIAN_POINT('',(-18.3912602513222,0.800407183931263,13.));
#8069=CARTESIAN_POINT('',(-17.9024039811746,0.71420863381574,13.));
#8070=CARTESIAN_POINT('',(-17.3903437108501,1.0856647822235,13.4547312276535));
#8071=CARTESIAN_POINT('',(-18.0239577055414,0.0248432067071938,12.3));
#8072=CARTESIAN_POINT('',(-12.0624483803051,-1.01902707164584,12.3071936872106));
#8073=CARTESIAN_POINT('Origin',(-12.053579980758,-1.02789547119288,3.));
#8074=CARTESIAN_POINT('',(-12.053579980758,-1.02789547119288,11.));
#8075=CARTESIAN_POINT('',(-20.8897619010119,7.80828644906095,11.));
#8076=CARTESIAN_POINT('',(-12.053579980758,-1.02789547119288,3.));
#8077=CARTESIAN_POINT('',(-19.4022143396652,6.32073888771427,10.));
#8078=CARTESIAN_POINT('',(-19.4022143396652,6.32073888771427,3.));
#8079=CARTESIAN_POINT('',(-14.8820071055042,1.80053165355331,10.));
#8080=CARTESIAN_POINT('',(-12.053579980758,-1.02789547119288,10.));
#8081=CARTESIAN_POINT('',(-14.8820071055042,1.80053165355331,13.));
#8082=CARTESIAN_POINT('',(-14.8820071055042,1.80053165355331,10.));
#8083=CARTESIAN_POINT('',(-12.053579980758,-1.02789547119288,13.));
#8084=CARTESIAN_POINT('Origin',(-19.9320420048557,0.361289950142498,10.));
#8085=CARTESIAN_POINT('',(-7.79649297902478,-1.77853476882173,11.));
#8086=CARTESIAN_POINT('Origin',(-0.580820761565039,19.4466159194412,10.));
#8087=CARTESIAN_POINT('',(-0.439629883740853,19.4425702357127,12.3));
#8088=CARTESIAN_POINT('',(-0.439629883740852,19.4425702357127,11.));
#8089=CARTESIAN_POINT('',(-0.439629883740853,19.4425702357127,10.));
#8090=CARTESIAN_POINT('',(-0.722011639389226,19.4506616031697,11.));
#8091=CARTESIAN_POINT('',(-11.945153166711,19.7722495255583,11.));
#8092=CARTESIAN_POINT('',(-0.722011639389226,19.4506616031697,12.576686691058));
#8093=CARTESIAN_POINT('',(-0.722011639389226,19.4506616031697,10.));
#8094=CARTESIAN_POINT('',(-0.722011639389226,19.4506616031697,12.576686691058));
#8095=CARTESIAN_POINT('Origin',(0.519737577629004,12.8456437256932,6.5));
#8096=CARTESIAN_POINT('',(0.333027066397137,12.7484483855542,12.7015035054457));
#8097=CARTESIAN_POINT('',(0.333027066397137,12.7484483855542,11.));
#8098=CARTESIAN_POINT('',(0.333027066397137,12.7484483855542,6.5));
#8099=CARTESIAN_POINT('',(0.70644808886087,12.9428390658322,11.));
#8100=CARTESIAN_POINT('',(-6.71028528395917,9.08193204921453,11.));
#8101=CARTESIAN_POINT('',(0.706448088860871,12.9428390658322,12.3));
#8102=CARTESIAN_POINT('',(0.70644808886087,12.9428390658322,6.5));
#8103=CARTESIAN_POINT('',(0.70644808886087,12.9428390658322,12.3));
#8104=CARTESIAN_POINT('Origin',(0.126680015270225,14.2152975320813,12.65));
#8105=CARTESIAN_POINT('',(-0.968068454887256,18.4083549588395,13.));
#8106=CARTESIAN_POINT('',(-0.0349603230474216,13.1164357749988,13.));
#8107=CARTESIAN_POINT('',(-0.218002698284048,14.1545206698979,13.));
#8108=CARTESIAN_POINT('',(-0.996833102187382,14.0783085541387,13.7802323150634));
#8109=CARTESIAN_POINT('',(0.471362728824498,14.2760743942647,12.3));
#8110=CARTESIAN_POINT('',(-1.0410209177716,18.099325368943,13.1255065761805));
#8111=CARTESIAN_POINT('Origin',(-0.561183608107702,20.1319356628213,10.));
#8112=CARTESIAN_POINT('',(-0.561183608107702,20.1319356628213,11.));
#8113=CARTESIAN_POINT('',(-0.822038946883072,19.0269418740321,11.));
#8114=CARTESIAN_POINT('',(-0.561183608107702,20.1319356628213,10.));
#8115=CARTESIAN_POINT('',(-0.561183608107702,20.1319356628213,6.5));
#8116=CARTESIAN_POINT('',(-1.80053165355331,14.8820071055042,10.));
#8117=CARTESIAN_POINT('',(-0.787145665523266,19.1747512282668,10.));
#8118=CARTESIAN_POINT('',(-1.80053165355331,14.8820071055042,13.));
#8119=CARTESIAN_POINT('',(-1.80053165355331,14.8820071055042,10.));
#8120=CARTESIAN_POINT('',(-0.561183608107702,20.1319356628213,13.));
#8121=CARTESIAN_POINT('Origin',(0.828001813227719,12.2534736387236,10.));
#8122=CARTESIAN_POINT('',(1.63856772267429,7.65652593287733,11.));
#8123=CARTESIAN_POINT('Origin',(-0.486264920162796,16.1927046507724,13.));
#8124=CARTESIAN_POINT('',(-6.32073888771418,19.4022143396655,13.));
#8125=CARTESIAN_POINT('Origin',(-2.,28.2918689079281,3.));
#8126=CARTESIAN_POINT('',(-1.18483541705401,23.6688408286702,10.));
#8127=CARTESIAN_POINT('',(1.63856772267429,7.65652593287733,11.));
#8128=CARTESIAN_POINT('Origin',(-2.,28.2918689079281,3.));
#8129=CARTESIAN_POINT('',(0.828001813227719,12.2534736387236,11.));
#8130=CARTESIAN_POINT('',(0.828001813227719,12.2534736387236,3.));
#8131=CARTESIAN_POINT('',(1.63856772267429,7.65652593287733,11.));
#8132=CARTESIAN_POINT('',(1.63856772267429,7.65652593287733,3.));
#8133=CARTESIAN_POINT('',(1.63856772267429,7.65652593287733,11.));
#8134=CARTESIAN_POINT('Origin',(-14.8820071055042,1.80053165355331,10.));
#8135=CARTESIAN_POINT('',(-14.8820071055042,1.80053165355331,13.));
#8136=CARTESIAN_POINT('',(-16.4560151782908,1.35194503880522,10.));
#8137=CARTESIAN_POINT('',(-15.9252814038361,1.5032022472855,11.));
#8138=CARTESIAN_POINT('Origin',(-15.9928109928069,0.386318091180214,13.));
#8139=CARTESIAN_POINT('Origin',(-7.79649297902478,-1.77853476882173,3.));
#8140=CARTESIAN_POINT('',(-7.79649297902478,-1.77853476882173,11.));
#8141=CARTESIAN_POINT('',(-7.79649297902478,-1.77853476882173,11.));
#8142=CARTESIAN_POINT('',(-7.79649297902478,-1.77853476882173,3.));
#8143=CARTESIAN_POINT('Origin',(-18.526789990379,2.64642170826069,10.));
#8144=CARTESIAN_POINT('Origin',(-25.,25.,10.));
#8145=CARTESIAN_POINT('',(-20.052202101716,3.40420196415138,10.));
#8146=CARTESIAN_POINT('Origin',(-20.802202101716,3.40420196415138,10.));
#8147=CARTESIAN_POINT('Origin',(-36.2679489945578,47.6,18.33));
#8148=CARTESIAN_POINT('',(-41.4641020108844,48.,17.93));
#8149=CARTESIAN_POINT('',(-41.8157571524464,47.2,18.73));
#8150=CARTESIAN_POINT('Origin',(-38.,46.0000000596046,19.9299999403954));
#8151=CARTESIAN_POINT('',(-34.1842428475536,47.2,18.73));
#8152=CARTESIAN_POINT('',(-36.2679489945578,47.2,18.73));
#8153=CARTESIAN_POINT('',(-34.5358979891156,48.,17.93));
#8154=CARTESIAN_POINT('Origin',(-38.,46.0000000596046,19.9299999403954));
#8155=CARTESIAN_POINT('',(-36.2679489945578,48.,17.93));
#8156=CARTESIAN_POINT('Origin',(-38.,44.9999998733402,18.73));
#8157=CARTESIAN_POINT('',(-34.6536985647679,43.8085920172815,18.73));
#8158=CARTESIAN_POINT('Origin',(-38.,46.0000000596046,18.73));
#8159=CARTESIAN_POINT('',(-34.2741535763922,44.5446406774987,18.7299999999985));
#8160=CARTESIAN_POINT('Ctrl Pts',(-34.2741535763936,44.5446406774951,18.73));
#8161=CARTESIAN_POINT('Ctrl Pts',(-34.3008947104108,44.4761810518068,18.73));
#8162=CARTESIAN_POINT('Ctrl Pts',(-34.3152453742424,44.4105797477745,18.73));
#8163=CARTESIAN_POINT('Ctrl Pts',(-34.3411493601358,44.2584823214528,18.73));
#8164=CARTESIAN_POINT('Ctrl Pts',(-34.3423459743575,44.1758373744237,18.73));
#8165=CARTESIAN_POINT('Ctrl Pts',(-34.3581577176447,44.1064496416722,18.73));
#8166=CARTESIAN_POINT('Ctrl Pts',(-34.3605586993886,44.0975837116944,18.73));
#8167=CARTESIAN_POINT('Ctrl Pts',(-34.3652593312885,44.0837615216501,18.73));
#8168=CARTESIAN_POINT('Ctrl Pts',(-34.3672186600453,44.0786495428336,18.73));
#8169=CARTESIAN_POINT('Ctrl Pts',(-34.3711431931252,44.069689918498,18.73));
#8170=CARTESIAN_POINT('Ctrl Pts',(-34.3730095681041,44.065822851731,18.73));
#8171=CARTESIAN_POINT('Ctrl Pts',(-34.3773514356995,44.0576963390569,18.73));
#8172=CARTESIAN_POINT('Ctrl Pts',(-34.3798551674785,44.0534969563797,18.7299999999998));
#8173=CARTESIAN_POINT('Ctrl Pts',(-34.3873991493734,44.0421583496191,18.7299999999998));
#8174=CARTESIAN_POINT('Ctrl Pts',(-34.3927616806517,44.0354692470279,18.73));
#8175=CARTESIAN_POINT('Ctrl Pts',(-34.4113291857179,44.015681962247,18.73));
#8176=CARTESIAN_POINT('Ctrl Pts',(-34.4262446093802,44.0041358237465,18.73));
#8177=CARTESIAN_POINT('Ctrl Pts',(-34.4890495248777,43.9608567291607,18.73));
#8178=CARTESIAN_POINT('Ctrl Pts',(-34.5551208239021,43.9244264529549,18.730000000013));
#8179=CARTESIAN_POINT('Ctrl Pts',(-34.627772361582,43.8447169180049,18.730000000013));
#8180=CARTESIAN_POINT('Ctrl Pts',(-34.6415109300721,43.8272026542269,18.73));
#8181=CARTESIAN_POINT('Ctrl Pts',(-34.6536985647679,43.8085920172815,18.73));
#8182=CARTESIAN_POINT('Origin',(-38.,46.0000000596046,18.73));
#8183=CARTESIAN_POINT('',(-36.9,46.0000000596046,18.73));
#8184=CARTESIAN_POINT('Origin',(-38.,46.0000000596046,18.73));
#8185=CARTESIAN_POINT('Origin',(-38.,46.0000000596046,3.));
#8186=CARTESIAN_POINT('',(-34.1769227952241,44.823529409857,12.3331112776263));
#8187=CARTESIAN_POINT('',(-34.1769227952241,44.823529409857,3.));
#8188=CARTESIAN_POINT('',(-34.7922376350309,43.6103843764283,14.5111721874618));
#8189=CARTESIAN_POINT('Origin',(-38.,46.0000000596046,10.2208949612127));
#8190=CARTESIAN_POINT('',(-34.7922376350309,43.6103843764282,17.587453868308));
#8191=CARTESIAN_POINT('',(-34.7922376350309,43.6103843764283,22.0624998020939));
#8192=CARTESIAN_POINT('Ctrl Pts',(-34.653912005225,43.8082576272212,18.7300095072668));
#8193=CARTESIAN_POINT('Ctrl Pts',(-34.6686932560257,43.7856700259634,18.6912095494851));
#8194=CARTESIAN_POINT('Ctrl Pts',(-34.7002390475705,43.7387178787487,18.58930999719));
#8195=CARTESIAN_POINT('Ctrl Pts',(-34.7368011563273,43.6863783256468,18.4140204667708));
#8196=CARTESIAN_POINT('Ctrl Pts',(-34.7820487556101,43.6236576485814,18.075086653228));
#8197=CARTESIAN_POINT('Ctrl Pts',(-34.7922376350309,43.6103843764282,17.7962097408453));
#8198=CARTESIAN_POINT('Ctrl Pts',(-34.7922376350309,43.6103843764282,17.587453868308));
#8199=CARTESIAN_POINT('',(-41.4641020108844,48.,11.));
#8200=CARTESIAN_POINT('',(-41.4641020108844,48.,3.));
#8201=CARTESIAN_POINT('',(-41.4641020108844,48.,3.));
#8202=CARTESIAN_POINT('',(-39.5331381956312,42.3054784699409,3.));
#8203=CARTESIAN_POINT('Origin',(-39.7320507903625,2.4,18.33));
#8204=CARTESIAN_POINT('',(-39.7320507903625,2.8,18.73));
#8205=CARTESIAN_POINT('',(-39.7320507903625,2.,17.93));
#8206=CARTESIAN_POINT('Origin',(-38.,5.00000002980232,18.73));
#8207=CARTESIAN_POINT('',(-36.9,4.00000005960464,18.73));
#8208=CARTESIAN_POINT('Origin',(-38.,4.00000005960464,18.73));
#8209=CARTESIAN_POINT('Origin',(-33.9379804886184,44.75,3.));
#8210=CARTESIAN_POINT('',(-33.9379804886184,45.,12.4011101055982));
#8211=CARTESIAN_POINT('',(-33.9379804886184,45.,3.));
#8212=CARTESIAN_POINT('Ctrl Pts',(-33.9379775510618,44.999991272648,12.4011054574033));
#8213=CARTESIAN_POINT('Ctrl Pts',(-33.953800735133,44.9999664528644,12.399786704526));
#8214=CARTESIAN_POINT('Ctrl Pts',(-33.9694899203513,44.9983963321885,12.3980453696384));
#8215=CARTESIAN_POINT('Ctrl Pts',(-33.9848615618065,44.9954082447577,12.3959487166026));
#8216=CARTESIAN_POINT('Ctrl Pts',(-34.0002332032618,44.9924201573269,12.3938520635669));
#8217=CARTESIAN_POINT('Ctrl Pts',(-34.0152888399358,44.9880136628671,12.39139954058));
#8218=CARTESIAN_POINT('Ctrl Pts',(-34.0298421170421,44.9822676339598,12.388631358744));
#8219=CARTESIAN_POINT('Ctrl Pts',(-34.0444910362558,44.9764838429519,12.3858449848031));
#8220=CARTESIAN_POINT('Ctrl Pts',(-34.0584898146755,44.9693986890903,12.3827652063402));
#8221=CARTESIAN_POINT('Ctrl Pts',(-34.0716650747238,44.9611233223888,12.3794299830304));
#8222=CARTESIAN_POINT('Ctrl Pts',(-34.0820459035918,44.9546031349136,12.3768021500852));
#8223=CARTESIAN_POINT('Ctrl Pts',(-34.0919158161495,44.9473430104359,12.3740150856834));
#8224=CARTESIAN_POINT('Ctrl Pts',(-34.1011823831927,44.939377994792,12.3710780768672));
#8225=CARTESIAN_POINT('Ctrl Pts',(-34.1043767954012,44.9366322591712,12.3700656181243));
#8226=CARTESIAN_POINT('Ctrl Pts',(-34.1074994141805,44.933802618929,12.3690352819251));
#8227=CARTESIAN_POINT('Ctrl Pts',(-34.1105482889243,44.9308926905841,12.3679884303235));
#8228=CARTESIAN_POINT('Ctrl Pts',(-34.1217460389292,44.9202052557511,12.364143607721));
#8229=CARTESIAN_POINT('Ctrl Pts',(-34.1318777288195,44.9085083392306,12.3601027358844));
#8230=CARTESIAN_POINT('Ctrl Pts',(-34.1408635628819,44.8959990854588,12.3559336661411));
#8231=CARTESIAN_POINT('Ctrl Pts',(-34.1441369480523,44.8914421789429,12.3544149455663));
#8232=CARTESIAN_POINT('Ctrl Pts',(-34.1472579549489,44.8867771038018,12.3528790652897));
#8233=CARTESIAN_POINT('Ctrl Pts',(-34.1502215083781,44.8820122802435,12.3513289137305));
#8234=CARTESIAN_POINT('Ctrl Pts',(-34.1584823975173,44.8687303603714,12.3470078746517));
#8235=CARTESIAN_POINT('Ctrl Pts',(-34.1654864923969,44.8547340575978,12.3425955983033));
#8236=CARTESIAN_POINT('Ctrl Pts',(-34.17112658936,44.8402071466001,12.3381531900249));
#8237=CARTESIAN_POINT('Ctrl Pts',(-34.1730741271618,44.8351909724994,12.3366192167422));
#8238=CARTESIAN_POINT('Ctrl Pts',(-34.1748586444552,44.8301112991477,12.3350815932227));
#8239=CARTESIAN_POINT('Ctrl Pts',(-34.1764744086582,44.8249750889881,12.3335427489488));
#8240=CARTESIAN_POINT('Ctrl Pts',(-34.1766257963788,44.8244938559299,12.3333985681787));
#8241=CARTESIAN_POINT('Ctrl Pts',(-34.1767756916339,44.8240121597986,12.3332543866988));
#8242=CARTESIAN_POINT('Ctrl Pts',(-34.1769240899811,44.8235300064511,12.3331102065108));
#8243=CARTESIAN_POINT('Ctrl Pts',(-34.2061085466004,48.086883300194,11.2245869452156));
#8244=CARTESIAN_POINT('Ctrl Pts',(-34.1500639183074,47.9745233793138,11.715182437217));
#8245=CARTESIAN_POINT('Ctrl Pts',(-34.0881170251776,47.8427624279304,12.2004012250575));
#8246=CARTESIAN_POINT('Ctrl Pts',(-34.0250158838286,47.6889181637742,12.6784581643638));
#8247=CARTESIAN_POINT('Ctrl Pts',(-34.2575444488315,48.028600595918,11.219069442894));
#8248=CARTESIAN_POINT('Ctrl Pts',(-34.2039786553172,47.9195795920919,11.7094703533579));
#8249=CARTESIAN_POINT('Ctrl Pts',(-34.1441328380561,47.7910873592985,12.19456727889));
#8250=CARTESIAN_POINT('Ctrl Pts',(-34.0831826475866,47.6403395121344,12.6722937489712));
#8251=CARTESIAN_POINT('Ctrl Pts',(-34.4176434961402,47.9627976087864,11.2261609237651));
#8252=CARTESIAN_POINT('Ctrl Pts',(-34.3645859004811,47.8615434696602,11.7179262870818));
#8253=CARTESIAN_POINT('Ctrl Pts',(-34.3054948625478,47.7407149082978,12.2043748916552));
#8254=CARTESIAN_POINT('Ctrl Pts',(-34.2453670765144,47.5971418151905,12.6833513363726));
#8255=CARTESIAN_POINT('Ctrl Pts',(-34.5635469492226,48.0485400759076,11.2632073659173));
#8256=CARTESIAN_POINT('Ctrl Pts',(-34.5050029424687,47.9503577306987,11.7587061680783));
#8257=CARTESIAN_POINT('Ctrl Pts',(-34.4403962224998,47.8325850633903,12.2490436456757));
#8258=CARTESIAN_POINT('Ctrl Pts',(-34.3750423144318,47.6925909321635,12.731991844051));
#8259=CARTESIAN_POINT('Ctrl Pts',(-34.6035060587599,48.1127781857962,11.2819077212843));
#8260=CARTESIAN_POINT('Ctrl Pts',(-34.5423859224293,48.0145216911075,11.77929131952));
#8261=CARTESIAN_POINT('Ctrl Pts',(-34.475000446755,47.8969926838158,12.2715615241869));
#8262=CARTESIAN_POINT('Ctrl Pts',(-34.4066592082849,47.7572434855394,12.7565209529506));
#8263=CARTESIAN_POINT('',(-34.1635742960121,48.,11.5872900640643));
#8264=CARTESIAN_POINT('',(-34.5358979889679,47.999999999744,11.8128338512405));
#8265=CARTESIAN_POINT('Ctrl Pts',(-34.1635742960121,48.,11.5872900640643));
#8266=CARTESIAN_POINT('Ctrl Pts',(-34.1876336237909,48.,11.5184993929976));
#8267=CARTESIAN_POINT('Ctrl Pts',(-34.2330502083304,48.,11.3982791495371));
#8268=CARTESIAN_POINT('Ctrl Pts',(-34.3019462206145,48.,11.294067083973));
#8269=CARTESIAN_POINT('Ctrl Pts',(-34.3206971309913,48.,11.2695086945823));
#8270=CARTESIAN_POINT('Ctrl Pts',(-34.3504759791565,48.,11.2451973684775));
#8271=CARTESIAN_POINT('Ctrl Pts',(-34.3607621046109,48.,11.2385528623663));
#8272=CARTESIAN_POINT('Ctrl Pts',(-34.3790201484883,48.,11.2322257266328));
#8273=CARTESIAN_POINT('Ctrl Pts',(-34.386494810173,48.0000000000003,11.230951094774));
#8274=CARTESIAN_POINT('Ctrl Pts',(-34.4009469417869,48.0000000000003,11.2317895570297));
#8275=CARTESIAN_POINT('Ctrl Pts',(-34.4074479371296,48.,11.233534904096));
#8276=CARTESIAN_POINT('Ctrl Pts',(-34.4211177512924,48.,11.2399791089113));
#8277=CARTESIAN_POINT('Ctrl Pts',(-34.4277994941949,48.,11.2450623126861));
#8278=CARTESIAN_POINT('Ctrl Pts',(-34.4439874086388,48.,11.2609495565511));
#8279=CARTESIAN_POINT('Ctrl Pts',(-34.452514501519,48.,11.2737947395875));
#8280=CARTESIAN_POINT('Ctrl Pts',(-34.4763035428011,48.,11.3175171163737));
#8281=CARTESIAN_POINT('Ctrl Pts',(-34.4883973670137,48.0000000000015,11.3568446256481));
#8282=CARTESIAN_POINT('Ctrl Pts',(-34.522572560429,48.0000000000015,11.4964251454039));
#8283=CARTESIAN_POINT('Ctrl Pts',(-34.5358979891156,48.,11.6449657849343));
#8284=CARTESIAN_POINT('Ctrl Pts',(-34.5358979891156,48.,11.8128338489928));
#8285=CARTESIAN_POINT('',(-34.4066592082849,47.7572434855394,12.7565209529506));
#8286=CARTESIAN_POINT('Ctrl Pts',(-34.5358564708124,47.9999802976031,11.8128239012594));
#8287=CARTESIAN_POINT('Ctrl Pts',(-34.4941258639894,47.9277276933786,12.1300213714015));
#8288=CARTESIAN_POINT('Ctrl Pts',(-34.4505900022333,47.8470764088426,12.4447816105672));
#8289=CARTESIAN_POINT('Ctrl Pts',(-34.4066592082849,47.7572434855394,12.7565209529506));
#8290=CARTESIAN_POINT('',(-34.0250158838286,47.6889181637723,12.6784581643682));
#8291=CARTESIAN_POINT('Origin',(-34.1820754263721,47.8670711910684,12.7565209529506));
#8292=CARTESIAN_POINT('Ctrl Pts',(-34.0250158838286,47.6889181637742,12.6784581643638));
#8293=CARTESIAN_POINT('Ctrl Pts',(-34.0725234165222,47.8047443002415,12.3185390695903));
#8294=CARTESIAN_POINT('Ctrl Pts',(-34.1193766901704,47.90805301897,11.9545604457594));
#8295=CARTESIAN_POINT('Ctrl Pts',(-34.163549478166,47.9999889898592,11.5872841071862));
#8296=CARTESIAN_POINT('Ctrl Pts',(-34.0250158838281,47.6889181637729,12.6784581643679));
#8297=CARTESIAN_POINT('Ctrl Pts',(-33.888008135258,47.3548852792342,13.7164347134833));
#8298=CARTESIAN_POINT('Ctrl Pts',(-33.743625192759,46.9151931767817,14.7218348269014));
#8299=CARTESIAN_POINT('Ctrl Pts',(-33.6754033545144,46.3666979445117,15.6743209962074));
#8300=CARTESIAN_POINT('Ctrl Pts',(-34.083182647586,47.6403395121331,12.6722937489753));
#8301=CARTESIAN_POINT('Ctrl Pts',(-33.9508456410939,47.3130438646584,13.7095526519859));
#8302=CARTESIAN_POINT('Ctrl Pts',(-33.8103471416032,46.8792097531872,14.7143255353992));
#8303=CARTESIAN_POINT('Ctrl Pts',(-33.7468187275529,46.3334172942397,15.6606529085325));
#8304=CARTESIAN_POINT('Ctrl Pts',(-34.2101772650981,47.6064833947252,12.6809425743578));
#8305=CARTESIAN_POINT('Ctrl Pts',(-34.079241636613,47.2913884397634,13.7203343178448));
#8306=CARTESIAN_POINT('Ctrl Pts',(-33.9412575804654,46.8680638107886,14.7266752025525));
#8307=CARTESIAN_POINT('Ctrl Pts',(-33.8863514469993,46.3313613456893,15.6700541725185));
#8308=CARTESIAN_POINT('Ctrl Pts',(-34.348148093092,47.6718372562765,12.7216106925379));
#8309=CARTESIAN_POINT('Ctrl Pts',(-34.2086822646198,47.3662411495169,13.7683589143717));
#8310=CARTESIAN_POINT('Ctrl Pts',(-34.0630479678489,46.9530711916703,14.7819458108301));
#8311=CARTESIAN_POINT('Ctrl Pts',(-34.0051372282506,46.4289612619049,15.7350251851783));
#8312=CARTESIAN_POINT('Ctrl Pts',(-34.3931091109187,47.7295352483771,12.7460084777121));
#8313=CARTESIAN_POINT('Ctrl Pts',(-34.2475036841808,47.4258341791129,13.7971001575336));
#8314=CARTESIAN_POINT('Ctrl Pts',(-34.0955438615143,47.0154393080839,14.8148397874906));
#8315=CARTESIAN_POINT('Ctrl Pts',(-34.0306322214847,46.4949768582425,15.7748118494815));
#8316=CARTESIAN_POINT('Ctrl Pts',(-34.4066592082843,47.7572434855382,12.7565209529547));
#8317=CARTESIAN_POINT('Ctrl Pts',(-34.2582739490463,47.4538143777435,13.8094844661705));
#8318=CARTESIAN_POINT('Ctrl Pts',(-34.1032437668196,47.0440741828061,14.8290035568297));
#8319=CARTESIAN_POINT('Ctrl Pts',(-34.0345213761453,46.5243871181271,15.7919706561528));
#8320=CARTESIAN_POINT('',(-34.0345213761453,46.5243871181271,15.7919706561528));
#8321=CARTESIAN_POINT('',(-33.6754033545144,46.3666979445116,15.6743209962075));
#8322=CARTESIAN_POINT('Origin',(-33.7866789815433,46.5571613067208,15.7919706561528));
#8323=CARTESIAN_POINT('Ctrl Pts',(-33.6754033545144,46.3666979445117,15.6743209962074));
#8324=CARTESIAN_POINT('Ctrl Pts',(-33.743625192759,46.9151931767817,14.7218348269014));
#8325=CARTESIAN_POINT('Ctrl Pts',(-33.888008135258,47.3548852792342,13.7164347134833));
#8326=CARTESIAN_POINT('Ctrl Pts',(-34.0250158838281,47.6889181637729,12.6784581643679));
#8327=CARTESIAN_POINT('Ctrl Pts',(-34.4066592082843,47.7572434855382,12.7565209529547));
#8328=CARTESIAN_POINT('Ctrl Pts',(-34.2582739490463,47.4538143777435,13.8094844661705));
#8329=CARTESIAN_POINT('Ctrl Pts',(-34.1032437668196,47.0440741828061,14.8290035568297));
#8330=CARTESIAN_POINT('Ctrl Pts',(-34.0345213761453,46.5243871181271,15.7919706561528));
#8331=CARTESIAN_POINT('Ctrl Pts',(-33.6754033545144,46.3666979445118,15.6743209962076));
#8332=CARTESIAN_POINT('Ctrl Pts',(-33.6410715527473,46.0896526550999,16.1553021575684));
#8333=CARTESIAN_POINT('Ctrl Pts',(-33.6244861253998,45.7298645991788,16.7517865496026));
#8334=CARTESIAN_POINT('Ctrl Pts',(-33.6557221575439,45.3082767248946,17.3873563241576));
#8335=CARTESIAN_POINT('Ctrl Pts',(-33.6734166938315,45.151021605842,17.6149777364626));
#8336=CARTESIAN_POINT('Ctrl Pts',(-33.6900682652038,45.0310022319157,17.783489557533));
#8337=CARTESIAN_POINT('Ctrl Pts',(-33.7070632233885,44.9289052442848,17.9215979374364));
#8338=CARTESIAN_POINT('Ctrl Pts',(-33.7227508551159,44.8457028940118,18.0304197949297));
#8339=CARTESIAN_POINT('Ctrl Pts',(-33.7485461047273,44.7191820569485,18.1916722708373));
#8340=CARTESIAN_POINT('Ctrl Pts',(-33.7763213258479,44.6043776483391,18.3282355488463));
#8341=CARTESIAN_POINT('Ctrl Pts',(-33.8054341872997,44.501590921382,18.438390071427));
#8342=CARTESIAN_POINT('Ctrl Pts',(-33.8120502704219,44.4786291456637,18.462661764599));
#8343=CARTESIAN_POINT('Ctrl Pts',(-33.8240184758258,44.438122480988,18.5045881683699));
#8344=CARTESIAN_POINT('Ctrl Pts',(-33.8422971788235,44.3792629163409,18.562748484046));
#8345=CARTESIAN_POINT('Ctrl Pts',(-33.8663758679692,44.3067770739341,18.629129105983));
#8346=CARTESIAN_POINT('Ctrl Pts',(-33.8929023193921,44.2321699696557,18.6911493566892));
#8347=CARTESIAN_POINT('Ctrl Pts',(-33.9173300532242,44.1680588050042,18.7380230776609));
#8348=CARTESIAN_POINT('Ctrl Pts',(-33.9384507017177,44.1155569856097,18.7715889117826));
#8349=CARTESIAN_POINT('Ctrl Pts',(-33.9606821595497,44.0622620639537,18.8020514671703));
#8350=CARTESIAN_POINT('Ctrl Pts',(-33.9816714242602,44.0146158373962,18.8239585630638));
#8351=CARTESIAN_POINT('Ctrl Pts',(-33.9991859335846,43.9767753649842,18.8368195527267));
#8352=CARTESIAN_POINT('Ctrl Pts',(-34.0056611018357,43.9629899580061,18.8409769122662));
#8353=CARTESIAN_POINT('Ctrl Pts',(-34.0122064551224,43.9491915431601,18.8447760168496));
#8354=CARTESIAN_POINT('Ctrl Pts',(-34.018853604385,43.9353840057883,18.8480168473415));
#8355=CARTESIAN_POINT('Ctrl Pts',(-34.024753516061,43.9233120005928,18.8503257427003));
#8356=CARTESIAN_POINT('Ctrl Pts',(-34.0277228289949,43.9172816976487,18.851344930525));
#8357=CARTESIAN_POINT('Ctrl Pts',(-34.0294256154267,43.9138371186018,18.8518866172241));
#8358=CARTESIAN_POINT('Ctrl Pts',(-34.0575569540347,43.8570508345788,18.8604383706885));
#8359=CARTESIAN_POINT('Ctrl Pts',(-34.1172043688514,43.7468549603151,18.846305854781));
#8360=CARTESIAN_POINT('Ctrl Pts',(-34.1941301685487,43.6275606496645,18.7270877766733));
#8361=CARTESIAN_POINT('Ctrl Pts',(-34.248558178837,43.5556153301796,18.5614500341931));
#8362=CARTESIAN_POINT('Ctrl Pts',(-34.286970509427,43.5124983824109,18.3773287354372));
#8363=CARTESIAN_POINT('Ctrl Pts',(-34.3306377090634,43.4740200965897,18.0553127318424));
#8364=CARTESIAN_POINT('Ctrl Pts',(-34.3420360323761,43.4786137807238,17.7880868515386));
#8365=CARTESIAN_POINT('Ctrl Pts',(-34.3436103985671,43.4914553745658,17.587453868308));
#8366=CARTESIAN_POINT('Ctrl Pts',(-33.7162121391078,46.3476804300706,15.6665106603934));
#8367=CARTESIAN_POINT('Ctrl Pts',(-33.683179710194,46.0713120185157,16.1460920530885));
#8368=CARTESIAN_POINT('Ctrl Pts',(-33.668529163017,45.7114413461856,16.7400214496993));
#8369=CARTESIAN_POINT('Ctrl Pts',(-33.7010831307365,45.2886878346936,17.3701267535728));
#8370=CARTESIAN_POINT('Ctrl Pts',(-33.7191096050327,45.1309260813513,17.5952904883057));
#8371=CARTESIAN_POINT('Ctrl Pts',(-33.7359067483496,45.0105053079715,17.7616883275315));
#8372=CARTESIAN_POINT('Ctrl Pts',(-33.7529036719729,44.9080853791455,17.8977478646003));
#8373=CARTESIAN_POINT('Ctrl Pts',(-33.7684871936431,44.8246605625789,18.0047177337725));
#8374=CARTESIAN_POINT('Ctrl Pts',(-33.7939894526647,44.6978801952801,18.1629428141987));
#8375=CARTESIAN_POINT('Ctrl Pts',(-33.8212279309903,44.582991079935,18.296235901057));
#8376=CARTESIAN_POINT('Ctrl Pts',(-33.8492993068913,44.4807176745409,18.4028060949372));
#8377=CARTESIAN_POINT('Ctrl Pts',(-33.855665392801,44.4578902078267,18.4262591568868));
#8378=CARTESIAN_POINT('Ctrl Pts',(-33.8671500209389,44.4176708849601,18.4666912215945));
#8379=CARTESIAN_POINT('Ctrl Pts',(-33.8845860179167,44.3594021752318,18.5225245056177));
#8380=CARTESIAN_POINT('Ctrl Pts',(-33.9073187869409,44.2880536792564,18.5857593028962));
#8381=CARTESIAN_POINT('Ctrl Pts',(-33.9320444888975,44.2152182402633,18.6442240965106));
#8382=CARTESIAN_POINT('Ctrl Pts',(-33.9544372498559,44.1533806469713,18.6877739606616));
#8383=CARTESIAN_POINT('Ctrl Pts',(-33.9734655631345,44.1034325153774,18.7185017266388));
#8384=CARTESIAN_POINT('Ctrl Pts',(-33.9932322569211,44.0532979888888,18.746057379816));
#8385=CARTESIAN_POINT('Ctrl Pts',(-34.0114863697446,44.0093818653937,18.7653982914795));
#8386=CARTESIAN_POINT('Ctrl Pts',(-34.0263449329164,43.9753508362357,18.7765101082775));
#8387=CARTESIAN_POINT('Ctrl Pts',(-34.031797916512,43.9630499860429,18.7800762929515));
#8388=CARTESIAN_POINT('Ctrl Pts',(-34.0372828443986,43.95080377165,18.783317717748));
#8389=CARTESIAN_POINT('Ctrl Pts',(-34.0428126037258,43.9386500523725,18.7860584021841));
#8390=CARTESIAN_POINT('Ctrl Pts',(-34.04768470157,43.9281156532484,18.7879955076724));
#8391=CARTESIAN_POINT('Ctrl Pts',(-34.0501284762572,43.9228755191514,18.7888463017991));
#8392=CARTESIAN_POINT('Ctrl Pts',(-34.0515269441328,43.9198896780261,18.7892982625866));
#8393=CARTESIAN_POINT('Ctrl Pts',(-34.07462685811,43.8706983082964,18.7963863040017));
#8394=CARTESIAN_POINT('Ctrl Pts',(-34.1210635528849,43.7813048308895,18.7852683686317));
#8395=CARTESIAN_POINT('Ctrl Pts',(-34.187477761534,43.6812819484959,18.6871510343882));
#8396=CARTESIAN_POINT('Ctrl Pts',(-34.2414291118466,43.6146184383454,18.5362746640742));
#8397=CARTESIAN_POINT('Ctrl Pts',(-34.2818033565954,43.5731037593343,18.3617619033464));
#8398=CARTESIAN_POINT('Ctrl Pts',(-34.3305325152948,43.5339739957223,18.0500439530173));
#8399=CARTESIAN_POINT('Ctrl Pts',(-34.346150758327,43.536406552947,17.7861545127424));
#8400=CARTESIAN_POINT('Ctrl Pts',(-34.3505041395159,43.547685381171,17.587453868308));
#8401=CARTESIAN_POINT('Ctrl Pts',(-33.8092298437432,46.3292683022819,15.6630062263429));
#8402=CARTESIAN_POINT('Ctrl Pts',(-33.7791556683656,46.0553337144854,16.1405016242826));
#8403=CARTESIAN_POINT('Ctrl Pts',(-33.7691647019109,45.6969064522756,16.7305070970624));
#8404=CARTESIAN_POINT('Ctrl Pts',(-33.8080253137455,45.2742531033293,17.3514633759294));
#8405=CARTESIAN_POINT('Ctrl Pts',(-33.8284097779602,45.1163913160176,17.5724128764243));
#8406=CARTESIAN_POINT('Ctrl Pts',(-33.8469830607318,44.9958643146575,17.7351329989177));
#8407=CARTESIAN_POINT('Ctrl Pts',(-33.8654270900471,44.8933745137977,17.867571070576));
#8408=CARTESIAN_POINT('Ctrl Pts',(-33.8821149358531,44.8099572512575,17.9712243410722));
#8409=CARTESIAN_POINT('Ctrl Pts',(-33.9091760310911,44.6833179712867,18.1239771592118));
#8410=CARTESIAN_POINT('Ctrl Pts',(-33.9375768014323,44.5687797766671,18.2512567361193));
#8411=CARTESIAN_POINT('Ctrl Pts',(-33.9659577142921,44.4678434762319,18.3510565674707));
#8412=CARTESIAN_POINT('Ctrl Pts',(-33.9723692833356,44.4453493684251,18.3729588472395));
#8413=CARTESIAN_POINT('Ctrl Pts',(-33.9838726283124,44.405805495639,18.410549519704));
#8414=CARTESIAN_POINT('Ctrl Pts',(-34.0011273564157,44.3488212498853,18.4619248843691));
#8415=CARTESIAN_POINT('Ctrl Pts',(-34.0231568182036,44.2797824436423,18.5190638943526));
#8416=CARTESIAN_POINT('Ctrl Pts',(-34.0464653352565,44.210402332465,18.5705581087008));
#8417=CARTESIAN_POINT('Ctrl Pts',(-34.066784212523,44.1528954933116,18.6075064559277));
#8418=CARTESIAN_POINT('Ctrl Pts',(-34.0833301273599,44.1077595781865,18.632529288646));
#8419=CARTESIAN_POINT('Ctrl Pts',(-34.0999322396279,44.0635524363019,18.6541881294531));
#8420=CARTESIAN_POINT('Ctrl Pts',(-34.1143293961363,44.026600405052,18.6682401780394));
#8421=CARTESIAN_POINT('Ctrl Pts',(-34.1251524951391,43.9996582498766,18.6756457245881));
#8422=CARTESIAN_POINT('Ctrl Pts',(-34.1290236099643,43.9901172945719,18.6779439223327));
#8423=CARTESIAN_POINT('Ctrl Pts',(-34.1328485732671,43.9807549036966,18.6799774016427));
#8424=CARTESIAN_POINT('Ctrl Pts',(-34.1366007177842,43.9716708305329,18.6816145293759));
#8425=CARTESIAN_POINT('Ctrl Pts',(-34.139811833394,43.9639869493164,18.6827074008043));
#8426=CARTESIAN_POINT('Ctrl Pts',(-34.141400215527,43.960210727609,18.6831685055711));
#8427=CARTESIAN_POINT('Ctrl Pts',(-34.1423013085946,43.9580744914267,18.6834099516148));
#8428=CARTESIAN_POINT('Ctrl Pts',(-34.1571699472358,43.9229455788984,18.6870526316985));
#8429=CARTESIAN_POINT('Ctrl Pts',(-34.1803086925811,43.8719267806946,18.680305892557));
#8430=CARTESIAN_POINT('Ctrl Pts',(-34.2263556041807,43.8041015993352,18.6206893922277));
#8431=CARTESIAN_POINT('Ctrl Pts',(-34.2778949788532,43.7425946983581,18.4959922658465));
#8432=CARTESIAN_POINT('Ctrl Pts',(-34.3201312688719,43.6999254303775,18.3379010736091));
#8433=CARTESIAN_POINT('Ctrl Pts',(-34.3751880944698,43.6536458007885,18.0429225464037));
#8434=CARTESIAN_POINT('Ctrl Pts',(-34.3962902217809,43.6488164497614,17.7836104722602));
#8435=CARTESIAN_POINT('Ctrl Pts',(-34.4040871871198,43.6551009366911,17.587453868308));
#8436=CARTESIAN_POINT('Ctrl Pts',(-33.9421678694774,46.3683985590875,15.6955237067634));
#8437=CARTESIAN_POINT('Ctrl Pts',(-33.9143129691664,46.1005954024094,16.1729734574655));
#8438=CARTESIAN_POINT('Ctrl Pts',(-33.909149083573,45.7494809510469,16.7624201652032));
#8439=CARTESIAN_POINT('Ctrl Pts',(-33.9575882031069,45.3349296027644,17.380951305117));
#8440=CARTESIAN_POINT('Ctrl Pts',(-33.9820599648744,45.1800403192574,17.6006670558562));
#8441=CARTESIAN_POINT('Ctrl Pts',(-34.0040171363004,45.0617656549519,17.7622531855117));
#8442=CARTESIAN_POINT('Ctrl Pts',(-34.0255792821041,44.9611858883356,17.8935161083116));
#8443=CARTESIAN_POINT('Ctrl Pts',(-34.0449561921685,44.8793320759246,17.9960523841032));
#8444=CARTESIAN_POINT('Ctrl Pts',(-34.0762520585981,44.7550922452499,18.1469164454122));
#8445=CARTESIAN_POINT('Ctrl Pts',(-34.108860452251,44.6427585284015,18.2720191126546));
#8446=CARTESIAN_POINT('Ctrl Pts',(-34.1411813042232,44.544023099354,18.3692211410297));
#8447=CARTESIAN_POINT('Ctrl Pts',(-34.1484756134327,44.5220286741221,18.3905248576957));
#8448=CARTESIAN_POINT('Ctrl Pts',(-34.1615452630764,44.4833863061557,18.4270095797333));
#8449=CARTESIAN_POINT('Ctrl Pts',(-34.1810929507915,44.4277826608203,18.4766204340727));
#8450=CARTESIAN_POINT('Ctrl Pts',(-34.2059249826632,44.360621339626,18.5312885449165));
#8451=CARTESIAN_POINT('Ctrl Pts',(-34.2320240129716,44.2934436012927,18.579883194818));
#8452=CARTESIAN_POINT('Ctrl Pts',(-34.2545524305296,44.2381790567096,18.6140023352389));
#8453=CARTESIAN_POINT('Ctrl Pts',(-34.2726760397306,44.1952106201953,18.6365046710903));
#8454=CARTESIAN_POINT('Ctrl Pts',(-34.2906655710751,44.1534763636526,18.6554916763219));
#8455=CARTESIAN_POINT('Ctrl Pts',(-34.3059357164413,44.1191710713365,18.6670332509384));
#8456=CARTESIAN_POINT('Ctrl Pts',(-34.3170411535208,44.0947252400753,18.6725191498497));
#8457=CARTESIAN_POINT('Ctrl Pts',(-34.3209653391002,44.0861370213275,18.6741353833178));
#8458=CARTESIAN_POINT('Ctrl Pts',(-34.3248087755954,44.0777576225318,18.6754998840424));
#8459=CARTESIAN_POINT('Ctrl Pts',(-34.3285254006443,44.0697006690683,18.6764923386736));
#8460=CARTESIAN_POINT('Ctrl Pts',(-34.3316536712973,44.0629527163119,18.6770527277031));
#8461=CARTESIAN_POINT('Ctrl Pts',(-34.3331878041113,44.0596526544251,18.6772562260697));
#8462=CARTESIAN_POINT('Ctrl Pts',(-34.3340535588379,44.057791455575,18.6773539276341));
#8463=CARTESIAN_POINT('Ctrl Pts',(-34.3483197873382,44.0272012159941,18.6786269561738));
#8464=CARTESIAN_POINT('Ctrl Pts',(-34.3666318537225,43.9875607335945,18.6705264454996));
#8465=CARTESIAN_POINT('Ctrl Pts',(-34.4046002122684,43.9235024319931,18.619336266523));
#8466=CARTESIAN_POINT('Ctrl Pts',(-34.4521515145697,43.8556618636727,18.4990501112718));
#8467=CARTESIAN_POINT('Ctrl Pts',(-34.4915161925603,43.8051128305855,18.3424649006451));
#8468=CARTESIAN_POINT('Ctrl Pts',(-34.5429544617793,43.7451112893032,18.0470749653796));
#8469=CARTESIAN_POINT('Ctrl Pts',(-34.5617361884859,43.7304691591228,17.7853797447379));
#8470=CARTESIAN_POINT('Ctrl Pts',(-34.5677922806629,43.7300965699503,17.587453868308));
#8471=CARTESIAN_POINT('Ctrl Pts',(-34.0149009075597,46.4471615313286,15.7462015973152));
#8472=CARTESIAN_POINT('Ctrl Pts',(-33.9849609981782,46.1846007664297,16.2258283778333));
#8473=CARTESIAN_POINT('Ctrl Pts',(-33.9776526360673,45.8409321602199,16.8187108374056));
#8474=CARTESIAN_POINT('Ctrl Pts',(-34.0257360539122,45.4351071404471,17.4442887452875));
#8475=CARTESIAN_POINT('Ctrl Pts',(-34.0503583395695,45.2833675176409,17.667184830022));
#8476=CARTESIAN_POINT('Ctrl Pts',(-34.0726055181584,45.1674029204046,17.8315188345213));
#8477=CARTESIAN_POINT('Ctrl Pts',(-34.0945985669519,45.0686477612604,17.965465326799));
#8478=CARTESIAN_POINT('Ctrl Pts',(-34.1144788706959,44.9881402822356,18.0704462481012));
#8479=CARTESIAN_POINT('Ctrl Pts',(-34.14673316343,44.8657383557953,18.2253313917092));
#8480=CARTESIAN_POINT('Ctrl Pts',(-34.1805926033182,44.7546449695778,18.3548383738728));
#8481=CARTESIAN_POINT('Ctrl Pts',(-34.214840794202,44.6558542358756,18.4569810469566));
#8482=CARTESIAN_POINT('Ctrl Pts',(-34.2225909784779,44.633809752567,18.4794159472625));
#8483=CARTESIAN_POINT('Ctrl Pts',(-34.2365273518453,44.5949819578153,18.517972981037));
#8484=CARTESIAN_POINT('Ctrl Pts',(-34.2575418872914,44.5387801251681,18.5708345009983));
#8485=CARTESIAN_POINT('Ctrl Pts',(-34.2846453817906,44.4701260910186,18.6299412869403));
#8486=CARTESIAN_POINT('Ctrl Pts',(-34.3137252483989,44.4003242417197,18.683601008373));
#8487=CARTESIAN_POINT('Ctrl Pts',(-34.3395885546032,44.3414661180322,18.7224926401777));
#8488=CARTESIAN_POINT('Ctrl Pts',(-34.3611369128838,44.2943361650564,18.7490789454904));
#8489=CARTESIAN_POINT('Ctrl Pts',(-34.3831668488809,44.2473810437787,18.7722410580925));
#8490=CARTESIAN_POINT('Ctrl Pts',(-34.4029394933217,44.206826232589,18.7874395852647));
#8491=CARTESIAN_POINT('Ctrl Pts',(-34.4184533735129,44.1759422950084,18.795323781956));
#8492=CARTESIAN_POINT('Ctrl Pts',(-34.4240786278547,44.1648401599307,18.7977335476322));
#8493=CARTESIAN_POINT('Ctrl Pts',(-34.4296898136993,44.1538291440091,18.7998331395385));
#8494=CARTESIAN_POINT('Ctrl Pts',(-34.4352740902372,44.142963619438,18.8014606451174));
#8495=CARTESIAN_POINT('Ctrl Pts',(-34.4401253794942,44.1336004837066,18.8024628940023));
#8496=CARTESIAN_POINT('Ctrl Pts',(-34.4425418151591,44.1289555221612,18.8028571197595));
#8497=CARTESIAN_POINT('Ctrl Pts',(-34.4439189125129,44.1263132779016,18.8030526102093));
#8498=CARTESIAN_POINT('Ctrl Pts',(-34.4666416435388,44.0827884011911,18.805910060739));
#8499=CARTESIAN_POINT('Ctrl Pts',(-34.5075242690132,44.0075397690209,18.7907993030816));
#8500=CARTESIAN_POINT('Ctrl Pts',(-34.5649587844072,43.9096487781607,18.7010068563503));
#8501=CARTESIAN_POINT('Ctrl Pts',(-34.6152131781283,43.8308015433569,18.553194962866));
#8502=CARTESIAN_POINT('Ctrl Pts',(-34.6529666796653,43.7747784667659,18.3779447228501));
#8503=CARTESIAN_POINT('Ctrl Pts',(-34.6982490553812,43.7104948940411,18.0612349480003));
#8504=CARTESIAN_POINT('Ctrl Pts',(-34.7110941926385,43.6944214038051,17.7908747221241));
#8505=CARTESIAN_POINT('Ctrl Pts',(-34.7130571949197,43.6927960671869,17.587453868308));
#8506=CARTESIAN_POINT('Ctrl Pts',(-34.0319286063716,46.5047802782042,15.7805314517055));
#8507=CARTESIAN_POINT('Ctrl Pts',(-33.9987762524738,46.2442305218443,16.2618512397878));
#8508=CARTESIAN_POINT('Ctrl Pts',(-33.9872300148485,45.9037819367522,16.857479039601));
#8509=CARTESIAN_POINT('Ctrl Pts',(-34.0299839938202,45.5006167071191,17.4889379638931));
#8510=CARTESIAN_POINT('Ctrl Pts',(-34.0526160897846,45.3496459763305,17.7145184775976));
#8511=CARTESIAN_POINT('Ctrl Pts',(-34.0733555832995,45.2341086262301,17.8811871807041));
#8512=CARTESIAN_POINT('Ctrl Pts',(-34.0941001186691,45.1355232555146,18.017429641366));
#8513=CARTESIAN_POINT('Ctrl Pts',(-34.1130045373518,45.054978845673,18.124513668367));
#8514=CARTESIAN_POINT('Ctrl Pts',(-34.1438474015604,44.9322825023017,18.2828715160805));
#8515=CARTESIAN_POINT('Ctrl Pts',(-34.1765696160719,44.8204419421398,18.4162082118494));
#8516=CARTESIAN_POINT('Ctrl Pts',(-34.2102889394257,44.719840575718,18.5226925148512));
#8517=CARTESIAN_POINT('Ctrl Pts',(-34.2179372558288,44.6973553580247,18.5461225856707));
#8518=CARTESIAN_POINT('Ctrl Pts',(-34.2317362887216,44.6576586647541,18.5865053738544));
#8519=CARTESIAN_POINT('Ctrl Pts',(-34.2526966494896,44.5998883829649,18.6422390467758));
#8520=CARTESIAN_POINT('Ctrl Pts',(-34.2800781938238,44.5286104298393,18.7052855903712));
#8521=CARTESIAN_POINT('Ctrl Pts',(-34.3099556653923,44.4551358537116,18.7634630194038));
#8522=CARTESIAN_POINT('Ctrl Pts',(-34.3371527292416,44.3919457320518,18.806636797374));
#8523=CARTESIAN_POINT('Ctrl Pts',(-34.3604032832987,44.3402143929692,18.8369114467404));
#8524=CARTESIAN_POINT('Ctrl Pts',(-34.3846705800927,44.287735038853,18.8638656422933));
#8525=CARTESIAN_POINT('Ctrl Pts',(-34.4072639441415,44.2408972639484,18.8824221812285));
#8526=CARTESIAN_POINT('Ctrl Pts',(-34.4258206353563,44.2037914223908,18.8925640792164));
#8527=CARTESIAN_POINT('Ctrl Pts',(-34.4326479681651,44.1902832148916,18.8957301645244));
#8528=CARTESIAN_POINT('Ctrl Pts',(-34.4395267783056,44.1767686612855,18.8985377628531));
#8529=CARTESIAN_POINT('Ctrl Pts',(-34.4464781946211,44.1632540334518,18.9007900699487));
#8530=CARTESIAN_POINT('Ctrl Pts',(-34.452616524047,44.1514447001645,18.9022435518852));
#8531=CARTESIAN_POINT('Ctrl Pts',(-34.4556981792789,44.1455466247788,18.9028379936748));
#8532=CARTESIAN_POINT('Ctrl Pts',(-34.4574628404931,44.142178188235,18.9031384252492));
#8533=CARTESIAN_POINT('Ctrl Pts',(-34.4866049570974,44.0866364836186,18.9077041153409));
#8534=CARTESIAN_POINT('Ctrl Pts',(-34.5462592924779,43.9795423833587,18.8873442418766));
#8535=CARTESIAN_POINT('Ctrl Pts',(-34.6233709924244,43.8540898680414,18.7655313849139));
#8536=CARTESIAN_POINT('Ctrl Pts',(-34.6796238891573,43.768646347682,18.595223123612));
#8537=CARTESIAN_POINT('Ctrl Pts',(-34.7193669426216,43.7108816777642,18.4050107931275));
#8538=CARTESIAN_POINT('Ctrl Pts',(-34.7642980565686,43.6476609361977,18.0716188170488));
#8539=CARTESIAN_POINT('Ctrl Pts',(-34.7749382996689,43.6335829349973,17.7948777096776));
#8540=CARTESIAN_POINT('Ctrl Pts',(-34.7753158676257,43.6330997481984,17.587453868308));
#8541=CARTESIAN_POINT('Ctrl Pts',(-34.0345213761453,46.5243871181272,15.7919706561531));
#8542=CARTESIAN_POINT('Ctrl Pts',(-34.0001316671446,46.2643279620013,16.2738537512839));
#8543=CARTESIAN_POINT('Ctrl Pts',(-33.9867844693081,45.9245982105316,16.8704106708285));
#8544=CARTESIAN_POINT('Ctrl Pts',(-34.0273456980971,45.5218798615563,17.503823636043));
#8545=CARTESIAN_POINT('Ctrl Pts',(-34.0491442939099,45.3709777503317,17.7302961275507));
#8546=CARTESIAN_POINT('Ctrl Pts',(-34.0692477383446,45.2554296322707,17.8977400585895));
#8547=CARTESIAN_POINT('Ctrl Pts',(-34.0894570102035,45.1567585876278,18.034744709108));
#8548=CARTESIAN_POINT('Ctrl Pts',(-34.1079387987572,45.0760805800735,18.142526265417));
#8549=CARTESIAN_POINT('Ctrl Pts',(-34.1381626250098,44.953096016156,18.3020352385281));
#8550=CARTESIAN_POINT('Ctrl Pts',(-34.1703563357483,44.8408029528658,18.4366425888264));
#8551=CARTESIAN_POINT('Ctrl Pts',(-34.2037723882085,44.7394085118947,18.5445641940324));
#8552=CARTESIAN_POINT('Ctrl Pts',(-34.2113587578765,44.7167340666718,18.5683236144493));
#8553=CARTESIAN_POINT('Ctrl Pts',(-34.2250622758352,44.6766714442256,18.6093106228022));
#8554=CARTESIAN_POINT('Ctrl Pts',(-34.2459318247691,44.6182626306334,18.6659947088995));
#8555=CARTESIAN_POINT('Ctrl Pts',(-34.2733183348021,44.5459638049437,18.730344186136));
#8556=CARTESIAN_POINT('Ctrl Pts',(-34.3033731133114,44.4711081889499,18.7900151239568));
#8557=CARTESIAN_POINT('Ctrl Pts',(-34.330941856834,44.40633564615,18.8346038386924));
#8558=CARTESIAN_POINT('Ctrl Pts',(-34.3547038337872,44.352957208959,18.8660965772462));
#8559=CARTESIAN_POINT('Ctrl Pts',(-34.379663209839,44.2985219622714,18.8943026793404));
#8560=CARTESIAN_POINT('Ctrl Pts',(-34.403153987378,44.2494873004708,18.9139671372347));
#8561=CARTESIAN_POINT('Ctrl Pts',(-34.4226970718506,44.2102309304508,18.9248530995016));
#8562=CARTESIAN_POINT('Ctrl Pts',(-34.4299157276016,44.1958933047633,18.9282683166816));
#8563=CARTESIAN_POINT('Ctrl Pts',(-34.4372082490817,44.1815171856537,18.9313090364776));
#8564=CARTESIAN_POINT('Ctrl Pts',(-34.444607486672,44.16709292575,18.9337668835371));
#8565=CARTESIAN_POINT('Ctrl Pts',(-34.4511687820277,44.154445605127,18.935368616246));
#8566=CARTESIAN_POINT('Ctrl Pts',(-34.4544694084336,44.1481186843651,18.9360287695038));
#8567=CARTESIAN_POINT('Ctrl Pts',(-34.456361725706,44.1445018882688,18.9363636250104));
#8568=CARTESIAN_POINT('Ctrl Pts',(-34.4876199905237,44.0848504786673,18.9414892610649));
#8569=CARTESIAN_POINT('Ctrl Pts',(-34.5535459671446,43.9669808148895,18.9193822627385));
#8570=CARTESIAN_POINT('Ctrl Pts',(-34.6375019804687,43.8322762782725,18.7869638255138));
#8571=CARTESIAN_POINT('Ctrl Pts',(-34.6960907437948,43.7446562770834,18.6091981886977));
#8572=CARTESIAN_POINT('Ctrl Pts',(-34.7368011563273,43.6863783256468,18.4140204667708));
#8573=CARTESIAN_POINT('Ctrl Pts',(-34.7820487556101,43.6236576485814,18.075086653228));
#8574=CARTESIAN_POINT('Ctrl Pts',(-34.7922376350309,43.6103843764282,17.7962097408453));
#8575=CARTESIAN_POINT('Ctrl Pts',(-34.7922376350309,43.6103843764282,17.587453868308));
#8576=CARTESIAN_POINT('',(-34.3436103985671,43.4914553745658,17.587453868308));
#8577=CARTESIAN_POINT('Origin',(-34.5917525029045,43.4610334079136,17.587453868308));
#8578=CARTESIAN_POINT('Ctrl Pts',(-34.3436103985671,43.4914553745658,17.587453868308));
#8579=CARTESIAN_POINT('Ctrl Pts',(-34.3420360323761,43.4786137807238,17.7880868515386));
#8580=CARTESIAN_POINT('Ctrl Pts',(-34.3306377090634,43.4740200965897,18.0553127318424));
#8581=CARTESIAN_POINT('Ctrl Pts',(-34.286970509427,43.5124983824109,18.3773287354372));
#8582=CARTESIAN_POINT('Ctrl Pts',(-34.248558178837,43.5556153301796,18.5614500341931));
#8583=CARTESIAN_POINT('Ctrl Pts',(-34.1941301685487,43.6275606496645,18.7270877766733));
#8584=CARTESIAN_POINT('Ctrl Pts',(-34.1172043688514,43.7468549603151,18.846305854781));
#8585=CARTESIAN_POINT('Ctrl Pts',(-34.0575569540347,43.8570508345788,18.8604383706885));
#8586=CARTESIAN_POINT('Ctrl Pts',(-34.0294256154267,43.9138371186018,18.8518866172241));
#8587=CARTESIAN_POINT('Ctrl Pts',(-34.0277228289949,43.9172816976487,18.851344930525));
#8588=CARTESIAN_POINT('Ctrl Pts',(-34.024753516061,43.9233120005928,18.8503257427003));
#8589=CARTESIAN_POINT('Ctrl Pts',(-34.018853604385,43.9353840057883,18.8480168473415));
#8590=CARTESIAN_POINT('Ctrl Pts',(-34.0122064551224,43.9491915431601,18.8447760168496));
#8591=CARTESIAN_POINT('Ctrl Pts',(-34.0056611018357,43.9629899580061,18.8409769122662));
#8592=CARTESIAN_POINT('Ctrl Pts',(-33.9991859335846,43.9767753649842,18.8368195527267));
#8593=CARTESIAN_POINT('Ctrl Pts',(-33.9816714242602,44.0146158373962,18.8239585630638));
#8594=CARTESIAN_POINT('Ctrl Pts',(-33.9606821595497,44.0622620639537,18.8020514671703));
#8595=CARTESIAN_POINT('Ctrl Pts',(-33.9384507017177,44.1155569856097,18.7715889117826));
#8596=CARTESIAN_POINT('Ctrl Pts',(-33.9173300532242,44.1680588050042,18.7380230776609));
#8597=CARTESIAN_POINT('Ctrl Pts',(-33.8929023193921,44.2321699696557,18.6911493566892));
#8598=CARTESIAN_POINT('Ctrl Pts',(-33.8663758679692,44.3067770739341,18.629129105983));
#8599=CARTESIAN_POINT('Ctrl Pts',(-33.8422971788235,44.3792629163409,18.562748484046));
#8600=CARTESIAN_POINT('Ctrl Pts',(-33.8240184758258,44.438122480988,18.5045881683699));
#8601=CARTESIAN_POINT('Ctrl Pts',(-33.8120502704219,44.4786291456637,18.462661764599));
#8602=CARTESIAN_POINT('Ctrl Pts',(-33.8054341872997,44.501590921382,18.438390071427));
#8603=CARTESIAN_POINT('Ctrl Pts',(-33.7763213258479,44.6043776483391,18.3282355488463));
#8604=CARTESIAN_POINT('Ctrl Pts',(-33.7485461047273,44.7191820569485,18.1916722708373));
#8605=CARTESIAN_POINT('Ctrl Pts',(-33.7227508551159,44.8457028940118,18.0304197949297));
#8606=CARTESIAN_POINT('Ctrl Pts',(-33.7070632233885,44.9289052442848,17.9215979374364));
#8607=CARTESIAN_POINT('Ctrl Pts',(-33.6900682652038,45.0310022319157,17.783489557533));
#8608=CARTESIAN_POINT('Ctrl Pts',(-33.6734166938315,45.151021605842,17.6149777364626));
#8609=CARTESIAN_POINT('Ctrl Pts',(-33.6557221575439,45.3082767248946,17.3873563241576));
#8610=CARTESIAN_POINT('Ctrl Pts',(-33.6244861253998,45.7298645991788,16.7517865496026));
#8611=CARTESIAN_POINT('Ctrl Pts',(-33.6410715527473,46.0896526550999,16.1553021575684));
#8612=CARTESIAN_POINT('Ctrl Pts',(-33.6754033545144,46.3666979445118,15.6743209962076));
#8613=CARTESIAN_POINT('Ctrl Pts',(-34.0345213761453,46.5243871181272,15.7919706561531));
#8614=CARTESIAN_POINT('Ctrl Pts',(-34.0001316671446,46.2643279620013,16.2738537512839));
#8615=CARTESIAN_POINT('Ctrl Pts',(-33.9867844693081,45.9245982105316,16.8704106708285));
#8616=CARTESIAN_POINT('Ctrl Pts',(-34.0273456980971,45.5218798615563,17.503823636043));
#8617=CARTESIAN_POINT('Ctrl Pts',(-34.0491442939099,45.3709777503317,17.7302961275507));
#8618=CARTESIAN_POINT('Ctrl Pts',(-34.0692477383446,45.2554296322707,17.8977400585895));
#8619=CARTESIAN_POINT('Ctrl Pts',(-34.0894570102035,45.1567585876278,18.034744709108));
#8620=CARTESIAN_POINT('Ctrl Pts',(-34.1079387987572,45.0760805800735,18.142526265417));
#8621=CARTESIAN_POINT('Ctrl Pts',(-34.1381626250098,44.953096016156,18.3020352385281));
#8622=CARTESIAN_POINT('Ctrl Pts',(-34.1703563357483,44.8408029528658,18.4366425888264));
#8623=CARTESIAN_POINT('Ctrl Pts',(-34.2037723882085,44.7394085118947,18.5445641940324));
#8624=CARTESIAN_POINT('Ctrl Pts',(-34.2113587578765,44.7167340666718,18.5683236144493));
#8625=CARTESIAN_POINT('Ctrl Pts',(-34.2250622758352,44.6766714442256,18.6093106228022));
#8626=CARTESIAN_POINT('Ctrl Pts',(-34.2459318247691,44.6182626306334,18.6659947088995));
#8627=CARTESIAN_POINT('Ctrl Pts',(-34.2642916219284,44.5697938124845,18.7091343184354));
#8628=CARTESIAN_POINT('Ctrl Pts',(-34.2739772994027,44.5449888836269,18.7300268018822));
#8629=CARTESIAN_POINT('Ctrl Pts',(-34.2740845095625,44.5447144087596,18.730257841316));
#8630=CARTESIAN_POINT('Origin',(-34.5917525029045,43.4610334079136,22.0624998020939));
#8631=CARTESIAN_POINT('',(-34.3436103985671,43.4914553745658,14.9506409990112));
#8632=CARTESIAN_POINT('',(-34.3436103985671,43.4914553745658,22.0624998020939));
#8633=CARTESIAN_POINT('',(-34.5669633953251,43.7098013723813,14.5816858332366));
#8634=CARTESIAN_POINT('Ctrl Pts',(-34.7922376350309,43.6103843764283,14.5111721874618));
#8635=CARTESIAN_POINT('Ctrl Pts',(-34.7920019129987,43.6107008039898,14.5113027699829));
#8636=CARTESIAN_POINT('Ctrl Pts',(-34.7917654298886,43.6110166666656,14.5114333514102));
#8637=CARTESIAN_POINT('Ctrl Pts',(-34.7915281884232,43.6113319623414,14.5115639306267));
#8638=CARTESIAN_POINT('Ctrl Pts',(-34.7821970190118,43.6237331560344,14.5166998658176));
#8639=CARTESIAN_POINT('Ctrl Pts',(-34.7717186221927,43.6352300058805,14.5218200778889));
#8640=CARTESIAN_POINT('Ctrl Pts',(-34.7602528700208,43.645691535201,14.526856382154));
#8641=CARTESIAN_POINT('Ctrl Pts',(-34.7519089530622,43.6533046538696,14.5305214277556));
#8642=CARTESIAN_POINT('Ctrl Pts',(-34.743041135467,43.6603689087902,14.5341421984606));
#8643=CARTESIAN_POINT('Ctrl Pts',(-34.7337005116683,43.6668202191991,14.5376899249345));
#8644=CARTESIAN_POINT('Ctrl Pts',(-34.7259990735051,43.6721393894446,14.5406150610546));
#8645=CARTESIAN_POINT('Ctrl Pts',(-34.7180007964253,43.6770246090695,14.5434810382383));
#8646=CARTESIAN_POINT('Ctrl Pts',(-34.7097357199827,43.6814419017997,14.5462715282252));
#8647=CARTESIAN_POINT('Ctrl Pts',(-34.6961159780235,43.6887210101736,14.5508698829802));
#8648=CARTESIAN_POINT('Ctrl Pts',(-34.6817718321451,43.6947319411027,14.5552644938452));
#8649=CARTESIAN_POINT('Ctrl Pts',(-34.6668894730013,43.6994022205121,14.5594092846241));
#8650=CARTESIAN_POINT('Ctrl Pts',(-34.664873620263,43.7000348215295,14.5599707068933));
#8651=CARTESIAN_POINT('Ctrl Pts',(-34.6628478835942,43.7006427545623,14.5605275127298));
#8652=CARTESIAN_POINT('Ctrl Pts',(-34.660812721654,43.7012257726427,14.5610795543962));
#8653=CARTESIAN_POINT('Ctrl Pts',(-34.6457143172408,43.705551051425,14.5651750261951));
#8654=CARTESIAN_POINT('Ctrl Pts',(-34.6302133743189,43.7084760733205,14.5689788895414));
#8655=CARTESIAN_POINT('Ctrl Pts',(-34.6145064938443,43.7099357209245,14.5724360166954));
#8656=CARTESIAN_POINT('Ctrl Pts',(-34.5997336927406,43.7113085641044,14.5756875504369));
#8657=CARTESIAN_POINT('Ctrl Pts',(-34.5847774747923,43.7113848378723,14.5786327672407));
#8658=CARTESIAN_POINT('Ctrl Pts',(-34.5698053185021,43.7100687385334,14.5812015349838));
#8659=CARTESIAN_POINT('Ctrl Pts',(-34.5688586339681,43.7099855220037,14.5813639573261));
#8660=CARTESIAN_POINT('Ctrl Pts',(-34.5679118905997,43.7098967249762,14.5815248649415));
#8661=CARTESIAN_POINT('Ctrl Pts',(-34.5669651330075,43.7098023176051,14.5816842360231));
#8662=CARTESIAN_POINT('Origin',(-34.5917525029045,43.4610334079136,15.002047216032));
#8663=CARTESIAN_POINT('Ctrl Pts',(-34.5917525029045,43.67618146931,14.6384958367866));
#8664=CARTESIAN_POINT('Ctrl Pts',(-34.2952888319257,44.0741471392885,13.9660242036517));
#8665=CARTESIAN_POINT('Ctrl Pts',(-34.0693061499773,44.5244630823431,13.2050924939669));
#8666=CARTESIAN_POINT('Ctrl Pts',(-33.9274187910019,45.,12.4015430630574));
#8667=CARTESIAN_POINT('Ctrl Pts',(-34.6376467988151,43.6850494088171,14.6235110322851));
#8668=CARTESIAN_POINT('Ctrl Pts',(-34.3467915527468,44.0819833205517,13.9528915422754));
#8669=CARTESIAN_POINT('Ctrl Pts',(-34.1262247039121,44.5308223612045,13.1941110155705));
#8670=CARTESIAN_POINT('Ctrl Pts',(-33.989665396583,45.0048174063236,12.393402740054));
#8671=CARTESIAN_POINT('Ctrl Pts',(-34.7177975424259,43.6780921246497,14.5840587451845));
#8672=CARTESIAN_POINT('Ctrl Pts',(-34.4366223242424,44.06885342494,13.9141257146839));
#8673=CARTESIAN_POINT('Ctrl Pts',(-34.2256210288409,44.5105109937391,13.1564010479652));
#8674=CARTESIAN_POINT('Ctrl Pts',(-34.0979951914718,44.9755921572552,12.3569789530049));
#8675=CARTESIAN_POINT('Ctrl Pts',(-34.7745412141796,43.6341396242705,14.5330320225648));
#8676=CARTESIAN_POINT('Ctrl Pts',(-34.4961481095262,44.013653798229,13.8613179409734));
#8677=CARTESIAN_POINT('Ctrl Pts',(-34.2854815965035,44.442679585791,13.1013513342436));
#8678=CARTESIAN_POINT('Ctrl Pts',(-34.1554951622376,44.8948307405378,12.2990316104104));
#8679=CARTESIAN_POINT('Ctrl Pts',(-34.7922376350309,43.6103843764283,14.5111721874618));
#8680=CARTESIAN_POINT('Ctrl Pts',(-34.5132130022374,43.9849403028375,13.8387005543269));
#8681=CARTESIAN_POINT('Ctrl Pts',(-34.3005234182483,44.4087670747217,13.077768844642));
#8682=CARTESIAN_POINT('Ctrl Pts',(-34.1669823738923,44.8563312345761,12.2742194137326));
#8683=CARTESIAN_POINT('',(-33.9274187910019,45.,12.4015430630574));
#8684=CARTESIAN_POINT('Origin',(-38.,46.215148121001,10.3482186105375));
#8685=CARTESIAN_POINT('Ctrl Pts',(-33.9274187910019,45.,12.4015430630574));
#8686=CARTESIAN_POINT('Ctrl Pts',(-33.9309633106187,45.,12.4015430630574));
#8687=CARTESIAN_POINT('Ctrl Pts',(-33.9344835406925,44.9999967501176,12.4013966643591));
#8688=CARTESIAN_POINT('Ctrl Pts',(-33.9379775510618,44.999991272648,12.4011054574034));
#8689=CARTESIAN_POINT('Origin',(-38.,46.0000000596046,3.));
#8690=CARTESIAN_POINT('',(-34.5358979891156,48.,3.));
#8691=CARTESIAN_POINT('Origin',(-38.,4.00000005960464,3.));
#8692=CARTESIAN_POINT('',(-36.9,4.00000005960464,3.));
#8693=CARTESIAN_POINT('',(-36.9,4.00000005960464,3.));
#8694=CARTESIAN_POINT('Origin',(-38.,4.00000005960464,3.));
#8695=CARTESIAN_POINT('Origin',(-41.464101580725,2.,3.));
#8696=CARTESIAN_POINT('',(-42.3050865276332,2.,11.));
#8697=CARTESIAN_POINT('Origin',(-23.2220779386444,23.1483342519361,3.));
#8698=CARTESIAN_POINT('Origin',(-34.5358979891156,48.,3.));
#8699=CARTESIAN_POINT('',(-33.0826586285675,48.0000000000051,12.7979589711209));
#8700=CARTESIAN_POINT('Ctrl Pts',(-33.0826586285675,48.,12.7979589711326));
#8701=CARTESIAN_POINT('Ctrl Pts',(-33.1613153910744,48.,12.7979589711326));
#8702=CARTESIAN_POINT('Ctrl Pts',(-33.2377147635066,48.,12.7821856920756));
#8703=CARTESIAN_POINT('Ctrl Pts',(-33.4026958658512,48.,12.7175283197671));
#8704=CARTESIAN_POINT('Ctrl Pts',(-33.4863186349812,48.,12.6625969488481));
#8705=CARTESIAN_POINT('Ctrl Pts',(-33.6845593130847,48.,12.4917730583794));
#8706=CARTESIAN_POINT('Ctrl Pts',(-33.7886674917988,48.0000000000003,12.3554299624029));
#8707=CARTESIAN_POINT('Ctrl Pts',(-33.9973075556325,48.0000000000003,12.0153471918392));
#8708=CARTESIAN_POINT('Ctrl Pts',(-34.0919245506688,48.,11.7921517339024));
#8709=CARTESIAN_POINT('Ctrl Pts',(-34.1635742960121,48.,11.5872900640643));
#8710=CARTESIAN_POINT('',(-13.5,48.,12.7979589711327));
#8711=CARTESIAN_POINT('',(-25.,48.,12.7979589711326));
#8712=CARTESIAN_POINT('',(-13.5,48.,11.));
#8713=CARTESIAN_POINT('',(-13.5,48.,3.));
#8714=CARTESIAN_POINT('',(-42.3050865276332,48.,11.));
#8715=CARTESIAN_POINT('Origin',(-38.,46.0000000596046,3.));
#8716=CARTESIAN_POINT('',(-36.9,46.0000000596046,3.));
#8717=CARTESIAN_POINT('',(-36.9,46.0000000596046,3.));
#8718=CARTESIAN_POINT('Origin',(-38.,46.0000000596046,3.));
#8719=CARTESIAN_POINT('Ctrl Pts',(-31.9025925404715,40.1717666117071,26.4506616906317));
#8720=CARTESIAN_POINT('Ctrl Pts',(-32.4763976928793,42.2433851965681,22.9500965964884));
#8721=CARTESIAN_POINT('Ctrl Pts',(-32.8471295773972,44.3711977041056,19.3545765305845));
#8722=CARTESIAN_POINT('Ctrl Pts',(-33.0077495923405,46.5148061396346,15.7323649324841));
#8723=CARTESIAN_POINT('Ctrl Pts',(-32.1575804151168,40.1534471667016,26.4816173936742));
#8724=CARTESIAN_POINT('Ctrl Pts',(-32.7247783053264,42.2301499761008,22.972388015943));
#8725=CARTESIAN_POINT('Ctrl Pts',(-33.0882655154698,44.3625701744637,19.369216501988));
#8726=CARTESIAN_POINT('Ctrl Pts',(-33.2411717484245,46.5102694985757,15.7400308259316));
#8727=CARTESIAN_POINT('Ctrl Pts',(-32.6662643298817,40.0000163437211,26.474200107482));
#8728=CARTESIAN_POINT('Ctrl Pts',(-33.2203721350445,42.0942931631412,22.952088898568));
#8729=CARTESIAN_POINT('Ctrl Pts',(-33.5695832474669,44.2427369184588,19.3377211782166));
#8730=CARTESIAN_POINT('Ctrl Pts',(-33.7071637413919,46.40535581784,15.6986069040845));
#8731=CARTESIAN_POINT('Ctrl Pts',(-33.3287302727904,39.3929911908175,26.2235553706178));
#8732=CARTESIAN_POINT('Ctrl Pts',(-33.8795964702407,41.5315785698787,22.6996687058718));
#8733=CARTESIAN_POINT('Ctrl Pts',(-34.22198039814,43.7230736384429,19.0840207691198));
#8734=CARTESIAN_POINT('Ctrl Pts',(-34.3500852518881,45.9268926982706,15.4439637139795));
#8735=CARTESIAN_POINT('Ctrl Pts',(-33.4360290250405,38.7976951099771,25.8888500255761));
#8736=CARTESIAN_POINT('Ctrl Pts',(-34.0126164364289,40.9611915096067,22.3793412101207));
#8737=CARTESIAN_POINT('Ctrl Pts',(-34.3787587831758,43.1796383206513,18.7762710866613));
#8738=CARTESIAN_POINT('Ctrl Pts',(-34.5260712500038,45.4123169727903,15.1472438887837));
#8739=CARTESIAN_POINT('Ctrl Pts',(-33.3481649286748,38.4804778556365,25.6867197946827));
#8740=CARTESIAN_POINT('Ctrl Pts',(-33.9480521334648,40.6462609216276,22.1861547005393));
#8741=CARTESIAN_POINT('Ctrl Pts',(-34.3356354672789,42.8707921795077,18.5906346346354));
#8742=CARTESIAN_POINT('Ctrl Pts',(-34.5035563919923,45.1118373621062,14.968423036535));
#8743=CARTESIAN_POINT('',(-33.3481649286748,38.4804778556365,25.6867197946827));
#8744=CARTESIAN_POINT('Origin',(-0.0999999999999979,47.6896867725652,10.8018332215569));
#8745=CARTESIAN_POINT('',(-31.9025925404715,40.1717666117071,26.4506616906317));
#8746=CARTESIAN_POINT('Origin',(-31.9025925404715,38.880878243329,25.6867197946827));
#8747=CARTESIAN_POINT('',(-33.0077495923405,46.5148061396344,15.732364932484));
#8748=CARTESIAN_POINT('Origin',(-0.0999999999999979,48.9805751409432,11.5657751175059));
#8749=CARTESIAN_POINT('Origin',(-33.0077495923405,45.2239177712566,14.9684230365351));
#8750=CARTESIAN_POINT('Origin',(-0.0999999999999979,47.6896867725652,22.0624998020939));
#8751=CARTESIAN_POINT('',(-33.3481649286748,38.4804778556365,23.4180553765849));
#8752=CARTESIAN_POINT('Origin',(-0.0999999999999979,47.6896867725652,7.85658305013485));
#8753=CARTESIAN_POINT('',(-33.3481649286748,38.4804778556365,22.0624998020939));
#8754=CARTESIAN_POINT('Origin',(-42.3050865276332,48.,3.));
#8755=CARTESIAN_POINT('',(-42.3050865276332,48.,11.));
#8756=CARTESIAN_POINT('',(-42.3050865276332,48.,11.));
#8757=CARTESIAN_POINT('',(-42.3050865276332,48.,3.));
#8758=CARTESIAN_POINT('Origin',(-28.,45.,12.4015430630574));
#8759=CARTESIAN_POINT('',(-32.,45.,12.4015430630574));
#8760=CARTESIAN_POINT('',(-28.,45.,12.4015430630574));
#8761=CARTESIAN_POINT('',(-32.,36.5690600839041,26.6479174665219));
#8762=CARTESIAN_POINT('',(-32.,42.2593071753015,17.0326917243119));
#8763=CARTESIAN_POINT('',(-32.8187328344472,36.5690600839041,26.6479174665219));
#8764=CARTESIAN_POINT('',(-28.,36.5690600839041,26.6479174665219));
#8765=CARTESIAN_POINT('',(-33.9598937750597,40.6890130034108,19.6861323749353));
#8766=CARTESIAN_POINT('Origin',(-28.,45.,3.));
#8767=CARTESIAN_POINT('',(-28.,45.,4.5475426059334));
#8768=CARTESIAN_POINT('',(-28.,45.,10.6250002561137));
#8769=CARTESIAN_POINT('Origin',(-32.,45.,4.5475426059334));
#8770=CARTESIAN_POINT('Origin',(-23.2220779386444,23.1483342519361,3.));
#8771=CARTESIAN_POINT('Origin',(-42.3050865276332,2.,3.));
#8772=CARTESIAN_POINT('',(-48.,7.69491347236675,11.));
#8773=CARTESIAN_POINT('',(-48.,7.69491347236675,3.));
#8774=CARTESIAN_POINT('',(-48.,7.69491347236675,11.));
#8775=CARTESIAN_POINT('Origin',(-23.2220779386444,23.1483342519361,3.));
#8776=CARTESIAN_POINT('Origin',(-25.,25.,3.));
#8777=CARTESIAN_POINT('Origin',(-48.,42.3050865276332,3.));
#8778=CARTESIAN_POINT('',(-48.,42.3050865276332,11.));
#8779=CARTESIAN_POINT('',(-48.,42.3050865276332,11.));
#8780=CARTESIAN_POINT('',(-48.,42.3050865276332,3.));
#8781=CARTESIAN_POINT('Origin',(-29.6167018381975,30.6099787857873,32.00000052247));
#8782=CARTESIAN_POINT('',(-30.9985295886937,29.9975490817729,32.0000005373072));
#8783=CARTESIAN_POINT('',(-29.2997742322344,27.1662902861816,32.0000002577964));
#8784=CARTESIAN_POINT('',(-30.9029412109117,29.8382351262216,32.00000052247));
#8785=CARTESIAN_POINT('',(-28.1660958149359,28.1923020532347,33.5000002973063));
#8786=CARTESIAN_POINT('Ctrl Pts',(-28.1660958149359,28.1923020532347,33.5000002973063));
#8787=CARTESIAN_POINT('Ctrl Pts',(-28.1922149157289,28.0174233989635,33.5000002810194));
#8788=CARTESIAN_POINT('Ctrl Pts',(-28.2219786377857,27.850964020333,33.4873883173852));
#8789=CARTESIAN_POINT('Ctrl Pts',(-28.2922436513836,27.5318347780073,33.4365032143253));
#8790=CARTESIAN_POINT('Ctrl Pts',(-28.3367362790052,27.3652695706397,33.3936861393644));
#8791=CARTESIAN_POINT('Ctrl Pts',(-28.4368538461883,27.1003020636716,33.2775055031562));
#8792=CARTESIAN_POINT('Ctrl Pts',(-28.4902455269848,26.9906532851959,33.2098764708082));
#8793=CARTESIAN_POINT('Ctrl Pts',(-28.5811650985738,26.875256973317,33.0884049501052));
#8794=CARTESIAN_POINT('Ctrl Pts',(-28.6090120559206,26.8468844934316,33.0506156516324));
#8795=CARTESIAN_POINT('Ctrl Pts',(-28.6593362424826,26.8084860091399,32.9815588445363));
#8796=CARTESIAN_POINT('Ctrl Pts',(-28.6806716003261,26.795761243262,32.9520705600625));
#8797=CARTESIAN_POINT('Ctrl Pts',(-28.7253400485584,26.7761922334933,32.8899667500154));
#8798=CARTESIAN_POINT('Ctrl Pts',(-28.7483948499502,26.7697879865862,32.8577222554886));
#8799=CARTESIAN_POINT('Ctrl Pts',(-28.8079666985235,26.7617996755921,32.7739251503221));
#8800=CARTESIAN_POINT('Ctrl Pts',(-28.8440896159823,26.7650883037135,32.7226622516433));
#8801=CARTESIAN_POINT('Ctrl Pts',(-28.9777762530779,26.8009854833808,32.5307003244411));
#8802=CARTESIAN_POINT('Ctrl Pts',(-29.0718851940369,26.8757748836534,32.3905268174217));
#8803=CARTESIAN_POINT('Ctrl Pts',(-29.2021557033666,27.019592171698,32.1787349836129));
#8804=CARTESIAN_POINT('Ctrl Pts',(-29.2531288691054,27.0885480151321,32.0906410721641));
#8805=CARTESIAN_POINT('Ctrl Pts',(-29.2997742281581,27.1662902793878,32.0000002498882));
#8806=CARTESIAN_POINT('',(-29.6073848122872,30.5944502702948,33.5000005210238));
#8807=CARTESIAN_POINT('',(-29.6167018381975,30.6099786460889,33.50000052247));
#8808=CARTESIAN_POINT('Origin',(-29.6073848122872,30.5944504099931,32.0000005210238));
#8809=CARTESIAN_POINT('Origin',(-31.1824105186962,36.2807927360238,30.0802740112621));
#8810=CARTESIAN_POINT('',(-30.7470798955029,35.9999994877725,33.5000010244548));
#8811=CARTESIAN_POINT('',(-31.1824105186962,37.5716811044018,30.8442159072112));
#8812=CARTESIAN_POINT('',(-32.3133053688292,34.7443066346195,32.0000009447995));
#8813=CARTESIAN_POINT('',(-32.6279829068995,35.8803923483312,30.0802740112621));
#8814=CARTESIAN_POINT('',(-31.0917241358251,35.9533859926006,33.5000010201136));
#8815=CARTESIAN_POINT('Origin',(-30.867732980626,35.144707022312,32.0000009447995));
#8816=CARTESIAN_POINT('Origin',(-30.621856198442,34.257013857793,33.5000008621266));
#8817=CARTESIAN_POINT('Ctrl Pts',(-33.0077495923405,46.5148061396344,15.732364932484));
#8818=CARTESIAN_POINT('Ctrl Pts',(-33.047087433882,47.0733129438456,14.7886152297392));
#8819=CARTESIAN_POINT('Ctrl Pts',(-33.0695476609317,47.5699331914727,13.8075096974931));
#8820=CARTESIAN_POINT('Ctrl Pts',(-33.0826586285675,48.0000000000101,12.7979589711091));
#8821=CARTESIAN_POINT('Ctrl Pts',(-33.354499234723,46.5080669393324,15.7437526510111));
#8822=CARTESIAN_POINT('Ctrl Pts',(-33.3914170577476,47.0690624949624,14.7968825846217));
#8823=CARTESIAN_POINT('Ctrl Pts',(-33.4114528158461,47.5672466292852,13.8133928236126));
#8824=CARTESIAN_POINT('Ctrl Pts',(-33.4223071236366,47.9983080330583,12.8019307411488));
#8825=CARTESIAN_POINT('Ctrl Pts',(-33.6999386763742,46.393767261729,15.6914284673803));
#8826=CARTESIAN_POINT('Ctrl Pts',(-33.7344906996928,46.9560908059646,14.747196971122));
#8827=CARTESIAN_POINT('Ctrl Pts',(-33.752133687037,47.4550515014819,13.7668478105801));
#8828=CARTESIAN_POINT('Ctrl Pts',(-33.7607761135334,47.8865759332648,12.7590093149855));
#8829=CARTESIAN_POINT('Ctrl Pts',(-33.9664820408917,46.1975788732475,15.5871444201677));
#8830=CARTESIAN_POINT('Ctrl Pts',(-34.0003305059806,46.7594146637319,14.6505527780411));
#8831=CARTESIAN_POINT('Ctrl Pts',(-34.0171395601713,47.2578668910841,13.6780399414422));
#8832=CARTESIAN_POINT('Ctrl Pts',(-34.0250158838286,47.6889181637745,12.6784581643633));
#8833=CARTESIAN_POINT('Ctrl Pts',(-33.0077495923405,46.5148061396344,15.732364932484));
#8834=CARTESIAN_POINT('Ctrl Pts',(-33.047087433882,47.0733129438456,14.7886152297392));
#8835=CARTESIAN_POINT('Ctrl Pts',(-33.0695476609317,47.5699331914727,13.8075096974931));
#8836=CARTESIAN_POINT('Ctrl Pts',(-33.0826586285675,48.0000000000101,12.7979589711091));
#8837=CARTESIAN_POINT('Origin',(-33.0826586285675,46.6200000000095,12.2100814328425));
#8838=CARTESIAN_POINT('Origin',(-29.5968120370976,30.5562793383596,32.0000005174688));
#8839=CARTESIAN_POINT('',(-29.5968120370976,30.5562791986612,33.5000005174688));
#8840=CARTESIAN_POINT('',(-31.0423844253009,30.155878950667,32.0000005174688));
#8841=CARTESIAN_POINT('Ctrl Pts',(-33.0826586285675,48.0000000000101,12.7979589711091));
#8842=CARTESIAN_POINT('Ctrl Pts',(-33.0872079100518,48.149225825551,12.4476621391298));
#8843=CARTESIAN_POINT('Ctrl Pts',(-33.0906198029514,48.2904581674956,12.0939300399961));
#8844=CARTESIAN_POINT('Ctrl Pts',(-33.0931661001858,48.4235408211336,11.7371468684398));
#8845=CARTESIAN_POINT('Ctrl Pts',(-33.4826434575263,47.9980074661945,12.8026363001215));
#8846=CARTESIAN_POINT('Ctrl Pts',(-33.486267360237,48.1476386248463,12.451546622347));
#8847=CARTESIAN_POINT('Ctrl Pts',(-33.4888006997338,48.2892073202379,12.0972000673446));
#8848=CARTESIAN_POINT('Ctrl Pts',(-33.4904846572572,48.4225530464362,11.7397950076203));
#8849=CARTESIAN_POINT('Ctrl Pts',(-33.8799793925629,47.841456594517,12.741435456099));
#8850=CARTESIAN_POINT('Ctrl Pts',(-33.882712754157,47.9912416823124,12.3922645452348));
#8851=CARTESIAN_POINT('Ctrl Pts',(-33.8843878757616,48.1329235046238,12.0398952459245));
#8852=CARTESIAN_POINT('Ctrl Pts',(-33.8852409563187,48.2663552447899,11.6845292522616));
#8853=CARTESIAN_POINT('Ctrl Pts',(-34.1586416712899,47.5760612912373,12.6322274966518));
#8854=CARTESIAN_POINT('Ctrl Pts',(-34.1612777008988,47.7255078974008,12.287047354256));
#8855=CARTESIAN_POINT('Ctrl Pts',(-34.1628245365529,47.8668643783667,11.9386107705537));
#8856=CARTESIAN_POINT('Ctrl Pts',(-34.1635742960121,48.,11.5872900640643));
#8857=CARTESIAN_POINT('Origin',(-25.,35.9999994877725,33.5000010244548));
#8858=CARTESIAN_POINT('',(-25.,35.9999994877725,33.5000010244548));
#8859=CARTESIAN_POINT('',(-25.,35.9999994877725,33.5000010244548));
#8860=CARTESIAN_POINT('',(-24.9,36.0999994877725,33.3310237271992));
#8861=CARTESIAN_POINT('',(-22.8493214941011,38.1506779936715,29.8658426125292));
#8862=CARTESIAN_POINT('',(-24.9,46.2173783515365,16.2349503700994));
#8863=CARTESIAN_POINT('',(-24.9,38.0333907360104,30.0640314505501));
#8864=CARTESIAN_POINT('',(-13.5,46.2173783515364,16.2349503700993));
#8865=CARTESIAN_POINT('',(-19.25,46.2173783515365,16.2349503700994));
#8866=CARTESIAN_POINT('',(-13.5,46.5148061396344,15.732364932484));
#8867=CARTESIAN_POINT('',(-13.5,46.5148061396344,15.732364932484));
#8868=CARTESIAN_POINT('',(-25.,46.5148061396344,15.732364932484));
#8869=CARTESIAN_POINT('Origin',(-25.,25.,33.5));
#8870=CARTESIAN_POINT('',(-28.5003574388756,25.8339290259598,33.5000000776657));
#8871=CARTESIAN_POINT('Ctrl Pts',(-28.5003574388756,25.8339290259599,33.5000000776657));
#8872=CARTESIAN_POINT('Ctrl Pts',(-28.4765955246421,26.1202898568968,33.5000001043351));
#8873=CARTESIAN_POINT('Ctrl Pts',(-28.4410472301716,26.4122925082748,33.50000013153));
#8874=CARTESIAN_POINT('Ctrl Pts',(-28.3265903990173,27.2117656993382,33.5000002059867));
#8875=CARTESIAN_POINT('Ctrl Pts',(-28.2368669187103,27.7184589647053,33.5000002531762));
#8876=CARTESIAN_POINT('Ctrl Pts',(-28.1660958149359,28.1923020532347,33.5000002973063));
#8877=CARTESIAN_POINT('',(-28.5358983848623,24.9999994877726,33.4999999999999));
#8878=CARTESIAN_POINT('Ctrl Pts',(-28.5358983848623,24.9999994877726,33.4999999999999));
#8879=CARTESIAN_POINT('Ctrl Pts',(-28.5358983848623,25.2679041128432,33.5000000249505));
#8880=CARTESIAN_POINT('Ctrl Pts',(-28.524074176307,25.5481126320774,33.5000000510469));
#8881=CARTESIAN_POINT('Ctrl Pts',(-28.5003574388756,25.8339290259598,33.5000000776657));
#8882=CARTESIAN_POINT('',(-25.,25.,33.5));
#8883=CARTESIAN_POINT('',(-25.,25.,33.5));
#8884=CARTESIAN_POINT('',(-25.,25.,33.5));
#8885=CARTESIAN_POINT('Origin',(-34.6,35.9999994877725,33.4999976716934));
#8886=CARTESIAN_POINT('',(-30.9985295886937,29.9975490817729,30.6792997293657));
#8887=CARTESIAN_POINT('',(-30.9985295886937,29.9975490817729,25.8749990919604));
#8888=CARTESIAN_POINT('',(-29.6913727469448,27.8189544469736,31.1584387914194));
#8889=CARTESIAN_POINT('Origin',(-32.,31.6666663562258,25.3925822743897));
#8890=CARTESIAN_POINT('Ctrl Pts',(-29.6913727469448,27.8189544469736,31.1584387914194));
#8891=CARTESIAN_POINT('Ctrl Pts',(-29.6429356632223,27.7382259778619,31.2763749240174));
#8892=CARTESIAN_POINT('Ctrl Pts',(-29.5936388239403,27.6560645828845,31.389286283181));
#8893=CARTESIAN_POINT('Ctrl Pts',(-29.4719656628773,27.453275990556,31.6563510717866));
#8894=CARTESIAN_POINT('Ctrl Pts',(-29.3870172964234,27.3116953863923,31.8304703443559));
#8895=CARTESIAN_POINT('Ctrl Pts',(-29.2997742281624,27.1662902793949,32.0000002498799));
#8896=CARTESIAN_POINT('Origin',(-32.7992647943468,36.4987742847727,25.8749990919604));
#8897=CARTESIAN_POINT('',(-32.3882801853137,35.0149895007007,28.1369734932152));
#8898=CARTESIAN_POINT('Origin',(-31.8652517868301,33.1266911015626,24.6107390773245));
#8899=CARTESIAN_POINT('',(-32.,33.6131748870571,28.8876451669142));
#8900=CARTESIAN_POINT('',(-32.6788683479511,36.0641049290548,27.5751722201788));
#8901=CARTESIAN_POINT('Origin',(-32.,33.6131748870571,24.3502270282059));
#8902=CARTESIAN_POINT('Origin',(-25.,25.,3.));
#8903=CARTESIAN_POINT('Origin',(-13.5,25.,3.));
#8904=CARTESIAN_POINT('Origin',(-13.5,35.5110000000001,41.5));
#8905=CARTESIAN_POINT('',(-13.1736930363662,35.5110000001597,49.));
#8906=CARTESIAN_POINT('',(-13.5,35.5110000000001,49.));
#8907=CARTESIAN_POINT('',(-13.5,37.1390832346296,48.8211573525719));
#8908=CARTESIAN_POINT('Ctrl Pts',(-13.1736930363094,35.5110000001836,49.));
#8909=CARTESIAN_POINT('Ctrl Pts',(-13.2971422181191,35.8057775024547,48.9999999999928));
#8910=CARTESIAN_POINT('Ctrl Pts',(-13.3914544873085,36.1294424029562,48.9824517198031));
#8911=CARTESIAN_POINT('Ctrl Pts',(-13.4820889684619,36.6947474100074,48.909387676709));
#8912=CARTESIAN_POINT('Ctrl Pts',(-13.5,36.9181308095171,48.8702928815126));
#8913=CARTESIAN_POINT('Ctrl Pts',(-13.5,37.1390832346296,48.8211573525719));
#8914=CARTESIAN_POINT('',(-13.5,43.0110000000001,41.5));
#8915=CARTESIAN_POINT('Origin',(-13.5,35.5110000000001,41.5));
#8916=CARTESIAN_POINT('',(-13.5,43.0110000000001,41.5));
#8917=CARTESIAN_POINT('Origin',(-11.5,33.0110000000001,46.));
#8918=CARTESIAN_POINT('',(-11.5,33.0110000000001,49.));
#8919=CARTESIAN_POINT('Ctrl Pts',(-13.1736930363094,35.5110000001835,49.));
#8920=CARTESIAN_POINT('Ctrl Pts',(-13.1468182766817,35.4468272417999,49.));
#8921=CARTESIAN_POINT('Ctrl Pts',(-13.1190569962698,35.3842449400398,49.));
#8922=CARTESIAN_POINT('Ctrl Pts',(-12.9046770925414,34.9233894135581,49.));
#8923=CARTESIAN_POINT('Ctrl Pts',(-12.6510638298613,34.5129205472448,49.));
#8924=CARTESIAN_POINT('Ctrl Pts',(-12.0870313225055,33.7285831652256,49.));
#8925=CARTESIAN_POINT('Ctrl Pts',(-11.7791526577492,33.3528907859137,49.));
#8926=CARTESIAN_POINT('Ctrl Pts',(-11.5,33.0110000000001,49.));
#8927=CARTESIAN_POINT('',(-11.5,33.0110000000001,43.));
#8928=CARTESIAN_POINT('Origin',(-11.5,33.0110000000001,46.));
#8929=CARTESIAN_POINT('',(-11.9047377565996,33.511000000098,43.));
#8930=CARTESIAN_POINT('Ctrl Pts',(-11.5,33.0110000000001,43.));
#8931=CARTESIAN_POINT('Ctrl Pts',(-11.6305163636394,33.1708492470002,43.));
#8932=CARTESIAN_POINT('Ctrl Pts',(-11.7672279816968,33.338154431926,43.));
#8933=CARTESIAN_POINT('Ctrl Pts',(-11.9047377565519,33.511000000136,43.));
#8934=CARTESIAN_POINT('',(-13.5,35.9821889910721,41.9785529993132));
#8935=CARTESIAN_POINT('Ctrl Pts',(-13.5,35.9821889910721,41.9785529993132));
#8936=CARTESIAN_POINT('Ctrl Pts',(-13.5,35.8873585061349,42.0731017341838));
#8937=CARTESIAN_POINT('Ctrl Pts',(-13.486865775489,35.7875204021581,42.1617560781104));
#8938=CARTESIAN_POINT('Ctrl Pts',(-13.4070103779596,35.4595847415683,42.4214456792281));
#8939=CARTESIAN_POINT('Ctrl Pts',(-13.2987815034408,35.2283093991893,42.5600949134684));
#8940=CARTESIAN_POINT('Ctrl Pts',(-12.9641925335034,34.6871003502072,42.814633259828));
#8941=CARTESIAN_POINT('Ctrl Pts',(-12.7108583476763,34.385198281264,42.9014833592029));
#8942=CARTESIAN_POINT('Ctrl Pts',(-12.2253280570612,33.8600600283738,42.9909723070332));
#8943=CARTESIAN_POINT('Ctrl Pts',(-12.0239307444206,33.6608219290258,42.9999999999941));
#8944=CARTESIAN_POINT('Ctrl Pts',(-11.9047377565528,33.5110000001372,43.));
#8945=CARTESIAN_POINT('Origin',(-13.5,33.0110000000001,46.));
#8946=CARTESIAN_POINT('Origin',(-13.5,33.0110000000001,49.));
#8947=CARTESIAN_POINT('',(-13.5,33.0110000000001,49.));
#8948=CARTESIAN_POINT('Origin',(-11.6005013354935,46.25,3.));
#8949=CARTESIAN_POINT('',(-11.6005013354935,48.,3.));
#8950=CARTESIAN_POINT('Origin',(-42.3050865276332,48.,3.));
#8951=CARTESIAN_POINT('',(-7.69491347236682,48.,11.));
#8952=CARTESIAN_POINT('',(-7.69491347236682,48.,3.));
#8953=CARTESIAN_POINT('',(-42.3050865276332,48.,11.));
#8954=CARTESIAN_POINT('',(-13.5,48.,14.5));
#8955=CARTESIAN_POINT('Origin',(-13.5,33.5110000000001,39.5));
#8956=CARTESIAN_POINT('',(-13.5,33.5110000000001,43.));
#8957=CARTESIAN_POINT('',(-13.5,37.0110000000001,39.5));
#8958=CARTESIAN_POINT('',(-13.5,37.0110000000001,39.5));
#8959=CARTESIAN_POINT('Origin',(-13.5,33.5110000000001,39.5));
#8960=CARTESIAN_POINT('Origin',(-13.5,37.0110000000001,43.));
#8961=CARTESIAN_POINT('',(-13.5,33.0110000000001,43.));
#8962=CARTESIAN_POINT('Origin',(-13.5,35.5110000000001,17.9));
#8963=CARTESIAN_POINT('',(-13.5,36.4569849960171,16.7359070538352));
#8964=CARTESIAN_POINT('',(-13.5,37.0110000000001,17.9));
#8965=CARTESIAN_POINT('Origin',(-13.5,35.5110000000001,17.9));
#8966=CARTESIAN_POINT('',(-13.5,37.0110000000001,17.9));
#8967=CARTESIAN_POINT('',(-13.2682740950542,35.5110000004422,16.4));
#8968=CARTESIAN_POINT('',(-13.5,35.5110000000001,16.4));
#8969=CARTESIAN_POINT('Ctrl Pts',(-13.268274094907,35.5110000004983,16.4));
#8970=CARTESIAN_POINT('Ctrl Pts',(-13.2910445196978,35.5707301602237,16.4000000000198));
#8971=CARTESIAN_POINT('Ctrl Pts',(-13.3138320344729,35.6313597375084,16.4035649647708));
#8972=CARTESIAN_POINT('Ctrl Pts',(-13.393210975885,35.8537924037885,16.4306914178683));
#8973=CARTESIAN_POINT('Ctrl Pts',(-13.4417179890382,36.0137312176479,16.4765715307682));
#8974=CARTESIAN_POINT('Ctrl Pts',(-13.4899554352001,36.270069902422,16.601136321953));
#8975=CARTESIAN_POINT('Ctrl Pts',(-13.5,36.3673924418,16.6631008296214));
#8976=CARTESIAN_POINT('Ctrl Pts',(-13.5,36.4569849960171,16.7359070538352));
#8977=CARTESIAN_POINT('Origin',(-13.5,37.0110000000001,16.4));
#8978=CARTESIAN_POINT('',(-13.5,37.0110000000001,16.4));
#8979=CARTESIAN_POINT('Origin',(-11.5,33.0110000000001,14.));
#8980=CARTESIAN_POINT('',(-13.5,36.6988177829172,11.6));
#8981=CARTESIAN_POINT('Ctrl Pts',(-11.5,33.0110000000001,11.6));
#8982=CARTESIAN_POINT('Ctrl Pts',(-11.7780676630206,33.3156078630983,11.6));
#8983=CARTESIAN_POINT('Ctrl Pts',(-12.0847328271716,33.6503001968563,11.6));
#8984=CARTESIAN_POINT('Ctrl Pts',(-12.6463470718863,34.3560016857844,11.6));
#8985=CARTESIAN_POINT('Ctrl Pts',(-12.8988097542815,34.7289860043767,11.6));
#8986=CARTESIAN_POINT('Ctrl Pts',(-13.203360101424,35.3319766104118,11.6));
#8987=CARTESIAN_POINT('Ctrl Pts',(-13.3125431873916,35.599400939787,11.6));
#8988=CARTESIAN_POINT('Ctrl Pts',(-13.4611848363625,36.1511875764365,11.6));
#8989=CARTESIAN_POINT('Ctrl Pts',(-13.5,36.4357230030889,11.6));
#8990=CARTESIAN_POINT('Ctrl Pts',(-13.5,36.6988177829172,11.6));
#8991=CARTESIAN_POINT('Origin',(-13.5,33.0110000000001,14.));
#8992=CARTESIAN_POINT('Ctrl Pts',(-13.268274094907,35.5110000004983,16.4));
#8993=CARTESIAN_POINT('Ctrl Pts',(-13.2129185605676,35.3657943251884,16.4));
#8994=CARTESIAN_POINT('Ctrl Pts',(-13.150122960305,35.2265704065177,16.4));
#8995=CARTESIAN_POINT('Ctrl Pts',(-12.8988097542815,34.7289860043767,16.4));
#8996=CARTESIAN_POINT('Ctrl Pts',(-12.6463470718863,34.3560016857844,16.4));
#8997=CARTESIAN_POINT('Ctrl Pts',(-12.0847328271716,33.6503001968563,16.4));
#8998=CARTESIAN_POINT('Ctrl Pts',(-11.7780676630206,33.3156078630983,16.4));
#8999=CARTESIAN_POINT('Ctrl Pts',(-11.5,33.0110000000001,16.4));
#9000=CARTESIAN_POINT('Origin',(-11.5,33.0110000000001,14.));
#9001=CARTESIAN_POINT('Origin',(-13.5,39.0055000000001,26.));
#9002=CARTESIAN_POINT('',(-13.5,42.,11.6));
#9003=CARTESIAN_POINT('',(-13.5,33.0110000000001,11.6));
#9004=CARTESIAN_POINT('',(-13.5,44.9998476116164,8.63023751113386));
#9005=CARTESIAN_POINT('Origin',(-13.5,42.,8.6));
#9006=CARTESIAN_POINT('',(-13.5,44.9998476116164,8.63023751113386));
#9007=CARTESIAN_POINT('',(-13.5,43.0110000000001,27.9487261079849));
#9008=CARTESIAN_POINT('Origin',(-13.5,66.0110000000001,27.9487261079849));
#9009=CARTESIAN_POINT('',(-13.5,43.0110000000001,49.));
#9010=CARTESIAN_POINT('Origin',(-13.5,33.0110000000001,46.));
#9011=CARTESIAN_POINT('Origin',(-11.5,33.0110000000001,46.));
#9012=CARTESIAN_POINT('Origin',(-22.4,33.7304295080835,24.5723082926317));
#9013=CARTESIAN_POINT('',(-18.9,44.9999832020783,5.529321047748));
#9014=CARTESIAN_POINT('',(-19.2765014449687,44.999847611596,8.63023751517875));
#9015=CARTESIAN_POINT('Origin',(-22.4,44.9999315388652,5.52940834684925));
#9016=CARTESIAN_POINT('',(-18.9373567532827,42.,11.6));
#9017=CARTESIAN_POINT('Ctrl Pts',(-19.2765014449687,44.9998476115756,8.63023751517855));
#9018=CARTESIAN_POINT('Ctrl Pts',(-19.3097524093709,44.9985234007556,8.76161175813621));
#9019=CARTESIAN_POINT('Ctrl Pts',(-19.3420521162142,44.9885223434704,8.89378087579445));
#9020=CARTESIAN_POINT('Ctrl Pts',(-19.4587709779551,44.9138397769128,9.41562627541063));
#9021=CARTESIAN_POINT('Ctrl Pts',(-19.5153494922439,44.77656121049,9.79874225270904));
#9022=CARTESIAN_POINT('Ctrl Pts',(-19.5153494922439,44.3869922630223,10.4570253310871));
#9023=CARTESIAN_POINT('Ctrl Pts',(-19.4587709779551,44.1172203092842,10.7617323212215));
#9024=CARTESIAN_POINT('Ctrl Pts',(-19.2840331722683,43.4861933801144,11.2357055140308));
#9025=CARTESIAN_POINT('Ctrl Pts',(-19.1712478082175,43.1243354400126,11.4061340038216));
#9026=CARTESIAN_POINT('Ctrl Pts',(-19.0265236898711,42.5329482178263,11.5619716539472));
#9027=CARTESIAN_POINT('Ctrl Pts',(-18.9707104229131,42.2631372364821,11.6000000000006));
#9028=CARTESIAN_POINT('Ctrl Pts',(-18.9373567532818,41.9999999999927,11.6));
#9029=CARTESIAN_POINT('Origin',(-22.4,41.4073828641356,11.6));
#9030=CARTESIAN_POINT('',(-22.3142135623731,38.6857859253994,23.0690667517399));
#9031=CARTESIAN_POINT('Ctrl Pts',(-18.9,37.2715723630263,18.5885808043887));
#9032=CARTESIAN_POINT('Ctrl Pts',(-18.9,37.5189140492748,18.8130912522656));
#9033=CARTESIAN_POINT('Ctrl Pts',(-18.9490811948376,37.7868220448175,19.0558874085406));
#9034=CARTESIAN_POINT('Ctrl Pts',(-19.153080525034,38.2814430220665,19.5387980872353));
#9035=CARTESIAN_POINT('Ctrl Pts',(-19.3077834081654,38.507272008004,19.7799080307984));
#9036=CARTESIAN_POINT('Ctrl Pts',(-19.6602135489926,38.8607194859152,20.2253990520144));
#9037=CARTESIAN_POINT('Ctrl Pts',(-19.8873055694493,39.0171424331069,20.4657115125197));
#9038=CARTESIAN_POINT('Ctrl Pts',(-20.3852366692796,39.2228756729165,20.9471865614916));
#9039=CARTESIAN_POINT('Ctrl Pts',(-20.6548676885461,39.2715723630263,21.1898585543949));
#9040=CARTESIAN_POINT('Ctrl Pts',(-21.1353584992469,39.2715723630263,21.6373732240928));
#9041=CARTESIAN_POINT('Ctrl Pts',(-21.4096993147732,39.2185073148695,21.9036094900179));
#9042=CARTESIAN_POINT('Ctrl Pts',(-21.8750323303899,39.0392117794104,22.4157107074483));
#9043=CARTESIAN_POINT('Ctrl Pts',(-22.1387415096514,38.8612579781211,22.7641114797125));
#9044=CARTESIAN_POINT('Ctrl Pts',(-22.3142135623731,38.6857859253994,23.0690667517399));
#9045=CARTESIAN_POINT('',(-22.4,38.5999994877725,23.2160909529655));
#9046=CARTESIAN_POINT('Origin',(-22.4,38.5999994877725,16.343840552982));
#9047=CARTESIAN_POINT('',(-22.4,45.,12.4015430630574));
#9048=CARTESIAN_POINT('',(-22.4,36.7425023676323,26.3548393831795));
#9049=CARTESIAN_POINT('Origin',(-22.4,45.,5.52929266307391));
#9050=CARTESIAN_POINT('Origin',(-25.,45.,12.4015430630574));
#9051=CARTESIAN_POINT('',(-24.,45.,12.4015430630574));
#9052=CARTESIAN_POINT('',(-25.,45.,12.4015430630574));
#9053=CARTESIAN_POINT('',(-24.,45.,15.3257717876424));
#9054=CARTESIAN_POINT('',(-18.9,45.,19.2007715315287));
#9055=CARTESIAN_POINT('Origin',(-25.,35.9999994877725,27.6095006816117));
#9056=CARTESIAN_POINT('',(-24.,36.9999994877725,25.9197277090555));
#9057=CARTESIAN_POINT('',(-23.8743396433895,37.125659844383,25.7073902347333));
#9058=CARTESIAN_POINT('',(-24.,37.7593069191877,24.636670533589));
#9059=CARTESIAN_POINT('Origin',(-19.25,66.0110000000001,27.9487261079849));
#9060=CARTESIAN_POINT('',(-19.5900397284692,43.0110000000001,27.9487261079849));
#9061=CARTESIAN_POINT('Ctrl Pts',(-24.9,46.2173783515365,16.2349503700994));
#9062=CARTESIAN_POINT('Ctrl Pts',(-24.2304062915072,45.5496977997115,17.3631789208748));
#9063=CARTESIAN_POINT('Ctrl Pts',(-23.5341897656199,44.9539639907938,18.5929915025914));
#9064=CARTESIAN_POINT('Ctrl Pts',(-22.1850898853476,43.9812617887792,21.1945293889459));
#9065=CARTESIAN_POINT('Ctrl Pts',(-21.5321069062746,43.6040526259685,22.5661129993651));
#9066=CARTESIAN_POINT('Ctrl Pts',(-20.4197583747986,43.1285327295352,25.2764979083266));
#9067=CARTESIAN_POINT('Ctrl Pts',(-19.9489828320864,43.0110000000001,26.6091104078267));
#9068=CARTESIAN_POINT('Ctrl Pts',(-19.5900397284692,43.0110000000001,27.9487261079849));
#9069=CARTESIAN_POINT('',(-19.25,43.0110000000001,27.9487261079849));
#9070=CARTESIAN_POINT('Origin',(-13.5,43.0110000000001,49.));
#9071=CARTESIAN_POINT('Origin',(-24.9,43.0110000000001,33.4340025340009));
#9072=CARTESIAN_POINT('Origin',(-24.9,43.1969442095227,33.1197990343463));
#9073=CARTESIAN_POINT('',(-22.3142135623731,38.6857859253994,30.1118234293195));
#9074=CARTESIAN_POINT('Ctrl Pts',(-22.3142135623734,38.6857859253991,30.1118234293198));
#9075=CARTESIAN_POINT('Ctrl Pts',(-22.2904403874078,38.7095591003647,30.0939455135644));
#9076=CARTESIAN_POINT('Ctrl Pts',(-22.2652833559142,38.7335268137241,30.0774081191449));
#9077=CARTESIAN_POINT('Ctrl Pts',(-22.1651260194074,38.8237250594873,30.0223331498563));
#9078=CARTESIAN_POINT('Ctrl Pts',(-22.0759389434074,38.8932190098213,29.9955135212095));
#9079=CARTESIAN_POINT('Ctrl Pts',(-21.8873264244537,39.0144885330343,29.9967573877861));
#9080=CARTESIAN_POINT('Ctrl Pts',(-21.7879135396308,39.0662794069383,30.0252038144231));
#9081=CARTESIAN_POINT('Ctrl Pts',(-21.533809562213,39.1770488960868,30.1527088241303));
#9082=CARTESIAN_POINT('Ctrl Pts',(-21.3841320600282,39.2168619714509,30.2930142561473));
#9083=CARTESIAN_POINT('Ctrl Pts',(-21.1160465747062,39.2645247328787,30.6159184848914));
#9084=CARTESIAN_POINT('Ctrl Pts',(-20.9982721352967,39.2715723630264,30.7991605295204));
#9085=CARTESIAN_POINT('Ctrl Pts',(-20.6502376502549,39.2715723630264,31.4103814387501));
#9086=CARTESIAN_POINT('Ctrl Pts',(-20.4642922793896,39.2311464116893,31.87189789571));
#9087=CARTESIAN_POINT('Ctrl Pts',(-20.1351293212827,39.1275731737158,32.8187942782226));
#9088=CARTESIAN_POINT('Ctrl Pts',(-19.9960735762019,39.0614550282075,33.3052887666014));
#9089=CARTESIAN_POINT('Ctrl Pts',(-19.6255060535236,38.8395384126879,34.79731358));
#9090=CARTESIAN_POINT('Ctrl Pts',(-19.441490536794,38.6606614603341,35.8319988099837));
#9091=CARTESIAN_POINT('Ctrl Pts',(-19.0130606936251,38.0881104712143,38.9904421798676));
#9092=CARTESIAN_POINT('Ctrl Pts',(-18.9,37.6607507050376,41.1511595870419));
#9093=CARTESIAN_POINT('Ctrl Pts',(-18.9,37.2715723630264,43.1323322329012));
#9094=CARTESIAN_POINT('Origin',(-24.9,36.0999994877725,45.112024412885));
#9095=CARTESIAN_POINT('Origin',(-20.9,37.2715723630264,25.9375003841705));
#9096=CARTESIAN_POINT('',(-22.3142135623731,38.6857859253994,25.9375003841705));
#9097=CARTESIAN_POINT('Origin',(-13.5,33.0110000000001,16.4));
#9098=CARTESIAN_POINT('Origin',(-13.5,42.,11.6));
#9099=CARTESIAN_POINT('',(-13.5,42.,11.6));
#9100=CARTESIAN_POINT('Origin',(-13.5,42.,8.6));
#9101=CARTESIAN_POINT('',(-13.5,44.9998476116164,8.63023751113386));
#9102=CARTESIAN_POINT('Origin',(-13.5,45.,3.));
#9103=CARTESIAN_POINT('Origin',(-23.2220779386444,23.1483342519361,3.));
#9104=CARTESIAN_POINT('Origin',(-32.,35.1849439835282,23.508544735246));
#9105=CARTESIAN_POINT('',(-32.,35.0149895007007,28.1369734932152));
#9106=CARTESIAN_POINT('',(-32.,37.0732423826664,27.0347791511367));
#9107=CARTESIAN_POINT('',(-28.,33.1266911015626,24.6107390773245));
#9108=CARTESIAN_POINT('Origin',(-32.,33.1266911015626,24.6107390773245));
#9109=CARTESIAN_POINT('',(-28.,31.9698234396103,25.2302416674628));
#9110=CARTESIAN_POINT('',(-28.,35.1849439835282,23.508544735246));
#9111=CARTESIAN_POINT('Ctrl Pts',(-28.,31.9698234396103,25.2302416674628));
#9112=CARTESIAN_POINT('Ctrl Pts',(-28.,31.9685019848332,25.233856775342));
#9113=CARTESIAN_POINT('Ctrl Pts',(-28.0000024635655,31.9671794911943,25.2374715058501));
#9114=CARTESIAN_POINT('Ctrl Pts',(-28.0005224051786,31.8273772229815,25.6192483628544));
#9115=CARTESIAN_POINT('Ctrl Pts',(-28.0279201695441,31.677622460242,25.9929058208056));
#9116=CARTESIAN_POINT('Ctrl Pts',(-28.2242091709526,31.0295499457185,27.4590575014662));
#9117=CARTESIAN_POINT('Ctrl Pts',(-28.5612916292432,30.4555470535319,28.4445805202162));
#9118=CARTESIAN_POINT('Ctrl Pts',(-29.2295041173036,29.1852176629032,30.0406631125421));
#9119=CARTESIAN_POINT('Ctrl Pts',(-29.5452944139651,28.5345904032183,30.6581037801053));
#9120=CARTESIAN_POINT('Ctrl Pts',(-29.6913727469448,27.8189544469736,31.1584387914194));
#9121=CARTESIAN_POINT('Origin',(-28.,35.9999994877725,27.6095006816117));
#9122=CARTESIAN_POINT('',(-28.,35.0149895007007,28.1369734932152));
#9123=CARTESIAN_POINT('Origin',(-28.,33.1266911015626,24.6107390773245));
#9124=CARTESIAN_POINT('Origin',(-32.,33.1266911015626,24.6107390773245));
#9125=CARTESIAN_POINT('Origin',(-24.,44.,15.3257717876424));
#9126=CARTESIAN_POINT('',(-25.,44.,12.1278159213327));
#9127=CARTESIAN_POINT('',(-25.,44.,7.38748219369597));
#9128=CARTESIAN_POINT('',(-25.,44.,15.3257717876424));
#9129=CARTESIAN_POINT('Ctrl Pts',(-25.,44.,7.38748219369597));
#9130=CARTESIAN_POINT('Ctrl Pts',(-25.,44.0947184539959,6.97730374818383));
#9131=CARTESIAN_POINT('Ctrl Pts',(-24.9866838586746,44.1774526063965,6.55788260039148));
#9132=CARTESIAN_POINT('Ctrl Pts',(-24.9252809577818,44.4191551455743,5.07422685600037));
#9133=CARTESIAN_POINT('Ctrl Pts',(-24.8660254037845,44.5,3.99295908083535));
#9134=CARTESIAN_POINT('Ctrl Pts',(-24.8660254037845,44.5,3.));
#9135=CARTESIAN_POINT('Origin',(-24.,44.,12.1278159213327));
#9136=CARTESIAN_POINT('Origin',(-24.,36.8987146736023,24.1273759362897));
#9137=CARTESIAN_POINT('',(-25.,35.9999994877725,25.6460005673307));
#9138=CARTESIAN_POINT('Origin',(-24.,36.9999994877725,23.9562275947745));
#9139=CARTESIAN_POINT('',(-25.,36.8987146736023,24.1273759362897));
#9140=CARTESIAN_POINT('Origin',(-25.,33.75,18.2500005122274));
#9141=CARTESIAN_POINT('',(-25.,35.9999994877725,25.8750007683411));
#9142=CARTESIAN_POINT('',(-25.,25.,22.5));
#9143=CARTESIAN_POINT('Origin',(-25.,25.,28.));
#9144=CARTESIAN_POINT('Origin',(-25.,25.,3.));
#9145=CARTESIAN_POINT('',(-25.,30.3330302779823,28.));
#9146=CARTESIAN_POINT('Origin',(-25.,25.,28.));
#9147=CARTESIAN_POINT('Origin',(-23.,25.,28.));
#9148=CARTESIAN_POINT('',(-23.8,28.5,28.));
#9149=CARTESIAN_POINT('Origin',(-23.,30.3330302779823,28.));
#9150=CARTESIAN_POINT('Origin',(-23.8,25.,28.));
#9151=CARTESIAN_POINT('Ctrl Pts',(-30.9538461538462,28.6392270075439,27.9976279603032));
#9152=CARTESIAN_POINT('Ctrl Pts',(-30.9538461538462,28.6385198739583,26.9127305844086));
#9153=CARTESIAN_POINT('Ctrl Pts',(-30.9538461538462,27.8513802816107,25.2901387769921));
#9154=CARTESIAN_POINT('Ctrl Pts',(-30.9538461538461,25.8335994129155,24.3373130863824));
#9155=CARTESIAN_POINT('Ctrl Pts',(-30.9538461538461,23.595511522031,24.3210062028397));
#9156=CARTESIAN_POINT('Ctrl Pts',(-30.9538461538462,21.2433379679966,26.1960273809983));
#9157=CARTESIAN_POINT('Ctrl Pts',(-30.9538461538462,21.2480238464559,29.8051480968944));
#9158=CARTESIAN_POINT('Ctrl Pts',(-30.9538461538462,24.0705393549629,32.0635800488487));
#9159=CARTESIAN_POINT('Ctrl Pts',(-30.9538461538462,27.5947803256171,31.2550906811927));
#9160=CARTESIAN_POINT('Ctrl Pts',(-30.9538461538462,28.6399341411295,29.0825253361973));
#9161=CARTESIAN_POINT('Ctrl Pts',(-30.9538461538462,28.6392270075439,27.9976279603032));
#9162=CARTESIAN_POINT('Ctrl Pts',(-31.5541872831783,28.4765525444177,27.9977339911398));
#9163=CARTESIAN_POINT('Ctrl Pts',(-31.5541872831783,28.4758763534792,26.9603093944459));
#9164=CARTESIAN_POINT('Ctrl Pts',(-31.5541872831783,27.7249148985488,25.4096145527537));
#9165=CARTESIAN_POINT('Ctrl Pts',(-31.5541872831783,25.7961433163721,24.4986518158331));
#9166=CARTESIAN_POINT('Ctrl Pts',(-31.5541872831783,23.6564413215985,24.4831139102741));
#9167=CARTESIAN_POINT('Ctrl Pts',(-31.5541872831783,21.4077472242204,26.2755522206412));
#9168=CARTESIAN_POINT('Ctrl Pts',(-31.5541872831784,21.412608333313,29.7258723037437));
#9169=CARTESIAN_POINT('Ctrl Pts',(-31.5541872831784,24.1104597326598,31.8851832816839));
#9170=CARTESIAN_POINT('Ctrl Pts',(-31.5541872831784,27.4794388107322,31.1118344719413));
#9171=CARTESIAN_POINT('Ctrl Pts',(-31.5541872831783,28.4772287353563,29.0351585878332));
#9172=CARTESIAN_POINT('Ctrl Pts',(-31.5541872831783,28.4765525444177,27.9977339911398));
#9173=CARTESIAN_POINT('Ctrl Pts',(-32.4878379301691,27.7821716796911,27.9981865869719));
#9174=CARTESIAN_POINT('Ctrl Pts',(-32.4878379301691,27.7816312483802,27.1690469122762));
#9175=CARTESIAN_POINT('Ctrl Pts',(-32.4878379301691,27.1796151133579,25.9287437735151));
#9176=CARTESIAN_POINT('Ctrl Pts',(-32.4878379301691,25.6373319451567,25.2004977884819));
#9177=CARTESIAN_POINT('Ctrl Pts',(-32.4878379301691,23.9267445548125,25.1880210995461));
#9178=CARTESIAN_POINT('Ctrl Pts',(-32.4878379301691,22.1289407659311,26.6211537526984));
#9179=CARTESIAN_POINT('Ctrl Pts',(-32.4878379301691,22.132425577022,29.3796684401003));
#9180=CARTESIAN_POINT('Ctrl Pts',(-32.4878379301691,24.289844165898,31.1057645804466));
#9181=CARTESIAN_POINT('Ctrl Pts',(-32.4878379301691,26.9835334401065,30.4879316038589));
#9182=CARTESIAN_POINT('Ctrl Pts',(-32.4878379301691,27.7827121110021,28.8273262616674));
#9183=CARTESIAN_POINT('Ctrl Pts',(-32.4878379301691,27.7821716796911,27.9981865869719));
#9184=CARTESIAN_POINT('Ctrl Pts',(-32.8,26.692737828707,27.9988966774214));
#9185=CARTESIAN_POINT('Ctrl Pts',(-32.8,26.6924090142807,27.4944235261159));
#9186=CARTESIAN_POINT('Ctrl Pts',(-32.8,26.3261335969335,26.7397910069193));
#9187=CARTESIAN_POINT('Ctrl Pts',(-32.8,25.3877665382527,26.2967054492741));
#9188=CARTESIAN_POINT('Ctrl Pts',(-32.8,24.3469968290855,26.2891145508362));
#9189=CARTESIAN_POINT('Ctrl Pts',(-32.8,23.253162606825,27.1610721371838));
#9190=CARTESIAN_POINT('Ctrl Pts',(-32.8,23.2552848512569,28.8394296754729));
#9191=CARTESIAN_POINT('Ctrl Pts',(-32.8,24.5679162301577,29.8896361763736));
#9192=CARTESIAN_POINT('Ctrl Pts',(-32.8,26.2068311515214,29.5137270463485));
#9193=CARTESIAN_POINT('Ctrl Pts',(-32.8,26.6930666431334,28.5033698287268));
#9194=CARTESIAN_POINT('Ctrl Pts',(-32.8,26.692737828707,27.9988966774214));
#9195=CARTESIAN_POINT('Ctrl Pts',(-32.8,26.2262448829777,27.9992007364381));
#9196=CARTESIAN_POINT('Ctrl Pts',(-32.8,26.2260066128893,27.6336423766576));
#9197=CARTESIAN_POINT('Ctrl Pts',(-32.8,25.9607783390541,27.086906793282));
#9198=CARTESIAN_POINT('Ctrl Pts',(-32.8,25.2808830041165,26.7658502543362));
#9199=CARTESIAN_POINT('Ctrl Pts',(-32.8,24.5267547735438,26.7603556170245));
#9200=CARTESIAN_POINT('Ctrl Pts',(-32.8,23.7341851485847,27.3921477861926));
#9201=CARTESIAN_POINT('Ctrl Pts',(-32.8,23.7357640647861,28.6082482934551));
#9202=CARTESIAN_POINT('Ctrl Pts',(-32.8,24.6868163603031,29.3692314964529));
#9203=CARTESIAN_POINT('Ctrl Pts',(-32.8,25.8743164661461,29.0968093727506));
#9204=CARTESIAN_POINT('Ctrl Pts',(-32.8,26.2264831530661,28.3647590962186));
#9205=CARTESIAN_POINT('Ctrl Pts',(-32.8,26.2262448829777,27.9992007364381));
#9206=CARTESIAN_POINT('',(-32.8,26.2262448829777,27.9992007364381));
#9207=CARTESIAN_POINT('',(-30.9538461538462,28.6392270075439,27.9976279603032));
#9208=CARTESIAN_POINT('Origin',(-30.3,26.2262448829777,27.9992007364381));
#9209=CARTESIAN_POINT('',(-30.9538461538462,24.9950327930598,31.6394391602693));
#9210=CARTESIAN_POINT('Ctrl Pts',(-30.9538461538462,28.6392270075439,27.9976279603032));
#9211=CARTESIAN_POINT('Ctrl Pts',(-30.9538461538462,28.6385198739583,26.9127305844086));
#9212=CARTESIAN_POINT('Ctrl Pts',(-30.9538461538462,27.8513802816107,25.2901387769921));
#9213=CARTESIAN_POINT('Ctrl Pts',(-30.9538461538461,25.8335994129155,24.3373130863824));
#9214=CARTESIAN_POINT('Ctrl Pts',(-30.9538461538461,23.595511522031,24.3210062028397));
#9215=CARTESIAN_POINT('Ctrl Pts',(-30.9538461538462,21.2433379679966,26.1960273809983));
#9216=CARTESIAN_POINT('Ctrl Pts',(-30.9538461538462,21.2480238464559,29.8051480968944));
#9217=CARTESIAN_POINT('Ctrl Pts',(-30.9538461538462,23.3646766039345,31.4987849269753));
#9218=CARTESIAN_POINT('Ctrl Pts',(-30.9538461538462,24.7231591902742,31.6412513045753));
#9219=CARTESIAN_POINT('Ctrl Pts',(-30.9538461538462,24.9950327930598,31.6394391602693));
#9220=CARTESIAN_POINT('Ctrl Pts',(-30.9538461538462,24.9950327930598,31.6394391602693));
#9221=CARTESIAN_POINT('Ctrl Pts',(-30.9538461538462,25.8117359963401,31.6339955127641));
#9222=CARTESIAN_POINT('Ctrl Pts',(-30.9538461538462,27.7252946502403,30.9837900415228));
#9223=CARTESIAN_POINT('Ctrl Pts',(-30.9538461538462,28.6399341411295,29.0825253361973));
#9224=CARTESIAN_POINT('Ctrl Pts',(-30.9538461538462,28.6392270075439,27.9976279603032));
#9225=CARTESIAN_POINT('Ctrl Pts',(-32.8,26.2262448829777,27.9992007364381));
#9226=CARTESIAN_POINT('Ctrl Pts',(-32.8,26.2264831530661,28.3647590962186));
#9227=CARTESIAN_POINT('Ctrl Pts',(-32.8,25.8743164661461,29.0968093727506));
#9228=CARTESIAN_POINT('Ctrl Pts',(-32.8,24.6868163603031,29.3692314964529));
#9229=CARTESIAN_POINT('Ctrl Pts',(-32.8,23.7357640647861,28.6082482934551));
#9230=CARTESIAN_POINT('Ctrl Pts',(-32.8,23.7341851485847,27.3921477861926));
#9231=CARTESIAN_POINT('Ctrl Pts',(-32.8,24.5267547735438,26.7603556170245));
#9232=CARTESIAN_POINT('Ctrl Pts',(-32.8,25.2808830041165,26.7658502543362));
#9233=CARTESIAN_POINT('Ctrl Pts',(-32.8,25.9607783390541,27.086906793282));
#9234=CARTESIAN_POINT('Ctrl Pts',(-32.8,26.2260066128893,27.6336423766576));
#9235=CARTESIAN_POINT('Ctrl Pts',(-32.8,26.2262448829777,27.9992007364381));
#9236=CARTESIAN_POINT('Origin',(-32.8,25.,28.));
#9237=CARTESIAN_POINT('',(-32.8,24.25,28.));
#9238=CARTESIAN_POINT('Origin',(-32.8,25.,28.));
#9239=CARTESIAN_POINT('Origin',(-32.,25.,28.));
#9240=CARTESIAN_POINT('Origin',(-32.,25.,35.5));
#9241=CARTESIAN_POINT('',(-28.,29.4732091388622,21.98));
#9242=CARTESIAN_POINT('Origin',(-28.,25.,28.));
#9243=CARTESIAN_POINT('',(-28.5358983848622,25.0000000141539,22.5));
#9244=CARTESIAN_POINT('Ctrl Pts',(-28.,29.4732091388622,21.98));
#9245=CARTESIAN_POINT('Ctrl Pts',(-28.,28.8720929142347,22.1216711585628));
#9246=CARTESIAN_POINT('Ctrl Pts',(-28.0837588025096,28.2885186174381,22.2280552091175));
#9247=CARTESIAN_POINT('Ctrl Pts',(-28.2604923270786,27.2649889767444,22.3745275228113));
#9248=CARTESIAN_POINT('Ctrl Pts',(-28.3637030158549,26.764683662404,22.4266664031513));
#9249=CARTESIAN_POINT('Ctrl Pts',(-28.4924085765989,25.877351976528,22.4839548069082));
#9250=CARTESIAN_POINT('Ctrl Pts',(-28.5292902082941,25.503136098091,22.4974791344905));
#9251=CARTESIAN_POINT('Ctrl Pts',(-28.5356299937114,25.0730008801853,22.4998977908993));
#9252=CARTESIAN_POINT('Ctrl Pts',(-28.5358983847928,25.0364600557446,22.4999999999735));
#9253=CARTESIAN_POINT('Ctrl Pts',(-28.5358983848622,25.0000000141539,22.5));
#9254=CARTESIAN_POINT('Origin',(-28.5358983848623,25.,28.));
#9255=CARTESIAN_POINT('Origin',(-28.,33.75,18.2500005122274));
#9256=CARTESIAN_POINT('',(-28.,36.6709509407915,18.6217445932789));
#9257=CARTESIAN_POINT('',(-28.,38.81693819296,14.9955133351144));
#9258=CARTESIAN_POINT('Origin',(-28.,25.,3.));
#9259=CARTESIAN_POINT('Origin',(-32.,33.1266911015626,24.6107390773245));
#9260=CARTESIAN_POINT('Origin',(-32.,33.1266911015626,24.6107390773245));
#9261=CARTESIAN_POINT('Origin',(-32.,38.81693819296,14.9955133351144));
#9262=CARTESIAN_POINT('',(-28.,44.310369900282,5.71286090949818));
#9263=CARTESIAN_POINT('Ctrl Pts',(-28.,44.3103699002822,5.71286090949699));
#9264=CARTESIAN_POINT('Ctrl Pts',(-28.,44.2432293532672,6.1907729150949));
#9265=CARTESIAN_POINT('Ctrl Pts',(-28.0128736672385,44.1577756952708,6.66989408606128));
#9266=CARTESIAN_POINT('Ctrl Pts',(-28.0749717452178,43.8310283117109,8.17114769940154));
#9267=CARTESIAN_POINT('Ctrl Pts',(-28.1476470889302,43.5224546177748,9.18585608665839));
#9268=CARTESIAN_POINT('Ctrl Pts',(-28.2568749298038,42.7536372439575,11.1335419188151));
#9269=CARTESIAN_POINT('Ctrl Pts',(-28.2919007564522,42.2932681151221,12.0665551603778));
#9270=CARTESIAN_POINT('Ctrl Pts',(-28.2919007564522,41.7815487889148,12.9312446473376));
#9271=CARTESIAN_POINT('Ctrl Pts',(-28.2919007564522,41.2698294627076,13.7959341342973));
#9272=CARTESIAN_POINT('Ctrl Pts',(-28.2568749298038,40.6735065513935,14.6484905424944));
#9273=CARTESIAN_POINT('Ctrl Pts',(-28.1476470889302,39.336168856773,16.2597286209963));
#9274=CARTESIAN_POINT('Ctrl Pts',(-28.0749717452178,38.5951830652783,17.0185374853104));
#9275=CARTESIAN_POINT('Ctrl Pts',(-28.0128736672385,37.4364424829152,18.0274212878443));
#9276=CARTESIAN_POINT('Ctrl Pts',(-28.,37.0575732234328,18.3329004333722));
#9277=CARTESIAN_POINT('Ctrl Pts',(-28.,36.6709509407906,18.6217445932796));
#9278=CARTESIAN_POINT('',(-28.,38.81693819296,14.9955133351144));
#9279=CARTESIAN_POINT('Origin',(-28.,33.75,18.2500005122274));
#9280=CARTESIAN_POINT('Origin',(-28.,25.,3.));
#9281=CARTESIAN_POINT('Origin',(-21.,39.9999994877725,25.8750007683411));
#9282=CARTESIAN_POINT('Origin',(-23.8,25.,28.));
#9283=CARTESIAN_POINT('',(-23.8,24.25,28.));
#9284=CARTESIAN_POINT('Origin',(-23.8,25.,28.));
#9285=CARTESIAN_POINT('Origin',(-25.,25.,28.));
#9286=CARTESIAN_POINT('',(-25.,24.25,28.));
#9287=CARTESIAN_POINT('Origin',(-25.,25.,28.));
#9288=CARTESIAN_POINT('',(-25.,25.,22.5));
#9289=CARTESIAN_POINT('Origin',(-25.,25.,3.));
#9290=CARTESIAN_POINT('Origin',(-25.,25.,3.));
#9291=CARTESIAN_POINT('Origin',(-39.8924507790212,14.9953949252551,3.));
#9292=CARTESIAN_POINT('',(-39.1831301200684,14.7517472230639,6.9));
#9293=CARTESIAN_POINT('',(-39.1831301200684,14.7517472230639,3.));
#9294=CARTESIAN_POINT('',(-39.142450779021,14.9953949252551,6.9));
#9295=CARTESIAN_POINT('Origin',(-39.8924507790212,14.9953949252551,6.9));
#9296=CARTESIAN_POINT('',(-39.142450779021,14.9953949252551,3.));
#9297=CARTESIAN_POINT('Origin',(-39.1424507790208,15.7453949252553,3.));
#9298=CARTESIAN_POINT('',(-39.1424507790208,15.7453949252553,6.9));
#9299=CARTESIAN_POINT('',(-39.142450779021,14.9953949252551,6.9));
#9300=CARTESIAN_POINT('',(-39.1424507790208,15.7453949252553,3.));
#9301=CARTESIAN_POINT('Origin',(-35.445265093665,11.2982092399179,3.));
#9302=CARTESIAN_POINT('',(-34.6952650936834,11.2982092399175,6.9));
#9303=CARTESIAN_POINT('',(-34.6952650936834,11.2982092399175,3.));
#9304=CARTESIAN_POINT('',(-35.445265093665,11.2982092399179,6.9));
#9305=CARTESIAN_POINT('',(-35.445265093665,11.2982092399179,6.9));
#9306=CARTESIAN_POINT('',(-35.445265093665,11.2982092399179,3.));
#9307=CARTESIAN_POINT('Origin',(-35.4452650936831,10.5482092399183,3.));
#9308=CARTESIAN_POINT('',(-35.6889127958615,11.2575298988749,6.9));
#9309=CARTESIAN_POINT('Origin',(-35.4452650936831,10.5482092399183,6.9));
#9310=CARTESIAN_POINT('',(-35.6889127958615,11.2575298988749,3.));
#9311=CARTESIAN_POINT('Origin',(-36.5822877039087,13.85837231503,3.));
#9312=CARTESIAN_POINT('Origin',(-36.5822877039087,13.85837231503,6.9));
#9313=CARTESIAN_POINT('Origin',(-37.0137763987961,13.4268836201427,6.9));
#9314=CARTESIAN_POINT('',(-34.6952650936834,13.7453949252553,6.9));
#9315=CARTESIAN_POINT('',(-34.6952650936834,13.7453949252553,6.9));
#9316=CARTESIAN_POINT('',(-36.6952650936834,15.7453949252553,6.9));
#9317=CARTESIAN_POINT('Origin',(-36.6952650936834,13.7453949252553,6.9));
#9318=CARTESIAN_POINT('',(-36.6952650936834,15.7453949252553,6.9));
#9319=CARTESIAN_POINT('',(-35.9452650936834,13.7453949252553,6.9));
#9320=CARTESIAN_POINT('Origin',(-36.6952650936834,13.7453949252553,6.9));
#9321=CARTESIAN_POINT('Origin',(-11.6924174924366,34.7396780647202,3.));
#9322=CARTESIAN_POINT('',(-8.69241749243656,34.7396780647202,6.9));
#9323=CARTESIAN_POINT('Origin',(-11.6924174924366,34.7396780647202,6.9));
#9324=CARTESIAN_POINT('',(-8.69241749243656,34.7396780647202,3.));
#9325=CARTESIAN_POINT('Origin',(-11.6924174924366,34.7396780647202,6.9));
#9326=CARTESIAN_POINT('',(-10.9424174924366,34.7396780647202,6.9));
#9327=CARTESIAN_POINT('Origin',(-11.6924174924366,34.7396780647202,6.9));
#9328=CARTESIAN_POINT('Origin',(-17.6918149799234,9.75579237432371,3.));
#9329=CARTESIAN_POINT('',(-15.6918149799234,9.75579237432372,6.9));
#9330=CARTESIAN_POINT('',(-15.6918149799234,9.75579237432372,3.));
#9331=CARTESIAN_POINT('',(-17.6918149799234,9.75579237432371,6.9));
#9332=CARTESIAN_POINT('',(-15.6918149799234,9.75579237432372,6.9));
#9333=CARTESIAN_POINT('',(-17.6918149799234,9.75579237432371,3.));
#9334=CARTESIAN_POINT('Origin',(-15.6918149799234,11.7557923743237,3.));
#9335=CARTESIAN_POINT('',(-13.8494368942585,10.9775616955004,6.9));
#9336=CARTESIAN_POINT('Origin',(-15.6918149799234,11.7557923743237,6.9));
#9337=CARTESIAN_POINT('',(-13.8494368942585,10.9775616955004,3.));
#9338=CARTESIAN_POINT('Origin',(-15.6918149799234,11.7557923743237,3.));
#9339=CARTESIAN_POINT('',(-14.9135843011001,9.91341428865883,6.9));
#9340=CARTESIAN_POINT('',(-14.9135843011001,9.91341428865883,3.));
#9341=CARTESIAN_POINT('Origin',(-15.6918149799234,11.7557923743237,6.9));
#9342=CARTESIAN_POINT('Origin',(-15.6918149799234,13.2418723470685,6.9));
#9343=CARTESIAN_POINT('',(-16.8329166772953,7.99408191246364,6.9));
#9344=CARTESIAN_POINT('',(-17.4238657874923,12.7557923743237,6.9));
#9345=CARTESIAN_POINT('',(-12.0160019140958,22.1224873634626,6.9));
#9346=CARTESIAN_POINT('',(-17.6918149799234,11.7557923743237,6.9));
#9347=CARTESIAN_POINT('Origin',(-15.6918149799234,11.7557923743237,6.9));
#9348=CARTESIAN_POINT('',(-17.6918149799234,9.75579237432371,6.9));
#9349=CARTESIAN_POINT('',(-14.9418149799234,11.7557923743237,6.9));
#9350=CARTESIAN_POINT('Origin',(-15.6918149799234,11.7557923743237,6.9));
#9351=CARTESIAN_POINT('Origin',(-7.99408191246344,16.8329166772955,0.5));
#9352=CARTESIAN_POINT('',(-16.8329166772953,7.99408191246364,0.5));
#9353=CARTESIAN_POINT('',(-16.8329166772953,7.99408191246364,0.25));
#9354=CARTESIAN_POINT('',(-7.99408191246344,16.8329166772955,0.5));
#9355=CARTESIAN_POINT('',(-7.99408191246344,16.8329166772955,0.5));
#9356=CARTESIAN_POINT('',(-7.99408191246344,16.8329166772955,0.5));
#9357=CARTESIAN_POINT('Origin',(-25.,25.,3.));
#9358=CARTESIAN_POINT('',(-34.6952650936834,8.0810214621803,0.));
#9359=CARTESIAN_POINT('',(-42.1639821985025,15.7453949252553,0.));
#9360=CARTESIAN_POINT('Origin',(-25.,25.,0.));
#9361=CARTESIAN_POINT('',(-42.1639821985025,15.7453949252553,-0.5));
#9362=CARTESIAN_POINT('',(-42.1639821985025,15.7453949252553,3.));
#9363=CARTESIAN_POINT('',(-34.6952650936834,8.0810214621803,-0.5));
#9364=CARTESIAN_POINT('Origin',(-25.,25.,-0.5));
#9365=CARTESIAN_POINT('',(-34.6952650936834,8.0810214621803,3.));
#9366=CARTESIAN_POINT('Origin',(-36.6952650936834,13.7453949252553,3.));
#9367=CARTESIAN_POINT('',(-35.9452650936834,13.7453949252553,-0.5));
#9368=CARTESIAN_POINT('Origin',(-36.6952650936834,13.7453949252553,-0.5));
#9369=CARTESIAN_POINT('',(-35.9452650936834,13.7453949252553,3.));
#9370=CARTESIAN_POINT('Origin',(-42.1639821985025,15.7453949252553,3.));
#9371=CARTESIAN_POINT('',(-36.6952650936834,15.7453949252553,-0.5));
#9372=CARTESIAN_POINT('',(-36.6952650936834,15.7453949252553,3.));
#9373=CARTESIAN_POINT('',(-36.6952650936834,15.7453949252553,-0.5));
#9374=CARTESIAN_POINT('',(-42.1639821985025,15.7453949252553,0.));
#9375=CARTESIAN_POINT('Origin',(-34.6952650936834,13.7453949252553,3.));
#9376=CARTESIAN_POINT('',(-34.6952650936834,8.0810214621803,0.));
#9377=CARTESIAN_POINT('',(-34.6952650936834,13.7453949252553,-0.5));
#9378=CARTESIAN_POINT('',(-34.6952650936834,13.7453949252553,-0.5));
#9379=CARTESIAN_POINT('',(-34.6952650936834,13.7453949252553,3.));
#9380=CARTESIAN_POINT('Origin',(-36.6952650936834,13.7453949252553,3.));
#9381=CARTESIAN_POINT('Origin',(-36.6952650936834,13.7453949252553,-0.5));
#9382=CARTESIAN_POINT('Origin',(-38.4296236460929,11.9132081937178,-0.5));
#9383=CARTESIAN_POINT('Origin',(-25.,25.,0.));
#9384=CARTESIAN_POINT('',(-42.1639821985025,34.2546050747447,0.));
#9385=CARTESIAN_POINT('Origin',(-25.,25.,0.));
#9386=CARTESIAN_POINT('',(-42.1639821985025,34.2546050747447,0.));
#9387=CARTESIAN_POINT('Origin',(-25.,25.,0.));
#9388=CARTESIAN_POINT('',(-17.6918149799234,6.92127129158888,-0.5));
#9389=CARTESIAN_POINT('',(-17.6918149799234,6.92127129158888,0.));
#9390=CARTESIAN_POINT('',(-12.5014866811842,10.0321289149263,-0.5));
#9391=CARTESIAN_POINT('Origin',(-25.,25.,-0.5));
#9392=CARTESIAN_POINT('',(-12.5014866811842,10.0321289149263,-3.));
#9393=CARTESIAN_POINT('',(-12.5014866811842,10.0321289149263,0.));
#9394=CARTESIAN_POINT('',(-23.9149857598779,5.53020944902764,-3.));
#9395=CARTESIAN_POINT('Origin',(-25.,25.,-3.));
#9396=CARTESIAN_POINT('',(-23.9149857598779,5.53020944902764,0.));
#9397=CARTESIAN_POINT('',(-23.9149857598779,5.53020944902764,0.));
#9398=CARTESIAN_POINT('Origin',(-25.,25.,0.));
#9399=CARTESIAN_POINT('Origin',(-25.,25.,3.));
#9400=CARTESIAN_POINT('',(-34.6952650936834,41.9189785378197,0.));
#9401=CARTESIAN_POINT('Origin',(-25.,25.,0.));
#9402=CARTESIAN_POINT('',(-34.6952650936834,41.9189785378197,-0.5));
#9403=CARTESIAN_POINT('',(-34.6952650936834,41.9189785378197,3.));
#9404=CARTESIAN_POINT('',(-42.1639821985025,34.2546050747447,-0.5));
#9405=CARTESIAN_POINT('Origin',(-25.,25.,-0.5));
#9406=CARTESIAN_POINT('',(-42.1639821985025,34.2546050747447,3.));
#9407=CARTESIAN_POINT('Origin',(-34.6952650936834,41.9189785378197,3.));
#9408=CARTESIAN_POINT('',(-34.6952650936834,36.2546050747447,-0.5));
#9409=CARTESIAN_POINT('',(-34.6952650936834,36.2546050747447,3.));
#9410=CARTESIAN_POINT('',(-34.6952650936834,36.2546050747447,-0.5));
#9411=CARTESIAN_POINT('',(-34.6952650936834,41.9189785378197,0.));
#9412=CARTESIAN_POINT('Origin',(-36.6952650936834,34.2546050747447,3.));
#9413=CARTESIAN_POINT('',(-36.6952650936834,34.2546050747447,-0.5));
#9414=CARTESIAN_POINT('',(-36.6952650936834,34.2546050747447,-0.5));
#9415=CARTESIAN_POINT('',(-36.6952650936834,34.2546050747447,3.));
#9416=CARTESIAN_POINT('Origin',(-36.6952650936834,36.2546050747447,3.));
#9417=CARTESIAN_POINT('Origin',(-36.6952650936834,36.2546050747447,-0.5));
#9418=CARTESIAN_POINT('Origin',(-38.4296236460929,38.0867918062822,-0.5));
#9419=CARTESIAN_POINT('Origin',(-25.,25.,0.));
#9420=CARTESIAN_POINT('',(-14.6924174924366,41.5530584137727,0.));
#9421=CARTESIAN_POINT('Origin',(-25.,25.,0.));
#9422=CARTESIAN_POINT('',(-14.6924174924366,41.5530584137727,0.));
#9423=CARTESIAN_POINT('Origin',(-25.,25.,3.));
#9424=CARTESIAN_POINT('',(-5.85344487568117,21.3041338131068,0.));
#9425=CARTESIAN_POINT('',(-5.85344487568117,21.3041338131068,-0.5));
#9426=CARTESIAN_POINT('',(-5.85344487568117,21.3041338131068,0.));
#9427=CARTESIAN_POINT('',(-14.6924174924366,41.5530584137727,-0.5));
#9428=CARTESIAN_POINT('Origin',(-25.,25.,-0.5));
#9429=CARTESIAN_POINT('',(-14.6924174924366,41.5530584137727,3.));
#9430=CARTESIAN_POINT('Origin',(-25.,25.,0.));
#9431=CARTESIAN_POINT('Origin',(-11.6924174924366,34.7396780647202,3.));
#9432=CARTESIAN_POINT('',(-10.9424174924366,34.7396780647202,-0.5));
#9433=CARTESIAN_POINT('Origin',(-11.6924174924366,34.7396780647202,-0.5));
#9434=CARTESIAN_POINT('',(-10.9424174924366,34.7396780647202,3.));
#9435=CARTESIAN_POINT('Origin',(-15.6918149799234,11.7557923743237,3.));
#9436=CARTESIAN_POINT('',(-14.9418149799234,11.7557923743237,-0.5));
#9437=CARTESIAN_POINT('Origin',(-15.6918149799234,11.7557923743237,-0.5));
#9438=CARTESIAN_POINT('',(-14.9418149799234,11.7557923743237,3.));
#9439=CARTESIAN_POINT('Origin',(-15.6918149799234,11.7557923743237,3.));
#9440=CARTESIAN_POINT('',(-17.4238657874923,12.7557923743237,-0.5));
#9441=CARTESIAN_POINT('',(-17.4238657874923,12.7557923743237,3.));
#9442=CARTESIAN_POINT('',(-17.6918149799234,11.7557923743237,-0.5));
#9443=CARTESIAN_POINT('Origin',(-15.6918149799234,11.7557923743237,-0.5));
#9444=CARTESIAN_POINT('',(-17.6918149799234,11.7557923743237,3.));
#9445=CARTESIAN_POINT('Origin',(-17.6918149799234,6.92127129158888,3.));
#9446=CARTESIAN_POINT('',(-17.6918149799234,11.7557923743237,-0.5));
#9447=CARTESIAN_POINT('Origin',(-14.6924174924366,30.2721322882223,3.));
#9448=CARTESIAN_POINT('',(-14.6924174924366,30.2721322882223,-0.5));
#9449=CARTESIAN_POINT('',(-14.6924174924366,32.5440099801861,-0.5));
#9450=CARTESIAN_POINT('',(-14.6924174924366,30.2721322882223,3.));
#9451=CARTESIAN_POINT('Origin',(-17.,25.,3.));
#9452=CARTESIAN_POINT('',(-12.0160019140958,22.1224873634626,-0.5));
#9453=CARTESIAN_POINT('Origin',(-17.,25.,-0.5));
#9454=CARTESIAN_POINT('',(-12.0160019140958,22.1224873634626,3.));
#9455=CARTESIAN_POINT('Origin',(-17.4238657874923,12.7557923743237,3.));
#9456=CARTESIAN_POINT('',(-12.0160019140958,22.1224873634626,-0.5));
#9457=CARTESIAN_POINT('Origin',(-11.5959074899617,24.2371648526808,-0.5));
#9458=CARTESIAN_POINT('',(-10.0321289149263,12.5014866811842,-0.5));
#9459=CARTESIAN_POINT('Origin',(-8.02943725152286,8.02943725152286,-0.5));
#9460=CARTESIAN_POINT('Origin',(-25.,25.,-0.5));
#9461=CARTESIAN_POINT('Origin',(-8.02943725152286,8.02943725152286,0.));
#9462=CARTESIAN_POINT('',(-12.9294372515229,8.02943725152286,-5.1));
#9463=CARTESIAN_POINT('Origin',(-8.02943725152286,8.02943725152286,-5.1));
#9464=CARTESIAN_POINT('',(-12.9294372515229,8.02943725152286,-3.));
#9465=CARTESIAN_POINT('',(-12.9294372515229,8.02943725152286,0.));
#9466=CARTESIAN_POINT('Origin',(-8.02943725152286,8.02943725152286,-3.));
#9467=CARTESIAN_POINT('',(-10.0321289149263,12.5014866811842,-3.));
#9468=CARTESIAN_POINT('',(-10.0321289149263,12.5014866811842,0.));
#9469=CARTESIAN_POINT('',(-3.23745870228728,9.0526388854475,-3.));
#9470=CARTESIAN_POINT('Origin',(-8.02943725152286,8.02943725152286,-3.));
#9471=CARTESIAN_POINT('',(-3.23745870228728,9.0526388854475,0.));
#9472=CARTESIAN_POINT('',(-3.23745870228728,9.0526388854475,0.));
#9473=CARTESIAN_POINT('',(-8.77904515891873,3.18711466983031,0.));
#9474=CARTESIAN_POINT('Origin',(-8.02943725152286,8.02943725152286,0.));
#9475=CARTESIAN_POINT('',(-8.77904515891873,3.18711466983031,-3.));
#9476=CARTESIAN_POINT('',(-8.77904515891873,3.18711466983031,0.));
#9477=CARTESIAN_POINT('Origin',(-8.02943725152286,8.02943725152286,-3.));
#9478=CARTESIAN_POINT('Origin',(-25.,25.,0.));
#9479=CARTESIAN_POINT('',(-5.85344487568117,21.3041338131068,-3.));
#9480=CARTESIAN_POINT('',(-5.85344487568117,21.3041338131068,0.));
#9481=CARTESIAN_POINT('Origin',(-25.,25.,-3.));
#9482=CARTESIAN_POINT('Origin',(-43.6923881554251,25.,7.));
#9483=CARTESIAN_POINT('',(-42.2847763108502,43.3847763108502,7.));
#9484=CARTESIAN_POINT('Origin',(-43.3847763108502,43.3847763108502,7.));
#9485=CARTESIAN_POINT('Origin',(-43.6923881554251,25.,7.));
#9486=CARTESIAN_POINT('',(-42.2847763108502,6.61522368914977,7.));
#9487=CARTESIAN_POINT('Origin',(-43.3847763108502,6.61522368914977,7.));
#9488=CARTESIAN_POINT('Origin',(-48.,7.69491347236675,3.));
#9489=CARTESIAN_POINT('',(-48.,7.69491347236675,11.));
#9490=CARTESIAN_POINT('Origin',(-45.,39.,3.));
#9491=CARTESIAN_POINT('',(-41.1458002169577,40.0701140277544,3.));
#9492=CARTESIAN_POINT('',(-41.3583227961745,37.3452531483221,3.));
#9493=CARTESIAN_POINT('Origin',(-43.2083860191273,33.2737342583896,3.));
#9494=CARTESIAN_POINT('',(-43.2083860191273,33.2737342583896,3.));
#9495=CARTESIAN_POINT('Origin',(-25.,25.,3.));
#9496=CARTESIAN_POINT('',(-43.2083860191274,16.7262657416107,3.));
#9497=CARTESIAN_POINT('Origin',(-41.3583227961746,12.6547468516778,3.));
#9498=CARTESIAN_POINT('Origin',(-43.3847763108502,43.3847763108502,3.));
#9499=CARTESIAN_POINT('Origin',(-23.2220779386444,23.1483342519361,3.));
#9500=CARTESIAN_POINT('',(-43.95,11.,3.));
#9501=CARTESIAN_POINT('Origin',(-45.,11.,3.));
#9502=CARTESIAN_POINT('Origin',(-23.2220779386444,23.1483342519361,3.));
#9503=CARTESIAN_POINT('',(-43.95,39.,3.));
#9504=CARTESIAN_POINT('Origin',(-45.,39.,3.));
#9505=CARTESIAN_POINT('Origin',(-45.,11.,3.));
#9506=CARTESIAN_POINT('',(-43.95,11.,3.));
#9507=CARTESIAN_POINT('Origin',(-45.,39.,3.));
#9508=CARTESIAN_POINT('',(-43.95,39.,3.));
#9509=CARTESIAN_POINT('Origin',(-7.82746582469565,7.82746582469589,0.5));
#9510=CARTESIAN_POINT('',(-8.13550326870389,-0.703331496127753,0.5));
#9511=CARTESIAN_POINT('',(-16.8329166772953,7.99408191246364,0.5));
#9512=CARTESIAN_POINT('',(0.703331496127958,8.13550326870409,0.5));
#9513=CARTESIAN_POINT('',(-1.50637719508,5.92579457749614,0.5));
#9514=CARTESIAN_POINT('',(-5.46373841148362,14.3025731763157,0.5));
#9515=CARTESIAN_POINT('',(-11.5794372515229,8.02943725152286,0.5));
#9516=CARTESIAN_POINT('Origin',(-8.02943725152286,8.02943725152286,0.5));
#9517=CARTESIAN_POINT('Origin',(-7.51942838068748,16.3582631455195,0.));
#9518=CARTESIAN_POINT('',(0.703331496127958,8.13550326870409,0.));
#9519=CARTESIAN_POINT('Origin',(0.703331496127958,8.13550326870409,0.));
#9520=CARTESIAN_POINT('',(-8.13550326870389,-0.703331496127753,0.));
#9521=CARTESIAN_POINT('Origin',(-8.13550326870389,-0.703331496127753,0.));
#9522=CARTESIAN_POINT('Origin',(-3.40420196415138,20.802202101716,3.));
#9523=CARTESIAN_POINT('',(-2.65420196415138,20.802202101716,10.));
#9524=CARTESIAN_POINT('Origin',(-3.40420196415138,20.802202101716,10.));
#9525=CARTESIAN_POINT('',(-2.65420196415138,20.802202101716,3.));
#9526=CARTESIAN_POINT('',(-2.65420196415138,20.802202101716,3.));
#9527=CARTESIAN_POINT('Origin',(-3.40420196415138,20.802202101716,3.));
#9528=CARTESIAN_POINT('Origin',(-6.32073888771418,19.4022143396655,3.));
#9529=CARTESIAN_POINT('',(0.828001813227719,12.2534736387236,10.));
#9530=CARTESIAN_POINT('',(-11.4826036285144,24.5640790804657,11.));
#9531=CARTESIAN_POINT('Origin',(-2.74636853724323,18.6267368193618,10.));
#9532=CARTESIAN_POINT('Origin',(-23.2220779386444,23.1483342519361,3.));
#9533=CARTESIAN_POINT('Origin',(-20.802202101716,3.40420196415138,3.));
#9534=CARTESIAN_POINT('',(-20.052202101716,3.40420196415138,3.));
#9535=CARTESIAN_POINT('',(-20.052202101716,3.40420196415138,3.));
#9536=CARTESIAN_POINT('Origin',(-20.802202101716,3.40420196415138,3.));
#9537=CARTESIAN_POINT('Origin',(-23.2220779386444,23.1483342519361,3.));
#9538=CARTESIAN_POINT('Origin',(-7.69491347236682,48.,3.));
#9539=CARTESIAN_POINT('',(-7.69491347236682,48.,11.));
#9540=CARTESIAN_POINT('Origin',(1.63856772267429,7.65652593287733,3.));
#9541=CARTESIAN_POINT('',(1.63856772267429,7.65652593287733,11.));
#9542=CARTESIAN_POINT('Origin',(-23.2220779386444,23.1483342519361,11.));
#9543=CARTESIAN_POINT('',(-43.1335136523794,0.,11.));
#9544=CARTESIAN_POINT('',(-29.400605845289,0.,11.));
#9545=CARTESIAN_POINT('',(-43.1335136523794,0.,11.));
#9546=CARTESIAN_POINT('',(-8.65644780170468,-3.65775475516438,11.));
#9547=CARTESIAN_POINT('',(-29.400605845289,0.,11.));
#9548=CARTESIAN_POINT('',(-6.01418292514425,-2.8246518396874,11.));
#9549=CARTESIAN_POINT('Origin',(-8.13550326870389,-0.703331496127753,11.));
#9550=CARTESIAN_POINT('',(2.64787514439085,5.83740622984771,11.));
#9551=CARTESIAN_POINT('',(-6.01418292514425,-2.82465183968739,11.));
#9552=CARTESIAN_POINT('',(3.50874815704917,8.56774660228957,11.));
#9553=CARTESIAN_POINT('Origin',(0.455844122715706,8.02943725152286,11.));
#9554=CARTESIAN_POINT('',(3.33066907387547E-15,28.4668462349796,11.));
#9555=CARTESIAN_POINT('',(3.33066907387547E-15,28.4668462349796,11.));
#9556=CARTESIAN_POINT('',(8.88178419700125E-15,43.1335136523794,11.));
#9557=CARTESIAN_POINT('',(8.88178419700125E-15,43.1335136523794,11.));
#9558=CARTESIAN_POINT('',(-6.8664863476206,50.,11.));
#9559=CARTESIAN_POINT('',(8.88178419700125E-15,43.1335136523794,11.));
#9560=CARTESIAN_POINT('',(-43.1335136523794,50.,11.));
#9561=CARTESIAN_POINT('',(-6.8664863476206,50.,11.));
#9562=CARTESIAN_POINT('',(-50.,43.1335136523794,11.));
#9563=CARTESIAN_POINT('',(-43.1335136523794,50.,11.));
#9564=CARTESIAN_POINT('',(-50.,6.86648634762058,11.));
#9565=CARTESIAN_POINT('',(-50.,43.1335136523794,11.));
#9566=CARTESIAN_POINT('',(-43.1335136523794,0.,11.));
#9567=CARTESIAN_POINT('Origin',(-23.2220779386444,23.1483342519361,0.));
#9568=CARTESIAN_POINT('',(-8.51522368914977,43.3847763108502,0.));
#9569=CARTESIAN_POINT('Origin',(-6.61522368914977,43.3847763108502,0.));
#9570=CARTESIAN_POINT('',(-5.51522368914977,43.3847763108502,0.));
#9571=CARTESIAN_POINT('Origin',(-6.61522368914977,43.3847763108502,0.));
#9572=CARTESIAN_POINT('Origin',(-23.2220779386444,23.1483342519361,0.));
#9573=CARTESIAN_POINT('',(-45.2847763108502,43.3847763108502,0.));
#9574=CARTESIAN_POINT('Origin',(-43.3847763108502,43.3847763108502,0.));
#9575=CARTESIAN_POINT('',(-42.2847763108502,43.3847763108502,0.));
#9576=CARTESIAN_POINT('Origin',(-43.3847763108502,43.3847763108502,0.));
#9577=CARTESIAN_POINT('Origin',(-23.2220779386444,23.1483342519361,0.));
#9578=CARTESIAN_POINT('',(-45.2847763108502,6.61522368914977,0.));
#9579=CARTESIAN_POINT('Origin',(-43.3847763108502,6.61522368914977,0.));
#9580=CARTESIAN_POINT('',(-42.2847763108502,6.61522368914977,0.));
#9581=CARTESIAN_POINT('Origin',(-43.3847763108502,6.61522368914977,0.));
#9582=CARTESIAN_POINT('Origin',(-6.61522368914977,43.3847763108502,0.));
#9583=CARTESIAN_POINT('',(-5.51522368914977,43.3847763108502,0.));
#9584=CARTESIAN_POINT('Origin',(-43.3847763108502,6.61522368914977,0.));
#9585=CARTESIAN_POINT('',(-42.2847763108502,6.61522368914977,0.));
#9586=CARTESIAN_POINT('Origin',(-43.3847763108502,43.3847763108502,0.));
#9587=CARTESIAN_POINT('',(-42.2847763108502,43.3847763108502,0.));
#9588=CARTESIAN_POINT('Origin',(-6.8664863476206,50.,0.));
#9589=CARTESIAN_POINT('',(-43.1335136523794,50.,0.));
#9590=CARTESIAN_POINT('',(-6.8664863476206,50.,0.));
#9591=CARTESIAN_POINT('',(-43.1335136523794,50.,0.));
#9592=CARTESIAN_POINT('',(-43.1335136523794,50.,0.));
#9593=CARTESIAN_POINT('',(-6.8664863476206,50.,0.));
#9594=CARTESIAN_POINT('Origin',(4.44089209850063E-15,43.1335136523794,0.));
#9595=CARTESIAN_POINT('',(9.12464548363801E-15,43.1335136523794,0.));
#9596=CARTESIAN_POINT('',(-6.8664863476206,50.,0.));
#9597=CARTESIAN_POINT('',(9.12464548363801E-15,43.1335136523794,0.));
#9598=CARTESIAN_POINT('Origin',(2.80929316698118E-15,28.4668462349796,0.));
#9599=CARTESIAN_POINT('',(2.80929316698118E-15,28.4668462349796,0.));
#9600=CARTESIAN_POINT('',(9.12464548363801E-15,43.1335136523794,0.));
#9601=CARTESIAN_POINT('',(2.80929316698118E-15,28.4668462349796,0.));
#9602=CARTESIAN_POINT('Origin',(3.50874815704917,8.56774660228957,0.));
#9603=CARTESIAN_POINT('',(3.50874815704917,8.56774660228957,0.));
#9604=CARTESIAN_POINT('',(2.80929316698118E-15,28.4668462349796,0.));
#9605=CARTESIAN_POINT('',(3.50874815704917,8.56774660228957,0.));
#9606=CARTESIAN_POINT('Origin',(0.455844122715706,8.02943725152286,0.));
#9607=CARTESIAN_POINT('',(2.64787514439086,5.83740622984771,0.));
#9608=CARTESIAN_POINT('Origin',(0.455844122715706,8.02943725152286,0.));
#9609=CARTESIAN_POINT('',(2.64787514439086,5.83740622984771,0.));
#9610=CARTESIAN_POINT('Origin',(-6.01418292514425,-2.82465183968739,0.));
#9611=CARTESIAN_POINT('',(-6.01418292514425,-2.8246518396874,0.));
#9612=CARTESIAN_POINT('',(2.64787514439086,5.83740622984771,0.));
#9613=CARTESIAN_POINT('',(-6.01418292514425,-2.8246518396874,0.));
#9614=CARTESIAN_POINT('Origin',(-8.13550326870389,-0.703331496127753,0.));
#9615=CARTESIAN_POINT('',(-8.65644780170468,-3.65775475516438,0.));
#9616=CARTESIAN_POINT('Origin',(-8.13550326870389,-0.703331496127753,0.));
#9617=CARTESIAN_POINT('',(-8.65644780170468,-3.65775475516438,0.));
#9618=CARTESIAN_POINT('Origin',(-29.400605845289,0.,0.));
#9619=CARTESIAN_POINT('',(-29.400605845289,0.,0.));
#9620=CARTESIAN_POINT('',(-8.65644780170468,-3.65775475516438,0.));
#9621=CARTESIAN_POINT('',(-29.400605845289,0.,0.));
#9622=CARTESIAN_POINT('Origin',(-43.1335136523794,0.,0.));
#9623=CARTESIAN_POINT('',(-43.1335136523794,0.,0.));
#9624=CARTESIAN_POINT('',(-43.1335136523794,0.,0.));
#9625=CARTESIAN_POINT('',(-43.1335136523794,0.,0.));
#9626=CARTESIAN_POINT('Origin',(-50.,6.86648634762058,0.));
#9627=CARTESIAN_POINT('',(-50.,6.86648634762058,0.));
#9628=CARTESIAN_POINT('',(-50.,6.86648634762058,0.));
#9629=CARTESIAN_POINT('',(-50.,6.86648634762058,0.));
#9630=CARTESIAN_POINT('Origin',(-50.,43.1335136523794,0.));
#9631=CARTESIAN_POINT('',(-50.,43.1335136523794,0.));
#9632=CARTESIAN_POINT('',(-50.,43.1335136523794,0.));
#9633=CARTESIAN_POINT('',(-50.,43.1335136523794,0.));
#9634=CARTESIAN_POINT('Origin',(-43.1335136523794,50.,0.));
#9635=CARTESIAN_POINT('',(-43.1335136523794,50.,0.));
#9636=CARTESIAN_POINT('Origin',(-23.2220779386444,23.1483342519361,0.));
#9637=CARTESIAN_POINT('',(-9.54022368914977,43.3847763108502,0.));
#9638=CARTESIAN_POINT('Origin',(-6.61522368914977,43.3847763108502,0.));
#9639=CARTESIAN_POINT('',(-46.3097763108502,43.3847763108502,0.));
#9640=CARTESIAN_POINT('Origin',(-43.3847763108502,43.3847763108502,0.));
#9641=CARTESIAN_POINT('',(-46.3097763108502,6.61522368914977,0.));
#9642=CARTESIAN_POINT('Origin',(-43.3847763108502,6.61522368914977,0.));
#9643=CARTESIAN_POINT('',(-8.77904515891873,3.18711466983031,0.));
#9644=CARTESIAN_POINT('',(-3.23745870228728,9.0526388854475,0.));
#9645=CARTESIAN_POINT('Origin',(-6.63479380860682,15.1783863492772,-3.));
#9646=CARTESIAN_POINT('',(-3.23745870228728,9.0526388854475,-3.));
#9647=CARTESIAN_POINT('Origin',(-8.77904515891873,3.18711466983031,0.));
#9648=CARTESIAN_POINT('',(-8.77904515891873,3.18711466983031,-3.));
#9649=CARTESIAN_POINT('Origin',(-5.85344487568117,21.3041338131068,0.));
#9650=CARTESIAN_POINT('Origin',(-6.63479380860682,15.1783863492772,-3.));
#9651=CARTESIAN_POINT('Origin',(-8.02943725152286,8.02943725152286,-5.45));
#9652=CARTESIAN_POINT('',(-12.2294372515229,8.02943725152286,-5.8));
#9653=CARTESIAN_POINT('Origin',(-8.02943725152286,8.02943725152286,-5.8));
#9654=CARTESIAN_POINT('',(-12.5794372515229,8.02943725152286,-5.45));
#9655=CARTESIAN_POINT('Origin',(-8.02943725152286,8.02943725152286,-5.8));
#9656=CARTESIAN_POINT('',(-11.5794372515229,8.02943725152286,-5.8));
#9657=CARTESIAN_POINT('Origin',(-8.02943725152286,8.02943725152286,-5.8));
#9658=CARTESIAN_POINT('Origin',(-8.02943725152286,8.02943725152286,0.));
#9659=CARTESIAN_POINT('',(-11.5794372515229,8.02943725152286,0.));
#9660=CARTESIAN_POINT('Origin',(-6.61522368914977,43.3847763108502,-6.35));
#9661=CARTESIAN_POINT('',(-8.84022368914977,43.3847763108502,-6.7));
#9662=CARTESIAN_POINT('Origin',(-6.61522368914977,43.3847763108502,-6.7));
#9663=CARTESIAN_POINT('',(-9.54022368914977,43.3847763108502,-6.));
#9664=CARTESIAN_POINT('',(-9.19022368914977,43.3847763108502,-6.35));
#9665=CARTESIAN_POINT('Origin',(-6.61522368914977,43.3847763108502,-6.));
#9666=CARTESIAN_POINT('Origin',(-6.61522368914977,43.3847763108502,0.));
#9667=CARTESIAN_POINT('',(-9.54022368914977,43.3847763108502,0.));
#9668=CARTESIAN_POINT('Origin',(-6.61522368914977,43.3847763108502,-6.7));
#9669=CARTESIAN_POINT('',(-8.51522368914977,43.3847763108502,-6.7));
#9670=CARTESIAN_POINT('Origin',(-6.61522368914977,43.3847763108502,-6.7));
#9671=CARTESIAN_POINT('Origin',(-6.61522368914977,43.3847763108502,0.));
#9672=CARTESIAN_POINT('',(-8.51522368914977,43.3847763108502,0.));
#9673=CARTESIAN_POINT('Origin',(-43.3847763108502,43.3847763108502,-6.35));
#9674=CARTESIAN_POINT('',(-45.6097763108502,43.3847763108502,-6.7));
#9675=CARTESIAN_POINT('Origin',(-43.3847763108502,43.3847763108502,-6.7));
#9676=CARTESIAN_POINT('',(-46.3097763108502,43.3847763108502,-6.));
#9677=CARTESIAN_POINT('',(-45.9597763108502,43.3847763108502,-6.35));
#9678=CARTESIAN_POINT('Origin',(-43.3847763108502,43.3847763108502,-6.));
#9679=CARTESIAN_POINT('Origin',(-43.3847763108502,43.3847763108502,0.));
#9680=CARTESIAN_POINT('',(-46.3097763108502,43.3847763108502,0.));
#9681=CARTESIAN_POINT('Origin',(-43.3847763108502,43.3847763108502,-6.7));
#9682=CARTESIAN_POINT('',(-45.2847763108502,43.3847763108502,-6.7));
#9683=CARTESIAN_POINT('Origin',(-43.3847763108502,43.3847763108502,-6.7));
#9684=CARTESIAN_POINT('Origin',(-43.3847763108502,43.3847763108502,0.));
#9685=CARTESIAN_POINT('',(-45.2847763108502,43.3847763108502,0.));
#9686=CARTESIAN_POINT('Origin',(-43.3847763108502,6.61522368914977,-6.35));
#9687=CARTESIAN_POINT('',(-45.6097763108502,6.61522368914977,-6.7));
#9688=CARTESIAN_POINT('Origin',(-43.3847763108502,6.61522368914977,-6.7));
#9689=CARTESIAN_POINT('',(-46.3097763108502,6.61522368914977,-6.));
#9690=CARTESIAN_POINT('',(-45.9597763108502,6.61522368914977,-6.35));
#9691=CARTESIAN_POINT('Origin',(-43.3847763108502,6.61522368914977,-6.));
#9692=CARTESIAN_POINT('Origin',(-43.3847763108502,6.61522368914977,0.));
#9693=CARTESIAN_POINT('',(-46.3097763108502,6.61522368914977,0.));
#9694=CARTESIAN_POINT('Origin',(-43.3847763108502,6.61522368914977,-6.7));
#9695=CARTESIAN_POINT('',(-45.2847763108502,6.61522368914977,-6.7));
#9696=CARTESIAN_POINT('Origin',(-43.3847763108502,6.61522368914977,-6.7));
#9697=CARTESIAN_POINT('Origin',(-43.3847763108502,6.61522368914977,0.));
#9698=CARTESIAN_POINT('',(-45.2847763108502,6.61522368914977,0.));
#9699=CARTESIAN_POINT('Origin',(-13.5,33.0110000000001,46.));
#9700=CARTESIAN_POINT('',(-11.5,32.2610000000001,46.));
#9701=CARTESIAN_POINT('Origin',(-11.5,33.0110000000001,46.));
#9702=CARTESIAN_POINT('',(-13.5,32.2610000000001,46.));
#9703=CARTESIAN_POINT('Origin',(-11.5,33.0110000000001,46.));
#9704=CARTESIAN_POINT('Origin',(-13.5,33.0110000000001,14.));
#9705=CARTESIAN_POINT('',(-11.5,32.2610000000001,14.));
#9706=CARTESIAN_POINT('Origin',(-11.5,33.0110000000001,14.));
#9707=CARTESIAN_POINT('',(-13.5,32.2610000000001,14.));
#9708=CARTESIAN_POINT('Origin',(-11.5,33.0110000000001,14.));
#9709=UNCERTAINTY_MEASURE_WITH_UNIT(LENGTH_MEASURE(0.01),#9713,
'DISTANCE_ACCURACY_VALUE',
'Maximum model space distance between geometric entities at asserted c
onnectivities');
#9710=UNCERTAINTY_MEASURE_WITH_UNIT(LENGTH_MEASURE(0.01),#9713,
'DISTANCE_ACCURACY_VALUE',
'Maximum model space distance between geometric entities at asserted c
onnectivities');
#9711=(
GEOMETRIC_REPRESENTATION_CONTEXT(3)
GLOBAL_UNCERTAINTY_ASSIGNED_CONTEXT((#9709))
GLOBAL_UNIT_ASSIGNED_CONTEXT((#9713,#9715,#9716))
REPRESENTATION_CONTEXT('','3D')
);
#9712=(
GEOMETRIC_REPRESENTATION_CONTEXT(3)
GLOBAL_UNCERTAINTY_ASSIGNED_CONTEXT((#9710))
GLOBAL_UNIT_ASSIGNED_CONTEXT((#9713,#9715,#9716))
REPRESENTATION_CONTEXT('','3D')
);
#9713=(
LENGTH_UNIT()
NAMED_UNIT(*)
SI_UNIT(.MILLI.,.METRE.)
);
#9714=(
LENGTH_UNIT()
NAMED_UNIT(*)
SI_UNIT($,.METRE.)
);
#9715=(
NAMED_UNIT(*)
PLANE_ANGLE_UNIT()
SI_UNIT($,.RADIAN.)
);
#9716=(
NAMED_UNIT(*)
SI_UNIT($,.STERADIAN.)
SOLID_ANGLE_UNIT()
);
#9717=SHAPE_DEFINITION_REPRESENTATION(#9718,#9719);
#9718=PRODUCT_DEFINITION_SHAPE('',$,#9721);
#9719=SHAPE_REPRESENTATION('',(#4934),#9711);
#9720=PRODUCT_DEFINITION_CONTEXT('part definition',#9725,'design');
#9721=PRODUCT_DEFINITION('Montagerahmen','Montagerahmen v64',#9722,#9720);
#9722=PRODUCT_DEFINITION_FORMATION('',$,#9727);
#9723=PRODUCT_RELATED_PRODUCT_CATEGORY('Montagerahmen v64',
'Montagerahmen v64',(#9727));
#9724=APPLICATION_PROTOCOL_DEFINITION('international standard',
'automotive_design',2009,#9725);
#9725=APPLICATION_CONTEXT(
'Core Data for Automotive Mechanical Design Process');
#9726=PRODUCT_CONTEXT('part definition',#9725,'mechanical');
#9727=PRODUCT('Montagerahmen','Montagerahmen v64',$,(#9726));
#9728=PRESENTATION_STYLE_ASSIGNMENT((#9729));
#9729=SURFACE_STYLE_USAGE(.BOTH.,#9730);
#9730=SURFACE_SIDE_STYLE('',(#9731));
#9731=SURFACE_STYLE_FILL_AREA(#9732);
#9732=FILL_AREA_STYLE('Stahl - satiniert',(#9733));
#9733=FILL_AREA_STYLE_COLOUR('Stahl - satiniert',#9734);
#9734=COLOUR_RGB('Stahl - satiniert',0.627450980392157,0.627450980392157,
0.627450980392157);
ENDSEC;
END-ISO-10303-21;
